customer_id,first_name,last_name,email,phone,city,state,signup_date,customer_segment
1,Amit,Smith,amit.smith1@mail.com,9794972902,Kochi,Kerala,2023-08-29,Regular
2,Kiara,Chatterjee,kiara.chatterjee2@mail.com,9816065251,Bengaluru,Karnataka,2025-03-03,Premium
3,Sophia,Smith,sophia.smith3@mail.com,9839965938,Delhi,Delhi,2024-09-07,New
4,Krishna,Roy,krishna.roy4@mail.com,9225494759,Chennai,Tamil Nadu,2022-02-20,Regular
5,Myra,Anderson,myra.anderson5@mail.com,9483748402,Delhi,Delhi,2023-10-31,Regular
6,Saanvi,Chatterjee,saanvi.chatterjee6@mail.com,9665254032,Hyderabad,Telangana,2023-07-24,Regular
7,Sai,Roy,sai.roy7@mail.com,9578306974,Chandigarh,Punjab,2025-10-07,New
8,Amit,Brown,amit.brown8@mail.com,9308789137,Ahmedabad,Gujarat,2023-10-13,Premium
9,Amit,Verma,amit.verma9@mail.com,9815934958,Pune,Maharashtra,2024-03-25,Regular
10,Olivia,Johnson,olivia.johnson10@mail.com,9514585268,Pune,Maharashtra,2022-01-25,Regular
11,John,Kapoor,john.kapoor11@mail.com,9578433629,Nagpur,Maharashtra,2025-02-22,Regular
12,Sophia,Taylor,sophia.taylor12@mail.com,9962950738,Ahmedabad,Gujarat,2023-08-15,Regular
13,Olivia,Taylor,olivia.taylor13@mail.com,9249859658,Nagpur,Maharashtra,2025-04-17,Premium
14,Ishaan,Singh,ishaan.singh14@mail.com,9425591954,Ahmedabad,Gujarat,2024-12-11,New
15,Arjun,Chatterjee,arjun.chatterjee15@mail.com,9911871283,Kolkata,West Bengal,2022-07-01,Regular
16,Ira,Taylor,ira.taylor16@mail.com,9287789943,Jaipur,Rajasthan,2024-08-04,Premium
17,Krishna,Singh,krishna.singh17@mail.com,9299722870,Nagpur,Maharashtra,2024-02-21,Regular
18,Priya,Verma,priya.verma18@mail.com,9983473934,Nagpur,Maharashtra,2023-09-11,New
19,Pari,Kumar,pari.kumar19@mail.com,9700523461,Kochi,Kerala,2024-08-07,Regular
20,Aarav,Nair,aarav.nair20@mail.com,9382047307,Chennai,Tamil Nadu,2025-08-04,New
21,Rahul,Iyer,rahul.iyer21@mail.com,9802026333,Chandigarh,Punjab,2023-08-13,Regular
22,Priya,Patel,priya.patel22@mail.com,9130539998,Delhi,Delhi,2023-07-22,Regular
23,Arjun,Malhotra,arjun.malhotra23@mail.com,9900544937,Pune,Maharashtra,2025-04-05,Regular
24,Olivia,Mehta,olivia.mehta24@mail.com,9774305616,Chandigarh,Punjab,2024-09-01,New
25,Ayaan,Johnson,ayaan.johnson25@mail.com,9650320457,Kochi,Kerala,2025-03-24,Regular
26,Riya,Reddy,riya.reddy26@mail.com,9724546761,Mumbai,Maharashtra,2022-10-27,Regular
27,Krishna,Johnson,krishna.johnson27@mail.com,9275351550,Mumbai,Maharashtra,2023-07-13,Regular
28,John,Verma,john.verma28@mail.com,9411230727,Chennai,Tamil Nadu,2024-12-20,Premium
29,Arjun,Das,arjun.das29@mail.com,9308107088,Indore,Madhya Pradesh,2025-07-10,Regular
30,Reyansh,Malhotra,reyansh.malhotra30@mail.com,9908128706,Bengaluru,Karnataka,2025-01-18,Regular
31,James,Kapoor,james.kapoor31@mail.com,9391476850,Chandigarh,Punjab,2025-11-30,Premium
32,Reyansh,Roy,reyansh.roy32@mail.com,9722820339,Pune,Maharashtra,2022-10-22,Regular
33,Neha,Kapoor,neha.kapoor33@mail.com,9500520940,Indore,Madhya Pradesh,2024-09-20,Regular
34,Ananya,Iyer,ananya.iyer34@mail.com,9333942807,Bengaluru,Karnataka,2024-10-27,Regular
35,Saanvi,Roy,saanvi.roy35@mail.com,9758663681,Kochi,Kerala,2024-12-12,New
36,Pooja,Iyer,pooja.iyer36@mail.com,9548122132,Ahmedabad,Gujarat,2022-06-06,Regular
37,Krishna,Sharma,krishna.sharma37@mail.com,9614878782,Pune,Maharashtra,2023-10-01,Premium
38,Krishna,Anderson,krishna.anderson38@mail.com,9741720343,Jaipur,Rajasthan,2023-12-02,Regular
39,Pari,Sharma,pari.sharma39@mail.com,9899358066,Nagpur,Maharashtra,2022-08-31,Regular
40,Ishaan,Patel,ishaan.patel40@mail.com,9430098648,Bengaluru,Karnataka,2023-03-06,Regular
41,Sai,Taylor,sai.taylor41@mail.com,9841760327,Indore,Madhya Pradesh,2022-08-17,Regular
42,Rahul,Taylor,rahul.taylor42@mail.com,9145652216,Hyderabad,Telangana,2022-08-09,Regular
43,Amit,Chatterjee,amit.chatterjee43@mail.com,9163635565,Ahmedabad,Gujarat,2022-09-01,New
44,Aditya,Gupta,aditya.gupta44@mail.com,9423889716,Chandigarh,Punjab,2022-01-22,Premium
45,Ayaan,Malhotra,ayaan.malhotra45@mail.com,9320547840,Lucknow,Uttar Pradesh,2023-02-14,Regular
46,John,Sharma,john.sharma46@mail.com,9197473548,Bengaluru,Karnataka,2023-07-23,New
47,John,Johnson,john.johnson47@mail.com,9272397121,Nagpur,Maharashtra,2024-10-22,Premium
48,Divya,Patel,divya.patel48@mail.com,9642142157,Lucknow,Uttar Pradesh,2022-05-20,Regular
49,Sneha,Sharma,sneha.sharma49@mail.com,9667836278,Hyderabad,Telangana,2023-01-28,New
50,Ananya,Roy,ananya.roy50@mail.com,9104648146,Kochi,Kerala,2022-07-22,New
51,Amit,Kumar,amit.kumar51@mail.com,9493486679,Kochi,Kerala,2025-04-22,Regular
52,Reyansh,Reddy,reyansh.reddy52@mail.com,9996297562,Pune,Maharashtra,2024-02-17,Regular
53,Amit,Patel,amit.patel53@mail.com,9537633515,Delhi,Delhi,2023-10-06,Regular
54,Ayaan,Das,ayaan.das54@mail.com,9245934792,Ahmedabad,Gujarat,2024-01-10,Premium
55,Pooja,Verma,pooja.verma55@mail.com,9188313058,Pune,Maharashtra,2024-10-08,Regular
56,Kiara,Anderson,kiara.anderson56@mail.com,9744663324,Kochi,Kerala,2023-10-01,Premium
57,Sophia,Patel,sophia.patel57@mail.com,9694762662,Kolkata,West Bengal,2023-08-19,New
58,Olivia,Singh,olivia.singh58@mail.com,9174742261,Surat,Gujarat,2024-09-01,New
59,Michael,Reddy,michael.reddy59@mail.com,9113728694,Chandigarh,Punjab,2024-10-03,Premium
60,William,Anderson,william.anderson60@mail.com,9661204449,Chandigarh,Punjab,2025-10-17,Regular
61,Ishaan,Brown,ishaan.brown61@mail.com,9530167052,Kochi,Kerala,2025-04-24,New
62,Ananya,Gupta,ananya.gupta62@mail.com,9490530625,Hyderabad,Telangana,2023-11-25,Regular
63,William,Iyer,william.iyer63@mail.com,9350041868,Nagpur,Maharashtra,2024-05-19,Premium
64,Ira,Chatterjee,ira.chatterjee64@mail.com,9737426805,Chennai,Tamil Nadu,2025-08-11,New
65,John,Kumar,john.kumar65@mail.com,9815838988,Lucknow,Uttar Pradesh,2024-04-08,New
66,Amit,Mehta,amit.mehta66@mail.com,9258241728,Indore,Madhya Pradesh,2024-07-20,Regular
67,Riya,Kumar,riya.kumar67@mail.com,9633943662,Hyderabad,Telangana,2025-07-10,New
68,Vivaan,Iyer,vivaan.iyer68@mail.com,9892204952,Mumbai,Maharashtra,2022-05-20,Regular
69,Vivaan,Reddy,vivaan.reddy69@mail.com,9510849034,Lucknow,Uttar Pradesh,2025-10-23,Regular
70,Pari,Malhotra,pari.malhotra70@mail.com,9769190932,Delhi,Delhi,2022-06-06,Premium
71,Neha,Kumar,neha.kumar71@mail.com,9951188873,Ahmedabad,Gujarat,2023-02-18,Regular
72,Priya,Kumar,priya.kumar72@mail.com,9642019241,Chennai,Tamil Nadu,2025-01-15,Regular
73,Vikram,Roy,vikram.roy73@mail.com,9118973435,Indore,Madhya Pradesh,2022-03-06,New
74,Ayaan,Brown,ayaan.brown74@mail.com,9583307859,Pune,Maharashtra,2024-02-10,Regular
75,Aditya,Verma,aditya.verma75@mail.com,9289911827,Jaipur,Rajasthan,2025-09-12,New
76,Pari,Reddy,pari.reddy76@mail.com,9627722211,Kolkata,West Bengal,2022-10-03,Regular
77,David,Kumar,david.kumar77@mail.com,9920350718,Delhi,Delhi,2025-03-11,Premium
78,Pooja,Roy,pooja.roy78@mail.com,9714406057,Ahmedabad,Gujarat,2024-09-01,Premium
79,Ananya,Das,ananya.das79@mail.com,9159847287,Kolkata,West Bengal,2023-06-24,Regular
80,David,Malhotra,david.malhotra80@mail.com,9826373230,Pune,Maharashtra,2023-08-06,Regular
81,Vivaan,Chatterjee,vivaan.chatterjee81@mail.com,9148445575,Bengaluru,Karnataka,2024-01-21,Regular
82,Sneha,Sharma,sneha.sharma82@mail.com,9921620818,Surat,Gujarat,2025-07-04,Regular
83,Reyansh,Taylor,reyansh.taylor83@mail.com,9470594501,Pune,Maharashtra,2024-04-23,Regular
84,Anika,Patel,anika.patel84@mail.com,9351923547,Chandigarh,Punjab,2023-10-02,Premium
85,Arjun,Kapoor,arjun.kapoor85@mail.com,9222912620,Pune,Maharashtra,2022-12-14,Regular
86,James,Verma,james.verma86@mail.com,9594897685,Chandigarh,Punjab,2024-05-15,Premium
87,Emma,Mehta,emma.mehta87@mail.com,9121906773,Kochi,Kerala,2024-08-19,Premium
88,James,Brown,james.brown88@mail.com,9712412455,Kolkata,West Bengal,2023-10-23,Premium
89,Priya,Iyer,priya.iyer89@mail.com,9841809534,Chandigarh,Punjab,2023-02-26,Regular
90,Amit,Smith,amit.smith90@mail.com,9278914614,Lucknow,Uttar Pradesh,2023-09-06,Regular
91,Olivia,Singh,olivia.singh91@mail.com,9633597839,Chandigarh,Punjab,2022-06-04,New
92,Vikram,Singh,vikram.singh92@mail.com,9408545686,Chennai,Tamil Nadu,2022-04-08,Regular
93,Rohan,Brown,rohan.brown93@mail.com,9963935915,Hyderabad,Telangana,2025-07-03,Premium
94,Sai,Chatterjee,sai.chatterjee94@mail.com,9201719440,Lucknow,Uttar Pradesh,2023-11-21,Regular
95,Rohan,Das,rohan.das95@mail.com,9610315526,Kolkata,West Bengal,2023-03-06,Regular
96,Arjun,Kapoor,arjun.kapoor96@mail.com,9641852570,Indore,Madhya Pradesh,2023-09-07,Regular
97,Vikram,Smith,vikram.smith97@mail.com,9314831026,Kolkata,West Bengal,2024-04-03,Regular
98,Amit,Anderson,amit.anderson98@mail.com,9821082322,Indore,Madhya Pradesh,2025-01-26,Regular
99,Vivaan,Das,vivaan.das99@mail.com,9300294656,Lucknow,Uttar Pradesh,2024-10-19,Regular
100,Isabella,Mehta,isabella.mehta100@mail.com,9784968212,Jaipur,Rajasthan,2025-06-12,New
101,Olivia,Chatterjee,olivia.chatterjee101@mail.com,9880196990,Chandigarh,Punjab,2022-05-03,Regular
102,Michael,Anderson,michael.anderson102@mail.com,9258638580,Hyderabad,Telangana,2022-11-05,Premium
103,Pari,Taylor,pari.taylor103@mail.com,9540513606,Pune,Maharashtra,2022-05-12,Premium
104,Emma,Mehta,emma.mehta104@mail.com,9984452639,Chennai,Tamil Nadu,2025-08-16,Regular
105,Karan,Patel,karan.patel105@mail.com,9535795238,Hyderabad,Telangana,2022-08-21,Regular
106,Vivaan,Patel,vivaan.patel106@mail.com,9955820291,Nagpur,Maharashtra,2023-09-28,Regular
107,Pooja,Taylor,pooja.taylor107@mail.com,9553139585,Chandigarh,Punjab,2022-03-17,Regular
108,Ira,Nair,ira.nair108@mail.com,9131290846,Chennai,Tamil Nadu,2023-07-23,Premium
109,Diya,Verma,diya.verma109@mail.com,9875750551,Ahmedabad,Gujarat,2022-02-10,Regular
110,Sai,Smith,sai.smith110@mail.com,9745962806,Chennai,Tamil Nadu,2022-05-11,New
111,Emma,Johnson,emma.johnson111@mail.com,9821202394,Chandigarh,Punjab,2022-07-04,Regular
112,Krishna,Patel,krishna.patel112@mail.com,9220186460,Lucknow,Uttar Pradesh,2024-10-21,New
113,Neha,Chatterjee,neha.chatterjee113@mail.com,9932274313,Surat,Gujarat,2024-12-11,Regular
114,Sai,Patel,sai.patel114@mail.com,9744053238,Delhi,Delhi,2023-10-04,Regular
115,Sneha,Brown,sneha.brown115@mail.com,9965265838,Kochi,Kerala,2023-04-29,New
116,Aadhya,Nair,aadhya.nair116@mail.com,9214690674,Bengaluru,Karnataka,2023-03-15,New
117,Sophia,Taylor,sophia.taylor117@mail.com,9373058902,Nagpur,Maharashtra,2025-04-22,Regular
118,Vikram,Johnson,vikram.johnson118@mail.com,9851208813,Delhi,Delhi,2023-10-11,Regular
119,Rahul,Patel,rahul.patel119@mail.com,9398214359,Surat,Gujarat,2022-10-24,Regular
120,Michael,Kapoor,michael.kapoor120@mail.com,9122628256,Chandigarh,Punjab,2025-05-25,Regular
121,Vihaan,Patel,vihaan.patel121@mail.com,9371638319,Jaipur,Rajasthan,2024-02-27,Regular
122,Michael,Iyer,michael.iyer122@mail.com,9674355978,Nagpur,Maharashtra,2023-04-30,New
123,David,Sharma,david.sharma123@mail.com,9521954302,Surat,Gujarat,2023-06-08,Regular
124,Anika,Kapoor,anika.kapoor124@mail.com,9325900773,Nagpur,Maharashtra,2022-11-25,New
125,James,Taylor,james.taylor125@mail.com,9947523110,Mumbai,Maharashtra,2023-07-16,New
126,Priya,Kumar,priya.kumar126@mail.com,9891285408,Kolkata,West Bengal,2023-11-13,Premium
127,Reyansh,Reddy,reyansh.reddy127@mail.com,9849989538,Chennai,Tamil Nadu,2024-11-02,Regular
128,Emma,Malhotra,emma.malhotra128@mail.com,9883006462,Nagpur,Maharashtra,2025-01-26,Premium
129,Isabella,Sharma,isabella.sharma129@mail.com,9918164904,Mumbai,Maharashtra,2025-08-06,Premium
130,Sophia,Nair,sophia.nair130@mail.com,9103302620,Kolkata,West Bengal,2023-02-14,Premium
131,James,Chatterjee,james.chatterjee131@mail.com,9188295994,Delhi,Delhi,2022-11-20,Regular
132,Krishna,Malhotra,krishna.malhotra132@mail.com,9836322083,Kolkata,West Bengal,2023-10-17,Regular
133,Krishna,Mehta,krishna.mehta133@mail.com,9286271681,Chandigarh,Punjab,2025-04-29,New
134,Kiara,Singh,kiara.singh134@mail.com,9190622682,Kolkata,West Bengal,2024-01-23,Regular
135,David,Chatterjee,david.chatterjee135@mail.com,9341041227,Mumbai,Maharashtra,2022-02-17,New
136,Divya,Patel,divya.patel136@mail.com,9195537862,Ahmedabad,Gujarat,2023-02-11,Regular
137,Ananya,Verma,ananya.verma137@mail.com,9530607955,Lucknow,Uttar Pradesh,2024-05-28,Premium
138,Ishaan,Gupta,ishaan.gupta138@mail.com,9495051256,Bengaluru,Karnataka,2025-03-07,Regular
139,Neha,Taylor,neha.taylor139@mail.com,9930388241,Surat,Gujarat,2024-07-18,New
140,Priya,Iyer,priya.iyer140@mail.com,9341037805,Kochi,Kerala,2023-02-21,Regular
141,Ira,Kapoor,ira.kapoor141@mail.com,9901487098,Ahmedabad,Gujarat,2024-02-22,Regular
142,Aadhya,Malhotra,aadhya.malhotra142@mail.com,9331462865,Nagpur,Maharashtra,2023-08-03,Premium
143,Saanvi,Taylor,saanvi.taylor143@mail.com,9293670676,Kolkata,West Bengal,2022-10-26,Regular
144,Riya,Patel,riya.patel144@mail.com,9763229105,Ahmedabad,Gujarat,2023-05-24,Regular
145,Isabella,Gupta,isabella.gupta145@mail.com,9111081272,Ahmedabad,Gujarat,2022-09-30,New
146,William,Singh,william.singh146@mail.com,9865938642,Kolkata,West Bengal,2025-12-21,Regular
147,Karan,Mehta,karan.mehta147@mail.com,9178442874,Delhi,Delhi,2025-02-14,Regular
148,Robert,Patel,robert.patel148@mail.com,9605659835,Surat,Gujarat,2023-12-27,New
149,Karan,Verma,karan.verma149@mail.com,9105756315,Chennai,Tamil Nadu,2024-10-30,Premium
150,Pari,Brown,pari.brown150@mail.com,9820762108,Pune,Maharashtra,2022-09-28,New
151,Pooja,Verma,pooja.verma151@mail.com,9723293073,Bengaluru,Karnataka,2023-06-18,Regular
152,Priya,Smith,priya.smith152@mail.com,9602602298,Bengaluru,Karnataka,2022-07-03,Regular
153,Neha,Taylor,neha.taylor153@mail.com,9252252010,Chennai,Tamil Nadu,2022-08-28,Regular
154,Krishna,Kumar,krishna.kumar154@mail.com,9996364012,Chennai,Tamil Nadu,2024-01-09,New
155,Kiara,Mehta,kiara.mehta155@mail.com,9758130257,Nagpur,Maharashtra,2023-06-25,Regular
156,Olivia,Reddy,olivia.reddy156@mail.com,9438811626,Kochi,Kerala,2024-10-03,Premium
157,Ishaan,Roy,ishaan.roy157@mail.com,9805898786,Chandigarh,Punjab,2024-06-20,Regular
158,Ishaan,Verma,ishaan.verma158@mail.com,9346810881,Bengaluru,Karnataka,2022-03-15,Regular
159,Ananya,Anderson,ananya.anderson159@mail.com,9568613005,Delhi,Delhi,2024-10-10,Regular
160,John,Roy,john.roy160@mail.com,9620979010,Ahmedabad,Gujarat,2024-10-06,Regular
161,Ishaan,Iyer,ishaan.iyer161@mail.com,9475384764,Delhi,Delhi,2023-02-22,New
162,Diya,Reddy,diya.reddy162@mail.com,9905238350,Jaipur,Rajasthan,2023-07-13,Premium
163,Sneha,Singh,sneha.singh163@mail.com,9726579237,Mumbai,Maharashtra,2024-12-13,Premium
164,Diya,Taylor,diya.taylor164@mail.com,9182501451,Hyderabad,Telangana,2024-10-17,Premium
165,Robert,Sharma,robert.sharma165@mail.com,9405244667,Chandigarh,Punjab,2025-10-25,Regular
166,Michael,Chatterjee,michael.chatterjee166@mail.com,9213891709,Nagpur,Maharashtra,2023-10-25,Regular
167,Sai,Anderson,sai.anderson167@mail.com,9991956502,Kochi,Kerala,2025-09-12,Regular
168,Ira,Malhotra,ira.malhotra168@mail.com,9806528895,Mumbai,Maharashtra,2023-11-06,New
169,Divya,Anderson,divya.anderson169@mail.com,9448875327,Kochi,Kerala,2025-03-11,Regular
170,Vihaan,Kapoor,vihaan.kapoor170@mail.com,9447002051,Indore,Madhya Pradesh,2022-04-24,Premium
171,Pooja,Malhotra,pooja.malhotra171@mail.com,9509515396,Delhi,Delhi,2024-03-27,Regular
172,Anika,Brown,anika.brown172@mail.com,9195765217,Mumbai,Maharashtra,2023-03-03,Regular
173,William,Kapoor,william.kapoor173@mail.com,9794891350,Indore,Madhya Pradesh,2025-09-01,Regular
174,Pari,Kumar,pari.kumar174@mail.com,9960175026,Kolkata,West Bengal,2023-09-28,New
175,Karan,Nair,karan.nair175@mail.com,9485520835,Chandigarh,Punjab,2022-07-16,New
176,Amit,Singh,amit.singh176@mail.com,9625728730,Ahmedabad,Gujarat,2024-03-05,Regular
177,Rohan,Malhotra,rohan.malhotra177@mail.com,9554268579,Delhi,Delhi,2024-05-15,New
178,Divya,Reddy,divya.reddy178@mail.com,9566117682,Chandigarh,Punjab,2024-05-22,Regular
179,Amit,Smith,amit.smith179@mail.com,9597706044,Chandigarh,Punjab,2023-04-05,Premium
180,Ishaan,Kumar,ishaan.kumar180@mail.com,9666161206,Chandigarh,Punjab,2025-08-18,Regular
181,Kiara,Anderson,kiara.anderson181@mail.com,9569606919,Delhi,Delhi,2024-09-05,Regular
182,Krishna,Kapoor,krishna.kapoor182@mail.com,9366989670,Jaipur,Rajasthan,2024-05-25,Regular
183,Vihaan,Roy,vihaan.roy183@mail.com,9182176167,Surat,Gujarat,2022-04-03,Regular
184,Amit,Taylor,amit.taylor184@mail.com,9543476209,Delhi,Delhi,2024-08-09,Premium
185,Rohan,Mehta,rohan.mehta185@mail.com,9481669733,Chennai,Tamil Nadu,2025-04-14,Regular
186,Amit,Sharma,amit.sharma186@mail.com,9222337296,Kochi,Kerala,2025-09-16,Regular
187,Diya,Brown,diya.brown187@mail.com,9148596177,Delhi,Delhi,2024-05-02,New
188,Pari,Smith,pari.smith188@mail.com,9730510203,Kochi,Kerala,2024-07-20,Premium
189,Sophia,Malhotra,sophia.malhotra189@mail.com,9967405227,Chennai,Tamil Nadu,2023-12-01,New
190,Diya,Singh,diya.singh190@mail.com,9298736077,Delhi,Delhi,2025-05-22,Regular
191,Reyansh,Taylor,reyansh.taylor191@mail.com,9673781871,Mumbai,Maharashtra,2022-01-12,Regular
192,Aarav,Reddy,aarav.reddy192@mail.com,9804160934,Ahmedabad,Gujarat,2024-07-31,Premium
193,Karan,Kumar,karan.kumar193@mail.com,9425129005,Lucknow,Uttar Pradesh,2025-06-17,Regular
194,William,Kapoor,william.kapoor194@mail.com,9194097510,Bengaluru,Karnataka,2022-10-04,Regular
195,Ayaan,Sharma,ayaan.sharma195@mail.com,9847359140,Hyderabad,Telangana,2022-02-24,Regular
196,Ishaan,Patel,ishaan.patel196@mail.com,9567924311,Nagpur,Maharashtra,2025-07-06,New
197,Vikram,Singh,vikram.singh197@mail.com,9192442244,Chennai,Tamil Nadu,2024-08-07,Regular
198,Olivia,Sharma,olivia.sharma198@mail.com,9225046707,Bengaluru,Karnataka,2022-11-09,Premium
199,Sophia,Kumar,sophia.kumar199@mail.com,9606257674,Mumbai,Maharashtra,2024-07-09,Premium
200,Saanvi,Kapoor,saanvi.kapoor200@mail.com,9711421299,Nagpur,Maharashtra,2024-03-13,Regular
201,Aarav,Iyer,aarav.iyer201@mail.com,9776897455,Nagpur,Maharashtra,2025-12-31,Regular
202,Emma,Kumar,emma.kumar202@mail.com,9891431808,Lucknow,Uttar Pradesh,2025-05-05,Premium
203,Kiara,Verma,kiara.verma203@mail.com,9623445398,Kolkata,West Bengal,2024-09-22,Regular
204,Divya,Kumar,divya.kumar204@mail.com,9349006937,Kochi,Kerala,2022-05-05,Regular
205,Olivia,Chatterjee,olivia.chatterjee205@mail.com,9439141517,Jaipur,Rajasthan,2022-05-11,Regular
206,Emma,Kumar,emma.kumar206@mail.com,9225564160,Ahmedabad,Gujarat,2025-06-29,New
207,John,Anderson,john.anderson207@mail.com,9848950428,Kolkata,West Bengal,2022-02-12,Regular
208,Saanvi,Kumar,saanvi.kumar208@mail.com,9469203324,Ahmedabad,Gujarat,2023-04-21,Regular
209,Sneha,Smith,sneha.smith209@mail.com,9746500088,Nagpur,Maharashtra,2025-09-07,Regular
210,Kiara,Brown,kiara.brown210@mail.com,9547601168,Nagpur,Maharashtra,2025-10-10,Premium
211,Michael,Kumar,michael.kumar211@mail.com,9958730450,Nagpur,Maharashtra,2022-11-28,Premium
212,Kiara,Gupta,kiara.gupta212@mail.com,9816246415,Ahmedabad,Gujarat,2022-09-22,Regular
213,Ananya,Malhotra,ananya.malhotra213@mail.com,9628480415,Delhi,Delhi,2024-05-01,New
214,Priya,Kapoor,priya.kapoor214@mail.com,9352027504,Hyderabad,Telangana,2025-02-14,Regular
215,Vivaan,Johnson,vivaan.johnson215@mail.com,9380040464,Pune,Maharashtra,2025-10-18,Regular
216,Amit,Verma,amit.verma216@mail.com,9966311592,Delhi,Delhi,2023-11-23,Regular
217,Divya,Patel,divya.patel217@mail.com,9229587788,Jaipur,Rajasthan,2023-04-04,Regular
218,Robert,Johnson,robert.johnson218@mail.com,9926108943,Mumbai,Maharashtra,2025-02-14,Regular
219,Ishaan,Das,ishaan.das219@mail.com,9748850893,Chandigarh,Punjab,2022-08-02,Premium
220,Sophia,Anderson,sophia.anderson220@mail.com,9911495781,Delhi,Delhi,2022-08-05,Premium
221,Divya,Iyer,divya.iyer221@mail.com,9984344748,Jaipur,Rajasthan,2022-03-27,Regular
222,Ananya,Iyer,ananya.iyer222@mail.com,9320531781,Surat,Gujarat,2024-01-11,Regular
223,Kiara,Anderson,kiara.anderson223@mail.com,9918153355,Jaipur,Rajasthan,2024-10-17,Premium
224,Reyansh,Nair,reyansh.nair224@mail.com,9794810784,Pune,Maharashtra,2023-11-17,New
225,Ayaan,Singh,ayaan.singh225@mail.com,9571489117,Kolkata,West Bengal,2022-01-14,Regular
226,Rahul,Smith,rahul.smith226@mail.com,9407904380,Jaipur,Rajasthan,2022-12-17,Regular
227,Michael,Taylor,michael.taylor227@mail.com,9487237904,Chandigarh,Punjab,2025-09-23,Regular
228,Neha,Taylor,neha.taylor228@mail.com,9945266468,Hyderabad,Telangana,2022-10-10,New
229,Emma,Taylor,emma.taylor229@mail.com,9592582348,Nagpur,Maharashtra,2024-11-23,Premium
230,Michael,Sharma,michael.sharma230@mail.com,9575215255,Bengaluru,Karnataka,2022-01-21,Premium
231,Neha,Gupta,neha.gupta231@mail.com,9191029915,Pune,Maharashtra,2023-10-07,Regular
232,Ananya,Taylor,ananya.taylor232@mail.com,9166001117,Kolkata,West Bengal,2022-03-17,Premium
233,Ishaan,Chatterjee,ishaan.chatterjee233@mail.com,9162072829,Chandigarh,Punjab,2025-12-31,Premium
234,Neha,Kapoor,neha.kapoor234@mail.com,9550225634,Kolkata,West Bengal,2025-10-26,Premium
235,Pari,Smith,pari.smith235@mail.com,9469536155,Mumbai,Maharashtra,2023-07-27,New
236,Divya,Nair,divya.nair236@mail.com,9851936102,Kolkata,West Bengal,2024-07-02,Premium
237,Vikram,Malhotra,vikram.malhotra237@mail.com,9946475327,Lucknow,Uttar Pradesh,2025-08-28,Regular
238,John,Brown,john.brown238@mail.com,9932579769,Hyderabad,Telangana,2023-09-10,Regular
239,Vikram,Smith,vikram.smith239@mail.com,9518752374,Kochi,Kerala,2022-09-16,Regular
240,Vikram,Kapoor,vikram.kapoor240@mail.com,9329495689,Delhi,Delhi,2024-11-13,Premium
241,Neha,Smith,neha.smith241@mail.com,9912872297,Chandigarh,Punjab,2022-11-24,Regular
242,Vikram,Chatterjee,vikram.chatterjee242@mail.com,9377766466,Hyderabad,Telangana,2023-09-15,Premium
243,Amit,Iyer,amit.iyer243@mail.com,9885964167,Mumbai,Maharashtra,2024-02-03,Regular
244,Amit,Johnson,amit.johnson244@mail.com,9232943217,Mumbai,Maharashtra,2025-08-26,New
245,Sophia,Kapoor,sophia.kapoor245@mail.com,9714647698,Kochi,Kerala,2022-01-11,Regular
246,Anika,Chatterjee,anika.chatterjee246@mail.com,9707305392,Kochi,Kerala,2025-07-09,Premium
247,Karan,Patel,karan.patel247@mail.com,9476171636,Chennai,Tamil Nadu,2023-08-06,Premium
248,Rohan,Nair,rohan.nair248@mail.com,9867028521,Kolkata,West Bengal,2024-11-30,Premium
249,Reyansh,Smith,reyansh.smith249@mail.com,9654535921,Lucknow,Uttar Pradesh,2023-01-30,New
250,Michael,Anderson,michael.anderson250@mail.com,9205213639,Bengaluru,Karnataka,2025-12-28,Regular
251,Emma,Gupta,emma.gupta251@mail.com,9199051192,Mumbai,Maharashtra,2024-05-20,New
252,Rahul,Singh,rahul.singh252@mail.com,9579065046,Delhi,Delhi,2024-01-27,Premium
253,William,Chatterjee,william.chatterjee253@mail.com,9700187804,Jaipur,Rajasthan,2024-03-19,New
254,Sneha,Kumar,sneha.kumar254@mail.com,9783394952,Kolkata,West Bengal,2024-06-20,Premium
255,Priya,Taylor,priya.taylor255@mail.com,9984561220,Bengaluru,Karnataka,2022-10-23,Regular
256,Priya,Anderson,priya.anderson256@mail.com,9238926282,Kochi,Kerala,2024-11-17,New
257,Ayaan,Singh,ayaan.singh257@mail.com,9589016791,Ahmedabad,Gujarat,2022-03-08,Premium
258,Pooja,Johnson,pooja.johnson258@mail.com,9227524085,Lucknow,Uttar Pradesh,2024-04-16,Regular
259,Michael,Chatterjee,michael.chatterjee259@mail.com,9410945513,Mumbai,Maharashtra,2024-12-06,Regular
260,Michael,Kapoor,michael.kapoor260@mail.com,9502073105,Chennai,Tamil Nadu,2023-08-26,Regular
261,Ishaan,Nair,ishaan.nair261@mail.com,9941590785,Lucknow,Uttar Pradesh,2024-05-13,Regular
262,Pari,Kapoor,pari.kapoor262@mail.com,9331478831,Bengaluru,Karnataka,2024-09-28,Regular
263,Pooja,Johnson,pooja.johnson263@mail.com,9172546866,Nagpur,Maharashtra,2022-04-02,Regular
264,Rohan,Kapoor,rohan.kapoor264@mail.com,9707484447,Ahmedabad,Gujarat,2023-11-23,Premium
265,Rahul,Malhotra,rahul.malhotra265@mail.com,9242603228,Indore,Madhya Pradesh,2022-10-11,Regular
266,Isabella,Anderson,isabella.anderson266@mail.com,9816422822,Ahmedabad,Gujarat,2022-11-02,New
267,James,Gupta,james.gupta267@mail.com,9958791185,Lucknow,Uttar Pradesh,2025-09-22,Premium
268,David,Patel,david.patel268@mail.com,9524554436,Pune,Maharashtra,2025-01-12,Regular
269,Sophia,Mehta,sophia.mehta269@mail.com,9793547595,Delhi,Delhi,2022-12-06,Premium
270,Rohan,Kapoor,rohan.kapoor270@mail.com,9702416787,Chandigarh,Punjab,2022-09-11,Premium
271,Sai,Singh,sai.singh271@mail.com,9764328419,Jaipur,Rajasthan,2025-03-27,Premium
272,Rohan,Das,rohan.das272@mail.com,9303362264,Indore,Madhya Pradesh,2024-09-01,Regular
273,Vivaan,Iyer,vivaan.iyer273@mail.com,9806795289,Surat,Gujarat,2024-12-25,Regular
274,Vivaan,Mehta,vivaan.mehta274@mail.com,9944773947,Hyderabad,Telangana,2023-05-18,New
275,Sneha,Anderson,sneha.anderson275@mail.com,9190890036,Indore,Madhya Pradesh,2024-12-28,Premium
276,William,Chatterjee,william.chatterjee276@mail.com,9148300820,Ahmedabad,Gujarat,2022-02-17,Regular
277,Diya,Taylor,diya.taylor277@mail.com,9125830942,Nagpur,Maharashtra,2024-12-17,Regular
278,Riya,Gupta,riya.gupta278@mail.com,9223098723,Delhi,Delhi,2025-01-14,Regular
279,Ishaan,Reddy,ishaan.reddy279@mail.com,9374399576,Indore,Madhya Pradesh,2022-07-03,Regular
280,Emma,Reddy,emma.reddy280@mail.com,9163258139,Lucknow,Uttar Pradesh,2023-10-29,Regular
281,Vihaan,Kapoor,vihaan.kapoor281@mail.com,9518694576,Delhi,Delhi,2023-10-18,Regular
282,James,Mehta,james.mehta282@mail.com,9503204182,Nagpur,Maharashtra,2022-09-05,Regular
283,Anika,Malhotra,anika.malhotra283@mail.com,9729243930,Hyderabad,Telangana,2024-10-06,Regular
284,Amit,Brown,amit.brown284@mail.com,9223567680,Chennai,Tamil Nadu,2022-05-05,Regular
285,Pooja,Taylor,pooja.taylor285@mail.com,9170285223,Ahmedabad,Gujarat,2022-03-01,Regular
286,Myra,Sharma,myra.sharma286@mail.com,9389008064,Jaipur,Rajasthan,2025-04-15,Premium
287,Anika,Roy,anika.roy287@mail.com,9799597461,Indore,Madhya Pradesh,2022-09-15,Regular
288,Emma,Anderson,emma.anderson288@mail.com,9190095909,Nagpur,Maharashtra,2025-07-26,Regular
289,Ishaan,Johnson,ishaan.johnson289@mail.com,9680292764,Bengaluru,Karnataka,2023-05-18,Regular
290,Olivia,Roy,olivia.roy290@mail.com,9585054283,Mumbai,Maharashtra,2022-01-03,New
291,Divya,Kapoor,divya.kapoor291@mail.com,9801216599,Bengaluru,Karnataka,2022-01-02,Regular
292,Rahul,Mehta,rahul.mehta292@mail.com,9741955612,Chennai,Tamil Nadu,2025-10-24,Regular
293,John,Singh,john.singh293@mail.com,9728309864,Nagpur,Maharashtra,2024-11-11,Regular
294,Ananya,Roy,ananya.roy294@mail.com,9704604243,Delhi,Delhi,2023-09-08,Regular
295,Ayaan,Nair,ayaan.nair295@mail.com,9878542046,Jaipur,Rajasthan,2023-07-27,New
296,Aadhya,Malhotra,aadhya.malhotra296@mail.com,9642046610,Indore,Madhya Pradesh,2023-10-14,New
297,Robert,Mehta,robert.mehta297@mail.com,9908199028,Kochi,Kerala,2024-07-16,Regular
298,James,Smith,james.smith298@mail.com,9326155683,Ahmedabad,Gujarat,2025-05-12,Regular
299,Krishna,Sharma,krishna.sharma299@mail.com,9753679794,Ahmedabad,Gujarat,2022-01-09,New
300,Diya,Taylor,diya.taylor300@mail.com,9696775664,Surat,Gujarat,2025-11-27,Premium
301,William,Roy,william.roy301@mail.com,9187132846,Indore,Madhya Pradesh,2025-08-22,Premium
302,Vikram,Sharma,vikram.sharma302@mail.com,9993443242,Nagpur,Maharashtra,2025-10-07,Regular
303,Ayaan,Johnson,ayaan.johnson303@mail.com,9972717220,Kolkata,West Bengal,2025-05-16,Regular
304,Diya,Sharma,diya.sharma304@mail.com,9233964179,Ahmedabad,Gujarat,2024-01-29,New
305,Sophia,Sharma,sophia.sharma305@mail.com,9337856110,Kochi,Kerala,2022-02-10,Premium
306,John,Singh,john.singh306@mail.com,9196600815,Nagpur,Maharashtra,2025-06-10,Premium
307,Myra,Patel,myra.patel307@mail.com,9630223017,Pune,Maharashtra,2022-03-17,Regular
308,Karan,Singh,karan.singh308@mail.com,9107661580,Hyderabad,Telangana,2025-07-31,Regular
309,Ira,Chatterjee,ira.chatterjee309@mail.com,9637220565,Ahmedabad,Gujarat,2022-12-16,Premium
310,Rohan,Malhotra,rohan.malhotra310@mail.com,9706814705,Bengaluru,Karnataka,2022-05-14,Premium
311,Arjun,Nair,arjun.nair311@mail.com,9378769656,Surat,Gujarat,2025-03-13,New
312,Neha,Mehta,neha.mehta312@mail.com,9305999029,Nagpur,Maharashtra,2025-10-20,Regular
313,Vikram,Malhotra,vikram.malhotra313@mail.com,9371571930,Chandigarh,Punjab,2025-02-21,New
314,Aarav,Taylor,aarav.taylor314@mail.com,9788232308,Chandigarh,Punjab,2025-08-24,Regular
315,James,Taylor,james.taylor315@mail.com,9536879666,Chennai,Tamil Nadu,2022-09-07,Premium
316,Isabella,Kumar,isabella.kumar316@mail.com,9488127434,Jaipur,Rajasthan,2022-03-31,New
317,Myra,Verma,myra.verma317@mail.com,9398428319,Surat,Gujarat,2024-05-10,Regular
318,James,Sharma,james.sharma318@mail.com,9520755279,Hyderabad,Telangana,2023-11-17,Regular
319,Rohan,Sharma,rohan.sharma319@mail.com,9891824663,Hyderabad,Telangana,2025-11-13,Regular
320,Arjun,Patel,arjun.patel320@mail.com,9311394879,Bengaluru,Karnataka,2023-11-06,Regular
321,Reyansh,Sharma,reyansh.sharma321@mail.com,9615360022,Kolkata,West Bengal,2022-02-19,Premium
322,Robert,Mehta,robert.mehta322@mail.com,9365379125,Delhi,Delhi,2024-08-27,Regular
323,Robert,Verma,robert.verma323@mail.com,9982222571,Pune,Maharashtra,2024-11-30,Premium
324,Arjun,Malhotra,arjun.malhotra324@mail.com,9765254520,Ahmedabad,Gujarat,2022-07-15,Premium
325,Sneha,Iyer,sneha.iyer325@mail.com,9191842179,Mumbai,Maharashtra,2022-03-10,Regular
326,Arjun,Nair,arjun.nair326@mail.com,9166574389,Surat,Gujarat,2024-06-24,Regular
327,Divya,Taylor,divya.taylor327@mail.com,9170641753,Delhi,Delhi,2025-10-19,Regular
328,Vihaan,Kapoor,vihaan.kapoor328@mail.com,9509584709,Kolkata,West Bengal,2022-07-16,Premium
329,Emma,Patel,emma.patel329@mail.com,9743789670,Indore,Madhya Pradesh,2025-09-13,Premium
330,Isabella,Brown,isabella.brown330@mail.com,9598440715,Indore,Madhya Pradesh,2024-05-26,New
331,Divya,Iyer,divya.iyer331@mail.com,9464660414,Chandigarh,Punjab,2025-10-15,Premium
332,Isabella,Das,isabella.das332@mail.com,9452395271,Lucknow,Uttar Pradesh,2023-01-30,Regular
333,Aarav,Malhotra,aarav.malhotra333@mail.com,9865899399,Delhi,Delhi,2025-04-29,Premium
334,Saanvi,Chatterjee,saanvi.chatterjee334@mail.com,9235271742,Chandigarh,Punjab,2024-11-08,Regular
335,Emma,Kumar,emma.kumar335@mail.com,9878058056,Lucknow,Uttar Pradesh,2024-06-29,Regular
336,Krishna,Verma,krishna.verma336@mail.com,9164951915,Bengaluru,Karnataka,2023-10-01,Premium
337,Amit,Johnson,amit.johnson337@mail.com,9434135828,Lucknow,Uttar Pradesh,2025-01-13,Premium
338,Ishaan,Kumar,ishaan.kumar338@mail.com,9431436631,Lucknow,Uttar Pradesh,2023-12-04,Regular
339,Aarav,Das,aarav.das339@mail.com,9729685061,Chandigarh,Punjab,2025-10-21,Regular
340,Anika,Das,anika.das340@mail.com,9979591893,Nagpur,Maharashtra,2025-02-19,New
341,Olivia,Johnson,olivia.johnson341@mail.com,9309816802,Hyderabad,Telangana,2025-08-04,New
342,Arjun,Smith,arjun.smith342@mail.com,9303318997,Chandigarh,Punjab,2024-09-01,Premium
343,Isabella,Malhotra,isabella.malhotra343@mail.com,9843473702,Pune,Maharashtra,2025-03-30,Premium
344,Robert,Malhotra,robert.malhotra344@mail.com,9421726973,Kolkata,West Bengal,2023-11-05,Regular
345,Isabella,Verma,isabella.verma345@mail.com,9632501508,Hyderabad,Telangana,2022-01-08,Premium
346,Myra,Anderson,myra.anderson346@mail.com,9769929016,Hyderabad,Telangana,2023-05-05,Regular
347,Robert,Brown,robert.brown347@mail.com,9320456760,Kolkata,West Bengal,2023-01-13,New
348,Aarav,Johnson,aarav.johnson348@mail.com,9110621558,Delhi,Delhi,2024-01-03,Regular
349,Ayaan,Nair,ayaan.nair349@mail.com,9412003832,Ahmedabad,Gujarat,2023-02-03,Premium
350,Michael,Verma,michael.verma350@mail.com,9131874640,Hyderabad,Telangana,2023-02-10,Regular
351,Myra,Mehta,myra.mehta351@mail.com,9871845007,Bengaluru,Karnataka,2023-11-27,New
352,Anika,Reddy,anika.reddy352@mail.com,9310440043,Mumbai,Maharashtra,2022-12-27,New
353,Reyansh,Sharma,reyansh.sharma353@mail.com,9992758059,Chandigarh,Punjab,2022-10-09,Regular
354,Ayaan,Smith,ayaan.smith354@mail.com,9325740666,Chennai,Tamil Nadu,2024-07-23,Regular
355,Michael,Reddy,michael.reddy355@mail.com,9665783275,Indore,Madhya Pradesh,2025-06-30,New
356,Arjun,Iyer,arjun.iyer356@mail.com,9255082939,Surat,Gujarat,2022-09-25,Premium
357,Saanvi,Roy,saanvi.roy357@mail.com,9506084357,Kochi,Kerala,2024-02-06,Regular
358,Olivia,Patel,olivia.patel358@mail.com,9149601706,Indore,Madhya Pradesh,2025-06-15,Premium
359,Vikram,Kapoor,vikram.kapoor359@mail.com,9947813439,Bengaluru,Karnataka,2023-11-03,Regular
360,Ira,Nair,ira.nair360@mail.com,9645750195,Lucknow,Uttar Pradesh,2024-09-28,Regular
361,Sai,Kumar,sai.kumar361@mail.com,9949326796,Chandigarh,Punjab,2025-06-13,Regular
362,Amit,Brown,amit.brown362@mail.com,9906710856,Surat,Gujarat,2025-08-14,Premium
363,Michael,Kumar,michael.kumar363@mail.com,9657156434,Ahmedabad,Gujarat,2023-01-02,Regular
364,Michael,Das,michael.das364@mail.com,9845724084,Ahmedabad,Gujarat,2024-10-10,Regular
365,Sneha,Brown,sneha.brown365@mail.com,9785160666,Surat,Gujarat,2025-04-10,Premium
366,Aadhya,Patel,aadhya.patel366@mail.com,9317970120,Ahmedabad,Gujarat,2023-04-26,Regular
367,Pari,Taylor,pari.taylor367@mail.com,9504889751,Lucknow,Uttar Pradesh,2022-11-18,New
368,Michael,Mehta,michael.mehta368@mail.com,9691150686,Delhi,Delhi,2022-10-03,Premium
369,Kiara,Anderson,kiara.anderson369@mail.com,9657079511,Pune,Maharashtra,2023-04-17,Premium
370,Isabella,Das,isabella.das370@mail.com,9766928774,Pune,Maharashtra,2024-05-22,Regular
371,Olivia,Taylor,olivia.taylor371@mail.com,9494612942,Indore,Madhya Pradesh,2024-10-15,Regular
372,David,Sharma,david.sharma372@mail.com,9292807232,Ahmedabad,Gujarat,2023-04-24,Regular
373,Arjun,Johnson,arjun.johnson373@mail.com,9188496207,Chennai,Tamil Nadu,2024-10-24,Regular
374,Sai,Mehta,sai.mehta374@mail.com,9344535679,Delhi,Delhi,2022-08-31,Regular
375,Aditya,Roy,aditya.roy375@mail.com,9315077574,Pune,Maharashtra,2023-02-07,Premium
376,Riya,Kapoor,riya.kapoor376@mail.com,9900164591,Nagpur,Maharashtra,2025-10-31,New
377,Saanvi,Malhotra,saanvi.malhotra377@mail.com,9248031551,Nagpur,Maharashtra,2025-01-17,New
378,Aarav,Kapoor,aarav.kapoor378@mail.com,9402629052,Nagpur,Maharashtra,2023-12-11,Premium
379,William,Brown,william.brown379@mail.com,9982466864,Lucknow,Uttar Pradesh,2025-09-04,Regular
380,Amit,Nair,amit.nair380@mail.com,9526818051,Hyderabad,Telangana,2023-04-10,Premium
381,Aadhya,Kumar,aadhya.kumar381@mail.com,9350958360,Jaipur,Rajasthan,2025-04-17,Premium
382,Isabella,Anderson,isabella.anderson382@mail.com,9465780431,Indore,Madhya Pradesh,2022-06-25,Regular
383,Saanvi,Taylor,saanvi.taylor383@mail.com,9926921933,Kochi,Kerala,2024-05-05,Regular
384,Sophia,Roy,sophia.roy384@mail.com,9132324001,Pune,Maharashtra,2022-10-12,Premium
385,Krishna,Kapoor,krishna.kapoor385@mail.com,9892212155,Mumbai,Maharashtra,2024-10-20,New
386,John,Smith,john.smith386@mail.com,9342118734,Kolkata,West Bengal,2024-05-21,Premium
387,William,Roy,william.roy387@mail.com,9421733001,Pune,Maharashtra,2025-04-17,Regular
388,Aditya,Nair,aditya.nair388@mail.com,9265024710,Pune,Maharashtra,2025-03-09,Premium
389,Karan,Malhotra,karan.malhotra389@mail.com,9716197593,Nagpur,Maharashtra,2024-03-11,New
390,Aadhya,Brown,aadhya.brown390@mail.com,9168407281,Jaipur,Rajasthan,2024-03-02,Regular
391,Reyansh,Smith,reyansh.smith391@mail.com,9711512082,Ahmedabad,Gujarat,2025-08-01,New
392,Sai,Reddy,sai.reddy392@mail.com,9212005417,Chandigarh,Punjab,2025-02-06,Regular
393,Karan,Kumar,karan.kumar393@mail.com,9128817630,Bengaluru,Karnataka,2023-02-12,Regular
394,David,Kapoor,david.kapoor394@mail.com,9321075169,Hyderabad,Telangana,2023-08-20,Premium
395,Arjun,Anderson,arjun.anderson395@mail.com,9161689886,Pune,Maharashtra,2024-11-27,Regular
396,James,Taylor,james.taylor396@mail.com,9519946090,Bengaluru,Karnataka,2022-08-15,Regular
397,Emma,Kumar,emma.kumar397@mail.com,9897943460,Delhi,Delhi,2024-03-07,New
398,Aadhya,Nair,aadhya.nair398@mail.com,9320844007,Chennai,Tamil Nadu,2024-06-04,New
399,Rahul,Reddy,rahul.reddy399@mail.com,9748228085,Lucknow,Uttar Pradesh,2023-09-28,Premium
400,Amit,Anderson,amit.anderson400@mail.com,9395752497,Hyderabad,Telangana,2022-01-16,New
401,Sophia,Gupta,sophia.gupta401@mail.com,9985388850,Kolkata,West Bengal,2025-05-23,New
402,Neha,Smith,neha.smith402@mail.com,9711205057,Surat,Gujarat,2024-10-02,Regular
403,Rohan,Verma,rohan.verma403@mail.com,9891659872,Delhi,Delhi,2023-08-13,Premium
404,Isabella,Johnson,isabella.johnson404@mail.com,9851959157,Nagpur,Maharashtra,2025-12-28,Premium
405,William,Malhotra,william.malhotra405@mail.com,9984150804,Indore,Madhya Pradesh,2022-12-25,Regular
406,Diya,Malhotra,diya.malhotra406@mail.com,9887314701,Kolkata,West Bengal,2024-07-26,Regular
407,Diya,Chatterjee,diya.chatterjee407@mail.com,9202579039,Kolkata,West Bengal,2025-12-01,New
408,Anika,Reddy,anika.reddy408@mail.com,9393965039,Surat,Gujarat,2025-07-10,Regular
409,Arjun,Singh,arjun.singh409@mail.com,9629878254,Kolkata,West Bengal,2025-02-06,Regular
410,Michael,Gupta,michael.gupta410@mail.com,9911101211,Delhi,Delhi,2024-10-30,Premium
411,James,Taylor,james.taylor411@mail.com,9584188831,Bengaluru,Karnataka,2023-06-02,Regular
412,Aditya,Anderson,aditya.anderson412@mail.com,9128688105,Delhi,Delhi,2025-08-01,Premium
413,Isabella,Brown,isabella.brown413@mail.com,9468999657,Kochi,Kerala,2024-03-28,New
414,William,Verma,william.verma414@mail.com,9111529159,Chennai,Tamil Nadu,2022-08-23,Premium
415,Krishna,Smith,krishna.smith415@mail.com,9819724388,Kochi,Kerala,2024-08-08,Regular
416,Arjun,Gupta,arjun.gupta416@mail.com,9688870662,Chandigarh,Punjab,2023-05-12,Premium
417,Sophia,Nair,sophia.nair417@mail.com,9605504475,Nagpur,Maharashtra,2023-07-26,New
418,Ananya,Sharma,ananya.sharma418@mail.com,9751749006,Delhi,Delhi,2022-12-29,Regular
419,Vikram,Brown,vikram.brown419@mail.com,9280875434,Delhi,Delhi,2025-10-07,Premium
420,Ira,Nair,ira.nair420@mail.com,9573152913,Pune,Maharashtra,2022-12-31,Regular
421,Aditya,Roy,aditya.roy421@mail.com,9332107009,Ahmedabad,Gujarat,2025-11-27,Regular
422,Neha,Iyer,neha.iyer422@mail.com,9519423299,Kochi,Kerala,2023-09-24,Regular
423,Karan,Sharma,karan.sharma423@mail.com,9152253317,Indore,Madhya Pradesh,2024-02-12,Premium
424,Anika,Johnson,anika.johnson424@mail.com,9356130725,Hyderabad,Telangana,2022-07-07,Regular
425,Vivaan,Sharma,vivaan.sharma425@mail.com,9461976234,Nagpur,Maharashtra,2023-01-29,Premium
426,Arjun,Patel,arjun.patel426@mail.com,9203726898,Indore,Madhya Pradesh,2025-09-22,Regular
427,Ananya,Verma,ananya.verma427@mail.com,9546333010,Jaipur,Rajasthan,2022-08-09,New
428,James,Roy,james.roy428@mail.com,9773006812,Hyderabad,Telangana,2025-07-03,Regular
429,Vikram,Brown,vikram.brown429@mail.com,9559432973,Delhi,Delhi,2023-04-21,Regular
430,John,Smith,john.smith430@mail.com,9286424733,Mumbai,Maharashtra,2024-04-03,Premium
431,Aarav,Brown,aarav.brown431@mail.com,9328457837,Ahmedabad,Gujarat,2023-03-27,Regular
432,Ira,Malhotra,ira.malhotra432@mail.com,9496189219,Mumbai,Maharashtra,2022-05-18,New
433,Emma,Kapoor,emma.kapoor433@mail.com,9924145310,Lucknow,Uttar Pradesh,2024-10-20,New
434,Reyansh,Roy,reyansh.roy434@mail.com,9949608711,Surat,Gujarat,2025-03-11,Regular
435,Reyansh,Malhotra,reyansh.malhotra435@mail.com,9448272764,Chandigarh,Punjab,2025-11-27,Regular
436,Krishna,Smith,krishna.smith436@mail.com,9288260274,Chandigarh,Punjab,2025-11-09,Regular
437,Rahul,Gupta,rahul.gupta437@mail.com,9459816489,Mumbai,Maharashtra,2025-05-31,New
438,Sophia,Brown,sophia.brown438@mail.com,9648710142,Chandigarh,Punjab,2023-04-22,Regular
439,Aarav,Patel,aarav.patel439@mail.com,9122777694,Lucknow,Uttar Pradesh,2022-09-12,Regular
440,Olivia,Patel,olivia.patel440@mail.com,9765468920,Delhi,Delhi,2022-05-03,Regular
441,Priya,Kapoor,priya.kapoor441@mail.com,9316908504,Bengaluru,Karnataka,2024-02-09,Regular
442,Aditya,Patel,aditya.patel442@mail.com,9878793986,Lucknow,Uttar Pradesh,2024-06-27,Premium
443,Robert,Nair,robert.nair443@mail.com,9398635996,Pune,Maharashtra,2025-08-11,Premium
444,Aditya,Das,aditya.das444@mail.com,9950167054,Kolkata,West Bengal,2025-08-20,New
445,Vivaan,Patel,vivaan.patel445@mail.com,9886916528,Pune,Maharashtra,2023-12-03,Regular
446,Vikram,Verma,vikram.verma446@mail.com,9814044769,Hyderabad,Telangana,2025-11-08,Premium
447,Myra,Malhotra,myra.malhotra447@mail.com,9509617388,Jaipur,Rajasthan,2023-10-21,Regular
448,Aarav,Gupta,aarav.gupta448@mail.com,9627896893,Delhi,Delhi,2023-01-30,Regular
449,Ishaan,Singh,ishaan.singh449@mail.com,9234820097,Delhi,Delhi,2022-12-22,Premium
450,Aadhya,Patel,aadhya.patel450@mail.com,9644842967,Delhi,Delhi,2024-05-22,Premium
451,Pari,Reddy,pari.reddy451@mail.com,9874891307,Hyderabad,Telangana,2023-05-17,Regular
452,Karan,Patel,karan.patel452@mail.com,9425451904,Chennai,Tamil Nadu,2025-03-26,Regular
453,Saanvi,Mehta,saanvi.mehta453@mail.com,9938902595,Ahmedabad,Gujarat,2022-06-13,New
454,Michael,Brown,michael.brown454@mail.com,9505571070,Bengaluru,Karnataka,2024-08-22,Regular
455,Amit,Malhotra,amit.malhotra455@mail.com,9889123047,Kolkata,West Bengal,2022-11-16,New
456,Rahul,Sharma,rahul.sharma456@mail.com,9918115357,Kolkata,West Bengal,2024-05-25,New
457,Pari,Malhotra,pari.malhotra457@mail.com,9676811619,Bengaluru,Karnataka,2025-02-06,Premium
458,Riya,Brown,riya.brown458@mail.com,9597841726,Chennai,Tamil Nadu,2024-07-17,Regular
459,Pooja,Malhotra,pooja.malhotra459@mail.com,9616302679,Delhi,Delhi,2023-11-14,Regular
460,Rahul,Singh,rahul.singh460@mail.com,9266134114,Surat,Gujarat,2023-01-24,Regular
461,Amit,Johnson,amit.johnson461@mail.com,9627694409,Kolkata,West Bengal,2024-05-01,New
462,Michael,Brown,michael.brown462@mail.com,9625651506,Chennai,Tamil Nadu,2025-08-05,New
463,Arjun,Taylor,arjun.taylor463@mail.com,9141690057,Surat,Gujarat,2022-09-12,Regular
464,Rohan,Reddy,rohan.reddy464@mail.com,9308550942,Indore,Madhya Pradesh,2024-06-12,New
465,John,Das,john.das465@mail.com,9861420895,Ahmedabad,Gujarat,2025-07-24,Premium
466,Vihaan,Brown,vihaan.brown466@mail.com,9555309840,Kochi,Kerala,2023-05-21,Regular
467,Aditya,Johnson,aditya.johnson467@mail.com,9777480312,Kochi,Kerala,2025-10-17,Regular
468,Ishaan,Mehta,ishaan.mehta468@mail.com,9750081561,Ahmedabad,Gujarat,2025-10-26,Regular
469,Anika,Malhotra,anika.malhotra469@mail.com,9720989768,Chandigarh,Punjab,2022-11-27,Regular
470,Sai,Brown,sai.brown470@mail.com,9526991604,Kochi,Kerala,2025-04-15,New
471,Sai,Das,sai.das471@mail.com,9302747423,Surat,Gujarat,2024-05-16,Regular
472,Olivia,Mehta,olivia.mehta472@mail.com,9842854111,Chennai,Tamil Nadu,2024-10-22,New
473,David,Chatterjee,david.chatterjee473@mail.com,9430689788,Kochi,Kerala,2024-04-22,Premium
474,Sai,Iyer,sai.iyer474@mail.com,9783093341,Lucknow,Uttar Pradesh,2023-12-07,New
475,Ira,Singh,ira.singh475@mail.com,9903470543,Kolkata,West Bengal,2025-12-02,Regular
476,Ananya,Kumar,ananya.kumar476@mail.com,9101694991,Delhi,Delhi,2022-05-24,Premium
477,Emma,Das,emma.das477@mail.com,9547581039,Chandigarh,Punjab,2023-08-14,Premium
478,Ananya,Reddy,ananya.reddy478@mail.com,9502278868,Bengaluru,Karnataka,2025-12-12,Regular
479,Priya,Reddy,priya.reddy479@mail.com,9639677407,Delhi,Delhi,2024-07-11,Premium
480,Aadhya,Reddy,aadhya.reddy480@mail.com,9315758599,Mumbai,Maharashtra,2023-01-10,New
481,Saanvi,Mehta,saanvi.mehta481@mail.com,9538937500,Ahmedabad,Gujarat,2025-07-07,New
482,Reyansh,Reddy,reyansh.reddy482@mail.com,9185695123,Chennai,Tamil Nadu,2022-06-25,Regular
483,Ira,Gupta,ira.gupta483@mail.com,9467382830,Mumbai,Maharashtra,2025-04-14,Regular
484,Priya,Iyer,priya.iyer484@mail.com,9110207613,Mumbai,Maharashtra,2023-06-29,Premium
485,Aarav,Chatterjee,aarav.chatterjee485@mail.com,9947404741,Mumbai,Maharashtra,2022-07-18,Regular
486,Aarav,Brown,aarav.brown486@mail.com,9747450075,Jaipur,Rajasthan,2023-06-29,New
487,Rahul,Smith,rahul.smith487@mail.com,9748939011,Kolkata,West Bengal,2023-11-21,Regular
488,Robert,Smith,robert.smith488@mail.com,9977082994,Hyderabad,Telangana,2024-01-10,Premium
489,David,Malhotra,david.malhotra489@mail.com,9161462633,Pune,Maharashtra,2023-11-08,New
490,Aarav,Anderson,aarav.anderson490@mail.com,9849802793,Kolkata,West Bengal,2022-10-12,Regular
491,Ayaan,Das,ayaan.das491@mail.com,9400075968,Kochi,Kerala,2023-05-25,Regular
492,Divya,Kumar,divya.kumar492@mail.com,9652884702,Kolkata,West Bengal,2025-09-14,Regular
493,James,Sharma,james.sharma493@mail.com,9780513199,Pune,Maharashtra,2022-04-04,New
494,James,Anderson,james.anderson494@mail.com,9350781693,Lucknow,Uttar Pradesh,2024-09-19,Regular
495,Divya,Gupta,divya.gupta495@mail.com,9474020739,Kolkata,West Bengal,2024-09-02,New
496,Reyansh,Brown,reyansh.brown496@mail.com,9415532960,Lucknow,Uttar Pradesh,2023-02-04,Premium
497,Neha,Chatterjee,neha.chatterjee497@mail.com,9942739088,Nagpur,Maharashtra,2024-10-30,Regular
498,Priya,Gupta,priya.gupta498@mail.com,9423570275,Nagpur,Maharashtra,2025-10-10,New
499,Isabella,Reddy,isabella.reddy499@mail.com,9579196694,Delhi,Delhi,2024-09-14,Premium
500,Anika,Patel,anika.patel500@mail.com,9327247605,Bengaluru,Karnataka,2025-09-13,Premium
501,Reyansh,Taylor,reyansh.taylor501@mail.com,9868546986,Mumbai,Maharashtra,2022-11-25,New
502,James,Brown,james.brown502@mail.com,9922817838,Chennai,Tamil Nadu,2023-03-28,Premium
503,Rahul,Iyer,rahul.iyer503@mail.com,9814549811,Bengaluru,Karnataka,2024-12-30,Premium
504,Priya,Gupta,priya.gupta504@mail.com,9954205066,Kochi,Kerala,2023-11-13,New
505,Rohan,Malhotra,rohan.malhotra505@mail.com,9169435691,Chandigarh,Punjab,2023-12-04,Regular
506,David,Roy,david.roy506@mail.com,9569184646,Indore,Madhya Pradesh,2023-04-23,Regular
507,Ayaan,Kapoor,ayaan.kapoor507@mail.com,9194146051,Delhi,Delhi,2022-07-02,Regular
508,Sneha,Singh,sneha.singh508@mail.com,9899527218,Delhi,Delhi,2025-03-19,Regular
509,James,Brown,james.brown509@mail.com,9719459743,Kochi,Kerala,2022-01-04,Regular
510,Sneha,Roy,sneha.roy510@mail.com,9303858121,Nagpur,Maharashtra,2024-03-05,New
511,James,Johnson,james.johnson511@mail.com,9956328583,Chandigarh,Punjab,2022-09-16,Regular
512,Karan,Chatterjee,karan.chatterjee512@mail.com,9338522684,Delhi,Delhi,2024-03-20,Regular
513,Isabella,Smith,isabella.smith513@mail.com,9255371286,Nagpur,Maharashtra,2023-08-31,New
514,Priya,Anderson,priya.anderson514@mail.com,9258296773,Lucknow,Uttar Pradesh,2023-08-04,Regular
515,Aditya,Malhotra,aditya.malhotra515@mail.com,9443747017,Chennai,Tamil Nadu,2024-10-25,New
516,Ayaan,Mehta,ayaan.mehta516@mail.com,9858622505,Lucknow,Uttar Pradesh,2024-09-06,Premium
517,Aadhya,Kumar,aadhya.kumar517@mail.com,9412990487,Kochi,Kerala,2024-02-11,Regular
518,Robert,Nair,robert.nair518@mail.com,9988934422,Kochi,Kerala,2023-03-08,New
519,Myra,Verma,myra.verma519@mail.com,9933265252,Bengaluru,Karnataka,2024-09-25,Premium
520,Pari,Reddy,pari.reddy520@mail.com,9123156124,Jaipur,Rajasthan,2024-03-14,Regular
521,Rahul,Johnson,rahul.johnson521@mail.com,9913589412,Kolkata,West Bengal,2024-03-11,Regular
522,Kiara,Kapoor,kiara.kapoor522@mail.com,9847728374,Surat,Gujarat,2023-02-04,Premium
523,Pooja,Brown,pooja.brown523@mail.com,9204496093,Bengaluru,Karnataka,2023-10-25,Premium
524,Sneha,Verma,sneha.verma524@mail.com,9861913813,Chennai,Tamil Nadu,2024-07-26,Premium
525,Rohan,Nair,rohan.nair525@mail.com,9574469049,Kochi,Kerala,2024-09-15,Regular
526,Ishaan,Singh,ishaan.singh526@mail.com,9334222252,Indore,Madhya Pradesh,2023-02-05,Premium
527,Aarav,Johnson,aarav.johnson527@mail.com,9879490941,Nagpur,Maharashtra,2025-03-24,Regular
528,Ishaan,Brown,ishaan.brown528@mail.com,9558607012,Chandigarh,Punjab,2022-12-11,New
529,Reyansh,Johnson,reyansh.johnson529@mail.com,9608820219,Bengaluru,Karnataka,2022-04-18,Regular
530,Amit,Smith,amit.smith530@mail.com,9737150229,Kolkata,West Bengal,2022-11-01,Premium
531,William,Patel,william.patel531@mail.com,9136499524,Delhi,Delhi,2023-05-09,Regular
532,Pari,Malhotra,pari.malhotra532@mail.com,9285206511,Chandigarh,Punjab,2024-02-08,Premium
533,Sai,Anderson,sai.anderson533@mail.com,9978530356,Chandigarh,Punjab,2024-02-22,Regular
534,Sophia,Johnson,sophia.johnson534@mail.com,9112458001,Delhi,Delhi,2022-08-27,Regular
535,Priya,Das,priya.das535@mail.com,9341522162,Mumbai,Maharashtra,2025-04-16,Premium
536,Rohan,Kumar,rohan.kumar536@mail.com,9393909769,Kochi,Kerala,2022-07-13,Premium
537,Diya,Brown,diya.brown537@mail.com,9619896637,Chandigarh,Punjab,2025-12-10,Regular
538,Rohan,Nair,rohan.nair538@mail.com,9206774236,Pune,Maharashtra,2022-05-11,Premium
539,Vikram,Reddy,vikram.reddy539@mail.com,9535220327,Nagpur,Maharashtra,2025-12-06,Regular
540,Pooja,Roy,pooja.roy540@mail.com,9941249393,Indore,Madhya Pradesh,2024-12-21,Regular
541,Neha,Chatterjee,neha.chatterjee541@mail.com,9678727283,Kochi,Kerala,2025-08-27,Regular
542,Aadhya,Iyer,aadhya.iyer542@mail.com,9293986672,Nagpur,Maharashtra,2025-05-11,Premium
543,Aarav,Roy,aarav.roy543@mail.com,9580212641,Indore,Madhya Pradesh,2023-10-06,Regular
544,Krishna,Chatterjee,krishna.chatterjee544@mail.com,9321437670,Chandigarh,Punjab,2022-11-27,Regular
545,Riya,Verma,riya.verma545@mail.com,9190849645,Delhi,Delhi,2024-11-02,Regular
546,Vikram,Reddy,vikram.reddy546@mail.com,9554247901,Chandigarh,Punjab,2022-01-01,Regular
547,Aditya,Das,aditya.das547@mail.com,9940527063,Chennai,Tamil Nadu,2025-09-11,Regular
548,Krishna,Chatterjee,krishna.chatterjee548@mail.com,9626608970,Kochi,Kerala,2023-10-03,Regular
549,John,Malhotra,john.malhotra549@mail.com,9677898037,Jaipur,Rajasthan,2023-03-06,Premium
550,Aditya,Patel,aditya.patel550@mail.com,9139442778,Hyderabad,Telangana,2022-10-18,Regular
551,Aadhya,Nair,aadhya.nair551@mail.com,9746547614,Jaipur,Rajasthan,2023-03-19,Premium
552,Ira,Nair,ira.nair552@mail.com,9882869895,Lucknow,Uttar Pradesh,2024-05-14,Regular
553,Riya,Mehta,riya.mehta553@mail.com,9509935637,Chandigarh,Punjab,2022-12-01,Regular
554,Sai,Mehta,sai.mehta554@mail.com,9826413906,Kolkata,West Bengal,2025-11-23,Regular
555,Aadhya,Gupta,aadhya.gupta555@mail.com,9775993707,Kochi,Kerala,2023-07-06,New
556,Saanvi,Johnson,saanvi.johnson556@mail.com,9705206157,Chandigarh,Punjab,2025-08-19,New
557,Karan,Reddy,karan.reddy557@mail.com,9550634913,Nagpur,Maharashtra,2022-11-11,Regular
558,Olivia,Brown,olivia.brown558@mail.com,9127820499,Lucknow,Uttar Pradesh,2023-05-22,Regular
559,Ayaan,Roy,ayaan.roy559@mail.com,9218101000,Chandigarh,Punjab,2025-01-28,Regular
560,Robert,Gupta,robert.gupta560@mail.com,9489574448,Surat,Gujarat,2023-11-15,Premium
561,Ishaan,Patel,ishaan.patel561@mail.com,9393826004,Mumbai,Maharashtra,2022-07-20,Regular
562,Myra,Brown,myra.brown562@mail.com,9212745817,Indore,Madhya Pradesh,2022-09-10,Regular
563,Pari,Chatterjee,pari.chatterjee563@mail.com,9981910598,Indore,Madhya Pradesh,2024-09-29,Regular
564,John,Chatterjee,john.chatterjee564@mail.com,9402791679,Jaipur,Rajasthan,2023-07-10,Premium
565,Vihaan,Reddy,vihaan.reddy565@mail.com,9441446020,Indore,Madhya Pradesh,2024-03-08,Regular
566,Vikram,Roy,vikram.roy566@mail.com,9738465114,Surat,Gujarat,2024-04-04,Regular
567,Krishna,Mehta,krishna.mehta567@mail.com,9110197828,Chandigarh,Punjab,2024-11-17,Premium
568,Krishna,Nair,krishna.nair568@mail.com,9506734117,Lucknow,Uttar Pradesh,2023-07-02,Regular
569,Michael,Patel,michael.patel569@mail.com,9828228055,Lucknow,Uttar Pradesh,2024-05-06,Premium
570,Diya,Anderson,diya.anderson570@mail.com,9480106125,Indore,Madhya Pradesh,2024-08-17,Regular
571,Ira,Taylor,ira.taylor571@mail.com,9658984263,Kochi,Kerala,2023-04-14,Regular
572,Sai,Kapoor,sai.kapoor572@mail.com,9536491927,Indore,Madhya Pradesh,2023-10-03,New
573,Sai,Gupta,sai.gupta573@mail.com,9883781096,Hyderabad,Telangana,2022-07-11,Regular
574,Vihaan,Gupta,vihaan.gupta574@mail.com,9898229824,Chennai,Tamil Nadu,2025-02-08,New
575,Aarav,Taylor,aarav.taylor575@mail.com,9826958713,Jaipur,Rajasthan,2022-10-07,Regular
576,Amit,Roy,amit.roy576@mail.com,9849345045,Delhi,Delhi,2024-04-10,Regular
577,Saanvi,Sharma,saanvi.sharma577@mail.com,9866823538,Kolkata,West Bengal,2025-12-09,Regular
578,John,Patel,john.patel578@mail.com,9893477119,Chandigarh,Punjab,2024-12-17,Premium
579,Aditya,Malhotra,aditya.malhotra579@mail.com,9581736456,Bengaluru,Karnataka,2025-10-13,New
580,Neha,Patel,neha.patel580@mail.com,9287705313,Delhi,Delhi,2024-01-22,New
581,Amit,Johnson,amit.johnson581@mail.com,9154660511,Kolkata,West Bengal,2024-10-11,Regular
582,Michael,Iyer,michael.iyer582@mail.com,9462880277,Surat,Gujarat,2025-10-22,Regular
583,Vikram,Iyer,vikram.iyer583@mail.com,9411454646,Chennai,Tamil Nadu,2024-09-16,Regular
584,Aadhya,Sharma,aadhya.sharma584@mail.com,9892449086,Chandigarh,Punjab,2025-03-10,Regular
585,Pari,Das,pari.das585@mail.com,9986618025,Surat,Gujarat,2022-03-14,New
586,Divya,Kumar,divya.kumar586@mail.com,9161736645,Pune,Maharashtra,2022-01-13,Premium
587,Robert,Kapoor,robert.kapoor587@mail.com,9479989445,Delhi,Delhi,2022-01-11,Regular
588,Diya,Brown,diya.brown588@mail.com,9480676189,Mumbai,Maharashtra,2022-07-27,Regular
589,Saanvi,Gupta,saanvi.gupta589@mail.com,9668113106,Jaipur,Rajasthan,2022-11-11,Regular
590,Priya,Sharma,priya.sharma590@mail.com,9267106867,Indore,Madhya Pradesh,2025-09-06,Regular
591,Rahul,Brown,rahul.brown591@mail.com,9501911728,Chennai,Tamil Nadu,2024-01-17,Regular
592,Diya,Roy,diya.roy592@mail.com,9971388578,Chennai,Tamil Nadu,2022-08-11,New
593,Sophia,Reddy,sophia.reddy593@mail.com,9250188999,Pune,Maharashtra,2024-06-07,Regular
594,Saanvi,Iyer,saanvi.iyer594@mail.com,9303546093,Chennai,Tamil Nadu,2022-03-24,Regular
595,Emma,Smith,emma.smith595@mail.com,9133937268,Bengaluru,Karnataka,2025-09-26,Regular
596,Rahul,Mehta,rahul.mehta596@mail.com,9227552271,Kolkata,West Bengal,2024-09-28,Premium
597,Krishna,Smith,krishna.smith597@mail.com,9906476640,Indore,Madhya Pradesh,2024-03-29,Regular
598,David,Nair,david.nair598@mail.com,9217824679,Delhi,Delhi,2022-02-13,Regular
599,John,Das,john.das599@mail.com,9114655448,Indore,Madhya Pradesh,2025-11-02,Regular
600,Robert,Taylor,robert.taylor600@mail.com,9741117091,Kochi,Kerala,2022-01-17,Regular
601,Kiara,Kapoor,kiara.kapoor601@mail.com,9621762558,Delhi,Delhi,2024-05-28,Regular
602,Ishaan,Das,ishaan.das602@mail.com,9300639654,Hyderabad,Telangana,2023-07-30,Premium
603,Riya,Patel,riya.patel603@mail.com,9815466869,Nagpur,Maharashtra,2024-05-28,Regular
604,Reyansh,Das,reyansh.das604@mail.com,9756164110,Bengaluru,Karnataka,2023-01-22,New
605,Sneha,Nair,sneha.nair605@mail.com,9346299407,Delhi,Delhi,2022-09-28,Regular
606,Ira,Singh,ira.singh606@mail.com,9256990862,Kolkata,West Bengal,2022-02-06,Premium
607,Sai,Verma,sai.verma607@mail.com,9508400544,Kolkata,West Bengal,2024-12-11,Regular
608,Myra,Patel,myra.patel608@mail.com,9460968220,Kolkata,West Bengal,2024-09-08,Regular
609,Olivia,Verma,olivia.verma609@mail.com,9426728893,Delhi,Delhi,2023-07-06,Regular
610,John,Taylor,john.taylor610@mail.com,9365180555,Pune,Maharashtra,2022-04-08,Regular
611,Aarav,Verma,aarav.verma611@mail.com,9809132123,Kochi,Kerala,2023-10-21,Regular
612,Rahul,Mehta,rahul.mehta612@mail.com,9751247855,Delhi,Delhi,2024-06-01,Regular
613,Priya,Johnson,priya.johnson613@mail.com,9458932723,Chennai,Tamil Nadu,2022-08-17,Regular
614,Aarav,Roy,aarav.roy614@mail.com,9927279038,Nagpur,Maharashtra,2022-09-24,Regular
615,Michael,Chatterjee,michael.chatterjee615@mail.com,9667861313,Lucknow,Uttar Pradesh,2024-02-01,Regular
616,Ira,Singh,ira.singh616@mail.com,9727416570,Kolkata,West Bengal,2022-06-28,New
617,Krishna,Malhotra,krishna.malhotra617@mail.com,9229229499,Mumbai,Maharashtra,2025-04-16,New
618,Saanvi,Singh,saanvi.singh618@mail.com,9856622973,Ahmedabad,Gujarat,2022-07-22,Regular
619,Vikram,Malhotra,vikram.malhotra619@mail.com,9468183891,Chennai,Tamil Nadu,2024-08-29,New
620,Saanvi,Roy,saanvi.roy620@mail.com,9873920320,Bengaluru,Karnataka,2022-03-31,Regular
621,Emma,Roy,emma.roy621@mail.com,9864078040,Chennai,Tamil Nadu,2025-02-21,New
622,Michael,Anderson,michael.anderson622@mail.com,9776312005,Kochi,Kerala,2022-08-29,New
623,Arjun,Kumar,arjun.kumar623@mail.com,9549902288,Jaipur,Rajasthan,2024-10-28,Premium
624,Ananya,Malhotra,ananya.malhotra624@mail.com,9394364860,Kochi,Kerala,2022-09-22,Regular
625,Rohan,Verma,rohan.verma625@mail.com,9952970175,Kochi,Kerala,2023-01-25,Premium
626,William,Kumar,william.kumar626@mail.com,9835184880,Jaipur,Rajasthan,2024-11-17,New
627,Ananya,Anderson,ananya.anderson627@mail.com,9906087827,Jaipur,Rajasthan,2024-02-26,Premium
628,David,Brown,david.brown628@mail.com,9751995775,Chennai,Tamil Nadu,2023-02-28,Regular
629,Ananya,Chatterjee,ananya.chatterjee629@mail.com,9333869257,Lucknow,Uttar Pradesh,2025-11-27,Regular
630,Amit,Anderson,amit.anderson630@mail.com,9640970200,Kochi,Kerala,2024-12-11,Regular
631,Myra,Kapoor,myra.kapoor631@mail.com,9860482698,Chennai,Tamil Nadu,2025-02-04,Regular
632,Myra,Verma,myra.verma632@mail.com,9672911909,Hyderabad,Telangana,2023-08-21,Regular
633,Ishaan,Mehta,ishaan.mehta633@mail.com,9242776948,Chennai,Tamil Nadu,2022-04-16,Premium
634,Anika,Singh,anika.singh634@mail.com,9674016932,Delhi,Delhi,2022-01-03,Premium
635,Karan,Johnson,karan.johnson635@mail.com,9448495661,Delhi,Delhi,2025-12-15,New
636,Riya,Nair,riya.nair636@mail.com,9538454827,Surat,Gujarat,2025-06-06,Regular
637,Vihaan,Sharma,vihaan.sharma637@mail.com,9984690021,Pune,Maharashtra,2023-03-26,Premium
638,Ira,Reddy,ira.reddy638@mail.com,9374864174,Mumbai,Maharashtra,2025-01-05,Premium
639,Sneha,Iyer,sneha.iyer639@mail.com,9875888196,Kochi,Kerala,2025-11-10,Regular
640,Riya,Malhotra,riya.malhotra640@mail.com,9691500536,Hyderabad,Telangana,2024-06-24,Regular
641,Ira,Singh,ira.singh641@mail.com,9724556746,Chandigarh,Punjab,2024-03-20,Regular
642,Myra,Taylor,myra.taylor642@mail.com,9495824195,Bengaluru,Karnataka,2024-09-08,Regular
643,Diya,Anderson,diya.anderson643@mail.com,9298672324,Nagpur,Maharashtra,2022-12-27,Regular
644,Priya,Reddy,priya.reddy644@mail.com,9795316843,Chennai,Tamil Nadu,2022-02-13,Regular
645,Diya,Brown,diya.brown645@mail.com,9838054504,Lucknow,Uttar Pradesh,2023-01-20,Regular
646,Arjun,Taylor,arjun.taylor646@mail.com,9363339299,Ahmedabad,Gujarat,2025-08-14,New
647,Reyansh,Das,reyansh.das647@mail.com,9247415405,Kochi,Kerala,2022-01-25,Premium
648,David,Brown,david.brown648@mail.com,9122243544,Delhi,Delhi,2022-01-28,Premium
649,Aditya,Nair,aditya.nair649@mail.com,9366656201,Indore,Madhya Pradesh,2022-06-21,Regular
650,Karan,Sharma,karan.sharma650@mail.com,9950833480,Mumbai,Maharashtra,2022-08-06,Regular
651,Robert,Gupta,robert.gupta651@mail.com,9317241211,Bengaluru,Karnataka,2024-09-10,Premium
652,Sophia,Reddy,sophia.reddy652@mail.com,9430052121,Pune,Maharashtra,2024-09-07,Regular
653,Vihaan,Roy,vihaan.roy653@mail.com,9843073581,Chennai,Tamil Nadu,2025-07-09,Regular
654,Vivaan,Verma,vivaan.verma654@mail.com,9210397096,Jaipur,Rajasthan,2023-08-31,Regular
655,Emma,Nair,emma.nair655@mail.com,9101299672,Surat,Gujarat,2023-04-05,Regular
656,Olivia,Brown,olivia.brown656@mail.com,9258244325,Pune,Maharashtra,2025-09-04,Regular
657,David,Iyer,david.iyer657@mail.com,9628088326,Bengaluru,Karnataka,2022-08-14,Regular
658,Kiara,Johnson,kiara.johnson658@mail.com,9181915702,Lucknow,Uttar Pradesh,2023-11-15,Regular
659,Sai,Verma,sai.verma659@mail.com,9749083785,Bengaluru,Karnataka,2022-12-31,Regular
660,Robert,Malhotra,robert.malhotra660@mail.com,9294739706,Chandigarh,Punjab,2024-05-20,Regular
661,Pari,Malhotra,pari.malhotra661@mail.com,9977851100,Chennai,Tamil Nadu,2023-12-15,New
662,Ira,Kumar,ira.kumar662@mail.com,9810529016,Pune,Maharashtra,2023-06-28,New
663,Arjun,Sharma,arjun.sharma663@mail.com,9259604146,Indore,Madhya Pradesh,2025-09-05,Regular
664,Ishaan,Brown,ishaan.brown664@mail.com,9579635523,Kochi,Kerala,2024-09-06,New
665,Ayaan,Chatterjee,ayaan.chatterjee665@mail.com,9558974328,Kochi,Kerala,2023-07-25,Regular
666,James,Nair,james.nair666@mail.com,9295283935,Indore,Madhya Pradesh,2024-02-28,Regular
667,Priya,Taylor,priya.taylor667@mail.com,9616779646,Kochi,Kerala,2024-04-27,Premium
668,Robert,Nair,robert.nair668@mail.com,9961292259,Chandigarh,Punjab,2023-05-19,Regular
669,Pooja,Kumar,pooja.kumar669@mail.com,9678475440,Jaipur,Rajasthan,2024-10-05,Regular
670,Myra,Brown,myra.brown670@mail.com,9189783843,Lucknow,Uttar Pradesh,2024-05-13,Regular
671,Myra,Gupta,myra.gupta671@mail.com,9352536632,Pune,Maharashtra,2022-01-06,Regular
672,Vivaan,Johnson,vivaan.johnson672@mail.com,9699550021,Ahmedabad,Gujarat,2022-10-01,New
673,Vihaan,Johnson,vihaan.johnson673@mail.com,9487468897,Nagpur,Maharashtra,2022-10-13,Regular
674,Ishaan,Roy,ishaan.roy674@mail.com,9552127953,Hyderabad,Telangana,2023-03-08,New
675,Vihaan,Nair,vihaan.nair675@mail.com,9225880985,Kochi,Kerala,2025-12-12,Regular
676,Vivaan,Taylor,vivaan.taylor676@mail.com,9499092905,Mumbai,Maharashtra,2025-12-07,Regular
677,Sneha,Gupta,sneha.gupta677@mail.com,9611988629,Nagpur,Maharashtra,2025-05-01,New
678,Vivaan,Nair,vivaan.nair678@mail.com,9492177998,Bengaluru,Karnataka,2022-06-11,Regular
679,Aarav,Chatterjee,aarav.chatterjee679@mail.com,9992352458,Nagpur,Maharashtra,2024-05-02,Regular
680,Diya,Kumar,diya.kumar680@mail.com,9898389261,Bengaluru,Karnataka,2024-12-16,Premium
681,Pari,Kumar,pari.kumar681@mail.com,9541868896,Kochi,Kerala,2023-11-22,Regular
682,Aarav,Kapoor,aarav.kapoor682@mail.com,9219471674,Bengaluru,Karnataka,2022-05-03,New
683,Aditya,Malhotra,aditya.malhotra683@mail.com,9906522842,Bengaluru,Karnataka,2024-10-27,Regular
684,William,Taylor,william.taylor684@mail.com,9830040870,Surat,Gujarat,2024-07-19,Premium
685,Riya,Chatterjee,riya.chatterjee685@mail.com,9638881430,Chennai,Tamil Nadu,2025-12-23,Regular
686,Ananya,Mehta,ananya.mehta686@mail.com,9198716092,Jaipur,Rajasthan,2024-02-13,New
687,Krishna,Singh,krishna.singh687@mail.com,9529928824,Lucknow,Uttar Pradesh,2022-04-25,Regular
688,Diya,Roy,diya.roy688@mail.com,9749703359,Nagpur,Maharashtra,2022-06-08,New
689,Isabella,Kumar,isabella.kumar689@mail.com,9436284832,Chandigarh,Punjab,2025-08-07,Regular
690,David,Reddy,david.reddy690@mail.com,9158703244,Indore,Madhya Pradesh,2024-01-31,Premium
691,Saanvi,Mehta,saanvi.mehta691@mail.com,9216394564,Delhi,Delhi,2022-06-09,Regular
692,Robert,Sharma,robert.sharma692@mail.com,9357193290,Chennai,Tamil Nadu,2022-11-30,Regular
693,Arjun,Singh,arjun.singh693@mail.com,9741142796,Mumbai,Maharashtra,2023-09-26,Regular
694,Saanvi,Verma,saanvi.verma694@mail.com,9358057908,Chennai,Tamil Nadu,2022-06-24,New
695,Rohan,Verma,rohan.verma695@mail.com,9705310487,Indore,Madhya Pradesh,2024-09-17,Regular
696,James,Gupta,james.gupta696@mail.com,9431361946,Mumbai,Maharashtra,2024-01-01,Premium
697,William,Das,william.das697@mail.com,9309254786,Pune,Maharashtra,2024-03-11,Premium
698,Krishna,Iyer,krishna.iyer698@mail.com,9455750197,Kolkata,West Bengal,2024-10-28,Regular
699,Ishaan,Sharma,ishaan.sharma699@mail.com,9730474896,Indore,Madhya Pradesh,2024-02-22,Regular
700,Aditya,Kapoor,aditya.kapoor700@mail.com,9273111886,Bengaluru,Karnataka,2025-10-29,Regular
701,Sai,Patel,sai.patel701@mail.com,9331549411,Indore,Madhya Pradesh,2025-10-27,Premium
702,Ananya,Das,ananya.das702@mail.com,9654373758,Kochi,Kerala,2025-05-31,Premium
703,Robert,Anderson,robert.anderson703@mail.com,9943265140,Bengaluru,Karnataka,2023-11-26,Regular
704,Divya,Taylor,divya.taylor704@mail.com,9142963526,Surat,Gujarat,2025-12-30,Premium
705,David,Patel,david.patel705@mail.com,9324219451,Lucknow,Uttar Pradesh,2025-05-27,Regular
706,Ishaan,Chatterjee,ishaan.chatterjee706@mail.com,9774083993,Ahmedabad,Gujarat,2022-07-19,New
707,Ishaan,Kapoor,ishaan.kapoor707@mail.com,9687482857,Nagpur,Maharashtra,2022-06-28,Regular
708,Isabella,Smith,isabella.smith708@mail.com,9282232921,Surat,Gujarat,2023-08-29,Regular
709,Ira,Chatterjee,ira.chatterjee709@mail.com,9490120758,Pune,Maharashtra,2022-07-02,Regular
710,Isabella,Mehta,isabella.mehta710@mail.com,9608160077,Chennai,Tamil Nadu,2024-06-24,Premium
711,Krishna,Iyer,krishna.iyer711@mail.com,9710672894,Ahmedabad,Gujarat,2022-03-23,Regular
712,Kiara,Brown,kiara.brown712@mail.com,9539196085,Nagpur,Maharashtra,2025-06-23,New
713,Krishna,Anderson,krishna.anderson713@mail.com,9493775775,Jaipur,Rajasthan,2025-07-03,New
714,Michael,Gupta,michael.gupta714@mail.com,9832507637,Kolkata,West Bengal,2024-11-02,Regular
715,Aditya,Malhotra,aditya.malhotra715@mail.com,9791346700,Mumbai,Maharashtra,2023-05-17,Premium
716,Pooja,Sharma,pooja.sharma716@mail.com,9265959933,Nagpur,Maharashtra,2022-08-04,Regular
717,Ananya,Chatterjee,ananya.chatterjee717@mail.com,9528724081,Nagpur,Maharashtra,2022-05-30,Regular
718,Isabella,Gupta,isabella.gupta718@mail.com,9474669284,Ahmedabad,Gujarat,2024-08-17,Premium
719,Isabella,Iyer,isabella.iyer719@mail.com,9192151258,Bengaluru,Karnataka,2022-08-10,New
720,William,Taylor,william.taylor720@mail.com,9314180354,Kolkata,West Bengal,2023-11-05,Regular
721,Robert,Malhotra,robert.malhotra721@mail.com,9622155300,Hyderabad,Telangana,2025-12-09,Premium
722,Ayaan,Mehta,ayaan.mehta722@mail.com,9588100108,Mumbai,Maharashtra,2025-01-21,Regular
723,Rahul,Nair,rahul.nair723@mail.com,9787427108,Hyderabad,Telangana,2023-10-18,Premium
724,Karan,Brown,karan.brown724@mail.com,9167001765,Surat,Gujarat,2024-01-11,Premium
725,Rahul,Singh,rahul.singh725@mail.com,9158065294,Hyderabad,Telangana,2022-02-16,New
726,Olivia,Mehta,olivia.mehta726@mail.com,9370659482,Chandigarh,Punjab,2022-12-27,Regular
727,Arjun,Mehta,arjun.mehta727@mail.com,9534938971,Delhi,Delhi,2023-09-03,New
728,Sophia,Taylor,sophia.taylor728@mail.com,9663476031,Hyderabad,Telangana,2025-10-03,New
729,Diya,Verma,diya.verma729@mail.com,9199258043,Surat,Gujarat,2024-05-27,Regular
730,Pari,Reddy,pari.reddy730@mail.com,9313250824,Pune,Maharashtra,2024-05-08,Regular
731,Vikram,Reddy,vikram.reddy731@mail.com,9848065282,Kolkata,West Bengal,2023-12-28,New
732,Rohan,Brown,rohan.brown732@mail.com,9983706382,Mumbai,Maharashtra,2025-02-22,Premium
733,Karan,Singh,karan.singh733@mail.com,9183546470,Kochi,Kerala,2025-09-29,Premium
734,Ishaan,Smith,ishaan.smith734@mail.com,9813032149,Nagpur,Maharashtra,2023-10-11,Regular
735,Isabella,Nair,isabella.nair735@mail.com,9636275696,Nagpur,Maharashtra,2023-10-11,Regular
736,Emma,Mehta,emma.mehta736@mail.com,9659088455,Kochi,Kerala,2022-01-08,New
737,Krishna,Anderson,krishna.anderson737@mail.com,9786031253,Lucknow,Uttar Pradesh,2022-07-19,Regular
738,Saanvi,Taylor,saanvi.taylor738@mail.com,9847803291,Jaipur,Rajasthan,2022-12-07,Premium
739,Aadhya,Johnson,aadhya.johnson739@mail.com,9325231389,Hyderabad,Telangana,2025-10-23,Premium
740,Aarav,Johnson,aarav.johnson740@mail.com,9973788925,Pune,Maharashtra,2022-02-03,Regular
741,Pari,Das,pari.das741@mail.com,9979449864,Nagpur,Maharashtra,2022-09-13,Premium
742,Isabella,Taylor,isabella.taylor742@mail.com,9540649487,Pune,Maharashtra,2023-12-23,New
743,Olivia,Das,olivia.das743@mail.com,9921499620,Pune,Maharashtra,2022-08-21,New
744,Isabella,Taylor,isabella.taylor744@mail.com,9500636145,Bengaluru,Karnataka,2025-02-06,Premium
745,Vikram,Taylor,vikram.taylor745@mail.com,9509700501,Chennai,Tamil Nadu,2025-09-12,Premium
746,Olivia,Kapoor,olivia.kapoor746@mail.com,9853866212,Lucknow,Uttar Pradesh,2022-07-23,New
747,Reyansh,Gupta,reyansh.gupta747@mail.com,9797529095,Mumbai,Maharashtra,2025-06-16,New
748,Reyansh,Kumar,reyansh.kumar748@mail.com,9905245890,Indore,Madhya Pradesh,2025-07-01,New
749,Reyansh,Anderson,reyansh.anderson749@mail.com,9640480318,Lucknow,Uttar Pradesh,2022-03-08,Premium
750,Emma,Singh,emma.singh750@mail.com,9339314901,Indore,Madhya Pradesh,2024-07-20,Premium
751,Ayaan,Singh,ayaan.singh751@mail.com,9604201501,Delhi,Delhi,2023-12-20,New
752,Isabella,Taylor,isabella.taylor752@mail.com,9980917094,Chandigarh,Punjab,2025-12-12,Premium
753,William,Sharma,william.sharma753@mail.com,9502270717,Indore,Madhya Pradesh,2023-04-04,Regular
754,Ira,Mehta,ira.mehta754@mail.com,9430064674,Nagpur,Maharashtra,2024-04-29,Premium
755,Aarav,Taylor,aarav.taylor755@mail.com,9135084096,Mumbai,Maharashtra,2022-02-23,Regular
756,Michael,Das,michael.das756@mail.com,9980505222,Kochi,Kerala,2025-05-13,Regular
757,Ananya,Chatterjee,ananya.chatterjee757@mail.com,9561730121,Hyderabad,Telangana,2025-02-12,New
758,Saanvi,Malhotra,saanvi.malhotra758@mail.com,9791956127,Kolkata,West Bengal,2022-04-16,New
759,Rohan,Taylor,rohan.taylor759@mail.com,9238373601,Chandigarh,Punjab,2024-03-10,New
760,Diya,Brown,diya.brown760@mail.com,9441584059,Jaipur,Rajasthan,2022-11-21,Regular
761,Reyansh,Nair,reyansh.nair761@mail.com,9641441883,Delhi,Delhi,2025-07-17,Premium
762,William,Mehta,william.mehta762@mail.com,9999084701,Jaipur,Rajasthan,2022-11-22,New
763,Aadhya,Gupta,aadhya.gupta763@mail.com,9200142973,Mumbai,Maharashtra,2024-06-14,Regular
764,Sneha,Nair,sneha.nair764@mail.com,9129869705,Lucknow,Uttar Pradesh,2025-12-20,Regular
765,Sai,Chatterjee,sai.chatterjee765@mail.com,9510604082,Mumbai,Maharashtra,2022-09-25,New
766,John,Reddy,john.reddy766@mail.com,9357399415,Chandigarh,Punjab,2023-03-31,Regular
767,Vikram,Patel,vikram.patel767@mail.com,9879872234,Indore,Madhya Pradesh,2024-02-14,Premium
768,Vihaan,Mehta,vihaan.mehta768@mail.com,9189081236,Surat,Gujarat,2022-10-22,Premium
769,Sneha,Iyer,sneha.iyer769@mail.com,9219111815,Ahmedabad,Gujarat,2025-05-05,Regular
770,Ishaan,Kapoor,ishaan.kapoor770@mail.com,9381314639,Surat,Gujarat,2023-01-05,Regular
771,Priya,Johnson,priya.johnson771@mail.com,9323308727,Kolkata,West Bengal,2022-07-26,Regular
772,Vivaan,Taylor,vivaan.taylor772@mail.com,9179001593,Ahmedabad,Gujarat,2025-07-05,Regular
773,Emma,Brown,emma.brown773@mail.com,9436709263,Chandigarh,Punjab,2024-07-12,New
774,Diya,Kapoor,diya.kapoor774@mail.com,9110888052,Surat,Gujarat,2023-01-01,Premium
775,Karan,Verma,karan.verma775@mail.com,9225850205,Pune,Maharashtra,2023-12-12,Regular
776,Divya,Malhotra,divya.malhotra776@mail.com,9686781414,Mumbai,Maharashtra,2022-11-21,Regular
777,Riya,Iyer,riya.iyer777@mail.com,9307066016,Lucknow,Uttar Pradesh,2022-03-02,Regular
778,Neha,Das,neha.das778@mail.com,9917075631,Bengaluru,Karnataka,2023-03-19,New
779,Ayaan,Singh,ayaan.singh779@mail.com,9131672825,Pune,Maharashtra,2022-10-11,Regular
780,Krishna,Mehta,krishna.mehta780@mail.com,9393847145,Ahmedabad,Gujarat,2023-02-13,New
781,John,Roy,john.roy781@mail.com,9799998639,Chennai,Tamil Nadu,2024-08-14,Premium
782,Priya,Taylor,priya.taylor782@mail.com,9650460773,Kolkata,West Bengal,2023-01-31,Regular
783,Saanvi,Mehta,saanvi.mehta783@mail.com,9521793625,Delhi,Delhi,2025-04-10,Premium
784,Sneha,Kapoor,sneha.kapoor784@mail.com,9277868678,Indore,Madhya Pradesh,2023-02-26,New
785,Priya,Taylor,priya.taylor785@mail.com,9579058222,Kolkata,West Bengal,2025-05-06,Premium
786,James,Malhotra,james.malhotra786@mail.com,9215490714,Lucknow,Uttar Pradesh,2024-02-24,Regular
787,Rohan,Johnson,rohan.johnson787@mail.com,9501537013,Surat,Gujarat,2025-07-19,New
788,Sophia,Reddy,sophia.reddy788@mail.com,9136249528,Jaipur,Rajasthan,2023-06-03,Premium
789,Kiara,Malhotra,kiara.malhotra789@mail.com,9987647778,Surat,Gujarat,2025-08-14,New
790,Neha,Johnson,neha.johnson790@mail.com,9527678529,Mumbai,Maharashtra,2022-08-23,Regular
791,James,Taylor,james.taylor791@mail.com,9949218518,Bengaluru,Karnataka,2024-01-03,Regular
792,Aadhya,Johnson,aadhya.johnson792@mail.com,9499393610,Bengaluru,Karnataka,2023-10-06,Regular
793,James,Sharma,james.sharma793@mail.com,9869660954,Pune,Maharashtra,2023-03-14,Regular
794,James,Patel,james.patel794@mail.com,9703056990,Delhi,Delhi,2024-02-29,Regular
795,Aadhya,Das,aadhya.das795@mail.com,9333499573,Delhi,Delhi,2025-02-22,Regular
796,Karan,Gupta,karan.gupta796@mail.com,9716272392,Surat,Gujarat,2025-08-16,Regular
797,Olivia,Smith,olivia.smith797@mail.com,9973375668,Pune,Maharashtra,2023-02-10,Regular
798,Priya,Kumar,priya.kumar798@mail.com,9150242357,Chennai,Tamil Nadu,2024-05-12,Regular
799,Sophia,Reddy,sophia.reddy799@mail.com,9745781277,Pune,Maharashtra,2025-04-25,Regular
800,Rohan,Sharma,rohan.sharma800@mail.com,9406056061,Mumbai,Maharashtra,2025-08-11,Premium
801,Rohan,Sharma,rohan.sharma801@mail.com,9595823751,Chennai,Tamil Nadu,2022-09-26,New
802,William,Verma,william.verma802@mail.com,9672805833,Surat,Gujarat,2024-12-16,Regular
803,Vivaan,Gupta,vivaan.gupta803@mail.com,9604544144,Delhi,Delhi,2024-04-30,Premium
804,Ira,Smith,ira.smith804@mail.com,9909270926,Pune,Maharashtra,2024-03-30,Regular
805,James,Kumar,james.kumar805@mail.com,9757474294,Mumbai,Maharashtra,2024-03-16,Regular
806,Isabella,Kumar,isabella.kumar806@mail.com,9788372804,Surat,Gujarat,2022-09-06,New
807,Divya,Iyer,divya.iyer807@mail.com,9131447949,Hyderabad,Telangana,2022-04-08,New
808,Krishna,Iyer,krishna.iyer808@mail.com,9446667253,Nagpur,Maharashtra,2025-11-09,Premium
809,Myra,Reddy,myra.reddy809@mail.com,9194507238,Hyderabad,Telangana,2024-01-26,New
810,Vikram,Sharma,vikram.sharma810@mail.com,9838993413,Nagpur,Maharashtra,2022-04-18,Regular
811,Aditya,Iyer,aditya.iyer811@mail.com,9151543246,Chennai,Tamil Nadu,2022-06-03,Regular
812,Divya,Brown,divya.brown812@mail.com,9389815857,Kochi,Kerala,2022-12-15,New
813,Sneha,Anderson,sneha.anderson813@mail.com,9228743171,Bengaluru,Karnataka,2023-10-16,New
814,Sneha,Taylor,sneha.taylor814@mail.com,9783870083,Ahmedabad,Gujarat,2025-09-30,Regular
815,Neha,Patel,neha.patel815@mail.com,9720498993,Ahmedabad,Gujarat,2025-09-16,Regular
816,Ira,Smith,ira.smith816@mail.com,9929620151,Kochi,Kerala,2024-09-15,Regular
817,Riya,Kapoor,riya.kapoor817@mail.com,9863839938,Delhi,Delhi,2023-12-24,Premium
818,Anika,Singh,anika.singh818@mail.com,9846213062,Delhi,Delhi,2022-06-03,New
819,Vihaan,Singh,vihaan.singh819@mail.com,9114096192,Chandigarh,Punjab,2023-03-19,Regular
820,David,Singh,david.singh820@mail.com,9623605451,Delhi,Delhi,2023-11-29,Regular
821,Sneha,Das,sneha.das821@mail.com,9651825253,Nagpur,Maharashtra,2023-10-04,Premium
822,Pari,Anderson,pari.anderson822@mail.com,9803611574,Bengaluru,Karnataka,2024-10-30,Regular
823,Krishna,Patel,krishna.patel823@mail.com,9490459543,Kolkata,West Bengal,2024-07-15,New
824,Amit,Singh,amit.singh824@mail.com,9937541239,Kolkata,West Bengal,2023-01-20,Regular
825,Olivia,Reddy,olivia.reddy825@mail.com,9836872507,Chennai,Tamil Nadu,2025-03-28,Premium
826,Ishaan,Anderson,ishaan.anderson826@mail.com,9215076545,Kochi,Kerala,2022-08-14,Regular
827,Isabella,Reddy,isabella.reddy827@mail.com,9386427794,Mumbai,Maharashtra,2024-09-02,Premium
828,Sophia,Johnson,sophia.johnson828@mail.com,9385162989,Delhi,Delhi,2025-02-01,Regular
829,Olivia,Singh,olivia.singh829@mail.com,9261727042,Kolkata,West Bengal,2024-10-25,Regular
830,Robert,Verma,robert.verma830@mail.com,9573885859,Chennai,Tamil Nadu,2024-01-28,Regular
831,David,Taylor,david.taylor831@mail.com,9308232501,Chennai,Tamil Nadu,2023-01-23,Regular
832,Karan,Mehta,karan.mehta832@mail.com,9668613679,Lucknow,Uttar Pradesh,2024-10-07,Regular
833,Reyansh,Verma,reyansh.verma833@mail.com,9794007506,Hyderabad,Telangana,2022-08-16,Regular
834,Vihaan,Verma,vihaan.verma834@mail.com,9717649055,Chennai,Tamil Nadu,2023-05-04,Regular
835,Reyansh,Mehta,reyansh.mehta835@mail.com,9343164953,Surat,Gujarat,2025-06-24,Premium
836,William,Brown,william.brown836@mail.com,9521857514,Delhi,Delhi,2023-03-27,Premium
837,Ira,Kumar,ira.kumar837@mail.com,9320874465,Bengaluru,Karnataka,2023-02-21,Regular
838,Kiara,Malhotra,kiara.malhotra838@mail.com,9409214702,Kochi,Kerala,2022-01-07,Regular
839,Amit,Malhotra,amit.malhotra839@mail.com,9611915355,Kochi,Kerala,2023-09-18,New
840,Anika,Reddy,anika.reddy840@mail.com,9438349464,Chandigarh,Punjab,2022-05-23,Regular
841,Robert,Anderson,robert.anderson841@mail.com,9252292721,Mumbai,Maharashtra,2025-09-26,Regular
842,Robert,Sharma,robert.sharma842@mail.com,9290605328,Chennai,Tamil Nadu,2022-06-07,Regular
843,Aarav,Malhotra,aarav.malhotra843@mail.com,9478111358,Ahmedabad,Gujarat,2025-04-09,Regular
844,Anika,Kumar,anika.kumar844@mail.com,9217452325,Mumbai,Maharashtra,2022-02-05,Premium
845,Kiara,Patel,kiara.patel845@mail.com,9664003494,Jaipur,Rajasthan,2022-12-09,Premium
846,Reyansh,Iyer,reyansh.iyer846@mail.com,9427064197,Indore,Madhya Pradesh,2023-11-19,Regular
847,John,Roy,john.roy847@mail.com,9376316195,Chandigarh,Punjab,2024-09-23,Regular
848,Isabella,Sharma,isabella.sharma848@mail.com,9988789236,Pune,Maharashtra,2023-09-09,Premium
849,Neha,Malhotra,neha.malhotra849@mail.com,9620072052,Delhi,Delhi,2023-07-07,Premium
850,Vivaan,Nair,vivaan.nair850@mail.com,9540576610,Nagpur,Maharashtra,2023-03-28,Premium
851,Ishaan,Johnson,ishaan.johnson851@mail.com,9634543293,Mumbai,Maharashtra,2023-05-16,Premium
852,Olivia,Johnson,olivia.johnson852@mail.com,9321521012,Kochi,Kerala,2022-07-02,Regular
853,David,Iyer,david.iyer853@mail.com,9394123530,Surat,Gujarat,2025-07-07,Premium
854,Sophia,Das,sophia.das854@mail.com,9287853549,Chennai,Tamil Nadu,2025-10-22,Regular
855,Robert,Brown,robert.brown855@mail.com,9732592673,Kolkata,West Bengal,2023-07-20,Regular
856,Aditya,Chatterjee,aditya.chatterjee856@mail.com,9658429212,Kochi,Kerala,2023-12-05,New
857,Ayaan,Taylor,ayaan.taylor857@mail.com,9953982207,Ahmedabad,Gujarat,2025-03-06,New
858,John,Kapoor,john.kapoor858@mail.com,9218316226,Mumbai,Maharashtra,2024-10-18,New
859,Ishaan,Anderson,ishaan.anderson859@mail.com,9831135579,Bengaluru,Karnataka,2024-12-07,New
860,Divya,Roy,divya.roy860@mail.com,9813308517,Bengaluru,Karnataka,2023-09-14,Regular
861,Arjun,Kapoor,arjun.kapoor861@mail.com,9116742210,Ahmedabad,Gujarat,2022-03-25,Regular
862,Sneha,Iyer,sneha.iyer862@mail.com,9157115850,Ahmedabad,Gujarat,2023-09-19,Regular
863,John,Sharma,john.sharma863@mail.com,9153581912,Chennai,Tamil Nadu,2022-10-10,Regular
864,Kiara,Das,kiara.das864@mail.com,9814388348,Indore,Madhya Pradesh,2025-02-22,Regular
865,Sai,Mehta,sai.mehta865@mail.com,9253163103,Kochi,Kerala,2023-02-07,Regular
866,Sai,Kapoor,sai.kapoor866@mail.com,9334996742,Mumbai,Maharashtra,2024-08-27,New
867,Anika,Brown,anika.brown867@mail.com,9553723877,Kolkata,West Bengal,2022-07-20,New
868,Pari,Malhotra,pari.malhotra868@mail.com,9433650030,Bengaluru,Karnataka,2025-02-28,Regular
869,James,Chatterjee,james.chatterjee869@mail.com,9249439479,Chandigarh,Punjab,2023-02-13,Regular
870,Emma,Roy,emma.roy870@mail.com,9314236379,Chennai,Tamil Nadu,2023-09-17,Regular
871,Rohan,Anderson,rohan.anderson871@mail.com,9686081231,Bengaluru,Karnataka,2024-02-09,Premium
872,Olivia,Iyer,olivia.iyer872@mail.com,9248831220,Jaipur,Rajasthan,2024-06-24,Premium
873,Amit,Johnson,amit.johnson873@mail.com,9602917984,Pune,Maharashtra,2024-05-25,Regular
874,Emma,Anderson,emma.anderson874@mail.com,9129713590,Surat,Gujarat,2025-02-18,Regular
875,Emma,Gupta,emma.gupta875@mail.com,9911594694,Bengaluru,Karnataka,2025-06-13,New
876,Anika,Chatterjee,anika.chatterjee876@mail.com,9649977856,Pune,Maharashtra,2022-09-18,Premium
877,Rohan,Kapoor,rohan.kapoor877@mail.com,9157483870,Indore,Madhya Pradesh,2024-03-15,Regular
878,Aarav,Anderson,aarav.anderson878@mail.com,9967026146,Indore,Madhya Pradesh,2024-11-26,Regular
879,Vihaan,Gupta,vihaan.gupta879@mail.com,9158725903,Chennai,Tamil Nadu,2025-08-23,Regular
880,Karan,Iyer,karan.iyer880@mail.com,9982551497,Chennai,Tamil Nadu,2025-03-04,Regular
881,Robert,Verma,robert.verma881@mail.com,9230398085,Kochi,Kerala,2025-04-12,Premium
882,Vihaan,Singh,vihaan.singh882@mail.com,9654334283,Bengaluru,Karnataka,2025-02-25,Premium
883,Priya,Nair,priya.nair883@mail.com,9340028091,Surat,Gujarat,2025-10-15,Premium
884,Ishaan,Kapoor,ishaan.kapoor884@mail.com,9774566985,Chennai,Tamil Nadu,2022-01-14,New
885,Divya,Singh,divya.singh885@mail.com,9223167705,Delhi,Delhi,2022-01-01,Regular
886,Ayaan,Das,ayaan.das886@mail.com,9204006538,Hyderabad,Telangana,2023-02-23,Regular
887,Vivaan,Das,vivaan.das887@mail.com,9576543671,Kolkata,West Bengal,2022-04-24,New
888,Pari,Brown,pari.brown888@mail.com,9619389882,Bengaluru,Karnataka,2023-04-27,New
889,Vikram,Mehta,vikram.mehta889@mail.com,9982279119,Lucknow,Uttar Pradesh,2025-10-27,Regular
890,Divya,Iyer,divya.iyer890@mail.com,9564236248,Bengaluru,Karnataka,2025-07-26,Regular
891,Ishaan,Patel,ishaan.patel891@mail.com,9283368785,Jaipur,Rajasthan,2025-12-03,Regular
892,Rahul,Kumar,rahul.kumar892@mail.com,9411423990,Chennai,Tamil Nadu,2025-09-29,Regular
893,Sneha,Kumar,sneha.kumar893@mail.com,9494427683,Chandigarh,Punjab,2023-07-18,Regular
894,Reyansh,Anderson,reyansh.anderson894@mail.com,9547639171,Nagpur,Maharashtra,2024-05-20,Regular
895,Kiara,Anderson,kiara.anderson895@mail.com,9228984845,Lucknow,Uttar Pradesh,2024-03-08,Regular
896,Pari,Verma,pari.verma896@mail.com,9792680500,Chandigarh,Punjab,2025-09-07,Premium
897,Aditya,Johnson,aditya.johnson897@mail.com,9249576019,Ahmedabad,Gujarat,2024-07-27,Regular
898,Ananya,Johnson,ananya.johnson898@mail.com,9637556364,Nagpur,Maharashtra,2024-10-27,Regular
899,Neha,Brown,neha.brown899@mail.com,9650878040,Delhi,Delhi,2022-12-24,Premium
900,John,Chatterjee,john.chatterjee900@mail.com,9464311019,Ahmedabad,Gujarat,2022-10-14,Regular
901,Pari,Brown,pari.brown901@mail.com,9173240044,Surat,Gujarat,2025-08-14,Regular
902,Rahul,Malhotra,rahul.malhotra902@mail.com,9807565596,Bengaluru,Karnataka,2025-03-25,Premium
903,Amit,Das,amit.das903@mail.com,9378341816,Bengaluru,Karnataka,2025-11-30,Regular
904,Sneha,Johnson,sneha.johnson904@mail.com,9727594817,Lucknow,Uttar Pradesh,2024-04-06,Regular
905,Vivaan,Reddy,vivaan.reddy905@mail.com,9348790611,Delhi,Delhi,2025-09-24,Regular
906,Rahul,Smith,rahul.smith906@mail.com,9915946380,Hyderabad,Telangana,2023-04-30,Regular
907,Diya,Brown,diya.brown907@mail.com,9911548967,Kolkata,West Bengal,2022-05-12,Regular
908,Riya,Iyer,riya.iyer908@mail.com,9140177565,Nagpur,Maharashtra,2022-05-30,Regular
909,Michael,Malhotra,michael.malhotra909@mail.com,9777846827,Nagpur,Maharashtra,2022-03-02,New
910,James,Iyer,james.iyer910@mail.com,9850251037,Ahmedabad,Gujarat,2024-02-13,Regular
911,Rohan,Roy,rohan.roy911@mail.com,9314463212,Hyderabad,Telangana,2023-06-02,Regular
912,Kiara,Patel,kiara.patel912@mail.com,9316029059,Kochi,Kerala,2022-11-28,Regular
913,Neha,Singh,neha.singh913@mail.com,9192361447,Lucknow,Uttar Pradesh,2022-02-19,Premium
914,Reyansh,Singh,reyansh.singh914@mail.com,9135690309,Indore,Madhya Pradesh,2022-10-15,New
915,Michael,Taylor,michael.taylor915@mail.com,9710202137,Jaipur,Rajasthan,2022-05-28,Regular
916,Neha,Kumar,neha.kumar916@mail.com,9304157942,Nagpur,Maharashtra,2023-03-01,Premium
917,Rahul,Das,rahul.das917@mail.com,9478070996,Pune,Maharashtra,2025-06-20,New
918,Krishna,Gupta,krishna.gupta918@mail.com,9571241735,Kolkata,West Bengal,2025-07-04,Regular
919,Arjun,Chatterjee,arjun.chatterjee919@mail.com,9183906278,Bengaluru,Karnataka,2024-11-25,Regular
920,Ayaan,Kumar,ayaan.kumar920@mail.com,9347576416,Mumbai,Maharashtra,2025-05-16,Regular
921,Vivaan,Patel,vivaan.patel921@mail.com,9981894010,Chennai,Tamil Nadu,2023-05-30,Regular
922,John,Gupta,john.gupta922@mail.com,9269504123,Chennai,Tamil Nadu,2022-06-03,Regular
923,Anika,Das,anika.das923@mail.com,9756321848,Jaipur,Rajasthan,2023-10-02,Regular
924,Vihaan,Roy,vihaan.roy924@mail.com,9848954148,Surat,Gujarat,2022-08-16,Premium
925,Riya,Sharma,riya.sharma925@mail.com,9134654722,Pune,Maharashtra,2024-05-13,Regular
926,Robert,Verma,robert.verma926@mail.com,9249560024,Hyderabad,Telangana,2025-01-25,New
927,Robert,Verma,robert.verma927@mail.com,9352992044,Ahmedabad,Gujarat,2022-05-30,New
928,Rohan,Malhotra,rohan.malhotra928@mail.com,9854938030,Nagpur,Maharashtra,2022-03-14,Regular
929,Arjun,Taylor,arjun.taylor929@mail.com,9742256122,Kochi,Kerala,2025-06-08,New
930,Pooja,Kumar,pooja.kumar930@mail.com,9239011533,Chennai,Tamil Nadu,2022-03-27,Regular
931,Priya,Das,priya.das931@mail.com,9341855018,Chandigarh,Punjab,2023-12-19,Regular
932,Pari,Patel,pari.patel932@mail.com,9123024522,Surat,Gujarat,2022-04-24,Regular
933,Saanvi,Roy,saanvi.roy933@mail.com,9752984167,Nagpur,Maharashtra,2024-02-16,Premium
934,Vivaan,Roy,vivaan.roy934@mail.com,9617729686,Mumbai,Maharashtra,2024-03-03,Premium
935,Krishna,Taylor,krishna.taylor935@mail.com,9853055712,Kolkata,West Bengal,2025-01-30,Regular
936,Sophia,Iyer,sophia.iyer936@mail.com,9761052590,Surat,Gujarat,2024-01-24,Regular
937,Robert,Taylor,robert.taylor937@mail.com,9162193817,Hyderabad,Telangana,2023-04-21,Regular
938,Aarav,Patel,aarav.patel938@mail.com,9543525682,Kochi,Kerala,2025-01-03,Premium
939,Aarav,Patel,aarav.patel939@mail.com,9972546113,Mumbai,Maharashtra,2022-06-06,Regular
940,Sophia,Reddy,sophia.reddy940@mail.com,9403435126,Mumbai,Maharashtra,2023-10-06,Regular
941,Anika,Kapoor,anika.kapoor941@mail.com,9239281757,Lucknow,Uttar Pradesh,2024-03-25,Regular
942,Ayaan,Gupta,ayaan.gupta942@mail.com,9182010113,Chennai,Tamil Nadu,2025-01-18,Regular
943,John,Patel,john.patel943@mail.com,9576249422,Kochi,Kerala,2023-09-12,New
944,Pooja,Kapoor,pooja.kapoor944@mail.com,9801844762,Hyderabad,Telangana,2024-12-14,New
945,James,Roy,james.roy945@mail.com,9640570384,Delhi,Delhi,2022-04-21,Regular
946,Emma,Malhotra,emma.malhotra946@mail.com,9622061542,Chennai,Tamil Nadu,2022-06-10,Regular
947,Krishna,Das,krishna.das947@mail.com,9347536065,Chennai,Tamil Nadu,2025-02-06,Regular
948,Michael,Nair,michael.nair948@mail.com,9138512618,Hyderabad,Telangana,2025-12-01,Regular
949,Isabella,Iyer,isabella.iyer949@mail.com,9122859588,Ahmedabad,Gujarat,2022-03-11,Regular
950,Sneha,Brown,sneha.brown950@mail.com,9422565839,Nagpur,Maharashtra,2022-06-23,Regular
951,Divya,Brown,divya.brown951@mail.com,9631886065,Mumbai,Maharashtra,2024-02-23,Regular
952,Aditya,Patel,aditya.patel952@mail.com,9320901039,Kolkata,West Bengal,2023-01-13,Premium
953,Vikram,Verma,vikram.verma953@mail.com,9809101742,Chennai,Tamil Nadu,2022-03-06,Regular
954,John,Sharma,john.sharma954@mail.com,9753628836,Indore,Madhya Pradesh,2023-11-20,New
955,Riya,Chatterjee,riya.chatterjee955@mail.com,9332512511,Indore,Madhya Pradesh,2022-02-26,Regular
956,Divya,Taylor,divya.taylor956@mail.com,9559077447,Indore,Madhya Pradesh,2022-04-27,New
957,Pooja,Brown,pooja.brown957@mail.com,9874486781,Surat,Gujarat,2025-10-20,Regular
958,Vikram,Anderson,vikram.anderson958@mail.com,9555089389,Lucknow,Uttar Pradesh,2025-03-09,Premium
959,Riya,Reddy,riya.reddy959@mail.com,9509408129,Ahmedabad,Gujarat,2023-05-03,Regular
960,Aarav,Mehta,aarav.mehta960@mail.com,9958552071,Chandigarh,Punjab,2023-07-16,Regular
961,Anika,Roy,anika.roy961@mail.com,9417639590,Pune,Maharashtra,2025-03-15,Regular
962,Divya,Mehta,divya.mehta962@mail.com,9488366909,Chennai,Tamil Nadu,2025-09-12,Regular
963,Karan,Sharma,karan.sharma963@mail.com,9233472999,Chennai,Tamil Nadu,2025-03-10,Premium
964,Riya,Reddy,riya.reddy964@mail.com,9576535947,Ahmedabad,Gujarat,2022-02-05,Regular
965,Isabella,Verma,isabella.verma965@mail.com,9485176589,Ahmedabad,Gujarat,2025-07-30,New
966,Aadhya,Taylor,aadhya.taylor966@mail.com,9162904986,Lucknow,Uttar Pradesh,2022-06-12,Regular
967,Divya,Roy,divya.roy967@mail.com,9437183417,Delhi,Delhi,2024-06-21,Regular
968,Ira,Mehta,ira.mehta968@mail.com,9631425891,Bengaluru,Karnataka,2023-04-11,Premium
969,Ishaan,Malhotra,ishaan.malhotra969@mail.com,9804351176,Mumbai,Maharashtra,2023-04-22,Regular
970,Aditya,Reddy,aditya.reddy970@mail.com,9834913342,Jaipur,Rajasthan,2024-06-20,Premium
971,Aditya,Roy,aditya.roy971@mail.com,9870256962,Hyderabad,Telangana,2022-05-05,New
972,Riya,Mehta,riya.mehta972@mail.com,9117306759,Chandigarh,Punjab,2023-12-25,Regular
973,Aditya,Malhotra,aditya.malhotra973@mail.com,9352003839,Pune,Maharashtra,2022-08-12,Regular
974,Sophia,Iyer,sophia.iyer974@mail.com,9648720210,Delhi,Delhi,2023-05-01,Regular
975,Rohan,Johnson,rohan.johnson975@mail.com,9990279988,Nagpur,Maharashtra,2025-10-26,Regular
976,Olivia,Kapoor,olivia.kapoor976@mail.com,9253630427,Mumbai,Maharashtra,2023-10-31,Premium
977,Michael,Smith,michael.smith977@mail.com,9538234355,Surat,Gujarat,2025-08-28,Regular
978,Kiara,Malhotra,kiara.malhotra978@mail.com,9133455009,Bengaluru,Karnataka,2024-01-25,Regular
979,Ishaan,Chatterjee,ishaan.chatterjee979@mail.com,9127418311,Delhi,Delhi,2025-06-01,Regular
980,James,Das,james.das980@mail.com,9868550002,Indore,Madhya Pradesh,2024-11-06,Premium
981,John,Singh,john.singh981@mail.com,9506776019,Nagpur,Maharashtra,2025-04-08,Regular
982,Ishaan,Brown,ishaan.brown982@mail.com,9918848216,Chandigarh,Punjab,2022-06-10,New
983,Myra,Chatterjee,myra.chatterjee983@mail.com,9640624591,Lucknow,Uttar Pradesh,2025-07-14,Regular
984,Emma,Roy,emma.roy984@mail.com,9887101785,Delhi,Delhi,2024-12-16,Premium
985,Karan,Kumar,karan.kumar985@mail.com,9807808200,Jaipur,Rajasthan,2024-12-01,Regular
986,Ira,Singh,ira.singh986@mail.com,9997657767,Lucknow,Uttar Pradesh,2023-08-24,New
987,Robert,Patel,robert.patel987@mail.com,9957926104,Indore,Madhya Pradesh,2024-01-12,Regular
988,James,Iyer,james.iyer988@mail.com,9844181609,Hyderabad,Telangana,2024-06-30,Premium
989,Emma,Johnson,emma.johnson989@mail.com,9185566562,Pune,Maharashtra,2025-02-21,Regular
990,Michael,Kumar,michael.kumar990@mail.com,9749848507,Hyderabad,Telangana,2024-07-08,Premium
991,Myra,Chatterjee,myra.chatterjee991@mail.com,9988866136,Nagpur,Maharashtra,2022-09-14,New
992,Anika,Taylor,anika.taylor992@mail.com,9823814870,Lucknow,Uttar Pradesh,2025-09-25,Regular
993,Riya,Kapoor,riya.kapoor993@mail.com,9466759935,Pune,Maharashtra,2022-08-30,Regular
994,Emma,Das,emma.das994@mail.com,9259341757,Lucknow,Uttar Pradesh,2024-10-09,Premium
995,Saanvi,Reddy,saanvi.reddy995@mail.com,9587553038,Mumbai,Maharashtra,2022-12-08,Regular
996,Riya,Roy,riya.roy996@mail.com,9863840464,Surat,Gujarat,2024-08-20,Premium
997,Krishna,Verma,krishna.verma997@mail.com,9995348812,Kolkata,West Bengal,2022-02-19,Premium
998,Arjun,Nair,arjun.nair998@mail.com,9652866539,Nagpur,Maharashtra,2024-12-20,New
999,Olivia,Johnson,olivia.johnson999@mail.com,9236851601,Kolkata,West Bengal,2025-11-28,Premium
1000,Kiara,Iyer,kiara.iyer1000@mail.com,9461645150,Surat,Gujarat,2023-11-21,Premium
1001,Divya,Iyer,divya.iyer1001@mail.com,9875434424,Mumbai,Maharashtra,2022-06-01,Premium
1002,John,Anderson,john.anderson1002@mail.com,9539025895,Chandigarh,Punjab,2024-07-10,Premium
1003,Olivia,Kapoor,olivia.kapoor1003@mail.com,9913531298,Ahmedabad,Gujarat,2025-12-04,Regular
1004,Diya,Chatterjee,diya.chatterjee1004@mail.com,9980582182,Surat,Gujarat,2024-11-09,Regular
1005,Aarav,Chatterjee,aarav.chatterjee1005@mail.com,9736780736,Pune,Maharashtra,2025-10-12,Premium
1006,David,Smith,david.smith1006@mail.com,9570929255,Bengaluru,Karnataka,2024-11-07,Premium
1007,Ira,Iyer,ira.iyer1007@mail.com,9349391082,Chennai,Tamil Nadu,2024-10-07,Regular
1008,Rohan,Das,rohan.das1008@mail.com,9663922382,Lucknow,Uttar Pradesh,2024-11-06,New
1009,Olivia,Kapoor,olivia.kapoor1009@mail.com,9446603943,Kolkata,West Bengal,2023-10-15,Premium
1010,Ishaan,Verma,ishaan.verma1010@mail.com,9974012076,Kochi,Kerala,2023-03-08,Regular
1011,Ira,Chatterjee,ira.chatterjee1011@mail.com,9760863928,Pune,Maharashtra,2022-07-23,Regular
1012,Ananya,Iyer,ananya.iyer1012@mail.com,9409069241,Chennai,Tamil Nadu,2024-09-23,Regular
1013,Ananya,Kapoor,ananya.kapoor1013@mail.com,9378559780,Lucknow,Uttar Pradesh,2022-08-06,New
1014,Ira,Nair,ira.nair1014@mail.com,9203053463,Hyderabad,Telangana,2025-02-04,New
1015,Ananya,Sharma,ananya.sharma1015@mail.com,9742518018,Surat,Gujarat,2022-03-23,New
1016,Vikram,Roy,vikram.roy1016@mail.com,9957911130,Hyderabad,Telangana,2022-01-14,Regular
1017,Vivaan,Johnson,vivaan.johnson1017@mail.com,9318120920,Chennai,Tamil Nadu,2025-03-15,Regular
1018,Sophia,Das,sophia.das1018@mail.com,9235483349,Nagpur,Maharashtra,2024-07-18,Regular
1019,Ayaan,Iyer,ayaan.iyer1019@mail.com,9577176303,Surat,Gujarat,2024-06-04,Regular
1020,Sai,Nair,sai.nair1020@mail.com,9398986845,Kochi,Kerala,2025-10-01,Regular
1021,John,Gupta,john.gupta1021@mail.com,9899161913,Indore,Madhya Pradesh,2023-04-01,Premium
1022,James,Reddy,james.reddy1022@mail.com,9644451715,Pune,Maharashtra,2023-07-20,Regular
1023,Amit,Gupta,amit.gupta1023@mail.com,9858931242,Kochi,Kerala,2023-10-07,New
1024,Aditya,Taylor,aditya.taylor1024@mail.com,9207845338,Surat,Gujarat,2025-12-15,Premium
1025,James,Singh,james.singh1025@mail.com,9699330783,Chandigarh,Punjab,2025-07-06,Regular
1026,Aarav,Patel,aarav.patel1026@mail.com,9246968057,Lucknow,Uttar Pradesh,2024-02-10,New
1027,Myra,Singh,myra.singh1027@mail.com,9384848723,Ahmedabad,Gujarat,2022-11-07,Regular
1028,Diya,Kumar,diya.kumar1028@mail.com,9403439088,Bengaluru,Karnataka,2023-02-11,Premium
1029,Sai,Das,sai.das1029@mail.com,9876619853,Kochi,Kerala,2023-03-15,Regular
1030,Arjun,Kumar,arjun.kumar1030@mail.com,9698865714,Lucknow,Uttar Pradesh,2023-03-04,Premium
1031,Aditya,Taylor,aditya.taylor1031@mail.com,9838714681,Chennai,Tamil Nadu,2025-06-10,Regular
1032,Sneha,Patel,sneha.patel1032@mail.com,9784740871,Pune,Maharashtra,2024-09-18,Regular
1033,Diya,Kapoor,diya.kapoor1033@mail.com,9348993575,Surat,Gujarat,2023-08-22,Premium
1034,Priya,Brown,priya.brown1034@mail.com,9741928074,Pune,Maharashtra,2025-01-17,Regular
1035,Reyansh,Patel,reyansh.patel1035@mail.com,9220653592,Surat,Gujarat,2023-08-12,Regular
1036,Sophia,Smith,sophia.smith1036@mail.com,9365639711,Chandigarh,Punjab,2024-05-20,Regular
1037,Isabella,Smith,isabella.smith1037@mail.com,9809327660,Delhi,Delhi,2023-12-13,Premium
1038,Krishna,Kumar,krishna.kumar1038@mail.com,9964062922,Nagpur,Maharashtra,2024-09-28,Premium
1039,Anika,Sharma,anika.sharma1039@mail.com,9412383966,Chennai,Tamil Nadu,2024-11-05,Regular
1040,Emma,Verma,emma.verma1040@mail.com,9703719185,Indore,Madhya Pradesh,2023-10-24,Regular
1041,James,Taylor,james.taylor1041@mail.com,9520239344,Indore,Madhya Pradesh,2024-06-24,Regular
1042,Riya,Verma,riya.verma1042@mail.com,9388103439,Ahmedabad,Gujarat,2023-03-25,Regular
1043,Aditya,Kapoor,aditya.kapoor1043@mail.com,9580645869,Kolkata,West Bengal,2023-03-30,Premium
1044,Ananya,Roy,ananya.roy1044@mail.com,9321406443,Indore,Madhya Pradesh,2025-07-04,Regular
1045,Divya,Malhotra,divya.malhotra1045@mail.com,9453995690,Bengaluru,Karnataka,2025-05-23,Regular
1046,Vivaan,Brown,vivaan.brown1046@mail.com,9196908109,Indore,Madhya Pradesh,2025-12-14,Regular
1047,John,Roy,john.roy1047@mail.com,9168144785,Chandigarh,Punjab,2022-04-11,Regular
1048,Michael,Roy,michael.roy1048@mail.com,9313073127,Bengaluru,Karnataka,2025-01-02,Regular
1049,Myra,Kapoor,myra.kapoor1049@mail.com,9960373645,Bengaluru,Karnataka,2024-02-05,Regular
1050,Aadhya,Roy,aadhya.roy1050@mail.com,9887411763,Hyderabad,Telangana,2022-01-28,Regular
1051,Vivaan,Das,vivaan.das1051@mail.com,9210080796,Jaipur,Rajasthan,2024-03-25,Premium
1052,Aditya,Reddy,aditya.reddy1052@mail.com,9403965278,Chennai,Tamil Nadu,2022-02-19,Regular
1053,Anika,Verma,anika.verma1053@mail.com,9392549808,Kochi,Kerala,2022-09-11,New
1054,David,Brown,david.brown1054@mail.com,9240867612,Nagpur,Maharashtra,2023-07-07,New
1055,Arjun,Gupta,arjun.gupta1055@mail.com,9641713121,Kochi,Kerala,2025-12-11,Premium
1056,Emma,Sharma,emma.sharma1056@mail.com,9115828870,Kochi,Kerala,2025-01-14,Premium
1057,Ishaan,Iyer,ishaan.iyer1057@mail.com,9890138040,Lucknow,Uttar Pradesh,2024-03-12,Regular
1058,Karan,Kapoor,karan.kapoor1058@mail.com,9942642258,Pune,Maharashtra,2024-05-20,Regular
1059,Vivaan,Kapoor,vivaan.kapoor1059@mail.com,9394258670,Ahmedabad,Gujarat,2023-02-20,Regular
1060,Rohan,Kumar,rohan.kumar1060@mail.com,9504350473,Chennai,Tamil Nadu,2024-05-29,Regular
1061,Emma,Roy,emma.roy1061@mail.com,9399099265,Ahmedabad,Gujarat,2023-08-06,New
1062,Vikram,Das,vikram.das1062@mail.com,9362652326,Kolkata,West Bengal,2022-02-05,New
1063,William,Johnson,william.johnson1063@mail.com,9918943296,Jaipur,Rajasthan,2022-08-10,Regular
1064,Rohan,Sharma,rohan.sharma1064@mail.com,9526649827,Indore,Madhya Pradesh,2023-04-21,Regular
1065,Rahul,Chatterjee,rahul.chatterjee1065@mail.com,9216982506,Chandigarh,Punjab,2023-09-29,Regular
1066,Sai,Iyer,sai.iyer1066@mail.com,9702246140,Bengaluru,Karnataka,2023-03-02,New
1067,Priya,Chatterjee,priya.chatterjee1067@mail.com,9368402236,Delhi,Delhi,2022-10-17,Regular
1068,Rahul,Das,rahul.das1068@mail.com,9876350138,Nagpur,Maharashtra,2025-03-06,Premium
1069,Vihaan,Kumar,vihaan.kumar1069@mail.com,9370608548,Kolkata,West Bengal,2023-09-30,Premium
1070,Ishaan,Verma,ishaan.verma1070@mail.com,9445146772,Kochi,Kerala,2025-03-03,Premium
1071,Aarav,Mehta,aarav.mehta1071@mail.com,9841308499,Hyderabad,Telangana,2025-02-25,Premium
1072,Vikram,Kumar,vikram.kumar1072@mail.com,9436098559,Chandigarh,Punjab,2023-04-28,Regular
1073,Rahul,Das,rahul.das1073@mail.com,9695719743,Nagpur,Maharashtra,2022-06-16,New
1074,Olivia,Gupta,olivia.gupta1074@mail.com,9503389825,Bengaluru,Karnataka,2022-01-28,Regular
1075,Ayaan,Reddy,ayaan.reddy1075@mail.com,9311921856,Ahmedabad,Gujarat,2022-08-21,Regular
1076,Olivia,Kumar,olivia.kumar1076@mail.com,9283311445,Chandigarh,Punjab,2024-12-10,Regular
1077,Pooja,Taylor,pooja.taylor1077@mail.com,9528858563,Mumbai,Maharashtra,2023-08-31,Regular
1078,Kiara,Mehta,kiara.mehta1078@mail.com,9661008736,Pune,Maharashtra,2025-06-13,New
1079,Rohan,Reddy,rohan.reddy1079@mail.com,9251953364,Chennai,Tamil Nadu,2024-12-07,Premium
1080,Divya,Johnson,divya.johnson1080@mail.com,9657679799,Lucknow,Uttar Pradesh,2023-05-30,Regular
1081,Aadhya,Smith,aadhya.smith1081@mail.com,9901831993,Kochi,Kerala,2022-10-05,Regular
1082,Rahul,Sharma,rahul.sharma1082@mail.com,9441114921,Kolkata,West Bengal,2023-01-03,Regular
1083,Arjun,Sharma,arjun.sharma1083@mail.com,9434836196,Kochi,Kerala,2023-01-20,Regular
1084,Reyansh,Roy,reyansh.roy1084@mail.com,9592411109,Pune,Maharashtra,2022-07-13,Regular
1085,Isabella,Malhotra,isabella.malhotra1085@mail.com,9267990152,Delhi,Delhi,2023-12-19,Premium
1086,Myra,Johnson,myra.johnson1086@mail.com,9775192217,Mumbai,Maharashtra,2023-01-30,Regular
1087,Olivia,Chatterjee,olivia.chatterjee1087@mail.com,9883104733,Chennai,Tamil Nadu,2024-01-23,Premium
1088,William,Mehta,william.mehta1088@mail.com,9702489740,Jaipur,Rajasthan,2025-08-06,Premium
1089,Arjun,Chatterjee,arjun.chatterjee1089@mail.com,9263661669,Delhi,Delhi,2023-03-20,Regular
1090,Riya,Chatterjee,riya.chatterjee1090@mail.com,9209867551,Bengaluru,Karnataka,2024-12-05,Premium
1091,David,Smith,david.smith1091@mail.com,9718105609,Indore,Madhya Pradesh,2025-04-27,Premium
1092,Divya,Kumar,divya.kumar1092@mail.com,9324741375,Bengaluru,Karnataka,2022-01-06,Premium
1093,Aadhya,Gupta,aadhya.gupta1093@mail.com,9962594605,Lucknow,Uttar Pradesh,2022-10-28,Regular
1094,Rahul,Sharma,rahul.sharma1094@mail.com,9447181400,Delhi,Delhi,2022-04-17,Regular
1095,Sophia,Taylor,sophia.taylor1095@mail.com,9813868911,Ahmedabad,Gujarat,2023-11-01,Regular
1096,Ayaan,Patel,ayaan.patel1096@mail.com,9701451262,Kolkata,West Bengal,2024-02-12,Premium
1097,Rahul,Johnson,rahul.johnson1097@mail.com,9434751714,Nagpur,Maharashtra,2024-12-05,Regular
1098,Sai,Malhotra,sai.malhotra1098@mail.com,9329672688,Bengaluru,Karnataka,2025-07-21,New
1099,Ishaan,Taylor,ishaan.taylor1099@mail.com,9701817116,Ahmedabad,Gujarat,2024-09-30,Premium
1100,Riya,Iyer,riya.iyer1100@mail.com,9699046021,Surat,Gujarat,2024-06-10,Premium
1101,Diya,Sharma,diya.sharma1101@mail.com,9492653615,Nagpur,Maharashtra,2024-08-12,Premium
1102,John,Taylor,john.taylor1102@mail.com,9329544484,Lucknow,Uttar Pradesh,2025-02-20,New
1103,Saanvi,Brown,saanvi.brown1103@mail.com,9501800480,Bengaluru,Karnataka,2022-01-22,Regular
1104,Michael,Das,michael.das1104@mail.com,9309260052,Mumbai,Maharashtra,2025-04-15,Regular
1105,Reyansh,Johnson,reyansh.johnson1105@mail.com,9372473079,Jaipur,Rajasthan,2022-01-27,Premium
1106,Aditya,Mehta,aditya.mehta1106@mail.com,9788992272,Ahmedabad,Gujarat,2024-03-26,Regular
1107,Riya,Mehta,riya.mehta1107@mail.com,9771378998,Mumbai,Maharashtra,2025-03-17,New
1108,Rahul,Malhotra,rahul.malhotra1108@mail.com,9778862622,Ahmedabad,Gujarat,2024-10-01,Regular
1109,Vikram,Iyer,vikram.iyer1109@mail.com,9141010063,Pune,Maharashtra,2022-03-01,Premium
1110,Ishaan,Reddy,ishaan.reddy1110@mail.com,9241356185,Delhi,Delhi,2024-05-09,New
1111,Ayaan,Verma,ayaan.verma1111@mail.com,9576073508,Chandigarh,Punjab,2025-12-26,Regular
1112,Reyansh,Roy,reyansh.roy1112@mail.com,9397939907,Nagpur,Maharashtra,2023-02-02,Premium
1113,Vivaan,Smith,vivaan.smith1113@mail.com,9999015602,Chandigarh,Punjab,2023-10-11,New
1114,Ananya,Chatterjee,ananya.chatterjee1114@mail.com,9875387120,Pune,Maharashtra,2024-11-23,Regular
1115,William,Taylor,william.taylor1115@mail.com,9999491426,Chandigarh,Punjab,2025-10-03,Regular
1116,Saanvi,Das,saanvi.das1116@mail.com,9258391889,Kochi,Kerala,2023-07-01,Regular
1117,Sophia,Verma,sophia.verma1117@mail.com,9395843204,Lucknow,Uttar Pradesh,2023-02-11,Premium
1118,Emma,Reddy,emma.reddy1118@mail.com,9782147868,Kochi,Kerala,2022-01-07,Regular
1119,Pooja,Johnson,pooja.johnson1119@mail.com,9226395063,Pune,Maharashtra,2024-08-12,Premium
1120,Sai,Chatterjee,sai.chatterjee1120@mail.com,9597148239,Delhi,Delhi,2022-08-27,New
1121,Diya,Gupta,diya.gupta1121@mail.com,9299349714,Pune,Maharashtra,2025-04-25,Premium
1122,Vivaan,Reddy,vivaan.reddy1122@mail.com,9946899566,Mumbai,Maharashtra,2023-03-22,Premium
1123,Isabella,Gupta,isabella.gupta1123@mail.com,9877686250,Hyderabad,Telangana,2023-09-23,New
1124,Saanvi,Nair,saanvi.nair1124@mail.com,9433382948,Mumbai,Maharashtra,2024-02-16,Premium
1125,Diya,Mehta,diya.mehta1125@mail.com,9250781347,Lucknow,Uttar Pradesh,2023-10-09,Regular
1126,Saanvi,Mehta,saanvi.mehta1126@mail.com,9313915836,Bengaluru,Karnataka,2023-08-28,Regular
1127,Sophia,Mehta,sophia.mehta1127@mail.com,9199226690,Ahmedabad,Gujarat,2023-12-29,Premium
1128,John,Das,john.das1128@mail.com,9582832859,Nagpur,Maharashtra,2025-07-16,Premium
1129,Ananya,Verma,ananya.verma1129@mail.com,9996278276,Lucknow,Uttar Pradesh,2024-02-29,Regular
1130,Rohan,Singh,rohan.singh1130@mail.com,9853968049,Kolkata,West Bengal,2023-12-12,Premium
1131,Kiara,Singh,kiara.singh1131@mail.com,9467414224,Kochi,Kerala,2024-10-28,Premium
1132,Ira,Gupta,ira.gupta1132@mail.com,9651122099,Indore,Madhya Pradesh,2023-03-08,Regular
1133,Isabella,Mehta,isabella.mehta1133@mail.com,9133767082,Surat,Gujarat,2022-08-25,Regular
1134,Diya,Kumar,diya.kumar1134@mail.com,9250125515,Ahmedabad,Gujarat,2025-04-16,Regular
1135,Rohan,Brown,rohan.brown1135@mail.com,9806849407,Lucknow,Uttar Pradesh,2022-03-11,Regular
1136,Reyansh,Johnson,reyansh.johnson1136@mail.com,9108480736,Bengaluru,Karnataka,2024-05-13,Regular
1137,Robert,Iyer,robert.iyer1137@mail.com,9300909460,Surat,Gujarat,2024-01-04,Regular
1138,Isabella,Roy,isabella.roy1138@mail.com,9299888553,Indore,Madhya Pradesh,2022-02-14,Regular
1139,Divya,Anderson,divya.anderson1139@mail.com,9737346037,Lucknow,Uttar Pradesh,2025-11-23,Regular
1140,William,Kumar,william.kumar1140@mail.com,9995604200,Hyderabad,Telangana,2023-06-02,Premium
1141,Karan,Smith,karan.smith1141@mail.com,9618142267,Chandigarh,Punjab,2024-04-01,Regular
1142,Myra,Das,myra.das1142@mail.com,9215808760,Kolkata,West Bengal,2024-05-22,Premium
1143,Rohan,Brown,rohan.brown1143@mail.com,9736810563,Mumbai,Maharashtra,2022-12-02,Regular
1144,Pari,Malhotra,pari.malhotra1144@mail.com,9849076127,Jaipur,Rajasthan,2023-02-11,New
1145,Rohan,Nair,rohan.nair1145@mail.com,9239469212,Chandigarh,Punjab,2023-11-14,Premium
1146,Vihaan,Gupta,vihaan.gupta1146@mail.com,9432079935,Indore,Madhya Pradesh,2022-10-17,New
1147,Isabella,Brown,isabella.brown1147@mail.com,9277534709,Ahmedabad,Gujarat,2022-01-02,Premium
1148,Saanvi,Reddy,saanvi.reddy1148@mail.com,9423499443,Chennai,Tamil Nadu,2022-06-14,Regular
1149,Aadhya,Taylor,aadhya.taylor1149@mail.com,9196815965,Kochi,Kerala,2023-05-17,Regular
1150,Pooja,Johnson,pooja.johnson1150@mail.com,9105309416,Ahmedabad,Gujarat,2022-11-23,Regular
1151,Rahul,Roy,rahul.roy1151@mail.com,9837431324,Kolkata,West Bengal,2025-12-02,Regular
1152,Rahul,Brown,rahul.brown1152@mail.com,9992652034,Ahmedabad,Gujarat,2025-12-17,Regular
1153,Reyansh,Brown,reyansh.brown1153@mail.com,9237978393,Pune,Maharashtra,2022-10-01,Regular
1154,James,Kapoor,james.kapoor1154@mail.com,9980243961,Chandigarh,Punjab,2024-05-19,Premium
1155,Vikram,Gupta,vikram.gupta1155@mail.com,9472445806,Ahmedabad,Gujarat,2025-10-03,Premium
1156,Sneha,Sharma,sneha.sharma1156@mail.com,9338042160,Surat,Gujarat,2025-05-31,Regular
1157,Anika,Johnson,anika.johnson1157@mail.com,9488995663,Pune,Maharashtra,2024-10-23,New
1158,Divya,Malhotra,divya.malhotra1158@mail.com,9907115040,Kolkata,West Bengal,2022-06-08,Premium
1159,Krishna,Kumar,krishna.kumar1159@mail.com,9301831842,Mumbai,Maharashtra,2023-03-09,Regular
1160,Sai,Smith,sai.smith1160@mail.com,9512388297,Chandigarh,Punjab,2023-01-04,Regular
1161,Kiara,Kapoor,kiara.kapoor1161@mail.com,9515339993,Chandigarh,Punjab,2024-09-11,Regular
1162,Emma,Reddy,emma.reddy1162@mail.com,9275602826,Kolkata,West Bengal,2025-10-29,Regular
1163,Reyansh,Anderson,reyansh.anderson1163@mail.com,9965681730,Delhi,Delhi,2023-12-11,Premium
1164,Reyansh,Brown,reyansh.brown1164@mail.com,9962805514,Indore,Madhya Pradesh,2022-01-26,Regular
1165,Krishna,Chatterjee,krishna.chatterjee1165@mail.com,9644355354,Kolkata,West Bengal,2025-11-06,Regular
1166,Priya,Brown,priya.brown1166@mail.com,9553609821,Indore,Madhya Pradesh,2022-04-22,Regular
1167,Riya,Iyer,riya.iyer1167@mail.com,9748149267,Indore,Madhya Pradesh,2024-07-11,Regular
1168,Rahul,Smith,rahul.smith1168@mail.com,9674477822,Pune,Maharashtra,2022-08-17,Premium
1169,Olivia,Roy,olivia.roy1169@mail.com,9915625869,Kolkata,West Bengal,2025-10-13,Regular
1170,Aarav,Smith,aarav.smith1170@mail.com,9859741828,Lucknow,Uttar Pradesh,2023-06-13,Regular
1171,Divya,Anderson,divya.anderson1171@mail.com,9566957486,Mumbai,Maharashtra,2024-08-09,Regular
1172,Ayaan,Kumar,ayaan.kumar1172@mail.com,9594190442,Pune,Maharashtra,2022-04-13,New
1173,Michael,Mehta,michael.mehta1173@mail.com,9557094619,Pune,Maharashtra,2025-10-14,Regular
1174,Vivaan,Roy,vivaan.roy1174@mail.com,9386941953,Bengaluru,Karnataka,2023-08-24,Regular
1175,Vivaan,Anderson,vivaan.anderson1175@mail.com,9448571549,Chennai,Tamil Nadu,2025-07-26,Regular
1176,Ayaan,Johnson,ayaan.johnson1176@mail.com,9885876277,Mumbai,Maharashtra,2024-12-24,Premium
1177,Anika,Reddy,anika.reddy1177@mail.com,9190244626,Jaipur,Rajasthan,2022-07-13,Regular
1178,Ishaan,Kumar,ishaan.kumar1178@mail.com,9562890681,Surat,Gujarat,2023-07-17,Regular
1179,Isabella,Malhotra,isabella.malhotra1179@mail.com,9362101135,Surat,Gujarat,2024-12-08,Premium
1180,Aditya,Gupta,aditya.gupta1180@mail.com,9450671708,Pune,Maharashtra,2022-03-20,Regular
1181,Reyansh,Brown,reyansh.brown1181@mail.com,9650434718,Kochi,Kerala,2022-06-11,Regular
1182,Pari,Taylor,pari.taylor1182@mail.com,9530290856,Mumbai,Maharashtra,2023-01-12,New
1183,Riya,Gupta,riya.gupta1183@mail.com,9998564400,Surat,Gujarat,2024-06-06,New
1184,Saanvi,Chatterjee,saanvi.chatterjee1184@mail.com,9380220571,Chennai,Tamil Nadu,2025-06-14,Regular
1185,Anika,Verma,anika.verma1185@mail.com,9501833262,Lucknow,Uttar Pradesh,2024-08-26,Regular
1186,Olivia,Mehta,olivia.mehta1186@mail.com,9901945329,Kochi,Kerala,2023-01-16,Regular
1187,Aditya,Malhotra,aditya.malhotra1187@mail.com,9528069335,Surat,Gujarat,2023-01-07,Premium
1188,Ira,Sharma,ira.sharma1188@mail.com,9537209194,Hyderabad,Telangana,2022-02-08,Premium
1189,Krishna,Mehta,krishna.mehta1189@mail.com,9386746273,Ahmedabad,Gujarat,2025-05-11,Premium
1190,James,Iyer,james.iyer1190@mail.com,9337644501,Hyderabad,Telangana,2022-02-07,Premium
1191,Myra,Gupta,myra.gupta1191@mail.com,9756471019,Chennai,Tamil Nadu,2025-12-29,Premium
1192,Isabella,Chatterjee,isabella.chatterjee1192@mail.com,9551792747,Chandigarh,Punjab,2025-05-04,Regular
1193,David,Kumar,david.kumar1193@mail.com,9698779777,Mumbai,Maharashtra,2023-12-04,Regular
1194,John,Anderson,john.anderson1194@mail.com,9262971060,Ahmedabad,Gujarat,2024-10-18,Regular
1195,Ananya,Brown,ananya.brown1195@mail.com,9374547837,Kolkata,West Bengal,2022-03-08,Premium
1196,Rohan,Gupta,rohan.gupta1196@mail.com,9777943476,Ahmedabad,Gujarat,2025-02-23,New
1197,Sai,Singh,sai.singh1197@mail.com,9903170583,Jaipur,Rajasthan,2024-01-27,Regular
1198,James,Anderson,james.anderson1198@mail.com,9824240334,Ahmedabad,Gujarat,2022-03-02,Regular
1199,Sneha,Reddy,sneha.reddy1199@mail.com,9770299588,Pune,Maharashtra,2025-03-02,Regular
1200,Vivaan,Kapoor,vivaan.kapoor1200@mail.com,9697472351,Kochi,Kerala,2024-10-02,New
1201,David,Roy,david.roy1201@mail.com,9241408993,Kolkata,West Bengal,2025-05-28,New
1202,Ayaan,Iyer,ayaan.iyer1202@mail.com,9524933004,Hyderabad,Telangana,2023-03-09,New
1203,Rohan,Kapoor,rohan.kapoor1203@mail.com,9291794383,Nagpur,Maharashtra,2022-11-22,Premium
1204,William,Roy,william.roy1204@mail.com,9538640915,Pune,Maharashtra,2023-03-22,Regular
1205,Karan,Mehta,karan.mehta1205@mail.com,9442956891,Indore,Madhya Pradesh,2024-01-14,Premium
1206,James,Das,james.das1206@mail.com,9675125160,Jaipur,Rajasthan,2024-03-14,Regular
1207,William,Kumar,william.kumar1207@mail.com,9912638078,Ahmedabad,Gujarat,2023-08-10,New
1208,Sophia,Reddy,sophia.reddy1208@mail.com,9290725138,Kolkata,West Bengal,2023-08-14,Regular
1209,Robert,Anderson,robert.anderson1209@mail.com,9804579307,Bengaluru,Karnataka,2025-10-31,New
1210,David,Chatterjee,david.chatterjee1210@mail.com,9801265340,Kolkata,West Bengal,2024-05-06,Regular
1211,Vivaan,Malhotra,vivaan.malhotra1211@mail.com,9340724985,Bengaluru,Karnataka,2025-06-02,Premium
1212,Sai,Malhotra,sai.malhotra1212@mail.com,9712660659,Kochi,Kerala,2024-04-17,New
1213,James,Malhotra,james.malhotra1213@mail.com,9368371844,Bengaluru,Karnataka,2025-03-11,Premium
1214,Sai,Johnson,sai.johnson1214@mail.com,9124394894,Kochi,Kerala,2025-05-16,New
1215,David,Roy,david.roy1215@mail.com,9649042259,Nagpur,Maharashtra,2023-01-31,New
1216,Ananya,Anderson,ananya.anderson1216@mail.com,9496279795,Kochi,Kerala,2023-05-06,Regular
1217,Saanvi,Smith,saanvi.smith1217@mail.com,9242431913,Chennai,Tamil Nadu,2022-05-13,New
1218,Aadhya,Chatterjee,aadhya.chatterjee1218@mail.com,9595187813,Ahmedabad,Gujarat,2023-05-17,Premium
1219,Sophia,Patel,sophia.patel1219@mail.com,9955507623,Bengaluru,Karnataka,2024-08-02,Regular
1220,Ayaan,Malhotra,ayaan.malhotra1220@mail.com,9999661919,Pune,Maharashtra,2022-11-23,Regular
1221,Arjun,Sharma,arjun.sharma1221@mail.com,9903812343,Mumbai,Maharashtra,2025-10-28,Premium
1222,Neha,Kumar,neha.kumar1222@mail.com,9513729471,Delhi,Delhi,2024-05-04,New
1223,Vikram,Iyer,vikram.iyer1223@mail.com,9868578864,Indore,Madhya Pradesh,2025-05-28,Premium
1224,Vikram,Sharma,vikram.sharma1224@mail.com,9570858471,Ahmedabad,Gujarat,2022-05-03,Regular
1225,William,Verma,william.verma1225@mail.com,9490169075,Kolkata,West Bengal,2024-11-13,Premium
1226,Sophia,Taylor,sophia.taylor1226@mail.com,9945489578,Delhi,Delhi,2022-08-01,Regular
1227,Riya,Chatterjee,riya.chatterjee1227@mail.com,9909148057,Indore,Madhya Pradesh,2022-08-17,Premium
1228,Michael,Taylor,michael.taylor1228@mail.com,9804951238,Pune,Maharashtra,2022-10-18,New
1229,Rahul,Singh,rahul.singh1229@mail.com,9384012987,Delhi,Delhi,2023-11-07,Premium
1230,Arjun,Anderson,arjun.anderson1230@mail.com,9861371949,Ahmedabad,Gujarat,2023-05-17,Premium
1231,Robert,Kapoor,robert.kapoor1231@mail.com,9840016544,Ahmedabad,Gujarat,2023-11-09,Premium
1232,Riya,Chatterjee,riya.chatterjee1232@mail.com,9395600027,Lucknow,Uttar Pradesh,2022-03-15,Premium
1233,Ishaan,Das,ishaan.das1233@mail.com,9409699820,Mumbai,Maharashtra,2023-03-29,New
1234,Rohan,Johnson,rohan.johnson1234@mail.com,9866440278,Chennai,Tamil Nadu,2023-09-21,New
1235,Ananya,Chatterjee,ananya.chatterjee1235@mail.com,9780639124,Chennai,Tamil Nadu,2024-08-31,Premium
1236,Kiara,Nair,kiara.nair1236@mail.com,9898577406,Indore,Madhya Pradesh,2025-11-24,Regular
1237,Karan,Kapoor,karan.kapoor1237@mail.com,9512560249,Chennai,Tamil Nadu,2025-07-28,Regular
1238,Aadhya,Chatterjee,aadhya.chatterjee1238@mail.com,9425297142,Bengaluru,Karnataka,2025-04-11,Regular
1239,Michael,Das,michael.das1239@mail.com,9900428613,Nagpur,Maharashtra,2024-11-24,Regular
1240,Divya,Reddy,divya.reddy1240@mail.com,9469596475,Chandigarh,Punjab,2022-11-16,Premium
1241,Amit,Smith,amit.smith1241@mail.com,9661929277,Pune,Maharashtra,2024-02-14,New
1242,Priya,Reddy,priya.reddy1242@mail.com,9663968796,Ahmedabad,Gujarat,2022-12-26,Regular
1243,David,Sharma,david.sharma1243@mail.com,9818059278,Delhi,Delhi,2023-12-03,Regular
1244,Aadhya,Patel,aadhya.patel1244@mail.com,9261156324,Chennai,Tamil Nadu,2025-05-31,Premium
1245,Ayaan,Singh,ayaan.singh1245@mail.com,9482790534,Ahmedabad,Gujarat,2024-07-29,Premium
1246,Aarav,Das,aarav.das1246@mail.com,9345211832,Kochi,Kerala,2023-02-19,Regular
1247,Aditya,Brown,aditya.brown1247@mail.com,9772594060,Delhi,Delhi,2023-11-06,Regular
1248,Ira,Roy,ira.roy1248@mail.com,9674187598,Nagpur,Maharashtra,2025-01-06,New
1249,Vihaan,Anderson,vihaan.anderson1249@mail.com,9708491814,Jaipur,Rajasthan,2023-05-23,Regular
1250,Diya,Patel,diya.patel1250@mail.com,9345178129,Kochi,Kerala,2024-07-23,Regular
1251,Karan,Mehta,karan.mehta1251@mail.com,9692679345,Chennai,Tamil Nadu,2022-07-07,Premium
1252,Arjun,Nair,arjun.nair1252@mail.com,9661092057,Chennai,Tamil Nadu,2022-05-05,Regular
1253,Anika,Chatterjee,anika.chatterjee1253@mail.com,9917848203,Lucknow,Uttar Pradesh,2024-09-04,Regular
1254,Vikram,Verma,vikram.verma1254@mail.com,9442371535,Indore,Madhya Pradesh,2025-07-22,Regular
1255,Rahul,Iyer,rahul.iyer1255@mail.com,9574484446,Delhi,Delhi,2024-09-01,Regular
1256,Vikram,Chatterjee,vikram.chatterjee1256@mail.com,9330847988,Lucknow,Uttar Pradesh,2024-09-24,Regular
1257,Aarav,Chatterjee,aarav.chatterjee1257@mail.com,9561446614,Nagpur,Maharashtra,2022-08-17,Premium
1258,Sophia,Singh,sophia.singh1258@mail.com,9732366865,Indore,Madhya Pradesh,2025-07-24,Premium
1259,Isabella,Sharma,isabella.sharma1259@mail.com,9370312117,Indore,Madhya Pradesh,2024-04-13,Premium
1260,Priya,Reddy,priya.reddy1260@mail.com,9452873867,Jaipur,Rajasthan,2024-09-16,Regular
1261,Pari,Mehta,pari.mehta1261@mail.com,9671434688,Hyderabad,Telangana,2023-11-30,Regular
1262,Pooja,Das,pooja.das1262@mail.com,9431575791,Chandigarh,Punjab,2024-06-20,Regular
1263,Diya,Kumar,diya.kumar1263@mail.com,9106997884,Pune,Maharashtra,2024-11-09,Regular
1264,Ananya,Reddy,ananya.reddy1264@mail.com,9170393950,Indore,Madhya Pradesh,2024-06-03,Premium
1265,Reyansh,Anderson,reyansh.anderson1265@mail.com,9467683257,Chandigarh,Punjab,2025-11-07,Regular
1266,Diya,Singh,diya.singh1266@mail.com,9936221327,Delhi,Delhi,2023-04-20,Regular
1267,Amit,Kapoor,amit.kapoor1267@mail.com,9443614412,Indore,Madhya Pradesh,2024-12-22,Regular
1268,Pari,Malhotra,pari.malhotra1268@mail.com,9325799238,Lucknow,Uttar Pradesh,2025-10-08,Regular
1269,Ananya,Singh,ananya.singh1269@mail.com,9922912926,Kolkata,West Bengal,2022-12-18,New
1270,Divya,Reddy,divya.reddy1270@mail.com,9449697588,Jaipur,Rajasthan,2024-08-28,Premium
1271,Emma,Mehta,emma.mehta1271@mail.com,9345590089,Surat,Gujarat,2023-06-23,Regular
1272,Pari,Johnson,pari.johnson1272@mail.com,9255678099,Chennai,Tamil Nadu,2023-11-15,Premium
1273,James,Anderson,james.anderson1273@mail.com,9430730611,Kolkata,West Bengal,2025-02-27,Regular
1274,Emma,Sharma,emma.sharma1274@mail.com,9918430434,Kolkata,West Bengal,2022-04-24,New
1275,John,Nair,john.nair1275@mail.com,9590581599,Indore,Madhya Pradesh,2023-07-16,Regular
1276,Saanvi,Singh,saanvi.singh1276@mail.com,9810875738,Kochi,Kerala,2023-06-09,Regular
1277,Michael,Sharma,michael.sharma1277@mail.com,9445579291,Kolkata,West Bengal,2024-02-23,Regular
1278,Pooja,Singh,pooja.singh1278@mail.com,9956281850,Hyderabad,Telangana,2025-06-18,Regular
1279,Ira,Iyer,ira.iyer1279@mail.com,9179915293,Hyderabad,Telangana,2022-11-25,Regular
1280,Rahul,Chatterjee,rahul.chatterjee1280@mail.com,9604520959,Mumbai,Maharashtra,2025-09-12,Regular
1281,Priya,Patel,priya.patel1281@mail.com,9400800837,Lucknow,Uttar Pradesh,2025-04-15,Regular
1282,Reyansh,Verma,reyansh.verma1282@mail.com,9786796049,Pune,Maharashtra,2023-07-20,Regular
1283,Sophia,Kapoor,sophia.kapoor1283@mail.com,9219218400,Ahmedabad,Gujarat,2022-10-03,New
1284,Arjun,Smith,arjun.smith1284@mail.com,9932410732,Kochi,Kerala,2024-04-27,New
1285,Ishaan,Chatterjee,ishaan.chatterjee1285@mail.com,9420893788,Lucknow,Uttar Pradesh,2023-02-14,Premium
1286,Sophia,Patel,sophia.patel1286@mail.com,9452017789,Lucknow,Uttar Pradesh,2025-01-24,Premium
1287,Riya,Roy,riya.roy1287@mail.com,9670186413,Nagpur,Maharashtra,2023-08-20,Premium
1288,Krishna,Gupta,krishna.gupta1288@mail.com,9943854460,Kochi,Kerala,2025-12-27,Premium
1289,Michael,Anderson,michael.anderson1289@mail.com,9902378486,Surat,Gujarat,2023-03-16,Regular
1290,Isabella,Patel,isabella.patel1290@mail.com,9594784193,Pune,Maharashtra,2023-11-14,Regular
1291,Riya,Mehta,riya.mehta1291@mail.com,9748128701,Kochi,Kerala,2022-02-17,Regular
1292,Emma,Taylor,emma.taylor1292@mail.com,9525532451,Indore,Madhya Pradesh,2024-09-23,Premium
1293,Neha,Verma,neha.verma1293@mail.com,9650036781,Pune,Maharashtra,2022-02-03,Premium
1294,Aditya,Das,aditya.das1294@mail.com,9957144737,Pune,Maharashtra,2025-01-08,Regular
1295,Rohan,Smith,rohan.smith1295@mail.com,9781153731,Delhi,Delhi,2022-06-04,Premium
1296,Pooja,Iyer,pooja.iyer1296@mail.com,9670975568,Bengaluru,Karnataka,2024-11-17,New
1297,Sai,Chatterjee,sai.chatterjee1297@mail.com,9602990912,Lucknow,Uttar Pradesh,2025-08-24,New
1298,Arjun,Taylor,arjun.taylor1298@mail.com,9978058573,Chennai,Tamil Nadu,2024-08-11,Regular
1299,Ishaan,Smith,ishaan.smith1299@mail.com,9178410847,Bengaluru,Karnataka,2025-08-19,Premium
1300,Isabella,Das,isabella.das1300@mail.com,9938713602,Kochi,Kerala,2024-06-04,New
1301,William,Chatterjee,william.chatterjee1301@mail.com,9415480159,Mumbai,Maharashtra,2025-07-01,New
1302,Vivaan,Sharma,vivaan.sharma1302@mail.com,9341838807,Pune,Maharashtra,2024-05-24,Regular
1303,Myra,Chatterjee,myra.chatterjee1303@mail.com,9824279998,Indore,Madhya Pradesh,2023-10-31,Regular
1304,Saanvi,Chatterjee,saanvi.chatterjee1304@mail.com,9480797502,Surat,Gujarat,2025-03-27,Regular
1305,Ishaan,Singh,ishaan.singh1305@mail.com,9431229665,Bengaluru,Karnataka,2022-07-26,Regular
1306,Karan,Verma,karan.verma1306@mail.com,9936942259,Bengaluru,Karnataka,2025-01-11,Regular
1307,Arjun,Smith,arjun.smith1307@mail.com,9438589714,Surat,Gujarat,2023-04-17,Premium
1308,Saanvi,Kapoor,saanvi.kapoor1308@mail.com,9275330135,Kolkata,West Bengal,2023-07-10,Regular
1309,Aadhya,Johnson,aadhya.johnson1309@mail.com,9129309334,Bengaluru,Karnataka,2024-06-19,Regular
1310,David,Sharma,david.sharma1310@mail.com,9576690322,Nagpur,Maharashtra,2023-03-04,Regular
1311,Sophia,Anderson,sophia.anderson1311@mail.com,9528614334,Hyderabad,Telangana,2023-02-26,Premium
1312,Sneha,Iyer,sneha.iyer1312@mail.com,9199698872,Bengaluru,Karnataka,2024-11-03,New
1313,Neha,Iyer,neha.iyer1313@mail.com,9274894283,Indore,Madhya Pradesh,2023-03-06,Regular
1314,Priya,Malhotra,priya.malhotra1314@mail.com,9484818710,Kochi,Kerala,2023-10-11,Regular
1315,Aadhya,Gupta,aadhya.gupta1315@mail.com,9958769279,Jaipur,Rajasthan,2024-01-07,Regular
1316,Amit,Iyer,amit.iyer1316@mail.com,9590650359,Mumbai,Maharashtra,2022-01-15,Regular
1317,Emma,Brown,emma.brown1317@mail.com,9207445079,Pune,Maharashtra,2024-01-09,New
1318,Arjun,Taylor,arjun.taylor1318@mail.com,9800081643,Chennai,Tamil Nadu,2023-04-15,New
1319,Sai,Brown,sai.brown1319@mail.com,9606120516,Mumbai,Maharashtra,2023-07-17,Premium
1320,James,Verma,james.verma1320@mail.com,9251113932,Nagpur,Maharashtra,2023-05-25,Regular
1321,Aarav,Nair,aarav.nair1321@mail.com,9656866156,Bengaluru,Karnataka,2022-10-15,Premium
1322,Aditya,Verma,aditya.verma1322@mail.com,9740169688,Indore,Madhya Pradesh,2023-03-06,New
1323,Kiara,Johnson,kiara.johnson1323@mail.com,9763094664,Kolkata,West Bengal,2022-11-19,Regular
1324,Diya,Das,diya.das1324@mail.com,9262543572,Kochi,Kerala,2025-10-01,Regular
1325,Ayaan,Reddy,ayaan.reddy1325@mail.com,9132190917,Ahmedabad,Gujarat,2023-02-22,Regular
1326,Michael,Mehta,michael.mehta1326@mail.com,9767774608,Pune,Maharashtra,2022-02-28,Premium
1327,Robert,Sharma,robert.sharma1327@mail.com,9605198031,Mumbai,Maharashtra,2022-10-23,New
1328,Aditya,Roy,aditya.roy1328@mail.com,9504840151,Indore,Madhya Pradesh,2025-05-10,Premium
1329,Ananya,Reddy,ananya.reddy1329@mail.com,9207497928,Mumbai,Maharashtra,2023-12-16,New
1330,Sai,Taylor,sai.taylor1330@mail.com,9171216706,Delhi,Delhi,2024-09-01,Regular
1331,Emma,Roy,emma.roy1331@mail.com,9572892896,Bengaluru,Karnataka,2025-05-20,New
1332,Aarav,Kapoor,aarav.kapoor1332@mail.com,9611362533,Ahmedabad,Gujarat,2023-06-11,Regular
1333,Vikram,Johnson,vikram.johnson1333@mail.com,9758858259,Chandigarh,Punjab,2022-07-17,Regular
1334,Rohan,Singh,rohan.singh1334@mail.com,9235112134,Hyderabad,Telangana,2024-11-20,Regular
1335,Ishaan,Patel,ishaan.patel1335@mail.com,9807821273,Delhi,Delhi,2022-07-14,Premium
1336,Kiara,Malhotra,kiara.malhotra1336@mail.com,9212987932,Hyderabad,Telangana,2023-04-09,Regular
1337,Pari,Smith,pari.smith1337@mail.com,9862851119,Ahmedabad,Gujarat,2025-09-30,Premium
1338,Neha,Chatterjee,neha.chatterjee1338@mail.com,9386394724,Indore,Madhya Pradesh,2022-09-27,Regular
1339,Michael,Nair,michael.nair1339@mail.com,9722092254,Kochi,Kerala,2022-03-12,Premium
1340,David,Verma,david.verma1340@mail.com,9952760232,Hyderabad,Telangana,2023-01-09,Regular
1341,Aditya,Patel,aditya.patel1341@mail.com,9273822919,Kolkata,West Bengal,2023-10-23,Regular
1342,Rahul,Kumar,rahul.kumar1342@mail.com,9469261714,Hyderabad,Telangana,2025-07-11,New
1343,Rohan,Brown,rohan.brown1343@mail.com,9585443094,Hyderabad,Telangana,2024-07-17,Premium
1344,Vikram,Anderson,vikram.anderson1344@mail.com,9226507324,Kochi,Kerala,2023-07-27,Premium
1345,Amit,Smith,amit.smith1345@mail.com,9462124359,Surat,Gujarat,2023-01-17,Regular
1346,Priya,Roy,priya.roy1346@mail.com,9589965577,Chandigarh,Punjab,2022-07-17,Premium
1347,Robert,Das,robert.das1347@mail.com,9382247375,Delhi,Delhi,2024-01-19,Regular
1348,Vivaan,Roy,vivaan.roy1348@mail.com,9235536465,Delhi,Delhi,2023-04-11,New
1349,Ayaan,Iyer,ayaan.iyer1349@mail.com,9691057043,Kochi,Kerala,2023-08-29,Regular
1350,John,Kapoor,john.kapoor1350@mail.com,9585937780,Kolkata,West Bengal,2025-02-07,New
1351,Sai,Das,sai.das1351@mail.com,9296078547,Kolkata,West Bengal,2024-11-12,Regular
1352,Myra,Sharma,myra.sharma1352@mail.com,9313327931,Kochi,Kerala,2023-12-26,Regular
1353,Ishaan,Chatterjee,ishaan.chatterjee1353@mail.com,9669686115,Jaipur,Rajasthan,2022-04-07,New
1354,Michael,Roy,michael.roy1354@mail.com,9347415399,Kochi,Kerala,2024-12-23,Regular
1355,Ananya,Iyer,ananya.iyer1355@mail.com,9830570612,Bengaluru,Karnataka,2025-07-24,Premium
1356,Divya,Patel,divya.patel1356@mail.com,9906491970,Kochi,Kerala,2022-11-08,Regular
1357,Divya,Taylor,divya.taylor1357@mail.com,9317106437,Chennai,Tamil Nadu,2022-04-11,New
1358,William,Kapoor,william.kapoor1358@mail.com,9518514926,Surat,Gujarat,2024-12-04,New
1359,Rahul,Anderson,rahul.anderson1359@mail.com,9445660346,Bengaluru,Karnataka,2023-09-07,Regular
1360,Riya,Roy,riya.roy1360@mail.com,9817388568,Chennai,Tamil Nadu,2023-03-04,New
1361,Divya,Malhotra,divya.malhotra1361@mail.com,9171741852,Mumbai,Maharashtra,2024-04-20,Regular
1362,Rahul,Reddy,rahul.reddy1362@mail.com,9920975401,Indore,Madhya Pradesh,2023-05-12,Regular
1363,Ananya,Taylor,ananya.taylor1363@mail.com,9519832695,Lucknow,Uttar Pradesh,2023-02-01,Regular
1364,John,Gupta,john.gupta1364@mail.com,9342993210,Chennai,Tamil Nadu,2022-10-15,New
1365,Ayaan,Chatterjee,ayaan.chatterjee1365@mail.com,9821895231,Bengaluru,Karnataka,2023-02-26,Regular
1366,Ira,Smith,ira.smith1366@mail.com,9111563162,Chandigarh,Punjab,2022-08-29,Regular
1367,Neha,Iyer,neha.iyer1367@mail.com,9928561496,Chandigarh,Punjab,2025-05-10,Regular
1368,Sophia,Kapoor,sophia.kapoor1368@mail.com,9982873873,Delhi,Delhi,2025-01-13,Premium
1369,Isabella,Nair,isabella.nair1369@mail.com,9175594355,Surat,Gujarat,2023-12-01,New
1370,Aditya,Brown,aditya.brown1370@mail.com,9999771426,Surat,Gujarat,2023-06-08,Regular
1371,Isabella,Taylor,isabella.taylor1371@mail.com,9728115961,Bengaluru,Karnataka,2025-12-24,Premium
1372,Priya,Kapoor,priya.kapoor1372@mail.com,9341198293,Jaipur,Rajasthan,2022-07-31,Regular
1373,Karan,Malhotra,karan.malhotra1373@mail.com,9489284435,Hyderabad,Telangana,2025-09-23,Regular
1374,Olivia,Taylor,olivia.taylor1374@mail.com,9160830178,Chandigarh,Punjab,2022-08-04,New
1375,Ira,Mehta,ira.mehta1375@mail.com,9370229471,Chandigarh,Punjab,2024-11-06,Regular
1376,Riya,Johnson,riya.johnson1376@mail.com,9189220818,Mumbai,Maharashtra,2022-07-27,Premium
1377,Priya,Patel,priya.patel1377@mail.com,9728980907,Ahmedabad,Gujarat,2023-03-30,Premium
1378,Ira,Iyer,ira.iyer1378@mail.com,9938508532,Nagpur,Maharashtra,2025-12-22,Regular
1379,Karan,Chatterjee,karan.chatterjee1379@mail.com,9503536163,Lucknow,Uttar Pradesh,2024-11-28,New
1380,David,Verma,david.verma1380@mail.com,9746029988,Delhi,Delhi,2025-04-24,New
1381,Reyansh,Chatterjee,reyansh.chatterjee1381@mail.com,9201912670,Delhi,Delhi,2023-05-04,Regular
1382,Karan,Taylor,karan.taylor1382@mail.com,9975404036,Kolkata,West Bengal,2022-03-23,Regular
1383,Sophia,Anderson,sophia.anderson1383@mail.com,9715624421,Nagpur,Maharashtra,2024-12-06,Regular
1384,William,Taylor,william.taylor1384@mail.com,9818406683,Surat,Gujarat,2022-02-22,Regular
1385,Diya,Sharma,diya.sharma1385@mail.com,9777017062,Pune,Maharashtra,2022-07-22,Regular
1386,Emma,Sharma,emma.sharma1386@mail.com,9882819390,Ahmedabad,Gujarat,2023-06-04,Regular
1387,John,Johnson,john.johnson1387@mail.com,9367040757,Chennai,Tamil Nadu,2024-07-02,Premium
1388,James,Anderson,james.anderson1388@mail.com,9850657658,Chandigarh,Punjab,2023-06-23,Premium
1389,Ananya,Singh,ananya.singh1389@mail.com,9699660934,Indore,Madhya Pradesh,2025-01-25,Premium
1390,William,Johnson,william.johnson1390@mail.com,9938558242,Nagpur,Maharashtra,2022-12-19,New
1391,Sai,Smith,sai.smith1391@mail.com,9477747416,Lucknow,Uttar Pradesh,2025-01-07,Premium
1392,Myra,Smith,myra.smith1392@mail.com,9989791716,Chennai,Tamil Nadu,2022-07-27,New
1393,Sai,Brown,sai.brown1393@mail.com,9435999953,Lucknow,Uttar Pradesh,2024-10-15,Premium
1394,David,Singh,david.singh1394@mail.com,9384198407,Nagpur,Maharashtra,2025-12-19,Regular
1395,Robert,Anderson,robert.anderson1395@mail.com,9488118171,Indore,Madhya Pradesh,2022-11-23,New
1396,James,Sharma,james.sharma1396@mail.com,9219701391,Hyderabad,Telangana,2025-04-06,Regular
1397,Amit,Roy,amit.roy1397@mail.com,9418046292,Indore,Madhya Pradesh,2025-02-20,Regular
1398,William,Malhotra,william.malhotra1398@mail.com,9846933565,Delhi,Delhi,2023-02-11,Regular
1399,Karan,Brown,karan.brown1399@mail.com,9382791433,Bengaluru,Karnataka,2023-11-28,Regular
1400,William,Nair,william.nair1400@mail.com,9513648472,Delhi,Delhi,2023-08-25,Premium
1401,Sai,Smith,sai.smith1401@mail.com,9341403853,Ahmedabad,Gujarat,2022-03-25,Regular
1402,Ishaan,Mehta,ishaan.mehta1402@mail.com,9128302963,Ahmedabad,Gujarat,2023-04-05,New
1403,Myra,Patel,myra.patel1403@mail.com,9342485962,Ahmedabad,Gujarat,2025-08-19,New
1404,Ishaan,Sharma,ishaan.sharma1404@mail.com,9418679207,Hyderabad,Telangana,2022-02-12,New
1405,Rahul,Anderson,rahul.anderson1405@mail.com,9545093734,Jaipur,Rajasthan,2025-02-02,New
1406,Saanvi,Taylor,saanvi.taylor1406@mail.com,9299778297,Nagpur,Maharashtra,2024-11-28,Premium
1407,Rohan,Brown,rohan.brown1407@mail.com,9901862642,Chennai,Tamil Nadu,2025-12-18,Premium
1408,Michael,Mehta,michael.mehta1408@mail.com,9563120635,Pune,Maharashtra,2024-01-17,New
1409,Anika,Smith,anika.smith1409@mail.com,9680216914,Pune,Maharashtra,2022-06-07,New
1410,Krishna,Smith,krishna.smith1410@mail.com,9988465406,Kochi,Kerala,2023-05-21,Premium
1411,Sneha,Nair,sneha.nair1411@mail.com,9203746446,Surat,Gujarat,2024-11-05,Premium
1412,Vikram,Smith,vikram.smith1412@mail.com,9212536324,Indore,Madhya Pradesh,2025-05-22,Regular
1413,John,Roy,john.roy1413@mail.com,9981625287,Hyderabad,Telangana,2024-08-10,Regular
1414,Vihaan,Anderson,vihaan.anderson1414@mail.com,9764437822,Ahmedabad,Gujarat,2024-10-15,Premium
1415,Arjun,Reddy,arjun.reddy1415@mail.com,9123745996,Jaipur,Rajasthan,2024-07-07,Premium
1416,Vihaan,Johnson,vihaan.johnson1416@mail.com,9611773745,Nagpur,Maharashtra,2025-12-17,Regular
1417,John,Gupta,john.gupta1417@mail.com,9871879492,Chennai,Tamil Nadu,2025-03-12,Regular
1418,Vivaan,Malhotra,vivaan.malhotra1418@mail.com,9627003026,Kolkata,West Bengal,2025-12-13,Premium
1419,Krishna,Brown,krishna.brown1419@mail.com,9331073681,Chandigarh,Punjab,2024-07-14,Regular
1420,Pari,Smith,pari.smith1420@mail.com,9349714065,Lucknow,Uttar Pradesh,2024-11-06,New
1421,Ishaan,Roy,ishaan.roy1421@mail.com,9831563639,Lucknow,Uttar Pradesh,2023-10-07,New
1422,Divya,Verma,divya.verma1422@mail.com,9864626275,Indore,Madhya Pradesh,2024-01-04,Premium
1423,Arjun,Malhotra,arjun.malhotra1423@mail.com,9168320833,Jaipur,Rajasthan,2024-04-27,Premium
1424,Saanvi,Patel,saanvi.patel1424@mail.com,9745883049,Indore,Madhya Pradesh,2023-01-03,New
1425,Vivaan,Kumar,vivaan.kumar1425@mail.com,9882400360,Delhi,Delhi,2023-11-11,Regular
1426,William,Chatterjee,william.chatterjee1426@mail.com,9852616356,Chandigarh,Punjab,2024-03-04,New
1427,David,Kumar,david.kumar1427@mail.com,9248723442,Nagpur,Maharashtra,2023-12-05,Regular
1428,Pari,Johnson,pari.johnson1428@mail.com,9290493557,Kochi,Kerala,2024-05-31,New
1429,Priya,Gupta,priya.gupta1429@mail.com,9298176644,Chennai,Tamil Nadu,2024-04-02,Regular
1430,John,Gupta,john.gupta1430@mail.com,9464771758,Ahmedabad,Gujarat,2022-07-12,Regular
1431,Vivaan,Malhotra,vivaan.malhotra1431@mail.com,9165391824,Jaipur,Rajasthan,2022-05-02,Premium
1432,Reyansh,Reddy,reyansh.reddy1432@mail.com,9101856387,Jaipur,Rajasthan,2022-01-26,Regular
1433,David,Kapoor,david.kapoor1433@mail.com,9129692778,Indore,Madhya Pradesh,2025-03-09,Premium
1434,Arjun,Reddy,arjun.reddy1434@mail.com,9302381105,Chandigarh,Punjab,2025-06-25,Regular
1435,Vikram,Singh,vikram.singh1435@mail.com,9470707181,Delhi,Delhi,2025-10-31,New
1436,Karan,Johnson,karan.johnson1436@mail.com,9716311712,Bengaluru,Karnataka,2024-06-21,Premium
1437,Diya,Das,diya.das1437@mail.com,9259826206,Nagpur,Maharashtra,2024-06-30,Regular
1438,Aditya,Roy,aditya.roy1438@mail.com,9952172487,Delhi,Delhi,2023-10-01,New
1439,Reyansh,Johnson,reyansh.johnson1439@mail.com,9833400081,Bengaluru,Karnataka,2025-04-23,Regular
1440,Reyansh,Kumar,reyansh.kumar1440@mail.com,9307403646,Lucknow,Uttar Pradesh,2022-11-14,New
1441,Robert,Anderson,robert.anderson1441@mail.com,9807046107,Jaipur,Rajasthan,2024-03-07,Premium
1442,Ayaan,Roy,ayaan.roy1442@mail.com,9170290990,Pune,Maharashtra,2023-05-20,Regular
1443,Anika,Kumar,anika.kumar1443@mail.com,9302228735,Indore,Madhya Pradesh,2024-04-07,Regular
1444,Vihaan,Kumar,vihaan.kumar1444@mail.com,9970705148,Nagpur,Maharashtra,2025-09-12,Premium
1445,Sneha,Iyer,sneha.iyer1445@mail.com,9658178034,Delhi,Delhi,2025-09-20,Premium
1446,Neha,Chatterjee,neha.chatterjee1446@mail.com,9717494743,Kochi,Kerala,2024-12-25,Regular
1447,Vikram,Singh,vikram.singh1447@mail.com,9403398162,Pune,Maharashtra,2022-10-05,Regular
1448,Saanvi,Kapoor,saanvi.kapoor1448@mail.com,9772526678,Kolkata,West Bengal,2024-04-07,Regular
1449,Sai,Kumar,sai.kumar1449@mail.com,9125591724,Ahmedabad,Gujarat,2022-08-02,Regular
1450,Rahul,Malhotra,rahul.malhotra1450@mail.com,9517480119,Chennai,Tamil Nadu,2024-10-16,New
1451,Kiara,Verma,kiara.verma1451@mail.com,9666452632,Nagpur,Maharashtra,2022-03-27,Regular
1452,Sai,Kapoor,sai.kapoor1452@mail.com,9730790953,Kochi,Kerala,2025-03-15,Regular
1453,James,Verma,james.verma1453@mail.com,9673691810,Mumbai,Maharashtra,2022-04-07,New
1454,David,Singh,david.singh1454@mail.com,9477705443,Jaipur,Rajasthan,2022-04-18,New
1455,Olivia,Das,olivia.das1455@mail.com,9662624007,Nagpur,Maharashtra,2023-01-01,Regular
1456,Aditya,Singh,aditya.singh1456@mail.com,9205925419,Ahmedabad,Gujarat,2023-01-16,New
1457,James,Gupta,james.gupta1457@mail.com,9866688784,Hyderabad,Telangana,2024-10-11,Regular
1458,Divya,Sharma,divya.sharma1458@mail.com,9148569511,Surat,Gujarat,2024-02-21,Regular
1459,Ayaan,Kapoor,ayaan.kapoor1459@mail.com,9105088230,Surat,Gujarat,2023-05-08,Premium
1460,Robert,Reddy,robert.reddy1460@mail.com,9518668865,Nagpur,Maharashtra,2023-04-13,Regular
1461,William,Verma,william.verma1461@mail.com,9267427481,Bengaluru,Karnataka,2025-05-11,Regular
1462,Riya,Taylor,riya.taylor1462@mail.com,9830569336,Lucknow,Uttar Pradesh,2025-12-25,New
1463,Pari,Singh,pari.singh1463@mail.com,9801514571,Kochi,Kerala,2023-07-13,Regular
1464,Aarav,Taylor,aarav.taylor1464@mail.com,9984285361,Kolkata,West Bengal,2024-02-12,Regular
1465,Saanvi,Kumar,saanvi.kumar1465@mail.com,9372113539,Lucknow,Uttar Pradesh,2022-01-22,Premium
1466,William,Verma,william.verma1466@mail.com,9847326207,Indore,Madhya Pradesh,2024-07-08,Regular
1467,Myra,Gupta,myra.gupta1467@mail.com,9784614627,Delhi,Delhi,2022-08-25,Regular
1468,Priya,Gupta,priya.gupta1468@mail.com,9296879759,Jaipur,Rajasthan,2023-11-02,Regular
1469,Riya,Brown,riya.brown1469@mail.com,9405808958,Jaipur,Rajasthan,2023-08-10,Regular
1470,Rohan,Mehta,rohan.mehta1470@mail.com,9216492455,Indore,Madhya Pradesh,2022-09-02,Regular
1471,Saanvi,Gupta,saanvi.gupta1471@mail.com,9695658257,Nagpur,Maharashtra,2024-10-16,Regular
1472,Neha,Verma,neha.verma1472@mail.com,9603538733,Ahmedabad,Gujarat,2022-08-12,Regular
1473,Aditya,Brown,aditya.brown1473@mail.com,9298082098,Delhi,Delhi,2025-11-21,New
1474,Anika,Taylor,anika.taylor1474@mail.com,9760695708,Pune,Maharashtra,2024-06-16,Premium
1475,Sophia,Malhotra,sophia.malhotra1475@mail.com,9925843364,Mumbai,Maharashtra,2025-09-19,New
1476,Saanvi,Singh,saanvi.singh1476@mail.com,9878366359,Pune,Maharashtra,2022-03-31,Premium
1477,Ishaan,Smith,ishaan.smith1477@mail.com,9369296768,Surat,Gujarat,2022-12-26,Regular
1478,Saanvi,Verma,saanvi.verma1478@mail.com,9520167915,Kolkata,West Bengal,2022-11-10,New
1479,Amit,Gupta,amit.gupta1479@mail.com,9341844881,Bengaluru,Karnataka,2025-07-08,Regular
1480,Sophia,Sharma,sophia.sharma1480@mail.com,9573016016,Delhi,Delhi,2023-05-19,Premium
1481,Kiara,Roy,kiara.roy1481@mail.com,9272977662,Bengaluru,Karnataka,2025-01-25,New
1482,Vihaan,Iyer,vihaan.iyer1482@mail.com,9835258495,Delhi,Delhi,2024-04-19,Regular
1483,Vivaan,Malhotra,vivaan.malhotra1483@mail.com,9873612152,Bengaluru,Karnataka,2023-10-21,Regular
1484,Ishaan,Iyer,ishaan.iyer1484@mail.com,9834779362,Hyderabad,Telangana,2022-01-13,Regular
1485,Rohan,Verma,rohan.verma1485@mail.com,9973710236,Kolkata,West Bengal,2025-03-07,Regular
1486,Myra,Verma,myra.verma1486@mail.com,9705202509,Jaipur,Rajasthan,2022-06-01,Regular
1487,Rahul,Chatterjee,rahul.chatterjee1487@mail.com,9792338157,Kolkata,West Bengal,2023-08-02,Premium
1488,David,Anderson,david.anderson1488@mail.com,9903233413,Hyderabad,Telangana,2025-10-30,Regular
1489,Riya,Johnson,riya.johnson1489@mail.com,9783648813,Ahmedabad,Gujarat,2024-09-08,New
1490,Ishaan,Anderson,ishaan.anderson1490@mail.com,9676013819,Surat,Gujarat,2024-01-08,Regular
1491,Kiara,Reddy,kiara.reddy1491@mail.com,9517096917,Chennai,Tamil Nadu,2022-11-25,Regular
1492,Vivaan,Taylor,vivaan.taylor1492@mail.com,9964845867,Chennai,Tamil Nadu,2022-10-22,Regular
1493,Emma,Roy,emma.roy1493@mail.com,9343723943,Kolkata,West Bengal,2022-09-14,New
1494,John,Singh,john.singh1494@mail.com,9535716227,Kolkata,West Bengal,2024-05-05,Regular
1495,Sophia,Anderson,sophia.anderson1495@mail.com,9517087338,Ahmedabad,Gujarat,2024-01-15,Regular
1496,William,Nair,william.nair1496@mail.com,9876645741,Jaipur,Rajasthan,2023-02-26,Regular
1497,Saanvi,Chatterjee,saanvi.chatterjee1497@mail.com,9308952234,Nagpur,Maharashtra,2025-09-12,Premium
1498,Michael,Anderson,michael.anderson1498@mail.com,9688631184,Nagpur,Maharashtra,2024-04-16,Regular
1499,Pari,Singh,pari.singh1499@mail.com,9521797528,Bengaluru,Karnataka,2024-08-21,Regular
1500,Sophia,Kapoor,sophia.kapoor1500@mail.com,9994306566,Indore,Madhya Pradesh,2025-07-01,Regular
1501,Saanvi,Singh,saanvi.singh1501@mail.com,9462584525,Jaipur,Rajasthan,2022-11-17,Premium
1502,Neha,Taylor,neha.taylor1502@mail.com,9293612001,Ahmedabad,Gujarat,2022-02-18,Premium
1503,David,Chatterjee,david.chatterjee1503@mail.com,9816178863,Bengaluru,Karnataka,2023-07-14,New
1504,Rohan,Nair,rohan.nair1504@mail.com,9788524209,Kolkata,West Bengal,2025-03-23,Premium
1505,Saanvi,Nair,saanvi.nair1505@mail.com,9541618988,Pune,Maharashtra,2024-08-17,Regular
1506,Krishna,Kumar,krishna.kumar1506@mail.com,9439532843,Lucknow,Uttar Pradesh,2025-06-08,Regular
1507,Aditya,Iyer,aditya.iyer1507@mail.com,9944994295,Delhi,Delhi,2022-06-25,Regular
1508,Vihaan,Smith,vihaan.smith1508@mail.com,9196579827,Pune,Maharashtra,2024-01-01,Regular
1509,Ishaan,Singh,ishaan.singh1509@mail.com,9430242008,Nagpur,Maharashtra,2022-05-16,Regular
1510,James,Chatterjee,james.chatterjee1510@mail.com,9989331508,Ahmedabad,Gujarat,2024-08-30,Regular
1511,Diya,Kapoor,diya.kapoor1511@mail.com,9425601984,Delhi,Delhi,2025-02-24,Regular
1512,Ishaan,Reddy,ishaan.reddy1512@mail.com,9545802434,Delhi,Delhi,2024-12-26,New
1513,Emma,Reddy,emma.reddy1513@mail.com,9703082206,Jaipur,Rajasthan,2025-07-11,Regular
1514,Ira,Patel,ira.patel1514@mail.com,9221719840,Chandigarh,Punjab,2022-10-28,New
1515,Reyansh,Verma,reyansh.verma1515@mail.com,9245598039,Surat,Gujarat,2024-02-20,Regular
1516,Rahul,Reddy,rahul.reddy1516@mail.com,9923708262,Mumbai,Maharashtra,2025-04-15,Premium
1517,Michael,Anderson,michael.anderson1517@mail.com,9728022146,Lucknow,Uttar Pradesh,2023-01-08,Regular
1518,Vivaan,Kumar,vivaan.kumar1518@mail.com,9821298658,Lucknow,Uttar Pradesh,2023-12-06,New
1519,Sai,Johnson,sai.johnson1519@mail.com,9173970067,Bengaluru,Karnataka,2022-10-04,Premium
1520,William,Nair,william.nair1520@mail.com,9219155077,Surat,Gujarat,2025-10-01,Regular
1521,James,Kapoor,james.kapoor1521@mail.com,9863868715,Indore,Madhya Pradesh,2022-06-20,Regular
1522,Priya,Sharma,priya.sharma1522@mail.com,9767719443,Surat,Gujarat,2025-04-23,Regular
1523,Ananya,Johnson,ananya.johnson1523@mail.com,9371351496,Hyderabad,Telangana,2024-11-17,Regular
1524,Neha,Sharma,neha.sharma1524@mail.com,9625713719,Pune,Maharashtra,2022-12-08,Regular
1525,Anika,Kapoor,anika.kapoor1525@mail.com,9382515849,Ahmedabad,Gujarat,2024-06-05,Regular
1526,Ira,Anderson,ira.anderson1526@mail.com,9808036658,Delhi,Delhi,2023-11-13,Premium
1527,Krishna,Malhotra,krishna.malhotra1527@mail.com,9111465285,Kochi,Kerala,2025-03-20,Regular
1528,David,Singh,david.singh1528@mail.com,9604788545,Kolkata,West Bengal,2024-03-06,Regular
1529,Ira,Brown,ira.brown1529@mail.com,9460385246,Pune,Maharashtra,2024-11-15,New
1530,Olivia,Taylor,olivia.taylor1530@mail.com,9859436678,Pune,Maharashtra,2022-09-29,New
1531,Riya,Roy,riya.roy1531@mail.com,9307128485,Ahmedabad,Gujarat,2023-07-31,Regular
1532,Sophia,Gupta,sophia.gupta1532@mail.com,9964872376,Chandigarh,Punjab,2023-10-15,New
1533,Ayaan,Sharma,ayaan.sharma1533@mail.com,9970541642,Bengaluru,Karnataka,2022-08-08,Regular
1534,Diya,Johnson,diya.johnson1534@mail.com,9169749378,Bengaluru,Karnataka,2025-03-17,New
1535,Sai,Gupta,sai.gupta1535@mail.com,9110356496,Kochi,Kerala,2022-01-28,Premium
1536,Robert,Malhotra,robert.malhotra1536@mail.com,9175572930,Bengaluru,Karnataka,2025-04-08,Premium
1537,Isabella,Smith,isabella.smith1537@mail.com,9944102411,Chandigarh,Punjab,2022-08-05,Premium
1538,Vihaan,Nair,vihaan.nair1538@mail.com,9314234368,Surat,Gujarat,2022-06-16,Regular
1539,Sai,Sharma,sai.sharma1539@mail.com,9564897319,Indore,Madhya Pradesh,2025-11-05,Regular
1540,Vihaan,Gupta,vihaan.gupta1540@mail.com,9515431734,Pune,Maharashtra,2025-07-04,Regular
1541,Rahul,Singh,rahul.singh1541@mail.com,9860464354,Ahmedabad,Gujarat,2025-05-24,Premium
1542,Rahul,Kapoor,rahul.kapoor1542@mail.com,9885511657,Chandigarh,Punjab,2025-04-27,New
1543,Vihaan,Anderson,vihaan.anderson1543@mail.com,9298564765,Jaipur,Rajasthan,2022-01-13,Regular
1544,Saanvi,Mehta,saanvi.mehta1544@mail.com,9254503687,Surat,Gujarat,2025-01-15,Premium
1545,Saanvi,Iyer,saanvi.iyer1545@mail.com,9854698869,Indore,Madhya Pradesh,2022-06-05,Regular
1546,James,Patel,james.patel1546@mail.com,9274400989,Kolkata,West Bengal,2025-07-25,New
1547,Kiara,Malhotra,kiara.malhotra1547@mail.com,9542684413,Jaipur,Rajasthan,2025-08-04,Regular
1548,Olivia,Mehta,olivia.mehta1548@mail.com,9985266387,Pune,Maharashtra,2023-05-09,Regular
1549,Riya,Kapoor,riya.kapoor1549@mail.com,9909920336,Bengaluru,Karnataka,2022-05-13,Regular
1550,Priya,Johnson,priya.johnson1550@mail.com,9886960612,Mumbai,Maharashtra,2025-06-23,Premium
1551,Olivia,Gupta,olivia.gupta1551@mail.com,9823739596,Indore,Madhya Pradesh,2024-07-02,Regular
1552,Sai,Smith,sai.smith1552@mail.com,9731509036,Indore,Madhya Pradesh,2024-01-11,Premium
1553,Karan,Gupta,karan.gupta1553@mail.com,9711175063,Chennai,Tamil Nadu,2023-10-16,Regular
1554,Rahul,Johnson,rahul.johnson1554@mail.com,9636543350,Chennai,Tamil Nadu,2024-09-28,Regular
1555,Saanvi,Patel,saanvi.patel1555@mail.com,9730532473,Bengaluru,Karnataka,2022-03-29,Premium
1556,Emma,Anderson,emma.anderson1556@mail.com,9595682408,Pune,Maharashtra,2024-04-05,Regular
1557,Isabella,Anderson,isabella.anderson1557@mail.com,9263944109,Bengaluru,Karnataka,2024-02-29,Regular
1558,Vivaan,Nair,vivaan.nair1558@mail.com,9946393426,Pune,Maharashtra,2024-02-21,New
1559,Ishaan,Brown,ishaan.brown1559@mail.com,9492678179,Mumbai,Maharashtra,2024-06-08,Premium
1560,Diya,Nair,diya.nair1560@mail.com,9736661428,Bengaluru,Karnataka,2023-03-21,Regular
1561,William,Kumar,william.kumar1561@mail.com,9260953712,Chennai,Tamil Nadu,2023-11-22,Regular
1562,Priya,Brown,priya.brown1562@mail.com,9269990879,Chennai,Tamil Nadu,2025-01-30,Regular
1563,Saanvi,Kumar,saanvi.kumar1563@mail.com,9751573378,Kochi,Kerala,2024-10-19,Regular
1564,Ananya,Kumar,ananya.kumar1564@mail.com,9814885719,Mumbai,Maharashtra,2023-12-25,New
1565,Arjun,Smith,arjun.smith1565@mail.com,9858087611,Ahmedabad,Gujarat,2025-05-29,Regular
1566,Anika,Das,anika.das1566@mail.com,9630677125,Indore,Madhya Pradesh,2023-03-20,Regular
1567,Aarav,Kapoor,aarav.kapoor1567@mail.com,9778077202,Bengaluru,Karnataka,2023-11-25,Premium
1568,Divya,Taylor,divya.taylor1568@mail.com,9756729233,Delhi,Delhi,2025-05-11,Regular
1569,Kiara,Smith,kiara.smith1569@mail.com,9878201633,Pune,Maharashtra,2025-11-11,New
1570,Michael,Chatterjee,michael.chatterjee1570@mail.com,9608441503,Delhi,Delhi,2022-02-06,Regular
1571,Emma,Patel,emma.patel1571@mail.com,9324901650,Pune,Maharashtra,2025-11-10,Regular
1572,James,Kumar,james.kumar1572@mail.com,9944826660,Chennai,Tamil Nadu,2025-02-10,Regular
1573,Robert,Singh,robert.singh1573@mail.com,9236507849,Pune,Maharashtra,2025-07-19,Premium
1574,Myra,Chatterjee,myra.chatterjee1574@mail.com,9754324436,Hyderabad,Telangana,2023-05-26,Regular
1575,Rahul,Sharma,rahul.sharma1575@mail.com,9436575164,Jaipur,Rajasthan,2022-07-15,Regular
1576,Ishaan,Malhotra,ishaan.malhotra1576@mail.com,9445374359,Delhi,Delhi,2024-12-19,Regular
1577,Karan,Mehta,karan.mehta1577@mail.com,9171860648,Ahmedabad,Gujarat,2024-03-08,Premium
1578,Ira,Nair,ira.nair1578@mail.com,9490608439,Nagpur,Maharashtra,2022-05-01,Regular
1579,Myra,Sharma,myra.sharma1579@mail.com,9451343765,Pune,Maharashtra,2025-06-25,Regular
1580,Ishaan,Mehta,ishaan.mehta1580@mail.com,9443635681,Ahmedabad,Gujarat,2023-10-06,Premium
1581,Vikram,Singh,vikram.singh1581@mail.com,9984909762,Indore,Madhya Pradesh,2025-08-15,Regular
1582,Karan,Malhotra,karan.malhotra1582@mail.com,9229238160,Chennai,Tamil Nadu,2022-05-05,Premium
1583,Saanvi,Das,saanvi.das1583@mail.com,9957757046,Jaipur,Rajasthan,2023-08-02,Regular
1584,David,Taylor,david.taylor1584@mail.com,9852313014,Nagpur,Maharashtra,2022-01-23,Regular
1585,Aadhya,Nair,aadhya.nair1585@mail.com,9417938579,Mumbai,Maharashtra,2022-03-01,Premium
1586,Emma,Gupta,emma.gupta1586@mail.com,9495815219,Ahmedabad,Gujarat,2022-10-30,Regular
1587,David,Roy,david.roy1587@mail.com,9268554291,Lucknow,Uttar Pradesh,2024-06-28,Premium
1588,Reyansh,Mehta,reyansh.mehta1588@mail.com,9589565320,Chennai,Tamil Nadu,2023-02-10,Premium
1589,Isabella,Kapoor,isabella.kapoor1589@mail.com,9274913716,Lucknow,Uttar Pradesh,2022-09-21,Regular
1590,Vivaan,Iyer,vivaan.iyer1590@mail.com,9156289286,Nagpur,Maharashtra,2023-10-31,Premium
1591,Michael,Nair,michael.nair1591@mail.com,9438517221,Nagpur,Maharashtra,2024-02-08,Premium
1592,Olivia,Smith,olivia.smith1592@mail.com,9524705373,Bengaluru,Karnataka,2023-10-31,Premium
1593,Aditya,Kapoor,aditya.kapoor1593@mail.com,9447907555,Lucknow,Uttar Pradesh,2025-03-10,Regular
1594,Amit,Verma,amit.verma1594@mail.com,9876075538,Kochi,Kerala,2022-09-28,Regular
1595,Arjun,Nair,arjun.nair1595@mail.com,9262746974,Delhi,Delhi,2024-12-06,Regular
1596,Anika,Gupta,anika.gupta1596@mail.com,9910309537,Pune,Maharashtra,2024-01-02,Regular
1597,Emma,Smith,emma.smith1597@mail.com,9906219798,Delhi,Delhi,2024-10-05,Regular
1598,Vihaan,Das,vihaan.das1598@mail.com,9547055536,Chandigarh,Punjab,2024-03-21,Premium
1599,Pooja,Gupta,pooja.gupta1599@mail.com,9974416854,Hyderabad,Telangana,2024-07-07,Regular
1600,Riya,Patel,riya.patel1600@mail.com,9356909240,Mumbai,Maharashtra,2025-08-13,Premium
1601,Vivaan,Verma,vivaan.verma1601@mail.com,9790311363,Nagpur,Maharashtra,2025-11-29,Regular
1602,Aditya,Verma,aditya.verma1602@mail.com,9335150429,Indore,Madhya Pradesh,2023-04-22,New
1603,Krishna,Das,krishna.das1603@mail.com,9443016507,Pune,Maharashtra,2024-03-04,Premium
1604,William,Sharma,william.sharma1604@mail.com,9647873486,Indore,Madhya Pradesh,2023-08-17,Regular
1605,Emma,Roy,emma.roy1605@mail.com,9172973151,Mumbai,Maharashtra,2023-02-14,Premium
1606,Aadhya,Patel,aadhya.patel1606@mail.com,9725711439,Ahmedabad,Gujarat,2022-01-15,Regular
1607,Sai,Chatterjee,sai.chatterjee1607@mail.com,9495263942,Jaipur,Rajasthan,2022-12-03,Regular
1608,Ishaan,Roy,ishaan.roy1608@mail.com,9107891939,Surat,Gujarat,2025-07-09,Premium
1609,Kiara,Mehta,kiara.mehta1609@mail.com,9697282546,Pune,Maharashtra,2024-11-12,Regular
1610,Saanvi,Malhotra,saanvi.malhotra1610@mail.com,9375176652,Pune,Maharashtra,2023-02-05,Regular
1611,Riya,Brown,riya.brown1611@mail.com,9227955302,Chandigarh,Punjab,2023-08-08,Regular
1612,Sophia,Malhotra,sophia.malhotra1612@mail.com,9799444677,Chandigarh,Punjab,2024-11-14,Premium
1613,Aadhya,Reddy,aadhya.reddy1613@mail.com,9221003717,Mumbai,Maharashtra,2024-03-04,New
1614,Aadhya,Singh,aadhya.singh1614@mail.com,9915785316,Lucknow,Uttar Pradesh,2023-09-04,New
1615,Aadhya,Chatterjee,aadhya.chatterjee1615@mail.com,9978170803,Chennai,Tamil Nadu,2024-01-10,Regular
1616,Myra,Chatterjee,myra.chatterjee1616@mail.com,9370940044,Hyderabad,Telangana,2024-11-12,Regular
1617,Aarav,Singh,aarav.singh1617@mail.com,9990762470,Bengaluru,Karnataka,2023-11-15,Regular
1618,David,Smith,david.smith1618@mail.com,9591649559,Kolkata,West Bengal,2025-05-17,Premium
1619,Priya,Kumar,priya.kumar1619@mail.com,9702186482,Lucknow,Uttar Pradesh,2023-08-08,Premium
1620,Anika,Gupta,anika.gupta1620@mail.com,9761822587,Delhi,Delhi,2022-01-01,New
1621,Divya,Verma,divya.verma1621@mail.com,9112038691,Chennai,Tamil Nadu,2022-01-01,Regular
1622,David,Chatterjee,david.chatterjee1622@mail.com,9271248073,Delhi,Delhi,2022-04-20,Regular
1623,Saanvi,Taylor,saanvi.taylor1623@mail.com,9896551594,Surat,Gujarat,2024-02-03,Regular
1624,Emma,Sharma,emma.sharma1624@mail.com,9419405897,Indore,Madhya Pradesh,2022-03-13,New
1625,Pari,Nair,pari.nair1625@mail.com,9382099523,Ahmedabad,Gujarat,2023-02-24,Regular
1626,Vivaan,Kumar,vivaan.kumar1626@mail.com,9287455232,Mumbai,Maharashtra,2022-08-19,Regular
1627,Anika,Anderson,anika.anderson1627@mail.com,9722530817,Kochi,Kerala,2025-02-15,Regular
1628,Vivaan,Chatterjee,vivaan.chatterjee1628@mail.com,9615100796,Delhi,Delhi,2025-11-17,Regular
1629,Arjun,Brown,arjun.brown1629@mail.com,9828017647,Kolkata,West Bengal,2022-03-03,Regular
1630,Olivia,Anderson,olivia.anderson1630@mail.com,9542837170,Bengaluru,Karnataka,2022-01-28,Premium
1631,Aditya,Gupta,aditya.gupta1631@mail.com,9926279823,Surat,Gujarat,2023-07-30,Premium
1632,Rahul,Singh,rahul.singh1632@mail.com,9961077612,Chennai,Tamil Nadu,2022-02-19,Premium
1633,Saanvi,Patel,saanvi.patel1633@mail.com,9840533109,Ahmedabad,Gujarat,2022-01-04,New
1634,Aditya,Chatterjee,aditya.chatterjee1634@mail.com,9996995844,Nagpur,Maharashtra,2024-06-10,Premium
1635,Priya,Patel,priya.patel1635@mail.com,9868336705,Nagpur,Maharashtra,2022-04-07,Regular
1636,Sai,Malhotra,sai.malhotra1636@mail.com,9494382316,Ahmedabad,Gujarat,2024-08-25,Regular
1637,Michael,Johnson,michael.johnson1637@mail.com,9879749812,Jaipur,Rajasthan,2025-01-12,Regular
1638,John,Taylor,john.taylor1638@mail.com,9286791061,Lucknow,Uttar Pradesh,2024-04-02,Regular
1639,John,Kapoor,john.kapoor1639@mail.com,9258519927,Nagpur,Maharashtra,2025-10-09,Premium
1640,Priya,Roy,priya.roy1640@mail.com,9537899599,Pune,Maharashtra,2024-06-03,Regular
1641,Riya,Nair,riya.nair1641@mail.com,9457345648,Surat,Gujarat,2024-01-05,Premium
1642,Sophia,Roy,sophia.roy1642@mail.com,9830507008,Bengaluru,Karnataka,2022-03-29,Regular
1643,Ishaan,Malhotra,ishaan.malhotra1643@mail.com,9466843761,Jaipur,Rajasthan,2025-07-19,New
1644,Ananya,Chatterjee,ananya.chatterjee1644@mail.com,9249809853,Nagpur,Maharashtra,2023-02-26,New
1645,William,Gupta,william.gupta1645@mail.com,9984165585,Kolkata,West Bengal,2022-08-18,New
1646,Vikram,Verma,vikram.verma1646@mail.com,9657882800,Delhi,Delhi,2025-03-24,Regular
1647,Pooja,Reddy,pooja.reddy1647@mail.com,9894258921,Hyderabad,Telangana,2025-11-01,Premium
1648,Robert,Kumar,robert.kumar1648@mail.com,9225543343,Pune,Maharashtra,2024-02-04,Regular
1649,William,Das,william.das1649@mail.com,9805332300,Nagpur,Maharashtra,2024-03-15,Regular
1650,John,Taylor,john.taylor1650@mail.com,9838520633,Indore,Madhya Pradesh,2022-08-06,Regular
1651,Isabella,Nair,isabella.nair1651@mail.com,9995875717,Kochi,Kerala,2023-01-21,Premium
1652,Amit,Iyer,amit.iyer1652@mail.com,9631720085,Bengaluru,Karnataka,2022-05-28,Premium
1653,Pari,Patel,pari.patel1653@mail.com,9911534685,Kolkata,West Bengal,2023-09-13,New
1654,Vikram,Iyer,vikram.iyer1654@mail.com,9974556653,Hyderabad,Telangana,2022-02-18,Regular
1655,Kiara,Iyer,kiara.iyer1655@mail.com,9322358401,Bengaluru,Karnataka,2025-10-25,Regular
1656,Riya,Anderson,riya.anderson1656@mail.com,9227724737,Kolkata,West Bengal,2024-01-03,Premium
1657,Aarav,Malhotra,aarav.malhotra1657@mail.com,9422353917,Pune,Maharashtra,2024-03-05,Regular
1658,Pari,Taylor,pari.taylor1658@mail.com,9764922971,Lucknow,Uttar Pradesh,2024-09-06,Premium
1659,Sneha,Verma,sneha.verma1659@mail.com,9829196781,Ahmedabad,Gujarat,2022-03-06,Regular
1660,John,Sharma,john.sharma1660@mail.com,9374644018,Kochi,Kerala,2024-08-27,New
1661,David,Roy,david.roy1661@mail.com,9926552926,Delhi,Delhi,2024-05-15,Premium
1662,Divya,Johnson,divya.johnson1662@mail.com,9835350127,Ahmedabad,Gujarat,2022-02-25,Regular
1663,Priya,Gupta,priya.gupta1663@mail.com,9609889702,Chennai,Tamil Nadu,2025-01-18,Regular
1664,Anika,Iyer,anika.iyer1664@mail.com,9588215591,Kolkata,West Bengal,2023-11-22,Regular
1665,Rahul,Verma,rahul.verma1665@mail.com,9446681717,Chennai,Tamil Nadu,2025-02-05,Premium
1666,Sophia,Singh,sophia.singh1666@mail.com,9758973884,Kolkata,West Bengal,2022-07-14,Regular
1667,Krishna,Chatterjee,krishna.chatterjee1667@mail.com,9825036318,Indore,Madhya Pradesh,2022-02-27,New
1668,Sophia,Gupta,sophia.gupta1668@mail.com,9639096367,Bengaluru,Karnataka,2024-08-06,Regular
1669,Rohan,Brown,rohan.brown1669@mail.com,9960397564,Surat,Gujarat,2025-01-02,Premium
1670,Vihaan,Mehta,vihaan.mehta1670@mail.com,9728848779,Delhi,Delhi,2025-11-30,Regular
1671,Diya,Anderson,diya.anderson1671@mail.com,9415024544,Nagpur,Maharashtra,2022-11-30,Regular
1672,Karan,Smith,karan.smith1672@mail.com,9558199570,Delhi,Delhi,2025-11-07,Regular
1673,Arjun,Singh,arjun.singh1673@mail.com,9617700530,Ahmedabad,Gujarat,2023-05-26,Regular
1674,Diya,Brown,diya.brown1674@mail.com,9147110078,Chennai,Tamil Nadu,2023-01-10,Regular
1675,Sneha,Kumar,sneha.kumar1675@mail.com,9345599679,Kochi,Kerala,2024-06-29,New
1676,Ayaan,Iyer,ayaan.iyer1676@mail.com,9276558895,Bengaluru,Karnataka,2022-09-28,Premium
1677,Karan,Chatterjee,karan.chatterjee1677@mail.com,9125424279,Ahmedabad,Gujarat,2024-10-13,Regular
1678,Olivia,Sharma,olivia.sharma1678@mail.com,9860648163,Jaipur,Rajasthan,2025-11-21,Regular
1679,Vikram,Iyer,vikram.iyer1679@mail.com,9549494734,Ahmedabad,Gujarat,2022-03-10,Regular
1680,Pooja,Taylor,pooja.taylor1680@mail.com,9171874723,Delhi,Delhi,2022-06-28,Regular
1681,John,Kumar,john.kumar1681@mail.com,9530921552,Jaipur,Rajasthan,2023-05-14,New
1682,Krishna,Iyer,krishna.iyer1682@mail.com,9125887140,Bengaluru,Karnataka,2022-06-26,Premium
1683,Saanvi,Anderson,saanvi.anderson1683@mail.com,9808521384,Jaipur,Rajasthan,2024-02-04,Premium
1684,Rahul,Gupta,rahul.gupta1684@mail.com,9948254067,Chandigarh,Punjab,2023-01-15,Premium
1685,Ayaan,Roy,ayaan.roy1685@mail.com,9142687424,Hyderabad,Telangana,2023-02-19,Regular
1686,Krishna,Brown,krishna.brown1686@mail.com,9112019056,Pune,Maharashtra,2022-05-03,Regular
1687,Aarav,Iyer,aarav.iyer1687@mail.com,9663245360,Chandigarh,Punjab,2023-06-29,Premium
1688,Aarav,Kapoor,aarav.kapoor1688@mail.com,9971300408,Bengaluru,Karnataka,2023-10-17,New
1689,Rahul,Singh,rahul.singh1689@mail.com,9302579662,Chandigarh,Punjab,2024-08-30,Regular
1690,Aadhya,Iyer,aadhya.iyer1690@mail.com,9285132385,Kolkata,West Bengal,2025-02-06,Premium
1691,Vikram,Gupta,vikram.gupta1691@mail.com,9256886986,Chandigarh,Punjab,2022-09-18,New
1692,Ishaan,Gupta,ishaan.gupta1692@mail.com,9612914010,Jaipur,Rajasthan,2022-05-29,Premium
1693,Anika,Taylor,anika.taylor1693@mail.com,9771758113,Pune,Maharashtra,2023-04-07,New
1694,Emma,Verma,emma.verma1694@mail.com,9907852153,Kolkata,West Bengal,2022-03-29,New
1695,William,Sharma,william.sharma1695@mail.com,9306808785,Chandigarh,Punjab,2024-02-05,Regular
1696,Karan,Patel,karan.patel1696@mail.com,9903812257,Surat,Gujarat,2022-09-18,Regular
1697,Amit,Taylor,amit.taylor1697@mail.com,9793681192,Nagpur,Maharashtra,2025-07-25,Regular
1698,Karan,Das,karan.das1698@mail.com,9408837864,Ahmedabad,Gujarat,2022-06-03,Regular
1699,Vivaan,Taylor,vivaan.taylor1699@mail.com,9171225563,Jaipur,Rajasthan,2022-06-23,Premium
1700,Ishaan,Verma,ishaan.verma1700@mail.com,9496770295,Chennai,Tamil Nadu,2024-03-16,Regular
1701,Robert,Kapoor,robert.kapoor1701@mail.com,9997996563,Jaipur,Rajasthan,2025-05-24,Regular
1702,Pari,Kumar,pari.kumar1702@mail.com,9649154475,Ahmedabad,Gujarat,2024-03-01,Premium
1703,Sneha,Roy,sneha.roy1703@mail.com,9832489265,Lucknow,Uttar Pradesh,2025-05-12,Premium
1704,Rohan,Nair,rohan.nair1704@mail.com,9603937212,Pune,Maharashtra,2022-07-06,Premium
1705,Robert,Roy,robert.roy1705@mail.com,9655121927,Lucknow,Uttar Pradesh,2025-07-17,Regular
1706,Ira,Mehta,ira.mehta1706@mail.com,9410254439,Lucknow,Uttar Pradesh,2024-11-17,Regular
1707,James,Patel,james.patel1707@mail.com,9707753897,Hyderabad,Telangana,2023-12-15,New
1708,Saanvi,Smith,saanvi.smith1708@mail.com,9655845816,Chandigarh,Punjab,2024-04-22,Regular
1709,Karan,Taylor,karan.taylor1709@mail.com,9819068385,Chandigarh,Punjab,2023-01-21,Premium
1710,Krishna,Kapoor,krishna.kapoor1710@mail.com,9303974495,Chandigarh,Punjab,2025-11-05,Regular
1711,Vikram,Roy,vikram.roy1711@mail.com,9444824123,Hyderabad,Telangana,2024-08-05,Premium
1712,Diya,Iyer,diya.iyer1712@mail.com,9878025484,Kochi,Kerala,2023-08-20,Premium
1713,Aadhya,Malhotra,aadhya.malhotra1713@mail.com,9948197014,Chandigarh,Punjab,2023-11-22,Regular
1714,Priya,Johnson,priya.johnson1714@mail.com,9363747299,Kolkata,West Bengal,2024-09-18,Premium
1715,Rohan,Anderson,rohan.anderson1715@mail.com,9677038107,Pune,Maharashtra,2022-10-27,Regular
1716,Arjun,Mehta,arjun.mehta1716@mail.com,9233604914,Kolkata,West Bengal,2025-02-01,New
1717,Aarav,Gupta,aarav.gupta1717@mail.com,9302859986,Indore,Madhya Pradesh,2023-06-06,New
1718,Isabella,Roy,isabella.roy1718@mail.com,9726618123,Nagpur,Maharashtra,2023-07-22,Regular
1719,Emma,Singh,emma.singh1719@mail.com,9385294502,Mumbai,Maharashtra,2024-05-25,Premium
1720,Priya,Malhotra,priya.malhotra1720@mail.com,9216049131,Ahmedabad,Gujarat,2024-06-14,Regular
1721,Ayaan,Nair,ayaan.nair1721@mail.com,9294459726,Delhi,Delhi,2024-01-11,Premium
1722,Vihaan,Verma,vihaan.verma1722@mail.com,9175462552,Chennai,Tamil Nadu,2022-08-09,Regular
1723,Ira,Nair,ira.nair1723@mail.com,9941674691,Delhi,Delhi,2025-11-07,Regular
1724,Aditya,Chatterjee,aditya.chatterjee1724@mail.com,9164295540,Mumbai,Maharashtra,2022-08-17,Regular
1725,Divya,Mehta,divya.mehta1725@mail.com,9405144652,Kolkata,West Bengal,2023-05-08,Regular
1726,Divya,Malhotra,divya.malhotra1726@mail.com,9712695440,Indore,Madhya Pradesh,2023-07-01,New
1727,John,Patel,john.patel1727@mail.com,9262889747,Mumbai,Maharashtra,2025-02-07,Premium
1728,Myra,Reddy,myra.reddy1728@mail.com,9965124849,Nagpur,Maharashtra,2024-02-24,Regular
1729,Divya,Sharma,divya.sharma1729@mail.com,9272223663,Delhi,Delhi,2025-03-15,Premium
1730,Ira,Kumar,ira.kumar1730@mail.com,9233748804,Delhi,Delhi,2023-05-20,New
1731,Myra,Patel,myra.patel1731@mail.com,9593391468,Lucknow,Uttar Pradesh,2022-12-06,New
1732,Myra,Mehta,myra.mehta1732@mail.com,9215305817,Mumbai,Maharashtra,2023-05-05,Premium
1733,Olivia,Chatterjee,olivia.chatterjee1733@mail.com,9743940505,Nagpur,Maharashtra,2024-03-02,Regular
1734,Myra,Iyer,myra.iyer1734@mail.com,9188043753,Kolkata,West Bengal,2025-12-30,Regular
1735,Ishaan,Brown,ishaan.brown1735@mail.com,9760408044,Indore,Madhya Pradesh,2024-02-18,Regular
1736,Ira,Singh,ira.singh1736@mail.com,9822962352,Ahmedabad,Gujarat,2024-06-13,Premium
1737,Neha,Smith,neha.smith1737@mail.com,9445830787,Mumbai,Maharashtra,2024-10-19,Regular
1738,David,Anderson,david.anderson1738@mail.com,9751282333,Hyderabad,Telangana,2024-02-03,Regular
1739,Arjun,Malhotra,arjun.malhotra1739@mail.com,9998657208,Kochi,Kerala,2025-10-31,Regular
1740,William,Singh,william.singh1740@mail.com,9333998798,Pune,Maharashtra,2023-12-25,Regular
1741,Anika,Kapoor,anika.kapoor1741@mail.com,9347922133,Kolkata,West Bengal,2025-05-14,New
1742,Vivaan,Chatterjee,vivaan.chatterjee1742@mail.com,9362071276,Chandigarh,Punjab,2025-11-29,Regular
1743,Vivaan,Brown,vivaan.brown1743@mail.com,9713811510,Pune,Maharashtra,2024-01-07,Regular
1744,Priya,Taylor,priya.taylor1744@mail.com,9877580735,Ahmedabad,Gujarat,2024-05-18,Regular
1745,Riya,Johnson,riya.johnson1745@mail.com,9345411039,Chennai,Tamil Nadu,2024-01-21,New
1746,Riya,Kumar,riya.kumar1746@mail.com,9269756649,Bengaluru,Karnataka,2023-03-25,New
1747,Neha,Malhotra,neha.malhotra1747@mail.com,9670088786,Indore,Madhya Pradesh,2023-02-05,New
1748,David,Johnson,david.johnson1748@mail.com,9151516549,Indore,Madhya Pradesh,2023-04-14,Regular
1749,Ananya,Gupta,ananya.gupta1749@mail.com,9760834357,Kochi,Kerala,2025-02-06,Regular
1750,Sai,Das,sai.das1750@mail.com,9373960211,Ahmedabad,Gujarat,2022-11-02,Regular
1751,Olivia,Mehta,olivia.mehta1751@mail.com,9299737529,Hyderabad,Telangana,2024-04-18,Regular
1752,Neha,Gupta,neha.gupta1752@mail.com,9348910141,Nagpur,Maharashtra,2022-07-08,Premium
1753,Rohan,Reddy,rohan.reddy1753@mail.com,9409498553,Jaipur,Rajasthan,2024-08-21,New
1754,Ananya,Patel,ananya.patel1754@mail.com,9118448829,Indore,Madhya Pradesh,2023-02-05,Premium
1755,Arjun,Gupta,arjun.gupta1755@mail.com,9929826679,Delhi,Delhi,2023-07-06,New
1756,Diya,Roy,diya.roy1756@mail.com,9233291386,Indore,Madhya Pradesh,2024-08-05,Premium
1757,Michael,Reddy,michael.reddy1757@mail.com,9263980356,Jaipur,Rajasthan,2023-01-18,Regular
1758,Aarav,Smith,aarav.smith1758@mail.com,9284462987,Indore,Madhya Pradesh,2023-07-12,Regular
1759,Vivaan,Das,vivaan.das1759@mail.com,9641713214,Surat,Gujarat,2022-04-27,Regular
1760,Ananya,Verma,ananya.verma1760@mail.com,9603656740,Bengaluru,Karnataka,2022-09-28,Regular
1761,Karan,Johnson,karan.johnson1761@mail.com,9716182316,Indore,Madhya Pradesh,2023-07-26,Regular
1762,Isabella,Reddy,isabella.reddy1762@mail.com,9862581310,Delhi,Delhi,2023-05-24,Regular
1763,Karan,Verma,karan.verma1763@mail.com,9172020184,Kolkata,West Bengal,2022-10-06,Regular
1764,Isabella,Das,isabella.das1764@mail.com,9957745830,Ahmedabad,Gujarat,2025-10-19,Premium
1765,Pooja,Roy,pooja.roy1765@mail.com,9879788828,Kolkata,West Bengal,2024-12-11,Regular
1766,Neha,Johnson,neha.johnson1766@mail.com,9944374163,Lucknow,Uttar Pradesh,2025-03-28,Premium
1767,William,Mehta,william.mehta1767@mail.com,9662072076,Surat,Gujarat,2024-04-14,Regular
1768,Priya,Nair,priya.nair1768@mail.com,9964189002,Mumbai,Maharashtra,2023-02-28,Regular
1769,Michael,Kapoor,michael.kapoor1769@mail.com,9224056047,Lucknow,Uttar Pradesh,2024-04-24,Regular
1770,Pari,Johnson,pari.johnson1770@mail.com,9125636498,Pune,Maharashtra,2024-09-24,Regular
1771,Vivaan,Singh,vivaan.singh1771@mail.com,9567654869,Indore,Madhya Pradesh,2025-07-31,Premium
1772,Sophia,Chatterjee,sophia.chatterjee1772@mail.com,9948819004,Indore,Madhya Pradesh,2022-10-14,Premium
1773,Pari,Brown,pari.brown1773@mail.com,9362521055,Bengaluru,Karnataka,2022-02-03,New
1774,Sophia,Mehta,sophia.mehta1774@mail.com,9622671575,Kolkata,West Bengal,2024-08-13,Premium
1775,Michael,Singh,michael.singh1775@mail.com,9597463844,Bengaluru,Karnataka,2024-05-01,New
1776,Anika,Nair,anika.nair1776@mail.com,9787219326,Surat,Gujarat,2022-07-27,Regular
1777,Vihaan,Johnson,vihaan.johnson1777@mail.com,9599385959,Surat,Gujarat,2024-03-02,New
1778,Olivia,Gupta,olivia.gupta1778@mail.com,9742351513,Chennai,Tamil Nadu,2023-12-28,New
1779,Pooja,Kumar,pooja.kumar1779@mail.com,9143512759,Surat,Gujarat,2024-09-08,Regular
1780,Robert,Singh,robert.singh1780@mail.com,9433226943,Surat,Gujarat,2024-11-03,Regular
1781,Reyansh,Nair,reyansh.nair1781@mail.com,9899226530,Kochi,Kerala,2025-02-24,Regular
1782,Vivaan,Das,vivaan.das1782@mail.com,9334820678,Chandigarh,Punjab,2024-12-03,Regular
1783,Sophia,Brown,sophia.brown1783@mail.com,9458673718,Indore,Madhya Pradesh,2025-06-09,Regular
1784,Divya,Smith,divya.smith1784@mail.com,9405938220,Pune,Maharashtra,2022-04-15,New
1785,Sneha,Iyer,sneha.iyer1785@mail.com,9570726097,Indore,Madhya Pradesh,2024-09-25,Regular
1786,Amit,Verma,amit.verma1786@mail.com,9815455665,Indore,Madhya Pradesh,2025-01-27,Premium
1787,Rohan,Das,rohan.das1787@mail.com,9172251203,Bengaluru,Karnataka,2024-02-13,Regular
1788,Sophia,Mehta,sophia.mehta1788@mail.com,9254566722,Bengaluru,Karnataka,2023-02-07,Regular
1789,David,Mehta,david.mehta1789@mail.com,9523483140,Hyderabad,Telangana,2022-03-27,Regular
1790,Aarav,Nair,aarav.nair1790@mail.com,9308835747,Kolkata,West Bengal,2025-03-11,Regular
1791,Ishaan,Taylor,ishaan.taylor1791@mail.com,9687396879,Lucknow,Uttar Pradesh,2023-06-07,New
1792,Aadhya,Sharma,aadhya.sharma1792@mail.com,9171112057,Bengaluru,Karnataka,2022-03-18,Regular
1793,Rahul,Gupta,rahul.gupta1793@mail.com,9335250877,Ahmedabad,Gujarat,2022-12-06,New
1794,Priya,Iyer,priya.iyer1794@mail.com,9185866627,Chandigarh,Punjab,2024-07-30,New
1795,Robert,Malhotra,robert.malhotra1795@mail.com,9881600177,Pune,Maharashtra,2024-08-18,New
1796,Riya,Chatterjee,riya.chatterjee1796@mail.com,9699758448,Jaipur,Rajasthan,2023-11-09,Premium
1797,James,Das,james.das1797@mail.com,9267072428,Chandigarh,Punjab,2025-10-28,New
1798,Sneha,Das,sneha.das1798@mail.com,9832937704,Chennai,Tamil Nadu,2025-05-01,Premium
1799,Anika,Patel,anika.patel1799@mail.com,9975026417,Mumbai,Maharashtra,2024-06-07,Regular
1800,Robert,Das,robert.das1800@mail.com,9422733449,Ahmedabad,Gujarat,2024-04-08,Regular
1801,Sneha,Kapoor,sneha.kapoor1801@mail.com,9960790684,Nagpur,Maharashtra,2023-06-12,Regular
1802,Ishaan,Roy,ishaan.roy1802@mail.com,9340115742,Nagpur,Maharashtra,2023-03-25,New
1803,Anika,Anderson,anika.anderson1803@mail.com,9264559794,Surat,Gujarat,2022-07-21,Premium
1804,Amit,Johnson,amit.johnson1804@mail.com,9543074221,Kochi,Kerala,2024-03-29,Regular
1805,Robert,Kapoor,robert.kapoor1805@mail.com,9187111819,Hyderabad,Telangana,2022-11-29,Premium
1806,Arjun,Smith,arjun.smith1806@mail.com,9161099173,Kolkata,West Bengal,2024-04-11,New
1807,Ishaan,Taylor,ishaan.taylor1807@mail.com,9608066860,Mumbai,Maharashtra,2023-11-15,New
1808,Ayaan,Kapoor,ayaan.kapoor1808@mail.com,9353061966,Ahmedabad,Gujarat,2024-10-04,New
1809,William,Chatterjee,william.chatterjee1809@mail.com,9329811428,Kolkata,West Bengal,2024-05-30,New
1810,Kiara,Patel,kiara.patel1810@mail.com,9755597471,Indore,Madhya Pradesh,2022-12-04,Regular
1811,Karan,Smith,karan.smith1811@mail.com,9737207839,Kolkata,West Bengal,2022-06-19,Regular
1812,Sai,Sharma,sai.sharma1812@mail.com,9261110932,Jaipur,Rajasthan,2024-05-27,Regular
1813,Sai,Nair,sai.nair1813@mail.com,9155145012,Mumbai,Maharashtra,2024-08-23,Regular
1814,Krishna,Kapoor,krishna.kapoor1814@mail.com,9493813053,Chandigarh,Punjab,2025-11-05,New
1815,John,Chatterjee,john.chatterjee1815@mail.com,9193974088,Mumbai,Maharashtra,2022-12-05,New
1816,Robert,Iyer,robert.iyer1816@mail.com,9141813915,Lucknow,Uttar Pradesh,2022-06-18,New
1817,Divya,Sharma,divya.sharma1817@mail.com,9982003508,Surat,Gujarat,2023-01-29,Premium
1818,William,Kumar,william.kumar1818@mail.com,9215468554,Chennai,Tamil Nadu,2025-04-30,Regular
1819,Neha,Gupta,neha.gupta1819@mail.com,9993140824,Lucknow,Uttar Pradesh,2023-08-06,Regular
1820,Isabella,Malhotra,isabella.malhotra1820@mail.com,9379153787,Bengaluru,Karnataka,2025-08-10,Premium
1821,Amit,Iyer,amit.iyer1821@mail.com,9633022104,Lucknow,Uttar Pradesh,2023-04-04,Premium
1822,Aditya,Brown,aditya.brown1822@mail.com,9463630835,Chandigarh,Punjab,2022-11-30,Premium
1823,Sophia,Johnson,sophia.johnson1823@mail.com,9646401315,Chennai,Tamil Nadu,2023-08-25,Premium
1824,William,Taylor,william.taylor1824@mail.com,9966472993,Surat,Gujarat,2023-04-27,Premium
1825,Pari,Smith,pari.smith1825@mail.com,9326073427,Hyderabad,Telangana,2024-08-02,Regular
1826,Ishaan,Verma,ishaan.verma1826@mail.com,9185312145,Mumbai,Maharashtra,2025-04-18,New
1827,Ishaan,Iyer,ishaan.iyer1827@mail.com,9582024385,Bengaluru,Karnataka,2022-11-02,Premium
1828,Kiara,Smith,kiara.smith1828@mail.com,9838439961,Pune,Maharashtra,2025-04-01,Regular
1829,Rahul,Taylor,rahul.taylor1829@mail.com,9540105909,Delhi,Delhi,2025-08-12,Premium
1830,Pooja,Chatterjee,pooja.chatterjee1830@mail.com,9424856288,Surat,Gujarat,2025-12-23,Regular
1831,Rahul,Verma,rahul.verma1831@mail.com,9491066799,Bengaluru,Karnataka,2024-03-11,Regular
1832,Arjun,Verma,arjun.verma1832@mail.com,9133693489,Nagpur,Maharashtra,2023-06-01,Regular
1833,Priya,Anderson,priya.anderson1833@mail.com,9806875860,Kolkata,West Bengal,2025-12-23,New
1834,Sophia,Nair,sophia.nair1834@mail.com,9975938389,Pune,Maharashtra,2025-12-19,Regular
1835,James,Chatterjee,james.chatterjee1835@mail.com,9851463849,Bengaluru,Karnataka,2022-01-16,New
1836,Ananya,Mehta,ananya.mehta1836@mail.com,9546462966,Delhi,Delhi,2024-09-24,New
1837,Robert,Nair,robert.nair1837@mail.com,9145124507,Surat,Gujarat,2022-10-15,Regular
1838,Karan,Kumar,karan.kumar1838@mail.com,9398352378,Surat,Gujarat,2023-02-19,Premium
1839,Emma,Verma,emma.verma1839@mail.com,9927704564,Mumbai,Maharashtra,2025-07-17,Regular
1840,Robert,Malhotra,robert.malhotra1840@mail.com,9500531359,Pune,Maharashtra,2022-01-06,Regular
1841,Amit,Singh,amit.singh1841@mail.com,9326625846,Bengaluru,Karnataka,2023-11-12,Premium
1842,Amit,Mehta,amit.mehta1842@mail.com,9670016358,Kolkata,West Bengal,2024-12-18,New
1843,Divya,Malhotra,divya.malhotra1843@mail.com,9311163153,Kolkata,West Bengal,2022-03-22,Regular
1844,Sneha,Roy,sneha.roy1844@mail.com,9411592665,Jaipur,Rajasthan,2024-07-23,Regular
1845,Robert,Sharma,robert.sharma1845@mail.com,9537374016,Lucknow,Uttar Pradesh,2025-07-08,New
1846,Arjun,Kumar,arjun.kumar1846@mail.com,9990725496,Surat,Gujarat,2024-05-04,New
1847,Karan,Chatterjee,karan.chatterjee1847@mail.com,9347975555,Surat,Gujarat,2023-10-08,New
1848,Myra,Anderson,myra.anderson1848@mail.com,9384220002,Chennai,Tamil Nadu,2025-08-28,New
1849,Myra,Chatterjee,myra.chatterjee1849@mail.com,9372882807,Kolkata,West Bengal,2023-06-28,Regular
1850,Myra,Verma,myra.verma1850@mail.com,9338156941,Nagpur,Maharashtra,2024-07-09,Regular
1851,Aarav,Taylor,aarav.taylor1851@mail.com,9151285942,Delhi,Delhi,2023-07-15,Regular
1852,Vikram,Taylor,vikram.taylor1852@mail.com,9117548599,Jaipur,Rajasthan,2025-08-03,Premium
1853,Karan,Verma,karan.verma1853@mail.com,9633258413,Lucknow,Uttar Pradesh,2023-03-14,Regular
1854,Pooja,Kapoor,pooja.kapoor1854@mail.com,9937169446,Delhi,Delhi,2023-04-26,New
1855,David,Roy,david.roy1855@mail.com,9879237238,Pune,Maharashtra,2022-12-29,Regular
1856,Saanvi,Sharma,saanvi.sharma1856@mail.com,9835603384,Kolkata,West Bengal,2022-06-13,Regular
1857,Anika,Kumar,anika.kumar1857@mail.com,9122216686,Delhi,Delhi,2022-09-23,New
1858,Riya,Reddy,riya.reddy1858@mail.com,9805939260,Chennai,Tamil Nadu,2025-10-07,Regular
1859,Ananya,Taylor,ananya.taylor1859@mail.com,9319143540,Kochi,Kerala,2022-12-02,Regular
1860,Kiara,Kapoor,kiara.kapoor1860@mail.com,9682311168,Kochi,Kerala,2025-01-28,Premium
1861,Arjun,Nair,arjun.nair1861@mail.com,9230396153,Nagpur,Maharashtra,2022-01-07,New
1862,Arjun,Mehta,arjun.mehta1862@mail.com,9292168084,Delhi,Delhi,2024-07-13,Regular
1863,Amit,Roy,amit.roy1863@mail.com,9599609090,Jaipur,Rajasthan,2022-09-08,Regular
1864,Divya,Mehta,divya.mehta1864@mail.com,9943420985,Delhi,Delhi,2023-12-31,Premium
1865,John,Reddy,john.reddy1865@mail.com,9516483706,Indore,Madhya Pradesh,2023-01-23,Regular
1866,Riya,Sharma,riya.sharma1866@mail.com,9766087112,Indore,Madhya Pradesh,2022-06-26,New
1867,Ananya,Nair,ananya.nair1867@mail.com,9467328357,Bengaluru,Karnataka,2024-12-05,New
1868,Vikram,Singh,vikram.singh1868@mail.com,9613989854,Surat,Gujarat,2025-07-17,Regular
1869,Robert,Brown,robert.brown1869@mail.com,9951117899,Indore,Madhya Pradesh,2024-06-04,Regular
1870,Amit,Brown,amit.brown1870@mail.com,9328019798,Bengaluru,Karnataka,2023-01-25,Premium
1871,Rahul,Chatterjee,rahul.chatterjee1871@mail.com,9902873636,Kochi,Kerala,2022-05-18,New
1872,Myra,Kumar,myra.kumar1872@mail.com,9698565719,Indore,Madhya Pradesh,2024-07-26,Regular
1873,Michael,Singh,michael.singh1873@mail.com,9145059179,Mumbai,Maharashtra,2024-07-16,Regular
1874,Rohan,Johnson,rohan.johnson1874@mail.com,9118383884,Chandigarh,Punjab,2024-02-02,Premium
1875,Emma,Sharma,emma.sharma1875@mail.com,9438411395,Nagpur,Maharashtra,2024-08-07,Regular
1876,Reyansh,Malhotra,reyansh.malhotra1876@mail.com,9658897846,Jaipur,Rajasthan,2022-08-27,Premium
1877,Rahul,Kumar,rahul.kumar1877@mail.com,9694407432,Jaipur,Rajasthan,2023-11-29,Regular
1878,Aditya,Smith,aditya.smith1878@mail.com,9364180837,Chennai,Tamil Nadu,2025-01-04,New
1879,Kiara,Verma,kiara.verma1879@mail.com,9214433227,Mumbai,Maharashtra,2023-09-07,Premium
1880,Krishna,Mehta,krishna.mehta1880@mail.com,9975844064,Kolkata,West Bengal,2022-11-10,Regular
1881,Emma,Gupta,emma.gupta1881@mail.com,9670116459,Pune,Maharashtra,2022-06-03,Regular
1882,Pari,Taylor,pari.taylor1882@mail.com,9124408555,Mumbai,Maharashtra,2023-08-07,Regular
1883,Sai,Nair,sai.nair1883@mail.com,9663665435,Lucknow,Uttar Pradesh,2025-05-12,New
1884,Michael,Iyer,michael.iyer1884@mail.com,9202174331,Chennai,Tamil Nadu,2023-11-15,Regular
1885,Ayaan,Reddy,ayaan.reddy1885@mail.com,9718916987,Hyderabad,Telangana,2025-04-07,New
1886,Myra,Verma,myra.verma1886@mail.com,9396905612,Chennai,Tamil Nadu,2025-01-31,Premium
1887,Sai,Roy,sai.roy1887@mail.com,9719937594,Nagpur,Maharashtra,2025-11-15,Regular
1888,Pooja,Kapoor,pooja.kapoor1888@mail.com,9207842029,Surat,Gujarat,2024-04-06,Premium
1889,Aditya,Kapoor,aditya.kapoor1889@mail.com,9551155345,Delhi,Delhi,2025-09-09,Regular
1890,Vihaan,Nair,vihaan.nair1890@mail.com,9173817121,Delhi,Delhi,2025-04-19,Regular
1891,Rahul,Verma,rahul.verma1891@mail.com,9603824482,Indore,Madhya Pradesh,2024-01-10,Regular
1892,Reyansh,Mehta,reyansh.mehta1892@mail.com,9270517656,Lucknow,Uttar Pradesh,2025-02-23,New
1893,Anika,Gupta,anika.gupta1893@mail.com,9458697233,Bengaluru,Karnataka,2023-01-15,Premium
1894,Rohan,Iyer,rohan.iyer1894@mail.com,9777358085,Indore,Madhya Pradesh,2022-02-04,Regular
1895,Krishna,Reddy,krishna.reddy1895@mail.com,9892272930,Nagpur,Maharashtra,2025-10-29,Regular
1896,Emma,Sharma,emma.sharma1896@mail.com,9831659709,Jaipur,Rajasthan,2023-07-14,Premium
1897,Saanvi,Kumar,saanvi.kumar1897@mail.com,9687942122,Hyderabad,Telangana,2022-05-02,Regular
1898,Divya,Brown,divya.brown1898@mail.com,9306665009,Nagpur,Maharashtra,2024-12-16,Regular
1899,Krishna,Brown,krishna.brown1899@mail.com,9734334597,Kolkata,West Bengal,2025-03-30,Regular
1900,Anika,Malhotra,anika.malhotra1900@mail.com,9233840633,Kochi,Kerala,2024-05-10,Regular
1901,Karan,Kumar,karan.kumar1901@mail.com,9101559757,Delhi,Delhi,2024-04-10,Premium
1902,Riya,Nair,riya.nair1902@mail.com,9719136728,Bengaluru,Karnataka,2025-08-05,Premium
1903,Anika,Nair,anika.nair1903@mail.com,9863503662,Mumbai,Maharashtra,2023-04-18,New
1904,Aditya,Gupta,aditya.gupta1904@mail.com,9834512606,Kolkata,West Bengal,2022-09-30,New
1905,Ira,Iyer,ira.iyer1905@mail.com,9716944919,Mumbai,Maharashtra,2025-08-27,Regular
1906,Ayaan,Sharma,ayaan.sharma1906@mail.com,9543837453,Delhi,Delhi,2023-12-01,Regular
1907,Ishaan,Nair,ishaan.nair1907@mail.com,9877726463,Chandigarh,Punjab,2022-09-10,New
1908,James,Taylor,james.taylor1908@mail.com,9506652481,Chandigarh,Punjab,2024-11-28,Premium
1909,Sophia,Singh,sophia.singh1909@mail.com,9781881435,Bengaluru,Karnataka,2023-02-28,Regular
1910,Saanvi,Patel,saanvi.patel1910@mail.com,9626040433,Ahmedabad,Gujarat,2023-07-15,Regular
1911,Riya,Sharma,riya.sharma1911@mail.com,9565245234,Ahmedabad,Gujarat,2022-11-21,Regular
1912,Vihaan,Anderson,vihaan.anderson1912@mail.com,9662943505,Chennai,Tamil Nadu,2023-02-22,Regular
1913,Kiara,Nair,kiara.nair1913@mail.com,9404348013,Chennai,Tamil Nadu,2022-12-29,Regular
1914,Aarav,Kumar,aarav.kumar1914@mail.com,9943633823,Indore,Madhya Pradesh,2024-12-20,Regular
1915,Isabella,Johnson,isabella.johnson1915@mail.com,9425553894,Chandigarh,Punjab,2023-04-05,Regular
1916,Ira,Kumar,ira.kumar1916@mail.com,9519398085,Chennai,Tamil Nadu,2022-11-25,Regular
1917,Sophia,Nair,sophia.nair1917@mail.com,9118410135,Indore,Madhya Pradesh,2023-04-26,Premium
1918,David,Patel,david.patel1918@mail.com,9692433358,Jaipur,Rajasthan,2025-08-07,New
1919,Ayaan,Mehta,ayaan.mehta1919@mail.com,9874428419,Pune,Maharashtra,2024-12-05,Regular
1920,Reyansh,Mehta,reyansh.mehta1920@mail.com,9806837607,Jaipur,Rajasthan,2023-09-28,Premium
1921,Vivaan,Gupta,vivaan.gupta1921@mail.com,9708978969,Surat,Gujarat,2022-08-08,Regular
1922,Kiara,Mehta,kiara.mehta1922@mail.com,9969419657,Hyderabad,Telangana,2025-09-30,New
1923,Divya,Chatterjee,divya.chatterjee1923@mail.com,9957913970,Surat,Gujarat,2024-12-21,New
1924,Priya,Das,priya.das1924@mail.com,9103619410,Bengaluru,Karnataka,2022-02-10,Regular
1925,Pooja,Taylor,pooja.taylor1925@mail.com,9709832815,Pune,Maharashtra,2022-01-03,Regular
1926,Diya,Iyer,diya.iyer1926@mail.com,9886643597,Chennai,Tamil Nadu,2024-05-20,Regular
1927,Ira,Chatterjee,ira.chatterjee1927@mail.com,9314175750,Chandigarh,Punjab,2024-04-03,Premium
1928,Karan,Chatterjee,karan.chatterjee1928@mail.com,9705614022,Pune,Maharashtra,2022-07-16,Regular
1929,Divya,Singh,divya.singh1929@mail.com,9362942260,Pune,Maharashtra,2022-04-04,New
1930,John,Kumar,john.kumar1930@mail.com,9914891152,Hyderabad,Telangana,2024-12-26,Regular
1931,Myra,Taylor,myra.taylor1931@mail.com,9703910280,Mumbai,Maharashtra,2025-11-13,Regular
1932,Rohan,Nair,rohan.nair1932@mail.com,9348361243,Kolkata,West Bengal,2022-03-31,Regular
1933,Emma,Roy,emma.roy1933@mail.com,9893082214,Delhi,Delhi,2022-07-30,Premium
1934,Pooja,Anderson,pooja.anderson1934@mail.com,9871409377,Bengaluru,Karnataka,2023-03-29,Premium
1935,Aadhya,Johnson,aadhya.johnson1935@mail.com,9203998542,Mumbai,Maharashtra,2023-06-10,Regular
1936,Sneha,Taylor,sneha.taylor1936@mail.com,9229146938,Chennai,Tamil Nadu,2025-08-09,Premium
1937,Sophia,Singh,sophia.singh1937@mail.com,9200376561,Pune,Maharashtra,2023-04-30,Premium
1938,Sai,Mehta,sai.mehta1938@mail.com,9949436665,Lucknow,Uttar Pradesh,2025-01-04,Premium
1939,Anika,Verma,anika.verma1939@mail.com,9611114494,Kochi,Kerala,2023-07-22,Regular
1940,Aarav,Kumar,aarav.kumar1940@mail.com,9977317305,Hyderabad,Telangana,2024-04-23,New
1941,Reyansh,Gupta,reyansh.gupta1941@mail.com,9640844247,Lucknow,Uttar Pradesh,2023-04-15,New
1942,Ira,Sharma,ira.sharma1942@mail.com,9558601270,Kochi,Kerala,2023-12-16,New
1943,Sophia,Roy,sophia.roy1943@mail.com,9847258823,Bengaluru,Karnataka,2022-02-25,Premium
1944,Rohan,Sharma,rohan.sharma1944@mail.com,9816506411,Chennai,Tamil Nadu,2023-01-30,Regular
1945,Ananya,Patel,ananya.patel1945@mail.com,9891857755,Mumbai,Maharashtra,2023-01-03,Regular
1946,Aadhya,Singh,aadhya.singh1946@mail.com,9242408411,Chennai,Tamil Nadu,2024-08-01,Regular
1947,Sophia,Patel,sophia.patel1947@mail.com,9764266315,Bengaluru,Karnataka,2022-03-06,Regular
1948,Aadhya,Johnson,aadhya.johnson1948@mail.com,9773376315,Indore,Madhya Pradesh,2023-09-06,New
1949,Olivia,Nair,olivia.nair1949@mail.com,9838645398,Delhi,Delhi,2022-11-22,Regular
1950,Aarav,Reddy,aarav.reddy1950@mail.com,9502154588,Mumbai,Maharashtra,2024-12-27,Regular
1951,Emma,Iyer,emma.iyer1951@mail.com,9191082624,Indore,Madhya Pradesh,2022-11-19,Regular
1952,Ishaan,Taylor,ishaan.taylor1952@mail.com,9216436269,Kolkata,West Bengal,2023-04-15,Premium
1953,Ananya,Mehta,ananya.mehta1953@mail.com,9866326329,Jaipur,Rajasthan,2025-02-10,New
1954,Neha,Chatterjee,neha.chatterjee1954@mail.com,9728805189,Pune,Maharashtra,2024-07-16,Regular
1955,Karan,Roy,karan.roy1955@mail.com,9809224320,Lucknow,Uttar Pradesh,2023-03-18,New
1956,Olivia,Reddy,olivia.reddy1956@mail.com,9756001230,Nagpur,Maharashtra,2024-06-30,Regular
1957,Riya,Malhotra,riya.malhotra1957@mail.com,9329938696,Surat,Gujarat,2022-02-11,Regular
1958,Kiara,Brown,kiara.brown1958@mail.com,9929527906,Jaipur,Rajasthan,2024-08-10,New
1959,Sneha,Iyer,sneha.iyer1959@mail.com,9955344669,Kochi,Kerala,2022-09-17,New
1960,Myra,Roy,myra.roy1960@mail.com,9221509873,Jaipur,Rajasthan,2024-09-08,Regular
1961,Sneha,Nair,sneha.nair1961@mail.com,9156727602,Jaipur,Rajasthan,2023-01-04,Regular
1962,Myra,Nair,myra.nair1962@mail.com,9358216558,Surat,Gujarat,2022-04-14,Regular
1963,Karan,Roy,karan.roy1963@mail.com,9179642578,Hyderabad,Telangana,2025-01-08,Premium
1964,Robert,Das,robert.das1964@mail.com,9677207606,Delhi,Delhi,2023-06-16,Regular
1965,Pooja,Nair,pooja.nair1965@mail.com,9989176460,Bengaluru,Karnataka,2022-04-01,Regular
1966,Aadhya,Nair,aadhya.nair1966@mail.com,9962075155,Indore,Madhya Pradesh,2023-03-28,Premium
1967,Sai,Das,sai.das1967@mail.com,9258722903,Lucknow,Uttar Pradesh,2024-06-24,Regular
1968,Vikram,Gupta,vikram.gupta1968@mail.com,9892143483,Indore,Madhya Pradesh,2023-10-22,Regular
1969,Ira,Smith,ira.smith1969@mail.com,9132169436,Mumbai,Maharashtra,2022-01-24,Premium
1970,Vivaan,Sharma,vivaan.sharma1970@mail.com,9189801104,Pune,Maharashtra,2022-12-04,Premium
1971,Sneha,Gupta,sneha.gupta1971@mail.com,9188726082,Kochi,Kerala,2023-01-25,Regular
1972,Reyansh,Anderson,reyansh.anderson1972@mail.com,9941437433,Surat,Gujarat,2025-01-08,Premium
1973,Vihaan,Malhotra,vihaan.malhotra1973@mail.com,9127746847,Kochi,Kerala,2022-11-03,New
1974,James,Brown,james.brown1974@mail.com,9821746234,Delhi,Delhi,2024-10-29,Premium
1975,Kiara,Mehta,kiara.mehta1975@mail.com,9271019647,Delhi,Delhi,2025-01-22,New
1976,Karan,Chatterjee,karan.chatterjee1976@mail.com,9679834925,Ahmedabad,Gujarat,2023-08-12,Regular
1977,Arjun,Nair,arjun.nair1977@mail.com,9288683245,Nagpur,Maharashtra,2023-08-15,Regular
1978,Aditya,Smith,aditya.smith1978@mail.com,9507426246,Ahmedabad,Gujarat,2022-03-24,Regular
1979,Isabella,Sharma,isabella.sharma1979@mail.com,9147401848,Lucknow,Uttar Pradesh,2022-04-11,Regular
1980,Riya,Patel,riya.patel1980@mail.com,9505762456,Pune,Maharashtra,2025-07-27,Regular
1981,Michael,Das,michael.das1981@mail.com,9395364164,Jaipur,Rajasthan,2022-11-04,Regular
1982,Rohan,Iyer,rohan.iyer1982@mail.com,9353190231,Kolkata,West Bengal,2022-11-02,Premium
1983,Amit,Patel,amit.patel1983@mail.com,9445358772,Pune,Maharashtra,2025-09-16,Regular
1984,Pari,Reddy,pari.reddy1984@mail.com,9943037557,Lucknow,Uttar Pradesh,2024-02-08,Premium
1985,Pooja,Verma,pooja.verma1985@mail.com,9771106793,Ahmedabad,Gujarat,2022-04-19,Regular
1986,Anika,Taylor,anika.taylor1986@mail.com,9746502655,Nagpur,Maharashtra,2025-06-11,Premium
1987,Divya,Johnson,divya.johnson1987@mail.com,9944522875,Mumbai,Maharashtra,2025-07-02,Premium
1988,Neha,Reddy,neha.reddy1988@mail.com,9235040945,Delhi,Delhi,2022-05-05,Regular
1989,Vihaan,Iyer,vihaan.iyer1989@mail.com,9520559510,Chennai,Tamil Nadu,2024-12-18,Regular
1990,Pooja,Das,pooja.das1990@mail.com,9892965011,Mumbai,Maharashtra,2023-06-20,Premium
1991,Riya,Reddy,riya.reddy1991@mail.com,9687849670,Ahmedabad,Gujarat,2024-10-17,New
1992,Anika,Das,anika.das1992@mail.com,9308151513,Kolkata,West Bengal,2023-01-20,Regular
1993,Arjun,Brown,arjun.brown1993@mail.com,9387547461,Hyderabad,Telangana,2022-11-14,Premium
1994,Ishaan,Brown,ishaan.brown1994@mail.com,9764726382,Chandigarh,Punjab,2023-08-28,Premium
1995,Neha,Chatterjee,neha.chatterjee1995@mail.com,9792763273,Chandigarh,Punjab,2025-09-27,Premium
1996,Emma,Kapoor,emma.kapoor1996@mail.com,9270287792,Mumbai,Maharashtra,2023-05-13,New
1997,Krishna,Johnson,krishna.johnson1997@mail.com,9875509468,Kochi,Kerala,2024-12-18,Regular
1998,Reyansh,Kapoor,reyansh.kapoor1998@mail.com,9935687722,Chennai,Tamil Nadu,2022-06-18,Regular
1999,Aditya,Brown,aditya.brown1999@mail.com,9413130296,Chandigarh,Punjab,2024-03-09,Regular
2000,Michael,Kapoor,michael.kapoor2000@mail.com,9145439893,Bengaluru,Karnataka,2024-04-05,Premium
2001,Michael,Smith,michael.smith2001@mail.com,9683545617,Chandigarh,Punjab,2023-01-18,Regular
2002,Vivaan,Gupta,vivaan.gupta2002@mail.com,9604478321,Kolkata,West Bengal,2023-09-23,Regular
2003,Ira,Kapoor,ira.kapoor2003@mail.com,9650808238,Lucknow,Uttar Pradesh,2024-12-22,Regular
2004,Vivaan,Patel,vivaan.patel2004@mail.com,9884669128,Delhi,Delhi,2024-01-25,Regular
2005,Amit,Das,amit.das2005@mail.com,9291614199,Nagpur,Maharashtra,2023-07-19,Regular
2006,Krishna,Anderson,krishna.anderson2006@mail.com,9755084768,Nagpur,Maharashtra,2025-11-28,Regular
2007,Robert,Verma,robert.verma2007@mail.com,9411058912,Chandigarh,Punjab,2025-08-01,Regular
2008,Kiara,Patel,kiara.patel2008@mail.com,9319730389,Surat,Gujarat,2023-03-19,Regular
2009,John,Singh,john.singh2009@mail.com,9989622564,Jaipur,Rajasthan,2023-06-12,Premium
2010,Ayaan,Brown,ayaan.brown2010@mail.com,9882168321,Hyderabad,Telangana,2022-10-17,New
2011,Sai,Iyer,sai.iyer2011@mail.com,9863758499,Lucknow,Uttar Pradesh,2024-07-20,Regular
2012,Ayaan,Roy,ayaan.roy2012@mail.com,9151894299,Lucknow,Uttar Pradesh,2023-02-11,Regular
2013,Sai,Singh,sai.singh2013@mail.com,9628904885,Hyderabad,Telangana,2022-10-03,Regular
2014,James,Patel,james.patel2014@mail.com,9142102640,Surat,Gujarat,2024-04-12,New
2015,Arjun,Gupta,arjun.gupta2015@mail.com,9905351935,Lucknow,Uttar Pradesh,2024-10-31,Regular
2016,James,Brown,james.brown2016@mail.com,9202335967,Ahmedabad,Gujarat,2024-10-22,New
2017,Pooja,Das,pooja.das2017@mail.com,9109000052,Mumbai,Maharashtra,2023-01-14,Regular
2018,Vivaan,Sharma,vivaan.sharma2018@mail.com,9729309655,Delhi,Delhi,2023-11-17,Premium
2019,Ayaan,Roy,ayaan.roy2019@mail.com,9237339109,Nagpur,Maharashtra,2025-05-08,Regular
2020,Aarav,Patel,aarav.patel2020@mail.com,9839160327,Kolkata,West Bengal,2023-11-15,Regular
2021,Priya,Mehta,priya.mehta2021@mail.com,9883038200,Chennai,Tamil Nadu,2025-05-05,Regular
2022,Emma,Sharma,emma.sharma2022@mail.com,9766856058,Chandigarh,Punjab,2023-03-14,Regular
2023,Divya,Johnson,divya.johnson2023@mail.com,9243802269,Surat,Gujarat,2022-04-29,Regular
2024,Karan,Gupta,karan.gupta2024@mail.com,9968134885,Delhi,Delhi,2024-12-13,Premium
2025,Rohan,Kapoor,rohan.kapoor2025@mail.com,9216883389,Jaipur,Rajasthan,2023-08-22,Regular
2026,William,Das,william.das2026@mail.com,9612547316,Pune,Maharashtra,2022-02-24,Premium
2027,Emma,Singh,emma.singh2027@mail.com,9283181090,Nagpur,Maharashtra,2022-11-19,New
2028,Karan,Malhotra,karan.malhotra2028@mail.com,9643155086,Bengaluru,Karnataka,2022-05-31,Regular
2029,Ira,Smith,ira.smith2029@mail.com,9462596911,Kolkata,West Bengal,2022-06-07,Regular
2030,Aditya,Kapoor,aditya.kapoor2030@mail.com,9239642759,Jaipur,Rajasthan,2025-01-02,Regular
2031,Aditya,Johnson,aditya.johnson2031@mail.com,9776970557,Mumbai,Maharashtra,2023-11-23,Regular
2032,William,Taylor,william.taylor2032@mail.com,9567476314,Indore,Madhya Pradesh,2022-04-05,Regular
2033,Reyansh,Iyer,reyansh.iyer2033@mail.com,9901379606,Bengaluru,Karnataka,2024-05-23,Premium
2034,Vivaan,Verma,vivaan.verma2034@mail.com,9307166213,Nagpur,Maharashtra,2022-04-24,Regular
2035,Aadhya,Johnson,aadhya.johnson2035@mail.com,9519392542,Kolkata,West Bengal,2025-05-29,Regular
2036,Vivaan,Brown,vivaan.brown2036@mail.com,9265347454,Chandigarh,Punjab,2024-07-22,Regular
2037,Aadhya,Iyer,aadhya.iyer2037@mail.com,9288450446,Indore,Madhya Pradesh,2023-03-24,Regular
2038,Robert,Johnson,robert.johnson2038@mail.com,9155890484,Nagpur,Maharashtra,2024-05-30,Regular
2039,Diya,Taylor,diya.taylor2039@mail.com,9714224890,Delhi,Delhi,2024-09-21,Premium
2040,Priya,Taylor,priya.taylor2040@mail.com,9919320828,Jaipur,Rajasthan,2025-08-12,New
2041,Divya,Singh,divya.singh2041@mail.com,9663169142,Nagpur,Maharashtra,2023-06-25,Regular
2042,Aditya,Iyer,aditya.iyer2042@mail.com,9359953022,Chennai,Tamil Nadu,2025-02-09,Regular
2043,Neha,Anderson,neha.anderson2043@mail.com,9937779825,Hyderabad,Telangana,2023-12-03,Regular
2044,Rahul,Roy,rahul.roy2044@mail.com,9890980624,Surat,Gujarat,2024-12-18,Regular
2045,Aditya,Singh,aditya.singh2045@mail.com,9350984422,Chandigarh,Punjab,2024-02-06,Premium
2046,Ayaan,Verma,ayaan.verma2046@mail.com,9210031414,Chandigarh,Punjab,2024-01-29,Regular
2047,Vivaan,Malhotra,vivaan.malhotra2047@mail.com,9982891591,Mumbai,Maharashtra,2024-11-05,Regular
2048,Rohan,Chatterjee,rohan.chatterjee2048@mail.com,9859723045,Delhi,Delhi,2023-08-16,Regular
2049,Diya,Sharma,diya.sharma2049@mail.com,9867352565,Ahmedabad,Gujarat,2023-06-07,Premium
2050,Ananya,Brown,ananya.brown2050@mail.com,9911983662,Lucknow,Uttar Pradesh,2025-12-17,Premium
2051,Emma,Malhotra,emma.malhotra2051@mail.com,9714948323,Indore,Madhya Pradesh,2024-02-09,New
2052,Kiara,Roy,kiara.roy2052@mail.com,9789073086,Lucknow,Uttar Pradesh,2025-05-14,Premium
2053,Isabella,Gupta,isabella.gupta2053@mail.com,9660721312,Chennai,Tamil Nadu,2022-10-25,Regular
2054,Michael,Chatterjee,michael.chatterjee2054@mail.com,9512422984,Chandigarh,Punjab,2025-03-10,Regular
2055,Robert,Chatterjee,robert.chatterjee2055@mail.com,9210535261,Chennai,Tamil Nadu,2022-02-13,Premium
2056,Pari,Chatterjee,pari.chatterjee2056@mail.com,9764413851,Indore,Madhya Pradesh,2023-02-03,New
2057,Saanvi,Iyer,saanvi.iyer2057@mail.com,9298593487,Nagpur,Maharashtra,2023-04-02,Regular
2058,Ishaan,Taylor,ishaan.taylor2058@mail.com,9534019517,Lucknow,Uttar Pradesh,2025-02-20,New
2059,Vihaan,Taylor,vihaan.taylor2059@mail.com,9768101346,Kochi,Kerala,2022-02-17,New
2060,Rahul,Nair,rahul.nair2060@mail.com,9527342574,Chandigarh,Punjab,2022-08-30,Regular
2061,Emma,Sharma,emma.sharma2061@mail.com,9789273480,Ahmedabad,Gujarat,2022-12-23,Premium
2062,Pari,Roy,pari.roy2062@mail.com,9877819947,Hyderabad,Telangana,2024-11-30,Premium
2063,James,Malhotra,james.malhotra2063@mail.com,9488481638,Chandigarh,Punjab,2023-05-15,New
2064,Neha,Nair,neha.nair2064@mail.com,9805726665,Surat,Gujarat,2025-02-23,Premium
2065,Kiara,Sharma,kiara.sharma2065@mail.com,9470100429,Kolkata,West Bengal,2025-09-21,Regular
2066,Ishaan,Chatterjee,ishaan.chatterjee2066@mail.com,9754990046,Kolkata,West Bengal,2023-12-01,Regular
2067,Ishaan,Brown,ishaan.brown2067@mail.com,9734057571,Indore,Madhya Pradesh,2024-01-05,Regular
2068,Ishaan,Taylor,ishaan.taylor2068@mail.com,9809655953,Chennai,Tamil Nadu,2022-07-11,Premium
2069,David,Chatterjee,david.chatterjee2069@mail.com,9506192359,Pune,Maharashtra,2024-04-13,Premium
2070,Aadhya,Sharma,aadhya.sharma2070@mail.com,9703221779,Ahmedabad,Gujarat,2024-05-22,Regular
2071,Ishaan,Singh,ishaan.singh2071@mail.com,9966759262,Jaipur,Rajasthan,2023-10-05,Premium
2072,Ayaan,Mehta,ayaan.mehta2072@mail.com,9306202347,Indore,Madhya Pradesh,2023-07-01,Regular
2073,Ishaan,Patel,ishaan.patel2073@mail.com,9730942731,Indore,Madhya Pradesh,2023-09-29,New
2074,Ira,Verma,ira.verma2074@mail.com,9131626098,Nagpur,Maharashtra,2022-12-03,Regular
2075,Myra,Sharma,myra.sharma2075@mail.com,9106993632,Chandigarh,Punjab,2024-11-18,Regular
2076,William,Brown,william.brown2076@mail.com,9167221562,Mumbai,Maharashtra,2022-08-28,New
2077,David,Das,david.das2077@mail.com,9316958854,Delhi,Delhi,2022-06-16,Premium
2078,Divya,Smith,divya.smith2078@mail.com,9984291393,Nagpur,Maharashtra,2022-02-22,Regular
2079,Arjun,Brown,arjun.brown2079@mail.com,9666734231,Mumbai,Maharashtra,2025-06-07,Premium
2080,Sai,Kapoor,sai.kapoor2080@mail.com,9776309194,Lucknow,Uttar Pradesh,2022-05-30,New
2081,James,Verma,james.verma2081@mail.com,9586552040,Kolkata,West Bengal,2022-12-29,New
2082,Neha,Singh,neha.singh2082@mail.com,9725414272,Ahmedabad,Gujarat,2025-08-07,Regular
2083,Ishaan,Verma,ishaan.verma2083@mail.com,9883806173,Pune,Maharashtra,2023-03-28,Premium
2084,Ira,Sharma,ira.sharma2084@mail.com,9631790821,Ahmedabad,Gujarat,2024-06-25,Premium
2085,William,Reddy,william.reddy2085@mail.com,9162472440,Kochi,Kerala,2024-07-08,New
2086,William,Taylor,william.taylor2086@mail.com,9820903200,Bengaluru,Karnataka,2025-05-06,Regular
2087,Vivaan,Roy,vivaan.roy2087@mail.com,9957562163,Delhi,Delhi,2024-10-04,Premium
2088,Rahul,Brown,rahul.brown2088@mail.com,9151212235,Bengaluru,Karnataka,2025-03-03,Premium
2089,Karan,Gupta,karan.gupta2089@mail.com,9925828938,Indore,Madhya Pradesh,2023-06-24,Regular
2090,Neha,Roy,neha.roy2090@mail.com,9382178361,Delhi,Delhi,2023-02-04,Regular
2091,Isabella,Patel,isabella.patel2091@mail.com,9195763645,Surat,Gujarat,2022-09-29,New
2092,James,Johnson,james.johnson2092@mail.com,9867638331,Surat,Gujarat,2022-12-17,Regular
2093,William,Iyer,william.iyer2093@mail.com,9601644438,Jaipur,Rajasthan,2022-06-12,Regular
2094,Aadhya,Reddy,aadhya.reddy2094@mail.com,9828032070,Delhi,Delhi,2022-06-10,Premium
2095,Aarav,Brown,aarav.brown2095@mail.com,9220924833,Hyderabad,Telangana,2024-05-14,Regular
2096,Amit,Smith,amit.smith2096@mail.com,9242116467,Ahmedabad,Gujarat,2024-10-12,Regular
2097,John,Brown,john.brown2097@mail.com,9230206457,Hyderabad,Telangana,2023-03-23,Regular
2098,Vikram,Kapoor,vikram.kapoor2098@mail.com,9429744237,Chennai,Tamil Nadu,2025-04-28,Regular
2099,Ananya,Chatterjee,ananya.chatterjee2099@mail.com,9446842944,Mumbai,Maharashtra,2022-10-16,New
2100,Kiara,Das,kiara.das2100@mail.com,9146172245,Nagpur,Maharashtra,2022-07-13,Regular
2101,Kiara,Verma,kiara.verma2101@mail.com,9353948002,Ahmedabad,Gujarat,2023-02-24,Premium
2102,Reyansh,Brown,reyansh.brown2102@mail.com,9605086035,Jaipur,Rajasthan,2022-08-10,New
2103,Isabella,Kumar,isabella.kumar2103@mail.com,9816482528,Jaipur,Rajasthan,2022-12-15,New
2104,Arjun,Sharma,arjun.sharma2104@mail.com,9995455432,Bengaluru,Karnataka,2025-08-01,Regular
2105,Priya,Chatterjee,priya.chatterjee2105@mail.com,9675787603,Nagpur,Maharashtra,2023-01-09,Regular
2106,Saanvi,Mehta,saanvi.mehta2106@mail.com,9657727794,Surat,Gujarat,2024-05-09,Regular
2107,Vikram,Smith,vikram.smith2107@mail.com,9888714879,Nagpur,Maharashtra,2024-10-03,Premium
2108,Karan,Anderson,karan.anderson2108@mail.com,9351110105,Indore,Madhya Pradesh,2024-05-22,New
2109,Myra,Roy,myra.roy2109@mail.com,9360950819,Surat,Gujarat,2022-08-24,New
2110,Diya,Roy,diya.roy2110@mail.com,9831789135,Pune,Maharashtra,2024-04-16,Regular
2111,Myra,Chatterjee,myra.chatterjee2111@mail.com,9905597597,Ahmedabad,Gujarat,2022-02-16,Regular
2112,Sneha,Roy,sneha.roy2112@mail.com,9872216788,Chandigarh,Punjab,2024-05-27,Regular
2113,Ayaan,Anderson,ayaan.anderson2113@mail.com,9613593535,Kochi,Kerala,2022-05-06,Regular
2114,Priya,Patel,priya.patel2114@mail.com,9534956373,Jaipur,Rajasthan,2022-10-28,New
2115,Aarav,Johnson,aarav.johnson2115@mail.com,9920914314,Mumbai,Maharashtra,2024-02-10,Regular
2116,Sai,Reddy,sai.reddy2116@mail.com,9293755612,Hyderabad,Telangana,2025-07-12,Regular
2117,Ananya,Gupta,ananya.gupta2117@mail.com,9522363610,Chandigarh,Punjab,2025-09-12,Regular
2118,Robert,Roy,robert.roy2118@mail.com,9580265736,Surat,Gujarat,2022-08-03,Premium
2119,William,Chatterjee,william.chatterjee2119@mail.com,9261426901,Kochi,Kerala,2022-05-30,Regular
2120,Diya,Gupta,diya.gupta2120@mail.com,9712696696,Bengaluru,Karnataka,2023-11-02,Premium
2121,Isabella,Malhotra,isabella.malhotra2121@mail.com,9142342813,Jaipur,Rajasthan,2025-04-24,Regular
2122,Ira,Patel,ira.patel2122@mail.com,9561667185,Lucknow,Uttar Pradesh,2025-06-01,Regular
2123,Vikram,Sharma,vikram.sharma2123@mail.com,9270013020,Bengaluru,Karnataka,2022-03-19,New
2124,Aditya,Malhotra,aditya.malhotra2124@mail.com,9842807365,Kochi,Kerala,2023-04-16,Premium
2125,Vikram,Taylor,vikram.taylor2125@mail.com,9872223246,Lucknow,Uttar Pradesh,2025-11-17,Regular
2126,Kiara,Nair,kiara.nair2126@mail.com,9420122455,Surat,Gujarat,2025-05-25,Regular
2127,Divya,Das,divya.das2127@mail.com,9694359978,Chandigarh,Punjab,2022-05-16,Premium
2128,Kiara,Johnson,kiara.johnson2128@mail.com,9585184907,Chandigarh,Punjab,2025-01-22,Regular
2129,Aditya,Anderson,aditya.anderson2129@mail.com,9198425304,Pune,Maharashtra,2023-01-02,Regular
2130,Vikram,Brown,vikram.brown2130@mail.com,9580584473,Kolkata,West Bengal,2024-09-05,Regular
2131,Diya,Sharma,diya.sharma2131@mail.com,9760977079,Ahmedabad,Gujarat,2023-07-17,Regular
2132,Arjun,Malhotra,arjun.malhotra2132@mail.com,9168162300,Kochi,Kerala,2025-07-09,Premium
2133,Isabella,Kumar,isabella.kumar2133@mail.com,9755446288,Jaipur,Rajasthan,2024-10-05,Regular
2134,Ishaan,Malhotra,ishaan.malhotra2134@mail.com,9716964380,Surat,Gujarat,2024-06-12,Regular
2135,Ishaan,Nair,ishaan.nair2135@mail.com,9443722233,Jaipur,Rajasthan,2025-03-27,Regular
2136,Aditya,Roy,aditya.roy2136@mail.com,9441722477,Chandigarh,Punjab,2024-12-09,Regular
2137,Diya,Patel,diya.patel2137@mail.com,9495868120,Mumbai,Maharashtra,2025-11-25,Regular
2138,Vivaan,Johnson,vivaan.johnson2138@mail.com,9911284047,Kolkata,West Bengal,2024-02-20,Premium
2139,Robert,Anderson,robert.anderson2139@mail.com,9711166848,Mumbai,Maharashtra,2022-03-04,Premium
2140,Ananya,Mehta,ananya.mehta2140@mail.com,9681721208,Bengaluru,Karnataka,2023-12-03,New
2141,Ira,Mehta,ira.mehta2141@mail.com,9296018050,Surat,Gujarat,2024-12-08,Regular
2142,Sneha,Brown,sneha.brown2142@mail.com,9310568556,Bengaluru,Karnataka,2023-12-24,New
2143,Divya,Kapoor,divya.kapoor2143@mail.com,9299381926,Chandigarh,Punjab,2023-05-21,Premium
2144,Krishna,Roy,krishna.roy2144@mail.com,9893882317,Lucknow,Uttar Pradesh,2023-07-06,Premium
2145,Myra,Singh,myra.singh2145@mail.com,9686458547,Surat,Gujarat,2025-03-18,New
2146,Robert,Brown,robert.brown2146@mail.com,9276546278,Chennai,Tamil Nadu,2022-06-13,Premium
2147,James,Reddy,james.reddy2147@mail.com,9672347608,Indore,Madhya Pradesh,2023-11-23,Premium
2148,Rahul,Reddy,rahul.reddy2148@mail.com,9468669978,Kolkata,West Bengal,2022-12-10,New
2149,Ananya,Brown,ananya.brown2149@mail.com,9732567335,Hyderabad,Telangana,2025-11-23,Regular
2150,Neha,Malhotra,neha.malhotra2150@mail.com,9939325278,Chandigarh,Punjab,2024-01-28,Regular
2151,Amit,Iyer,amit.iyer2151@mail.com,9701224039,Kochi,Kerala,2024-03-12,Regular
2152,Vivaan,Kumar,vivaan.kumar2152@mail.com,9657202202,Chennai,Tamil Nadu,2024-03-02,New
2153,Pooja,Smith,pooja.smith2153@mail.com,9116785175,Lucknow,Uttar Pradesh,2023-10-19,Premium
2154,Kiara,Mehta,kiara.mehta2154@mail.com,9340740126,Mumbai,Maharashtra,2023-02-02,Regular
2155,Divya,Iyer,divya.iyer2155@mail.com,9825233908,Surat,Gujarat,2024-11-15,New
2156,Arjun,Iyer,arjun.iyer2156@mail.com,9616703189,Lucknow,Uttar Pradesh,2024-09-18,Regular
2157,Saanvi,Das,saanvi.das2157@mail.com,9994453272,Kochi,Kerala,2023-11-15,Premium
2158,Ira,Verma,ira.verma2158@mail.com,9192352716,Nagpur,Maharashtra,2024-01-16,Regular
2159,Pari,Gupta,pari.gupta2159@mail.com,9449230222,Chennai,Tamil Nadu,2024-07-18,Regular
2160,James,Singh,james.singh2160@mail.com,9215128987,Hyderabad,Telangana,2022-12-22,Regular
2161,Aadhya,Taylor,aadhya.taylor2161@mail.com,9610946095,Kochi,Kerala,2024-12-10,Regular
2162,Olivia,Anderson,olivia.anderson2162@mail.com,9440720011,Mumbai,Maharashtra,2022-02-02,New
2163,Ira,Nair,ira.nair2163@mail.com,9848533254,Nagpur,Maharashtra,2025-08-10,New
2164,Kiara,Gupta,kiara.gupta2164@mail.com,9137787327,Indore,Madhya Pradesh,2023-12-26,Regular
2165,David,Malhotra,david.malhotra2165@mail.com,9668237183,Delhi,Delhi,2025-11-26,Premium
2166,Rahul,Roy,rahul.roy2166@mail.com,9164577330,Lucknow,Uttar Pradesh,2022-09-27,Premium
2167,Aarav,Mehta,aarav.mehta2167@mail.com,9487606407,Bengaluru,Karnataka,2023-04-27,New
2168,Neha,Roy,neha.roy2168@mail.com,9923544864,Pune,Maharashtra,2024-04-03,Regular
2169,Krishna,Smith,krishna.smith2169@mail.com,9698510766,Indore,Madhya Pradesh,2024-05-26,Regular
2170,James,Chatterjee,james.chatterjee2170@mail.com,9643785206,Kolkata,West Bengal,2024-07-10,Regular
2171,Ira,Kapoor,ira.kapoor2171@mail.com,9279948247,Bengaluru,Karnataka,2024-10-06,Premium
2172,Amit,Smith,amit.smith2172@mail.com,9895429952,Surat,Gujarat,2025-10-02,Regular
2173,Robert,Chatterjee,robert.chatterjee2173@mail.com,9553081060,Pune,Maharashtra,2023-10-12,Premium
2174,Divya,Kapoor,divya.kapoor2174@mail.com,9290884570,Jaipur,Rajasthan,2022-09-21,Regular
2175,Divya,Iyer,divya.iyer2175@mail.com,9189096814,Indore,Madhya Pradesh,2025-11-20,Regular
2176,Robert,Sharma,robert.sharma2176@mail.com,9246163398,Surat,Gujarat,2022-01-13,New
2177,Aditya,Nair,aditya.nair2177@mail.com,9960734521,Chennai,Tamil Nadu,2024-02-02,Premium
2178,Sneha,Patel,sneha.patel2178@mail.com,9178112745,Hyderabad,Telangana,2022-09-26,Premium
2179,Ayaan,Smith,ayaan.smith2179@mail.com,9440780867,Delhi,Delhi,2023-03-03,Regular
2180,Robert,Kumar,robert.kumar2180@mail.com,9136280985,Jaipur,Rajasthan,2023-02-22,Premium
2181,Olivia,Roy,olivia.roy2181@mail.com,9892588016,Bengaluru,Karnataka,2025-10-28,Regular
2182,Pari,Kapoor,pari.kapoor2182@mail.com,9658140676,Jaipur,Rajasthan,2025-06-17,Regular
2183,Sneha,Malhotra,sneha.malhotra2183@mail.com,9869591033,Ahmedabad,Gujarat,2022-10-23,Regular
2184,Myra,Taylor,myra.taylor2184@mail.com,9582114758,Surat,Gujarat,2025-07-29,Premium
2185,Kiara,Taylor,kiara.taylor2185@mail.com,9260744181,Kochi,Kerala,2022-01-14,Regular
2186,Amit,Reddy,amit.reddy2186@mail.com,9496032862,Chennai,Tamil Nadu,2023-03-05,New
2187,Arjun,Das,arjun.das2187@mail.com,9334546697,Indore,Madhya Pradesh,2022-12-21,Premium
2188,Reyansh,Nair,reyansh.nair2188@mail.com,9304465908,Nagpur,Maharashtra,2022-05-09,Regular
2189,Karan,Nair,karan.nair2189@mail.com,9792722274,Mumbai,Maharashtra,2025-07-07,Regular
2190,Sai,Verma,sai.verma2190@mail.com,9504968525,Kochi,Kerala,2022-01-17,New
2191,Neha,Patel,neha.patel2191@mail.com,9545997993,Chennai,Tamil Nadu,2024-09-29,Regular
2192,Pooja,Anderson,pooja.anderson2192@mail.com,9470448556,Mumbai,Maharashtra,2024-12-26,Regular
2193,Rahul,Brown,rahul.brown2193@mail.com,9656929800,Kochi,Kerala,2022-06-28,Premium
2194,Diya,Reddy,diya.reddy2194@mail.com,9475903808,Ahmedabad,Gujarat,2024-08-08,Regular
2195,Michael,Roy,michael.roy2195@mail.com,9774024817,Chennai,Tamil Nadu,2024-09-17,Regular
2196,Ishaan,Chatterjee,ishaan.chatterjee2196@mail.com,9135104676,Pune,Maharashtra,2022-10-19,Premium
2197,Amit,Anderson,amit.anderson2197@mail.com,9510612598,Surat,Gujarat,2025-09-08,Premium
2198,Reyansh,Brown,reyansh.brown2198@mail.com,9157011895,Jaipur,Rajasthan,2023-01-08,Premium
2199,Ayaan,Kumar,ayaan.kumar2199@mail.com,9288494303,Delhi,Delhi,2024-07-25,Premium
2200,Saanvi,Anderson,saanvi.anderson2200@mail.com,9945262073,Kochi,Kerala,2023-03-21,New
2201,Sneha,Reddy,sneha.reddy2201@mail.com,9999646413,Surat,Gujarat,2022-03-01,Regular
2202,Diya,Nair,diya.nair2202@mail.com,9719171149,Lucknow,Uttar Pradesh,2025-06-13,Regular
2203,Emma,Reddy,emma.reddy2203@mail.com,9208243963,Kochi,Kerala,2024-05-24,Premium
2204,Sneha,Gupta,sneha.gupta2204@mail.com,9787578647,Chennai,Tamil Nadu,2023-04-29,Premium
2205,Ishaan,Patel,ishaan.patel2205@mail.com,9278846551,Pune,Maharashtra,2025-08-30,Regular
2206,Anika,Chatterjee,anika.chatterjee2206@mail.com,9679996203,Hyderabad,Telangana,2023-10-18,Premium
2207,Pari,Mehta,pari.mehta2207@mail.com,9548690291,Delhi,Delhi,2024-09-28,Premium
2208,Isabella,Kumar,isabella.kumar2208@mail.com,9335005603,Bengaluru,Karnataka,2024-03-16,Regular
2209,Vivaan,Chatterjee,vivaan.chatterjee2209@mail.com,9457152483,Chennai,Tamil Nadu,2023-06-04,Premium
2210,Priya,Malhotra,priya.malhotra2210@mail.com,9868252490,Kochi,Kerala,2022-08-27,Regular
2211,Sophia,Malhotra,sophia.malhotra2211@mail.com,9985696385,Nagpur,Maharashtra,2025-04-07,Regular
2212,Diya,Chatterjee,diya.chatterjee2212@mail.com,9287186021,Ahmedabad,Gujarat,2022-05-24,Regular
2213,Robert,Patel,robert.patel2213@mail.com,9815885704,Surat,Gujarat,2025-05-05,Regular
2214,Neha,Kumar,neha.kumar2214@mail.com,9871767632,Delhi,Delhi,2023-03-15,Regular
2215,James,Nair,james.nair2215@mail.com,9722317728,Jaipur,Rajasthan,2024-11-28,Regular
2216,Ishaan,Sharma,ishaan.sharma2216@mail.com,9972222778,Chandigarh,Punjab,2022-07-21,Regular
2217,Michael,Brown,michael.brown2217@mail.com,9882975849,Indore,Madhya Pradesh,2022-04-22,Regular
2218,Diya,Verma,diya.verma2218@mail.com,9147744586,Chennai,Tamil Nadu,2025-02-09,Regular
2219,Isabella,Das,isabella.das2219@mail.com,9640586817,Jaipur,Rajasthan,2025-03-11,Regular
2220,Aadhya,Johnson,aadhya.johnson2220@mail.com,9816559352,Jaipur,Rajasthan,2024-01-02,Regular
2221,Vikram,Brown,vikram.brown2221@mail.com,9165370487,Indore,Madhya Pradesh,2022-03-24,Regular
2222,Ira,Kapoor,ira.kapoor2222@mail.com,9353711592,Surat,Gujarat,2024-03-05,Premium
2223,Rohan,Chatterjee,rohan.chatterjee2223@mail.com,9444385657,Delhi,Delhi,2024-07-31,Regular
2224,Ananya,Singh,ananya.singh2224@mail.com,9881638713,Lucknow,Uttar Pradesh,2022-07-11,Regular
2225,Ishaan,Chatterjee,ishaan.chatterjee2225@mail.com,9279830352,Indore,Madhya Pradesh,2025-04-16,Premium
2226,Vivaan,Gupta,vivaan.gupta2226@mail.com,9425118997,Hyderabad,Telangana,2024-09-05,Regular
2227,Amit,Singh,amit.singh2227@mail.com,9160868961,Lucknow,Uttar Pradesh,2023-02-07,New
2228,Rohan,Taylor,rohan.taylor2228@mail.com,9604762395,Delhi,Delhi,2023-03-07,Premium
2229,Priya,Gupta,priya.gupta2229@mail.com,9753583645,Delhi,Delhi,2022-10-25,Regular
2230,Ishaan,Nair,ishaan.nair2230@mail.com,9224081173,Hyderabad,Telangana,2022-11-19,Regular
2231,Isabella,Taylor,isabella.taylor2231@mail.com,9600957267,Indore,Madhya Pradesh,2025-09-14,Regular
2232,Ayaan,Malhotra,ayaan.malhotra2232@mail.com,9928259645,Kochi,Kerala,2025-10-11,Regular
2233,Ayaan,Brown,ayaan.brown2233@mail.com,9532391853,Delhi,Delhi,2022-09-23,New
2234,Aditya,Iyer,aditya.iyer2234@mail.com,9763044120,Kochi,Kerala,2022-03-07,Regular
2235,Robert,Das,robert.das2235@mail.com,9915992238,Ahmedabad,Gujarat,2023-05-25,Regular
2236,Divya,Singh,divya.singh2236@mail.com,9139753175,Chennai,Tamil Nadu,2025-03-17,Regular
2237,David,Smith,david.smith2237@mail.com,9323769841,Jaipur,Rajasthan,2022-01-28,Premium
2238,Isabella,Kapoor,isabella.kapoor2238@mail.com,9933920254,Jaipur,Rajasthan,2022-08-01,Regular
2239,Kiara,Reddy,kiara.reddy2239@mail.com,9207866682,Delhi,Delhi,2023-08-06,Regular
2240,Pooja,Brown,pooja.brown2240@mail.com,9771462722,Jaipur,Rajasthan,2022-10-15,New
2241,Aarav,Chatterjee,aarav.chatterjee2241@mail.com,9813956153,Pune,Maharashtra,2022-10-03,Regular
2242,Kiara,Brown,kiara.brown2242@mail.com,9238305910,Mumbai,Maharashtra,2025-04-26,Regular
2243,Michael,Johnson,michael.johnson2243@mail.com,9874784405,Kolkata,West Bengal,2022-05-16,New
2244,Aarav,Singh,aarav.singh2244@mail.com,9868448390,Chandigarh,Punjab,2025-03-11,Premium
2245,Krishna,Chatterjee,krishna.chatterjee2245@mail.com,9633175155,Nagpur,Maharashtra,2022-02-04,Premium
2246,Myra,Anderson,myra.anderson2246@mail.com,9227399830,Bengaluru,Karnataka,2023-07-19,Regular
2247,John,Roy,john.roy2247@mail.com,9450725895,Jaipur,Rajasthan,2024-01-21,Regular
2248,Krishna,Singh,krishna.singh2248@mail.com,9129036288,Chennai,Tamil Nadu,2022-06-03,New
2249,Ishaan,Sharma,ishaan.sharma2249@mail.com,9251232051,Ahmedabad,Gujarat,2022-04-21,Regular
2250,Michael,Malhotra,michael.malhotra2250@mail.com,9273896637,Ahmedabad,Gujarat,2023-04-18,Premium
2251,Ira,Verma,ira.verma2251@mail.com,9278618927,Lucknow,Uttar Pradesh,2025-06-22,Regular
2252,Sai,Taylor,sai.taylor2252@mail.com,9557627557,Nagpur,Maharashtra,2025-04-24,Regular
2253,Myra,Nair,myra.nair2253@mail.com,9235809847,Nagpur,Maharashtra,2023-07-31,Regular
2254,Reyansh,Smith,reyansh.smith2254@mail.com,9442990898,Chennai,Tamil Nadu,2022-11-21,New
2255,Aarav,Patel,aarav.patel2255@mail.com,9852908844,Kochi,Kerala,2023-08-08,Regular
2256,Vihaan,Iyer,vihaan.iyer2256@mail.com,9118103437,Lucknow,Uttar Pradesh,2024-01-14,New
2257,William,Kumar,william.kumar2257@mail.com,9706050251,Surat,Gujarat,2025-08-03,Regular
2258,Olivia,Kapoor,olivia.kapoor2258@mail.com,9768840667,Delhi,Delhi,2024-01-30,Regular
2259,John,Johnson,john.johnson2259@mail.com,9406063244,Kolkata,West Bengal,2022-12-20,New
2260,Riya,Kumar,riya.kumar2260@mail.com,9214273000,Bengaluru,Karnataka,2023-05-30,Regular
2261,Aarav,Iyer,aarav.iyer2261@mail.com,9147377352,Jaipur,Rajasthan,2022-05-02,Premium
2262,Amit,Iyer,amit.iyer2262@mail.com,9141586445,Hyderabad,Telangana,2022-02-24,New
2263,Emma,Roy,emma.roy2263@mail.com,9346800567,Delhi,Delhi,2024-07-09,Regular
2264,Sai,Kumar,sai.kumar2264@mail.com,9273811268,Kolkata,West Bengal,2024-11-23,Regular
2265,Aarav,Das,aarav.das2265@mail.com,9204612871,Indore,Madhya Pradesh,2025-10-04,Regular
2266,Reyansh,Nair,reyansh.nair2266@mail.com,9736457654,Mumbai,Maharashtra,2022-08-10,New
2267,Vihaan,Anderson,vihaan.anderson2267@mail.com,9190661379,Hyderabad,Telangana,2024-11-07,Regular
2268,Sophia,Iyer,sophia.iyer2268@mail.com,9364680584,Mumbai,Maharashtra,2024-08-04,Premium
2269,Robert,Gupta,robert.gupta2269@mail.com,9151323124,Nagpur,Maharashtra,2023-08-13,Regular
2270,Neha,Mehta,neha.mehta2270@mail.com,9628316550,Chennai,Tamil Nadu,2023-02-13,New
2271,Diya,Iyer,diya.iyer2271@mail.com,9855983760,Hyderabad,Telangana,2022-02-20,Regular
2272,Olivia,Reddy,olivia.reddy2272@mail.com,9474664565,Jaipur,Rajasthan,2024-12-17,Premium
2273,Sophia,Taylor,sophia.taylor2273@mail.com,9855278334,Kolkata,West Bengal,2025-05-05,Regular
2274,Vivaan,Singh,vivaan.singh2274@mail.com,9229381992,Jaipur,Rajasthan,2022-01-12,Regular
2275,Saanvi,Malhotra,saanvi.malhotra2275@mail.com,9532266824,Bengaluru,Karnataka,2024-06-19,New
2276,Olivia,Brown,olivia.brown2276@mail.com,9569019932,Nagpur,Maharashtra,2022-11-01,Regular
2277,Sneha,Gupta,sneha.gupta2277@mail.com,9663302051,Hyderabad,Telangana,2022-10-11,Premium
2278,Rahul,Sharma,rahul.sharma2278@mail.com,9134450612,Mumbai,Maharashtra,2023-06-29,Regular
2279,Olivia,Iyer,olivia.iyer2279@mail.com,9433505590,Pune,Maharashtra,2025-07-07,Premium
2280,Arjun,Iyer,arjun.iyer2280@mail.com,9154307238,Ahmedabad,Gujarat,2025-04-20,Regular
2281,Isabella,Iyer,isabella.iyer2281@mail.com,9370922917,Mumbai,Maharashtra,2022-02-10,Premium
2282,Riya,Chatterjee,riya.chatterjee2282@mail.com,9353351501,Jaipur,Rajasthan,2025-02-04,Regular
2283,Rohan,Mehta,rohan.mehta2283@mail.com,9716509119,Mumbai,Maharashtra,2023-10-08,Regular
2284,Arjun,Smith,arjun.smith2284@mail.com,9942305034,Bengaluru,Karnataka,2022-03-28,Regular
2285,Karan,Das,karan.das2285@mail.com,9140692463,Indore,Madhya Pradesh,2025-04-22,Regular
2286,Karan,Kumar,karan.kumar2286@mail.com,9524128244,Indore,Madhya Pradesh,2025-05-26,Regular
2287,Priya,Patel,priya.patel2287@mail.com,9795813602,Delhi,Delhi,2023-02-11,Regular
2288,Sophia,Iyer,sophia.iyer2288@mail.com,9973666467,Kolkata,West Bengal,2024-02-22,Premium
2289,Kiara,Iyer,kiara.iyer2289@mail.com,9541186779,Surat,Gujarat,2024-02-22,New
2290,Ishaan,Singh,ishaan.singh2290@mail.com,9620716920,Chennai,Tamil Nadu,2022-04-11,Regular
2291,Rohan,Mehta,rohan.mehta2291@mail.com,9366547610,Hyderabad,Telangana,2022-12-23,Premium
2292,Olivia,Reddy,olivia.reddy2292@mail.com,9326490179,Kochi,Kerala,2025-11-11,New
2293,Sneha,Malhotra,sneha.malhotra2293@mail.com,9410425072,Lucknow,Uttar Pradesh,2025-03-10,New
2294,Divya,Anderson,divya.anderson2294@mail.com,9966524048,Mumbai,Maharashtra,2022-05-18,Premium
2295,Riya,Reddy,riya.reddy2295@mail.com,9562554021,Nagpur,Maharashtra,2025-09-14,Regular
2296,Aadhya,Anderson,aadhya.anderson2296@mail.com,9154740212,Jaipur,Rajasthan,2024-08-01,New
2297,Vikram,Reddy,vikram.reddy2297@mail.com,9213485048,Delhi,Delhi,2024-04-21,Regular
2298,Ananya,Sharma,ananya.sharma2298@mail.com,9777342791,Indore,Madhya Pradesh,2025-09-14,Premium
2299,Reyansh,Roy,reyansh.roy2299@mail.com,9958119260,Delhi,Delhi,2023-04-27,Regular
2300,Divya,Chatterjee,divya.chatterjee2300@mail.com,9650781494,Lucknow,Uttar Pradesh,2024-10-30,New
2301,Sneha,Anderson,sneha.anderson2301@mail.com,9257416872,Surat,Gujarat,2022-08-18,Regular
2302,Sophia,Sharma,sophia.sharma2302@mail.com,9884858813,Nagpur,Maharashtra,2025-01-05,Regular
2303,Sneha,Kapoor,sneha.kapoor2303@mail.com,9810265553,Jaipur,Rajasthan,2022-03-04,New
2304,Arjun,Roy,arjun.roy2304@mail.com,9528424763,Surat,Gujarat,2023-06-17,Regular
2305,Krishna,Reddy,krishna.reddy2305@mail.com,9913716635,Delhi,Delhi,2024-07-13,New
2306,John,Das,john.das2306@mail.com,9650985608,Kochi,Kerala,2023-04-23,Premium
2307,Sophia,Das,sophia.das2307@mail.com,9501363926,Ahmedabad,Gujarat,2022-01-24,Regular
2308,Vihaan,Sharma,vihaan.sharma2308@mail.com,9378636734,Jaipur,Rajasthan,2022-04-06,Regular
2309,James,Kumar,james.kumar2309@mail.com,9815739157,Delhi,Delhi,2023-01-04,New
2310,David,Chatterjee,david.chatterjee2310@mail.com,9191405534,Chennai,Tamil Nadu,2025-05-04,Regular
2311,Sai,Reddy,sai.reddy2311@mail.com,9648572850,Surat,Gujarat,2024-10-20,Premium
2312,Sneha,Mehta,sneha.mehta2312@mail.com,9949827238,Bengaluru,Karnataka,2025-05-13,Premium
2313,Pooja,Das,pooja.das2313@mail.com,9261530515,Ahmedabad,Gujarat,2024-03-14,Premium
2314,Rahul,Verma,rahul.verma2314@mail.com,9386833451,Mumbai,Maharashtra,2025-04-20,Regular
2315,Ayaan,Mehta,ayaan.mehta2315@mail.com,9948761618,Delhi,Delhi,2025-04-04,Regular
2316,John,Taylor,john.taylor2316@mail.com,9147267393,Ahmedabad,Gujarat,2025-02-04,Premium
2317,Diya,Kumar,diya.kumar2317@mail.com,9405068805,Chandigarh,Punjab,2025-11-16,Premium
2318,Myra,Smith,myra.smith2318@mail.com,9876170716,Kolkata,West Bengal,2023-12-27,Regular
2319,Isabella,Chatterjee,isabella.chatterjee2319@mail.com,9956700137,Nagpur,Maharashtra,2025-09-10,Premium
2320,William,Reddy,william.reddy2320@mail.com,9414445156,Chandigarh,Punjab,2022-04-03,New
2321,Emma,Kapoor,emma.kapoor2321@mail.com,9996667415,Lucknow,Uttar Pradesh,2024-02-10,Regular
2322,Anika,Mehta,anika.mehta2322@mail.com,9756919472,Kolkata,West Bengal,2022-02-22,Regular
2323,Amit,Kapoor,amit.kapoor2323@mail.com,9262875248,Delhi,Delhi,2024-06-28,Regular
2324,Pooja,Smith,pooja.smith2324@mail.com,9209746806,Kolkata,West Bengal,2022-10-19,Regular
2325,John,Chatterjee,john.chatterjee2325@mail.com,9916096639,Hyderabad,Telangana,2025-07-14,Regular
2326,Vikram,Roy,vikram.roy2326@mail.com,9234279687,Mumbai,Maharashtra,2024-10-26,New
2327,Myra,Mehta,myra.mehta2327@mail.com,9674046082,Kolkata,West Bengal,2024-12-26,Premium
2328,Myra,Malhotra,myra.malhotra2328@mail.com,9144117837,Surat,Gujarat,2024-06-11,Regular
2329,Riya,Brown,riya.brown2329@mail.com,9614884547,Bengaluru,Karnataka,2024-12-15,Regular
2330,Rohan,Gupta,rohan.gupta2330@mail.com,9556248404,Mumbai,Maharashtra,2025-06-30,New
2331,Sai,Kapoor,sai.kapoor2331@mail.com,9179299111,Hyderabad,Telangana,2022-08-20,Premium
2332,Anika,Johnson,anika.johnson2332@mail.com,9809937839,Indore,Madhya Pradesh,2025-05-13,Premium
2333,Ananya,Singh,ananya.singh2333@mail.com,9867440618,Kolkata,West Bengal,2022-08-10,Regular
2334,Rahul,Taylor,rahul.taylor2334@mail.com,9100455715,Pune,Maharashtra,2023-01-18,New
2335,Aditya,Mehta,aditya.mehta2335@mail.com,9444904727,Jaipur,Rajasthan,2024-11-12,Regular
2336,Robert,Sharma,robert.sharma2336@mail.com,9277783040,Pune,Maharashtra,2023-07-25,Premium
2337,Priya,Nair,priya.nair2337@mail.com,9381516573,Delhi,Delhi,2025-06-16,Regular
2338,James,Verma,james.verma2338@mail.com,9307499118,Kochi,Kerala,2023-08-16,Regular
2339,Rohan,Taylor,rohan.taylor2339@mail.com,9531713735,Nagpur,Maharashtra,2022-05-10,Regular
2340,Rahul,Gupta,rahul.gupta2340@mail.com,9929358041,Jaipur,Rajasthan,2022-09-17,Premium
2341,Karan,Roy,karan.roy2341@mail.com,9715505939,Indore,Madhya Pradesh,2025-01-24,Premium
2342,Vikram,Roy,vikram.roy2342@mail.com,9883279377,Mumbai,Maharashtra,2024-03-31,Regular
2343,Pooja,Nair,pooja.nair2343@mail.com,9204043553,Chennai,Tamil Nadu,2022-06-13,Regular
2344,Emma,Das,emma.das2344@mail.com,9212298648,Indore,Madhya Pradesh,2023-04-09,New
2345,Divya,Reddy,divya.reddy2345@mail.com,9523612240,Chandigarh,Punjab,2024-02-11,New
2346,Vikram,Taylor,vikram.taylor2346@mail.com,9761927655,Chandigarh,Punjab,2025-01-07,Premium
2347,Anika,Chatterjee,anika.chatterjee2347@mail.com,9525016611,Kochi,Kerala,2025-06-20,Regular
2348,Pari,Das,pari.das2348@mail.com,9509270031,Lucknow,Uttar Pradesh,2023-10-02,Premium
2349,Sai,Smith,sai.smith2349@mail.com,9465378226,Lucknow,Uttar Pradesh,2023-06-19,New
2350,Vihaan,Iyer,vihaan.iyer2350@mail.com,9233269420,Lucknow,Uttar Pradesh,2022-10-04,Premium
2351,Diya,Verma,diya.verma2351@mail.com,9838146636,Indore,Madhya Pradesh,2024-09-05,New
2352,Anika,Brown,anika.brown2352@mail.com,9846000036,Mumbai,Maharashtra,2023-12-21,Regular
2353,Rahul,Gupta,rahul.gupta2353@mail.com,9553636760,Chandigarh,Punjab,2022-05-07,Regular
2354,Karan,Roy,karan.roy2354@mail.com,9908212264,Indore,Madhya Pradesh,2025-02-11,New
2355,Aadhya,Taylor,aadhya.taylor2355@mail.com,9437571555,Hyderabad,Telangana,2024-04-21,New
2356,Krishna,Iyer,krishna.iyer2356@mail.com,9652620325,Lucknow,Uttar Pradesh,2023-06-17,Regular
2357,Karan,Verma,karan.verma2357@mail.com,9506929818,Ahmedabad,Gujarat,2022-01-16,Regular
2358,Karan,Chatterjee,karan.chatterjee2358@mail.com,9423338835,Indore,Madhya Pradesh,2022-10-06,Regular
2359,Sneha,Mehta,sneha.mehta2359@mail.com,9292121985,Mumbai,Maharashtra,2023-08-24,New
2360,David,Mehta,david.mehta2360@mail.com,9943442595,Surat,Gujarat,2025-02-14,Premium
2361,Olivia,Kumar,olivia.kumar2361@mail.com,9540728398,Mumbai,Maharashtra,2023-11-01,Premium
2362,Riya,Reddy,riya.reddy2362@mail.com,9115413645,Nagpur,Maharashtra,2023-09-29,Regular
2363,Michael,Kumar,michael.kumar2363@mail.com,9912034755,Ahmedabad,Gujarat,2023-11-28,Regular
2364,Vivaan,Chatterjee,vivaan.chatterjee2364@mail.com,9583850916,Indore,Madhya Pradesh,2023-09-24,Premium
2365,Myra,Singh,myra.singh2365@mail.com,9938870999,Jaipur,Rajasthan,2025-05-31,Regular
2366,Krishna,Patel,krishna.patel2366@mail.com,9939913662,Pune,Maharashtra,2023-06-13,Premium
2367,David,Nair,david.nair2367@mail.com,9780251241,Bengaluru,Karnataka,2024-05-07,Regular
2368,Kiara,Verma,kiara.verma2368@mail.com,9216392212,Kolkata,West Bengal,2025-07-19,Regular
2369,Karan,Johnson,karan.johnson2369@mail.com,9345781771,Surat,Gujarat,2022-04-20,Regular
2370,Olivia,Reddy,olivia.reddy2370@mail.com,9300508459,Delhi,Delhi,2022-12-25,Regular
2371,Diya,Anderson,diya.anderson2371@mail.com,9559756902,Surat,Gujarat,2024-09-06,Premium
2372,Rahul,Kapoor,rahul.kapoor2372@mail.com,9530823983,Bengaluru,Karnataka,2023-10-10,Premium
2373,David,Sharma,david.sharma2373@mail.com,9211300111,Delhi,Delhi,2022-12-29,Regular
2374,Reyansh,Gupta,reyansh.gupta2374@mail.com,9499978780,Surat,Gujarat,2024-10-27,New
2375,Riya,Roy,riya.roy2375@mail.com,9955645476,Jaipur,Rajasthan,2025-08-02,Regular
2376,Vihaan,Sharma,vihaan.sharma2376@mail.com,9916573079,Surat,Gujarat,2025-01-04,Regular
2377,Rahul,Chatterjee,rahul.chatterjee2377@mail.com,9654341093,Kolkata,West Bengal,2024-09-12,Premium
2378,Pooja,Nair,pooja.nair2378@mail.com,9310328639,Nagpur,Maharashtra,2022-06-12,Regular
2379,Karan,Johnson,karan.johnson2379@mail.com,9576836223,Surat,Gujarat,2022-01-28,New
2380,Ira,Anderson,ira.anderson2380@mail.com,9244858524,Kochi,Kerala,2024-04-16,Premium
2381,Ananya,Taylor,ananya.taylor2381@mail.com,9181754369,Bengaluru,Karnataka,2022-08-16,New
2382,Vihaan,Singh,vihaan.singh2382@mail.com,9667753753,Chennai,Tamil Nadu,2023-04-14,Premium
2383,Rahul,Smith,rahul.smith2383@mail.com,9344787311,Kolkata,West Bengal,2023-12-10,Premium
2384,David,Roy,david.roy2384@mail.com,9151640203,Ahmedabad,Gujarat,2025-02-08,Regular
2385,Ananya,Johnson,ananya.johnson2385@mail.com,9384248553,Jaipur,Rajasthan,2022-12-25,Regular
2386,Ayaan,Roy,ayaan.roy2386@mail.com,9845945754,Indore,Madhya Pradesh,2023-04-22,Regular
2387,Riya,Johnson,riya.johnson2387@mail.com,9955681940,Indore,Madhya Pradesh,2023-07-04,Regular
2388,Olivia,Mehta,olivia.mehta2388@mail.com,9428031438,Chandigarh,Punjab,2024-01-23,Regular
2389,Isabella,Smith,isabella.smith2389@mail.com,9894319323,Bengaluru,Karnataka,2023-02-08,New
2390,Arjun,Iyer,arjun.iyer2390@mail.com,9250263406,Hyderabad,Telangana,2022-11-12,New
2391,Sophia,Kapoor,sophia.kapoor2391@mail.com,9926513766,Jaipur,Rajasthan,2025-06-13,Premium
2392,Priya,Malhotra,priya.malhotra2392@mail.com,9887525023,Nagpur,Maharashtra,2022-06-23,Regular
2393,William,Singh,william.singh2393@mail.com,9360807808,Chandigarh,Punjab,2023-08-25,Premium
2394,Ananya,Kumar,ananya.kumar2394@mail.com,9282236581,Mumbai,Maharashtra,2023-01-28,New
2395,Pooja,Roy,pooja.roy2395@mail.com,9507492505,Chandigarh,Punjab,2022-12-14,New
2396,Rahul,Johnson,rahul.johnson2396@mail.com,9866884424,Mumbai,Maharashtra,2025-09-03,Regular
2397,Arjun,Malhotra,arjun.malhotra2397@mail.com,9941854568,Kolkata,West Bengal,2023-05-21,New
2398,Riya,Smith,riya.smith2398@mail.com,9867465756,Chandigarh,Punjab,2023-02-03,Regular
2399,Karan,Patel,karan.patel2399@mail.com,9448965783,Kochi,Kerala,2025-01-21,Regular
2400,Ishaan,Mehta,ishaan.mehta2400@mail.com,9770153362,Surat,Gujarat,2023-04-15,Regular
2401,Myra,Kapoor,myra.kapoor2401@mail.com,9112686584,Mumbai,Maharashtra,2025-12-04,Premium
2402,Reyansh,Das,reyansh.das2402@mail.com,9174220873,Kochi,Kerala,2024-03-22,Regular
2403,Amit,Kapoor,amit.kapoor2403@mail.com,9652105788,Surat,Gujarat,2022-05-18,New
2404,John,Reddy,john.reddy2404@mail.com,9399417352,Chennai,Tamil Nadu,2023-06-05,New
2405,Michael,Mehta,michael.mehta2405@mail.com,9381199637,Kolkata,West Bengal,2022-04-20,New
2406,Aadhya,Roy,aadhya.roy2406@mail.com,9488299146,Kochi,Kerala,2022-05-16,Regular
2407,Divya,Singh,divya.singh2407@mail.com,9583545083,Kochi,Kerala,2025-02-05,Regular
2408,James,Patel,james.patel2408@mail.com,9791113267,Lucknow,Uttar Pradesh,2022-09-10,Regular
2409,Isabella,Das,isabella.das2409@mail.com,9650284454,Chandigarh,Punjab,2023-06-08,New
2410,David,Malhotra,david.malhotra2410@mail.com,9709776411,Lucknow,Uttar Pradesh,2024-05-21,New
2411,Neha,Das,neha.das2411@mail.com,9933665199,Bengaluru,Karnataka,2025-11-15,Premium
2412,Pari,Smith,pari.smith2412@mail.com,9616728439,Lucknow,Uttar Pradesh,2025-12-10,Regular
2413,Rahul,Iyer,rahul.iyer2413@mail.com,9394463869,Nagpur,Maharashtra,2024-07-09,Premium
2414,Riya,Brown,riya.brown2414@mail.com,9349699944,Mumbai,Maharashtra,2022-07-03,New
2415,Karan,Roy,karan.roy2415@mail.com,9902835673,Kolkata,West Bengal,2025-12-26,Regular
2416,Ira,Nair,ira.nair2416@mail.com,9318758887,Nagpur,Maharashtra,2025-02-14,Premium
2417,Sneha,Anderson,sneha.anderson2417@mail.com,9274734337,Jaipur,Rajasthan,2023-04-28,Regular
2418,Reyansh,Nair,reyansh.nair2418@mail.com,9221042498,Chandigarh,Punjab,2025-09-12,Regular
2419,Vivaan,Brown,vivaan.brown2419@mail.com,9977151931,Bengaluru,Karnataka,2025-03-06,Regular
2420,Diya,Das,diya.das2420@mail.com,9652637671,Surat,Gujarat,2022-04-12,Premium
2421,Pooja,Singh,pooja.singh2421@mail.com,9280155891,Bengaluru,Karnataka,2022-09-06,Regular
2422,Ayaan,Sharma,ayaan.sharma2422@mail.com,9298764939,Hyderabad,Telangana,2022-12-26,New
2423,Vivaan,Gupta,vivaan.gupta2423@mail.com,9842669602,Jaipur,Rajasthan,2024-03-01,Regular
2424,David,Iyer,david.iyer2424@mail.com,9148650818,Surat,Gujarat,2022-03-03,Regular
2425,Karan,Roy,karan.roy2425@mail.com,9961181927,Chandigarh,Punjab,2024-09-11,Premium
2426,Ayaan,Sharma,ayaan.sharma2426@mail.com,9688132450,Delhi,Delhi,2023-08-29,Regular
2427,David,Gupta,david.gupta2427@mail.com,9410057868,Mumbai,Maharashtra,2023-04-27,New
2428,Kiara,Smith,kiara.smith2428@mail.com,9797798656,Hyderabad,Telangana,2025-08-06,New
2429,Sneha,Das,sneha.das2429@mail.com,9910800871,Mumbai,Maharashtra,2024-09-15,Regular
2430,Pooja,Nair,pooja.nair2430@mail.com,9309366141,Pune,Maharashtra,2023-09-26,Regular
2431,Sneha,Smith,sneha.smith2431@mail.com,9993414965,Chandigarh,Punjab,2022-07-20,Regular
2432,Saanvi,Sharma,saanvi.sharma2432@mail.com,9590747323,Nagpur,Maharashtra,2024-04-07,New
2433,Aarav,Johnson,aarav.johnson2433@mail.com,9977644069,Nagpur,Maharashtra,2023-07-26,New
2434,Sneha,Brown,sneha.brown2434@mail.com,9569799493,Nagpur,Maharashtra,2022-06-02,Regular
2435,Aditya,Taylor,aditya.taylor2435@mail.com,9564770044,Surat,Gujarat,2025-09-30,Regular
2436,Ira,Gupta,ira.gupta2436@mail.com,9179269797,Mumbai,Maharashtra,2025-08-18,Regular
2437,Michael,Kapoor,michael.kapoor2437@mail.com,9192923494,Kochi,Kerala,2022-07-04,Premium
2438,Myra,Kapoor,myra.kapoor2438@mail.com,9101702569,Indore,Madhya Pradesh,2024-07-04,Regular
2439,Reyansh,Brown,reyansh.brown2439@mail.com,9759404712,Nagpur,Maharashtra,2025-04-26,Regular
2440,Divya,Kumar,divya.kumar2440@mail.com,9145051700,Jaipur,Rajasthan,2025-06-13,Regular
2441,Pooja,Singh,pooja.singh2441@mail.com,9561597861,Kolkata,West Bengal,2025-01-27,Regular
2442,Pooja,Nair,pooja.nair2442@mail.com,9505789203,Jaipur,Rajasthan,2025-03-08,Premium
2443,William,Reddy,william.reddy2443@mail.com,9517056655,Lucknow,Uttar Pradesh,2024-07-29,Premium
2444,Neha,Patel,neha.patel2444@mail.com,9679751450,Kolkata,West Bengal,2025-02-16,Premium
2445,Rohan,Iyer,rohan.iyer2445@mail.com,9607319842,Jaipur,Rajasthan,2025-10-28,Premium
2446,Priya,Malhotra,priya.malhotra2446@mail.com,9178005036,Pune,Maharashtra,2022-03-04,Regular
2447,Sneha,Taylor,sneha.taylor2447@mail.com,9293928606,Pune,Maharashtra,2024-07-17,New
2448,Rohan,Anderson,rohan.anderson2448@mail.com,9504859260,Mumbai,Maharashtra,2025-11-20,Premium
2449,Krishna,Sharma,krishna.sharma2449@mail.com,9193389201,Bengaluru,Karnataka,2024-06-02,New
2450,John,Anderson,john.anderson2450@mail.com,9777595235,Jaipur,Rajasthan,2025-03-28,Premium
2451,Diya,Brown,diya.brown2451@mail.com,9115775993,Chennai,Tamil Nadu,2022-06-11,Premium
2452,Aarav,Chatterjee,aarav.chatterjee2452@mail.com,9495720862,Surat,Gujarat,2022-10-13,New
2453,Isabella,Johnson,isabella.johnson2453@mail.com,9460363222,Jaipur,Rajasthan,2023-10-06,New
2454,Ayaan,Anderson,ayaan.anderson2454@mail.com,9622544939,Ahmedabad,Gujarat,2023-08-19,Premium
2455,Krishna,Kumar,krishna.kumar2455@mail.com,9418684278,Kolkata,West Bengal,2025-05-18,Regular
2456,Arjun,Iyer,arjun.iyer2456@mail.com,9681764768,Chandigarh,Punjab,2025-08-13,Premium
2457,Ira,Gupta,ira.gupta2457@mail.com,9753427376,Kochi,Kerala,2025-04-27,Regular
2458,Krishna,Taylor,krishna.taylor2458@mail.com,9385906450,Bengaluru,Karnataka,2022-11-30,Regular
2459,Rahul,Smith,rahul.smith2459@mail.com,9649999301,Lucknow,Uttar Pradesh,2022-06-02,Regular
2460,Riya,Johnson,riya.johnson2460@mail.com,9386045942,Surat,Gujarat,2022-09-28,Regular
2461,Pooja,Johnson,pooja.johnson2461@mail.com,9831234560,Chennai,Tamil Nadu,2024-02-03,Regular
2462,Aditya,Smith,aditya.smith2462@mail.com,9567204030,Indore,Madhya Pradesh,2024-11-01,Regular
2463,Rohan,Nair,rohan.nair2463@mail.com,9235644231,Nagpur,Maharashtra,2024-01-22,Regular
2464,Aarav,Chatterjee,aarav.chatterjee2464@mail.com,9119393727,Kochi,Kerala,2022-04-12,Regular
2465,William,Patel,william.patel2465@mail.com,9856050341,Surat,Gujarat,2023-12-02,Regular
2466,Vihaan,Anderson,vihaan.anderson2466@mail.com,9284336848,Hyderabad,Telangana,2022-10-06,Regular
2467,Rahul,Reddy,rahul.reddy2467@mail.com,9640198103,Bengaluru,Karnataka,2025-02-20,Premium
2468,Ira,Sharma,ira.sharma2468@mail.com,9162718085,Delhi,Delhi,2024-09-21,Regular
2469,Neha,Reddy,neha.reddy2469@mail.com,9272784128,Kochi,Kerala,2023-06-21,Premium
2470,Anika,Gupta,anika.gupta2470@mail.com,9246297023,Kolkata,West Bengal,2022-05-29,Regular
2471,Vikram,Johnson,vikram.johnson2471@mail.com,9106707662,Ahmedabad,Gujarat,2022-05-15,Regular
2472,John,Roy,john.roy2472@mail.com,9788784354,Kochi,Kerala,2022-05-01,Regular
2473,Rohan,Johnson,rohan.johnson2473@mail.com,9101101330,Lucknow,Uttar Pradesh,2022-12-31,New
2474,Reyansh,Gupta,reyansh.gupta2474@mail.com,9438210820,Bengaluru,Karnataka,2024-05-25,Regular
2475,Aditya,Johnson,aditya.johnson2475@mail.com,9344182593,Nagpur,Maharashtra,2024-06-21,Regular
2476,Rohan,Nair,rohan.nair2476@mail.com,9314329144,Mumbai,Maharashtra,2022-03-09,Regular
2477,Olivia,Chatterjee,olivia.chatterjee2477@mail.com,9437058401,Chandigarh,Punjab,2022-01-31,Regular
2478,Rahul,Mehta,rahul.mehta2478@mail.com,9852329085,Nagpur,Maharashtra,2025-08-31,Regular
2479,Amit,Chatterjee,amit.chatterjee2479@mail.com,9943110227,Chennai,Tamil Nadu,2025-02-24,Premium
2480,Kiara,Patel,kiara.patel2480@mail.com,9970512742,Chandigarh,Punjab,2022-10-16,Premium
2481,Neha,Anderson,neha.anderson2481@mail.com,9543674807,Lucknow,Uttar Pradesh,2025-02-11,Premium
2482,Emma,Johnson,emma.johnson2482@mail.com,9241202487,Lucknow,Uttar Pradesh,2023-06-11,Regular
2483,Rahul,Iyer,rahul.iyer2483@mail.com,9543905917,Nagpur,Maharashtra,2022-06-30,New
2484,Amit,Nair,amit.nair2484@mail.com,9609098500,Hyderabad,Telangana,2023-09-29,New
2485,Sai,Singh,sai.singh2485@mail.com,9927331322,Kochi,Kerala,2022-05-25,Regular
2486,Robert,Verma,robert.verma2486@mail.com,9265065333,Pune,Maharashtra,2025-02-23,Premium
2487,William,Patel,william.patel2487@mail.com,9835086199,Bengaluru,Karnataka,2022-05-21,Regular
2488,Kiara,Singh,kiara.singh2488@mail.com,9941460924,Indore,Madhya Pradesh,2024-01-08,Regular
2489,Neha,Patel,neha.patel2489@mail.com,9462275233,Nagpur,Maharashtra,2022-11-07,Regular
2490,Vihaan,Brown,vihaan.brown2490@mail.com,9393140634,Jaipur,Rajasthan,2024-06-10,Regular
2491,Olivia,Anderson,olivia.anderson2491@mail.com,9308044071,Lucknow,Uttar Pradesh,2025-01-27,Regular
2492,Riya,Kapoor,riya.kapoor2492@mail.com,9681905812,Jaipur,Rajasthan,2023-02-04,Regular
2493,Diya,Smith,diya.smith2493@mail.com,9959210287,Hyderabad,Telangana,2024-02-23,New
2494,Pari,Brown,pari.brown2494@mail.com,9248068723,Jaipur,Rajasthan,2022-04-08,Regular
2495,Vihaan,Anderson,vihaan.anderson2495@mail.com,9976500176,Ahmedabad,Gujarat,2023-07-21,Premium
2496,William,Johnson,william.johnson2496@mail.com,9582094659,Lucknow,Uttar Pradesh,2023-11-19,Regular
2497,Michael,Brown,michael.brown2497@mail.com,9271214325,Hyderabad,Telangana,2025-03-02,Regular
2498,Aarav,Malhotra,aarav.malhotra2498@mail.com,9136522577,Jaipur,Rajasthan,2023-11-14,New
2499,James,Iyer,james.iyer2499@mail.com,9145639583,Ahmedabad,Gujarat,2025-07-12,Premium
2500,Vivaan,Malhotra,vivaan.malhotra2500@mail.com,9209217468,Surat,Gujarat,2023-04-24,Regular
2501,Sai,Iyer,sai.iyer2501@mail.com,9596820037,Indore,Madhya Pradesh,2024-11-05,New
2502,Reyansh,Malhotra,reyansh.malhotra2502@mail.com,9837314966,Mumbai,Maharashtra,2022-10-19,Regular
2503,Kiara,Anderson,kiara.anderson2503@mail.com,9832267407,Kolkata,West Bengal,2022-04-21,Premium
2504,Diya,Reddy,diya.reddy2504@mail.com,9780586858,Mumbai,Maharashtra,2024-04-11,Premium
2505,Michael,Patel,michael.patel2505@mail.com,9438365083,Nagpur,Maharashtra,2023-07-03,Premium
2506,Sai,Reddy,sai.reddy2506@mail.com,9100697964,Surat,Gujarat,2022-06-19,Premium
2507,Diya,Anderson,diya.anderson2507@mail.com,9436883282,Indore,Madhya Pradesh,2025-03-04,Regular
2508,Vihaan,Sharma,vihaan.sharma2508@mail.com,9269553144,Nagpur,Maharashtra,2024-05-05,Premium
2509,Vihaan,Gupta,vihaan.gupta2509@mail.com,9443068609,Delhi,Delhi,2023-11-22,Regular
2510,Diya,Johnson,diya.johnson2510@mail.com,9956789742,Chandigarh,Punjab,2025-11-06,Premium
2511,Riya,Anderson,riya.anderson2511@mail.com,9780447925,Surat,Gujarat,2025-06-18,Regular
2512,Sophia,Kapoor,sophia.kapoor2512@mail.com,9147057682,Nagpur,Maharashtra,2024-10-05,Regular
2513,Sophia,Singh,sophia.singh2513@mail.com,9238657792,Ahmedabad,Gujarat,2025-05-03,Premium
2514,John,Chatterjee,john.chatterjee2514@mail.com,9823778656,Pune,Maharashtra,2025-08-11,Regular
2515,Myra,Gupta,myra.gupta2515@mail.com,9151694764,Mumbai,Maharashtra,2024-03-15,Regular
2516,Divya,Singh,divya.singh2516@mail.com,9426484573,Indore,Madhya Pradesh,2022-01-25,Regular
2517,Sneha,Iyer,sneha.iyer2517@mail.com,9103225730,Chennai,Tamil Nadu,2023-12-15,Regular
2518,Aditya,Singh,aditya.singh2518@mail.com,9559999853,Mumbai,Maharashtra,2024-11-03,Premium
2519,Kiara,Gupta,kiara.gupta2519@mail.com,9177318698,Jaipur,Rajasthan,2023-09-07,Premium
2520,Reyansh,Patel,reyansh.patel2520@mail.com,9802164038,Pune,Maharashtra,2025-06-14,Premium
2521,Diya,Roy,diya.roy2521@mail.com,9485660331,Pune,Maharashtra,2023-05-14,New
2522,Rohan,Smith,rohan.smith2522@mail.com,9257311688,Mumbai,Maharashtra,2024-01-11,Regular
2523,Aditya,Verma,aditya.verma2523@mail.com,9537611075,Ahmedabad,Gujarat,2025-03-12,New
2524,Aarav,Sharma,aarav.sharma2524@mail.com,9527116740,Lucknow,Uttar Pradesh,2024-05-27,New
2525,Pooja,Verma,pooja.verma2525@mail.com,9179121611,Jaipur,Rajasthan,2024-03-03,Premium
2526,Rahul,Mehta,rahul.mehta2526@mail.com,9147340022,Indore,Madhya Pradesh,2025-11-25,New
2527,Rahul,Das,rahul.das2527@mail.com,9386749065,Kochi,Kerala,2025-10-25,Regular
2528,Aadhya,Singh,aadhya.singh2528@mail.com,9712329191,Nagpur,Maharashtra,2023-08-15,Regular
2529,Michael,Patel,michael.patel2529@mail.com,9122023733,Mumbai,Maharashtra,2024-03-15,Regular
2530,David,Reddy,david.reddy2530@mail.com,9458816898,Pune,Maharashtra,2022-01-17,Regular
2531,John,Sharma,john.sharma2531@mail.com,9178252732,Ahmedabad,Gujarat,2023-03-12,New
2532,James,Mehta,james.mehta2532@mail.com,9239594898,Surat,Gujarat,2024-03-12,Regular
2533,Reyansh,Anderson,reyansh.anderson2533@mail.com,9676855892,Chennai,Tamil Nadu,2023-01-12,Premium
2534,Diya,Chatterjee,diya.chatterjee2534@mail.com,9854256866,Indore,Madhya Pradesh,2022-11-03,Regular
2535,Myra,Kapoor,myra.kapoor2535@mail.com,9455440732,Nagpur,Maharashtra,2022-07-15,Regular
2536,Aditya,Chatterjee,aditya.chatterjee2536@mail.com,9142771234,Chandigarh,Punjab,2024-05-13,New
2537,Aditya,Johnson,aditya.johnson2537@mail.com,9362299341,Mumbai,Maharashtra,2025-07-28,Premium
2538,Vikram,Roy,vikram.roy2538@mail.com,9544533991,Jaipur,Rajasthan,2023-06-03,Regular
2539,Ishaan,Iyer,ishaan.iyer2539@mail.com,9194904011,Kolkata,West Bengal,2024-03-15,Regular
2540,Krishna,Malhotra,krishna.malhotra2540@mail.com,9106974196,Chennai,Tamil Nadu,2025-10-21,Regular
2541,Isabella,Smith,isabella.smith2541@mail.com,9909855907,Surat,Gujarat,2025-02-26,Premium
2542,Vikram,Anderson,vikram.anderson2542@mail.com,9447116699,Nagpur,Maharashtra,2025-03-04,New
2543,Sai,Reddy,sai.reddy2543@mail.com,9737178891,Kochi,Kerala,2025-04-30,Premium
2544,Pari,Reddy,pari.reddy2544@mail.com,9524387157,Mumbai,Maharashtra,2023-04-18,New
2545,Anika,Taylor,anika.taylor2545@mail.com,9820519918,Indore,Madhya Pradesh,2023-01-02,Premium
2546,Ishaan,Anderson,ishaan.anderson2546@mail.com,9497331717,Pune,Maharashtra,2024-12-02,Regular
2547,Riya,Anderson,riya.anderson2547@mail.com,9597536841,Surat,Gujarat,2022-02-20,Premium
2548,Krishna,Sharma,krishna.sharma2548@mail.com,9577726708,Delhi,Delhi,2022-07-06,New
2549,Ananya,Patel,ananya.patel2549@mail.com,9866323369,Indore,Madhya Pradesh,2025-02-01,Regular
2550,Saanvi,Taylor,saanvi.taylor2550@mail.com,9852074582,Bengaluru,Karnataka,2022-07-22,Premium
2551,Karan,Reddy,karan.reddy2551@mail.com,9172504595,Pune,Maharashtra,2024-12-10,Premium
2552,Neha,Chatterjee,neha.chatterjee2552@mail.com,9624880437,Kochi,Kerala,2022-01-09,Premium
2553,Rohan,Iyer,rohan.iyer2553@mail.com,9565719249,Delhi,Delhi,2022-08-18,Regular
2554,Aadhya,Roy,aadhya.roy2554@mail.com,9498818191,Pune,Maharashtra,2025-01-31,Premium
2555,Sneha,Smith,sneha.smith2555@mail.com,9710932306,Kochi,Kerala,2024-08-07,Premium
2556,Rahul,Reddy,rahul.reddy2556@mail.com,9855890305,Kochi,Kerala,2022-07-12,Regular
2557,Neha,Verma,neha.verma2557@mail.com,9861100122,Mumbai,Maharashtra,2023-11-27,New
2558,Rahul,Roy,rahul.roy2558@mail.com,9922043724,Indore,Madhya Pradesh,2025-12-03,Premium
2559,Aadhya,Gupta,aadhya.gupta2559@mail.com,9687861720,Kolkata,West Bengal,2025-05-31,New
2560,Amit,Chatterjee,amit.chatterjee2560@mail.com,9614957846,Surat,Gujarat,2022-12-20,New
2561,Ira,Smith,ira.smith2561@mail.com,9433924832,Nagpur,Maharashtra,2022-04-20,Premium
2562,Amit,Nair,amit.nair2562@mail.com,9280518932,Kochi,Kerala,2024-09-03,Regular
2563,Vihaan,Reddy,vihaan.reddy2563@mail.com,9691846322,Hyderabad,Telangana,2025-06-13,Regular
2564,Krishna,Patel,krishna.patel2564@mail.com,9245245357,Chandigarh,Punjab,2022-11-15,Regular
2565,Sai,Mehta,sai.mehta2565@mail.com,9399299747,Ahmedabad,Gujarat,2023-07-25,Premium
2566,Krishna,Das,krishna.das2566@mail.com,9902914771,Delhi,Delhi,2022-05-16,Regular
2567,Michael,Chatterjee,michael.chatterjee2567@mail.com,9746868749,Kochi,Kerala,2023-02-06,Premium
2568,Krishna,Sharma,krishna.sharma2568@mail.com,9236988709,Mumbai,Maharashtra,2025-07-22,Regular
2569,Vihaan,Mehta,vihaan.mehta2569@mail.com,9867074846,Kochi,Kerala,2022-11-02,Regular
2570,Krishna,Nair,krishna.nair2570@mail.com,9869807951,Ahmedabad,Gujarat,2024-10-16,Regular
2571,Krishna,Iyer,krishna.iyer2571@mail.com,9361670087,Pune,Maharashtra,2023-02-02,Regular
2572,Krishna,Das,krishna.das2572@mail.com,9200434640,Kolkata,West Bengal,2023-11-19,New
2573,Emma,Mehta,emma.mehta2573@mail.com,9525065275,Hyderabad,Telangana,2022-01-06,Premium
2574,Vihaan,Johnson,vihaan.johnson2574@mail.com,9867990960,Indore,Madhya Pradesh,2025-05-03,Regular
2575,Sophia,Anderson,sophia.anderson2575@mail.com,9593490527,Pune,Maharashtra,2024-03-25,New
2576,Reyansh,Malhotra,reyansh.malhotra2576@mail.com,9676888276,Hyderabad,Telangana,2022-09-28,Premium
2577,Vivaan,Reddy,vivaan.reddy2577@mail.com,9742328417,Delhi,Delhi,2024-05-01,Premium
2578,Arjun,Kumar,arjun.kumar2578@mail.com,9420552711,Kolkata,West Bengal,2025-05-30,Regular
2579,Ananya,Chatterjee,ananya.chatterjee2579@mail.com,9904312279,Jaipur,Rajasthan,2023-03-23,Regular
2580,Vivaan,Mehta,vivaan.mehta2580@mail.com,9366225137,Nagpur,Maharashtra,2025-01-13,New
2581,Arjun,Malhotra,arjun.malhotra2581@mail.com,9515644788,Kolkata,West Bengal,2022-11-29,Regular
2582,Sai,Singh,sai.singh2582@mail.com,9227254987,Kolkata,West Bengal,2024-09-24,Regular
2583,Vihaan,Johnson,vihaan.johnson2583@mail.com,9535791871,Jaipur,Rajasthan,2024-01-25,New
2584,Emma,Brown,emma.brown2584@mail.com,9594463016,Indore,Madhya Pradesh,2022-03-25,Regular
2585,William,Nair,william.nair2585@mail.com,9190315292,Lucknow,Uttar Pradesh,2024-11-14,New
2586,Michael,Johnson,michael.johnson2586@mail.com,9164901853,Chennai,Tamil Nadu,2025-04-05,Regular
2587,Riya,Kapoor,riya.kapoor2587@mail.com,9804403721,Mumbai,Maharashtra,2024-06-22,New
2588,William,Singh,william.singh2588@mail.com,9835360479,Chennai,Tamil Nadu,2025-05-23,Premium
2589,Myra,Chatterjee,myra.chatterjee2589@mail.com,9547570239,Pune,Maharashtra,2022-01-18,Regular
2590,Karan,Brown,karan.brown2590@mail.com,9279609980,Ahmedabad,Gujarat,2023-01-24,Regular
2591,Ananya,Brown,ananya.brown2591@mail.com,9244621892,Kolkata,West Bengal,2022-08-29,Regular
2592,Ishaan,Mehta,ishaan.mehta2592@mail.com,9332402979,Indore,Madhya Pradesh,2024-04-21,Premium
2593,Robert,Roy,robert.roy2593@mail.com,9846708348,Pune,Maharashtra,2023-06-30,Premium
2594,Reyansh,Das,reyansh.das2594@mail.com,9651085229,Chandigarh,Punjab,2022-03-22,Regular
2595,Priya,Malhotra,priya.malhotra2595@mail.com,9837921927,Lucknow,Uttar Pradesh,2022-07-20,Premium
2596,Emma,Nair,emma.nair2596@mail.com,9786625727,Hyderabad,Telangana,2023-09-30,New
2597,Sai,Malhotra,sai.malhotra2597@mail.com,9712992364,Chandigarh,Punjab,2024-02-18,Regular
2598,Saanvi,Roy,saanvi.roy2598@mail.com,9463821821,Indore,Madhya Pradesh,2023-05-06,New
2599,Kiara,Anderson,kiara.anderson2599@mail.com,9300423564,Surat,Gujarat,2024-01-19,Premium
2600,Michael,Roy,michael.roy2600@mail.com,9353242247,Hyderabad,Telangana,2023-05-18,Regular
2601,Saanvi,Verma,saanvi.verma2601@mail.com,9968567809,Kochi,Kerala,2023-05-09,Regular
2602,Michael,Das,michael.das2602@mail.com,9636342896,Kolkata,West Bengal,2022-02-27,Regular
2603,Ira,Johnson,ira.johnson2603@mail.com,9601334868,Indore,Madhya Pradesh,2024-03-10,New
2604,Rohan,Mehta,rohan.mehta2604@mail.com,9636204647,Pune,Maharashtra,2024-07-17,Regular
2605,Ira,Smith,ira.smith2605@mail.com,9314070114,Pune,Maharashtra,2023-05-07,Regular
2606,Rohan,Kumar,rohan.kumar2606@mail.com,9390827816,Kolkata,West Bengal,2024-03-02,New
2607,Karan,Das,karan.das2607@mail.com,9510499835,Indore,Madhya Pradesh,2022-05-11,Regular
2608,Ira,Nair,ira.nair2608@mail.com,9184910061,Bengaluru,Karnataka,2023-12-04,Regular
2609,Vivaan,Roy,vivaan.roy2609@mail.com,9849194074,Surat,Gujarat,2022-01-17,Premium
2610,Divya,Kapoor,divya.kapoor2610@mail.com,9645509776,Delhi,Delhi,2023-12-01,Regular
2611,William,Malhotra,william.malhotra2611@mail.com,9253110618,Pune,Maharashtra,2024-01-31,Premium
2612,William,Kapoor,william.kapoor2612@mail.com,9579623601,Bengaluru,Karnataka,2022-08-20,New
2613,Anika,Sharma,anika.sharma2613@mail.com,9586620148,Nagpur,Maharashtra,2023-07-20,Regular
2614,Michael,Chatterjee,michael.chatterjee2614@mail.com,9227413900,Chennai,Tamil Nadu,2023-01-07,Regular
2615,Kiara,Verma,kiara.verma2615@mail.com,9816935106,Chennai,Tamil Nadu,2025-08-25,Regular
2616,Saanvi,Patel,saanvi.patel2616@mail.com,9951089150,Surat,Gujarat,2022-11-19,New
2617,Ayaan,Kapoor,ayaan.kapoor2617@mail.com,9934030629,Pune,Maharashtra,2023-09-25,Regular
2618,Vihaan,Anderson,vihaan.anderson2618@mail.com,9708351244,Kolkata,West Bengal,2023-03-27,Premium
2619,Isabella,Patel,isabella.patel2619@mail.com,9211937392,Surat,Gujarat,2025-10-26,New
2620,Vivaan,Roy,vivaan.roy2620@mail.com,9793225528,Chandigarh,Punjab,2022-09-07,Regular
2621,Neha,Johnson,neha.johnson2621@mail.com,9279327988,Bengaluru,Karnataka,2022-09-04,Regular
2622,Pooja,Anderson,pooja.anderson2622@mail.com,9199190212,Surat,Gujarat,2025-02-14,Regular
2623,Ananya,Singh,ananya.singh2623@mail.com,9489497809,Nagpur,Maharashtra,2025-09-09,Regular
2624,Diya,Taylor,diya.taylor2624@mail.com,9642761406,Indore,Madhya Pradesh,2024-08-01,Regular
2625,Priya,Verma,priya.verma2625@mail.com,9220719310,Ahmedabad,Gujarat,2023-02-02,Premium
2626,Ananya,Sharma,ananya.sharma2626@mail.com,9842493520,Jaipur,Rajasthan,2024-04-21,Premium
2627,Ishaan,Patel,ishaan.patel2627@mail.com,9577503267,Ahmedabad,Gujarat,2024-07-16,Regular
2628,Olivia,Brown,olivia.brown2628@mail.com,9832258183,Pune,Maharashtra,2024-04-12,Regular
2629,Isabella,Sharma,isabella.sharma2629@mail.com,9219695502,Chennai,Tamil Nadu,2022-05-07,Premium
2630,Aditya,Johnson,aditya.johnson2630@mail.com,9975412150,Bengaluru,Karnataka,2024-06-18,New
2631,Arjun,Sharma,arjun.sharma2631@mail.com,9494586855,Pune,Maharashtra,2025-08-22,Regular
2632,Aditya,Verma,aditya.verma2632@mail.com,9127184180,Surat,Gujarat,2022-11-08,Regular
2633,Diya,Nair,diya.nair2633@mail.com,9170558348,Chennai,Tamil Nadu,2023-01-17,Regular
2634,Saanvi,Iyer,saanvi.iyer2634@mail.com,9556794068,Mumbai,Maharashtra,2025-05-22,Regular
2635,Rohan,Iyer,rohan.iyer2635@mail.com,9925964494,Surat,Gujarat,2023-03-22,Premium
2636,Neha,Gupta,neha.gupta2636@mail.com,9630833402,Bengaluru,Karnataka,2022-03-13,Regular
2637,Saanvi,Brown,saanvi.brown2637@mail.com,9768333823,Pune,Maharashtra,2023-12-20,Premium
2638,Neha,Brown,neha.brown2638@mail.com,9288989570,Surat,Gujarat,2022-02-24,Premium
2639,Diya,Chatterjee,diya.chatterjee2639@mail.com,9879809671,Chandigarh,Punjab,2024-09-19,Premium
2640,John,Nair,john.nair2640@mail.com,9872166930,Pune,Maharashtra,2025-06-14,Regular
2641,Aadhya,Patel,aadhya.patel2641@mail.com,9259298837,Bengaluru,Karnataka,2022-11-05,Premium
2642,Sophia,Patel,sophia.patel2642@mail.com,9850878949,Lucknow,Uttar Pradesh,2023-01-25,New
2643,Karan,Malhotra,karan.malhotra2643@mail.com,9287160001,Mumbai,Maharashtra,2023-08-12,Regular
2644,Rahul,Patel,rahul.patel2644@mail.com,9939514385,Pune,Maharashtra,2023-04-07,Regular
2645,Olivia,Taylor,olivia.taylor2645@mail.com,9193531083,Jaipur,Rajasthan,2023-12-18,New
2646,Rahul,Brown,rahul.brown2646@mail.com,9198395588,Surat,Gujarat,2022-04-11,Premium
2647,Isabella,Verma,isabella.verma2647@mail.com,9649165954,Bengaluru,Karnataka,2024-03-07,Premium
2648,Ayaan,Das,ayaan.das2648@mail.com,9966429960,Bengaluru,Karnataka,2023-02-14,Regular
2649,Reyansh,Sharma,reyansh.sharma2649@mail.com,9627628356,Delhi,Delhi,2022-11-16,Regular
2650,John,Roy,john.roy2650@mail.com,9338651333,Surat,Gujarat,2025-02-17,Premium
2651,Diya,Gupta,diya.gupta2651@mail.com,9629349488,Chandigarh,Punjab,2025-07-14,Regular
2652,Riya,Roy,riya.roy2652@mail.com,9377316000,Indore,Madhya Pradesh,2024-04-04,Regular
2653,James,Anderson,james.anderson2653@mail.com,9909334673,Chennai,Tamil Nadu,2022-09-26,Regular
2654,Aadhya,Nair,aadhya.nair2654@mail.com,9252078773,Bengaluru,Karnataka,2025-12-29,Regular
2655,Reyansh,Malhotra,reyansh.malhotra2655@mail.com,9413572258,Chennai,Tamil Nadu,2022-11-12,Regular
2656,Rohan,Nair,rohan.nair2656@mail.com,9870253965,Nagpur,Maharashtra,2025-09-23,New
2657,Diya,Reddy,diya.reddy2657@mail.com,9888397590,Pune,Maharashtra,2024-04-09,Regular
2658,Diya,Malhotra,diya.malhotra2658@mail.com,9462424201,Hyderabad,Telangana,2024-02-01,Premium
2659,David,Patel,david.patel2659@mail.com,9994551628,Surat,Gujarat,2025-07-25,Premium
2660,Rahul,Patel,rahul.patel2660@mail.com,9171585392,Nagpur,Maharashtra,2025-08-19,Regular
2661,Vihaan,Mehta,vihaan.mehta2661@mail.com,9526081956,Chandigarh,Punjab,2024-10-04,Regular
2662,Anika,Sharma,anika.sharma2662@mail.com,9621373414,Chandigarh,Punjab,2023-10-08,Regular
2663,Pooja,Kapoor,pooja.kapoor2663@mail.com,9929111453,Delhi,Delhi,2025-08-30,Premium
2664,Ishaan,Sharma,ishaan.sharma2664@mail.com,9808660307,Delhi,Delhi,2023-03-27,Premium
2665,Diya,Brown,diya.brown2665@mail.com,9809849060,Mumbai,Maharashtra,2024-11-07,Premium
2666,William,Patel,william.patel2666@mail.com,9713010554,Nagpur,Maharashtra,2024-08-27,Premium
2667,David,Gupta,david.gupta2667@mail.com,9436973436,Kochi,Kerala,2023-07-21,Premium
2668,Aditya,Johnson,aditya.johnson2668@mail.com,9441901346,Chennai,Tamil Nadu,2025-03-10,Regular
2669,Diya,Gupta,diya.gupta2669@mail.com,9495445629,Delhi,Delhi,2024-05-26,New
2670,Ira,Gupta,ira.gupta2670@mail.com,9183207652,Lucknow,Uttar Pradesh,2025-10-10,Regular
2671,Olivia,Mehta,olivia.mehta2671@mail.com,9118153736,Lucknow,Uttar Pradesh,2025-10-05,Regular
2672,David,Chatterjee,david.chatterjee2672@mail.com,9327117829,Lucknow,Uttar Pradesh,2023-10-20,Regular
2673,Priya,Johnson,priya.johnson2673@mail.com,9964204919,Bengaluru,Karnataka,2022-05-04,Regular
2674,Aarav,Nair,aarav.nair2674@mail.com,9119499324,Chennai,Tamil Nadu,2022-12-12,Regular
2675,Ananya,Sharma,ananya.sharma2675@mail.com,9176365212,Lucknow,Uttar Pradesh,2025-08-28,Regular
2676,Krishna,Gupta,krishna.gupta2676@mail.com,9260708160,Chennai,Tamil Nadu,2022-05-31,New
2677,Rohan,Patel,rohan.patel2677@mail.com,9907344076,Kochi,Kerala,2024-05-30,New
2678,Divya,Brown,divya.brown2678@mail.com,9596881987,Jaipur,Rajasthan,2025-03-06,Premium
2679,William,Verma,william.verma2679@mail.com,9708161666,Jaipur,Rajasthan,2024-08-29,Regular
2680,Ananya,Taylor,ananya.taylor2680@mail.com,9626723507,Surat,Gujarat,2024-09-17,Regular
2681,Karan,Reddy,karan.reddy2681@mail.com,9241574585,Ahmedabad,Gujarat,2025-08-28,Regular
2682,Vivaan,Anderson,vivaan.anderson2682@mail.com,9464126140,Kochi,Kerala,2025-03-27,New
2683,Vikram,Malhotra,vikram.malhotra2683@mail.com,9610193066,Chandigarh,Punjab,2025-01-20,Regular
2684,Anika,Singh,anika.singh2684@mail.com,9777493723,Chandigarh,Punjab,2025-03-16,New
2685,Pari,Singh,pari.singh2685@mail.com,9223789692,Lucknow,Uttar Pradesh,2022-07-07,Premium
2686,David,Smith,david.smith2686@mail.com,9431535716,Hyderabad,Telangana,2022-03-05,New
2687,Sneha,Smith,sneha.smith2687@mail.com,9295087087,Hyderabad,Telangana,2022-09-13,Regular
2688,Ananya,Iyer,ananya.iyer2688@mail.com,9729313117,Delhi,Delhi,2023-12-22,New
2689,John,Kumar,john.kumar2689@mail.com,9967104740,Kolkata,West Bengal,2023-07-12,New
2690,Rohan,Anderson,rohan.anderson2690@mail.com,9958500499,Surat,Gujarat,2023-08-05,Regular
2691,Vihaan,Sharma,vihaan.sharma2691@mail.com,9250624992,Kolkata,West Bengal,2025-02-23,Regular
2692,Pari,Kapoor,pari.kapoor2692@mail.com,9684926787,Chandigarh,Punjab,2024-06-10,Regular
2693,Pari,Chatterjee,pari.chatterjee2693@mail.com,9580849585,Lucknow,Uttar Pradesh,2024-07-10,New
2694,Sai,Taylor,sai.taylor2694@mail.com,9976404979,Hyderabad,Telangana,2024-02-29,New
2695,Olivia,Verma,olivia.verma2695@mail.com,9375878162,Nagpur,Maharashtra,2023-11-09,Regular
2696,Emma,Patel,emma.patel2696@mail.com,9479034438,Pune,Maharashtra,2025-12-02,Regular
2697,Saanvi,Verma,saanvi.verma2697@mail.com,9732287160,Kochi,Kerala,2024-03-01,New
2698,Rohan,Taylor,rohan.taylor2698@mail.com,9761917495,Bengaluru,Karnataka,2024-08-09,Regular
2699,Ayaan,Chatterjee,ayaan.chatterjee2699@mail.com,9798011488,Pune,Maharashtra,2022-10-09,Premium
2700,David,Patel,david.patel2700@mail.com,9444774443,Hyderabad,Telangana,2022-04-12,Premium
2701,Sneha,Anderson,sneha.anderson2701@mail.com,9872037385,Mumbai,Maharashtra,2023-01-03,Regular
2702,Ayaan,Reddy,ayaan.reddy2702@mail.com,9668026820,Bengaluru,Karnataka,2024-08-05,Regular
2703,Aadhya,Taylor,aadhya.taylor2703@mail.com,9421810801,Hyderabad,Telangana,2022-06-10,New
2704,Divya,Kapoor,divya.kapoor2704@mail.com,9663199344,Lucknow,Uttar Pradesh,2025-02-20,New
2705,Robert,Malhotra,robert.malhotra2705@mail.com,9522486191,Pune,Maharashtra,2023-07-31,Regular
2706,Olivia,Patel,olivia.patel2706@mail.com,9420551771,Pune,Maharashtra,2023-06-21,New
2707,Kiara,Patel,kiara.patel2707@mail.com,9430059164,Kochi,Kerala,2023-06-12,Premium
2708,Pari,Malhotra,pari.malhotra2708@mail.com,9230258063,Kolkata,West Bengal,2025-03-12,New
2709,Sneha,Patel,sneha.patel2709@mail.com,9908507722,Lucknow,Uttar Pradesh,2023-05-12,New
2710,Riya,Mehta,riya.mehta2710@mail.com,9720965639,Ahmedabad,Gujarat,2023-08-07,Regular
2711,Ira,Taylor,ira.taylor2711@mail.com,9383247039,Mumbai,Maharashtra,2024-12-12,Premium
2712,Pooja,Reddy,pooja.reddy2712@mail.com,9256878133,Hyderabad,Telangana,2022-04-08,Premium
2713,Amit,Taylor,amit.taylor2713@mail.com,9237765049,Lucknow,Uttar Pradesh,2024-09-03,Premium
2714,Aadhya,Chatterjee,aadhya.chatterjee2714@mail.com,9818341713,Nagpur,Maharashtra,2024-12-27,Premium
2715,Neha,Chatterjee,neha.chatterjee2715@mail.com,9389490164,Delhi,Delhi,2023-05-26,Regular
2716,Aarav,Chatterjee,aarav.chatterjee2716@mail.com,9578398223,Bengaluru,Karnataka,2022-05-06,Premium
2717,Ayaan,Kumar,ayaan.kumar2717@mail.com,9917851666,Mumbai,Maharashtra,2024-09-07,Regular
2718,Neha,Johnson,neha.johnson2718@mail.com,9306927649,Chennai,Tamil Nadu,2025-07-14,Premium
2719,Emma,Johnson,emma.johnson2719@mail.com,9461505382,Ahmedabad,Gujarat,2025-04-14,Regular
2720,Krishna,Verma,krishna.verma2720@mail.com,9362458848,Mumbai,Maharashtra,2022-03-29,Regular
2721,Rohan,Taylor,rohan.taylor2721@mail.com,9426832697,Kolkata,West Bengal,2022-05-12,Regular
2722,Divya,Patel,divya.patel2722@mail.com,9708353703,Mumbai,Maharashtra,2022-02-26,Regular
2723,John,Iyer,john.iyer2723@mail.com,9246415887,Indore,Madhya Pradesh,2022-08-24,Regular
2724,Isabella,Smith,isabella.smith2724@mail.com,9522498407,Nagpur,Maharashtra,2023-12-31,Regular
2725,Karan,Brown,karan.brown2725@mail.com,9304348728,Pune,Maharashtra,2025-04-07,Regular
2726,Rahul,Sharma,rahul.sharma2726@mail.com,9696331764,Kolkata,West Bengal,2022-06-11,New
2727,Divya,Singh,divya.singh2727@mail.com,9173856614,Chennai,Tamil Nadu,2025-12-16,Regular
2728,Pari,Singh,pari.singh2728@mail.com,9378501683,Kochi,Kerala,2023-11-02,Regular
2729,Myra,Gupta,myra.gupta2729@mail.com,9177823712,Hyderabad,Telangana,2025-01-15,Premium
2730,Vihaan,Singh,vihaan.singh2730@mail.com,9418496956,Surat,Gujarat,2023-01-11,Regular
2731,Emma,Reddy,emma.reddy2731@mail.com,9820210725,Kochi,Kerala,2022-10-05,Regular
2732,Anika,Singh,anika.singh2732@mail.com,9432889352,Ahmedabad,Gujarat,2023-08-23,Regular
2733,Emma,Singh,emma.singh2733@mail.com,9804399637,Delhi,Delhi,2022-02-08,Regular
2734,Sophia,Chatterjee,sophia.chatterjee2734@mail.com,9546338604,Jaipur,Rajasthan,2025-11-20,Premium
2735,William,Roy,william.roy2735@mail.com,9992488956,Mumbai,Maharashtra,2022-03-08,Premium
2736,James,Nair,james.nair2736@mail.com,9711045924,Nagpur,Maharashtra,2023-07-29,Regular
2737,Sneha,Verma,sneha.verma2737@mail.com,9264272446,Surat,Gujarat,2025-09-01,Regular
2738,Priya,Anderson,priya.anderson2738@mail.com,9407139956,Delhi,Delhi,2024-08-11,Regular
2739,Aditya,Kapoor,aditya.kapoor2739@mail.com,9323165768,Nagpur,Maharashtra,2023-10-15,Regular
2740,Myra,Roy,myra.roy2740@mail.com,9952485739,Indore,Madhya Pradesh,2024-01-21,New
2741,Ananya,Reddy,ananya.reddy2741@mail.com,9975171243,Jaipur,Rajasthan,2025-06-02,New
2742,Olivia,Brown,olivia.brown2742@mail.com,9463290298,Bengaluru,Karnataka,2024-07-07,Premium
2743,Ananya,Singh,ananya.singh2743@mail.com,9315867040,Bengaluru,Karnataka,2024-12-01,New
2744,Divya,Patel,divya.patel2744@mail.com,9110006500,Bengaluru,Karnataka,2022-02-03,Regular
2745,William,Chatterjee,william.chatterjee2745@mail.com,9215757024,Hyderabad,Telangana,2023-02-23,New
2746,Myra,Sharma,myra.sharma2746@mail.com,9335642938,Hyderabad,Telangana,2023-06-04,Regular
2747,Sophia,Gupta,sophia.gupta2747@mail.com,9888194386,Kochi,Kerala,2022-09-09,Premium
2748,Olivia,Anderson,olivia.anderson2748@mail.com,9492130623,Surat,Gujarat,2022-01-22,Regular
2749,Olivia,Nair,olivia.nair2749@mail.com,9933122427,Ahmedabad,Gujarat,2025-06-02,Premium
2750,James,Patel,james.patel2750@mail.com,9903580651,Mumbai,Maharashtra,2022-12-22,Regular
2751,Michael,Singh,michael.singh2751@mail.com,9160183273,Delhi,Delhi,2022-12-21,New
2752,Sneha,Roy,sneha.roy2752@mail.com,9926332891,Chennai,Tamil Nadu,2024-09-25,Regular
2753,Vivaan,Singh,vivaan.singh2753@mail.com,9390826442,Kochi,Kerala,2022-09-27,Regular
2754,Vikram,Kapoor,vikram.kapoor2754@mail.com,9592259801,Delhi,Delhi,2025-04-05,New
2755,Vivaan,Gupta,vivaan.gupta2755@mail.com,9587713812,Kochi,Kerala,2022-11-30,New
2756,Krishna,Kapoor,krishna.kapoor2756@mail.com,9155962557,Surat,Gujarat,2024-02-04,Regular
2757,Emma,Mehta,emma.mehta2757@mail.com,9809264290,Surat,Gujarat,2025-01-24,Regular
2758,Reyansh,Kumar,reyansh.kumar2758@mail.com,9789549602,Chandigarh,Punjab,2025-11-16,Regular
2759,Riya,Taylor,riya.taylor2759@mail.com,9213677953,Lucknow,Uttar Pradesh,2025-05-15,New
2760,Diya,Mehta,diya.mehta2760@mail.com,9153736958,Kolkata,West Bengal,2024-01-07,Premium
2761,Myra,Roy,myra.roy2761@mail.com,9573204730,Bengaluru,Karnataka,2025-10-19,Regular
2762,Ishaan,Smith,ishaan.smith2762@mail.com,9643087065,Nagpur,Maharashtra,2022-05-12,Regular
2763,James,Malhotra,james.malhotra2763@mail.com,9143060532,Indore,Madhya Pradesh,2025-04-12,Premium
2764,Robert,Brown,robert.brown2764@mail.com,9523272165,Indore,Madhya Pradesh,2024-12-29,Regular
2765,Riya,Das,riya.das2765@mail.com,9878148313,Kochi,Kerala,2022-10-29,New
2766,Priya,Patel,priya.patel2766@mail.com,9773452004,Hyderabad,Telangana,2024-07-13,Premium
2767,Arjun,Reddy,arjun.reddy2767@mail.com,9207083934,Bengaluru,Karnataka,2022-06-23,Regular
2768,Vihaan,Iyer,vihaan.iyer2768@mail.com,9670066556,Ahmedabad,Gujarat,2024-11-17,Regular
2769,John,Roy,john.roy2769@mail.com,9546599993,Indore,Madhya Pradesh,2025-06-11,Regular
2770,Arjun,Anderson,arjun.anderson2770@mail.com,9153132768,Nagpur,Maharashtra,2024-09-19,Regular
2771,Aditya,Patel,aditya.patel2771@mail.com,9742381335,Bengaluru,Karnataka,2023-12-23,Regular
2772,Divya,Malhotra,divya.malhotra2772@mail.com,9370388753,Kochi,Kerala,2023-12-28,Regular
2773,James,Iyer,james.iyer2773@mail.com,9630419606,Delhi,Delhi,2022-12-20,Regular
2774,Priya,Brown,priya.brown2774@mail.com,9903629496,Chennai,Tamil Nadu,2023-05-27,Regular
2775,Isabella,Reddy,isabella.reddy2775@mail.com,9275610233,Mumbai,Maharashtra,2024-01-09,New
2776,Ishaan,Nair,ishaan.nair2776@mail.com,9221318733,Kolkata,West Bengal,2022-12-27,Regular
2777,James,Mehta,james.mehta2777@mail.com,9734691587,Surat,Gujarat,2025-08-16,Regular
2778,Saanvi,Singh,saanvi.singh2778@mail.com,9894609651,Kochi,Kerala,2022-01-04,Premium
2779,Saanvi,Singh,saanvi.singh2779@mail.com,9411274300,Chennai,Tamil Nadu,2023-09-11,Regular
2780,Vivaan,Kapoor,vivaan.kapoor2780@mail.com,9639236743,Nagpur,Maharashtra,2024-11-28,Regular
2781,Karan,Chatterjee,karan.chatterjee2781@mail.com,9454972201,Mumbai,Maharashtra,2023-07-09,Regular
2782,Ananya,Sharma,ananya.sharma2782@mail.com,9501784545,Lucknow,Uttar Pradesh,2025-10-31,Regular
2783,Amit,Johnson,amit.johnson2783@mail.com,9176634497,Lucknow,Uttar Pradesh,2023-10-04,Regular
2784,Sophia,Kumar,sophia.kumar2784@mail.com,9376358226,Lucknow,Uttar Pradesh,2025-12-08,New
2785,William,Taylor,william.taylor2785@mail.com,9781461885,Chandigarh,Punjab,2023-03-05,Regular
2786,Karan,Smith,karan.smith2786@mail.com,9544652427,Hyderabad,Telangana,2023-07-03,Regular
2787,Priya,Kumar,priya.kumar2787@mail.com,9442423545,Indore,Madhya Pradesh,2022-12-16,Regular
2788,John,Chatterjee,john.chatterjee2788@mail.com,9264938514,Mumbai,Maharashtra,2024-05-06,Regular
2789,William,Johnson,william.johnson2789@mail.com,9682759363,Delhi,Delhi,2022-10-18,New
2790,Krishna,Sharma,krishna.sharma2790@mail.com,9802355819,Pune,Maharashtra,2025-03-18,Premium
2791,Ananya,Nair,ananya.nair2791@mail.com,9736223347,Chennai,Tamil Nadu,2022-08-28,Regular
2792,Emma,Singh,emma.singh2792@mail.com,9145141735,Bengaluru,Karnataka,2025-04-26,Regular
2793,Sneha,Brown,sneha.brown2793@mail.com,9349743101,Kolkata,West Bengal,2023-05-16,Regular
2794,Ishaan,Taylor,ishaan.taylor2794@mail.com,9285070646,Nagpur,Maharashtra,2025-06-28,Premium
2795,Diya,Verma,diya.verma2795@mail.com,9563281431,Kolkata,West Bengal,2022-06-05,Regular
2796,Riya,Malhotra,riya.malhotra2796@mail.com,9652302795,Mumbai,Maharashtra,2025-08-16,Premium
2797,Robert,Iyer,robert.iyer2797@mail.com,9308876887,Hyderabad,Telangana,2022-08-08,Regular
2798,Vikram,Verma,vikram.verma2798@mail.com,9146825230,Chennai,Tamil Nadu,2025-03-21,Regular
2799,Myra,Reddy,myra.reddy2799@mail.com,9168968950,Nagpur,Maharashtra,2025-08-08,Regular
2800,Ishaan,Iyer,ishaan.iyer2800@mail.com,9989955551,Bengaluru,Karnataka,2022-06-06,Regular
2801,Kiara,Das,kiara.das2801@mail.com,9811618397,Surat,Gujarat,2022-08-19,Premium
2802,Vikram,Nair,vikram.nair2802@mail.com,9567550375,Jaipur,Rajasthan,2024-05-04,Regular
2803,William,Kapoor,william.kapoor2803@mail.com,9109058194,Delhi,Delhi,2025-04-08,Regular
2804,James,Mehta,james.mehta2804@mail.com,9697292534,Jaipur,Rajasthan,2022-04-30,Regular
2805,Pari,Nair,pari.nair2805@mail.com,9998906236,Nagpur,Maharashtra,2025-10-11,Regular
2806,David,Reddy,david.reddy2806@mail.com,9712051373,Surat,Gujarat,2024-10-26,New
2807,Priya,Anderson,priya.anderson2807@mail.com,9785348949,Jaipur,Rajasthan,2024-09-10,Regular
2808,James,Das,james.das2808@mail.com,9451427352,Indore,Madhya Pradesh,2024-03-05,Premium
2809,Kiara,Brown,kiara.brown2809@mail.com,9904162114,Chennai,Tamil Nadu,2022-09-01,Premium
2810,Krishna,Singh,krishna.singh2810@mail.com,9418036205,Chandigarh,Punjab,2023-01-05,Regular
2811,Ishaan,Taylor,ishaan.taylor2811@mail.com,9968295630,Bengaluru,Karnataka,2023-01-02,Regular
2812,Diya,Sharma,diya.sharma2812@mail.com,9428176599,Kochi,Kerala,2022-05-11,Regular
2813,Ananya,Malhotra,ananya.malhotra2813@mail.com,9371587583,Jaipur,Rajasthan,2023-03-21,Premium
2814,Ayaan,Kapoor,ayaan.kapoor2814@mail.com,9886772430,Ahmedabad,Gujarat,2024-11-12,New
2815,Rohan,Iyer,rohan.iyer2815@mail.com,9196687876,Ahmedabad,Gujarat,2025-06-13,Regular
2816,Emma,Chatterjee,emma.chatterjee2816@mail.com,9754349393,Lucknow,Uttar Pradesh,2025-06-09,Regular
2817,Neha,Iyer,neha.iyer2817@mail.com,9799744320,Bengaluru,Karnataka,2024-11-18,Premium
2818,Ayaan,Roy,ayaan.roy2818@mail.com,9121370039,Mumbai,Maharashtra,2023-03-26,New
2819,Olivia,Taylor,olivia.taylor2819@mail.com,9122480683,Kochi,Kerala,2025-11-10,Premium
2820,Aarav,Verma,aarav.verma2820@mail.com,9105779569,Pune,Maharashtra,2023-02-07,Premium
2821,Vikram,Smith,vikram.smith2821@mail.com,9307652855,Jaipur,Rajasthan,2024-03-22,Regular
2822,Reyansh,Sharma,reyansh.sharma2822@mail.com,9445493050,Chandigarh,Punjab,2022-04-06,Regular
2823,Diya,Mehta,diya.mehta2823@mail.com,9362284837,Surat,Gujarat,2024-12-20,New
2824,Pooja,Sharma,pooja.sharma2824@mail.com,9481476905,Jaipur,Rajasthan,2025-11-12,Regular
2825,Emma,Malhotra,emma.malhotra2825@mail.com,9283519753,Chandigarh,Punjab,2025-03-02,Premium
2826,Vihaan,Verma,vihaan.verma2826@mail.com,9584366936,Kolkata,West Bengal,2024-12-29,Premium
2827,Ananya,Anderson,ananya.anderson2827@mail.com,9912056458,Kolkata,West Bengal,2023-05-15,New
2828,Diya,Roy,diya.roy2828@mail.com,9322059604,Surat,Gujarat,2024-10-24,Premium
2829,David,Singh,david.singh2829@mail.com,9330307055,Nagpur,Maharashtra,2024-09-17,Regular
2830,Sai,Das,sai.das2830@mail.com,9461016148,Chandigarh,Punjab,2022-08-22,New
2831,Vikram,Brown,vikram.brown2831@mail.com,9290087877,Kolkata,West Bengal,2024-07-20,Regular
2832,Olivia,Roy,olivia.roy2832@mail.com,9427172135,Indore,Madhya Pradesh,2022-08-11,Regular
2833,Arjun,Singh,arjun.singh2833@mail.com,9266486397,Chandigarh,Punjab,2024-11-01,Premium
2834,Saanvi,Patel,saanvi.patel2834@mail.com,9869761490,Lucknow,Uttar Pradesh,2022-11-09,Regular
2835,Vikram,Das,vikram.das2835@mail.com,9885001708,Hyderabad,Telangana,2023-12-17,New
2836,Isabella,Malhotra,isabella.malhotra2836@mail.com,9882030764,Nagpur,Maharashtra,2022-05-10,Regular
2837,James,Sharma,james.sharma2837@mail.com,9536004269,Surat,Gujarat,2024-09-14,Regular
2838,Reyansh,Verma,reyansh.verma2838@mail.com,9553647257,Indore,Madhya Pradesh,2025-07-12,Premium
2839,Sneha,Reddy,sneha.reddy2839@mail.com,9106736599,Chandigarh,Punjab,2025-01-07,Regular
2840,Ira,Patel,ira.patel2840@mail.com,9927129671,Delhi,Delhi,2025-06-26,Regular
2841,Karan,Anderson,karan.anderson2841@mail.com,9539967390,Delhi,Delhi,2024-08-01,New
2842,Ayaan,Johnson,ayaan.johnson2842@mail.com,9737180756,Kolkata,West Bengal,2025-04-01,New
2843,Anika,Roy,anika.roy2843@mail.com,9843865897,Chennai,Tamil Nadu,2023-12-18,Premium
2844,Diya,Sharma,diya.sharma2844@mail.com,9869003668,Nagpur,Maharashtra,2022-11-05,Premium
2845,David,Johnson,david.johnson2845@mail.com,9847250398,Nagpur,Maharashtra,2024-03-28,Regular
2846,Ananya,Malhotra,ananya.malhotra2846@mail.com,9479999237,Lucknow,Uttar Pradesh,2022-07-12,Regular
2847,Sophia,Singh,sophia.singh2847@mail.com,9430763906,Lucknow,Uttar Pradesh,2024-11-04,Premium
2848,Ananya,Smith,ananya.smith2848@mail.com,9450201211,Hyderabad,Telangana,2025-05-18,Regular
2849,Olivia,Sharma,olivia.sharma2849@mail.com,9920334754,Ahmedabad,Gujarat,2023-09-03,New
2850,Sneha,Malhotra,sneha.malhotra2850@mail.com,9124132145,Ahmedabad,Gujarat,2023-07-04,Premium
2851,Ishaan,Malhotra,ishaan.malhotra2851@mail.com,9542387788,Kolkata,West Bengal,2025-04-23,New
2852,Pari,Gupta,pari.gupta2852@mail.com,9920843243,Ahmedabad,Gujarat,2025-03-21,Premium
2853,Priya,Sharma,priya.sharma2853@mail.com,9703910915,Mumbai,Maharashtra,2025-02-07,Premium
2854,Isabella,Kapoor,isabella.kapoor2854@mail.com,9836588668,Chandigarh,Punjab,2024-10-16,Regular
2855,John,Malhotra,john.malhotra2855@mail.com,9713083580,Chennai,Tamil Nadu,2024-04-10,Regular
2856,Amit,Singh,amit.singh2856@mail.com,9961922308,Lucknow,Uttar Pradesh,2024-10-29,New
2857,Ayaan,Taylor,ayaan.taylor2857@mail.com,9596115253,Hyderabad,Telangana,2023-08-15,New
2858,Neha,Smith,neha.smith2858@mail.com,9321467715,Kolkata,West Bengal,2025-04-05,Regular
2859,Vikram,Iyer,vikram.iyer2859@mail.com,9508903050,Chennai,Tamil Nadu,2025-04-11,Regular
2860,Riya,Kapoor,riya.kapoor2860@mail.com,9439342254,Mumbai,Maharashtra,2025-05-23,Regular
2861,Amit,Brown,amit.brown2861@mail.com,9110643751,Pune,Maharashtra,2022-12-17,Regular
2862,Aditya,Reddy,aditya.reddy2862@mail.com,9527855608,Bengaluru,Karnataka,2024-07-28,Regular
2863,William,Kapoor,william.kapoor2863@mail.com,9693647102,Lucknow,Uttar Pradesh,2022-05-06,Regular
2864,Vikram,Reddy,vikram.reddy2864@mail.com,9390511130,Jaipur,Rajasthan,2023-06-02,Regular
2865,Reyansh,Patel,reyansh.patel2865@mail.com,9100584937,Jaipur,Rajasthan,2025-01-10,Premium
2866,Saanvi,Verma,saanvi.verma2866@mail.com,9454205969,Ahmedabad,Gujarat,2023-09-17,Premium
2867,Vikram,Roy,vikram.roy2867@mail.com,9354435136,Lucknow,Uttar Pradesh,2025-05-03,Premium
2868,Riya,Iyer,riya.iyer2868@mail.com,9694135942,Pune,Maharashtra,2024-05-01,New
2869,Anika,Sharma,anika.sharma2869@mail.com,9260392678,Surat,Gujarat,2024-07-04,Premium
2870,Aarav,Verma,aarav.verma2870@mail.com,9100678471,Hyderabad,Telangana,2022-04-05,Premium
2871,David,Brown,david.brown2871@mail.com,9209331091,Lucknow,Uttar Pradesh,2025-05-06,Regular
2872,Aadhya,Sharma,aadhya.sharma2872@mail.com,9483794405,Kolkata,West Bengal,2023-08-23,Regular
2873,Riya,Chatterjee,riya.chatterjee2873@mail.com,9305709493,Nagpur,Maharashtra,2024-06-16,New
2874,Kiara,Taylor,kiara.taylor2874@mail.com,9581922713,Lucknow,Uttar Pradesh,2022-04-17,Regular
2875,Rahul,Sharma,rahul.sharma2875@mail.com,9801827399,Delhi,Delhi,2024-12-23,Regular
2876,Emma,Verma,emma.verma2876@mail.com,9133532963,Delhi,Delhi,2025-07-16,Premium
2877,Olivia,Johnson,olivia.johnson2877@mail.com,9838661513,Delhi,Delhi,2022-04-08,Regular
2878,Kiara,Kapoor,kiara.kapoor2878@mail.com,9370652738,Bengaluru,Karnataka,2025-05-16,Premium
2879,Aditya,Brown,aditya.brown2879@mail.com,9619635172,Chennai,Tamil Nadu,2025-09-24,Regular
2880,Olivia,Roy,olivia.roy2880@mail.com,9530430099,Nagpur,Maharashtra,2024-02-06,Regular
2881,Aditya,Brown,aditya.brown2881@mail.com,9252217266,Indore,Madhya Pradesh,2022-09-16,Regular
2882,John,Malhotra,john.malhotra2882@mail.com,9741406682,Kolkata,West Bengal,2024-09-05,Regular
2883,Olivia,Reddy,olivia.reddy2883@mail.com,9297822758,Nagpur,Maharashtra,2023-01-06,Regular
2884,Aarav,Smith,aarav.smith2884@mail.com,9353308409,Hyderabad,Telangana,2025-07-24,Premium
2885,Kiara,Anderson,kiara.anderson2885@mail.com,9951614917,Mumbai,Maharashtra,2023-06-14,Regular
2886,Rahul,Brown,rahul.brown2886@mail.com,9425960088,Jaipur,Rajasthan,2023-08-14,Premium
2887,James,Johnson,james.johnson2887@mail.com,9741332810,Hyderabad,Telangana,2025-05-15,Regular
2888,Ananya,Iyer,ananya.iyer2888@mail.com,9984859342,Nagpur,Maharashtra,2023-04-20,Regular
2889,James,Sharma,james.sharma2889@mail.com,9625165952,Nagpur,Maharashtra,2022-06-17,New
2890,Kiara,Smith,kiara.smith2890@mail.com,9882386441,Pune,Maharashtra,2023-03-23,Regular
2891,Karan,Verma,karan.verma2891@mail.com,9103569442,Kochi,Kerala,2023-05-26,Regular
2892,Diya,Gupta,diya.gupta2892@mail.com,9173003126,Surat,Gujarat,2024-08-25,Regular
2893,Ishaan,Anderson,ishaan.anderson2893@mail.com,9631130130,Bengaluru,Karnataka,2024-05-21,Premium
2894,Vikram,Roy,vikram.roy2894@mail.com,9885449020,Hyderabad,Telangana,2025-06-18,Regular
2895,James,Smith,james.smith2895@mail.com,9695007427,Pune,Maharashtra,2022-12-17,Regular
2896,Pari,Reddy,pari.reddy2896@mail.com,9831505779,Nagpur,Maharashtra,2023-12-11,Regular
2897,James,Iyer,james.iyer2897@mail.com,9536025317,Delhi,Delhi,2024-10-25,Regular
2898,Michael,Malhotra,michael.malhotra2898@mail.com,9190230175,Ahmedabad,Gujarat,2022-05-17,Regular
2899,Vihaan,Das,vihaan.das2899@mail.com,9783685858,Mumbai,Maharashtra,2024-01-14,Regular
2900,Sai,Mehta,sai.mehta2900@mail.com,9581290660,Ahmedabad,Gujarat,2023-09-22,Regular
2901,Myra,Johnson,myra.johnson2901@mail.com,9785722215,Hyderabad,Telangana,2024-01-01,Premium
2902,Pari,Anderson,pari.anderson2902@mail.com,9667928246,Kochi,Kerala,2023-08-29,Regular
2903,Isabella,Iyer,isabella.iyer2903@mail.com,9482689226,Lucknow,Uttar Pradesh,2023-09-07,Premium
2904,Rohan,Anderson,rohan.anderson2904@mail.com,9314145782,Chennai,Tamil Nadu,2023-08-16,New
2905,Karan,Singh,karan.singh2905@mail.com,9139349446,Pune,Maharashtra,2023-04-19,Regular
2906,Vikram,Sharma,vikram.sharma2906@mail.com,9338634331,Hyderabad,Telangana,2022-09-13,Regular
2907,Emma,Gupta,emma.gupta2907@mail.com,9945588120,Delhi,Delhi,2025-11-10,Regular
2908,Neha,Malhotra,neha.malhotra2908@mail.com,9295657042,Kolkata,West Bengal,2022-03-18,Regular
2909,Amit,Roy,amit.roy2909@mail.com,9287993480,Indore,Madhya Pradesh,2025-02-14,Regular
2910,Diya,Kumar,diya.kumar2910@mail.com,9683369363,Ahmedabad,Gujarat,2023-02-07,Regular
2911,Pooja,Taylor,pooja.taylor2911@mail.com,9297519631,Pune,Maharashtra,2025-11-02,Regular
2912,Diya,Iyer,diya.iyer2912@mail.com,9577998010,Kochi,Kerala,2023-09-19,Regular
2913,Aadhya,Smith,aadhya.smith2913@mail.com,9882691805,Hyderabad,Telangana,2024-09-15,New
2914,Amit,Verma,amit.verma2914@mail.com,9209013966,Jaipur,Rajasthan,2025-03-02,New
2915,John,Taylor,john.taylor2915@mail.com,9836113452,Ahmedabad,Gujarat,2023-01-21,Regular
2916,David,Kumar,david.kumar2916@mail.com,9194083770,Kochi,Kerala,2024-09-08,Regular
2917,David,Reddy,david.reddy2917@mail.com,9736181145,Indore,Madhya Pradesh,2024-03-25,Premium
2918,Arjun,Kapoor,arjun.kapoor2918@mail.com,9341037744,Hyderabad,Telangana,2024-03-22,Regular
2919,Karan,Chatterjee,karan.chatterjee2919@mail.com,9375900673,Surat,Gujarat,2024-02-10,Premium
2920,Olivia,Mehta,olivia.mehta2920@mail.com,9466634575,Mumbai,Maharashtra,2025-06-02,Premium
2921,Sneha,Sharma,sneha.sharma2921@mail.com,9840338262,Mumbai,Maharashtra,2022-08-18,Regular
2922,Karan,Roy,karan.roy2922@mail.com,9465377519,Ahmedabad,Gujarat,2023-04-12,Premium
2923,Vikram,Patel,vikram.patel2923@mail.com,9994062201,Surat,Gujarat,2025-11-01,Premium
2924,Ananya,Iyer,ananya.iyer2924@mail.com,9856206028,Delhi,Delhi,2025-01-11,Premium
2925,Neha,Kapoor,neha.kapoor2925@mail.com,9408689865,Bengaluru,Karnataka,2025-08-25,Regular
2926,Ira,Das,ira.das2926@mail.com,9933737960,Jaipur,Rajasthan,2023-09-02,Premium
2927,Divya,Anderson,divya.anderson2927@mail.com,9725818533,Pune,Maharashtra,2024-06-16,Regular
2928,Michael,Kumar,michael.kumar2928@mail.com,9452824489,Chandigarh,Punjab,2025-12-25,Premium
2929,Neha,Nair,neha.nair2929@mail.com,9656534054,Kochi,Kerala,2022-08-16,New
2930,Vihaan,Reddy,vihaan.reddy2930@mail.com,9254038170,Delhi,Delhi,2024-06-22,Premium
2931,Isabella,Roy,isabella.roy2931@mail.com,9754126431,Chandigarh,Punjab,2025-09-18,New
2932,Arjun,Nair,arjun.nair2932@mail.com,9421306214,Jaipur,Rajasthan,2025-01-11,Regular
2933,Karan,Anderson,karan.anderson2933@mail.com,9187992381,Ahmedabad,Gujarat,2022-01-30,New
2934,Sneha,Das,sneha.das2934@mail.com,9421315842,Surat,Gujarat,2023-06-22,New
2935,Reyansh,Mehta,reyansh.mehta2935@mail.com,9953415402,Surat,Gujarat,2023-02-27,Regular
2936,Ananya,Das,ananya.das2936@mail.com,9520067776,Jaipur,Rajasthan,2022-08-03,Regular
2937,Aadhya,Sharma,aadhya.sharma2937@mail.com,9325399930,Jaipur,Rajasthan,2024-10-26,Regular
2938,Olivia,Roy,olivia.roy2938@mail.com,9222489176,Indore,Madhya Pradesh,2022-06-17,Premium
2939,Divya,Kumar,divya.kumar2939@mail.com,9995814380,Jaipur,Rajasthan,2022-06-13,Regular
2940,Robert,Chatterjee,robert.chatterjee2940@mail.com,9112193966,Surat,Gujarat,2022-02-16,Premium
2941,Divya,Chatterjee,divya.chatterjee2941@mail.com,9776752672,Nagpur,Maharashtra,2022-12-08,New
2942,Sophia,Anderson,sophia.anderson2942@mail.com,9719648027,Mumbai,Maharashtra,2024-01-29,Regular
2943,Pooja,Taylor,pooja.taylor2943@mail.com,9554148187,Lucknow,Uttar Pradesh,2023-03-02,Regular
2944,Michael,Gupta,michael.gupta2944@mail.com,9774314302,Nagpur,Maharashtra,2025-09-07,Regular
2945,Amit,Roy,amit.roy2945@mail.com,9906227616,Mumbai,Maharashtra,2024-08-09,New
2946,Aarav,Smith,aarav.smith2946@mail.com,9309550241,Bengaluru,Karnataka,2025-10-10,Regular
2947,Ayaan,Iyer,ayaan.iyer2947@mail.com,9718124470,Hyderabad,Telangana,2025-04-12,Regular
2948,Anika,Roy,anika.roy2948@mail.com,9234915899,Nagpur,Maharashtra,2025-03-20,New
2949,Pari,Nair,pari.nair2949@mail.com,9793978998,Nagpur,Maharashtra,2023-10-08,Regular
2950,Anika,Taylor,anika.taylor2950@mail.com,9145379053,Lucknow,Uttar Pradesh,2022-05-01,Premium
2951,James,Roy,james.roy2951@mail.com,9956417659,Delhi,Delhi,2024-10-25,Premium
2952,Aditya,Kapoor,aditya.kapoor2952@mail.com,9451908445,Mumbai,Maharashtra,2022-10-05,Regular
2953,Isabella,Singh,isabella.singh2953@mail.com,9529991641,Delhi,Delhi,2023-12-04,New
2954,Neha,Kumar,neha.kumar2954@mail.com,9320805967,Kolkata,West Bengal,2024-04-03,Regular
2955,Sophia,Gupta,sophia.gupta2955@mail.com,9333037366,Kochi,Kerala,2023-12-16,Regular
2956,Karan,Brown,karan.brown2956@mail.com,9710261100,Hyderabad,Telangana,2023-03-05,Regular
2957,Divya,Verma,divya.verma2957@mail.com,9856251949,Mumbai,Maharashtra,2025-07-07,Regular
2958,James,Taylor,james.taylor2958@mail.com,9197009970,Pune,Maharashtra,2025-07-20,New
2959,Sophia,Patel,sophia.patel2959@mail.com,9192286195,Chandigarh,Punjab,2023-11-16,New
2960,David,Patel,david.patel2960@mail.com,9727906148,Ahmedabad,Gujarat,2025-03-09,Regular
2961,John,Iyer,john.iyer2961@mail.com,9208729236,Kolkata,West Bengal,2023-08-18,Regular
2962,Divya,Verma,divya.verma2962@mail.com,9808696059,Bengaluru,Karnataka,2024-11-06,New
2963,Rahul,Kumar,rahul.kumar2963@mail.com,9295110449,Ahmedabad,Gujarat,2022-02-27,New
2964,Vikram,Malhotra,vikram.malhotra2964@mail.com,9552930293,Indore,Madhya Pradesh,2025-08-24,Regular
2965,Aarav,Smith,aarav.smith2965@mail.com,9367763303,Chennai,Tamil Nadu,2022-12-29,Regular
2966,David,Mehta,david.mehta2966@mail.com,9375333978,Delhi,Delhi,2025-12-14,Premium
2967,Arjun,Verma,arjun.verma2967@mail.com,9212574430,Lucknow,Uttar Pradesh,2025-11-27,Regular
2968,James,Singh,james.singh2968@mail.com,9459448074,Jaipur,Rajasthan,2025-07-24,New
2969,Emma,Mehta,emma.mehta2969@mail.com,9146013804,Pune,Maharashtra,2022-09-12,Regular
2970,Pooja,Roy,pooja.roy2970@mail.com,9101312566,Bengaluru,Karnataka,2024-10-01,New
2971,Aarav,Mehta,aarav.mehta2971@mail.com,9253233612,Ahmedabad,Gujarat,2024-05-09,Regular
2972,Krishna,Das,krishna.das2972@mail.com,9210003340,Chennai,Tamil Nadu,2025-07-21,Regular
2973,Ira,Anderson,ira.anderson2973@mail.com,9224617663,Jaipur,Rajasthan,2025-03-31,Regular
2974,James,Singh,james.singh2974@mail.com,9123201132,Lucknow,Uttar Pradesh,2024-04-23,Premium
2975,Aditya,Taylor,aditya.taylor2975@mail.com,9631821223,Kolkata,West Bengal,2023-06-17,Premium
2976,Karan,Sharma,karan.sharma2976@mail.com,9711676151,Bengaluru,Karnataka,2022-12-21,Regular
2977,Ira,Malhotra,ira.malhotra2977@mail.com,9646692980,Ahmedabad,Gujarat,2023-07-07,New
2978,John,Iyer,john.iyer2978@mail.com,9859040836,Hyderabad,Telangana,2023-11-05,Regular
2979,Isabella,Nair,isabella.nair2979@mail.com,9627164268,Delhi,Delhi,2024-07-17,Regular
2980,Saanvi,Sharma,saanvi.sharma2980@mail.com,9789131248,Kolkata,West Bengal,2025-02-06,New
2981,Ayaan,Iyer,ayaan.iyer2981@mail.com,9913422740,Kolkata,West Bengal,2023-07-09,Premium
2982,Aditya,Singh,aditya.singh2982@mail.com,9427563057,Hyderabad,Telangana,2025-04-24,Regular
2983,Neha,Gupta,neha.gupta2983@mail.com,9644663192,Ahmedabad,Gujarat,2023-02-25,Regular
2984,Sophia,Johnson,sophia.johnson2984@mail.com,9649722837,Hyderabad,Telangana,2023-04-25,Regular
2985,Kiara,Kumar,kiara.kumar2985@mail.com,9582654600,Mumbai,Maharashtra,2023-05-30,Regular
2986,Aarav,Malhotra,aarav.malhotra2986@mail.com,9113374929,Lucknow,Uttar Pradesh,2022-08-19,New
2987,John,Singh,john.singh2987@mail.com,9650454911,Nagpur,Maharashtra,2025-07-28,New
2988,Vivaan,Reddy,vivaan.reddy2988@mail.com,9685136792,Bengaluru,Karnataka,2024-03-21,Regular
2989,Riya,Reddy,riya.reddy2989@mail.com,9142433446,Surat,Gujarat,2023-06-21,Regular
2990,Ananya,Patel,ananya.patel2990@mail.com,9191260018,Lucknow,Uttar Pradesh,2022-03-13,Premium
2991,John,Anderson,john.anderson2991@mail.com,9595881130,Bengaluru,Karnataka,2022-01-15,Regular
2992,Ira,Gupta,ira.gupta2992@mail.com,9121131527,Mumbai,Maharashtra,2025-12-19,Premium
2993,Sneha,Mehta,sneha.mehta2993@mail.com,9207057192,Lucknow,Uttar Pradesh,2023-03-17,Regular
2994,Michael,Patel,michael.patel2994@mail.com,9691458123,Chandigarh,Punjab,2022-06-04,Regular
2995,Rahul,Malhotra,rahul.malhotra2995@mail.com,9432394369,Delhi,Delhi,2025-07-23,New
2996,Ishaan,Mehta,ishaan.mehta2996@mail.com,9684100671,Ahmedabad,Gujarat,2022-02-27,Premium
2997,Pooja,Kumar,pooja.kumar2997@mail.com,9262160092,Kochi,Kerala,2024-03-09,New
2998,Rohan,Taylor,rohan.taylor2998@mail.com,9319780028,Bengaluru,Karnataka,2022-12-30,Regular
2999,Priya,Kapoor,priya.kapoor2999@mail.com,9951961446,Bengaluru,Karnataka,2023-01-15,Regular
3000,Riya,Singh,riya.singh3000@mail.com,9285103793,Kolkata,West Bengal,2022-07-24,Regular
3001,Divya,Verma,divya.verma3001@mail.com,9138059895,Hyderabad,Telangana,2023-09-18,Regular
3002,Olivia,Iyer,olivia.iyer3002@mail.com,9838242891,Kolkata,West Bengal,2023-03-17,Regular
3003,Aarav,Nair,aarav.nair3003@mail.com,9686429833,Kolkata,West Bengal,2024-07-07,Premium
3004,Ananya,Verma,ananya.verma3004@mail.com,9262614360,Indore,Madhya Pradesh,2022-03-13,Regular
3005,Robert,Patel,robert.patel3005@mail.com,9519751154,Surat,Gujarat,2024-04-28,Premium
3006,Arjun,Chatterjee,arjun.chatterjee3006@mail.com,9486966858,Hyderabad,Telangana,2024-04-18,New
3007,Sneha,Sharma,sneha.sharma3007@mail.com,9110712073,Pune,Maharashtra,2024-08-10,Regular
3008,James,Sharma,james.sharma3008@mail.com,9164352029,Delhi,Delhi,2024-10-10,Regular
3009,Robert,Chatterjee,robert.chatterjee3009@mail.com,9113233072,Mumbai,Maharashtra,2024-08-02,Regular
3010,Isabella,Gupta,isabella.gupta3010@mail.com,9303481116,Indore,Madhya Pradesh,2022-03-12,Premium
3011,Ananya,Reddy,ananya.reddy3011@mail.com,9200420837,Delhi,Delhi,2023-02-23,Regular
3012,David,Chatterjee,david.chatterjee3012@mail.com,9144298773,Kochi,Kerala,2024-11-09,Regular
3013,Arjun,Brown,arjun.brown3013@mail.com,9632161763,Bengaluru,Karnataka,2023-01-16,Regular
3014,Riya,Smith,riya.smith3014@mail.com,9862297878,Indore,Madhya Pradesh,2023-07-27,Premium
3015,Ayaan,Kumar,ayaan.kumar3015@mail.com,9219141685,Lucknow,Uttar Pradesh,2022-12-09,Regular
3016,Arjun,Kumar,arjun.kumar3016@mail.com,9995752574,Mumbai,Maharashtra,2024-07-20,Regular
3017,Anika,Taylor,anika.taylor3017@mail.com,9157760413,Bengaluru,Karnataka,2023-04-07,Premium
3018,Kiara,Nair,kiara.nair3018@mail.com,9297211078,Pune,Maharashtra,2022-10-23,Regular
3019,William,Sharma,william.sharma3019@mail.com,9254694774,Pune,Maharashtra,2023-01-06,Regular
3020,Sneha,Mehta,sneha.mehta3020@mail.com,9911028142,Delhi,Delhi,2022-10-18,New
3021,Vivaan,Chatterjee,vivaan.chatterjee3021@mail.com,9391625249,Chennai,Tamil Nadu,2024-07-02,Premium
3022,Rahul,Reddy,rahul.reddy3022@mail.com,9503541834,Lucknow,Uttar Pradesh,2022-02-16,Regular
3023,Diya,Taylor,diya.taylor3023@mail.com,9788862069,Chandigarh,Punjab,2023-12-25,Regular
3024,Myra,Nair,myra.nair3024@mail.com,9605007363,Kolkata,West Bengal,2022-06-11,Premium
3025,Karan,Kapoor,karan.kapoor3025@mail.com,9873308960,Jaipur,Rajasthan,2022-02-19,New
3026,Krishna,Mehta,krishna.mehta3026@mail.com,9470383380,Nagpur,Maharashtra,2025-11-18,Regular
3027,Vikram,Johnson,vikram.johnson3027@mail.com,9220201918,Kolkata,West Bengal,2022-03-17,Regular
3028,Reyansh,Chatterjee,reyansh.chatterjee3028@mail.com,9816631231,Delhi,Delhi,2023-10-17,New
3029,Vikram,Chatterjee,vikram.chatterjee3029@mail.com,9197623316,Bengaluru,Karnataka,2024-05-30,Regular
3030,William,Kapoor,william.kapoor3030@mail.com,9886523220,Lucknow,Uttar Pradesh,2025-01-02,New
3031,Riya,Kumar,riya.kumar3031@mail.com,9697003247,Kolkata,West Bengal,2024-11-18,Premium
3032,Krishna,Singh,krishna.singh3032@mail.com,9597796336,Kolkata,West Bengal,2022-05-01,New
3033,Amit,Das,amit.das3033@mail.com,9389088110,Chennai,Tamil Nadu,2024-07-23,Regular
3034,Amit,Patel,amit.patel3034@mail.com,9570644657,Nagpur,Maharashtra,2025-09-08,Premium
3035,Sai,Chatterjee,sai.chatterjee3035@mail.com,9217612804,Lucknow,Uttar Pradesh,2022-03-08,Regular
3036,Divya,Chatterjee,divya.chatterjee3036@mail.com,9240262356,Delhi,Delhi,2024-06-14,Regular
3037,Vihaan,Brown,vihaan.brown3037@mail.com,9713407874,Kochi,Kerala,2024-12-19,New
3038,Saanvi,Brown,saanvi.brown3038@mail.com,9752759275,Kochi,Kerala,2025-07-04,Regular
3039,Saanvi,Smith,saanvi.smith3039@mail.com,9347455860,Chennai,Tamil Nadu,2025-01-11,Regular
3040,Olivia,Mehta,olivia.mehta3040@mail.com,9582160940,Mumbai,Maharashtra,2024-10-29,Regular
3041,Myra,Chatterjee,myra.chatterjee3041@mail.com,9666703831,Kolkata,West Bengal,2023-10-15,Regular
3042,Diya,Nair,diya.nair3042@mail.com,9867098228,Nagpur,Maharashtra,2022-01-20,Regular
3043,Ananya,Singh,ananya.singh3043@mail.com,9898305910,Kochi,Kerala,2024-10-03,Premium
3044,Ishaan,Sharma,ishaan.sharma3044@mail.com,9485773547,Surat,Gujarat,2023-11-05,Regular
3045,Aadhya,Singh,aadhya.singh3045@mail.com,9102124225,Mumbai,Maharashtra,2022-02-12,Regular
3046,Neha,Brown,neha.brown3046@mail.com,9367003960,Indore,Madhya Pradesh,2023-08-21,Premium
3047,William,Anderson,william.anderson3047@mail.com,9356917100,Lucknow,Uttar Pradesh,2022-08-16,Premium
3048,Aarav,Das,aarav.das3048@mail.com,9659518569,Lucknow,Uttar Pradesh,2025-03-09,New
3049,Ayaan,Mehta,ayaan.mehta3049@mail.com,9227894411,Kolkata,West Bengal,2022-01-06,Regular
3050,Sai,Brown,sai.brown3050@mail.com,9709581924,Indore,Madhya Pradesh,2025-07-09,Regular
3051,Anika,Nair,anika.nair3051@mail.com,9836061813,Ahmedabad,Gujarat,2023-02-17,New
3052,Sneha,Roy,sneha.roy3052@mail.com,9930361458,Lucknow,Uttar Pradesh,2024-07-30,Premium
3053,Divya,Verma,divya.verma3053@mail.com,9516831500,Mumbai,Maharashtra,2025-01-14,Premium
3054,Robert,Kapoor,robert.kapoor3054@mail.com,9683392565,Nagpur,Maharashtra,2022-06-18,New
3055,Pooja,Taylor,pooja.taylor3055@mail.com,9615427110,Chennai,Tamil Nadu,2024-03-06,Regular
3056,Vihaan,Sharma,vihaan.sharma3056@mail.com,9740728845,Nagpur,Maharashtra,2025-04-22,Regular
3057,Myra,Patel,myra.patel3057@mail.com,9566607438,Delhi,Delhi,2022-07-18,Premium
3058,Anika,Anderson,anika.anderson3058@mail.com,9188564299,Surat,Gujarat,2022-07-16,Regular
3059,Sai,Smith,sai.smith3059@mail.com,9199285593,Chandigarh,Punjab,2025-05-22,Premium
3060,Michael,Mehta,michael.mehta3060@mail.com,9454040691,Jaipur,Rajasthan,2022-10-17,Premium
3061,Pari,Nair,pari.nair3061@mail.com,9119511081,Hyderabad,Telangana,2025-07-26,Regular
3062,Aarav,Gupta,aarav.gupta3062@mail.com,9489788510,Hyderabad,Telangana,2023-10-26,Premium
3063,Ira,Taylor,ira.taylor3063@mail.com,9541432245,Mumbai,Maharashtra,2024-07-03,Regular
3064,Rohan,Malhotra,rohan.malhotra3064@mail.com,9741271309,Chennai,Tamil Nadu,2023-08-04,Premium
3065,Ira,Brown,ira.brown3065@mail.com,9563794658,Ahmedabad,Gujarat,2022-10-31,Premium
3066,Reyansh,Verma,reyansh.verma3066@mail.com,9691134013,Bengaluru,Karnataka,2023-07-01,New
3067,Vivaan,Nair,vivaan.nair3067@mail.com,9858426762,Indore,Madhya Pradesh,2025-01-09,New
3068,Amit,Nair,amit.nair3068@mail.com,9247932385,Chandigarh,Punjab,2023-04-01,Regular
3069,Karan,Kapoor,karan.kapoor3069@mail.com,9101211822,Bengaluru,Karnataka,2024-03-11,Regular
3070,Neha,Johnson,neha.johnson3070@mail.com,9637726803,Surat,Gujarat,2022-05-24,Regular
3071,James,Nair,james.nair3071@mail.com,9602048377,Hyderabad,Telangana,2024-01-05,Premium
3072,Saanvi,Taylor,saanvi.taylor3072@mail.com,9434549002,Bengaluru,Karnataka,2023-04-01,Regular
3073,Isabella,Sharma,isabella.sharma3073@mail.com,9109042266,Chennai,Tamil Nadu,2022-06-28,Regular
3074,Reyansh,Roy,reyansh.roy3074@mail.com,9249775416,Jaipur,Rajasthan,2025-12-07,Regular
3075,Pooja,Iyer,pooja.iyer3075@mail.com,9837251149,Kolkata,West Bengal,2022-05-23,Premium
3076,James,Johnson,james.johnson3076@mail.com,9706085186,Mumbai,Maharashtra,2023-08-11,Premium
3077,William,Iyer,william.iyer3077@mail.com,9134045293,Mumbai,Maharashtra,2024-08-09,Premium
3078,Myra,Verma,myra.verma3078@mail.com,9384007049,Kolkata,West Bengal,2024-04-16,Regular
3079,Sai,Nair,sai.nair3079@mail.com,9702967881,Hyderabad,Telangana,2024-12-05,Regular
3080,Sai,Sharma,sai.sharma3080@mail.com,9196348005,Kochi,Kerala,2022-12-26,Regular
3081,Krishna,Chatterjee,krishna.chatterjee3081@mail.com,9889208931,Surat,Gujarat,2025-07-08,Regular
3082,John,Gupta,john.gupta3082@mail.com,9234318070,Mumbai,Maharashtra,2025-09-03,New
3083,Vikram,Johnson,vikram.johnson3083@mail.com,9112378468,Ahmedabad,Gujarat,2024-05-29,Regular
3084,James,Patel,james.patel3084@mail.com,9974988696,Indore,Madhya Pradesh,2023-06-14,Regular
3085,Aditya,Kapoor,aditya.kapoor3085@mail.com,9803399213,Bengaluru,Karnataka,2022-10-23,New
3086,Emma,Patel,emma.patel3086@mail.com,9780766368,Chennai,Tamil Nadu,2024-02-24,New
3087,Vivaan,Iyer,vivaan.iyer3087@mail.com,9767909542,Delhi,Delhi,2023-11-13,Regular
3088,Michael,Kumar,michael.kumar3088@mail.com,9872212025,Kochi,Kerala,2025-07-05,New
3089,Pari,Kumar,pari.kumar3089@mail.com,9259880979,Chennai,Tamil Nadu,2023-04-27,Regular
3090,Emma,Gupta,emma.gupta3090@mail.com,9627388732,Kolkata,West Bengal,2024-12-31,Regular
3091,James,Iyer,james.iyer3091@mail.com,9904719299,Chandigarh,Punjab,2022-09-16,New
3092,Diya,Brown,diya.brown3092@mail.com,9586472900,Mumbai,Maharashtra,2024-11-09,Regular
3093,Emma,Brown,emma.brown3093@mail.com,9476971843,Surat,Gujarat,2025-12-02,Premium
3094,Ishaan,Nair,ishaan.nair3094@mail.com,9396419255,Delhi,Delhi,2025-06-26,New
3095,Emma,Roy,emma.roy3095@mail.com,9574591565,Jaipur,Rajasthan,2023-07-07,Premium
3096,Kiara,Kumar,kiara.kumar3096@mail.com,9601524962,Nagpur,Maharashtra,2022-06-14,Premium
3097,Sneha,Verma,sneha.verma3097@mail.com,9786241228,Hyderabad,Telangana,2024-01-11,Regular
3098,Emma,Iyer,emma.iyer3098@mail.com,9965732675,Jaipur,Rajasthan,2023-09-14,Regular
3099,Rahul,Kapoor,rahul.kapoor3099@mail.com,9256309347,Bengaluru,Karnataka,2023-04-27,Regular
3100,Ira,Singh,ira.singh3100@mail.com,9430282480,Mumbai,Maharashtra,2023-09-22,Premium
3101,David,Roy,david.roy3101@mail.com,9263595705,Delhi,Delhi,2022-11-05,Regular
3102,Olivia,Mehta,olivia.mehta3102@mail.com,9749185641,Kochi,Kerala,2023-12-31,Regular
3103,Riya,Chatterjee,riya.chatterjee3103@mail.com,9943590330,Bengaluru,Karnataka,2022-02-05,New
3104,Ira,Kapoor,ira.kapoor3104@mail.com,9790220666,Nagpur,Maharashtra,2022-06-30,Premium
3105,Reyansh,Malhotra,reyansh.malhotra3105@mail.com,9629416590,Indore,Madhya Pradesh,2023-02-05,Regular
3106,Sai,Das,sai.das3106@mail.com,9257573462,Ahmedabad,Gujarat,2023-05-26,Regular
3107,Olivia,Patel,olivia.patel3107@mail.com,9429341319,Hyderabad,Telangana,2023-11-22,Premium
3108,Kiara,Das,kiara.das3108@mail.com,9639759503,Indore,Madhya Pradesh,2023-01-02,Premium
3109,Neha,Das,neha.das3109@mail.com,9397670698,Lucknow,Uttar Pradesh,2024-05-09,Regular
3110,William,Brown,william.brown3110@mail.com,9378818931,Nagpur,Maharashtra,2022-02-07,Regular
3111,Reyansh,Iyer,reyansh.iyer3111@mail.com,9146968041,Bengaluru,Karnataka,2022-07-06,Regular
3112,Michael,Kapoor,michael.kapoor3112@mail.com,9310532121,Chandigarh,Punjab,2023-07-26,Regular
3113,Diya,Patel,diya.patel3113@mail.com,9131468795,Delhi,Delhi,2025-12-21,Regular
3114,Pari,Malhotra,pari.malhotra3114@mail.com,9898836185,Jaipur,Rajasthan,2024-05-18,Regular
3115,Anika,Kumar,anika.kumar3115@mail.com,9252769430,Delhi,Delhi,2025-08-07,New
3116,David,Verma,david.verma3116@mail.com,9162764682,Hyderabad,Telangana,2022-12-01,Regular
3117,Saanvi,Iyer,saanvi.iyer3117@mail.com,9738526881,Ahmedabad,Gujarat,2025-02-01,New
3118,Divya,Malhotra,divya.malhotra3118@mail.com,9153148771,Delhi,Delhi,2022-07-03,New
3119,Aditya,Sharma,aditya.sharma3119@mail.com,9325331808,Chennai,Tamil Nadu,2024-08-30,New
3120,Anika,Iyer,anika.iyer3120@mail.com,9905534487,Kochi,Kerala,2024-10-13,Premium
3121,Sneha,Anderson,sneha.anderson3121@mail.com,9918113517,Chandigarh,Punjab,2025-02-10,Regular
3122,Reyansh,Brown,reyansh.brown3122@mail.com,9267061425,Indore,Madhya Pradesh,2023-12-28,Premium
3123,Divya,Verma,divya.verma3123@mail.com,9874982328,Jaipur,Rajasthan,2023-06-14,Regular
3124,Kiara,Anderson,kiara.anderson3124@mail.com,9982052713,Jaipur,Rajasthan,2023-11-05,New
3125,Aarav,Iyer,aarav.iyer3125@mail.com,9182722485,Hyderabad,Telangana,2024-06-15,Regular
3126,Robert,Das,robert.das3126@mail.com,9277863692,Kochi,Kerala,2022-09-02,Regular
3127,Ananya,Roy,ananya.roy3127@mail.com,9667455943,Chandigarh,Punjab,2024-06-27,Regular
3128,Aarav,Kumar,aarav.kumar3128@mail.com,9247748824,Indore,Madhya Pradesh,2024-08-16,Premium
3129,Vihaan,Patel,vihaan.patel3129@mail.com,9602455623,Delhi,Delhi,2024-04-30,Regular
3130,Vivaan,Roy,vivaan.roy3130@mail.com,9841160403,Jaipur,Rajasthan,2022-08-16,Premium
3131,Rahul,Nair,rahul.nair3131@mail.com,9239348578,Surat,Gujarat,2023-02-20,Premium
3132,Sneha,Brown,sneha.brown3132@mail.com,9369846581,Ahmedabad,Gujarat,2024-10-01,Premium
3133,Vikram,Singh,vikram.singh3133@mail.com,9620941587,Pune,Maharashtra,2023-04-10,Regular
3134,Emma,Roy,emma.roy3134@mail.com,9213862140,Surat,Gujarat,2022-01-15,Regular
3135,Kiara,Roy,kiara.roy3135@mail.com,9116024901,Chandigarh,Punjab,2025-01-29,Regular
3136,John,Anderson,john.anderson3136@mail.com,9637409177,Mumbai,Maharashtra,2022-01-31,Regular
3137,Riya,Kapoor,riya.kapoor3137@mail.com,9308471970,Indore,Madhya Pradesh,2022-10-04,Regular
3138,William,Reddy,william.reddy3138@mail.com,9274235288,Nagpur,Maharashtra,2022-09-06,Regular
3139,Aditya,Brown,aditya.brown3139@mail.com,9746891673,Chandigarh,Punjab,2024-02-23,Premium
3140,Isabella,Mehta,isabella.mehta3140@mail.com,9527790327,Chandigarh,Punjab,2024-08-24,Regular
3141,Sophia,Johnson,sophia.johnson3141@mail.com,9171181802,Kolkata,West Bengal,2025-06-23,Premium
3142,Anika,Chatterjee,anika.chatterjee3142@mail.com,9491569078,Kochi,Kerala,2022-10-18,Regular
3143,Vihaan,Iyer,vihaan.iyer3143@mail.com,9536553669,Surat,Gujarat,2023-09-03,New
3144,David,Gupta,david.gupta3144@mail.com,9104737159,Ahmedabad,Gujarat,2022-01-20,Regular
3145,Michael,Verma,michael.verma3145@mail.com,9973349521,Chandigarh,Punjab,2024-12-06,Premium
3146,Ananya,Kapoor,ananya.kapoor3146@mail.com,9327505823,Kochi,Kerala,2025-11-24,Regular
3147,Vikram,Patel,vikram.patel3147@mail.com,9720501769,Bengaluru,Karnataka,2023-08-14,Regular
3148,Kiara,Das,kiara.das3148@mail.com,9170822311,Hyderabad,Telangana,2022-02-18,Regular
3149,Reyansh,Taylor,reyansh.taylor3149@mail.com,9744982771,Indore,Madhya Pradesh,2022-06-02,New
3150,James,Patel,james.patel3150@mail.com,9150305579,Bengaluru,Karnataka,2022-07-26,Regular
3151,Arjun,Brown,arjun.brown3151@mail.com,9611392277,Kochi,Kerala,2024-01-17,Premium
3152,Pooja,Brown,pooja.brown3152@mail.com,9849778765,Chennai,Tamil Nadu,2024-04-07,Premium
3153,Anika,Patel,anika.patel3153@mail.com,9816987454,Nagpur,Maharashtra,2025-06-12,New
3154,Myra,Kapoor,myra.kapoor3154@mail.com,9690504980,Delhi,Delhi,2022-07-11,Regular
3155,Vivaan,Iyer,vivaan.iyer3155@mail.com,9917175575,Chennai,Tamil Nadu,2024-10-18,Regular
3156,Ishaan,Kumar,ishaan.kumar3156@mail.com,9642845581,Nagpur,Maharashtra,2025-04-13,Premium
3157,Ayaan,Smith,ayaan.smith3157@mail.com,9607298616,Hyderabad,Telangana,2025-02-04,Regular
3158,Ayaan,Nair,ayaan.nair3158@mail.com,9686272335,Indore,Madhya Pradesh,2022-06-06,New
3159,Priya,Smith,priya.smith3159@mail.com,9966702929,Delhi,Delhi,2022-10-02,Regular
3160,Michael,Chatterjee,michael.chatterjee3160@mail.com,9634455575,Jaipur,Rajasthan,2022-07-21,Regular
3161,Riya,Nair,riya.nair3161@mail.com,9504135528,Nagpur,Maharashtra,2025-08-02,Regular
3162,Karan,Anderson,karan.anderson3162@mail.com,9272632082,Hyderabad,Telangana,2024-02-25,Regular
3163,Kiara,Kapoor,kiara.kapoor3163@mail.com,9567219082,Indore,Madhya Pradesh,2024-01-28,Premium
3164,Olivia,Anderson,olivia.anderson3164@mail.com,9603116571,Bengaluru,Karnataka,2022-03-17,Regular
3165,Sophia,Iyer,sophia.iyer3165@mail.com,9129330836,Ahmedabad,Gujarat,2023-02-21,Regular
3166,Amit,Anderson,amit.anderson3166@mail.com,9231536644,Pune,Maharashtra,2024-02-26,New
3167,Rahul,Roy,rahul.roy3167@mail.com,9788501872,Indore,Madhya Pradesh,2023-04-16,Regular
3168,Vihaan,Singh,vihaan.singh3168@mail.com,9204907397,Ahmedabad,Gujarat,2023-10-14,Regular
3169,Myra,Das,myra.das3169@mail.com,9117121611,Indore,Madhya Pradesh,2023-01-16,New
3170,Kiara,Gupta,kiara.gupta3170@mail.com,9423963056,Jaipur,Rajasthan,2023-10-27,Premium
3171,Diya,Brown,diya.brown3171@mail.com,9153483663,Bengaluru,Karnataka,2025-02-26,Regular
3172,Riya,Brown,riya.brown3172@mail.com,9835782861,Jaipur,Rajasthan,2024-04-04,New
3173,Sophia,Reddy,sophia.reddy3173@mail.com,9695927284,Jaipur,Rajasthan,2023-09-07,New
3174,Sophia,Taylor,sophia.taylor3174@mail.com,9560217320,Chennai,Tamil Nadu,2022-10-06,Regular
3175,David,Singh,david.singh3175@mail.com,9254422158,Ahmedabad,Gujarat,2022-05-19,New
3176,Aadhya,Smith,aadhya.smith3176@mail.com,9323602245,Kochi,Kerala,2025-01-28,New
3177,William,Kumar,william.kumar3177@mail.com,9548361255,Kochi,Kerala,2022-10-11,Regular
3178,Krishna,Singh,krishna.singh3178@mail.com,9668024266,Kolkata,West Bengal,2024-10-29,New
3179,Karan,Verma,karan.verma3179@mail.com,9536408368,Surat,Gujarat,2025-10-07,Premium
3180,Riya,Das,riya.das3180@mail.com,9661905788,Kolkata,West Bengal,2025-04-26,Premium
3181,Diya,Verma,diya.verma3181@mail.com,9845092763,Pune,Maharashtra,2024-01-29,Premium
3182,Riya,Sharma,riya.sharma3182@mail.com,9472430714,Indore,Madhya Pradesh,2022-02-22,Premium
3183,Karan,Nair,karan.nair3183@mail.com,9609238563,Hyderabad,Telangana,2025-03-29,Regular
3184,Sai,Smith,sai.smith3184@mail.com,9740144677,Nagpur,Maharashtra,2024-07-09,Regular
3185,Riya,Sharma,riya.sharma3185@mail.com,9437445494,Hyderabad,Telangana,2025-10-28,Premium
3186,James,Taylor,james.taylor3186@mail.com,9583432760,Mumbai,Maharashtra,2024-08-28,Regular
3187,Isabella,Kumar,isabella.kumar3187@mail.com,9863086777,Pune,Maharashtra,2023-12-07,Regular
3188,Olivia,Gupta,olivia.gupta3188@mail.com,9729960600,Kochi,Kerala,2022-02-26,Regular
3189,Neha,Mehta,neha.mehta3189@mail.com,9258014613,Nagpur,Maharashtra,2023-01-06,Regular
3190,William,Nair,william.nair3190@mail.com,9589026761,Kochi,Kerala,2023-02-27,Regular
3191,Diya,Reddy,diya.reddy3191@mail.com,9790915223,Bengaluru,Karnataka,2024-09-14,Regular
3192,Arjun,Anderson,arjun.anderson3192@mail.com,9991347764,Pune,Maharashtra,2025-08-26,New
3193,Olivia,Malhotra,olivia.malhotra3193@mail.com,9229592059,Ahmedabad,Gujarat,2022-08-07,Regular
3194,Vihaan,Kapoor,vihaan.kapoor3194@mail.com,9269237408,Lucknow,Uttar Pradesh,2025-01-17,Regular
3195,Kiara,Mehta,kiara.mehta3195@mail.com,9998882657,Jaipur,Rajasthan,2024-04-07,Premium
3196,Myra,Verma,myra.verma3196@mail.com,9502435111,Bengaluru,Karnataka,2022-08-01,New
3197,Sneha,Sharma,sneha.sharma3197@mail.com,9322619259,Lucknow,Uttar Pradesh,2023-01-02,Regular
3198,Diya,Taylor,diya.taylor3198@mail.com,9710571363,Indore,Madhya Pradesh,2025-01-30,Regular
3199,Ira,Reddy,ira.reddy3199@mail.com,9828650078,Kolkata,West Bengal,2023-07-05,Regular
3200,Arjun,Verma,arjun.verma3200@mail.com,9553444269,Jaipur,Rajasthan,2022-02-21,New
3201,Sophia,Anderson,sophia.anderson3201@mail.com,9915478157,Mumbai,Maharashtra,2023-03-19,New
3202,Sai,Brown,sai.brown3202@mail.com,9308325394,Ahmedabad,Gujarat,2022-03-22,New
3203,Aarav,Verma,aarav.verma3203@mail.com,9412679306,Lucknow,Uttar Pradesh,2023-02-11,Regular
3204,Emma,Anderson,emma.anderson3204@mail.com,9297074370,Chennai,Tamil Nadu,2023-07-27,Regular
3205,Myra,Iyer,myra.iyer3205@mail.com,9967948375,Ahmedabad,Gujarat,2022-11-24,Premium
3206,Sophia,Taylor,sophia.taylor3206@mail.com,9359486864,Surat,Gujarat,2025-02-11,Regular
3207,Myra,Chatterjee,myra.chatterjee3207@mail.com,9134908759,Kochi,Kerala,2024-03-25,Premium
3208,James,Mehta,james.mehta3208@mail.com,9165353918,Bengaluru,Karnataka,2023-12-18,Premium
3209,Divya,Roy,divya.roy3209@mail.com,9449019772,Delhi,Delhi,2025-12-02,Premium
3210,Karan,Patel,karan.patel3210@mail.com,9236602037,Ahmedabad,Gujarat,2025-12-06,Regular
3211,Priya,Reddy,priya.reddy3211@mail.com,9680806429,Nagpur,Maharashtra,2022-06-28,Regular
3212,Rohan,Iyer,rohan.iyer3212@mail.com,9982880414,Kolkata,West Bengal,2023-04-01,Regular
3213,Vihaan,Kapoor,vihaan.kapoor3213@mail.com,9929362584,Lucknow,Uttar Pradesh,2024-05-29,Regular
3214,Olivia,Taylor,olivia.taylor3214@mail.com,9585935286,Kolkata,West Bengal,2025-08-15,Regular
3215,Ananya,Anderson,ananya.anderson3215@mail.com,9278460662,Jaipur,Rajasthan,2025-08-12,Regular
3216,Aadhya,Chatterjee,aadhya.chatterjee3216@mail.com,9625330306,Chennai,Tamil Nadu,2025-06-30,Premium
3217,Sneha,Johnson,sneha.johnson3217@mail.com,9125120106,Ahmedabad,Gujarat,2022-01-02,Regular
3218,Vikram,Taylor,vikram.taylor3218@mail.com,9423574913,Nagpur,Maharashtra,2022-01-06,Regular
3219,Priya,Johnson,priya.johnson3219@mail.com,9909104572,Kolkata,West Bengal,2022-02-14,Regular
3220,Vikram,Sharma,vikram.sharma3220@mail.com,9814153561,Kochi,Kerala,2022-07-31,Premium
3221,Ananya,Malhotra,ananya.malhotra3221@mail.com,9149883326,Bengaluru,Karnataka,2023-01-17,Premium
3222,Michael,Kapoor,michael.kapoor3222@mail.com,9973862714,Hyderabad,Telangana,2025-06-23,Regular
3223,Riya,Roy,riya.roy3223@mail.com,9714633783,Surat,Gujarat,2022-03-12,Premium
3224,Diya,Reddy,diya.reddy3224@mail.com,9474194628,Hyderabad,Telangana,2023-05-22,Regular
3225,Aarav,Reddy,aarav.reddy3225@mail.com,9362721556,Pune,Maharashtra,2022-05-18,Regular
3226,Michael,Smith,michael.smith3226@mail.com,9469423515,Nagpur,Maharashtra,2022-05-02,Regular
3227,Myra,Smith,myra.smith3227@mail.com,9404598982,Pune,Maharashtra,2025-10-30,New
3228,Myra,Brown,myra.brown3228@mail.com,9723731541,Jaipur,Rajasthan,2025-02-09,New
3229,Kiara,Singh,kiara.singh3229@mail.com,9769780425,Hyderabad,Telangana,2023-05-18,Regular
3230,Ananya,Kapoor,ananya.kapoor3230@mail.com,9364451634,Kolkata,West Bengal,2022-12-01,Premium
3231,Krishna,Sharma,krishna.sharma3231@mail.com,9971712711,Jaipur,Rajasthan,2022-02-24,Regular
3232,Vikram,Patel,vikram.patel3232@mail.com,9231478450,Bengaluru,Karnataka,2023-07-06,Premium
3233,Sai,Reddy,sai.reddy3233@mail.com,9722542127,Mumbai,Maharashtra,2024-06-28,Premium
3234,Karan,Brown,karan.brown3234@mail.com,9436142310,Surat,Gujarat,2025-06-06,Premium
3235,Krishna,Verma,krishna.verma3235@mail.com,9226598884,Bengaluru,Karnataka,2023-05-13,New
3236,William,Singh,william.singh3236@mail.com,9180803326,Ahmedabad,Gujarat,2024-07-30,Regular
3237,Michael,Mehta,michael.mehta3237@mail.com,9271855720,Delhi,Delhi,2022-01-31,Regular
3238,Karan,Mehta,karan.mehta3238@mail.com,9788179646,Delhi,Delhi,2025-03-05,Regular
3239,Sophia,Smith,sophia.smith3239@mail.com,9768011422,Indore,Madhya Pradesh,2022-07-20,Premium
3240,Diya,Brown,diya.brown3240@mail.com,9579252372,Delhi,Delhi,2025-12-10,Regular
3241,Rahul,Johnson,rahul.johnson3241@mail.com,9349236017,Kochi,Kerala,2024-03-31,Regular
3242,Olivia,Mehta,olivia.mehta3242@mail.com,9608365807,Pune,Maharashtra,2022-11-06,Premium
3243,Amit,Brown,amit.brown3243@mail.com,9370448203,Kolkata,West Bengal,2022-07-30,New
3244,Ishaan,Sharma,ishaan.sharma3244@mail.com,9766590553,Kolkata,West Bengal,2022-09-04,Regular
3245,Myra,Sharma,myra.sharma3245@mail.com,9104842001,Lucknow,Uttar Pradesh,2025-04-29,Regular
3246,Vikram,Mehta,vikram.mehta3246@mail.com,9438663589,Nagpur,Maharashtra,2022-10-09,Regular
3247,Saanvi,Reddy,saanvi.reddy3247@mail.com,9857149631,Delhi,Delhi,2022-05-09,Regular
3248,Myra,Smith,myra.smith3248@mail.com,9480776483,Mumbai,Maharashtra,2023-10-13,Regular
3249,Aadhya,Nair,aadhya.nair3249@mail.com,9207768794,Lucknow,Uttar Pradesh,2025-08-03,Regular
3250,Anika,Verma,anika.verma3250@mail.com,9655580562,Nagpur,Maharashtra,2024-06-23,Regular
3251,Sneha,Anderson,sneha.anderson3251@mail.com,9784737243,Bengaluru,Karnataka,2023-06-19,Regular
3252,Krishna,Johnson,krishna.johnson3252@mail.com,9843484755,Kochi,Kerala,2023-05-30,New
3253,Ishaan,Gupta,ishaan.gupta3253@mail.com,9638716005,Jaipur,Rajasthan,2023-04-29,Premium
3254,Riya,Smith,riya.smith3254@mail.com,9852061631,Surat,Gujarat,2025-01-10,Premium
3255,Sneha,Reddy,sneha.reddy3255@mail.com,9890224337,Surat,Gujarat,2022-01-16,Regular
3256,Vikram,Kumar,vikram.kumar3256@mail.com,9628966211,Mumbai,Maharashtra,2024-06-02,Regular
3257,David,Chatterjee,david.chatterjee3257@mail.com,9312895369,Hyderabad,Telangana,2023-04-26,Premium
3258,Sneha,Chatterjee,sneha.chatterjee3258@mail.com,9699351974,Kolkata,West Bengal,2023-12-27,Regular
3259,Divya,Verma,divya.verma3259@mail.com,9278165076,Pune,Maharashtra,2024-08-14,Premium
3260,Kiara,Taylor,kiara.taylor3260@mail.com,9395211487,Mumbai,Maharashtra,2024-11-30,Regular
3261,Amit,Johnson,amit.johnson3261@mail.com,9889458889,Jaipur,Rajasthan,2024-12-22,Regular
3262,Vikram,Reddy,vikram.reddy3262@mail.com,9931975460,Pune,Maharashtra,2025-12-03,Regular
3263,Rahul,Nair,rahul.nair3263@mail.com,9534361625,Indore,Madhya Pradesh,2022-12-19,Regular
3264,Amit,Mehta,amit.mehta3264@mail.com,9527240351,Ahmedabad,Gujarat,2022-09-14,Premium
3265,Ananya,Johnson,ananya.johnson3265@mail.com,9427645401,Surat,Gujarat,2023-03-20,New
3266,James,Johnson,james.johnson3266@mail.com,9186063733,Indore,Madhya Pradesh,2025-04-14,Regular
3267,Pooja,Reddy,pooja.reddy3267@mail.com,9285342350,Bengaluru,Karnataka,2023-12-19,Regular
3268,Reyansh,Roy,reyansh.roy3268@mail.com,9296871673,Pune,Maharashtra,2025-09-21,New
3269,William,Reddy,william.reddy3269@mail.com,9912750574,Surat,Gujarat,2023-09-07,Regular
3270,Pooja,Taylor,pooja.taylor3270@mail.com,9302618246,Lucknow,Uttar Pradesh,2023-05-31,New
3271,Aarav,Gupta,aarav.gupta3271@mail.com,9282028295,Indore,Madhya Pradesh,2022-11-29,Regular
3272,Ira,Gupta,ira.gupta3272@mail.com,9408672328,Lucknow,Uttar Pradesh,2025-03-20,Regular
3273,Aarav,Sharma,aarav.sharma3273@mail.com,9750134068,Kochi,Kerala,2025-09-03,Regular
3274,Ananya,Anderson,ananya.anderson3274@mail.com,9142689241,Bengaluru,Karnataka,2024-04-19,Regular
3275,Riya,Smith,riya.smith3275@mail.com,9989091756,Nagpur,Maharashtra,2022-04-18,New
3276,Michael,Taylor,michael.taylor3276@mail.com,9308526364,Bengaluru,Karnataka,2022-05-17,Regular
3277,Kiara,Verma,kiara.verma3277@mail.com,9120146673,Kochi,Kerala,2023-04-20,Premium
3278,Vihaan,Gupta,vihaan.gupta3278@mail.com,9717316531,Hyderabad,Telangana,2023-05-19,Regular
3279,Saanvi,Roy,saanvi.roy3279@mail.com,9764846930,Bengaluru,Karnataka,2022-10-03,Regular
3280,Isabella,Gupta,isabella.gupta3280@mail.com,9193247488,Lucknow,Uttar Pradesh,2023-04-01,Regular
3281,Aarav,Verma,aarav.verma3281@mail.com,9550834148,Mumbai,Maharashtra,2024-12-19,Regular
3282,Priya,Verma,priya.verma3282@mail.com,9443995524,Kolkata,West Bengal,2023-07-30,Regular
3283,Emma,Verma,emma.verma3283@mail.com,9608955365,Kolkata,West Bengal,2022-09-23,Regular
3284,Aadhya,Das,aadhya.das3284@mail.com,9865822970,Pune,Maharashtra,2022-01-22,Regular
3285,James,Patel,james.patel3285@mail.com,9597173429,Bengaluru,Karnataka,2023-02-14,Regular
3286,Sai,Anderson,sai.anderson3286@mail.com,9987085078,Kolkata,West Bengal,2025-09-11,Regular
3287,Myra,Iyer,myra.iyer3287@mail.com,9320746286,Nagpur,Maharashtra,2023-02-10,Premium
3288,Ayaan,Sharma,ayaan.sharma3288@mail.com,9790323777,Surat,Gujarat,2025-06-18,Regular
3289,Sai,Taylor,sai.taylor3289@mail.com,9421768515,Bengaluru,Karnataka,2023-02-14,Premium
3290,David,Johnson,david.johnson3290@mail.com,9396376134,Surat,Gujarat,2023-08-13,Regular
3291,Saanvi,Anderson,saanvi.anderson3291@mail.com,9291853094,Ahmedabad,Gujarat,2024-08-20,Premium
3292,David,Das,david.das3292@mail.com,9488707689,Ahmedabad,Gujarat,2024-05-10,New
3293,Aditya,Taylor,aditya.taylor3293@mail.com,9843616161,Hyderabad,Telangana,2023-05-30,Premium
3294,Diya,Malhotra,diya.malhotra3294@mail.com,9148321492,Nagpur,Maharashtra,2023-07-23,New
3295,Arjun,Kumar,arjun.kumar3295@mail.com,9451965909,Nagpur,Maharashtra,2023-11-28,Regular
3296,Pooja,Anderson,pooja.anderson3296@mail.com,9121230901,Delhi,Delhi,2024-10-09,Premium
3297,Rohan,Singh,rohan.singh3297@mail.com,9285151238,Chennai,Tamil Nadu,2025-11-29,Regular
3298,Ananya,Kapoor,ananya.kapoor3298@mail.com,9701684029,Hyderabad,Telangana,2024-06-30,Regular
3299,Ira,Gupta,ira.gupta3299@mail.com,9925259104,Ahmedabad,Gujarat,2022-12-11,Regular
3300,John,Taylor,john.taylor3300@mail.com,9938490142,Pune,Maharashtra,2023-02-07,Regular
3301,David,Chatterjee,david.chatterjee3301@mail.com,9374371559,Ahmedabad,Gujarat,2025-03-13,Premium
3302,Aarav,Reddy,aarav.reddy3302@mail.com,9485403961,Nagpur,Maharashtra,2023-08-24,Premium
3303,Michael,Patel,michael.patel3303@mail.com,9506411629,Nagpur,Maharashtra,2022-10-08,Regular
3304,Rohan,Verma,rohan.verma3304@mail.com,9401586140,Kochi,Kerala,2024-08-15,Regular
3305,Neha,Taylor,neha.taylor3305@mail.com,9888064445,Kochi,Kerala,2023-06-30,Regular
3306,Aarav,Sharma,aarav.sharma3306@mail.com,9739542236,Pune,Maharashtra,2023-04-11,Regular
3307,Robert,Smith,robert.smith3307@mail.com,9617230874,Kochi,Kerala,2023-07-03,Regular
3308,William,Mehta,william.mehta3308@mail.com,9351745039,Pune,Maharashtra,2025-04-23,Premium
3309,Aditya,Chatterjee,aditya.chatterjee3309@mail.com,9938605818,Hyderabad,Telangana,2024-09-03,Regular
3310,Riya,Taylor,riya.taylor3310@mail.com,9153591476,Chennai,Tamil Nadu,2024-09-27,New
3311,Emma,Iyer,emma.iyer3311@mail.com,9415250617,Hyderabad,Telangana,2024-07-22,Regular
3312,Neha,Mehta,neha.mehta3312@mail.com,9396145911,Hyderabad,Telangana,2024-07-25,Regular
3313,David,Gupta,david.gupta3313@mail.com,9682217399,Indore,Madhya Pradesh,2024-07-13,New
3314,John,Taylor,john.taylor3314@mail.com,9375315150,Surat,Gujarat,2024-04-28,New
3315,Krishna,Brown,krishna.brown3315@mail.com,9910694793,Hyderabad,Telangana,2024-04-07,Premium
3316,Arjun,Johnson,arjun.johnson3316@mail.com,9807726398,Chennai,Tamil Nadu,2025-11-22,Regular
3317,Michael,Das,michael.das3317@mail.com,9901596386,Lucknow,Uttar Pradesh,2025-03-15,Regular
3318,Vihaan,Nair,vihaan.nair3318@mail.com,9586202611,Ahmedabad,Gujarat,2025-11-25,Regular
3319,Ayaan,Sharma,ayaan.sharma3319@mail.com,9934373594,Jaipur,Rajasthan,2023-09-23,Regular
3320,Isabella,Roy,isabella.roy3320@mail.com,9513453687,Mumbai,Maharashtra,2023-08-18,New
3321,Michael,Taylor,michael.taylor3321@mail.com,9908418894,Surat,Gujarat,2024-05-27,Regular
3322,Aditya,Patel,aditya.patel3322@mail.com,9857941358,Hyderabad,Telangana,2024-06-28,Regular
3323,Olivia,Chatterjee,olivia.chatterjee3323@mail.com,9646745099,Hyderabad,Telangana,2023-03-09,Regular
3324,Rahul,Anderson,rahul.anderson3324@mail.com,9814974518,Hyderabad,Telangana,2022-02-15,New
3325,Rahul,Iyer,rahul.iyer3325@mail.com,9688403692,Surat,Gujarat,2022-10-05,Regular
3326,Diya,Taylor,diya.taylor3326@mail.com,9540569808,Surat,Gujarat,2024-08-31,New
3327,Ira,Gupta,ira.gupta3327@mail.com,9759608584,Mumbai,Maharashtra,2024-11-14,Regular
3328,Amit,Taylor,amit.taylor3328@mail.com,9453365025,Hyderabad,Telangana,2024-10-25,Premium
3329,Karan,Verma,karan.verma3329@mail.com,9515764458,Ahmedabad,Gujarat,2023-02-25,Premium
3330,Aadhya,Kapoor,aadhya.kapoor3330@mail.com,9829862378,Nagpur,Maharashtra,2022-12-13,Premium
3331,Divya,Das,divya.das3331@mail.com,9911683205,Ahmedabad,Gujarat,2024-03-29,Regular
3332,James,Smith,james.smith3332@mail.com,9123522782,Nagpur,Maharashtra,2025-10-05,Premium
3333,Rohan,Nair,rohan.nair3333@mail.com,9249248949,Nagpur,Maharashtra,2022-08-30,Premium
3334,Vihaan,Mehta,vihaan.mehta3334@mail.com,9795689887,Nagpur,Maharashtra,2025-02-22,Regular
3335,Arjun,Roy,arjun.roy3335@mail.com,9531078054,Chandigarh,Punjab,2024-06-25,Regular
3336,William,Singh,william.singh3336@mail.com,9300595397,Nagpur,Maharashtra,2022-05-06,Premium
3337,William,Reddy,william.reddy3337@mail.com,9720494385,Surat,Gujarat,2025-10-16,New
3338,Aarav,Kumar,aarav.kumar3338@mail.com,9305791053,Indore,Madhya Pradesh,2025-04-03,Premium
3339,Amit,Malhotra,amit.malhotra3339@mail.com,9185998255,Chandigarh,Punjab,2025-03-06,New
3340,Ananya,Kumar,ananya.kumar3340@mail.com,9228846909,Jaipur,Rajasthan,2022-11-12,Regular
3341,James,Singh,james.singh3341@mail.com,9929589050,Indore,Madhya Pradesh,2023-04-23,Regular
3342,Isabella,Sharma,isabella.sharma3342@mail.com,9673263738,Kolkata,West Bengal,2023-09-23,Premium
3343,Ananya,Brown,ananya.brown3343@mail.com,9730621745,Chennai,Tamil Nadu,2022-11-20,Regular
3344,Sneha,Roy,sneha.roy3344@mail.com,9837621161,Chandigarh,Punjab,2023-04-26,New
3345,Sai,Patel,sai.patel3345@mail.com,9450936348,Chennai,Tamil Nadu,2025-11-08,New
3346,Karan,Sharma,karan.sharma3346@mail.com,9221284215,Chennai,Tamil Nadu,2024-01-05,Premium
3347,Divya,Taylor,divya.taylor3347@mail.com,9582798519,Mumbai,Maharashtra,2024-02-19,Premium
3348,Arjun,Malhotra,arjun.malhotra3348@mail.com,9465049222,Nagpur,Maharashtra,2025-01-08,Regular
3349,Aarav,Johnson,aarav.johnson3349@mail.com,9377523113,Lucknow,Uttar Pradesh,2024-12-22,Regular
3350,Ira,Patel,ira.patel3350@mail.com,9702810664,Surat,Gujarat,2024-11-15,Premium
3351,Ira,Patel,ira.patel3351@mail.com,9971581005,Mumbai,Maharashtra,2025-11-29,Regular
3352,Arjun,Anderson,arjun.anderson3352@mail.com,9878118351,Jaipur,Rajasthan,2022-08-17,Regular
3353,Amit,Sharma,amit.sharma3353@mail.com,9514855862,Chandigarh,Punjab,2024-02-11,New
3354,Ira,Patel,ira.patel3354@mail.com,9827783103,Delhi,Delhi,2023-12-05,New
3355,Neha,Chatterjee,neha.chatterjee3355@mail.com,9911324946,Indore,Madhya Pradesh,2022-04-17,Regular
3356,Riya,Chatterjee,riya.chatterjee3356@mail.com,9876007264,Chandigarh,Punjab,2022-10-18,New
3357,Amit,Gupta,amit.gupta3357@mail.com,9452796749,Mumbai,Maharashtra,2023-02-14,New
3358,Aditya,Iyer,aditya.iyer3358@mail.com,9611051706,Mumbai,Maharashtra,2025-05-11,New
3359,Emma,Kapoor,emma.kapoor3359@mail.com,9145667621,Ahmedabad,Gujarat,2022-04-09,Regular
3360,Amit,Roy,amit.roy3360@mail.com,9133764318,Jaipur,Rajasthan,2025-08-04,New
3361,Arjun,Anderson,arjun.anderson3361@mail.com,9271083611,Kolkata,West Bengal,2022-11-04,Regular
3362,Karan,Taylor,karan.taylor3362@mail.com,9690845542,Bengaluru,Karnataka,2025-08-26,New
3363,Kiara,Kapoor,kiara.kapoor3363@mail.com,9665408109,Pune,Maharashtra,2022-03-03,Premium
3364,Vivaan,Anderson,vivaan.anderson3364@mail.com,9258167718,Jaipur,Rajasthan,2024-11-05,Premium
3365,Robert,Chatterjee,robert.chatterjee3365@mail.com,9297408206,Chandigarh,Punjab,2025-08-17,Regular
3366,Ira,Gupta,ira.gupta3366@mail.com,9180811924,Kolkata,West Bengal,2025-01-10,Regular
3367,Sneha,Iyer,sneha.iyer3367@mail.com,9872269849,Lucknow,Uttar Pradesh,2024-02-28,New
3368,Ananya,Kumar,ananya.kumar3368@mail.com,9536094349,Kolkata,West Bengal,2022-09-29,Regular
3369,Aditya,Das,aditya.das3369@mail.com,9243311117,Nagpur,Maharashtra,2022-02-04,Regular
3370,Ayaan,Anderson,ayaan.anderson3370@mail.com,9161008495,Chandigarh,Punjab,2022-12-25,New
3371,Emma,Singh,emma.singh3371@mail.com,9822110525,Surat,Gujarat,2023-06-26,Regular
3372,Aadhya,Smith,aadhya.smith3372@mail.com,9962288362,Lucknow,Uttar Pradesh,2024-02-21,Premium
3373,Diya,Mehta,diya.mehta3373@mail.com,9458638224,Jaipur,Rajasthan,2025-10-25,New
3374,Priya,Sharma,priya.sharma3374@mail.com,9187212522,Bengaluru,Karnataka,2022-01-23,Premium
3375,Kiara,Nair,kiara.nair3375@mail.com,9420250583,Bengaluru,Karnataka,2025-09-08,New
3376,Aadhya,Taylor,aadhya.taylor3376@mail.com,9740670351,Mumbai,Maharashtra,2025-04-14,Regular
3377,Ishaan,Patel,ishaan.patel3377@mail.com,9592342143,Pune,Maharashtra,2023-05-25,Regular
3378,Pooja,Mehta,pooja.mehta3378@mail.com,9711899923,Ahmedabad,Gujarat,2024-04-09,New
3379,Vihaan,Patel,vihaan.patel3379@mail.com,9755030693,Kolkata,West Bengal,2025-08-22,Premium
3380,Aarav,Nair,aarav.nair3380@mail.com,9909831508,Chennai,Tamil Nadu,2023-05-12,Regular
3381,Krishna,Kapoor,krishna.kapoor3381@mail.com,9145127909,Pune,Maharashtra,2023-12-28,Regular
3382,Olivia,Mehta,olivia.mehta3382@mail.com,9638193934,Indore,Madhya Pradesh,2022-06-12,Premium
3383,Sophia,Johnson,sophia.johnson3383@mail.com,9936320817,Chennai,Tamil Nadu,2025-10-23,Regular
3384,Anika,Brown,anika.brown3384@mail.com,9988058628,Kochi,Kerala,2023-07-12,New
3385,Amit,Roy,amit.roy3385@mail.com,9257700676,Delhi,Delhi,2023-12-23,New
3386,Rohan,Anderson,rohan.anderson3386@mail.com,9635166850,Hyderabad,Telangana,2024-11-26,Regular
3387,William,Taylor,william.taylor3387@mail.com,9263498832,Hyderabad,Telangana,2022-09-18,Regular
3388,Aditya,Brown,aditya.brown3388@mail.com,9532967229,Indore,Madhya Pradesh,2024-08-07,Premium
3389,Divya,Das,divya.das3389@mail.com,9537821049,Chennai,Tamil Nadu,2025-04-13,Regular
3390,Michael,Chatterjee,michael.chatterjee3390@mail.com,9433302287,Lucknow,Uttar Pradesh,2024-09-19,New
3391,Diya,Nair,diya.nair3391@mail.com,9903690084,Mumbai,Maharashtra,2023-06-10,Regular
3392,Neha,Brown,neha.brown3392@mail.com,9298125654,Bengaluru,Karnataka,2024-04-21,Premium
3393,Krishna,Sharma,krishna.sharma3393@mail.com,9512136096,Kolkata,West Bengal,2024-03-26,Regular
3394,Isabella,Chatterjee,isabella.chatterjee3394@mail.com,9726428368,Kolkata,West Bengal,2022-12-29,Regular
3395,John,Brown,john.brown3395@mail.com,9755275455,Lucknow,Uttar Pradesh,2025-05-15,Premium
3396,Ishaan,Chatterjee,ishaan.chatterjee3396@mail.com,9891602149,Lucknow,Uttar Pradesh,2025-01-27,Regular
3397,James,Roy,james.roy3397@mail.com,9888989626,Ahmedabad,Gujarat,2024-03-29,Premium
3398,Isabella,Kumar,isabella.kumar3398@mail.com,9584192935,Lucknow,Uttar Pradesh,2023-01-19,Regular
3399,Olivia,Sharma,olivia.sharma3399@mail.com,9423312122,Delhi,Delhi,2023-05-21,Regular
3400,Diya,Verma,diya.verma3400@mail.com,9661843260,Nagpur,Maharashtra,2023-05-31,New
3401,Anika,Iyer,anika.iyer3401@mail.com,9451511533,Hyderabad,Telangana,2025-05-20,Regular
3402,Saanvi,Malhotra,saanvi.malhotra3402@mail.com,9190879143,Bengaluru,Karnataka,2022-09-16,Regular
3403,Vivaan,Sharma,vivaan.sharma3403@mail.com,9171402243,Chennai,Tamil Nadu,2023-09-02,Regular
3404,Isabella,Brown,isabella.brown3404@mail.com,9257618963,Nagpur,Maharashtra,2025-06-17,Premium
3405,Arjun,Kapoor,arjun.kapoor3405@mail.com,9895848028,Chandigarh,Punjab,2025-09-16,Regular
3406,Aditya,Kapoor,aditya.kapoor3406@mail.com,9885001037,Surat,Gujarat,2025-03-01,Regular
3407,Pari,Iyer,pari.iyer3407@mail.com,9117912889,Hyderabad,Telangana,2024-11-23,New
3408,Priya,Smith,priya.smith3408@mail.com,9263537044,Surat,Gujarat,2025-07-25,New
3409,Rahul,Nair,rahul.nair3409@mail.com,9135618183,Lucknow,Uttar Pradesh,2025-06-09,Regular
3410,James,Brown,james.brown3410@mail.com,9419033049,Bengaluru,Karnataka,2025-09-28,New
3411,Krishna,Kapoor,krishna.kapoor3411@mail.com,9112193978,Pune,Maharashtra,2025-06-25,New
3412,Ishaan,Verma,ishaan.verma3412@mail.com,9656831984,Bengaluru,Karnataka,2023-04-24,Regular
3413,Myra,Sharma,myra.sharma3413@mail.com,9712277329,Surat,Gujarat,2024-09-19,New
3414,Olivia,Malhotra,olivia.malhotra3414@mail.com,9959422538,Delhi,Delhi,2025-06-28,New
3415,Pooja,Malhotra,pooja.malhotra3415@mail.com,9530225557,Bengaluru,Karnataka,2025-03-10,New
3416,Vikram,Verma,vikram.verma3416@mail.com,9796896016,Nagpur,Maharashtra,2024-01-28,Regular
3417,Krishna,Sharma,krishna.sharma3417@mail.com,9191456029,Ahmedabad,Gujarat,2025-09-11,Regular
3418,Aarav,Anderson,aarav.anderson3418@mail.com,9761088902,Kolkata,West Bengal,2024-04-17,Regular
3419,Neha,Taylor,neha.taylor3419@mail.com,9714041754,Pune,Maharashtra,2024-09-10,Regular
3420,Kiara,Sharma,kiara.sharma3420@mail.com,9432452044,Hyderabad,Telangana,2023-09-22,Regular
3421,Ayaan,Reddy,ayaan.reddy3421@mail.com,9441436663,Hyderabad,Telangana,2022-05-29,Premium
3422,Rahul,Malhotra,rahul.malhotra3422@mail.com,9439032410,Nagpur,Maharashtra,2024-04-08,Regular
3423,Vihaan,Kumar,vihaan.kumar3423@mail.com,9626339635,Ahmedabad,Gujarat,2023-02-07,Premium
3424,Arjun,Kumar,arjun.kumar3424@mail.com,9475392878,Mumbai,Maharashtra,2023-04-08,Regular
3425,Rohan,Reddy,rohan.reddy3425@mail.com,9148306040,Bengaluru,Karnataka,2025-11-24,Regular
3426,Divya,Chatterjee,divya.chatterjee3426@mail.com,9741689837,Kochi,Kerala,2022-05-26,Premium
3427,Neha,Kumar,neha.kumar3427@mail.com,9307636150,Hyderabad,Telangana,2024-07-30,Regular
3428,Pari,Reddy,pari.reddy3428@mail.com,9970122874,Chennai,Tamil Nadu,2023-09-28,Regular
3429,Sophia,Kapoor,sophia.kapoor3429@mail.com,9690504508,Lucknow,Uttar Pradesh,2022-01-01,Premium
3430,Priya,Taylor,priya.taylor3430@mail.com,9127565844,Ahmedabad,Gujarat,2024-12-30,Regular
3431,Krishna,Patel,krishna.patel3431@mail.com,9438457639,Delhi,Delhi,2022-01-11,Premium
3432,Rahul,Taylor,rahul.taylor3432@mail.com,9445049909,Delhi,Delhi,2025-05-30,Regular
3433,Rahul,Verma,rahul.verma3433@mail.com,9838800041,Jaipur,Rajasthan,2024-01-02,Regular
3434,Anika,Reddy,anika.reddy3434@mail.com,9677901703,Lucknow,Uttar Pradesh,2023-12-12,Regular
3435,John,Brown,john.brown3435@mail.com,9306787283,Chennai,Tamil Nadu,2022-03-17,Premium
3436,Arjun,Roy,arjun.roy3436@mail.com,9953394816,Pune,Maharashtra,2024-11-08,Regular
3437,John,Roy,john.roy3437@mail.com,9896703139,Delhi,Delhi,2022-07-15,Regular
3438,Sophia,Mehta,sophia.mehta3438@mail.com,9391250870,Kochi,Kerala,2025-06-22,Regular
3439,Michael,Patel,michael.patel3439@mail.com,9746690369,Chandigarh,Punjab,2022-08-28,New
3440,Vihaan,Kumar,vihaan.kumar3440@mail.com,9981819236,Ahmedabad,Gujarat,2022-01-06,Regular
3441,Aarav,Chatterjee,aarav.chatterjee3441@mail.com,9363957901,Surat,Gujarat,2022-01-26,Premium
3442,James,Kapoor,james.kapoor3442@mail.com,9225874394,Jaipur,Rajasthan,2023-07-20,New
3443,Anika,Malhotra,anika.malhotra3443@mail.com,9946604736,Kochi,Kerala,2025-01-23,Regular
3444,Sai,Roy,sai.roy3444@mail.com,9125913302,Chandigarh,Punjab,2023-03-05,Premium
3445,William,Reddy,william.reddy3445@mail.com,9923753435,Kochi,Kerala,2022-03-23,Regular
3446,Michael,Roy,michael.roy3446@mail.com,9695586259,Kolkata,West Bengal,2025-11-02,New
3447,Vivaan,Anderson,vivaan.anderson3447@mail.com,9673569473,Jaipur,Rajasthan,2022-01-26,Regular
3448,James,Reddy,james.reddy3448@mail.com,9752921459,Kochi,Kerala,2023-11-24,Regular
3449,David,Kapoor,david.kapoor3449@mail.com,9843082157,Kolkata,West Bengal,2025-12-23,Premium
3450,Aadhya,Patel,aadhya.patel3450@mail.com,9467805751,Kochi,Kerala,2024-05-05,Regular
3451,Vihaan,Singh,vihaan.singh3451@mail.com,9749507930,Ahmedabad,Gujarat,2023-09-07,Regular
3452,Vivaan,Das,vivaan.das3452@mail.com,9644632747,Surat,Gujarat,2022-04-20,Premium
3453,Olivia,Kumar,olivia.kumar3453@mail.com,9145710799,Jaipur,Rajasthan,2025-05-24,Premium
3454,Aditya,Malhotra,aditya.malhotra3454@mail.com,9280590057,Mumbai,Maharashtra,2025-10-23,Premium
3455,Karan,Malhotra,karan.malhotra3455@mail.com,9199489074,Jaipur,Rajasthan,2025-11-19,Premium
3456,Kiara,Patel,kiara.patel3456@mail.com,9184676105,Delhi,Delhi,2023-02-13,Premium
3457,Ishaan,Brown,ishaan.brown3457@mail.com,9506488935,Delhi,Delhi,2022-07-17,Regular
3458,Ira,Roy,ira.roy3458@mail.com,9463465209,Jaipur,Rajasthan,2022-04-07,Regular
3459,William,Patel,william.patel3459@mail.com,9300221414,Chandigarh,Punjab,2022-09-02,Regular
3460,William,Verma,william.verma3460@mail.com,9417042260,Ahmedabad,Gujarat,2025-11-01,Premium
3461,Ananya,Nair,ananya.nair3461@mail.com,9119423411,Pune,Maharashtra,2023-04-08,Premium
3462,Rahul,Sharma,rahul.sharma3462@mail.com,9611153501,Ahmedabad,Gujarat,2023-07-13,Regular
3463,Ira,Kapoor,ira.kapoor3463@mail.com,9615662035,Kochi,Kerala,2025-11-30,New
3464,Vihaan,Roy,vihaan.roy3464@mail.com,9828959132,Surat,Gujarat,2025-10-22,Premium
3465,Saanvi,Gupta,saanvi.gupta3465@mail.com,9576519145,Indore,Madhya Pradesh,2022-05-11,Regular
3466,Arjun,Malhotra,arjun.malhotra3466@mail.com,9714497013,Pune,Maharashtra,2023-05-15,Premium
3467,Emma,Kumar,emma.kumar3467@mail.com,9963188027,Kolkata,West Bengal,2024-04-15,Regular
3468,Emma,Reddy,emma.reddy3468@mail.com,9366499691,Pune,Maharashtra,2025-12-10,Premium
3469,David,Sharma,david.sharma3469@mail.com,9490092645,Hyderabad,Telangana,2022-01-28,Regular
3470,David,Gupta,david.gupta3470@mail.com,9894421988,Jaipur,Rajasthan,2023-09-09,Regular
3471,Michael,Kumar,michael.kumar3471@mail.com,9972903266,Jaipur,Rajasthan,2024-07-07,Regular
3472,David,Das,david.das3472@mail.com,9530876241,Mumbai,Maharashtra,2023-11-09,New
3473,Vihaan,Brown,vihaan.brown3473@mail.com,9353944272,Mumbai,Maharashtra,2024-03-22,Regular
3474,Olivia,Sharma,olivia.sharma3474@mail.com,9498320183,Mumbai,Maharashtra,2022-09-22,Premium
3475,Sai,Taylor,sai.taylor3475@mail.com,9385595879,Nagpur,Maharashtra,2022-01-17,Premium
3476,Sneha,Iyer,sneha.iyer3476@mail.com,9111756387,Nagpur,Maharashtra,2023-03-20,Premium
3477,Sneha,Iyer,sneha.iyer3477@mail.com,9277069484,Mumbai,Maharashtra,2023-05-01,Premium
3478,Ishaan,Johnson,ishaan.johnson3478@mail.com,9245229612,Mumbai,Maharashtra,2025-05-30,Regular
3479,Ananya,Singh,ananya.singh3479@mail.com,9923981508,Ahmedabad,Gujarat,2024-01-30,Premium
3480,Karan,Johnson,karan.johnson3480@mail.com,9348319133,Nagpur,Maharashtra,2022-08-18,Premium
3481,Diya,Brown,diya.brown3481@mail.com,9144732112,Mumbai,Maharashtra,2025-06-30,Premium
3482,Olivia,Verma,olivia.verma3482@mail.com,9242859142,Nagpur,Maharashtra,2024-08-07,Regular
3483,Priya,Kapoor,priya.kapoor3483@mail.com,9810372798,Pune,Maharashtra,2023-06-12,New
3484,Sneha,Nair,sneha.nair3484@mail.com,9147077936,Pune,Maharashtra,2023-08-09,Premium
3485,Karan,Kapoor,karan.kapoor3485@mail.com,9844624702,Chennai,Tamil Nadu,2023-11-06,Regular
3486,Sai,Iyer,sai.iyer3486@mail.com,9698544434,Mumbai,Maharashtra,2025-07-15,Premium
3487,Pooja,Malhotra,pooja.malhotra3487@mail.com,9517996581,Pune,Maharashtra,2025-07-12,Regular
3488,Aadhya,Kapoor,aadhya.kapoor3488@mail.com,9403858342,Indore,Madhya Pradesh,2023-11-08,Regular
3489,William,Reddy,william.reddy3489@mail.com,9280253318,Lucknow,Uttar Pradesh,2025-11-05,Regular
3490,Ayaan,Kumar,ayaan.kumar3490@mail.com,9761995133,Ahmedabad,Gujarat,2022-04-18,Regular
3491,Emma,Brown,emma.brown3491@mail.com,9112961799,Hyderabad,Telangana,2024-04-16,Regular
3492,Emma,Nair,emma.nair3492@mail.com,9432427162,Jaipur,Rajasthan,2024-05-16,Regular
3493,Aarav,Kapoor,aarav.kapoor3493@mail.com,9582013152,Nagpur,Maharashtra,2025-08-04,Regular
3494,Emma,Brown,emma.brown3494@mail.com,9117217918,Bengaluru,Karnataka,2023-02-07,Regular
3495,Arjun,Johnson,arjun.johnson3495@mail.com,9641131391,Pune,Maharashtra,2022-02-25,Regular
3496,Saanvi,Sharma,saanvi.sharma3496@mail.com,9172855040,Ahmedabad,Gujarat,2023-04-17,Premium
3497,Sai,Taylor,sai.taylor3497@mail.com,9633703824,Indore,Madhya Pradesh,2022-07-12,Regular
3498,Vihaan,Johnson,vihaan.johnson3498@mail.com,9665388748,Ahmedabad,Gujarat,2025-03-17,Regular
3499,Krishna,Reddy,krishna.reddy3499@mail.com,9374512903,Chennai,Tamil Nadu,2022-06-03,Regular
3500,Sneha,Smith,sneha.smith3500@mail.com,9430273044,Ahmedabad,Gujarat,2025-03-07,Regular
3501,David,Mehta,david.mehta3501@mail.com,9885896253,Kochi,Kerala,2024-01-19,Regular
3502,James,Anderson,james.anderson3502@mail.com,9726554808,Mumbai,Maharashtra,2023-10-16,Premium
3503,Ayaan,Chatterjee,ayaan.chatterjee3503@mail.com,9889565011,Delhi,Delhi,2025-08-09,New
3504,Rohan,Roy,rohan.roy3504@mail.com,9527198520,Kolkata,West Bengal,2023-09-08,New
3505,William,Chatterjee,william.chatterjee3505@mail.com,9330648419,Kolkata,West Bengal,2023-11-08,Regular
3506,Ayaan,Roy,ayaan.roy3506@mail.com,9352384586,Hyderabad,Telangana,2023-10-23,Premium
3507,Priya,Mehta,priya.mehta3507@mail.com,9773452238,Chandigarh,Punjab,2025-02-19,Regular
3508,Pooja,Sharma,pooja.sharma3508@mail.com,9501853587,Chandigarh,Punjab,2024-08-17,Regular
3509,Diya,Patel,diya.patel3509@mail.com,9901110220,Kochi,Kerala,2024-09-06,New
3510,Sai,Roy,sai.roy3510@mail.com,9384927280,Hyderabad,Telangana,2022-01-13,New
3511,Reyansh,Chatterjee,reyansh.chatterjee3511@mail.com,9299295704,Bengaluru,Karnataka,2022-02-22,Premium
3512,Olivia,Kumar,olivia.kumar3512@mail.com,9359733321,Hyderabad,Telangana,2023-01-24,New
3513,Ishaan,Malhotra,ishaan.malhotra3513@mail.com,9850119209,Ahmedabad,Gujarat,2023-03-12,Premium
3514,Krishna,Singh,krishna.singh3514@mail.com,9707225056,Nagpur,Maharashtra,2024-04-09,Regular
3515,Aditya,Reddy,aditya.reddy3515@mail.com,9702015917,Surat,Gujarat,2022-10-01,Regular
3516,Ananya,Brown,ananya.brown3516@mail.com,9963174951,Surat,Gujarat,2024-07-31,Regular
3517,Sneha,Reddy,sneha.reddy3517@mail.com,9377333882,Bengaluru,Karnataka,2024-06-18,Regular
3518,Anika,Malhotra,anika.malhotra3518@mail.com,9861399583,Bengaluru,Karnataka,2023-04-04,Premium
3519,Robert,Nair,robert.nair3519@mail.com,9150180357,Bengaluru,Karnataka,2023-05-04,Premium
3520,Vivaan,Chatterjee,vivaan.chatterjee3520@mail.com,9200846616,Chennai,Tamil Nadu,2025-11-11,New
3521,Arjun,Taylor,arjun.taylor3521@mail.com,9762334790,Hyderabad,Telangana,2023-04-12,Premium
3522,Diya,Das,diya.das3522@mail.com,9399466918,Chennai,Tamil Nadu,2022-10-11,Regular
3523,Pari,Kumar,pari.kumar3523@mail.com,9808500930,Delhi,Delhi,2025-05-23,Premium
3524,Ishaan,Malhotra,ishaan.malhotra3524@mail.com,9109763308,Indore,Madhya Pradesh,2025-10-09,Regular
3525,James,Gupta,james.gupta3525@mail.com,9452461851,Nagpur,Maharashtra,2023-07-05,Premium
3526,Krishna,Brown,krishna.brown3526@mail.com,9161824924,Surat,Gujarat,2024-06-25,Regular
3527,Rohan,Malhotra,rohan.malhotra3527@mail.com,9768227909,Delhi,Delhi,2023-02-18,Premium
3528,Myra,Iyer,myra.iyer3528@mail.com,9131626483,Mumbai,Maharashtra,2024-03-16,Premium
3529,Anika,Singh,anika.singh3529@mail.com,9823094929,Bengaluru,Karnataka,2023-01-13,Premium
3530,Olivia,Nair,olivia.nair3530@mail.com,9237740657,Ahmedabad,Gujarat,2024-07-09,Regular
3531,Aadhya,Singh,aadhya.singh3531@mail.com,9180994747,Kolkata,West Bengal,2024-11-02,Premium
3532,Aditya,Brown,aditya.brown3532@mail.com,9531439223,Surat,Gujarat,2023-09-04,Premium
3533,Vivaan,Anderson,vivaan.anderson3533@mail.com,9103703348,Hyderabad,Telangana,2025-02-17,Regular
3534,Anika,Brown,anika.brown3534@mail.com,9956384754,Mumbai,Maharashtra,2023-11-18,Premium
3535,Ananya,Malhotra,ananya.malhotra3535@mail.com,9640546713,Indore,Madhya Pradesh,2023-09-16,Regular
3536,Kiara,Gupta,kiara.gupta3536@mail.com,9881604722,Nagpur,Maharashtra,2022-03-18,Premium
3537,Pari,Verma,pari.verma3537@mail.com,9242030724,Surat,Gujarat,2024-10-12,Regular
3538,Olivia,Kumar,olivia.kumar3538@mail.com,9939130551,Indore,Madhya Pradesh,2024-01-22,Regular
3539,Olivia,Anderson,olivia.anderson3539@mail.com,9551237851,Bengaluru,Karnataka,2024-01-31,Premium
3540,Aarav,Taylor,aarav.taylor3540@mail.com,9991642144,Bengaluru,Karnataka,2022-01-29,New
3541,Anika,Brown,anika.brown3541@mail.com,9304988340,Indore,Madhya Pradesh,2024-11-07,Premium
3542,John,Brown,john.brown3542@mail.com,9954122458,Chennai,Tamil Nadu,2024-04-23,Premium
3543,Kiara,Chatterjee,kiara.chatterjee3543@mail.com,9580839473,Chennai,Tamil Nadu,2023-10-08,Premium
3544,Sneha,Singh,sneha.singh3544@mail.com,9212192265,Jaipur,Rajasthan,2023-03-22,New
3545,Rohan,Kumar,rohan.kumar3545@mail.com,9903761910,Lucknow,Uttar Pradesh,2025-01-14,Premium
3546,Karan,Gupta,karan.gupta3546@mail.com,9376689804,Lucknow,Uttar Pradesh,2025-12-17,Regular
3547,Aditya,Chatterjee,aditya.chatterjee3547@mail.com,9894668618,Lucknow,Uttar Pradesh,2023-10-08,New
3548,Aarav,Kapoor,aarav.kapoor3548@mail.com,9741255139,Kochi,Kerala,2025-09-17,Regular
3549,Emma,Taylor,emma.taylor3549@mail.com,9418470593,Hyderabad,Telangana,2022-09-19,Regular
3550,Myra,Chatterjee,myra.chatterjee3550@mail.com,9376230726,Surat,Gujarat,2024-02-20,Regular
3551,Reyansh,Reddy,reyansh.reddy3551@mail.com,9871591987,Jaipur,Rajasthan,2025-04-14,Premium
3552,Vikram,Gupta,vikram.gupta3552@mail.com,9809241789,Nagpur,Maharashtra,2022-08-02,Regular
3553,Kiara,Roy,kiara.roy3553@mail.com,9464464740,Hyderabad,Telangana,2023-05-31,Regular
3554,Arjun,Reddy,arjun.reddy3554@mail.com,9835573274,Ahmedabad,Gujarat,2024-06-13,Premium
3555,Ananya,Nair,ananya.nair3555@mail.com,9307348733,Nagpur,Maharashtra,2025-04-26,New
3556,Pari,Kumar,pari.kumar3556@mail.com,9422306387,Bengaluru,Karnataka,2025-07-28,Regular
3557,William,Anderson,william.anderson3557@mail.com,9901573226,Jaipur,Rajasthan,2025-11-26,Regular
3558,Amit,Das,amit.das3558@mail.com,9665169914,Bengaluru,Karnataka,2022-09-21,Regular
3559,Neha,Roy,neha.roy3559@mail.com,9796784942,Ahmedabad,Gujarat,2022-04-29,Regular
3560,Vikram,Kapoor,vikram.kapoor3560@mail.com,9172362185,Kolkata,West Bengal,2024-12-05,Regular
3561,Arjun,Singh,arjun.singh3561@mail.com,9849372868,Kochi,Kerala,2023-06-08,Premium
3562,Michael,Brown,michael.brown3562@mail.com,9428508459,Ahmedabad,Gujarat,2025-03-23,Premium
3563,Ira,Brown,ira.brown3563@mail.com,9126308198,Indore,Madhya Pradesh,2025-10-23,Regular
3564,Olivia,Anderson,olivia.anderson3564@mail.com,9769512542,Chennai,Tamil Nadu,2025-03-07,Premium
3565,David,Singh,david.singh3565@mail.com,9828287674,Jaipur,Rajasthan,2023-05-10,New
3566,Divya,Anderson,divya.anderson3566@mail.com,9265533725,Hyderabad,Telangana,2024-03-19,New
3567,Vihaan,Roy,vihaan.roy3567@mail.com,9163730847,Lucknow,Uttar Pradesh,2022-10-16,Regular
3568,David,Brown,david.brown3568@mail.com,9242172514,Mumbai,Maharashtra,2022-07-22,Regular
3569,John,Smith,john.smith3569@mail.com,9886467460,Ahmedabad,Gujarat,2025-11-02,Regular
3570,Ira,Smith,ira.smith3570@mail.com,9636078750,Chandigarh,Punjab,2024-12-06,New
3571,James,Smith,james.smith3571@mail.com,9907032814,Indore,Madhya Pradesh,2024-01-05,New
3572,John,Iyer,john.iyer3572@mail.com,9284842392,Chennai,Tamil Nadu,2024-08-21,Regular
3573,Aarav,Sharma,aarav.sharma3573@mail.com,9156160043,Kolkata,West Bengal,2024-12-08,Regular
3574,Neha,Taylor,neha.taylor3574@mail.com,9967966319,Jaipur,Rajasthan,2022-09-29,Regular
3575,Vihaan,Johnson,vihaan.johnson3575@mail.com,9176548248,Kolkata,West Bengal,2024-02-23,Regular
3576,James,Iyer,james.iyer3576@mail.com,9265255578,Bengaluru,Karnataka,2023-06-10,New
3577,Riya,Gupta,riya.gupta3577@mail.com,9926609653,Jaipur,Rajasthan,2025-04-20,Premium
3578,Kiara,Sharma,kiara.sharma3578@mail.com,9254318493,Indore,Madhya Pradesh,2023-02-18,Regular
3579,Emma,Roy,emma.roy3579@mail.com,9557199926,Mumbai,Maharashtra,2024-11-15,Premium
3580,James,Kumar,james.kumar3580@mail.com,9144986086,Kochi,Kerala,2022-05-11,Regular
3581,Anika,Taylor,anika.taylor3581@mail.com,9308290739,Mumbai,Maharashtra,2025-06-28,Regular
3582,Ira,Nair,ira.nair3582@mail.com,9327805883,Jaipur,Rajasthan,2025-08-09,Regular
3583,Diya,Verma,diya.verma3583@mail.com,9956108975,Kochi,Kerala,2023-11-13,Premium
3584,Vikram,Malhotra,vikram.malhotra3584@mail.com,9890149939,Jaipur,Rajasthan,2023-04-03,Regular
3585,Karan,Mehta,karan.mehta3585@mail.com,9901771163,Delhi,Delhi,2023-03-12,Regular
3586,Sneha,Sharma,sneha.sharma3586@mail.com,9726938297,Indore,Madhya Pradesh,2024-06-06,Premium
3587,Karan,Kumar,karan.kumar3587@mail.com,9740354544,Ahmedabad,Gujarat,2025-03-25,New
3588,Krishna,Mehta,krishna.mehta3588@mail.com,9461459462,Bengaluru,Karnataka,2025-02-11,Regular
3589,Aadhya,Johnson,aadhya.johnson3589@mail.com,9517943910,Lucknow,Uttar Pradesh,2023-07-08,Regular
3590,Pari,Smith,pari.smith3590@mail.com,9145352017,Ahmedabad,Gujarat,2023-02-24,Regular
3591,David,Kumar,david.kumar3591@mail.com,9421215367,Jaipur,Rajasthan,2022-01-30,Premium
3592,Priya,Patel,priya.patel3592@mail.com,9715293993,Chennai,Tamil Nadu,2025-10-18,Regular
3593,Robert,Chatterjee,robert.chatterjee3593@mail.com,9989473796,Chandigarh,Punjab,2025-01-28,Regular
3594,Olivia,Sharma,olivia.sharma3594@mail.com,9281017601,Kochi,Kerala,2025-06-17,Regular
3595,Ishaan,Verma,ishaan.verma3595@mail.com,9960529750,Hyderabad,Telangana,2022-07-04,Regular
3596,Neha,Malhotra,neha.malhotra3596@mail.com,9918949659,Bengaluru,Karnataka,2023-11-12,Regular
3597,Divya,Sharma,divya.sharma3597@mail.com,9603202486,Hyderabad,Telangana,2023-10-02,Regular
3598,Myra,Iyer,myra.iyer3598@mail.com,9705076465,Kochi,Kerala,2024-06-20,Premium
3599,Rahul,Kapoor,rahul.kapoor3599@mail.com,9671864576,Kolkata,West Bengal,2024-07-31,Regular
3600,Michael,Iyer,michael.iyer3600@mail.com,9804703228,Chennai,Tamil Nadu,2022-05-17,Regular
3601,Olivia,Mehta,olivia.mehta3601@mail.com,9837376984,Jaipur,Rajasthan,2022-11-22,Regular
3602,Amit,Das,amit.das3602@mail.com,9910261267,Kochi,Kerala,2022-09-22,New
3603,James,Das,james.das3603@mail.com,9525665387,Kochi,Kerala,2024-11-19,New
3604,Ira,Iyer,ira.iyer3604@mail.com,9712625050,Kolkata,West Bengal,2022-11-22,Regular
3605,Myra,Reddy,myra.reddy3605@mail.com,9561024904,Mumbai,Maharashtra,2025-08-09,Regular
3606,Pooja,Brown,pooja.brown3606@mail.com,9869262479,Lucknow,Uttar Pradesh,2023-07-28,Regular
3607,Emma,Kumar,emma.kumar3607@mail.com,9414107655,Surat,Gujarat,2024-11-23,Regular
3608,Sophia,Singh,sophia.singh3608@mail.com,9851397931,Mumbai,Maharashtra,2024-02-26,Regular
3609,Sneha,Singh,sneha.singh3609@mail.com,9805666604,Chandigarh,Punjab,2025-10-27,Regular
3610,Sai,Das,sai.das3610@mail.com,9957091885,Indore,Madhya Pradesh,2022-07-04,Regular
3611,Amit,Nair,amit.nair3611@mail.com,9416647587,Indore,Madhya Pradesh,2022-10-28,New
3612,Michael,Smith,michael.smith3612@mail.com,9704652399,Chennai,Tamil Nadu,2024-04-28,Premium
3613,Sneha,Sharma,sneha.sharma3613@mail.com,9551410152,Surat,Gujarat,2022-11-09,Regular
3614,Isabella,Nair,isabella.nair3614@mail.com,9336291485,Chandigarh,Punjab,2024-08-28,Regular
3615,Divya,Das,divya.das3615@mail.com,9721988060,Mumbai,Maharashtra,2022-11-07,New
3616,Myra,Kumar,myra.kumar3616@mail.com,9829403184,Nagpur,Maharashtra,2025-03-19,Regular
3617,Olivia,Smith,olivia.smith3617@mail.com,9984679582,Chennai,Tamil Nadu,2025-01-15,Premium
3618,Sophia,Verma,sophia.verma3618@mail.com,9820586864,Surat,Gujarat,2025-02-04,Regular
3619,Isabella,Anderson,isabella.anderson3619@mail.com,9723763433,Pune,Maharashtra,2025-12-11,Regular
3620,Sophia,Taylor,sophia.taylor3620@mail.com,9633004989,Pune,Maharashtra,2023-10-05,Regular
3621,Neha,Gupta,neha.gupta3621@mail.com,9978903995,Surat,Gujarat,2025-01-20,Regular
3622,Aditya,Anderson,aditya.anderson3622@mail.com,9904175683,Hyderabad,Telangana,2024-08-05,Regular
3623,John,Chatterjee,john.chatterjee3623@mail.com,9169580577,Pune,Maharashtra,2024-10-08,Premium
3624,Pooja,Chatterjee,pooja.chatterjee3624@mail.com,9424806842,Pune,Maharashtra,2024-11-10,New
3625,David,Reddy,david.reddy3625@mail.com,9534851516,Nagpur,Maharashtra,2025-01-31,Regular
3626,Riya,Roy,riya.roy3626@mail.com,9649462079,Ahmedabad,Gujarat,2024-04-21,Regular
3627,Vivaan,Nair,vivaan.nair3627@mail.com,9118139985,Chandigarh,Punjab,2024-09-07,Regular
3628,Ishaan,Patel,ishaan.patel3628@mail.com,9737456707,Kolkata,West Bengal,2025-10-27,Regular
3629,Ayaan,Malhotra,ayaan.malhotra3629@mail.com,9129911556,Chandigarh,Punjab,2023-11-15,Premium
3630,Pooja,Roy,pooja.roy3630@mail.com,9207125379,Bengaluru,Karnataka,2025-03-07,Premium
3631,Vikram,Das,vikram.das3631@mail.com,9791033824,Kolkata,West Bengal,2025-09-04,Premium
3632,Reyansh,Das,reyansh.das3632@mail.com,9923577253,Bengaluru,Karnataka,2022-02-24,Premium
3633,Priya,Sharma,priya.sharma3633@mail.com,9531418689,Kolkata,West Bengal,2025-05-05,Regular
3634,Ayaan,Verma,ayaan.verma3634@mail.com,9588210640,Lucknow,Uttar Pradesh,2022-09-28,Regular
3635,Ishaan,Chatterjee,ishaan.chatterjee3635@mail.com,9695751636,Bengaluru,Karnataka,2024-03-04,Premium
3636,Myra,Patel,myra.patel3636@mail.com,9395172655,Surat,Gujarat,2025-12-17,Regular
3637,Olivia,Kapoor,olivia.kapoor3637@mail.com,9752268031,Surat,Gujarat,2024-07-19,New
3638,Anika,Smith,anika.smith3638@mail.com,9147500964,Kolkata,West Bengal,2024-10-02,Regular
3639,Amit,Malhotra,amit.malhotra3639@mail.com,9544277539,Nagpur,Maharashtra,2024-11-28,Premium
3640,Myra,Singh,myra.singh3640@mail.com,9463267502,Pune,Maharashtra,2025-11-15,Regular
3641,Priya,Anderson,priya.anderson3641@mail.com,9353537964,Kochi,Kerala,2022-07-27,Premium
3642,Aadhya,Iyer,aadhya.iyer3642@mail.com,9446716180,Pune,Maharashtra,2023-11-28,Premium
3643,James,Anderson,james.anderson3643@mail.com,9825977400,Surat,Gujarat,2022-03-09,Regular
3644,Sai,Das,sai.das3644@mail.com,9613722265,Lucknow,Uttar Pradesh,2025-05-20,Premium
3645,Myra,Das,myra.das3645@mail.com,9394042538,Kochi,Kerala,2023-07-28,Regular
3646,Pari,Johnson,pari.johnson3646@mail.com,9646642852,Jaipur,Rajasthan,2023-03-05,Regular
3647,Arjun,Kapoor,arjun.kapoor3647@mail.com,9168602871,Chennai,Tamil Nadu,2024-09-16,New
3648,Reyansh,Nair,reyansh.nair3648@mail.com,9343547971,Chandigarh,Punjab,2023-10-23,New
3649,Saanvi,Brown,saanvi.brown3649@mail.com,9675261633,Ahmedabad,Gujarat,2022-08-22,Regular
3650,William,Roy,william.roy3650@mail.com,9746113933,Delhi,Delhi,2022-03-18,Premium
3651,Sophia,Anderson,sophia.anderson3651@mail.com,9763475999,Ahmedabad,Gujarat,2025-01-06,Regular
3652,Ishaan,Patel,ishaan.patel3652@mail.com,9785916543,Chennai,Tamil Nadu,2025-07-09,Regular
3653,Olivia,Das,olivia.das3653@mail.com,9413449429,Chennai,Tamil Nadu,2024-04-23,New
3654,Rohan,Kapoor,rohan.kapoor3654@mail.com,9126564074,Surat,Gujarat,2023-04-20,New
3655,Olivia,Taylor,olivia.taylor3655@mail.com,9420150230,Nagpur,Maharashtra,2022-02-14,Regular
3656,Aadhya,Nair,aadhya.nair3656@mail.com,9758371231,Pune,Maharashtra,2024-09-09,Regular
3657,Priya,Das,priya.das3657@mail.com,9810715270,Hyderabad,Telangana,2022-09-01,Regular
3658,Priya,Johnson,priya.johnson3658@mail.com,9586411508,Kochi,Kerala,2022-11-25,Premium
3659,Ishaan,Anderson,ishaan.anderson3659@mail.com,9350741721,Delhi,Delhi,2024-11-08,Regular
3660,Pooja,Singh,pooja.singh3660@mail.com,9863076502,Mumbai,Maharashtra,2022-10-07,Premium
3661,Sai,Smith,sai.smith3661@mail.com,9700447798,Pune,Maharashtra,2025-12-15,Premium
3662,Ananya,Patel,ananya.patel3662@mail.com,9343351931,Bengaluru,Karnataka,2023-09-07,Regular
3663,Michael,Gupta,michael.gupta3663@mail.com,9690547490,Pune,Maharashtra,2025-07-07,Premium
3664,Vikram,Patel,vikram.patel3664@mail.com,9726075181,Kolkata,West Bengal,2024-03-07,Regular
3665,Isabella,Singh,isabella.singh3665@mail.com,9422005627,Chennai,Tamil Nadu,2024-02-27,New
3666,Riya,Brown,riya.brown3666@mail.com,9289715127,Kochi,Kerala,2022-09-08,Regular
3667,Rohan,Johnson,rohan.johnson3667@mail.com,9684941638,Chennai,Tamil Nadu,2025-08-24,Regular
3668,Priya,Mehta,priya.mehta3668@mail.com,9895345985,Surat,Gujarat,2025-06-02,Regular
3669,Arjun,Anderson,arjun.anderson3669@mail.com,9103153993,Pune,Maharashtra,2022-01-27,New
3670,Ananya,Gupta,ananya.gupta3670@mail.com,9651495576,Chandigarh,Punjab,2022-07-12,Regular
3671,Pooja,Gupta,pooja.gupta3671@mail.com,9793133016,Nagpur,Maharashtra,2023-08-11,New
3672,Reyansh,Patel,reyansh.patel3672@mail.com,9945824703,Indore,Madhya Pradesh,2023-09-07,New
3673,Rahul,Brown,rahul.brown3673@mail.com,9850599733,Surat,Gujarat,2022-04-30,Premium
3674,Riya,Roy,riya.roy3674@mail.com,9318394426,Kochi,Kerala,2024-09-24,New
3675,Kiara,Sharma,kiara.sharma3675@mail.com,9890213860,Bengaluru,Karnataka,2025-04-26,New
3676,Krishna,Roy,krishna.roy3676@mail.com,9534938557,Chennai,Tamil Nadu,2025-09-22,Premium
3677,Anika,Singh,anika.singh3677@mail.com,9927479704,Surat,Gujarat,2022-02-28,New
3678,Olivia,Johnson,olivia.johnson3678@mail.com,9904341388,Mumbai,Maharashtra,2025-03-23,Premium
3679,Sneha,Brown,sneha.brown3679@mail.com,9859221556,Nagpur,Maharashtra,2023-01-19,Regular
3680,Saanvi,Taylor,saanvi.taylor3680@mail.com,9504920475,Ahmedabad,Gujarat,2024-07-30,Regular
3681,David,Taylor,david.taylor3681@mail.com,9544381947,Kolkata,West Bengal,2022-06-09,Regular
3682,James,Brown,james.brown3682@mail.com,9358245981,Chennai,Tamil Nadu,2022-12-23,New
3683,Aditya,Nair,aditya.nair3683@mail.com,9951943075,Nagpur,Maharashtra,2022-09-20,Regular
3684,Myra,Mehta,myra.mehta3684@mail.com,9758975281,Lucknow,Uttar Pradesh,2025-01-19,Regular
3685,Aadhya,Anderson,aadhya.anderson3685@mail.com,9554597289,Jaipur,Rajasthan,2023-03-29,New
3686,Priya,Johnson,priya.johnson3686@mail.com,9762710205,Kochi,Kerala,2022-02-03,Regular
3687,Sophia,Malhotra,sophia.malhotra3687@mail.com,9177488529,Pune,Maharashtra,2022-11-03,Premium
3688,Ira,Brown,ira.brown3688@mail.com,9229168599,Chennai,Tamil Nadu,2023-08-25,Regular
3689,Ananya,Singh,ananya.singh3689@mail.com,9363403074,Indore,Madhya Pradesh,2023-12-19,Regular
3690,Pari,Brown,pari.brown3690@mail.com,9487080174,Kolkata,West Bengal,2023-09-22,Regular
3691,David,Verma,david.verma3691@mail.com,9218158489,Jaipur,Rajasthan,2024-02-25,Regular
3692,Krishna,Brown,krishna.brown3692@mail.com,9334274669,Delhi,Delhi,2025-03-08,Premium
3693,John,Brown,john.brown3693@mail.com,9757495663,Chandigarh,Punjab,2023-11-17,Regular
3694,Ananya,Reddy,ananya.reddy3694@mail.com,9621803741,Chandigarh,Punjab,2024-06-17,Regular
3695,Riya,Gupta,riya.gupta3695@mail.com,9420652120,Lucknow,Uttar Pradesh,2022-04-03,Regular
3696,Pooja,Smith,pooja.smith3696@mail.com,9102663028,Bengaluru,Karnataka,2023-11-17,Regular
3697,Aadhya,Mehta,aadhya.mehta3697@mail.com,9936968387,Chennai,Tamil Nadu,2025-10-31,Regular
3698,Pooja,Brown,pooja.brown3698@mail.com,9616589157,Bengaluru,Karnataka,2023-01-05,Regular
3699,Vikram,Patel,vikram.patel3699@mail.com,9714892127,Mumbai,Maharashtra,2023-09-08,Regular
3700,Anika,Patel,anika.patel3700@mail.com,9170979361,Chennai,Tamil Nadu,2024-01-10,Regular
3701,Sai,Johnson,sai.johnson3701@mail.com,9837271659,Ahmedabad,Gujarat,2023-08-22,Premium
3702,Saanvi,Nair,saanvi.nair3702@mail.com,9483968051,Delhi,Delhi,2022-08-23,Regular
3703,Sneha,Anderson,sneha.anderson3703@mail.com,9664770094,Jaipur,Rajasthan,2024-08-13,Premium
3704,James,Singh,james.singh3704@mail.com,9168212310,Bengaluru,Karnataka,2025-11-10,Regular
3705,Aarav,Chatterjee,aarav.chatterjee3705@mail.com,9445992536,Chennai,Tamil Nadu,2023-05-15,Regular
3706,Olivia,Taylor,olivia.taylor3706@mail.com,9201746250,Jaipur,Rajasthan,2023-02-02,Regular
3707,Neha,Johnson,neha.johnson3707@mail.com,9639070425,Mumbai,Maharashtra,2022-05-03,Regular
3708,Vikram,Kumar,vikram.kumar3708@mail.com,9361143429,Delhi,Delhi,2023-10-02,Regular
3709,Sai,Smith,sai.smith3709@mail.com,9198890772,Delhi,Delhi,2023-05-28,Regular
3710,Rahul,Roy,rahul.roy3710@mail.com,9542975196,Bengaluru,Karnataka,2025-07-16,Regular
3711,Aarav,Kumar,aarav.kumar3711@mail.com,9957309625,Jaipur,Rajasthan,2022-06-08,Regular
3712,Reyansh,Verma,reyansh.verma3712@mail.com,9760500967,Chandigarh,Punjab,2024-04-10,Premium
3713,James,Taylor,james.taylor3713@mail.com,9423402772,Bengaluru,Karnataka,2023-11-09,Premium
3714,Vihaan,Taylor,vihaan.taylor3714@mail.com,9789680282,Jaipur,Rajasthan,2025-08-27,New
3715,Ishaan,Taylor,ishaan.taylor3715@mail.com,9982581569,Lucknow,Uttar Pradesh,2025-09-06,Regular
3716,Arjun,Johnson,arjun.johnson3716@mail.com,9382692545,Bengaluru,Karnataka,2025-12-18,Premium
3717,Aarav,Brown,aarav.brown3717@mail.com,9135691579,Mumbai,Maharashtra,2023-01-14,Regular
3718,Diya,Das,diya.das3718@mail.com,9563574299,Nagpur,Maharashtra,2023-11-18,New
3719,Robert,Sharma,robert.sharma3719@mail.com,9825076507,Pune,Maharashtra,2022-10-10,Regular
3720,Reyansh,Iyer,reyansh.iyer3720@mail.com,9410607842,Indore,Madhya Pradesh,2022-11-11,Regular
3721,Emma,Kumar,emma.kumar3721@mail.com,9139372167,Delhi,Delhi,2023-10-08,Regular
3722,James,Chatterjee,james.chatterjee3722@mail.com,9708156420,Bengaluru,Karnataka,2022-02-09,Regular
3723,William,Taylor,william.taylor3723@mail.com,9368273078,Hyderabad,Telangana,2024-11-29,Regular
3724,Krishna,Nair,krishna.nair3724@mail.com,9398366390,Mumbai,Maharashtra,2022-03-06,New
3725,Myra,Chatterjee,myra.chatterjee3725@mail.com,9240114400,Bengaluru,Karnataka,2025-09-23,Regular
3726,Michael,Brown,michael.brown3726@mail.com,9250150067,Chandigarh,Punjab,2022-02-26,Regular
3727,Divya,Verma,divya.verma3727@mail.com,9181095048,Delhi,Delhi,2023-03-02,Regular
3728,Pari,Singh,pari.singh3728@mail.com,9340117837,Lucknow,Uttar Pradesh,2022-07-26,Regular
3729,Diya,Johnson,diya.johnson3729@mail.com,9294922222,Jaipur,Rajasthan,2024-02-15,New
3730,Ayaan,Singh,ayaan.singh3730@mail.com,9269998959,Hyderabad,Telangana,2025-05-09,Regular
3731,Emma,Kapoor,emma.kapoor3731@mail.com,9457831517,Bengaluru,Karnataka,2023-03-20,Regular
3732,Amit,Brown,amit.brown3732@mail.com,9420405665,Indore,Madhya Pradesh,2023-09-03,Premium
3733,Olivia,Sharma,olivia.sharma3733@mail.com,9286039346,Chennai,Tamil Nadu,2025-04-10,Regular
3734,Olivia,Singh,olivia.singh3734@mail.com,9387357677,Bengaluru,Karnataka,2022-04-22,Premium
3735,Sneha,Johnson,sneha.johnson3735@mail.com,9365769590,Kolkata,West Bengal,2024-07-18,Premium
3736,Rahul,Patel,rahul.patel3736@mail.com,9397134330,Chandigarh,Punjab,2025-03-19,Premium
3737,Michael,Reddy,michael.reddy3737@mail.com,9767685374,Ahmedabad,Gujarat,2023-04-21,Regular
3738,Sai,Smith,sai.smith3738@mail.com,9839118629,Bengaluru,Karnataka,2024-02-25,New
3739,William,Johnson,william.johnson3739@mail.com,9974105436,Pune,Maharashtra,2025-02-26,New
3740,Ira,Kumar,ira.kumar3740@mail.com,9920371612,Surat,Gujarat,2024-03-09,New
3741,Michael,Patel,michael.patel3741@mail.com,9786744780,Jaipur,Rajasthan,2022-05-05,Premium
3742,Emma,Taylor,emma.taylor3742@mail.com,9422279646,Delhi,Delhi,2023-06-30,Regular
3743,Michael,Patel,michael.patel3743@mail.com,9367591057,Kolkata,West Bengal,2025-04-06,Premium
3744,Ananya,Kapoor,ananya.kapoor3744@mail.com,9574090777,Indore,Madhya Pradesh,2023-07-09,New
3745,William,Taylor,william.taylor3745@mail.com,9872749635,Pune,Maharashtra,2025-09-27,Regular
3746,Aadhya,Roy,aadhya.roy3746@mail.com,9723371785,Kochi,Kerala,2025-11-12,Premium
3747,Emma,Nair,emma.nair3747@mail.com,9918072429,Chandigarh,Punjab,2025-03-26,Premium
3748,Robert,Patel,robert.patel3748@mail.com,9265459293,Chennai,Tamil Nadu,2023-02-19,New
3749,David,Kumar,david.kumar3749@mail.com,9736074159,Bengaluru,Karnataka,2023-09-02,Regular
3750,Rahul,Gupta,rahul.gupta3750@mail.com,9268206196,Chandigarh,Punjab,2024-07-26,New
3751,Emma,Singh,emma.singh3751@mail.com,9899880385,Chandigarh,Punjab,2025-01-25,New
3752,James,Mehta,james.mehta3752@mail.com,9328172807,Chandigarh,Punjab,2023-08-10,Regular
3753,Robert,Das,robert.das3753@mail.com,9904321647,Kolkata,West Bengal,2023-05-20,Premium
3754,Vivaan,Taylor,vivaan.taylor3754@mail.com,9942664268,Delhi,Delhi,2024-03-16,Premium
3755,Ishaan,Kapoor,ishaan.kapoor3755@mail.com,9707208261,Ahmedabad,Gujarat,2025-04-23,Premium
3756,Divya,Malhotra,divya.malhotra3756@mail.com,9907508347,Surat,Gujarat,2025-01-23,Premium
3757,Arjun,Taylor,arjun.taylor3757@mail.com,9203274109,Pune,Maharashtra,2023-04-05,Premium
3758,Amit,Gupta,amit.gupta3758@mail.com,9208991359,Kolkata,West Bengal,2024-11-21,Premium
3759,Isabella,Gupta,isabella.gupta3759@mail.com,9131382183,Hyderabad,Telangana,2022-02-17,Regular
3760,Aadhya,Kumar,aadhya.kumar3760@mail.com,9240444062,Kolkata,West Bengal,2022-05-01,Regular
3761,Ananya,Sharma,ananya.sharma3761@mail.com,9202455175,Chennai,Tamil Nadu,2025-01-03,Premium
3762,Rahul,Roy,rahul.roy3762@mail.com,9864051605,Mumbai,Maharashtra,2025-02-12,New
3763,David,Mehta,david.mehta3763@mail.com,9716156905,Hyderabad,Telangana,2022-08-30,Regular
3764,Ayaan,Kapoor,ayaan.kapoor3764@mail.com,9527598238,Indore,Madhya Pradesh,2023-02-07,Premium
3765,Pari,Anderson,pari.anderson3765@mail.com,9526125807,Bengaluru,Karnataka,2023-10-25,Premium
3766,Ishaan,Chatterjee,ishaan.chatterjee3766@mail.com,9992652729,Chandigarh,Punjab,2022-12-03,Regular
3767,Kiara,Johnson,kiara.johnson3767@mail.com,9906007114,Kolkata,West Bengal,2023-02-25,New
3768,Saanvi,Malhotra,saanvi.malhotra3768@mail.com,9216914125,Ahmedabad,Gujarat,2022-10-12,Premium
3769,Sneha,Chatterjee,sneha.chatterjee3769@mail.com,9777111434,Surat,Gujarat,2023-09-08,Regular
3770,William,Chatterjee,william.chatterjee3770@mail.com,9381604337,Jaipur,Rajasthan,2025-09-23,Regular
3771,Ayaan,Reddy,ayaan.reddy3771@mail.com,9789375674,Kolkata,West Bengal,2025-12-09,New
3772,Kiara,Chatterjee,kiara.chatterjee3772@mail.com,9594097964,Delhi,Delhi,2025-06-24,Regular
3773,Vivaan,Taylor,vivaan.taylor3773@mail.com,9832214650,Surat,Gujarat,2025-02-01,Regular
3774,Robert,Patel,robert.patel3774@mail.com,9744333516,Delhi,Delhi,2022-03-09,Regular
3775,David,Iyer,david.iyer3775@mail.com,9282330232,Pune,Maharashtra,2025-03-15,Regular
3776,William,Patel,william.patel3776@mail.com,9709548712,Lucknow,Uttar Pradesh,2023-07-12,Premium
3777,Aditya,Gupta,aditya.gupta3777@mail.com,9309044028,Hyderabad,Telangana,2023-04-20,Regular
3778,Ira,Singh,ira.singh3778@mail.com,9611356700,Surat,Gujarat,2025-09-25,Regular
3779,Rahul,Singh,rahul.singh3779@mail.com,9836212307,Chennai,Tamil Nadu,2024-12-28,Premium
3780,Kiara,Verma,kiara.verma3780@mail.com,9986400277,Lucknow,Uttar Pradesh,2025-01-22,Premium
3781,Riya,Gupta,riya.gupta3781@mail.com,9882081762,Mumbai,Maharashtra,2022-05-26,New
3782,Priya,Malhotra,priya.malhotra3782@mail.com,9332475983,Mumbai,Maharashtra,2022-06-01,New
3783,Vikram,Gupta,vikram.gupta3783@mail.com,9211378694,Kolkata,West Bengal,2022-01-22,New
3784,Sneha,Chatterjee,sneha.chatterjee3784@mail.com,9811801457,Chandigarh,Punjab,2022-06-20,Premium
3785,Vihaan,Kapoor,vihaan.kapoor3785@mail.com,9804543412,Surat,Gujarat,2022-11-27,New
3786,Aditya,Nair,aditya.nair3786@mail.com,9668693231,Jaipur,Rajasthan,2024-05-04,New
3787,Ayaan,Brown,ayaan.brown3787@mail.com,9684428271,Mumbai,Maharashtra,2022-05-29,New
3788,Karan,Verma,karan.verma3788@mail.com,9364621313,Chennai,Tamil Nadu,2022-10-23,Regular
3789,Saanvi,Mehta,saanvi.mehta3789@mail.com,9638958403,Surat,Gujarat,2023-11-06,Regular
3790,Riya,Nair,riya.nair3790@mail.com,9164331867,Hyderabad,Telangana,2023-10-16,Regular
3791,Olivia,Verma,olivia.verma3791@mail.com,9846635979,Ahmedabad,Gujarat,2025-03-04,New
3792,Reyansh,Kumar,reyansh.kumar3792@mail.com,9999079920,Surat,Gujarat,2025-04-26,Regular
3793,Vikram,Brown,vikram.brown3793@mail.com,9163093805,Delhi,Delhi,2023-10-26,Premium
3794,Reyansh,Gupta,reyansh.gupta3794@mail.com,9949024504,Ahmedabad,Gujarat,2022-08-26,Regular
3795,Krishna,Iyer,krishna.iyer3795@mail.com,9725955807,Chandigarh,Punjab,2023-09-26,New
3796,Vivaan,Nair,vivaan.nair3796@mail.com,9425832442,Surat,Gujarat,2024-08-08,Premium
3797,Aarav,Reddy,aarav.reddy3797@mail.com,9659155913,Jaipur,Rajasthan,2025-09-03,Regular
3798,Sai,Iyer,sai.iyer3798@mail.com,9242292276,Nagpur,Maharashtra,2024-12-28,Regular
3799,Pari,Smith,pari.smith3799@mail.com,9246799231,Surat,Gujarat,2024-09-19,New
3800,Arjun,Malhotra,arjun.malhotra3800@mail.com,9328843118,Kolkata,West Bengal,2024-09-02,New
3801,Michael,Kumar,michael.kumar3801@mail.com,9508627910,Chennai,Tamil Nadu,2024-05-27,Regular
3802,Arjun,Patel,arjun.patel3802@mail.com,9694968649,Indore,Madhya Pradesh,2022-06-13,Regular
3803,Priya,Kapoor,priya.kapoor3803@mail.com,9759992800,Delhi,Delhi,2025-09-08,New
3804,Ayaan,Chatterjee,ayaan.chatterjee3804@mail.com,9407377982,Bengaluru,Karnataka,2023-05-26,Premium
3805,Ayaan,Johnson,ayaan.johnson3805@mail.com,9404898529,Surat,Gujarat,2022-04-09,Regular
3806,Anika,Gupta,anika.gupta3806@mail.com,9460256956,Hyderabad,Telangana,2023-11-10,Regular
3807,Karan,Taylor,karan.taylor3807@mail.com,9810698553,Bengaluru,Karnataka,2024-03-06,Regular
3808,Pooja,Mehta,pooja.mehta3808@mail.com,9974185572,Pune,Maharashtra,2023-11-22,Regular
3809,James,Reddy,james.reddy3809@mail.com,9913531145,Chandigarh,Punjab,2024-10-14,Premium
3810,Arjun,Sharma,arjun.sharma3810@mail.com,9249175681,Chandigarh,Punjab,2024-01-15,Regular
3811,Arjun,Anderson,arjun.anderson3811@mail.com,9726796234,Jaipur,Rajasthan,2025-05-08,Premium
3812,Ira,Das,ira.das3812@mail.com,9664478772,Surat,Gujarat,2024-01-06,Regular
3813,Karan,Kapoor,karan.kapoor3813@mail.com,9644047343,Lucknow,Uttar Pradesh,2025-05-09,Regular
3814,Vihaan,Sharma,vihaan.sharma3814@mail.com,9496472975,Delhi,Delhi,2025-04-25,New
3815,Robert,Taylor,robert.taylor3815@mail.com,9584706065,Pune,Maharashtra,2025-09-20,New
3816,Aadhya,Johnson,aadhya.johnson3816@mail.com,9490908237,Indore,Madhya Pradesh,2024-10-30,Regular
3817,Ishaan,Reddy,ishaan.reddy3817@mail.com,9581309963,Chandigarh,Punjab,2022-06-26,Regular
3818,David,Brown,david.brown3818@mail.com,9243096531,Indore,Madhya Pradesh,2025-08-31,Regular
3819,Michael,Sharma,michael.sharma3819@mail.com,9378088986,Kolkata,West Bengal,2022-01-17,Regular
3820,Aditya,Gupta,aditya.gupta3820@mail.com,9415744816,Nagpur,Maharashtra,2025-09-01,New
3821,Ayaan,Patel,ayaan.patel3821@mail.com,9105469253,Nagpur,Maharashtra,2024-02-14,Regular
3822,Emma,Reddy,emma.reddy3822@mail.com,9379899811,Mumbai,Maharashtra,2025-12-05,Regular
3823,Reyansh,Sharma,reyansh.sharma3823@mail.com,9103683345,Chandigarh,Punjab,2024-04-23,Regular
3824,Karan,Verma,karan.verma3824@mail.com,9821893612,Chennai,Tamil Nadu,2022-07-25,Regular
3825,Vikram,Nair,vikram.nair3825@mail.com,9108276051,Ahmedabad,Gujarat,2024-04-14,Regular
3826,Amit,Iyer,amit.iyer3826@mail.com,9230690083,Pune,Maharashtra,2025-09-12,Regular
3827,Myra,Nair,myra.nair3827@mail.com,9692935478,Bengaluru,Karnataka,2023-01-06,Regular
3828,Ishaan,Kapoor,ishaan.kapoor3828@mail.com,9114142209,Jaipur,Rajasthan,2023-07-23,Regular
3829,Ishaan,Das,ishaan.das3829@mail.com,9306807793,Pune,Maharashtra,2025-05-26,Premium
3830,Pari,Verma,pari.verma3830@mail.com,9101383869,Chennai,Tamil Nadu,2022-07-08,Regular
3831,Pooja,Mehta,pooja.mehta3831@mail.com,9585729796,Lucknow,Uttar Pradesh,2022-08-26,Regular
3832,Reyansh,Iyer,reyansh.iyer3832@mail.com,9364435446,Pune,Maharashtra,2025-09-28,Regular
3833,James,Singh,james.singh3833@mail.com,9442184789,Indore,Madhya Pradesh,2024-06-26,New
3834,Ananya,Das,ananya.das3834@mail.com,9735707426,Bengaluru,Karnataka,2022-01-16,Premium
3835,Olivia,Kapoor,olivia.kapoor3835@mail.com,9226336657,Chandigarh,Punjab,2025-12-05,New
3836,Michael,Kumar,michael.kumar3836@mail.com,9697563674,Mumbai,Maharashtra,2025-05-11,Premium
3837,Neha,Patel,neha.patel3837@mail.com,9131364696,Bengaluru,Karnataka,2025-01-11,Regular
3838,Arjun,Sharma,arjun.sharma3838@mail.com,9422232001,Delhi,Delhi,2025-06-27,Regular
3839,Robert,Patel,robert.patel3839@mail.com,9423499395,Delhi,Delhi,2025-06-09,Regular
3840,Krishna,Das,krishna.das3840@mail.com,9917064322,Surat,Gujarat,2022-07-15,New
3841,Riya,Kapoor,riya.kapoor3841@mail.com,9604155048,Jaipur,Rajasthan,2024-04-19,Premium
3842,Kiara,Nair,kiara.nair3842@mail.com,9691205127,Mumbai,Maharashtra,2022-12-25,Regular
3843,Amit,Roy,amit.roy3843@mail.com,9755243601,Hyderabad,Telangana,2022-02-16,Regular
3844,John,Kumar,john.kumar3844@mail.com,9700485168,Chandigarh,Punjab,2025-12-25,New
3845,Myra,Anderson,myra.anderson3845@mail.com,9699482034,Lucknow,Uttar Pradesh,2022-08-25,Premium
3846,Reyansh,Patel,reyansh.patel3846@mail.com,9984663831,Chandigarh,Punjab,2025-06-24,Premium
3847,Sophia,Mehta,sophia.mehta3847@mail.com,9357215696,Nagpur,Maharashtra,2024-04-04,Premium
3848,Aarav,Smith,aarav.smith3848@mail.com,9974370733,Pune,Maharashtra,2025-02-05,Regular
3849,John,Kumar,john.kumar3849@mail.com,9942079705,Pune,Maharashtra,2025-04-28,Premium
3850,Vivaan,Roy,vivaan.roy3850@mail.com,9915571858,Chennai,Tamil Nadu,2023-01-18,Premium
3851,Aarav,Taylor,aarav.taylor3851@mail.com,9747190187,Kolkata,West Bengal,2025-03-06,Premium
3852,Pari,Johnson,pari.johnson3852@mail.com,9264525372,Jaipur,Rajasthan,2025-05-29,New
3853,Olivia,Sharma,olivia.sharma3853@mail.com,9505082191,Delhi,Delhi,2022-04-10,Regular
3854,Emma,Anderson,emma.anderson3854@mail.com,9358334487,Hyderabad,Telangana,2024-07-15,Premium
3855,Michael,Anderson,michael.anderson3855@mail.com,9146419246,Delhi,Delhi,2024-03-28,Regular
3856,Sophia,Taylor,sophia.taylor3856@mail.com,9200108623,Surat,Gujarat,2023-04-02,Regular
3857,Pooja,Gupta,pooja.gupta3857@mail.com,9420878001,Lucknow,Uttar Pradesh,2025-02-04,Regular
3858,John,Patel,john.patel3858@mail.com,9781845686,Mumbai,Maharashtra,2024-11-14,Regular
3859,Rahul,Brown,rahul.brown3859@mail.com,9761387608,Lucknow,Uttar Pradesh,2022-11-26,Premium
3860,William,Kapoor,william.kapoor3860@mail.com,9389215848,Chennai,Tamil Nadu,2024-07-30,Premium
3861,Priya,Reddy,priya.reddy3861@mail.com,9446935263,Indore,Madhya Pradesh,2022-01-19,Regular
3862,Diya,Patel,diya.patel3862@mail.com,9898806620,Bengaluru,Karnataka,2023-05-29,Regular
3863,Pari,Das,pari.das3863@mail.com,9105118980,Indore,Madhya Pradesh,2022-03-07,Regular
3864,Isabella,Nair,isabella.nair3864@mail.com,9430512996,Delhi,Delhi,2023-11-09,Regular
3865,William,Malhotra,william.malhotra3865@mail.com,9215977395,Pune,Maharashtra,2024-12-30,Regular
3866,Isabella,Kapoor,isabella.kapoor3866@mail.com,9728095020,Surat,Gujarat,2022-02-28,Regular
3867,Priya,Chatterjee,priya.chatterjee3867@mail.com,9968649346,Kolkata,West Bengal,2022-01-31,Regular
3868,Ananya,Johnson,ananya.johnson3868@mail.com,9585522856,Mumbai,Maharashtra,2023-05-05,New
3869,Aadhya,Patel,aadhya.patel3869@mail.com,9805619076,Bengaluru,Karnataka,2025-06-24,Premium
3870,Karan,Kapoor,karan.kapoor3870@mail.com,9485297578,Bengaluru,Karnataka,2023-04-01,New
3871,James,Roy,james.roy3871@mail.com,9970192762,Bengaluru,Karnataka,2024-12-11,Regular
3872,Aditya,Mehta,aditya.mehta3872@mail.com,9121749497,Surat,Gujarat,2022-10-14,Premium
3873,William,Reddy,william.reddy3873@mail.com,9841052105,Lucknow,Uttar Pradesh,2025-05-13,Regular
3874,Ananya,Iyer,ananya.iyer3874@mail.com,9621165231,Chennai,Tamil Nadu,2022-11-18,Premium
3875,Krishna,Sharma,krishna.sharma3875@mail.com,9424308133,Delhi,Delhi,2024-04-14,Regular
3876,Diya,Iyer,diya.iyer3876@mail.com,9485669380,Chandigarh,Punjab,2023-05-09,Premium
3877,William,Brown,william.brown3877@mail.com,9748672787,Hyderabad,Telangana,2024-08-30,New
3878,Aarav,Brown,aarav.brown3878@mail.com,9337609168,Bengaluru,Karnataka,2023-12-28,Premium
3879,Aadhya,Iyer,aadhya.iyer3879@mail.com,9347635067,Lucknow,Uttar Pradesh,2022-11-18,Regular
3880,Pari,Roy,pari.roy3880@mail.com,9937770968,Nagpur,Maharashtra,2024-01-04,Regular
3881,Ishaan,Verma,ishaan.verma3881@mail.com,9548809963,Delhi,Delhi,2025-10-07,Premium
3882,Reyansh,Chatterjee,reyansh.chatterjee3882@mail.com,9357010335,Chandigarh,Punjab,2023-05-14,Regular
3883,Divya,Patel,divya.patel3883@mail.com,9625498942,Lucknow,Uttar Pradesh,2024-09-24,Regular
3884,Vihaan,Sharma,vihaan.sharma3884@mail.com,9162421799,Chandigarh,Punjab,2022-02-14,Regular
3885,Sneha,Smith,sneha.smith3885@mail.com,9562017056,Delhi,Delhi,2024-02-11,Regular
3886,Robert,Brown,robert.brown3886@mail.com,9868307464,Kochi,Kerala,2025-10-18,Regular
3887,Priya,Gupta,priya.gupta3887@mail.com,9652035096,Kochi,Kerala,2024-01-25,Regular
3888,Karan,Kapoor,karan.kapoor3888@mail.com,9102638572,Kochi,Kerala,2024-07-09,Premium
3889,Divya,Nair,divya.nair3889@mail.com,9343636854,Mumbai,Maharashtra,2023-08-09,Premium
3890,John,Singh,john.singh3890@mail.com,9246798146,Kochi,Kerala,2023-04-25,Regular
3891,David,Anderson,david.anderson3891@mail.com,9599798047,Surat,Gujarat,2024-12-30,Premium
3892,Kiara,Smith,kiara.smith3892@mail.com,9504633664,Chennai,Tamil Nadu,2024-06-22,Premium
3893,Anika,Anderson,anika.anderson3893@mail.com,9113796010,Indore,Madhya Pradesh,2022-08-31,Premium
3894,John,Singh,john.singh3894@mail.com,9827652457,Lucknow,Uttar Pradesh,2025-12-03,New
3895,Sai,Anderson,sai.anderson3895@mail.com,9635746975,Kolkata,West Bengal,2024-05-11,Premium
3896,Robert,Verma,robert.verma3896@mail.com,9470012350,Bengaluru,Karnataka,2025-09-11,Regular
3897,Emma,Gupta,emma.gupta3897@mail.com,9234240941,Mumbai,Maharashtra,2025-03-24,Regular
3898,Sai,Smith,sai.smith3898@mail.com,9611949457,Jaipur,Rajasthan,2022-04-23,Regular
3899,Arjun,Malhotra,arjun.malhotra3899@mail.com,9164289329,Bengaluru,Karnataka,2022-09-28,Regular
3900,Ayaan,Brown,ayaan.brown3900@mail.com,9613742973,Chandigarh,Punjab,2025-01-25,Premium
3901,Sophia,Sharma,sophia.sharma3901@mail.com,9514874520,Chandigarh,Punjab,2024-09-05,Premium
3902,Aadhya,Smith,aadhya.smith3902@mail.com,9364220420,Bengaluru,Karnataka,2022-11-06,Regular
3903,Priya,Iyer,priya.iyer3903@mail.com,9678909057,Pune,Maharashtra,2025-04-14,Regular
3904,Krishna,Brown,krishna.brown3904@mail.com,9979110488,Chandigarh,Punjab,2024-11-24,Premium
3905,Amit,Johnson,amit.johnson3905@mail.com,9544620463,Hyderabad,Telangana,2024-10-16,Regular
3906,Kiara,Nair,kiara.nair3906@mail.com,9750981778,Chennai,Tamil Nadu,2023-01-30,Regular
3907,Vivaan,Patel,vivaan.patel3907@mail.com,9587001911,Nagpur,Maharashtra,2023-11-21,Premium
3908,Anika,Chatterjee,anika.chatterjee3908@mail.com,9907820519,Jaipur,Rajasthan,2025-03-02,New
3909,Ishaan,Patel,ishaan.patel3909@mail.com,9854882391,Kochi,Kerala,2022-05-30,Regular
3910,Riya,Taylor,riya.taylor3910@mail.com,9469989543,Lucknow,Uttar Pradesh,2025-09-11,Premium
3911,David,Brown,david.brown3911@mail.com,9757780473,Hyderabad,Telangana,2022-09-17,New
3912,Vikram,Mehta,vikram.mehta3912@mail.com,9210897670,Ahmedabad,Gujarat,2025-09-11,Premium
3913,Priya,Taylor,priya.taylor3913@mail.com,9467754980,Lucknow,Uttar Pradesh,2022-05-27,New
3914,Robert,Singh,robert.singh3914@mail.com,9662418344,Bengaluru,Karnataka,2022-03-26,Regular
3915,Ira,Sharma,ira.sharma3915@mail.com,9974589687,Kolkata,West Bengal,2023-12-25,Regular
3916,Olivia,Brown,olivia.brown3916@mail.com,9414431459,Bengaluru,Karnataka,2024-06-01,Regular
3917,Myra,Johnson,myra.johnson3917@mail.com,9168304647,Indore,Madhya Pradesh,2022-10-23,Regular
3918,Ira,Smith,ira.smith3918@mail.com,9470898583,Hyderabad,Telangana,2023-05-25,Regular
3919,Michael,Brown,michael.brown3919@mail.com,9437171431,Surat,Gujarat,2024-03-01,Premium
3920,Emma,Mehta,emma.mehta3920@mail.com,9667939466,Ahmedabad,Gujarat,2024-11-13,Regular
3921,Olivia,Reddy,olivia.reddy3921@mail.com,9276831027,Chennai,Tamil Nadu,2025-03-29,Regular
3922,Michael,Iyer,michael.iyer3922@mail.com,9123278962,Chennai,Tamil Nadu,2024-04-13,Premium
3923,James,Sharma,james.sharma3923@mail.com,9543751428,Lucknow,Uttar Pradesh,2022-09-23,New
3924,Emma,Smith,emma.smith3924@mail.com,9511326341,Jaipur,Rajasthan,2023-11-15,New
3925,Ishaan,Verma,ishaan.verma3925@mail.com,9552798452,Indore,Madhya Pradesh,2022-09-16,Premium
3926,Emma,Kumar,emma.kumar3926@mail.com,9292546728,Lucknow,Uttar Pradesh,2023-04-19,Premium
3927,Vivaan,Malhotra,vivaan.malhotra3927@mail.com,9573358718,Lucknow,Uttar Pradesh,2023-03-18,Regular
3928,Ira,Nair,ira.nair3928@mail.com,9178328639,Bengaluru,Karnataka,2025-03-24,Regular
3929,Olivia,Johnson,olivia.johnson3929@mail.com,9104692647,Bengaluru,Karnataka,2022-10-29,Premium
3930,Kiara,Kumar,kiara.kumar3930@mail.com,9595498654,Jaipur,Rajasthan,2025-11-13,New
3931,Aarav,Kapoor,aarav.kapoor3931@mail.com,9470321653,Ahmedabad,Gujarat,2025-03-07,Regular
3932,Krishna,Johnson,krishna.johnson3932@mail.com,9224787477,Nagpur,Maharashtra,2024-11-30,Regular
3933,Vihaan,Anderson,vihaan.anderson3933@mail.com,9126013922,Hyderabad,Telangana,2023-04-17,Premium
3934,Neha,Nair,neha.nair3934@mail.com,9200510003,Chennai,Tamil Nadu,2024-07-16,Premium
3935,Ishaan,Patel,ishaan.patel3935@mail.com,9307305046,Ahmedabad,Gujarat,2025-08-14,Premium
3936,Ishaan,Verma,ishaan.verma3936@mail.com,9709226106,Kochi,Kerala,2025-12-11,Regular
3937,Arjun,Brown,arjun.brown3937@mail.com,9624241199,Kolkata,West Bengal,2024-06-30,Regular
3938,Saanvi,Taylor,saanvi.taylor3938@mail.com,9776607861,Hyderabad,Telangana,2025-10-06,Regular
3939,Neha,Taylor,neha.taylor3939@mail.com,9315243627,Mumbai,Maharashtra,2022-08-20,Regular
3940,Krishna,Nair,krishna.nair3940@mail.com,9129062574,Nagpur,Maharashtra,2022-04-11,New
3941,Neha,Kapoor,neha.kapoor3941@mail.com,9640499929,Surat,Gujarat,2023-07-04,Regular
3942,Riya,Roy,riya.roy3942@mail.com,9318549677,Hyderabad,Telangana,2023-03-12,Regular
3943,Sophia,Chatterjee,sophia.chatterjee3943@mail.com,9509123196,Mumbai,Maharashtra,2024-11-09,Regular
3944,Vikram,Malhotra,vikram.malhotra3944@mail.com,9535371900,Ahmedabad,Gujarat,2025-07-30,Regular
3945,Aadhya,Brown,aadhya.brown3945@mail.com,9109370610,Nagpur,Maharashtra,2023-11-19,Premium
3946,Riya,Malhotra,riya.malhotra3946@mail.com,9407133414,Surat,Gujarat,2024-06-09,New
3947,Karan,Nair,karan.nair3947@mail.com,9125798620,Jaipur,Rajasthan,2024-01-29,New
3948,Ira,Chatterjee,ira.chatterjee3948@mail.com,9867931864,Nagpur,Maharashtra,2022-04-17,Regular
3949,Saanvi,Nair,saanvi.nair3949@mail.com,9380838210,Lucknow,Uttar Pradesh,2024-01-27,Premium
3950,Sai,Chatterjee,sai.chatterjee3950@mail.com,9331014448,Pune,Maharashtra,2022-04-13,New
3951,Aarav,Gupta,aarav.gupta3951@mail.com,9216266052,Surat,Gujarat,2023-11-11,Regular
3952,Ayaan,Kumar,ayaan.kumar3952@mail.com,9470420116,Indore,Madhya Pradesh,2024-12-22,Premium
3953,Vihaan,Roy,vihaan.roy3953@mail.com,9152385253,Hyderabad,Telangana,2024-12-08,Premium
3954,Rohan,Verma,rohan.verma3954@mail.com,9406919711,Chennai,Tamil Nadu,2025-07-30,Regular
3955,Kiara,Verma,kiara.verma3955@mail.com,9391992557,Hyderabad,Telangana,2022-05-11,Regular
3956,David,Das,david.das3956@mail.com,9464997557,Delhi,Delhi,2025-11-08,Regular
3957,Robert,Singh,robert.singh3957@mail.com,9660966411,Chandigarh,Punjab,2025-09-02,Regular
3958,Amit,Singh,amit.singh3958@mail.com,9612509663,Chennai,Tamil Nadu,2024-07-27,Regular
3959,Amit,Verma,amit.verma3959@mail.com,9311618404,Mumbai,Maharashtra,2025-07-02,Premium
3960,Reyansh,Brown,reyansh.brown3960@mail.com,9654393971,Surat,Gujarat,2023-10-13,Regular
3961,Sophia,Iyer,sophia.iyer3961@mail.com,9622974827,Nagpur,Maharashtra,2024-07-12,Regular
3962,Aditya,Gupta,aditya.gupta3962@mail.com,9753048081,Mumbai,Maharashtra,2022-11-13,New
3963,Reyansh,Brown,reyansh.brown3963@mail.com,9751019699,Jaipur,Rajasthan,2025-11-22,Premium
3964,Aadhya,Kumar,aadhya.kumar3964@mail.com,9853473348,Delhi,Delhi,2024-06-11,Regular
3965,Michael,Das,michael.das3965@mail.com,9517967131,Kolkata,West Bengal,2024-11-25,New
3966,Ayaan,Gupta,ayaan.gupta3966@mail.com,9710690903,Lucknow,Uttar Pradesh,2024-08-20,New
3967,David,Anderson,david.anderson3967@mail.com,9482518213,Lucknow,Uttar Pradesh,2025-12-30,Regular
3968,Saanvi,Reddy,saanvi.reddy3968@mail.com,9544339294,Delhi,Delhi,2024-09-02,New
3969,James,Sharma,james.sharma3969@mail.com,9457383647,Jaipur,Rajasthan,2023-03-01,Regular
3970,Riya,Johnson,riya.johnson3970@mail.com,9791085813,Jaipur,Rajasthan,2022-05-18,Premium
3971,Olivia,Smith,olivia.smith3971@mail.com,9572158255,Kochi,Kerala,2022-11-04,Regular
3972,Anika,Johnson,anika.johnson3972@mail.com,9357070361,Hyderabad,Telangana,2025-03-30,Premium
3973,Amit,Reddy,amit.reddy3973@mail.com,9403105147,Bengaluru,Karnataka,2024-03-05,Regular
3974,Ishaan,Iyer,ishaan.iyer3974@mail.com,9602644932,Surat,Gujarat,2025-12-05,Regular
3975,Pooja,Verma,pooja.verma3975@mail.com,9171442309,Chandigarh,Punjab,2023-11-08,Regular
3976,Ira,Taylor,ira.taylor3976@mail.com,9559300570,Jaipur,Rajasthan,2024-09-20,Premium
3977,Aadhya,Sharma,aadhya.sharma3977@mail.com,9974871150,Nagpur,Maharashtra,2023-02-19,Regular
3978,Amit,Smith,amit.smith3978@mail.com,9319589386,Bengaluru,Karnataka,2024-08-04,Regular
3979,David,Taylor,david.taylor3979@mail.com,9736220988,Jaipur,Rajasthan,2025-08-18,Regular
3980,James,Gupta,james.gupta3980@mail.com,9785016512,Pune,Maharashtra,2025-12-25,Regular
3981,James,Nair,james.nair3981@mail.com,9656046834,Pune,Maharashtra,2023-09-07,Regular
3982,Anika,Sharma,anika.sharma3982@mail.com,9963064875,Jaipur,Rajasthan,2024-08-14,New
3983,Aarav,Roy,aarav.roy3983@mail.com,9705915629,Surat,Gujarat,2024-08-24,Regular
3984,Aarav,Anderson,aarav.anderson3984@mail.com,9921976984,Nagpur,Maharashtra,2023-04-04,Premium
3985,Ananya,Kumar,ananya.kumar3985@mail.com,9951861812,Ahmedabad,Gujarat,2024-08-18,Regular
3986,Ayaan,Iyer,ayaan.iyer3986@mail.com,9915995939,Jaipur,Rajasthan,2023-08-23,Regular
3987,Krishna,Kumar,krishna.kumar3987@mail.com,9800587789,Jaipur,Rajasthan,2024-03-09,Regular
3988,Karan,Verma,karan.verma3988@mail.com,9109255799,Ahmedabad,Gujarat,2022-06-19,Regular
3989,Vihaan,Nair,vihaan.nair3989@mail.com,9869151313,Nagpur,Maharashtra,2023-07-25,Regular
3990,Kiara,Kapoor,kiara.kapoor3990@mail.com,9624909238,Hyderabad,Telangana,2025-10-20,New
3991,John,Kumar,john.kumar3991@mail.com,9982240807,Kochi,Kerala,2025-09-18,Regular
3992,Rahul,Iyer,rahul.iyer3992@mail.com,9913242686,Lucknow,Uttar Pradesh,2025-12-28,New
3993,Ayaan,Chatterjee,ayaan.chatterjee3993@mail.com,9725523560,Chandigarh,Punjab,2024-08-30,Regular
3994,Michael,Malhotra,michael.malhotra3994@mail.com,9566543501,Pune,Maharashtra,2024-03-27,Regular
3995,Isabella,Taylor,isabella.taylor3995@mail.com,9417822889,Mumbai,Maharashtra,2025-05-28,Premium
3996,David,Das,david.das3996@mail.com,9351823281,Hyderabad,Telangana,2023-08-12,Premium
3997,Vivaan,Sharma,vivaan.sharma3997@mail.com,9760343984,Kochi,Kerala,2024-01-21,Regular
3998,Kiara,Nair,kiara.nair3998@mail.com,9824200423,Kolkata,West Bengal,2025-10-29,Premium
3999,Saanvi,Anderson,saanvi.anderson3999@mail.com,9770168441,Hyderabad,Telangana,2025-11-23,Regular
4000,Sai,Chatterjee,sai.chatterjee4000@mail.com,9181538656,Indore,Madhya Pradesh,2023-06-14,Regular
