order_detail_id,order_id,product_id,quantity,unit_price,discount_pct
1,1,67,2,18601.02,5.0
2,2,845,4,24202.98,10.0
3,2,230,3,3957.6,0.0
4,2,769,1,19111.37,20.0
5,3,590,2,9869.32,5.0
6,3,30,3,18303.29,0.0
7,3,282,4,19801.39,20.0
8,4,826,1,11073.3,10.0
9,4,684,3,8576.21,5.0
10,4,353,2,7643.82,10.0
11,4,114,2,7286.84,10.0
12,5,266,5,20675.58,20.0
13,5,648,1,5724.05,10.0
14,5,775,2,23675.41,0.0
15,5,442,1,11650.88,0.0
16,5,42,4,10082.43,15.0
17,6,226,1,13594.3,20.0
18,6,706,4,12213.81,0.0
19,6,465,4,2006.55,0.0
20,7,257,4,13045.67,0.0
21,8,488,3,13455.56,5.0
22,9,104,4,1617.45,0.0
23,9,178,5,14238.81,0.0
24,10,15,5,9257.31,0.0
25,10,604,4,11660.05,10.0
26,11,634,4,17957.51,15.0
27,11,613,4,5929.69,0.0
28,11,345,3,7900.55,0.0
29,11,76,1,8195.06,15.0
30,12,429,1,8645.08,0.0
31,12,452,2,22746.4,0.0
32,12,234,2,10860.79,20.0
33,13,871,3,8110.39,15.0
34,13,93,2,7632.26,0.0
35,14,696,2,2491.11,10.0
36,15,371,3,1636.75,5.0
37,16,340,3,3550.22,10.0
38,17,534,3,10869.74,0.0
39,17,872,4,15107.17,10.0
40,17,725,3,8996.66,0.0
41,17,208,1,7812.53,0.0
42,18,122,1,17327.18,0.0
43,18,695,1,17246.64,5.0
44,19,802,3,4116.0,20.0
45,20,438,2,12263.95,15.0
46,21,634,2,17957.51,0.0
47,22,454,4,12204.15,5.0
48,22,224,4,2233.05,0.0
49,22,696,1,2491.11,0.0
50,23,659,3,2808.44,0.0
51,24,58,1,2190.76,0.0
52,24,261,2,21999.28,0.0
53,24,281,2,2023.57,20.0
54,24,326,4,16274.68,15.0
55,25,219,3,5457.35,15.0
56,25,763,3,19381.27,0.0
57,26,49,1,12463.05,0.0
58,26,244,1,7472.45,10.0
59,26,665,2,4754.37,0.0
60,27,71,5,13770.82,15.0
61,28,46,2,6966.04,20.0
62,28,78,5,18768.02,15.0
63,29,103,3,8717.09,5.0
64,29,250,1,5445.45,0.0
65,29,251,5,13337.74,0.0
66,30,174,2,11611.6,0.0
67,30,371,1,1636.75,20.0
68,30,816,5,13450.11,15.0
69,31,742,4,12611.2,0.0
70,31,799,4,8448.77,20.0
71,32,665,2,4754.37,15.0
72,32,719,4,7305.31,10.0
73,32,491,1,11018.52,5.0
74,33,494,1,2526.78,0.0
75,33,189,1,2064.84,0.0
76,34,486,1,18912.84,5.0
77,35,29,5,2346.21,20.0
78,35,814,5,3387.53,0.0
79,35,670,1,12689.21,0.0
80,35,688,2,3002.55,5.0
81,36,83,3,7572.59,20.0
82,36,638,3,17008.83,0.0
83,37,405,3,6628.43,0.0
84,38,81,4,1166.71,5.0
85,38,242,1,15852.16,15.0
86,39,436,2,6536.15,10.0
87,40,795,2,21693.2,0.0
88,40,452,3,22746.4,0.0
89,40,557,4,4875.77,0.0
90,41,843,2,11008.41,0.0
91,41,48,3,5117.57,15.0
92,41,170,4,12133.1,0.0
93,42,210,2,12962.87,0.0
94,42,745,3,11543.63,15.0
95,43,642,1,12368.27,0.0
96,44,545,4,16977.96,0.0
97,44,755,4,144.02,0.0
98,45,579,5,16420.05,10.0
99,45,397,4,8299.19,0.0
100,46,499,5,21718.63,15.0
101,46,700,2,14408.43,5.0
102,47,186,2,9740.85,20.0
103,48,60,4,12772.87,0.0
104,49,761,2,16718.68,10.0
105,50,288,1,6504.36,10.0
106,50,492,2,9662.3,0.0
107,51,411,4,17450.18,0.0
108,51,668,4,11556.92,10.0
109,51,55,5,2583.6,15.0
110,52,489,4,7785.34,10.0
111,52,292,5,15961.49,0.0
112,52,596,3,3968.53,0.0
113,52,630,2,16772.79,0.0
114,53,344,3,5524.58,10.0
115,53,428,1,21239.63,10.0
116,54,217,3,4337.11,5.0
117,55,611,4,6171.82,0.0
118,56,425,3,4926.04,10.0
119,56,106,4,10629.26,0.0
120,56,429,4,8645.08,10.0
121,56,612,5,5006.24,0.0
122,57,595,1,16876.57,5.0
123,57,600,5,13416.18,0.0
124,58,512,4,14169.19,0.0
125,58,79,2,15602.76,20.0
126,58,437,2,10772.97,0.0
127,59,822,4,4952.16,10.0
128,59,858,5,23207.14,0.0
129,59,248,3,19406.63,10.0
130,59,79,1,15602.76,20.0
131,60,488,2,13455.56,10.0
132,61,231,3,18449.85,15.0
133,62,601,1,17591.52,0.0
134,62,562,4,6895.25,20.0
135,63,330,3,12351.31,0.0
136,64,331,1,6973.28,15.0
137,64,572,3,19015.09,20.0
138,64,900,4,17425.46,20.0
139,65,187,4,17579.96,20.0
140,65,724,1,11703.57,0.0
141,65,193,5,20867.37,5.0
142,66,741,3,16605.12,0.0
143,66,792,2,2850.88,0.0
144,66,569,3,17022.92,5.0
145,67,821,5,17002.37,15.0
146,67,482,3,2192.85,20.0
147,67,613,5,5929.69,0.0
148,67,410,5,15870.26,5.0
149,68,645,1,15208.69,10.0
150,68,285,5,16720.01,10.0
151,69,193,1,20867.37,5.0
152,69,337,4,1562.71,10.0
153,70,440,4,21618.7,0.0
154,71,301,1,21720.03,15.0
155,72,753,3,7182.61,0.0
156,72,872,5,15107.17,10.0
157,73,422,2,189.31,15.0
158,73,690,2,12791.5,5.0
159,73,252,3,14825.98,0.0
160,74,318,3,7031.86,0.0
161,74,298,3,15463.87,20.0
162,75,32,3,1527.01,0.0
163,75,162,5,13421.66,0.0
164,75,710,4,11261.29,5.0
165,75,287,3,4169.74,15.0
166,75,251,1,13337.74,0.0
167,76,427,5,16845.82,0.0
168,76,281,1,2023.57,0.0
169,76,9,4,17153.33,0.0
170,76,628,2,8593.46,10.0
171,76,822,5,4952.16,10.0
172,77,652,2,6638.78,0.0
173,78,845,2,24202.98,5.0
174,79,326,3,16274.68,10.0
175,79,393,3,8735.87,0.0
176,80,248,4,19406.63,10.0
177,80,492,4,9662.3,10.0
178,80,392,2,956.75,20.0
179,80,729,2,12919.83,10.0
180,80,391,3,12976.53,0.0
181,81,67,5,18601.02,20.0
182,82,237,3,11209.85,0.0
183,82,803,3,7424.51,15.0
184,83,182,2,16329.46,0.0
185,83,525,4,14333.71,0.0
186,84,244,2,7472.45,5.0
187,84,264,3,19387.68,0.0
188,85,261,4,21999.28,20.0
189,85,750,3,3277.38,20.0
190,85,39,3,7958.95,0.0
191,85,520,3,1057.04,0.0
192,86,352,4,11635.83,0.0
193,86,22,2,11230.85,0.0
194,87,874,5,12083.32,0.0
195,87,573,5,2928.56,0.0
196,87,649,4,14601.66,20.0
197,87,536,1,24253.72,0.0
198,87,827,5,17333.78,5.0
199,88,331,5,6973.28,0.0
200,89,128,5,13624.37,10.0
201,90,281,5,2023.57,10.0
202,90,140,4,10101.86,0.0
203,91,387,4,22309.26,5.0
204,91,529,4,8097.4,10.0
205,92,110,1,20953.8,20.0
206,92,469,4,5321.69,10.0
207,93,777,2,7013.52,20.0
208,94,492,3,9662.3,5.0
209,95,746,5,6075.54,5.0
210,96,268,2,3037.03,0.0
211,96,577,3,20570.33,15.0
212,96,741,2,16605.12,0.0
213,97,285,3,16720.01,20.0
214,98,591,3,6697.37,0.0
215,98,810,1,15563.4,0.0
216,98,235,3,4664.57,0.0
217,98,497,5,15989.14,5.0
218,99,128,2,13624.37,0.0
219,99,308,1,6864.25,20.0
220,99,35,2,21434.65,10.0
221,100,851,5,6264.06,20.0
222,100,309,1,10625.07,15.0
223,101,251,4,13337.74,20.0
224,102,360,2,11713.02,0.0
225,103,450,4,5004.29,10.0
226,103,563,3,5661.49,0.0
227,103,592,5,4181.43,15.0
228,104,890,4,10049.64,5.0
229,104,726,3,5419.14,10.0
230,105,151,1,21510.83,0.0
231,106,644,5,12974.58,0.0
232,107,251,5,13337.74,0.0
233,107,239,2,15822.1,0.0
234,107,108,2,23388.45,0.0
235,108,49,1,12463.05,5.0
236,108,460,3,20514.31,0.0
237,108,226,3,13594.3,5.0
238,108,859,4,1089.58,5.0
239,109,402,4,789.81,10.0
240,110,620,3,12173.09,20.0
241,110,501,4,14745.03,20.0
242,110,834,3,11307.94,10.0
243,110,508,3,4967.5,15.0
244,111,602,3,9166.77,20.0
245,112,772,4,18195.11,5.0
246,112,803,4,7424.51,10.0
247,112,246,4,3854.15,0.0
248,112,488,1,13455.56,0.0
249,113,83,5,7572.59,5.0
250,113,316,3,7282.96,0.0
251,114,796,2,15083.08,0.0
252,115,585,1,10944.6,20.0
253,115,872,4,15107.17,0.0
254,115,285,4,16720.01,0.0
255,116,251,5,13337.74,20.0
256,117,206,4,5960.03,0.0
257,117,886,1,7687.78,20.0
258,117,694,1,11604.18,0.0
259,117,134,4,17132.5,0.0
260,117,422,5,189.31,15.0
261,118,772,3,18195.11,20.0
262,119,582,4,19075.76,20.0
263,119,606,3,10207.96,0.0
264,120,459,3,1008.42,5.0
265,121,96,4,14288.15,10.0
266,121,523,4,13665.96,15.0
267,122,667,4,11155.15,10.0
268,122,880,2,18151.13,15.0
269,123,352,5,11635.83,0.0
270,123,615,1,13741.69,10.0
271,124,238,1,4482.75,15.0
272,125,324,2,3772.01,10.0
273,125,285,5,16720.01,5.0
274,125,859,2,1089.58,0.0
275,125,493,1,7964.23,0.0
276,126,34,4,1148.2,0.0
277,126,316,4,7282.96,20.0
278,127,348,4,19662.84,0.0
279,127,172,3,6290.87,20.0
280,127,268,2,3037.03,0.0
281,128,765,2,810.63,20.0
282,128,895,5,7754.62,5.0
283,128,689,2,13071.47,20.0
284,128,171,3,18491.26,0.0
285,128,740,5,7772.66,15.0
286,129,888,4,2244.3,5.0
287,130,691,2,16753.29,0.0
288,131,429,1,8645.08,0.0
289,131,791,2,11554.95,10.0
290,131,326,5,16274.68,20.0
291,131,548,5,17776.31,0.0
292,132,352,5,11635.83,20.0
293,132,898,5,9944.45,0.0
294,133,78,4,18768.02,0.0
295,133,175,3,8473.93,20.0
296,133,568,5,1091.56,20.0
297,134,183,2,23501.6,20.0
298,134,221,1,21061.36,10.0
299,134,551,2,23156.44,0.0
300,135,750,5,3277.38,0.0
301,135,57,3,8529.28,20.0
302,135,201,4,11298.96,0.0
303,136,898,4,9944.45,15.0
304,136,379,2,1624.86,20.0
305,136,589,1,326.42,20.0
306,137,484,2,19113.34,0.0
307,138,86,3,17346.97,15.0
308,139,40,2,1150.22,0.0
309,140,688,1,3002.55,0.0
310,140,730,5,11885.24,15.0
311,141,328,4,15690.65,0.0
312,141,468,3,9057.22,0.0
313,141,417,3,1519.73,0.0
314,142,417,5,1519.73,20.0
315,143,701,5,621.06,15.0
316,143,85,1,4996.1,0.0
317,144,657,5,11502.62,0.0
318,144,390,1,3964.49,0.0
319,145,136,3,8942.91,0.0
320,145,164,1,25966.48,5.0
321,146,86,4,17346.97,0.0
322,147,634,4,17957.51,0.0
323,147,583,1,20840.66,10.0
324,148,89,5,18350.27,0.0
325,148,764,2,3971.86,15.0
326,148,4,3,3406.7,5.0
327,148,12,2,10935.76,20.0
328,148,354,2,17320.16,10.0
329,149,48,4,5117.57,20.0
330,150,825,2,14217.62,10.0
331,151,343,2,15859.82,15.0
332,152,724,5,11703.57,5.0
333,152,151,1,21510.83,20.0
334,153,852,1,3347.58,5.0
335,153,187,3,17579.96,20.0
336,153,269,3,11513.31,5.0
337,154,594,1,13204.03,0.0
338,155,402,3,789.81,0.0
339,156,825,2,14217.62,10.0
340,156,138,5,25438.29,5.0
341,157,629,2,12346.5,0.0
342,157,639,2,2960.19,5.0
343,158,142,1,21163.93,0.0
344,158,864,2,2259.89,10.0
345,158,606,4,10207.96,0.0
346,158,24,3,18317.93,5.0
347,159,631,5,24606.76,0.0
348,159,16,2,19747.45,0.0
349,159,220,1,12963.27,20.0
350,160,784,2,8066.19,10.0
351,160,331,2,6973.28,15.0
352,160,748,5,15319.21,0.0
353,161,49,2,12463.05,0.0
354,161,371,4,1636.75,0.0
355,162,221,1,21061.36,20.0
356,162,655,5,8938.91,0.0
357,163,570,3,15355.66,20.0
358,164,424,3,17174.37,5.0
359,164,855,2,2959.91,10.0
360,164,819,2,14434.49,0.0
361,165,163,5,10971.24,0.0
362,165,539,1,249.52,10.0
363,165,169,2,16308.93,0.0
364,165,735,2,9036.58,0.0
365,166,549,3,16311.06,15.0
366,167,19,4,22067.03,0.0
367,167,626,3,12352.87,20.0
368,168,589,4,326.42,0.0
369,169,490,3,6372.79,0.0
370,170,516,5,4294.23,5.0
371,171,652,3,6638.78,10.0
372,172,860,1,11880.54,20.0
373,172,767,5,12752.82,10.0
374,172,668,4,11556.92,5.0
375,173,326,3,16274.68,20.0
376,173,74,4,21546.9,0.0
377,174,244,1,7472.45,20.0
378,174,740,1,7772.66,10.0
379,175,856,1,836.93,5.0
380,176,590,2,9869.32,0.0
381,176,487,3,1420.39,0.0
382,176,668,2,11556.92,10.0
383,177,615,4,13741.69,5.0
384,177,172,5,6290.87,0.0
385,177,492,5,9662.3,15.0
386,178,85,5,4996.1,0.0
387,179,859,3,1089.58,20.0
388,180,765,1,810.63,0.0
389,180,498,3,21474.1,0.0
390,181,403,1,7812.31,10.0
391,182,413,2,347.03,5.0
392,182,649,2,14601.66,0.0
393,182,718,3,17963.95,15.0
394,183,708,2,16924.57,15.0
395,184,700,5,14408.43,0.0
396,184,158,1,20098.55,0.0
397,185,571,1,10334.44,15.0
398,185,252,4,14825.98,5.0
399,185,882,3,8433.14,20.0
400,186,267,2,16561.1,10.0
401,187,405,1,6628.43,5.0
402,188,352,5,11635.83,15.0
403,188,85,5,4996.1,0.0
404,189,157,3,10768.54,0.0
405,189,587,1,3058.79,20.0
406,190,283,5,11626.55,10.0
407,191,488,4,13455.56,5.0
408,191,279,3,3292.56,5.0
409,191,451,3,15015.83,10.0
410,192,628,3,8593.46,15.0
411,193,443,1,1560.39,0.0
412,193,550,4,9953.79,20.0
413,193,483,5,7695.04,0.0
414,193,674,2,11510.75,15.0
415,193,505,1,10404.05,20.0
416,194,711,3,16182.19,20.0
417,194,247,1,1089.6,0.0
418,195,113,3,21843.22,5.0
419,195,127,4,14981.11,20.0
420,195,342,2,15719.78,20.0
421,196,676,5,14315.33,5.0
422,196,269,2,11513.31,0.0
423,196,711,3,16182.19,0.0
424,197,351,3,15160.62,15.0
425,198,337,3,1562.71,5.0
426,198,897,2,966.91,10.0
427,199,382,5,9206.05,0.0
428,199,358,5,5722.36,20.0
429,200,371,4,1636.75,5.0
430,200,514,1,25746.27,0.0
431,200,101,5,20043.36,20.0
432,200,670,3,12689.21,15.0
433,201,760,3,779.87,5.0
434,202,608,1,622.02,0.0
435,202,456,4,6661.55,15.0
436,203,128,5,13624.37,0.0
437,203,570,1,15355.66,10.0
438,203,358,2,5722.36,5.0
439,203,731,3,960.03,0.0
440,203,328,4,15690.65,0.0
441,204,20,4,377.42,0.0
442,204,80,5,7681.36,15.0
443,205,393,3,8735.87,10.0
444,205,472,1,15859.32,5.0
445,205,587,5,3058.79,5.0
446,206,408,1,11218.26,15.0
447,206,721,3,18878.1,10.0
448,206,160,2,20635.35,15.0
449,207,694,3,11604.18,0.0
450,207,256,4,6510.46,5.0
451,208,540,4,2472.01,0.0
452,208,609,4,8508.77,0.0
453,209,88,2,25475.34,0.0
454,210,279,2,3292.56,0.0
455,211,630,4,16772.79,5.0
456,211,233,2,12825.71,0.0
457,212,840,3,14874.45,10.0
458,212,65,1,16507.63,0.0
459,213,468,2,9057.22,20.0
460,213,690,3,12791.5,20.0
461,213,739,4,22380.63,20.0
462,214,179,3,3471.92,0.0
463,215,606,1,10207.96,0.0
464,215,271,5,20542.32,20.0
465,216,130,2,12847.98,0.0
466,217,331,4,6973.28,0.0
467,217,888,1,2244.3,10.0
468,217,163,4,10971.24,20.0
469,218,634,3,17957.51,5.0
470,219,280,3,14095.63,15.0
471,219,387,2,22309.26,0.0
472,220,113,5,21843.22,15.0
473,220,534,3,10869.74,0.0
474,220,100,2,14472.84,5.0
475,220,817,4,14780.14,0.0
476,221,566,5,1155.19,0.0
477,222,103,5,8717.09,20.0
478,223,170,3,12133.1,15.0
479,223,29,5,2346.21,0.0
480,223,77,2,13954.67,0.0
481,224,174,5,11611.6,0.0
482,225,797,3,13841.65,5.0
483,225,405,4,6628.43,0.0
484,226,112,2,12897.57,20.0
485,226,557,4,4875.77,5.0
486,227,706,4,12213.81,0.0
487,227,859,1,1089.58,5.0
488,227,68,2,21790.7,0.0
489,228,673,1,690.26,10.0
490,228,307,4,21906.91,20.0
491,229,305,3,2031.07,20.0
492,229,671,4,16938.7,0.0
493,230,411,3,17450.18,15.0
494,230,38,2,4730.75,10.0
495,231,34,4,1148.2,15.0
496,231,579,1,16420.05,0.0
497,231,737,3,16594.34,0.0
498,232,127,3,14981.11,10.0
499,232,566,5,1155.19,0.0
500,232,71,2,13770.82,5.0
501,233,474,2,10258.52,0.0
502,233,284,5,15548.25,0.0
503,233,180,4,1628.95,15.0
504,233,121,2,10353.6,20.0
505,233,341,3,22578.93,0.0
506,234,753,1,7182.61,10.0
507,234,775,5,23675.41,5.0
508,235,618,3,13048.71,10.0
509,235,238,2,4482.75,20.0
510,235,204,5,1265.16,20.0
511,235,792,3,2850.88,0.0
512,236,460,3,20514.31,20.0
513,236,246,1,3854.15,5.0
514,237,723,1,4606.01,0.0
515,237,354,1,17320.16,0.0
516,237,126,1,9886.31,20.0
517,238,586,3,15918.44,0.0
518,239,13,3,478.72,20.0
519,239,226,5,13594.3,5.0
520,240,34,3,1148.2,5.0
521,241,260,4,7198.0,0.0
522,242,650,5,6904.93,10.0
523,243,775,5,23675.41,5.0
524,244,879,4,13227.2,0.0
525,244,63,2,13615.65,0.0
526,244,10,3,7250.5,15.0
527,245,863,1,10272.35,15.0
528,245,239,4,15822.1,20.0
529,246,431,4,24437.6,0.0
530,246,767,4,12752.82,0.0
531,247,547,1,5521.08,10.0
532,247,880,3,18151.13,15.0
533,248,95,3,18635.44,5.0
534,249,466,5,10734.42,0.0
535,249,609,5,8508.77,15.0
536,250,111,1,8344.65,5.0
537,251,371,3,1636.75,5.0
538,251,297,3,17238.41,5.0
539,251,690,2,12791.5,10.0
540,251,762,5,15418.59,20.0
541,252,520,3,1057.04,0.0
542,253,520,3,1057.04,15.0
543,254,389,5,3509.61,0.0
544,254,741,4,16605.12,0.0
545,254,605,2,7517.98,10.0
546,254,747,2,15965.2,5.0
547,255,452,3,22746.4,5.0
548,255,468,1,9057.22,20.0
549,255,450,2,5004.29,10.0
550,255,611,5,6171.82,20.0
551,256,764,4,3971.86,0.0
552,256,828,1,25138.47,0.0
553,257,612,4,5006.24,0.0
554,258,295,2,18202.38,15.0
555,258,207,2,21338.76,0.0
556,258,168,2,2987.62,0.0
557,258,238,5,4482.75,10.0
558,259,834,4,11307.94,10.0
559,259,726,3,5419.14,15.0
560,259,29,2,2346.21,15.0
561,260,350,4,2904.08,10.0
562,261,140,5,10101.86,0.0
563,262,260,3,7198.0,10.0
564,262,544,4,14987.27,20.0
565,262,848,3,15587.71,0.0
566,262,570,1,15355.66,0.0
567,262,345,5,7900.55,15.0
568,263,359,3,14548.05,0.0
569,264,310,3,20036.92,0.0
570,264,136,1,8942.91,5.0
571,265,558,1,13963.41,0.0
572,265,407,5,7770.71,0.0
573,265,29,2,2346.21,0.0
574,265,696,2,2491.11,0.0
575,265,185,4,6278.2,0.0
576,266,425,5,4926.04,20.0
577,266,214,5,17220.63,15.0
578,267,532,2,14811.49,20.0
579,267,509,1,8432.77,0.0
580,268,178,1,14238.81,5.0
581,268,591,5,6697.37,5.0
582,268,838,3,19410.6,0.0
583,269,571,5,10334.44,0.0
584,270,540,4,2472.01,0.0
585,271,749,1,20244.79,0.0
586,271,721,4,18878.1,0.0
587,271,672,3,5939.35,0.0
588,272,141,1,1692.85,0.0
589,272,675,3,12507.1,5.0
590,273,101,3,20043.36,0.0
591,274,846,1,806.68,0.0
592,275,350,2,2904.08,0.0
593,275,300,1,6061.57,10.0
594,275,753,3,7182.61,10.0
595,275,556,4,13361.23,0.0
596,276,660,4,5178.7,0.0
597,276,11,1,19969.24,20.0
598,277,498,1,21474.1,0.0
599,278,650,4,6904.93,0.0
600,279,624,4,15309.66,15.0
601,279,868,2,18520.33,0.0
602,280,869,5,4059.75,0.0
603,281,153,5,1446.08,5.0
604,282,773,5,8183.79,0.0
605,282,489,5,7785.34,0.0
606,282,600,3,13416.18,10.0
607,282,349,3,2689.14,0.0
608,283,455,3,6876.9,10.0
609,283,86,2,17346.97,0.0
610,284,114,2,7286.84,0.0
611,284,811,5,13234.53,20.0
612,284,318,4,7031.86,20.0
613,285,82,5,14774.58,10.0
614,286,811,4,13234.53,0.0
615,286,482,4,2192.85,15.0
616,287,314,2,18006.61,15.0
617,288,619,4,12004.29,0.0
618,288,888,4,2244.3,0.0
619,289,531,1,9020.83,20.0
620,290,663,2,11192.43,0.0
621,290,20,4,377.42,10.0
622,290,657,4,11502.62,0.0
623,290,304,1,23466.92,15.0
624,291,363,2,16290.66,5.0
625,291,495,4,16857.86,0.0
626,292,711,2,16182.19,0.0
627,292,854,3,16327.56,10.0
628,292,142,2,21163.93,0.0
629,293,275,1,10808.89,0.0
630,294,117,2,4942.41,5.0
631,294,771,3,2696.54,0.0
632,294,472,3,15859.32,5.0
633,294,189,3,2064.84,5.0
634,294,840,5,14874.45,20.0
635,295,626,2,12352.87,0.0
636,296,168,5,2987.62,15.0
637,296,162,2,13421.66,20.0
638,296,590,3,9869.32,10.0
639,297,817,2,14780.14,20.0
640,297,85,5,4996.1,0.0
641,297,362,2,17099.97,0.0
642,298,242,1,15852.16,0.0
643,298,413,2,347.03,0.0
644,298,333,5,6422.47,10.0
645,299,863,4,10272.35,0.0
646,299,465,3,2006.55,0.0
647,300,333,1,6422.47,15.0
648,300,326,3,16274.68,0.0
649,300,267,2,16561.1,0.0
650,301,63,4,13615.65,0.0
651,301,753,3,7182.61,10.0
652,301,444,2,17486.46,10.0
653,302,284,2,15548.25,15.0
654,302,328,5,15690.65,20.0
655,303,228,4,5918.99,0.0
656,303,343,2,15859.82,20.0
657,304,493,2,7964.23,0.0
658,305,104,2,1617.45,0.0
659,305,866,3,3834.44,20.0
660,306,196,4,10265.86,0.0
661,306,732,1,8129.26,0.0
662,307,255,2,17032.48,0.0
663,308,366,5,16239.91,20.0
664,308,333,4,6422.47,0.0
665,309,156,3,963.21,0.0
666,310,833,3,16884.14,20.0
667,311,498,1,21474.1,10.0
668,311,790,1,1388.1,20.0
669,311,530,2,18098.15,20.0
670,312,229,3,5530.88,10.0
671,312,747,3,15965.2,20.0
672,312,706,1,12213.81,10.0
673,313,775,3,23675.41,5.0
674,313,322,1,14630.46,5.0
675,314,285,2,16720.01,0.0
676,314,420,4,9360.46,0.0
677,315,550,4,9953.79,0.0
678,315,673,3,690.26,0.0
679,315,374,1,276.26,20.0
680,316,158,1,20098.55,0.0
681,317,668,5,11556.92,5.0
682,317,431,4,24437.6,0.0
683,318,518,5,2509.06,0.0
684,318,44,1,8591.33,0.0
685,318,764,1,3971.86,0.0
686,318,784,4,8066.19,15.0
687,319,852,5,3347.58,10.0
688,320,819,4,14434.49,15.0
689,321,521,5,20156.83,15.0
690,321,485,3,12732.78,0.0
691,322,359,1,14548.05,15.0
692,323,390,5,3964.49,0.0
693,323,491,1,11018.52,5.0
694,323,181,2,11885.47,15.0
695,324,685,3,120.67,5.0
696,325,19,5,22067.03,0.0
697,325,478,1,10570.88,10.0
698,326,599,3,442.03,0.0
699,326,644,3,12974.58,0.0
700,326,584,3,8995.37,10.0
701,327,270,1,16271.78,5.0
702,327,578,4,17099.03,10.0
703,328,346,1,8215.18,5.0
704,328,782,3,19248.75,0.0
705,328,504,4,13358.18,0.0
706,328,104,3,1617.45,15.0
707,329,255,4,17032.48,0.0
708,329,769,5,19111.37,0.0
709,329,92,1,18578.14,15.0
710,329,516,1,4294.23,0.0
711,329,50,3,17835.15,10.0
712,330,246,4,3854.15,5.0
713,330,790,2,1388.1,0.0
714,330,481,2,11306.0,0.0
715,331,165,4,19157.23,0.0
716,331,860,3,11880.54,0.0
717,332,269,1,11513.31,0.0
718,333,60,3,12772.87,0.0
719,334,564,2,2009.4,10.0
720,334,864,4,2259.89,5.0
721,335,387,1,22309.26,5.0
722,336,791,1,11554.95,0.0
723,336,688,1,3002.55,10.0
724,337,232,1,12332.61,5.0
725,338,580,4,17938.87,20.0
726,338,660,4,5178.7,0.0
727,338,423,5,1984.71,10.0
728,338,322,4,14630.46,15.0
729,338,278,2,8494.62,0.0
730,339,797,3,13841.65,15.0
731,340,230,3,3957.6,0.0
732,341,105,3,9554.98,10.0
733,341,189,5,2064.84,15.0
734,341,369,1,6953.46,20.0
735,341,81,3,1166.71,0.0
736,342,13,4,478.72,5.0
737,342,345,1,7900.55,15.0
738,342,72,5,9041.77,20.0
739,342,423,1,1984.71,20.0
740,343,283,4,11626.55,15.0
741,344,85,3,4996.1,0.0
742,345,879,3,13227.2,0.0
743,345,289,1,10379.0,0.0
744,345,311,2,11362.72,20.0
745,346,857,2,9589.19,15.0
746,346,403,1,7812.31,0.0
747,347,232,1,12332.61,10.0
748,347,76,1,8195.06,15.0
749,348,270,1,16271.78,10.0
750,349,26,4,12446.22,20.0
751,349,271,1,20542.32,20.0
752,350,595,5,16876.57,0.0
753,351,312,4,13798.25,5.0
754,351,744,5,6614.57,10.0
755,352,81,3,1166.71,0.0
756,353,876,1,6589.16,0.0
757,353,576,1,3125.72,15.0
758,353,649,2,14601.66,0.0
759,353,107,3,11842.72,15.0
760,353,320,1,9179.45,5.0
761,354,515,4,19735.52,0.0
762,354,370,5,2983.33,15.0
763,355,677,5,13881.44,5.0
764,356,827,3,17333.78,20.0
765,357,157,5,10768.54,0.0
766,357,469,1,5321.69,5.0
767,357,336,3,226.24,0.0
768,357,678,2,2508.38,0.0
769,357,484,4,19113.34,0.0
770,358,253,4,17161.82,15.0
771,358,624,5,15309.66,0.0
772,358,110,1,20953.8,0.0
773,358,726,4,5419.14,0.0
774,358,235,1,4664.57,0.0
775,359,462,1,19988.3,15.0
776,359,360,5,11713.02,0.0
777,359,240,3,3443.85,5.0
778,360,84,4,16076.18,15.0
779,360,28,3,15441.58,0.0
780,360,547,4,5521.08,20.0
781,360,618,1,13048.71,0.0
782,361,288,4,6504.36,0.0
783,362,388,5,15425.62,20.0
784,362,794,5,20250.02,10.0
785,362,651,3,6091.61,10.0
786,362,652,3,6638.78,10.0
787,363,110,1,20953.8,5.0
788,363,26,4,12446.22,0.0
789,364,588,5,4546.5,0.0
790,364,318,2,7031.86,20.0
791,365,76,4,8195.06,0.0
792,366,25,2,14978.82,0.0
793,367,434,2,16140.57,0.0
794,367,459,5,1008.42,0.0
795,367,287,5,4169.74,15.0
796,367,233,4,12825.71,15.0
797,368,492,2,9662.3,15.0
798,368,795,2,21693.2,0.0
799,368,697,2,2018.95,0.0
800,368,28,1,15441.58,0.0
801,368,839,5,14313.81,15.0
802,369,357,4,10102.76,15.0
803,369,220,1,12963.27,15.0
804,370,466,2,10734.42,10.0
805,371,508,2,4967.5,0.0
806,372,879,2,13227.2,20.0
807,372,338,5,17040.27,0.0
808,373,95,1,18635.44,0.0
809,373,268,3,3037.03,10.0
810,374,35,1,21434.65,0.0
811,374,441,3,11305.42,10.0
812,375,623,2,5372.41,0.0
813,376,715,5,11935.81,10.0
814,377,214,5,17220.63,10.0
815,378,644,3,12974.58,5.0
816,378,662,1,6806.59,20.0
817,378,336,2,226.24,10.0
818,379,102,4,7542.37,5.0
819,379,742,5,12611.2,0.0
820,379,554,3,19734.11,0.0
821,380,399,1,20674.86,20.0
822,380,55,1,2583.6,15.0
823,380,8,1,19040.64,0.0
824,380,50,3,17835.15,5.0
825,381,265,3,4344.64,20.0
826,382,876,5,6589.16,10.0
827,382,237,2,11209.85,15.0
828,382,2,2,21248.93,10.0
829,382,49,3,12463.05,15.0
830,382,689,4,13071.47,20.0
831,383,726,4,5419.14,0.0
832,383,840,2,14874.45,15.0
833,383,575,2,13808.3,0.0
834,383,874,1,12083.32,0.0
835,383,415,3,7434.55,10.0
836,384,877,1,10559.02,10.0
837,384,372,2,9597.28,0.0
838,384,325,1,2187.51,20.0
839,384,743,5,10182.67,10.0
840,384,430,2,19127.25,0.0
841,385,408,1,11218.26,5.0
842,385,842,4,4816.41,0.0
843,385,295,2,18202.38,20.0
844,386,643,4,1936.54,10.0
845,387,68,4,21790.7,5.0
846,387,424,3,17174.37,0.0
847,388,586,2,15918.44,15.0
848,389,651,1,6091.61,0.0
849,389,825,4,14217.62,10.0
850,389,412,2,17012.64,5.0
851,389,466,5,10734.42,0.0
852,390,191,4,12145.42,20.0
853,390,321,3,9347.28,0.0
854,390,190,3,7595.13,15.0
855,390,630,5,16772.79,0.0
856,391,748,5,15319.21,0.0
857,391,556,1,13361.23,0.0
858,391,446,3,18287.32,20.0
859,392,725,5,8996.66,0.0
860,393,720,3,21429.07,10.0
861,394,398,2,13400.93,20.0
862,394,716,4,4599.1,10.0
863,395,705,1,4673.98,15.0
864,395,156,3,963.21,5.0
865,396,742,4,12611.2,5.0
866,397,75,1,19138.34,0.0
867,397,549,5,16311.06,0.0
868,398,816,2,13450.11,10.0
869,398,585,3,10944.6,5.0
870,399,659,2,2808.44,0.0
871,399,836,4,17573.65,0.0
872,400,401,4,3916.76,0.0
873,401,669,4,17245.4,0.0
874,401,475,1,6938.61,0.0
875,402,816,1,13450.11,10.0
876,403,717,3,3248.01,15.0
877,403,150,5,5234.7,0.0
878,403,592,5,4181.43,5.0
879,403,171,2,18491.26,20.0
880,403,644,2,12974.58,20.0
881,404,176,4,10671.88,0.0
882,405,189,1,2064.84,5.0
883,406,303,2,18231.15,10.0
884,407,165,4,19157.23,20.0
885,407,502,2,8596.35,15.0
886,407,628,4,8593.46,0.0
887,408,20,1,377.42,0.0
888,408,19,5,22067.03,0.0
889,408,373,5,9954.9,0.0
890,409,899,2,21905.82,0.0
891,410,138,2,25438.29,15.0
892,410,133,5,18760.28,0.0
893,410,247,1,1089.6,15.0
894,410,330,2,12351.31,15.0
895,410,40,3,1150.22,15.0
896,411,589,5,326.42,0.0
897,411,118,5,22241.66,0.0
898,411,446,5,18287.32,0.0
899,412,804,5,21201.2,5.0
900,412,437,5,10772.97,5.0
901,413,261,1,21999.28,0.0
902,413,383,4,11935.37,0.0
903,413,286,4,239.57,5.0
904,413,259,3,20724.65,10.0
905,414,753,3,7182.61,10.0
906,415,307,5,21906.91,5.0
907,415,147,2,2349.15,10.0
908,416,326,1,16274.68,15.0
909,416,838,5,19410.6,20.0
910,417,792,3,2850.88,20.0
911,417,200,2,4522.92,15.0
912,417,126,3,9886.31,0.0
913,418,566,5,1155.19,20.0
914,418,50,5,17835.15,0.0
915,418,333,4,6422.47,15.0
916,419,717,3,3248.01,5.0
917,419,872,4,15107.17,0.0
918,419,731,3,960.03,15.0
919,420,90,2,14228.88,20.0
920,420,119,3,21039.52,0.0
921,420,338,5,17040.27,15.0
922,421,552,4,4733.75,0.0
923,421,182,2,16329.46,0.0
924,422,21,5,20625.3,0.0
925,422,261,5,21999.28,5.0
926,422,368,1,9973.43,20.0
927,422,822,5,4952.16,5.0
928,422,547,1,5521.08,20.0
929,423,226,3,13594.3,15.0
930,423,377,3,23965.45,15.0
931,424,813,3,5532.46,10.0
932,425,874,1,12083.32,15.0
933,425,91,2,11076.97,20.0
934,426,313,3,7494.19,5.0
935,427,700,4,14408.43,0.0
936,427,107,5,11842.72,10.0
937,427,90,3,14228.88,10.0
938,428,172,2,6290.87,0.0
939,428,186,4,9740.85,15.0
940,428,120,5,9678.0,10.0
941,429,444,1,17486.46,0.0
942,430,233,4,12825.71,0.0
943,430,8,4,19040.64,0.0
944,431,491,5,11018.52,0.0
945,431,592,4,4181.43,0.0
946,431,881,3,21532.91,15.0
947,432,498,5,21474.1,10.0
948,432,767,3,12752.82,20.0
949,433,525,5,14333.71,20.0
950,433,407,3,7770.71,20.0
951,433,668,2,11556.92,10.0
952,433,108,4,23388.45,5.0
953,434,482,4,2192.85,10.0
954,434,243,3,176.76,10.0
955,435,284,3,15548.25,5.0
956,436,284,1,15548.25,5.0
957,436,113,4,21843.22,10.0
958,436,871,2,8110.39,15.0
959,437,305,3,2031.07,10.0
960,437,788,1,5720.07,15.0
961,437,463,4,8811.92,0.0
962,438,528,5,939.25,10.0
963,438,215,3,4666.45,15.0
964,439,721,4,18878.1,0.0
965,439,802,5,4116.0,20.0
966,439,587,3,3058.79,5.0
967,440,682,5,9240.58,0.0
968,441,501,2,14745.03,0.0
969,441,862,4,4517.96,15.0
970,441,711,1,16182.19,20.0
971,442,703,3,14544.45,15.0
972,442,653,1,10229.17,15.0
973,442,881,1,21532.91,5.0
974,442,198,5,12806.33,10.0
975,443,514,1,25746.27,0.0
976,443,330,2,12351.31,5.0
977,443,290,5,12993.94,10.0
978,444,746,1,6075.54,20.0
979,444,192,2,18707.42,20.0
980,444,230,4,3957.6,0.0
981,445,339,3,13518.37,10.0
982,445,829,4,21989.77,0.0
983,445,122,3,17327.18,10.0
984,446,499,1,21718.63,0.0
985,447,366,3,16239.91,0.0
986,448,117,4,4942.41,0.0
987,449,281,4,2023.57,20.0
988,449,819,4,14434.49,0.0
989,450,612,4,5006.24,15.0
990,450,96,1,14288.15,20.0
991,450,651,4,6091.61,0.0
992,450,152,1,11106.45,5.0
993,451,555,1,1454.57,0.0
994,451,665,4,4754.37,0.0
995,451,243,3,176.76,5.0
996,451,672,5,5939.35,15.0
997,452,831,5,6625.61,0.0
998,452,349,1,2689.14,0.0
999,453,511,4,16710.62,20.0
1000,454,662,2,6806.59,5.0
1001,455,844,4,8306.97,0.0
1002,456,739,2,22380.63,5.0
1003,456,677,5,13881.44,0.0
1004,457,346,1,8215.18,5.0
1005,457,693,1,14898.91,5.0
1006,458,739,1,22380.63,0.0
1007,459,214,3,17220.63,10.0
1008,459,259,1,20724.65,5.0
1009,460,746,5,6075.54,15.0
1010,460,76,2,8195.06,15.0
1011,461,759,4,15948.11,20.0
1012,461,611,5,6171.82,0.0
1013,461,162,1,13421.66,0.0
1014,461,592,3,4181.43,0.0
1015,462,57,5,8529.28,0.0
1016,463,287,4,4169.74,20.0
1017,463,187,1,17579.96,0.0
1018,464,809,1,24052.5,5.0
1019,464,171,2,18491.26,0.0
1020,464,561,2,863.13,15.0
1021,464,149,5,10169.3,20.0
1022,465,591,1,6697.37,0.0
1023,465,567,3,14958.32,5.0
1024,466,278,4,8494.62,5.0
1025,467,437,3,10772.97,5.0
1026,468,223,5,13128.85,5.0
1027,468,464,3,7633.05,5.0
1028,469,714,5,26202.05,0.0
1029,470,445,5,1123.05,10.0
1030,470,89,5,18350.27,5.0
1031,470,146,2,15804.83,10.0
1032,470,630,3,16772.79,0.0
1033,471,151,1,21510.83,15.0
1034,471,411,4,17450.18,0.0
1035,472,77,1,13954.67,0.0
1036,472,661,4,13705.81,15.0
1037,472,529,4,8097.4,10.0
1038,472,435,5,13058.88,0.0
1039,473,484,5,19113.34,20.0
1040,473,891,3,12910.53,15.0
1041,474,179,2,3471.92,10.0
1042,474,780,3,2481.3,0.0
1043,474,781,3,15990.77,15.0
1044,474,269,3,11513.31,0.0
1045,475,632,3,10665.66,10.0
1046,475,570,1,15355.66,10.0
1047,476,799,4,8448.77,5.0
1048,476,742,1,12611.2,0.0
1049,476,702,2,1292.78,0.0
1050,477,60,2,12772.87,5.0
1051,477,292,5,15961.49,10.0
1052,477,232,3,12332.61,15.0
1053,478,301,1,21720.03,15.0
1054,478,423,1,1984.71,0.0
1055,479,481,1,11306.0,20.0
1056,480,153,3,1446.08,10.0
1057,480,357,4,10102.76,0.0
1058,481,34,1,1148.2,15.0
1059,481,84,2,16076.18,10.0
1060,482,276,4,6116.22,15.0
1061,482,664,3,9991.3,15.0
1062,483,463,3,8811.92,20.0
1063,483,767,2,12752.82,0.0
1064,483,317,2,14112.86,5.0
1065,484,58,1,2190.76,5.0
1066,484,289,3,10379.0,0.0
1067,485,806,2,11627.22,0.0
1068,485,697,4,2018.95,20.0
1069,485,872,5,15107.17,20.0
1070,485,376,2,10430.96,20.0
1071,485,96,4,14288.15,20.0
1072,486,623,5,5372.41,0.0
1073,486,459,4,1008.42,20.0
1074,486,389,1,3509.61,20.0
1075,487,309,1,10625.07,20.0
1076,487,614,3,21084.78,10.0
1077,487,674,3,11510.75,10.0
1078,488,627,1,14763.79,10.0
1079,489,47,3,7909.38,5.0
1080,490,448,2,4391.49,0.0
1081,490,215,3,4666.45,20.0
1082,491,120,1,9678.0,15.0
1083,492,73,4,16451.55,15.0
1084,492,548,4,17776.31,10.0
1085,492,257,5,13045.67,10.0
1086,493,79,5,15602.76,5.0
1087,493,249,1,19528.8,10.0
1088,493,366,2,16239.91,0.0
1089,494,710,1,11261.29,20.0
1090,494,872,1,15107.17,0.0
1091,494,545,2,16977.96,15.0
1092,495,508,3,4967.5,0.0
1093,495,679,5,5924.78,20.0
1094,495,138,2,25438.29,20.0
1095,495,9,5,17153.33,10.0
1096,495,343,4,15859.82,20.0
1097,496,875,3,9752.68,10.0
1098,496,777,5,7013.52,0.0
1099,496,824,4,297.67,0.0
1100,496,289,4,10379.0,0.0
1101,496,482,3,2192.85,0.0
1102,497,259,4,20724.65,20.0
1103,497,699,2,4909.23,0.0
1104,498,49,3,12463.05,0.0
1105,499,860,5,11880.54,10.0
1106,499,439,5,9511.48,15.0
1107,500,339,3,13518.37,5.0
1108,500,301,3,21720.03,0.0
1109,500,286,2,239.57,0.0
1110,500,338,1,17040.27,0.0
1111,500,526,5,14453.05,0.0
1112,501,4,2,3406.7,15.0
1113,501,708,4,16924.57,0.0
1114,501,337,1,1562.71,15.0
1115,501,617,5,17544.22,0.0
1116,501,446,3,18287.32,5.0
1117,502,286,5,239.57,0.0
1118,503,686,1,354.18,0.0
1119,503,358,3,5722.36,5.0
1120,503,417,5,1519.73,20.0
1121,504,64,4,18539.77,0.0
1122,504,831,5,6625.61,0.0
1123,504,477,5,17806.82,0.0
1124,504,29,3,2346.21,0.0
1125,505,307,2,21906.91,0.0
1126,505,248,2,19406.63,20.0
1127,506,504,4,13358.18,15.0
1128,506,70,2,24783.28,0.0
1129,506,550,3,9953.79,5.0
1130,507,826,1,11073.3,0.0
1131,508,868,5,18520.33,5.0
1132,508,191,5,12145.42,20.0
1133,509,306,5,9467.51,0.0
1134,509,356,5,4711.26,5.0
1135,509,638,4,17008.83,0.0
1136,510,30,5,18303.29,15.0
1137,510,170,5,12133.1,0.0
1138,511,391,1,12976.53,0.0
1139,511,444,5,17486.46,0.0
1140,511,599,4,442.03,10.0
1141,512,161,5,15289.65,0.0
1142,512,710,4,11261.29,0.0
1143,513,691,2,16753.29,20.0
1144,514,773,2,8183.79,15.0
1145,514,886,2,7687.78,0.0
1146,514,172,2,6290.87,20.0
1147,515,454,4,12204.15,10.0
1148,516,191,5,12145.42,5.0
1149,516,483,4,7695.04,0.0
1150,516,148,2,17262.89,0.0
1151,517,449,4,1431.85,0.0
1152,517,82,5,14774.58,0.0
1153,517,762,2,15418.59,0.0
1154,517,8,3,19040.64,20.0
1155,518,351,2,15160.62,0.0
1156,518,436,2,6536.15,20.0
1157,519,38,3,4730.75,0.0
1158,519,58,3,2190.76,10.0
1159,519,261,3,21999.28,15.0
1160,520,764,2,3971.86,0.0
1161,520,652,5,6638.78,0.0
1162,521,808,2,376.7,0.0
1163,521,261,3,21999.28,0.0
1164,521,43,3,18751.29,5.0
1165,522,593,4,17278.87,5.0
1166,523,572,1,19015.09,0.0
1167,523,551,5,23156.44,5.0
1168,524,401,3,3916.76,5.0
1169,525,271,4,20542.32,15.0
1170,525,765,2,810.63,0.0
1171,525,688,2,3002.55,15.0
1172,525,442,2,11650.88,10.0
1173,526,361,4,10596.43,15.0
1174,526,548,4,17776.31,0.0
1175,527,269,5,11513.31,15.0
1176,527,321,3,9347.28,0.0
1177,527,597,4,1518.2,0.0
1178,528,212,1,23358.43,0.0
1179,528,61,1,6502.87,0.0
1180,529,248,4,19406.63,0.0
1181,529,739,4,22380.63,0.0
1182,529,517,5,17350.23,0.0
1183,530,562,1,6895.25,0.0
1184,531,469,3,5321.69,20.0
1185,532,672,4,5939.35,5.0
1186,533,442,5,11650.88,0.0
1187,533,676,4,14315.33,15.0
1188,534,349,3,2689.14,0.0
1189,534,582,1,19075.76,0.0
1190,534,352,3,11635.83,15.0
1191,534,627,2,14763.79,15.0
1192,534,584,4,8995.37,0.0
1193,535,374,3,276.26,0.0
1194,536,757,3,7147.34,0.0
1195,537,513,1,10655.97,5.0
1196,537,168,3,2987.62,0.0
1197,538,853,3,13558.97,5.0
1198,539,42,2,10082.43,5.0
1199,539,809,4,24052.5,20.0
1200,539,827,5,17333.78,0.0
1201,540,59,2,5569.5,20.0
1202,541,94,3,15069.27,0.0
1203,541,805,1,15525.28,15.0
1204,541,173,2,7108.82,10.0
1205,542,805,1,15525.28,0.0
1206,542,23,1,11954.03,20.0
1207,542,590,5,9869.32,0.0
1208,542,257,3,13045.67,15.0
1209,543,582,1,19075.76,15.0
1210,544,672,2,5939.35,0.0
1211,545,90,3,14228.88,15.0
1212,545,801,2,3589.73,0.0
1213,545,117,5,4942.41,15.0
1214,545,209,3,7178.41,5.0
1215,546,181,4,11885.47,10.0
1216,546,473,4,2408.3,0.0
1217,547,155,2,3485.16,10.0
1218,547,27,1,10463.86,15.0
1219,547,792,2,2850.88,10.0
1220,548,313,1,7494.19,0.0
1221,548,574,5,6143.25,10.0
1222,549,72,4,9041.77,15.0
1223,549,593,4,17278.87,0.0
1224,550,693,5,14898.91,0.0
1225,550,590,5,9869.32,0.0
1226,551,745,4,11543.63,0.0
1227,551,837,2,264.26,20.0
1228,551,713,4,26684.64,20.0
1229,551,212,4,23358.43,5.0
1230,551,97,1,12470.7,0.0
1231,552,88,2,25475.34,15.0
1232,552,12,5,10935.76,10.0
1233,552,879,1,13227.2,10.0
1234,552,671,1,16938.7,10.0
1235,553,31,2,16628.09,20.0
1236,553,115,2,14046.49,0.0
1237,553,245,2,13338.0,0.0
1238,554,505,1,10404.05,0.0
1239,555,733,4,10948.51,5.0
1240,556,156,4,963.21,20.0
1241,556,232,2,12332.61,0.0
1242,556,78,4,18768.02,0.0
1243,557,96,1,14288.15,0.0
1244,557,668,4,11556.92,20.0
1245,557,874,1,12083.32,0.0
1246,558,62,4,13136.19,0.0
1247,558,435,1,13058.88,0.0
1248,558,409,5,19362.42,10.0
1249,559,733,2,10948.51,20.0
1250,560,698,3,4293.78,10.0
1251,561,68,5,21790.7,5.0
1252,561,281,2,2023.57,0.0
1253,561,672,2,5939.35,0.0
1254,561,50,3,17835.15,0.0
1255,562,797,5,13841.65,15.0
1256,562,503,5,955.23,10.0
1257,562,301,2,21720.03,10.0
1258,562,293,2,282.61,0.0
1259,563,191,5,12145.42,20.0
1260,563,146,3,15804.83,10.0
1261,564,761,1,16718.68,0.0
1262,564,281,5,2023.57,20.0
1263,564,365,1,22789.3,10.0
1264,564,324,4,3772.01,20.0
1265,564,892,1,7790.38,0.0
1266,565,439,5,9511.48,0.0
1267,565,508,5,4967.5,15.0
1268,565,556,4,13361.23,0.0
1269,566,247,5,1089.6,0.0
1270,567,319,4,9389.36,20.0
1271,567,424,3,17174.37,10.0
1272,568,503,1,955.23,0.0
1273,568,786,1,14084.23,5.0
1274,569,493,1,7964.23,0.0
1275,569,410,3,15870.26,0.0
1276,570,276,1,6116.22,0.0
1277,570,260,4,7198.0,0.0
1278,570,819,5,14434.49,0.0
1279,571,75,1,19138.34,0.0
1280,571,425,3,4926.04,5.0
1281,571,552,1,4733.75,20.0
1282,571,391,2,12976.53,5.0
1283,572,23,3,11954.03,0.0
1284,572,802,3,4116.0,5.0
1285,572,341,3,22578.93,0.0
1286,573,262,2,4228.73,5.0
1287,573,870,4,4993.59,0.0
1288,574,693,3,14898.91,0.0
1289,574,280,3,14095.63,20.0
1290,574,648,5,5724.05,0.0
1291,574,703,4,14544.45,20.0
1292,575,616,4,18315.38,15.0
1293,576,386,2,14759.78,15.0
1294,576,820,1,20062.61,15.0
1295,576,602,4,9166.77,15.0
1296,576,483,2,7695.04,5.0
1297,576,274,5,8564.4,0.0
1298,577,696,4,2491.11,0.0
1299,578,620,4,12173.09,15.0
1300,578,588,3,4546.5,0.0
1301,578,88,5,25475.34,0.0
1302,579,772,1,18195.11,0.0
1303,580,893,4,17792.63,20.0
1304,581,585,5,10944.6,0.0
1305,581,339,1,13518.37,0.0
1306,581,730,2,11885.24,10.0
1307,582,590,3,9869.32,0.0
1308,582,338,1,17040.27,15.0
1309,583,866,2,3834.44,10.0
1310,583,446,1,18287.32,0.0
1311,583,134,1,17132.5,5.0
1312,583,487,1,1420.39,15.0
1313,583,352,4,11635.83,0.0
1314,584,770,3,5579.14,10.0
1315,585,218,2,25840.61,20.0
1316,585,565,2,11175.66,5.0
1317,586,700,1,14408.43,0.0
1318,587,730,5,11885.24,0.0
1319,588,246,3,3854.15,20.0
1320,588,42,5,10082.43,0.0
1321,588,877,5,10559.02,0.0
1322,589,869,3,4059.75,20.0
1323,589,820,2,20062.61,20.0
1324,589,252,5,14825.98,0.0
1325,589,321,2,9347.28,5.0
1326,590,416,4,11392.81,10.0
1327,590,675,5,12507.1,0.0
1328,591,388,4,15425.62,0.0
1329,591,281,1,2023.57,0.0
1330,591,653,5,10229.17,10.0
1331,591,468,2,9057.22,15.0
1332,592,480,5,11927.56,0.0
1333,592,39,1,7958.95,15.0
1334,592,692,1,11530.12,5.0
1335,592,535,5,5770.15,0.0
1336,592,810,1,15563.4,5.0
1337,593,730,1,11885.24,0.0
1338,594,469,3,5321.69,0.0
1339,594,372,3,9597.28,20.0
1340,594,820,4,20062.61,0.0
1341,595,879,2,13227.2,0.0
1342,595,668,4,11556.92,15.0
1343,595,784,4,8066.19,0.0
1344,595,345,5,7900.55,15.0
1345,596,574,5,6143.25,0.0
1346,597,161,5,15289.65,20.0
1347,597,89,1,18350.27,10.0
1348,597,769,2,19111.37,20.0
1349,597,666,2,16085.16,5.0
1350,597,745,4,11543.63,10.0
1351,598,746,2,6075.54,10.0
1352,598,20,4,377.42,0.0
1353,599,663,1,11192.43,5.0
1354,599,370,3,2983.33,5.0
1355,599,471,5,13086.13,0.0
1356,600,700,4,14408.43,0.0
1357,601,252,4,14825.98,10.0
1358,602,731,4,960.03,20.0
1359,602,722,5,2404.11,0.0
1360,602,783,2,803.8,0.0
1361,603,528,3,939.25,10.0
1362,603,241,3,11844.31,10.0
1363,604,420,2,9360.46,10.0
1364,604,701,4,621.06,0.0
1365,605,832,4,9339.3,0.0
1366,605,349,4,2689.14,5.0
1367,605,405,4,6628.43,0.0
1368,605,325,3,2187.51,0.0
1369,606,601,4,17591.52,5.0
1370,606,278,5,8494.62,0.0
1371,607,773,2,8183.79,5.0
1372,607,153,2,1446.08,5.0
1373,607,63,5,13615.65,0.0
1374,608,262,2,4228.73,0.0
1375,608,354,1,17320.16,10.0
1376,608,176,1,10671.88,5.0
1377,608,381,3,17535.49,20.0
1378,608,454,1,12204.15,15.0
1379,609,663,2,11192.43,0.0
1380,610,726,5,5419.14,0.0
1381,611,818,3,10237.03,20.0
1382,612,199,2,10359.07,0.0
1383,612,140,2,10101.86,0.0
1384,612,505,5,10404.05,0.0
1385,612,445,4,1123.05,0.0
1386,612,237,5,11209.85,0.0
1387,613,191,5,12145.42,0.0
1388,613,346,1,8215.18,0.0
1389,613,769,2,19111.37,20.0
1390,614,8,3,19040.64,0.0
1391,614,557,2,4875.77,0.0
1392,614,710,1,11261.29,0.0
1393,614,599,4,442.03,0.0
1394,615,642,5,12368.27,20.0
1395,616,85,3,4996.1,15.0
1396,616,131,4,18666.46,10.0
1397,617,607,3,9557.3,20.0
1398,617,537,1,17211.68,5.0
1399,618,669,4,17245.4,0.0
1400,619,708,3,16924.57,5.0
1401,619,148,5,17262.89,20.0
1402,619,99,2,20609.05,5.0
1403,620,731,2,960.03,15.0
1404,621,372,2,9597.28,0.0
1405,621,632,2,10665.66,10.0
1406,622,468,5,9057.22,10.0
1407,623,217,1,4337.11,15.0
1408,624,776,4,20110.05,0.0
1409,624,596,3,3968.53,20.0
1410,625,445,5,1123.05,5.0
1411,625,898,1,9944.45,5.0
1412,626,892,5,7790.38,10.0
1413,626,305,5,2031.07,5.0
1414,627,1,2,23380.27,0.0
1415,627,237,2,11209.85,20.0
1416,627,541,4,12029.72,5.0
1417,627,343,2,15859.82,0.0
1418,628,453,4,11216.79,0.0
1419,628,303,5,18231.15,10.0
1420,628,211,3,5660.73,10.0
1421,628,587,3,3058.79,10.0
1422,629,762,3,15418.59,5.0
1423,630,482,1,2192.85,10.0
1424,631,17,4,19447.69,0.0
1425,631,679,4,5924.78,15.0
1426,631,150,4,5234.7,0.0
1427,631,754,2,12241.6,0.0
1428,632,847,2,13026.82,0.0
1429,632,191,5,12145.42,5.0
1430,632,175,3,8473.93,10.0
1431,633,99,5,20609.05,0.0
1432,634,738,1,19896.87,15.0
1433,634,745,4,11543.63,0.0
1434,635,774,4,10265.71,20.0
1435,636,527,3,4372.63,15.0
1436,636,366,3,16239.91,0.0
1437,636,629,4,12346.5,5.0
1438,637,203,4,12755.01,0.0
1439,638,654,1,16228.87,0.0
1440,638,573,3,2928.56,20.0
1441,638,111,4,8344.65,20.0
1442,639,262,2,4228.73,10.0
1443,639,506,4,2449.21,20.0
1444,639,812,5,2387.49,0.0
1445,639,219,3,5457.35,0.0
1446,640,354,5,17320.16,0.0
1447,640,90,4,14228.88,10.0
1448,641,542,5,3615.52,10.0
1449,642,45,5,19804.2,20.0
1450,643,162,3,13421.66,0.0
1451,644,690,3,12791.5,5.0
1452,644,400,5,19421.92,15.0
1453,645,416,5,11392.81,0.0
1454,646,33,2,2593.22,10.0
1455,646,843,4,11008.41,0.0
1456,647,430,4,19127.25,0.0
1457,647,637,3,9909.0,10.0
1458,647,298,1,15463.87,0.0
1459,647,391,4,12976.53,5.0
1460,648,126,4,9886.31,0.0
1461,648,673,2,690.26,0.0
1462,648,760,1,779.87,20.0
1463,648,84,3,16076.18,0.0
1464,649,716,5,4599.1,20.0
1465,649,321,4,9347.28,15.0
1466,649,360,5,11713.02,15.0
1467,650,807,3,15923.26,0.0
1468,651,557,4,4875.77,15.0
1469,652,322,3,14630.46,15.0
1470,653,494,5,2526.78,0.0
1471,653,198,1,12806.33,0.0
1472,653,809,1,24052.5,0.0
1473,654,95,1,18635.44,10.0
1474,654,384,3,5638.85,10.0
1475,654,573,5,2928.56,20.0
1476,654,57,5,8529.28,0.0
1477,654,395,2,16130.97,5.0
1478,655,590,1,9869.32,15.0
1479,656,422,5,189.31,5.0
1480,656,546,4,16500.34,0.0
1481,656,449,4,1431.85,0.0
1482,656,84,5,16076.18,0.0
1483,657,167,5,14506.97,15.0
1484,658,719,5,7305.31,5.0
1485,658,104,1,1617.45,0.0
1486,659,287,2,4169.74,0.0
1487,659,591,1,6697.37,10.0
1488,659,362,3,17099.97,0.0
1489,660,483,5,7695.04,10.0
1490,660,508,3,4967.5,5.0
1491,660,372,2,9597.28,15.0
1492,661,708,2,16924.57,5.0
1493,662,61,4,6502.87,10.0
1494,663,96,1,14288.15,0.0
1495,663,173,5,7108.82,5.0
1496,664,135,2,4472.34,20.0
1497,664,885,5,7089.39,20.0
1498,664,685,5,120.67,0.0
1499,665,521,2,20156.83,0.0
1500,665,788,4,5720.07,20.0
1501,665,508,2,4967.5,0.0
1502,665,595,1,16876.57,20.0
1503,666,518,1,2509.06,20.0
1504,666,718,1,17963.95,10.0
1505,666,620,4,12173.09,15.0
1506,667,368,1,9973.43,0.0
1507,667,32,1,1527.01,20.0
1508,667,353,2,7643.82,20.0
1509,667,168,4,2987.62,0.0
1510,667,92,5,18578.14,0.0
1511,668,788,4,5720.07,20.0
1512,668,14,1,10692.32,10.0
1513,668,260,1,7198.0,15.0
1514,668,262,5,4228.73,5.0
1515,669,436,5,6536.15,0.0
1516,670,832,3,9339.3,20.0
1517,670,871,5,8110.39,0.0
1518,671,443,5,1560.39,10.0
1519,672,499,5,21718.63,0.0
1520,672,265,1,4344.64,0.0
1521,672,146,2,15804.83,15.0
1522,673,881,4,21532.91,5.0
1523,673,667,2,11155.15,0.0
1524,674,416,4,11392.81,10.0
1525,675,878,4,13434.69,0.0
1526,675,293,5,282.61,15.0
1527,676,532,5,14811.49,0.0
1528,676,328,2,15690.65,20.0
1529,677,398,1,13400.93,20.0
1530,677,87,4,19036.03,5.0
1531,678,316,2,7282.96,0.0
1532,678,612,4,5006.24,10.0
1533,678,535,5,5770.15,15.0
1534,679,406,3,5693.41,5.0
1535,680,46,3,6966.04,20.0
1536,680,162,4,13421.66,0.0
1537,680,65,2,16507.63,0.0
1538,681,208,3,7812.53,0.0
1539,682,764,5,3971.86,20.0
1540,682,858,5,23207.14,0.0
1541,683,870,3,4993.59,20.0
1542,683,58,2,2190.76,0.0
1543,684,90,2,14228.88,15.0
1544,685,850,5,22317.22,0.0
1545,686,729,5,12919.83,0.0
1546,686,127,2,14981.11,10.0
1547,686,7,3,19612.77,0.0
1548,687,716,1,4599.1,0.0
1549,687,657,1,11502.62,20.0
1550,687,818,5,10237.03,20.0
1551,688,698,4,4293.78,10.0
1552,688,864,5,2259.89,0.0
1553,688,651,3,6091.61,0.0
1554,688,477,2,17806.82,0.0
1555,689,223,4,13128.85,10.0
1556,690,669,1,17245.4,20.0
1557,690,16,5,19747.45,5.0
1558,691,532,4,14811.49,20.0
1559,691,791,2,11554.95,15.0
1560,691,632,3,10665.66,0.0
1561,691,773,5,8183.79,5.0
1562,691,825,4,14217.62,0.0
1563,692,720,3,21429.07,10.0
1564,693,506,2,2449.21,0.0
1565,693,844,3,8306.97,0.0
1566,693,642,2,12368.27,0.0
1567,694,540,2,2472.01,10.0
1568,694,696,1,2491.11,0.0
1569,694,571,1,10334.44,0.0
1570,694,776,3,20110.05,0.0
1571,695,484,1,19113.34,0.0
1572,695,163,4,10971.24,5.0
1573,696,132,5,7609.15,10.0
1574,697,458,2,706.12,0.0
1575,697,81,4,1166.71,0.0
1576,697,741,2,16605.12,0.0
1577,698,195,3,1306.46,20.0
1578,698,106,2,10629.26,5.0
1579,699,85,2,4996.1,0.0
1580,699,264,1,19387.68,0.0
1581,699,810,4,15563.4,0.0
1582,699,270,3,16271.78,0.0
1583,700,361,2,10596.43,0.0
1584,700,725,1,8996.66,10.0
1585,700,473,5,2408.3,20.0
1586,700,320,4,9179.45,0.0
1587,700,278,1,8494.62,15.0
1588,701,462,4,19988.3,20.0
1589,701,169,5,16308.93,5.0
1590,701,638,1,17008.83,0.0
1591,702,232,3,12332.61,10.0
1592,702,302,5,16440.69,5.0
1593,703,735,1,9036.58,15.0
1594,703,424,5,17174.37,10.0
1595,703,642,5,12368.27,0.0
1596,704,829,5,21989.77,0.0
1597,704,134,4,17132.5,10.0
1598,704,119,3,21039.52,0.0
1599,704,376,4,10430.96,5.0
1600,704,587,2,3058.79,10.0
1601,705,165,2,19157.23,0.0
1602,706,450,2,5004.29,15.0
1603,706,15,1,9257.31,0.0
1604,706,297,5,17238.41,0.0
1605,706,462,4,19988.3,10.0
1606,707,19,2,22067.03,5.0
1607,708,461,4,14975.0,15.0
1608,709,552,5,4733.75,20.0
1609,709,131,2,18666.46,20.0
1610,709,124,5,13452.12,5.0
1611,710,781,4,15990.77,0.0
1612,710,451,2,15015.83,10.0
1613,710,137,2,10885.94,0.0
1614,711,859,5,1089.58,0.0
1615,711,442,1,11650.88,5.0
1616,712,238,2,4482.75,0.0
1617,712,97,3,12470.7,15.0
1618,713,593,1,17278.87,0.0
1619,713,900,5,17425.46,15.0
1620,713,576,3,3125.72,20.0
1621,714,30,4,18303.29,15.0
1622,715,728,2,1177.36,20.0
1623,716,745,3,11543.63,0.0
1624,716,347,5,9249.35,20.0
1625,716,594,3,13204.03,10.0
1626,717,773,1,8183.79,0.0
1627,717,203,4,12755.01,0.0
1628,718,410,4,15870.26,5.0
1629,719,808,5,376.7,5.0
1630,720,75,5,19138.34,0.0
1631,720,599,5,442.03,15.0
1632,720,355,5,3894.18,20.0
1633,720,226,3,13594.3,0.0
1634,720,794,4,20250.02,20.0
1635,721,696,4,2491.11,20.0
1636,721,831,4,6625.61,0.0
1637,722,625,1,7044.62,0.0
1638,723,423,5,1984.71,0.0
1639,723,258,1,17700.95,0.0
1640,723,512,5,14169.19,10.0
1641,724,394,3,15875.45,20.0
1642,725,820,5,20062.61,10.0
1643,725,675,1,12507.1,0.0
1644,726,391,4,12976.53,5.0
1645,726,466,2,10734.42,5.0
1646,726,628,4,8593.46,0.0
1647,726,587,1,3058.79,10.0
1648,727,186,4,9740.85,0.0
1649,728,582,2,19075.76,0.0
1650,728,580,3,17938.87,10.0
1651,728,450,4,5004.29,0.0
1652,729,455,4,6876.9,5.0
1653,729,633,1,15843.65,0.0
1654,729,201,1,11298.96,15.0
1655,729,161,3,15289.65,0.0
1656,730,641,2,12480.0,15.0
1657,730,828,4,25138.47,0.0
1658,731,566,5,1155.19,20.0
1659,731,705,5,4673.98,5.0
1660,732,486,5,18912.84,5.0
1661,732,206,4,5960.03,20.0
1662,732,356,5,4711.26,0.0
1663,733,279,1,3292.56,0.0
1664,733,509,4,8432.77,0.0
1665,734,822,3,4952.16,10.0
1666,734,784,4,8066.19,20.0
1667,735,760,4,779.87,10.0
1668,735,397,3,8299.19,20.0
1669,736,644,2,12974.58,0.0
1670,736,829,4,21989.77,0.0
1671,737,794,3,20250.02,0.0
1672,738,280,5,14095.63,10.0
1673,738,696,4,2491.11,0.0
1674,739,243,3,176.76,0.0
1675,739,452,5,22746.4,20.0
1676,739,825,1,14217.62,20.0
1677,739,835,4,13235.32,10.0
1678,740,381,2,17535.49,0.0
1679,740,413,5,347.03,0.0
1680,740,595,2,16876.57,5.0
1681,741,284,1,15548.25,5.0
1682,741,831,2,6625.61,5.0
1683,741,800,2,12138.75,0.0
1684,742,396,3,751.13,20.0
1685,742,224,1,2233.05,0.0
1686,742,181,1,11885.47,0.0
1687,743,546,4,16500.34,15.0
1688,744,664,3,9991.3,15.0
1689,744,438,4,12263.95,20.0
1690,745,140,5,10101.86,10.0
1691,745,498,4,21474.1,0.0
1692,745,202,1,18119.01,0.0
1693,745,842,5,4816.41,0.0
1694,746,72,1,9041.77,0.0
1695,746,55,2,2583.6,15.0
1696,746,899,4,21905.82,5.0
1697,747,118,3,22241.66,10.0
1698,747,402,3,789.81,10.0
1699,748,202,2,18119.01,20.0
1700,749,330,4,12351.31,20.0
1701,750,876,1,6589.16,20.0
1702,750,350,3,2904.08,15.0
1703,751,779,4,19107.25,0.0
1704,752,62,5,13136.19,15.0
1705,752,493,1,7964.23,0.0
1706,752,88,5,25475.34,0.0
1707,753,113,2,21843.22,0.0
1708,754,305,1,2031.07,15.0
1709,754,689,2,13071.47,0.0
1710,755,518,5,2509.06,0.0
1711,755,798,1,4100.19,15.0
1712,755,12,4,10935.76,20.0
1713,755,502,3,8596.35,0.0
1714,756,466,2,10734.42,20.0
1715,756,541,5,12029.72,15.0
1716,757,825,3,14217.62,5.0
1717,757,11,2,19969.24,5.0
1718,757,234,3,10860.79,15.0
1719,757,261,3,21999.28,15.0
1720,757,530,1,18098.15,20.0
1721,758,60,5,12772.87,0.0
1722,759,805,3,15525.28,0.0
1723,759,400,1,19421.92,5.0
1724,759,823,4,16691.74,15.0
1725,760,268,3,3037.03,0.0
1726,761,25,2,14978.82,15.0
1727,761,205,1,16137.25,5.0
1728,762,351,5,15160.62,10.0
1729,762,159,1,19350.16,0.0
1730,762,434,3,16140.57,0.0
1731,763,675,2,12507.1,0.0
1732,763,638,5,17008.83,20.0
1733,763,412,2,17012.64,0.0
1734,763,391,3,12976.53,20.0
1735,763,201,4,11298.96,0.0
1736,764,608,3,622.02,0.0
1737,764,121,1,10353.6,20.0
1738,765,888,5,2244.3,0.0
1739,766,81,5,1166.71,0.0
1740,767,57,3,8529.28,10.0
1741,768,58,3,2190.76,0.0
1742,769,775,4,23675.41,10.0
1743,769,845,4,24202.98,0.0
1744,770,338,2,17040.27,10.0
1745,770,654,1,16228.87,0.0
1746,770,697,1,2018.95,10.0
1747,770,336,2,226.24,5.0
1748,771,282,2,19801.39,10.0
1749,772,374,4,276.26,20.0
1750,772,663,5,11192.43,20.0
1751,772,479,5,8268.21,15.0
1752,772,703,1,14544.45,0.0
1753,773,127,5,14981.11,0.0
1754,773,589,3,326.42,0.0
1755,773,434,5,16140.57,5.0
1756,773,746,4,6075.54,0.0
1757,773,745,3,11543.63,0.0
1758,774,758,1,305.37,15.0
1759,775,262,3,4228.73,5.0
1760,776,872,5,15107.17,0.0
1761,776,423,3,1984.71,20.0
1762,777,521,1,20156.83,10.0
1763,777,524,2,10408.88,15.0
1764,777,80,2,7681.36,5.0
1765,777,880,4,18151.13,20.0
1766,778,505,3,10404.05,10.0
1767,778,279,2,3292.56,0.0
1768,779,872,5,15107.17,20.0
1769,779,296,2,15359.82,5.0
1770,780,292,3,15961.49,0.0
1771,781,427,1,16845.82,5.0
1772,781,473,4,2408.3,0.0
1773,781,272,2,8968.84,15.0
1774,782,158,3,20098.55,10.0
1775,782,338,2,17040.27,0.0
1776,783,640,1,12833.48,5.0
1777,783,752,3,16802.42,0.0
1778,784,407,1,7770.71,0.0
1779,784,370,3,2983.33,0.0
1780,784,203,2,12755.01,0.0
1781,785,345,3,7900.55,0.0
1782,785,570,5,15355.66,0.0
1783,785,247,3,1089.6,5.0
1784,785,810,2,15563.4,0.0
1785,785,297,4,17238.41,10.0
1786,786,674,4,11510.75,5.0
1787,786,496,5,19499.77,0.0
1788,786,717,5,3248.01,20.0
1789,787,762,4,15418.59,20.0
1790,787,595,1,16876.57,0.0
1791,787,94,2,15069.27,0.0
1792,787,31,4,16628.09,0.0
1793,787,515,3,19735.52,0.0
1794,788,593,5,17278.87,0.0
1795,788,468,2,9057.22,5.0
1796,789,892,1,7790.38,10.0
1797,789,71,5,13770.82,10.0
1798,789,685,5,120.67,10.0
1799,789,697,3,2018.95,15.0
1800,789,431,1,24437.6,0.0
1801,790,96,3,14288.15,20.0
1802,790,111,2,8344.65,0.0
1803,791,195,2,1306.46,15.0
1804,791,703,2,14544.45,10.0
1805,792,682,5,9240.58,15.0
1806,792,686,4,354.18,10.0
1807,792,242,2,15852.16,15.0
1808,792,557,1,4875.77,10.0
1809,793,461,4,14975.0,20.0
1810,793,533,4,20970.41,5.0
1811,793,102,4,7542.37,0.0
1812,793,771,3,2696.54,20.0
1813,793,775,2,23675.41,15.0
1814,794,302,2,16440.69,15.0
1815,795,836,4,17573.65,0.0
1816,796,785,2,16279.21,20.0
1817,796,701,4,621.06,10.0
1818,797,336,5,226.24,5.0
1819,797,531,4,9020.83,20.0
1820,797,96,3,14288.15,0.0
1821,798,91,3,11076.97,5.0
1822,798,314,5,18006.61,0.0
1823,799,830,3,3011.17,0.0
1824,800,286,1,239.57,0.0
1825,801,569,5,17022.92,20.0
1826,802,828,1,25138.47,0.0
1827,802,532,5,14811.49,0.0
1828,803,666,2,16085.16,0.0
1829,803,646,4,5805.21,10.0
1830,803,662,4,6806.59,0.0
1831,804,724,5,11703.57,20.0
1832,805,424,4,17174.37,0.0
1833,806,272,3,8968.84,0.0
1834,807,679,3,5924.78,20.0
1835,807,409,4,19362.42,10.0
1836,807,668,4,11556.92,10.0
1837,808,753,2,7182.61,5.0
1838,809,617,2,17544.22,5.0
1839,809,271,2,20542.32,0.0
1840,810,364,2,18476.31,0.0
1841,810,198,1,12806.33,0.0
1842,810,258,2,17700.95,0.0
1843,810,819,5,14434.49,5.0
1844,810,260,4,7198.0,0.0
1845,811,334,1,14837.25,15.0
1846,812,23,1,11954.03,0.0
1847,812,824,2,297.67,0.0
1848,812,349,5,2689.14,0.0
1849,812,419,1,4421.89,10.0
1850,812,384,1,5638.85,15.0
1851,813,577,5,20570.33,20.0
1852,814,502,5,8596.35,15.0
1853,815,99,1,20609.05,5.0
1854,816,45,2,19804.2,0.0
1855,816,40,5,1150.22,0.0
1856,816,373,5,9954.9,0.0
1857,817,22,2,11230.85,5.0
1858,817,342,1,15719.78,15.0
1859,818,325,5,2187.51,20.0
1860,819,750,3,3277.38,0.0
1861,819,760,2,779.87,0.0
1862,820,563,5,5661.49,5.0
1863,821,458,2,706.12,20.0
1864,822,289,2,10379.0,20.0
1865,823,45,2,19804.2,0.0
1866,823,180,4,1628.95,0.0
1867,824,150,4,5234.7,0.0
1868,824,257,3,13045.67,0.0
1869,825,645,4,15208.69,15.0
1870,826,365,4,22789.3,10.0
1871,827,78,1,18768.02,0.0
1872,827,792,1,2850.88,15.0
1873,828,208,2,7812.53,0.0
1874,828,830,2,3011.17,10.0
1875,828,185,2,6278.2,20.0
1876,829,543,5,9638.42,15.0
1877,829,289,3,10379.0,0.0
1878,830,453,5,11216.79,0.0
1879,831,278,2,8494.62,5.0
1880,832,701,3,621.06,15.0
1881,833,794,1,20250.02,0.0
1882,834,52,5,12629.7,0.0
1883,835,427,2,16845.82,20.0
1884,836,310,4,20036.92,15.0
1885,836,199,1,10359.07,0.0
1886,837,270,4,16271.78,5.0
1887,837,239,1,15822.1,15.0
1888,838,765,1,810.63,0.0
1889,838,277,2,13719.42,0.0
1890,838,452,5,22746.4,0.0
1891,839,643,5,1936.54,15.0
1892,840,112,4,12897.57,10.0
1893,840,465,4,2006.55,0.0
1894,841,245,1,13338.0,0.0
1895,841,32,3,1527.01,15.0
1896,841,782,3,19248.75,20.0
1897,842,254,1,21957.69,5.0
1898,842,735,5,9036.58,0.0
1899,843,617,3,17544.22,15.0
1900,844,304,2,23466.92,15.0
1901,844,891,3,12910.53,10.0
1902,844,364,2,18476.31,20.0
1903,845,392,3,956.75,5.0
1904,845,886,2,7687.78,20.0
1905,845,378,1,1654.61,5.0
1906,845,7,5,19612.77,15.0
1907,845,591,3,6697.37,5.0
1908,846,164,2,25966.48,20.0
1909,846,421,4,4302.81,20.0
1910,846,27,1,10463.86,0.0
1911,847,621,2,6617.04,5.0
1912,848,586,1,15918.44,20.0
1913,849,140,2,10101.86,10.0
1914,849,512,1,14169.19,0.0
1915,849,707,5,1274.87,5.0
1916,849,416,4,11392.81,20.0
1917,850,603,4,7330.01,0.0
1918,851,438,5,12263.95,5.0
1919,851,664,3,9991.3,5.0
1920,852,609,3,8508.77,5.0
1921,853,153,1,1446.08,0.0
1922,853,38,3,4730.75,5.0
1923,853,363,2,16290.66,20.0
1924,854,749,5,20244.79,0.0
1925,854,544,3,14987.27,0.0
1926,854,802,1,4116.0,5.0
1927,855,427,2,16845.82,0.0
1928,855,655,5,8938.91,0.0
1929,855,485,5,12732.78,0.0
1930,856,289,4,10379.0,10.0
1931,856,512,2,14169.19,0.0
1932,857,342,3,15719.78,0.0
1933,857,671,5,16938.7,0.0
1934,857,564,3,2009.4,5.0
1935,858,792,1,2850.88,10.0
1936,858,37,2,14064.14,0.0
1937,859,391,4,12976.53,0.0
1938,860,379,2,1624.86,15.0
1939,861,41,4,22568.02,10.0
1940,861,329,2,10046.75,10.0
1941,862,338,3,17040.27,0.0
1942,863,795,3,21693.2,5.0
1943,863,563,5,5661.49,0.0
1944,863,503,1,955.23,0.0
1945,864,764,3,3971.86,0.0
1946,865,85,4,4996.1,10.0
1947,865,452,4,22746.4,0.0
1948,866,703,4,14544.45,0.0
1949,866,739,1,22380.63,0.0
1950,866,831,3,6625.61,5.0
1951,867,81,1,1166.71,0.0
1952,867,470,3,14455.32,0.0
1953,867,308,3,6864.25,15.0
1954,867,209,3,7178.41,0.0
1955,868,339,4,13518.37,0.0
1956,869,279,5,3292.56,0.0
1957,870,462,2,19988.3,10.0
1958,870,660,3,5178.7,0.0
1959,870,361,2,10596.43,10.0
1960,870,428,1,21239.63,5.0
1961,871,550,1,9953.79,5.0
1962,871,323,5,920.73,20.0
1963,871,333,3,6422.47,0.0
1964,872,62,1,13136.19,0.0
1965,872,805,3,15525.28,0.0
1966,872,735,4,9036.58,20.0
1967,873,862,5,4517.96,0.0
1968,874,559,5,10518.45,5.0
1969,875,781,2,15990.77,0.0
1970,875,868,4,18520.33,0.0
1971,875,884,2,15919.32,10.0
1972,875,643,3,1936.54,20.0
1973,875,601,5,17591.52,15.0
1974,876,307,1,21906.91,15.0
1975,876,470,1,14455.32,20.0
1976,876,379,4,1624.86,0.0
1977,876,406,2,5693.41,5.0
1978,877,167,2,14506.97,0.0
1979,877,4,2,3406.7,0.0
1980,878,148,5,17262.89,0.0
1981,878,680,1,2617.11,5.0
1982,878,256,1,6510.46,20.0
1983,879,64,5,18539.77,0.0
1984,879,821,3,17002.37,5.0
1985,880,811,2,13234.53,10.0
1986,881,367,2,14113.51,0.0
1987,881,111,3,8344.65,15.0
1988,881,401,1,3916.76,15.0
1989,881,195,2,1306.46,0.0
1990,881,346,2,8215.18,0.0
1991,882,527,1,4372.63,10.0
1992,883,344,2,5524.58,0.0
1993,883,277,2,13719.42,5.0
1994,883,125,4,2129.68,0.0
1995,884,612,3,5006.24,10.0
1996,884,820,1,20062.61,5.0
1997,884,69,5,7716.81,0.0
1998,884,337,3,1562.71,15.0
1999,884,442,4,11650.88,10.0
2000,885,312,2,13798.25,0.0
2001,885,607,5,9557.3,20.0
2002,885,183,1,23501.6,15.0
2003,886,623,5,5372.41,0.0
2004,886,277,3,13719.42,0.0
2005,887,407,2,7770.71,10.0
2006,887,592,1,4181.43,0.0
2007,887,596,2,3968.53,5.0
2008,888,728,1,1177.36,0.0
2009,889,663,4,11192.43,10.0
2010,889,310,5,20036.92,10.0
2011,889,719,5,7305.31,5.0
2012,889,315,4,14818.85,0.0
2013,890,192,5,18707.42,0.0
2014,891,105,5,9554.98,0.0
2015,891,427,3,16845.82,0.0
2016,891,320,2,9179.45,15.0
2017,891,280,1,14095.63,10.0
2018,891,711,1,16182.19,0.0
2019,892,368,4,9973.43,20.0
2020,893,257,1,13045.67,15.0
2021,894,84,2,16076.18,20.0
2022,894,645,2,15208.69,0.0
2023,895,435,4,13058.88,20.0
2024,896,138,5,25438.29,15.0
2025,897,437,3,10772.97,0.0
2026,897,726,5,5419.14,15.0
2027,897,405,4,6628.43,5.0
2028,897,482,2,2192.85,0.0
2029,898,21,2,20625.3,15.0
2030,898,247,1,1089.6,20.0
2031,898,853,3,13558.97,20.0
2032,899,824,3,297.67,0.0
2033,899,141,4,1692.85,0.0
2034,899,353,3,7643.82,0.0
2035,900,608,4,622.02,20.0
2036,900,183,2,23501.6,10.0
2037,900,498,5,21474.1,0.0
2038,901,174,5,11611.6,0.0
2039,901,815,4,20541.91,15.0
2040,901,524,2,10408.88,15.0
2041,902,529,1,8097.4,0.0
2042,902,22,2,11230.85,15.0
2043,902,490,2,6372.79,0.0
2044,903,629,5,12346.5,0.0
2045,904,593,2,17278.87,15.0
2046,904,608,1,622.02,15.0
2047,905,355,4,3894.18,20.0
2048,905,8,1,19040.64,5.0
2049,905,835,4,13235.32,0.0
2050,906,627,4,14763.79,0.0
2051,906,812,3,2387.49,5.0
2052,907,244,3,7472.45,10.0
2053,907,560,3,6942.79,0.0
2054,907,12,5,10935.76,20.0
2055,908,167,3,14506.97,0.0
2056,908,380,1,10068.31,0.0
2057,908,597,2,1518.2,15.0
2058,909,596,4,3968.53,0.0
2059,910,421,4,4302.81,0.0
2060,911,365,5,22789.3,0.0
2061,911,752,3,16802.42,15.0
2062,912,146,2,15804.83,5.0
2063,912,145,4,12067.47,20.0
2064,912,243,5,176.76,20.0
2065,912,268,4,3037.03,20.0
2066,913,222,5,7009.13,0.0
2067,913,649,2,14601.66,10.0
2068,913,846,1,806.68,5.0
2069,914,769,3,19111.37,15.0
2070,914,236,4,4832.52,15.0
2071,914,362,3,17099.97,0.0
2072,915,596,4,3968.53,20.0
2073,915,434,2,16140.57,0.0
2074,915,251,1,13337.74,0.0
2075,916,516,4,4294.23,15.0
2076,916,413,3,347.03,20.0
2077,916,166,5,2581.81,0.0
2078,916,247,1,1089.6,0.0
2079,916,56,2,18137.71,20.0
2080,917,305,1,2031.07,15.0
2081,917,561,1,863.13,0.0
2082,917,382,2,9206.05,0.0
2083,918,90,4,14228.88,0.0
2084,919,482,4,2192.85,15.0
2085,919,546,2,16500.34,0.0
2086,920,875,2,9752.68,15.0
2087,920,12,2,10935.76,0.0
2088,921,210,3,12962.87,0.0
2089,922,825,4,14217.62,0.0
2090,922,22,1,11230.85,0.0
2091,922,302,3,16440.69,0.0
2092,922,864,2,2259.89,0.0
2093,923,49,4,12463.05,20.0
2094,924,612,4,5006.24,0.0
2095,924,366,1,16239.91,5.0
2096,924,434,4,16140.57,20.0
2097,925,597,4,1518.2,15.0
2098,925,568,5,1091.56,20.0
2099,926,380,1,10068.31,0.0
2100,926,886,5,7687.78,5.0
2101,927,546,2,16500.34,10.0
2102,927,588,4,4546.5,15.0
2103,928,40,3,1150.22,0.0
2104,928,282,5,19801.39,0.0
2105,929,661,4,13705.81,20.0
2106,929,755,2,144.02,0.0
2107,929,810,1,15563.4,10.0
2108,930,798,1,4100.19,0.0
2109,930,320,1,9179.45,0.0
2110,930,746,4,6075.54,20.0
2111,931,553,3,11099.68,0.0
2112,932,848,2,15587.71,10.0
2113,932,314,2,18006.61,5.0
2114,932,616,1,18315.38,15.0
2115,932,196,5,10265.86,0.0
2116,933,468,4,9057.22,15.0
2117,933,9,1,17153.33,20.0
2118,933,144,3,19819.04,0.0
2119,933,56,4,18137.71,10.0
2120,934,665,3,4754.37,20.0
2121,934,357,2,10102.76,15.0
2122,935,529,4,8097.4,5.0
2123,935,726,4,5419.14,15.0
2124,935,608,5,622.02,20.0
2125,936,748,1,15319.21,20.0
2126,936,139,1,7956.39,15.0
2127,936,819,1,14434.49,5.0
2128,937,775,5,23675.41,0.0
2129,938,705,3,4673.98,15.0
2130,938,455,4,6876.9,10.0
2131,939,566,5,1155.19,5.0
2132,939,438,3,12263.95,0.0
2133,939,419,2,4421.89,5.0
2134,939,496,2,19499.77,20.0
2135,939,84,3,16076.18,0.0
2136,940,425,1,4926.04,0.0
2137,940,482,1,2192.85,0.0
2138,941,335,4,10357.5,20.0
2139,942,30,2,18303.29,0.0
2140,942,475,4,6938.61,15.0
2141,942,251,4,13337.74,20.0
2142,943,616,2,18315.38,15.0
2143,943,831,1,6625.61,0.0
2144,943,696,2,2491.11,10.0
2145,943,62,1,13136.19,20.0
2146,944,268,5,3037.03,0.0
2147,944,414,3,166.83,5.0
2148,945,96,5,14288.15,5.0
2149,946,271,3,20542.32,15.0
2150,947,475,3,6938.61,10.0
2151,948,778,4,20152.02,0.0
2152,949,304,3,23466.92,0.0
2153,949,30,4,18303.29,0.0
2154,949,833,3,16884.14,0.0
2155,950,345,3,7900.55,0.0
2156,951,389,1,3509.61,5.0
2157,952,34,3,1148.2,20.0
2158,953,886,4,7687.78,20.0
2159,954,272,2,8968.84,0.0
2160,955,321,5,9347.28,0.0
2161,955,685,3,120.67,15.0
2162,955,783,2,803.8,5.0
2163,955,637,1,9909.0,10.0
2164,955,585,3,10944.6,20.0
2165,956,899,2,21905.82,5.0
2166,956,325,5,2187.51,0.0
2167,956,549,5,16311.06,0.0
2168,957,673,2,690.26,20.0
2169,957,319,2,9389.36,0.0
2170,957,33,2,2593.22,0.0
2171,958,212,3,23358.43,15.0
2172,959,508,4,4967.5,15.0
2173,959,324,5,3772.01,0.0
2174,959,47,5,7909.38,15.0
2175,959,894,4,7760.97,20.0
2176,960,288,4,6504.36,5.0
2177,960,721,4,18878.1,5.0
2178,961,252,4,14825.98,0.0
2179,961,35,1,21434.65,0.0
2180,961,314,4,18006.61,0.0
2181,962,560,2,6942.79,15.0
2182,962,445,4,1123.05,0.0
2183,963,805,5,15525.28,0.0
2184,963,836,3,17573.65,15.0
2185,964,867,3,3837.28,0.0
2186,965,446,1,18287.32,0.0
2187,966,228,3,5918.99,5.0
2188,966,145,1,12067.47,5.0
2189,966,863,5,10272.35,0.0
2190,966,648,4,5724.05,0.0
2191,966,762,3,15418.59,15.0
2192,967,128,4,13624.37,20.0
2193,968,768,5,16413.87,0.0
2194,968,697,2,2018.95,15.0
2195,968,710,5,11261.29,10.0
2196,969,367,2,14113.51,5.0
2197,969,160,1,20635.35,20.0
2198,970,269,3,11513.31,10.0
2199,970,345,3,7900.55,15.0
2200,971,743,2,10182.67,15.0
2201,972,747,1,15965.2,10.0
2202,973,166,4,2581.81,20.0
2203,973,219,2,5457.35,5.0
2204,973,615,4,13741.69,0.0
2205,973,214,4,17220.63,5.0
2206,974,42,4,10082.43,0.0
2207,974,285,3,16720.01,0.0
2208,974,746,1,6075.54,0.0
2209,975,359,2,14548.05,10.0
2210,975,7,5,19612.77,0.0
2211,975,140,1,10101.86,5.0
2212,975,725,3,8996.66,15.0
2213,975,891,3,12910.53,10.0
2214,976,453,3,11216.79,0.0
2215,976,799,2,8448.77,10.0
2216,976,431,2,24437.6,0.0
2217,976,503,3,955.23,0.0
2218,976,494,2,2526.78,20.0
2219,977,222,4,7009.13,20.0
2220,977,623,5,5372.41,0.0
2221,978,2,4,21248.93,5.0
2222,979,714,4,26202.05,10.0
2223,979,535,4,5770.15,20.0
2224,980,366,2,16239.91,0.0
2225,980,488,1,13455.56,0.0
2226,981,682,5,9240.58,0.0
2227,982,850,1,22317.22,0.0
2228,982,234,5,10860.79,5.0
2229,983,786,2,14084.23,15.0
2230,984,714,5,26202.05,0.0
2231,984,28,4,15441.58,10.0
2232,985,29,5,2346.21,15.0
2233,986,599,3,442.03,0.0
2234,987,241,2,11844.31,0.0
2235,988,360,3,11713.02,5.0
2236,988,118,5,22241.66,0.0
2237,988,472,2,15859.32,0.0
2238,989,4,3,3406.7,0.0
2239,989,620,4,12173.09,0.0
2240,990,526,5,14453.05,5.0
2241,991,349,5,2689.14,0.0
2242,991,700,1,14408.43,10.0
2243,992,849,4,11044.19,0.0
2244,993,132,5,7609.15,5.0
2245,993,457,3,19959.82,0.0
2246,993,183,5,23501.6,0.0
2247,994,232,3,12332.61,0.0
2248,994,667,3,11155.15,5.0
2249,994,567,2,14958.32,0.0
2250,994,277,4,13719.42,5.0
2251,994,784,3,8066.19,15.0
2252,995,294,4,10981.7,20.0
2253,995,110,4,20953.8,5.0
2254,996,899,4,21905.82,10.0
2255,996,712,5,13003.78,15.0
2256,997,278,5,8494.62,0.0
2257,998,448,2,4391.49,5.0
2258,998,469,3,5321.69,0.0
2259,998,657,5,11502.62,5.0
2260,999,325,4,2187.51,5.0
2261,999,222,1,7009.13,0.0
2262,1000,759,3,15948.11,0.0
2263,1001,450,1,5004.29,0.0
2264,1001,560,1,6942.79,5.0
2265,1001,15,5,9257.31,0.0
2266,1001,277,4,13719.42,0.0
2267,1001,451,1,15015.83,20.0
2268,1002,443,5,1560.39,0.0
2269,1002,714,1,26202.05,20.0
2270,1003,214,3,17220.63,20.0
2271,1004,75,1,19138.34,10.0
2272,1004,159,3,19350.16,5.0
2273,1004,874,5,12083.32,20.0
2274,1004,256,5,6510.46,0.0
2275,1004,5,5,8313.51,0.0
2276,1005,398,4,13400.93,0.0
2277,1006,503,5,955.23,0.0
2278,1007,276,1,6116.22,20.0
2279,1008,194,2,2770.23,10.0
2280,1009,696,4,2491.11,20.0
2281,1009,617,4,17544.22,20.0
2282,1010,511,3,16710.62,5.0
2283,1011,33,5,2593.22,0.0
2284,1011,53,4,7934.72,0.0
2285,1011,803,3,7424.51,0.0
2286,1011,285,4,16720.01,10.0
2287,1012,391,4,12976.53,5.0
2288,1012,245,2,13338.0,20.0
2289,1012,516,1,4294.23,0.0
2290,1012,720,4,21429.07,15.0
2291,1013,384,5,5638.85,5.0
2292,1014,512,1,14169.19,0.0
2293,1014,315,2,14818.85,5.0
2294,1015,752,5,16802.42,10.0
2295,1016,586,2,15918.44,0.0
2296,1017,855,2,2959.91,0.0
2297,1017,821,3,17002.37,10.0
2298,1017,537,1,17211.68,0.0
2299,1017,861,4,8502.27,15.0
2300,1018,297,5,17238.41,0.0
2301,1018,736,3,6120.5,5.0
2302,1018,280,4,14095.63,20.0
2303,1019,476,4,19019.08,5.0
2304,1020,591,3,6697.37,0.0
2305,1020,87,4,19036.03,15.0
2306,1020,102,4,7542.37,5.0
2307,1020,412,4,17012.64,20.0
2308,1021,411,3,17450.18,5.0
2309,1021,882,4,8433.14,0.0
2310,1022,351,2,15160.62,10.0
2311,1022,871,4,8110.39,0.0
2312,1022,657,3,11502.62,0.0
2313,1023,639,5,2960.19,10.0
2314,1024,148,3,17262.89,0.0
2315,1024,480,3,11927.56,0.0
2316,1025,709,4,7686.85,10.0
2317,1025,42,2,10082.43,10.0
2318,1026,443,3,1560.39,0.0
2319,1026,804,1,21201.2,5.0
2320,1027,208,1,7812.53,0.0
2321,1027,599,2,442.03,0.0
2322,1027,39,2,7958.95,0.0
2323,1027,252,5,14825.98,15.0
2324,1027,167,2,14506.97,10.0
2325,1028,115,5,14046.49,0.0
2326,1029,352,4,11635.83,0.0
2327,1029,536,3,24253.72,0.0
2328,1030,77,3,13954.67,0.0
2329,1031,536,3,24253.72,0.0
2330,1031,217,4,4337.11,10.0
2331,1032,92,3,18578.14,0.0
2332,1032,673,4,690.26,5.0
2333,1032,248,5,19406.63,5.0
2334,1033,730,5,11885.24,5.0
2335,1033,825,3,14217.62,0.0
2336,1033,589,4,326.42,15.0
2337,1033,364,5,18476.31,0.0
2338,1034,630,5,16772.79,0.0
2339,1035,618,4,13048.71,15.0
2340,1035,314,2,18006.61,10.0
2341,1035,650,2,6904.93,5.0
2342,1035,482,5,2192.85,0.0
2343,1036,605,4,7517.98,0.0
2344,1037,899,1,21905.82,0.0
2345,1038,778,1,20152.02,15.0
2346,1039,10,2,7250.5,10.0
2347,1040,882,3,8433.14,15.0
2348,1041,392,3,956.75,20.0
2349,1041,176,3,10671.88,5.0
2350,1041,847,2,13026.82,0.0
2351,1042,811,2,13234.53,10.0
2352,1043,750,2,3277.38,5.0
2353,1044,15,3,9257.31,0.0
2354,1044,241,5,11844.31,20.0
2355,1044,55,5,2583.6,20.0
2356,1044,659,3,2808.44,0.0
2357,1044,507,3,12654.25,0.0
2358,1045,355,3,3894.18,0.0
2359,1045,51,1,11484.39,20.0
2360,1045,500,5,6694.37,0.0
2361,1046,656,4,23607.08,0.0
2362,1046,579,2,16420.05,0.0
2363,1046,623,3,5372.41,0.0
2364,1046,811,3,13234.53,20.0
2365,1047,99,5,20609.05,0.0
2366,1047,686,2,354.18,15.0
2367,1048,487,4,1420.39,5.0
2368,1048,645,3,15208.69,0.0
2369,1048,659,3,2808.44,5.0
2370,1048,226,4,13594.3,0.0
2371,1049,318,5,7031.86,0.0
2372,1050,348,2,19662.84,10.0
2373,1050,700,2,14408.43,20.0
2374,1051,474,1,10258.52,20.0
2375,1052,261,2,21999.28,15.0
2376,1053,759,5,15948.11,15.0
2377,1053,553,3,11099.68,10.0
2378,1054,722,5,2404.11,0.0
2379,1055,461,1,14975.0,15.0
2380,1056,714,3,26202.05,0.0
2381,1057,92,2,18578.14,0.0
2382,1057,432,1,23302.07,20.0
2383,1057,690,4,12791.5,20.0
2384,1058,735,3,9036.58,20.0
2385,1059,258,2,17700.95,20.0
2386,1060,707,1,1274.87,15.0
2387,1061,245,4,13338.0,10.0
2388,1061,327,1,15380.04,20.0
2389,1061,161,5,15289.65,5.0
2390,1062,224,2,2233.05,10.0
2391,1063,62,4,13136.19,0.0
2392,1063,682,2,9240.58,0.0
2393,1064,291,4,3444.93,0.0
2394,1064,413,4,347.03,0.0
2395,1064,379,5,1624.86,15.0
2396,1064,565,3,11175.66,5.0
2397,1065,222,2,7009.13,15.0
2398,1065,226,3,13594.3,20.0
2399,1066,542,1,3615.52,0.0
2400,1066,292,3,15961.49,15.0
2401,1066,843,4,11008.41,15.0
2402,1066,790,2,1388.1,0.0
2403,1067,775,1,23675.41,20.0
2404,1067,70,4,24783.28,5.0
2405,1067,838,5,19410.6,15.0
2406,1067,528,4,939.25,0.0
2407,1067,376,5,10430.96,0.0
2408,1068,656,2,23607.08,15.0
2409,1069,755,2,144.02,0.0
2410,1069,279,1,3292.56,10.0
2411,1069,529,2,8097.4,0.0
2412,1069,263,2,3234.93,0.0
2413,1070,650,2,6904.93,5.0
2414,1070,378,2,1654.61,0.0
2415,1070,860,4,11880.54,5.0
2416,1070,738,4,19896.87,0.0
2417,1071,190,5,7595.13,20.0
2418,1072,184,5,14178.66,0.0
2419,1072,605,1,7517.98,0.0
2420,1073,688,2,3002.55,10.0
2421,1074,684,5,8576.21,0.0
2422,1074,313,1,7494.19,5.0
2423,1074,582,4,19075.76,15.0
2424,1074,404,5,653.1,20.0
2425,1074,137,3,10885.94,0.0
2426,1075,673,4,690.26,5.0
2427,1075,302,4,16440.69,15.0
2428,1075,770,5,5579.14,0.0
2429,1076,442,4,11650.88,5.0
2430,1077,840,3,14874.45,0.0
2431,1077,5,5,8313.51,5.0
2432,1077,697,5,2018.95,0.0
2433,1077,579,3,16420.05,15.0
2434,1078,649,4,14601.66,0.0
2435,1079,871,2,8110.39,20.0
2436,1079,150,2,5234.7,0.0
2437,1080,312,4,13798.25,10.0
2438,1080,736,5,6120.5,15.0
2439,1081,198,2,12806.33,0.0
2440,1081,800,3,12138.75,5.0
2441,1082,306,1,9467.51,10.0
2442,1082,614,1,21084.78,5.0
2443,1082,747,5,15965.2,5.0
2444,1082,762,2,15418.59,10.0
2445,1082,396,5,751.13,5.0
2446,1083,631,3,24606.76,0.0
2447,1083,174,2,11611.6,15.0
2448,1083,279,5,3292.56,0.0
2449,1083,257,1,13045.67,10.0
2450,1083,619,4,12004.29,10.0
2451,1084,280,5,14095.63,10.0
2452,1084,49,2,12463.05,15.0
2453,1084,871,2,8110.39,20.0
2454,1085,759,3,15948.11,5.0
2455,1085,196,4,10265.86,10.0
2456,1086,617,5,17544.22,20.0
2457,1086,804,1,21201.2,0.0
2458,1086,254,2,21957.69,0.0
2459,1086,647,1,8678.96,0.0
2460,1086,625,4,7044.62,0.0
2461,1087,247,1,1089.6,0.0
2462,1087,594,2,13204.03,0.0
2463,1088,223,3,13128.85,20.0
2464,1088,696,1,2491.11,10.0
2465,1088,69,5,7716.81,0.0
2466,1089,610,4,2359.37,5.0
2467,1090,869,1,4059.75,15.0
2468,1090,251,4,13337.74,5.0
2469,1091,8,1,19040.64,15.0
2470,1091,716,5,4599.1,15.0
2471,1091,6,1,22533.66,5.0
2472,1092,302,5,16440.69,0.0
2473,1092,871,3,8110.39,0.0
2474,1092,317,5,14112.86,20.0
2475,1093,505,3,10404.05,5.0
2476,1094,707,2,1274.87,5.0
2477,1094,566,2,1155.19,10.0
2478,1094,464,2,7633.05,0.0
2479,1094,12,3,10935.76,0.0
2480,1095,559,5,10518.45,15.0
2481,1095,745,1,11543.63,0.0
2482,1095,207,2,21338.76,0.0
2483,1095,290,1,12993.94,5.0
2484,1096,728,2,1177.36,0.0
2485,1096,220,1,12963.27,10.0
2486,1097,370,1,2983.33,0.0
2487,1097,152,1,11106.45,0.0
2488,1098,170,2,12133.1,0.0
2489,1098,542,4,3615.52,5.0
2490,1098,763,1,19381.27,0.0
2491,1099,823,4,16691.74,5.0
2492,1100,613,1,5929.69,0.0
2493,1101,773,2,8183.79,20.0
2494,1101,174,1,11611.6,0.0
2495,1101,443,2,1560.39,0.0
2496,1101,454,5,12204.15,10.0
2497,1102,24,1,18317.93,0.0
2498,1102,290,2,12993.94,0.0
2499,1103,29,3,2346.21,0.0
2500,1103,459,5,1008.42,0.0
2501,1103,331,5,6973.28,0.0
2502,1104,801,4,3589.73,10.0
2503,1105,573,2,2928.56,0.0
2504,1105,671,4,16938.7,5.0
2505,1105,744,3,6614.57,15.0
2506,1106,736,1,6120.5,0.0
2507,1107,454,2,12204.15,10.0
2508,1107,249,2,19528.8,10.0
2509,1108,111,1,8344.65,20.0
2510,1109,871,1,8110.39,10.0
2511,1109,393,5,8735.87,0.0
2512,1109,547,3,5521.08,0.0
2513,1109,32,2,1527.01,0.0
2514,1110,731,3,960.03,20.0
2515,1110,852,4,3347.58,20.0
2516,1111,554,4,19734.11,10.0
2517,1111,361,4,10596.43,10.0
2518,1112,805,3,15525.28,20.0
2519,1113,83,5,7572.59,15.0
2520,1113,253,5,17161.82,0.0
2521,1114,716,4,4599.1,5.0
2522,1114,417,4,1519.73,5.0
2523,1114,512,1,14169.19,10.0
2524,1114,815,3,20541.91,0.0
2525,1115,582,1,19075.76,5.0
2526,1115,157,4,10768.54,0.0
2527,1116,133,2,18760.28,10.0
2528,1116,157,1,10768.54,0.0
2529,1116,682,3,9240.58,0.0
2530,1117,140,2,10101.86,15.0
2531,1117,331,2,6973.28,0.0
2532,1118,545,5,16977.96,10.0
2533,1118,275,4,10808.89,20.0
2534,1118,537,2,17211.68,0.0
2535,1119,898,2,9944.45,15.0
2536,1119,195,3,1306.46,15.0
2537,1120,262,5,4228.73,0.0
2538,1120,31,5,16628.09,10.0
2539,1120,836,4,17573.65,15.0
2540,1121,294,3,10981.7,0.0
2541,1121,547,4,5521.08,0.0
2542,1121,293,5,282.61,10.0
2543,1122,246,5,3854.15,0.0
2544,1123,808,4,376.7,0.0
2545,1123,160,3,20635.35,20.0
2546,1124,646,4,5805.21,5.0
2547,1124,162,2,13421.66,0.0
2548,1124,58,3,2190.76,20.0
2549,1124,873,1,1014.59,0.0
2550,1124,107,3,11842.72,15.0
2551,1125,706,3,12213.81,0.0
2552,1126,541,2,12029.72,0.0
2553,1126,570,2,15355.66,0.0
2554,1126,430,4,19127.25,0.0
2555,1127,758,2,305.37,0.0
2556,1127,669,3,17245.4,0.0
2557,1127,314,1,18006.61,0.0
2558,1128,582,3,19075.76,5.0
2559,1129,736,2,6120.5,20.0
2560,1129,307,3,21906.91,5.0
2561,1130,114,1,7286.84,5.0
2562,1131,677,5,13881.44,10.0
2563,1131,397,5,8299.19,5.0
2564,1131,296,2,15359.82,0.0
2565,1131,183,4,23501.6,15.0
2566,1132,508,5,4967.5,20.0
2567,1132,384,1,5638.85,0.0
2568,1133,268,1,3037.03,20.0
2569,1133,378,5,1654.61,0.0
2570,1133,667,3,11155.15,5.0
2571,1134,477,5,17806.82,0.0
2572,1135,144,4,19819.04,0.0
2573,1135,258,2,17700.95,15.0
2574,1136,763,1,19381.27,20.0
2575,1137,755,5,144.02,5.0
2576,1137,762,1,15418.59,15.0
2577,1138,832,1,9339.3,10.0
2578,1138,151,4,21510.83,10.0
2579,1139,80,3,7681.36,5.0
2580,1140,143,2,7946.56,0.0
2581,1141,493,2,7964.23,10.0
2582,1142,881,1,21532.91,0.0
2583,1142,524,1,10408.88,10.0
2584,1142,233,4,12825.71,0.0
2585,1142,655,3,8938.91,15.0
2586,1142,137,5,10885.94,10.0
2587,1143,390,5,3964.49,20.0
2588,1143,633,4,15843.65,10.0
2589,1144,87,3,19036.03,20.0
2590,1145,863,2,10272.35,0.0
2591,1145,501,5,14745.03,5.0
2592,1146,864,5,2259.89,15.0
2593,1146,330,5,12351.31,0.0
2594,1147,772,5,18195.11,10.0
2595,1147,502,2,8596.35,10.0
2596,1148,676,5,14315.33,15.0
2597,1148,841,5,15195.61,20.0
2598,1149,738,1,19896.87,0.0
2599,1149,641,3,12480.0,10.0
2600,1150,5,3,8313.51,20.0
2601,1151,445,5,1123.05,0.0
2602,1151,760,5,779.87,15.0
2603,1151,27,4,10463.86,10.0
2604,1151,896,4,24756.56,5.0
2605,1151,137,1,10885.94,20.0
2606,1152,403,4,7812.31,0.0
2607,1152,18,1,4419.93,20.0
2608,1153,170,2,12133.1,5.0
2609,1154,804,2,21201.2,20.0
2610,1155,622,3,8757.16,0.0
2611,1155,649,3,14601.66,0.0
2612,1155,240,3,3443.85,15.0
2613,1155,330,2,12351.31,5.0
2614,1155,416,4,11392.81,20.0
2615,1156,428,3,21239.63,20.0
2616,1156,699,3,4909.23,5.0
2617,1157,819,2,14434.49,0.0
2618,1157,745,1,11543.63,0.0
2619,1157,362,2,17099.97,0.0
2620,1158,607,1,9557.3,0.0
2621,1158,866,4,3834.44,20.0
2622,1159,770,2,5579.14,10.0
2623,1159,650,3,6904.93,10.0
2624,1160,640,4,12833.48,5.0
2625,1161,530,3,18098.15,0.0
2626,1162,351,1,15160.62,0.0
2627,1162,585,3,10944.6,0.0
2628,1162,732,4,8129.26,10.0
2629,1163,557,2,4875.77,15.0
2630,1163,349,5,2689.14,20.0
2631,1163,71,4,13770.82,5.0
2632,1163,725,2,8996.66,0.0
2633,1164,445,2,1123.05,0.0
2634,1165,252,3,14825.98,5.0
2635,1165,210,1,12962.87,0.0
2636,1166,534,4,10869.74,0.0
2637,1166,184,5,14178.66,20.0
2638,1167,729,5,12919.83,0.0
2639,1168,208,2,7812.53,0.0
2640,1168,849,5,11044.19,20.0
2641,1168,756,3,8569.79,0.0
2642,1168,823,3,16691.74,0.0
2643,1168,694,5,11604.18,15.0
2644,1169,694,5,11604.18,0.0
2645,1169,17,1,19447.69,0.0
2646,1169,646,4,5805.21,10.0
2647,1170,247,4,1089.6,5.0
2648,1171,802,4,4116.0,0.0
2649,1171,475,4,6938.61,5.0
2650,1171,466,3,10734.42,0.0
2651,1171,246,3,3854.15,0.0
2652,1171,874,3,12083.32,10.0
2653,1172,826,3,11073.3,0.0
2654,1172,882,3,8433.14,20.0
2655,1173,210,3,12962.87,0.0
2656,1173,588,2,4546.5,0.0
2657,1174,194,1,2770.23,0.0
2658,1174,669,3,17245.4,15.0
2659,1174,900,1,17425.46,0.0
2660,1175,476,4,19019.08,0.0
2661,1175,24,1,18317.93,5.0
2662,1175,147,2,2349.15,20.0
2663,1176,328,3,15690.65,0.0
2664,1176,648,5,5724.05,5.0
2665,1176,127,4,14981.11,0.0
2666,1177,262,4,4228.73,15.0
2667,1177,677,5,13881.44,5.0
2668,1177,140,2,10101.86,0.0
2669,1178,490,2,6372.79,0.0
2670,1179,370,2,2983.33,5.0
2671,1179,520,4,1057.04,20.0
2672,1179,635,1,15794.51,0.0
2673,1180,573,5,2928.56,0.0
2674,1180,618,5,13048.71,0.0
2675,1180,87,1,19036.03,5.0
2676,1180,606,3,10207.96,10.0
2677,1180,686,5,354.18,0.0
2678,1181,404,4,653.1,0.0
2679,1181,673,3,690.26,0.0
2680,1181,301,2,21720.03,20.0
2681,1181,306,5,9467.51,0.0
2682,1182,898,5,9944.45,5.0
2683,1182,900,4,17425.46,10.0
2684,1182,875,3,9752.68,0.0
2685,1182,756,3,8569.79,5.0
2686,1183,500,3,6694.37,20.0
2687,1183,614,1,21084.78,0.0
2688,1184,631,2,24606.76,5.0
2689,1184,696,4,2491.11,0.0
2690,1184,772,3,18195.11,0.0
2691,1185,318,4,7031.86,5.0
2692,1185,683,1,16086.04,20.0
2693,1185,79,4,15602.76,0.0
2694,1186,101,2,20043.36,15.0
2695,1187,764,3,3971.86,0.0
2696,1187,90,4,14228.88,0.0
2697,1187,395,2,16130.97,5.0
2698,1188,895,5,7754.62,20.0
2699,1188,207,4,21338.76,5.0
2700,1188,891,5,12910.53,0.0
2701,1188,129,1,10907.63,0.0
2702,1189,72,1,9041.77,15.0
2703,1189,356,3,4711.26,0.0
2704,1189,368,4,9973.43,15.0
2705,1189,761,4,16718.68,0.0
2706,1189,480,4,11927.56,5.0
2707,1190,431,2,24437.6,5.0
2708,1190,765,3,810.63,5.0
2709,1191,424,1,17174.37,20.0
2710,1192,193,2,20867.37,0.0
2711,1192,192,3,18707.42,0.0
2712,1193,132,1,7609.15,0.0
2713,1194,320,4,9179.45,10.0
2714,1194,572,4,19015.09,10.0
2715,1194,860,3,11880.54,10.0
2716,1194,779,4,19107.25,10.0
2717,1195,88,2,25475.34,0.0
2718,1195,586,3,15918.44,0.0
2719,1195,436,4,6536.15,15.0
2720,1196,185,1,6278.2,5.0
2721,1196,781,3,15990.77,0.0
2722,1196,356,2,4711.26,0.0
2723,1196,834,1,11307.94,0.0
2724,1196,577,4,20570.33,0.0
2725,1197,209,5,7178.41,0.0
2726,1197,111,5,8344.65,20.0
2727,1198,857,3,9589.19,0.0
2728,1198,537,4,17211.68,0.0
2729,1198,372,4,9597.28,20.0
2730,1199,482,2,2192.85,15.0
2731,1200,297,5,17238.41,10.0
2732,1200,171,3,18491.26,20.0
2733,1201,37,4,14064.14,0.0
2734,1201,223,1,13128.85,0.0
2735,1201,876,2,6589.16,0.0
2736,1201,763,5,19381.27,0.0
2737,1201,164,4,25966.48,0.0
2738,1202,235,4,4664.57,0.0
2739,1202,806,1,11627.22,10.0
2740,1202,350,5,2904.08,15.0
2741,1203,440,5,21618.7,0.0
2742,1203,878,5,13434.69,15.0
2743,1203,845,4,24202.98,0.0
2744,1204,896,2,24756.56,10.0
2745,1204,66,1,13143.99,5.0
2746,1204,728,4,1177.36,20.0
2747,1204,106,5,10629.26,0.0
2748,1204,97,2,12470.7,15.0
2749,1205,632,2,10665.66,10.0
2750,1205,312,1,13798.25,15.0
2751,1205,492,2,9662.3,0.0
2752,1206,11,2,19969.24,0.0
2753,1207,680,5,2617.11,0.0
2754,1208,354,2,17320.16,15.0
2755,1208,649,1,14601.66,15.0
2756,1209,459,4,1008.42,20.0
2757,1209,706,1,12213.81,10.0
2758,1209,338,3,17040.27,0.0
2759,1209,425,2,4926.04,0.0
2760,1210,69,4,7716.81,0.0
2761,1210,129,2,10907.63,0.0
2762,1211,365,2,22789.3,20.0
2763,1212,5,1,8313.51,0.0
2764,1212,731,5,960.03,5.0
2765,1212,76,4,8195.06,5.0
2766,1212,336,4,226.24,0.0
2767,1213,452,2,22746.4,10.0
2768,1213,424,2,17174.37,0.0
2769,1213,860,4,11880.54,0.0
2770,1213,355,5,3894.18,15.0
2771,1214,878,3,13434.69,10.0
2772,1214,135,3,4472.34,10.0
2773,1214,577,3,20570.33,0.0
2774,1215,470,4,14455.32,20.0
2775,1215,492,4,9662.3,0.0
2776,1215,854,2,16327.56,10.0
2777,1215,829,5,21989.77,20.0
2778,1216,35,1,21434.65,15.0
2779,1216,725,3,8996.66,10.0
2780,1216,597,3,1518.2,15.0
2781,1217,578,3,17099.03,20.0
2782,1217,714,5,26202.05,20.0
2783,1217,667,2,11155.15,5.0
2784,1217,760,1,779.87,0.0
2785,1217,804,5,21201.2,20.0
2786,1218,109,3,10740.23,15.0
2787,1218,576,2,3125.72,5.0
2788,1219,449,1,1431.85,20.0
2789,1219,140,2,10101.86,15.0
2790,1219,1,2,23380.27,10.0
2791,1219,685,5,120.67,0.0
2792,1219,144,1,19819.04,0.0
2793,1220,454,4,12204.15,0.0
2794,1220,168,3,2987.62,20.0
2795,1220,18,3,4419.93,10.0
2796,1220,205,2,16137.25,5.0
2797,1220,663,3,11192.43,5.0
2798,1221,3,4,16184.82,15.0
2799,1221,356,3,4711.26,5.0
2800,1222,490,3,6372.79,0.0
2801,1222,35,4,21434.65,20.0
2802,1223,612,1,5006.24,10.0
2803,1224,508,1,4967.5,20.0
2804,1224,765,3,810.63,10.0
2805,1224,247,5,1089.6,5.0
2806,1225,97,2,12470.7,10.0
2807,1226,508,5,4967.5,0.0
2808,1227,870,1,4993.59,20.0
2809,1228,788,1,5720.07,0.0
2810,1228,751,1,3818.67,10.0
2811,1228,14,1,10692.32,0.0
2812,1229,777,2,7013.52,15.0
2813,1229,727,3,19119.71,15.0
2814,1230,840,1,14874.45,10.0
2815,1230,588,5,4546.5,0.0
2816,1231,388,2,15425.62,0.0
2817,1231,510,2,19375.24,0.0
2818,1231,70,3,24783.28,0.0
2819,1231,537,2,17211.68,15.0
2820,1231,225,5,6873.83,15.0
2821,1232,597,1,1518.2,0.0
2822,1233,678,5,2508.38,0.0
2823,1234,757,5,7147.34,0.0
2824,1234,841,2,15195.61,20.0
2825,1235,429,4,8645.08,20.0
2826,1235,480,4,11927.56,0.0
2827,1236,592,1,4181.43,0.0
2828,1236,328,3,15690.65,0.0
2829,1236,858,2,23207.14,10.0
2830,1237,298,2,15463.87,0.0
2831,1237,686,5,354.18,0.0
2832,1238,681,5,17950.56,20.0
2833,1238,210,4,12962.87,15.0
2834,1238,649,1,14601.66,0.0
2835,1239,484,5,19113.34,0.0
2836,1239,126,5,9886.31,0.0
2837,1239,357,1,10102.76,0.0
2838,1239,317,2,14112.86,20.0
2839,1240,350,4,2904.08,5.0
2840,1240,449,4,1431.85,5.0
2841,1241,139,1,7956.39,20.0
2842,1241,782,2,19248.75,0.0
2843,1242,35,5,21434.65,10.0
2844,1242,367,2,14113.51,0.0
2845,1243,501,4,14745.03,0.0
2846,1243,543,5,9638.42,20.0
2847,1244,180,3,1628.95,20.0
2848,1244,388,4,15425.62,0.0
2849,1244,332,2,25511.86,5.0
2850,1245,712,3,13003.78,0.0
2851,1245,763,2,19381.27,5.0
2852,1246,827,3,17333.78,15.0
2853,1247,331,5,6973.28,10.0
2854,1247,143,1,7946.56,15.0
2855,1247,738,1,19896.87,20.0
2856,1247,430,5,19127.25,0.0
2857,1247,671,1,16938.7,20.0
2858,1248,256,2,6510.46,10.0
2859,1248,807,3,15923.26,0.0
2860,1249,665,5,4754.37,0.0
2861,1249,378,5,1654.61,10.0
2862,1249,62,2,13136.19,10.0
2863,1249,677,2,13881.44,0.0
2864,1249,424,5,17174.37,0.0
2865,1250,328,1,15690.65,0.0
2866,1250,522,3,14877.94,15.0
2867,1250,439,3,9511.48,5.0
2868,1251,155,3,3485.16,10.0
2869,1251,251,3,13337.74,0.0
2870,1252,885,3,7089.39,15.0
2871,1253,557,1,4875.77,20.0
2872,1254,149,4,10169.3,0.0
2873,1254,476,5,19019.08,15.0
2874,1254,91,4,11076.97,20.0
2875,1255,474,3,10258.52,5.0
2876,1255,754,4,12241.6,15.0
2877,1256,570,3,15355.66,15.0
2878,1257,190,5,7595.13,20.0
2879,1257,424,2,17174.37,0.0
2880,1257,540,5,2472.01,0.0
2881,1257,99,2,20609.05,15.0
2882,1258,719,1,7305.31,20.0
2883,1258,229,4,5530.88,0.0
2884,1258,143,3,7946.56,0.0
2885,1258,523,5,13665.96,0.0
2886,1258,772,1,18195.11,10.0
2887,1259,628,5,8593.46,0.0
2888,1259,169,1,16308.93,0.0
2889,1259,326,1,16274.68,0.0
2890,1259,552,2,4733.75,0.0
2891,1260,487,2,1420.39,0.0
2892,1261,774,4,10265.71,0.0
2893,1261,560,4,6942.79,0.0
2894,1262,143,2,7946.56,0.0
2895,1262,95,3,18635.44,0.0
2896,1263,322,2,14630.46,0.0
2897,1263,396,4,751.13,5.0
2898,1263,300,1,6061.57,15.0
2899,1263,641,5,12480.0,20.0
2900,1264,872,5,15107.17,5.0
2901,1264,371,2,1636.75,10.0
2902,1265,897,2,966.91,5.0
2903,1265,681,2,17950.56,0.0
2904,1266,106,2,10629.26,15.0
2905,1266,481,4,11306.0,0.0
2906,1267,320,3,9179.45,20.0
2907,1267,624,4,15309.66,0.0
2908,1267,51,5,11484.39,0.0
2909,1267,528,1,939.25,5.0
2910,1268,697,1,2018.95,0.0
2911,1269,241,4,11844.31,5.0
2912,1269,788,2,5720.07,20.0
2913,1270,75,3,19138.34,20.0
2914,1271,156,1,963.21,15.0
2915,1271,167,1,14506.97,10.0
2916,1271,589,3,326.42,10.0
2917,1271,361,4,10596.43,0.0
2918,1271,78,1,18768.02,5.0
2919,1272,62,4,13136.19,0.0
2920,1272,188,3,11495.49,5.0
2921,1272,888,5,2244.3,0.0
2922,1273,524,5,10408.88,0.0
2923,1274,25,4,14978.82,5.0
2924,1275,895,1,7754.62,5.0
2925,1275,227,3,2720.12,0.0
2926,1275,869,2,4059.75,15.0
2927,1275,848,3,15587.71,0.0
2928,1275,152,2,11106.45,20.0
2929,1276,856,1,836.93,5.0
2930,1277,176,5,10671.88,0.0
2931,1277,632,1,10665.66,0.0
2932,1278,436,4,6536.15,5.0
2933,1279,795,1,21693.2,0.0
2934,1279,125,4,2129.68,10.0
2935,1279,512,3,14169.19,0.0
2936,1280,712,5,13003.78,0.0
2937,1280,170,2,12133.1,0.0
2938,1280,300,2,6061.57,10.0
2939,1280,772,5,18195.11,0.0
2940,1281,697,2,2018.95,0.0
2941,1281,363,4,16290.66,20.0
2942,1282,171,1,18491.26,20.0
2943,1282,343,3,15859.82,20.0
2944,1283,615,5,13741.69,0.0
2945,1283,65,2,16507.63,0.0
2946,1283,238,2,4482.75,20.0
2947,1284,173,5,7108.82,5.0
2948,1284,499,2,21718.63,20.0
2949,1284,257,2,13045.67,10.0
2950,1285,696,4,2491.11,0.0
2951,1285,860,3,11880.54,0.0
2952,1285,238,5,4482.75,10.0
2953,1285,494,5,2526.78,0.0
2954,1286,27,5,10463.86,5.0
2955,1287,252,2,14825.98,10.0
2956,1287,850,1,22317.22,10.0
2957,1288,688,4,3002.55,15.0
2958,1288,524,1,10408.88,0.0
2959,1288,876,5,6589.16,0.0
2960,1289,175,1,8473.93,10.0
2961,1289,108,1,23388.45,5.0
2962,1290,110,1,20953.8,5.0
2963,1291,263,3,3234.93,5.0
2964,1292,691,2,16753.29,5.0
2965,1292,499,3,21718.63,20.0
2966,1293,225,4,6873.83,15.0
2967,1293,404,1,653.1,20.0
2968,1294,109,5,10740.23,0.0
2969,1295,365,2,22789.3,20.0
2970,1295,861,5,8502.27,15.0
2971,1296,253,3,17161.82,0.0
2972,1297,495,2,16857.86,15.0
2973,1297,452,4,22746.4,5.0
2974,1297,383,5,11935.37,0.0
2975,1298,202,4,18119.01,5.0
2976,1299,567,2,14958.32,5.0
2977,1299,69,4,7716.81,0.0
2978,1299,255,2,17032.48,10.0
2979,1299,347,5,9249.35,0.0
2980,1300,367,3,14113.51,0.0
2981,1300,247,4,1089.6,0.0
2982,1300,614,5,21084.78,15.0
2983,1301,857,3,9589.19,15.0
2984,1301,480,1,11927.56,0.0
2985,1301,243,1,176.76,0.0
2986,1302,279,4,3292.56,20.0
2987,1302,745,4,11543.63,0.0
2988,1302,502,3,8596.35,20.0
2989,1302,207,5,21338.76,10.0
2990,1302,689,1,13071.47,10.0
2991,1303,843,4,11008.41,20.0
2992,1304,799,2,8448.77,20.0
2993,1304,33,3,2593.22,0.0
2994,1305,747,5,15965.2,20.0
2995,1305,595,1,16876.57,0.0
2996,1305,99,1,20609.05,15.0
2997,1305,53,4,7934.72,0.0
2998,1306,731,1,960.03,15.0
2999,1306,166,5,2581.81,15.0
3000,1307,737,4,16594.34,10.0
3001,1308,421,2,4302.81,0.0
3002,1309,451,4,15015.83,0.0
3003,1309,570,2,15355.66,5.0
3004,1309,732,3,8129.26,20.0
3005,1309,430,4,19127.25,15.0
3006,1310,861,4,8502.27,20.0
3007,1310,121,5,10353.6,10.0
3008,1310,171,5,18491.26,10.0
3009,1311,597,5,1518.2,0.0
3010,1311,66,1,13143.99,15.0
3011,1311,640,3,12833.48,15.0
3012,1311,415,5,7434.55,20.0
3013,1311,27,3,10463.86,0.0
3014,1312,467,4,24009.79,0.0
3015,1313,23,5,11954.03,20.0
3016,1313,505,3,10404.05,0.0
3017,1313,842,5,4816.41,15.0
3018,1313,127,1,14981.11,0.0
3019,1313,446,3,18287.32,0.0
3020,1314,153,1,1446.08,0.0
3021,1314,245,4,13338.0,0.0
3022,1315,421,5,4302.81,15.0
3023,1316,158,3,20098.55,0.0
3024,1316,465,5,2006.55,15.0
3025,1316,212,4,23358.43,10.0
3026,1317,658,2,25361.82,20.0
3027,1317,611,4,6171.82,5.0
3028,1317,492,3,9662.3,0.0
3029,1318,684,2,8576.21,15.0
3030,1318,745,4,11543.63,0.0
3031,1319,763,5,19381.27,0.0
3032,1319,713,4,26684.64,15.0
3033,1319,147,4,2349.15,5.0
3034,1319,364,1,18476.31,10.0
3035,1319,664,3,9991.3,0.0
3036,1320,230,1,3957.6,0.0
3037,1320,718,1,17963.95,0.0
3038,1321,102,4,7542.37,15.0
3039,1322,1,1,23380.27,0.0
3040,1322,449,4,1431.85,10.0
3041,1323,219,3,5457.35,0.0
3042,1323,760,4,779.87,20.0
3043,1324,738,5,19896.87,0.0
3044,1325,737,4,16594.34,5.0
3045,1326,357,3,10102.76,0.0
3046,1327,523,3,13665.96,5.0
3047,1328,290,4,12993.94,20.0
3048,1329,447,4,10631.16,15.0
3049,1329,636,1,7292.03,0.0
3050,1329,22,3,11230.85,0.0
3051,1330,719,5,7305.31,20.0
3052,1331,689,4,13071.47,5.0
3053,1331,57,4,8529.28,5.0
3054,1331,836,4,17573.65,0.0
3055,1332,285,1,16720.01,15.0
3056,1332,161,4,15289.65,10.0
3057,1333,513,5,10655.97,15.0
3058,1333,764,1,3971.86,0.0
3059,1333,445,5,1123.05,0.0
3060,1333,76,2,8195.06,10.0
3061,1333,478,1,10570.88,0.0
3062,1334,455,5,6876.9,5.0
3063,1334,878,3,13434.69,0.0
3064,1334,572,3,19015.09,20.0
3065,1335,12,3,10935.76,15.0
3066,1336,383,5,11935.37,5.0
3067,1336,37,5,14064.14,5.0
3068,1337,352,5,11635.83,20.0
3069,1337,690,5,12791.5,10.0
3070,1337,601,4,17591.52,15.0
3071,1338,409,2,19362.42,0.0
3072,1339,355,1,3894.18,0.0
3073,1340,206,3,5960.03,10.0
3074,1340,487,3,1420.39,0.0
3075,1340,899,1,21905.82,20.0
3076,1340,534,2,10869.74,5.0
3077,1341,543,1,9638.42,10.0
3078,1341,662,4,6806.59,5.0
3079,1341,21,2,20625.3,0.0
3080,1341,686,2,354.18,0.0
3081,1342,328,4,15690.65,20.0
3082,1342,153,3,1446.08,0.0
3083,1343,900,4,17425.46,0.0
3084,1344,708,1,16924.57,0.0
3085,1345,45,5,19804.2,10.0
3086,1345,793,3,4803.54,0.0
3087,1346,886,1,7687.78,20.0
3088,1346,664,2,9991.3,5.0
3089,1346,745,5,11543.63,0.0
3090,1347,873,1,1014.59,0.0
3091,1348,874,5,12083.32,0.0
3092,1349,860,1,11880.54,0.0
3093,1350,50,2,17835.15,0.0
3094,1350,348,5,19662.84,15.0
3095,1350,386,4,14759.78,20.0
3096,1351,797,4,13841.65,10.0
3097,1351,242,3,15852.16,5.0
3098,1351,71,1,13770.82,0.0
3099,1351,100,1,14472.84,0.0
3100,1351,421,3,4302.81,5.0
3101,1352,153,3,1446.08,10.0
3102,1352,723,5,4606.01,20.0
3103,1353,637,5,9909.0,20.0
3104,1353,522,3,14877.94,10.0
3105,1353,844,3,8306.97,10.0
3106,1354,1,2,23380.27,0.0
3107,1354,251,3,13337.74,15.0
3108,1355,893,4,17792.63,5.0
3109,1355,123,3,15484.22,5.0
3110,1355,778,5,20152.02,15.0
3111,1356,59,3,5569.5,0.0
3112,1357,408,3,11218.26,0.0
3113,1357,278,5,8494.62,5.0
3114,1358,232,1,12332.61,5.0
3115,1359,97,4,12470.7,0.0
3116,1359,191,2,12145.42,15.0
3117,1360,558,4,13963.41,0.0
3118,1361,591,3,6697.37,0.0
3119,1361,252,5,14825.98,0.0
3120,1362,655,4,8938.91,10.0
3121,1363,16,5,19747.45,5.0
3122,1363,444,3,17486.46,5.0
3123,1364,146,4,15804.83,15.0
3124,1364,470,2,14455.32,0.0
3125,1365,349,2,2689.14,0.0
3126,1366,353,4,7643.82,20.0
3127,1366,348,5,19662.84,20.0
3128,1366,651,1,6091.61,0.0
3129,1367,882,4,8433.14,5.0
3130,1368,889,1,15442.59,0.0
3131,1369,229,3,5530.88,15.0
3132,1370,637,2,9909.0,0.0
3133,1370,75,2,19138.34,15.0
3134,1370,32,1,1527.01,20.0
3135,1371,653,4,10229.17,15.0
3136,1371,52,3,12629.7,5.0
3137,1371,435,4,13058.88,15.0
3138,1371,433,2,8284.46,20.0
3139,1372,2,5,21248.93,0.0
3140,1373,404,1,653.1,15.0
3141,1373,19,5,22067.03,5.0
3142,1374,228,2,5918.99,20.0
3143,1375,232,5,12332.61,0.0
3144,1376,186,4,9740.85,0.0
3145,1376,467,3,24009.79,5.0
3146,1377,539,2,249.52,0.0
3147,1377,899,1,21905.82,0.0
3148,1377,353,5,7643.82,0.0
3149,1378,236,5,4832.52,20.0
3150,1379,895,1,7754.62,20.0
3151,1379,305,3,2031.07,5.0
3152,1379,181,3,11885.47,15.0
3153,1379,831,5,6625.61,20.0
3154,1380,458,4,706.12,0.0
3155,1380,771,4,2696.54,10.0
3156,1381,539,2,249.52,0.0
3157,1381,349,1,2689.14,0.0
3158,1382,730,4,11885.24,10.0
3159,1382,682,3,9240.58,5.0
3160,1382,721,4,18878.1,15.0
3161,1382,661,4,13705.81,10.0
3162,1383,221,1,21061.36,20.0
3163,1383,735,2,9036.58,20.0
3164,1383,425,5,4926.04,0.0
3165,1384,600,5,13416.18,0.0
3166,1384,139,4,7956.39,0.0
3167,1384,722,2,2404.11,15.0
3168,1384,67,3,18601.02,15.0
3169,1384,118,1,22241.66,0.0
3170,1385,141,2,1692.85,10.0
3171,1385,411,5,17450.18,5.0
3172,1386,696,4,2491.11,10.0
3173,1386,476,2,19019.08,20.0
3174,1386,584,2,8995.37,0.0
3175,1386,88,1,25475.34,10.0
3176,1387,183,4,23501.6,15.0
3177,1387,517,4,17350.23,10.0
3178,1387,837,1,264.26,5.0
3179,1388,111,5,8344.65,20.0
3180,1388,260,1,7198.0,10.0
3181,1389,824,5,297.67,0.0
3182,1389,15,1,9257.31,15.0
3183,1389,680,3,2617.11,15.0
3184,1390,675,2,12507.1,5.0
3185,1391,434,5,16140.57,0.0
3186,1391,358,5,5722.36,0.0
3187,1391,721,1,18878.1,0.0
3188,1391,676,1,14315.33,5.0
3189,1391,132,1,7609.15,10.0
3190,1392,886,2,7687.78,0.0
3191,1392,263,2,3234.93,5.0
3192,1392,211,4,5660.73,0.0
3193,1393,740,2,7772.66,5.0
3194,1394,50,1,17835.15,0.0
3195,1394,212,3,23358.43,15.0
3196,1395,489,1,7785.34,15.0
3197,1396,423,1,1984.71,5.0
3198,1396,88,3,25475.34,5.0
3199,1396,677,4,13881.44,15.0
3200,1396,591,4,6697.37,10.0
3201,1396,611,4,6171.82,20.0
3202,1397,175,3,8473.93,20.0
3203,1398,802,2,4116.0,0.0
3204,1398,753,3,7182.61,20.0
3205,1398,52,2,12629.7,5.0
3206,1399,372,4,9597.28,15.0
3207,1399,334,4,14837.25,5.0
3208,1399,545,2,16977.96,0.0
3209,1400,512,2,14169.19,10.0
3210,1401,396,4,751.13,15.0
3211,1401,275,1,10808.89,0.0
3212,1402,623,4,5372.41,15.0
3213,1402,210,2,12962.87,0.0
3214,1403,306,2,9467.51,10.0
3215,1403,262,1,4228.73,10.0
3216,1404,64,2,18539.77,15.0
3217,1404,668,1,11556.92,20.0
3218,1404,404,1,653.1,0.0
3219,1404,206,1,5960.03,5.0
3220,1404,400,3,19421.92,0.0
3221,1405,893,5,17792.63,0.0
3222,1405,308,1,6864.25,0.0
3223,1406,747,2,15965.2,10.0
3224,1406,488,4,13455.56,0.0
3225,1406,767,2,12752.82,5.0
3226,1406,647,2,8678.96,20.0
3227,1406,687,5,14696.63,0.0
3228,1407,63,3,13615.65,0.0
3229,1407,343,5,15859.82,10.0
3230,1408,711,5,16182.19,0.0
3231,1408,602,3,9166.77,0.0
3232,1408,620,5,12173.09,0.0
3233,1408,394,4,15875.45,0.0
3234,1408,624,1,15309.66,15.0
3235,1409,132,4,7609.15,10.0
3236,1410,66,2,13143.99,5.0
3237,1411,494,2,2526.78,15.0
3238,1411,86,5,17346.97,0.0
3239,1412,740,3,7772.66,20.0
3240,1412,605,4,7517.98,20.0
3241,1413,161,2,15289.65,15.0
3242,1413,159,3,19350.16,0.0
3243,1414,27,4,10463.86,0.0
3244,1414,891,1,12910.53,20.0
3245,1415,182,2,16329.46,0.0
3246,1415,623,2,5372.41,10.0
3247,1415,229,4,5530.88,10.0
3248,1415,817,5,14780.14,5.0
3249,1416,497,4,15989.14,10.0
3250,1416,161,3,15289.65,20.0
3251,1417,35,2,21434.65,10.0
3252,1417,466,2,10734.42,0.0
3253,1418,539,5,249.52,5.0
3254,1418,560,3,6942.79,5.0
3255,1418,51,3,11484.39,20.0
3256,1419,556,1,13361.23,0.0
3257,1419,114,5,7286.84,0.0
3258,1419,667,1,11155.15,0.0
3259,1420,609,3,8508.77,0.0
3260,1420,504,4,13358.18,5.0
3261,1421,562,2,6895.25,20.0
3262,1421,438,4,12263.95,20.0
3263,1421,386,3,14759.78,5.0
3264,1422,455,4,6876.9,0.0
3265,1423,882,2,8433.14,20.0
3266,1423,152,4,11106.45,0.0
3267,1424,224,4,2233.05,0.0
3268,1425,169,1,16308.93,10.0
3269,1426,134,4,17132.5,0.0
3270,1427,277,5,13719.42,5.0
3271,1427,364,4,18476.31,0.0
3272,1428,760,5,779.87,0.0
3273,1428,325,5,2187.51,10.0
3274,1429,210,4,12962.87,15.0
3275,1429,629,5,12346.5,10.0
3276,1430,700,3,14408.43,5.0
3277,1430,697,1,2018.95,0.0
3278,1430,355,1,3894.18,20.0
3279,1431,741,2,16605.12,20.0
3280,1431,616,5,18315.38,0.0
3281,1431,400,2,19421.92,0.0
3282,1431,67,4,18601.02,0.0
3283,1431,446,4,18287.32,5.0
3284,1432,228,5,5918.99,0.0
3285,1433,878,5,13434.69,0.0
3286,1434,505,5,10404.05,20.0
3287,1435,609,1,8508.77,15.0
3288,1436,360,1,11713.02,5.0
3289,1437,747,5,15965.2,0.0
3290,1438,881,4,21532.91,0.0
3291,1438,674,2,11510.75,0.0
3292,1439,417,2,1519.73,15.0
3293,1439,345,3,7900.55,10.0
3294,1439,243,4,176.76,0.0
3295,1439,208,5,7812.53,15.0
3296,1439,381,5,17535.49,0.0
3297,1440,123,1,15484.22,10.0
3298,1440,609,4,8508.77,10.0
3299,1440,414,4,166.83,20.0
3300,1441,150,4,5234.7,0.0
3301,1441,797,4,13841.65,20.0
3302,1441,719,4,7305.31,0.0
3303,1441,806,1,11627.22,10.0
3304,1442,743,4,10182.67,20.0
3305,1442,254,4,21957.69,5.0
3306,1442,889,1,15442.59,10.0
3307,1443,344,1,5524.58,20.0
3308,1444,373,1,9954.9,5.0
3309,1445,747,1,15965.2,0.0
3310,1445,792,4,2850.88,10.0
3311,1445,759,2,15948.11,15.0
3312,1445,28,2,15441.58,15.0
3313,1446,354,4,17320.16,0.0
3314,1446,297,1,17238.41,0.0
3315,1447,70,4,24783.28,0.0
3316,1447,470,2,14455.32,10.0
3317,1448,653,3,10229.17,10.0
3318,1449,312,3,13798.25,15.0
3319,1449,8,3,19040.64,20.0
3320,1449,507,2,12654.25,15.0
3321,1450,634,4,17957.51,0.0
3322,1450,642,4,12368.27,10.0
3323,1451,25,2,14978.82,20.0
3324,1451,358,1,5722.36,5.0
3325,1451,85,5,4996.1,5.0
3326,1452,398,5,13400.93,0.0
3327,1453,534,5,10869.74,20.0
3328,1453,342,5,15719.78,20.0
3329,1453,230,2,3957.6,0.0
3330,1453,461,3,14975.0,15.0
3331,1454,248,1,19406.63,20.0
3332,1455,542,2,3615.52,0.0
3333,1455,381,4,17535.49,10.0
3334,1455,544,3,14987.27,15.0
3335,1456,529,2,8097.4,10.0
3336,1456,127,4,14981.11,5.0
3337,1456,434,3,16140.57,15.0
3338,1456,454,4,12204.15,0.0
3339,1456,166,4,2581.81,5.0
3340,1457,753,3,7182.61,0.0
3341,1457,772,1,18195.11,20.0
3342,1457,810,1,15563.4,0.0
3343,1458,675,3,12507.1,0.0
3344,1458,134,3,17132.5,0.0
3345,1459,67,5,18601.02,0.0
3346,1459,27,3,10463.86,10.0
3347,1460,369,4,6953.46,15.0
3348,1461,17,1,19447.69,20.0
3349,1461,813,4,5532.46,15.0
3350,1461,294,3,10981.7,10.0
3351,1461,88,2,25475.34,0.0
3352,1461,379,4,1624.86,5.0
3353,1462,352,3,11635.83,15.0
3354,1463,722,3,2404.11,5.0
3355,1464,320,1,9179.45,15.0
3356,1464,344,5,5524.58,10.0
3357,1464,566,2,1155.19,0.0
3358,1464,309,4,10625.07,0.0
3359,1465,394,3,15875.45,10.0
3360,1465,318,2,7031.86,0.0
3361,1465,622,4,8757.16,15.0
3362,1465,809,3,24052.5,15.0
3363,1466,231,2,18449.85,10.0
3364,1466,808,2,376.7,5.0
3365,1466,672,3,5939.35,5.0
3366,1466,404,2,653.1,20.0
3367,1467,40,5,1150.22,15.0
3368,1468,189,3,2064.84,15.0
3369,1468,267,5,16561.1,15.0
3370,1469,37,1,14064.14,0.0
3371,1469,789,3,12946.63,0.0
3372,1469,42,5,10082.43,15.0
3373,1470,819,4,14434.49,15.0
3374,1470,755,2,144.02,20.0
3375,1470,428,3,21239.63,0.0
3376,1471,515,2,19735.52,0.0
3377,1471,459,4,1008.42,20.0
3378,1472,575,5,13808.3,0.0
3379,1472,106,4,10629.26,10.0
3380,1472,229,1,5530.88,15.0
3381,1472,19,2,22067.03,10.0
3382,1472,236,1,4832.52,0.0
3383,1473,395,2,16130.97,0.0
3384,1473,158,2,20098.55,20.0
3385,1473,379,3,1624.86,0.0
3386,1473,450,4,5004.29,0.0
3387,1474,789,2,12946.63,20.0
3388,1474,888,5,2244.3,0.0
3389,1475,501,1,14745.03,15.0
3390,1475,287,5,4169.74,15.0
3391,1475,373,5,9954.9,10.0
3392,1475,39,4,7958.95,0.0
3393,1475,569,4,17022.92,0.0
3394,1476,435,3,13058.88,0.0
3395,1476,38,4,4730.75,20.0
3396,1477,869,3,4059.75,0.0
3397,1478,354,5,17320.16,15.0
3398,1479,746,3,6075.54,0.0
3399,1479,378,5,1654.61,20.0
3400,1480,610,5,2359.37,5.0
3401,1481,828,2,25138.47,10.0
3402,1481,197,4,20568.54,0.0
3403,1481,455,2,6876.9,0.0
3404,1482,821,4,17002.37,0.0
3405,1483,277,4,13719.42,15.0
3406,1483,4,1,3406.7,0.0
3407,1483,816,3,13450.11,0.0
3408,1483,175,3,8473.93,0.0
3409,1484,837,4,264.26,15.0
3410,1485,884,1,15919.32,10.0
3411,1485,705,3,4673.98,0.0
3412,1485,369,2,6953.46,20.0
3413,1485,353,3,7643.82,20.0
3414,1485,75,2,19138.34,20.0
3415,1486,64,3,18539.77,15.0
3416,1486,523,5,13665.96,0.0
3417,1487,193,2,20867.37,0.0
3418,1488,108,2,23388.45,0.0
3419,1488,751,4,3818.67,5.0
3420,1489,458,4,706.12,5.0
3421,1490,127,3,14981.11,20.0
3422,1490,595,4,16876.57,10.0
3423,1491,703,2,14544.45,10.0
3424,1492,355,4,3894.18,0.0
3425,1492,653,4,10229.17,5.0
3426,1493,339,4,13518.37,5.0
3427,1493,236,5,4832.52,0.0
3428,1493,415,2,7434.55,0.0
3429,1493,665,2,4754.37,0.0
3430,1494,461,5,14975.0,0.0
3431,1495,227,1,2720.12,15.0
3432,1495,194,3,2770.23,20.0
3433,1495,205,1,16137.25,10.0
3434,1496,162,2,13421.66,10.0
3435,1496,256,1,6510.46,20.0
3436,1496,434,1,16140.57,20.0
3437,1497,660,1,5178.7,0.0
3438,1497,895,3,7754.62,0.0
3439,1497,375,2,192.08,10.0
3440,1497,199,4,10359.07,10.0
3441,1498,881,1,21532.91,0.0
3442,1498,326,4,16274.68,20.0
3443,1498,594,4,13204.03,0.0
3444,1499,62,4,13136.19,0.0
3445,1499,297,2,17238.41,5.0
3446,1500,507,2,12654.25,0.0
3447,1500,566,3,1155.19,0.0
3448,1500,655,5,8938.91,15.0
3449,1500,620,2,12173.09,20.0
3450,1501,346,2,8215.18,0.0
3451,1501,45,1,19804.2,10.0
3452,1501,426,3,9117.48,0.0
3453,1502,668,4,11556.92,0.0
3454,1502,19,5,22067.03,10.0
3455,1503,433,3,8284.46,0.0
3456,1503,544,5,14987.27,0.0
3457,1503,406,4,5693.41,10.0
3458,1503,429,1,8645.08,20.0
3459,1504,454,2,12204.15,5.0
3460,1505,288,2,6504.36,10.0
3461,1506,350,4,2904.08,0.0
3462,1506,866,4,3834.44,20.0
3463,1506,810,1,15563.4,5.0
3464,1506,757,1,7147.34,15.0
3465,1507,669,5,17245.4,15.0
3466,1507,460,5,20514.31,20.0
3467,1507,639,5,2960.19,10.0
3468,1508,339,2,13518.37,10.0
3469,1508,179,2,3471.92,0.0
3470,1509,336,5,226.24,15.0
3471,1509,263,2,3234.93,10.0
3472,1509,39,3,7958.95,5.0
3473,1509,115,3,14046.49,0.0
3474,1509,304,2,23466.92,15.0
3475,1510,466,1,10734.42,0.0
3476,1510,560,4,6942.79,20.0
3477,1511,772,5,18195.11,20.0
3478,1511,439,5,9511.48,0.0
3479,1511,222,4,7009.13,20.0
3480,1511,410,3,15870.26,0.0
3481,1511,421,3,4302.81,15.0
3482,1512,40,4,1150.22,15.0
3483,1512,14,4,10692.32,0.0
3484,1513,149,1,10169.3,20.0
3485,1513,98,2,17528.8,20.0
3486,1514,215,2,4666.45,0.0
3487,1515,19,1,22067.03,0.0
3488,1515,119,3,21039.52,5.0
3489,1516,870,4,4993.59,0.0
3490,1517,80,3,7681.36,0.0
3491,1517,398,4,13400.93,5.0
3492,1518,54,5,12660.77,0.0
3493,1519,124,5,13452.12,0.0
3494,1519,617,3,17544.22,5.0
3495,1519,814,3,3387.53,0.0
3496,1520,30,1,18303.29,10.0
3497,1520,568,1,1091.56,0.0
3498,1521,818,3,10237.03,0.0
3499,1521,829,4,21989.77,0.0
3500,1521,239,3,15822.1,10.0
3501,1522,271,2,20542.32,15.0
3502,1522,113,1,21843.22,0.0
3503,1523,491,4,11018.52,5.0
3504,1523,101,3,20043.36,15.0
3505,1523,56,4,18137.71,0.0
3506,1524,295,3,18202.38,10.0
3507,1524,84,1,16076.18,0.0
3508,1525,508,5,4967.5,10.0
3509,1526,404,1,653.1,0.0
3510,1527,610,4,2359.37,20.0
3511,1527,827,5,17333.78,20.0
3512,1527,732,2,8129.26,0.0
3513,1527,119,4,21039.52,0.0
3514,1528,270,1,16271.78,0.0
3515,1529,451,4,15015.83,0.0
3516,1529,223,4,13128.85,20.0
3517,1529,77,3,13954.67,0.0
3518,1529,689,5,13071.47,0.0
3519,1529,209,4,7178.41,5.0
3520,1530,361,4,10596.43,15.0
3521,1531,815,4,20541.91,5.0
3522,1531,93,1,7632.26,5.0
3523,1532,689,2,13071.47,5.0
3524,1533,647,2,8678.96,0.0
3525,1533,849,2,11044.19,0.0
3526,1533,666,4,16085.16,10.0
3527,1533,90,4,14228.88,0.0
3528,1533,466,4,10734.42,0.0
3529,1534,666,3,16085.16,20.0
3530,1534,754,2,12241.6,20.0
3531,1534,325,4,2187.51,15.0
3532,1535,126,4,9886.31,20.0
3533,1536,677,1,13881.44,20.0
3534,1537,447,3,10631.16,20.0
3535,1537,148,5,17262.89,0.0
3536,1538,76,1,8195.06,5.0
3537,1539,612,3,5006.24,0.0
3538,1539,829,3,21989.77,10.0
3539,1540,151,4,21510.83,0.0
3540,1540,67,4,18601.02,0.0
3541,1541,595,4,16876.57,0.0
3542,1541,812,3,2387.49,15.0
3543,1541,323,3,920.73,0.0
3544,1541,10,1,7250.5,15.0
3545,1542,658,2,25361.82,15.0
3546,1542,691,1,16753.29,20.0
3547,1542,298,1,15463.87,5.0
3548,1542,657,5,11502.62,10.0
3549,1542,436,1,6536.15,15.0
3550,1543,766,4,10014.02,0.0
3551,1544,690,3,12791.5,15.0
3552,1545,511,2,16710.62,0.0
3553,1546,624,4,15309.66,20.0
3554,1546,481,5,11306.0,5.0
3555,1546,255,1,17032.48,0.0
3556,1547,372,4,9597.28,20.0
3557,1547,857,3,9589.19,0.0
3558,1547,248,3,19406.63,0.0
3559,1547,79,5,15602.76,0.0
3560,1548,408,5,11218.26,10.0
3561,1549,174,1,11611.6,0.0
3562,1549,579,3,16420.05,0.0
3563,1550,544,4,14987.27,15.0
3564,1550,274,2,8564.4,5.0
3565,1551,621,1,6617.04,5.0
3566,1551,651,1,6091.61,0.0
3567,1551,177,5,9631.34,0.0
3568,1551,295,3,18202.38,0.0
3569,1552,391,5,12976.53,0.0
3570,1552,182,5,16329.46,10.0
3571,1552,758,1,305.37,5.0
3572,1552,500,5,6694.37,20.0
3573,1552,526,2,14453.05,0.0
3574,1553,341,2,22578.93,20.0
3575,1553,618,2,13048.71,0.0
3576,1553,143,2,7946.56,0.0
3577,1553,900,2,17425.46,0.0
3578,1553,568,4,1091.56,5.0
3579,1554,532,4,14811.49,0.0
3580,1554,872,4,15107.17,0.0
3581,1554,353,4,7643.82,15.0
3582,1554,775,1,23675.41,0.0
3583,1555,507,2,12654.25,0.0
3584,1555,194,4,2770.23,0.0
3585,1555,148,4,17262.89,20.0
3586,1556,624,3,15309.66,0.0
3587,1557,666,5,16085.16,5.0
3588,1558,679,3,5924.78,0.0
3589,1558,338,1,17040.27,20.0
3590,1558,581,5,11564.32,0.0
3591,1558,140,3,10101.86,15.0
3592,1558,680,5,2617.11,5.0
3593,1559,688,2,3002.55,5.0
3594,1559,803,2,7424.51,5.0
3595,1560,102,1,7542.37,0.0
3596,1560,433,5,8284.46,0.0
3597,1560,698,1,4293.78,0.0
3598,1561,213,1,18912.24,0.0
3599,1562,183,4,23501.6,10.0
3600,1562,890,3,10049.64,10.0
3601,1562,267,3,16561.1,15.0
3602,1563,130,2,12847.98,0.0
3603,1563,186,5,9740.85,5.0
3604,1563,234,2,10860.79,10.0
3605,1564,776,2,20110.05,10.0
3606,1564,783,1,803.8,0.0
3607,1564,737,4,16594.34,0.0
3608,1564,590,5,9869.32,0.0
3609,1564,312,5,13798.25,5.0
3610,1565,115,4,14046.49,20.0
3611,1566,529,5,8097.4,20.0
3612,1566,7,5,19612.77,0.0
3613,1567,460,5,20514.31,0.0
3614,1568,455,3,6876.9,15.0
3615,1569,229,2,5530.88,5.0
3616,1570,863,3,10272.35,0.0
3617,1571,239,3,15822.1,0.0
3618,1572,271,5,20542.32,15.0
3619,1573,831,2,6625.61,10.0
3620,1573,184,3,14178.66,0.0
3621,1573,579,2,16420.05,15.0
3622,1574,783,3,803.8,0.0
3623,1574,170,4,12133.1,0.0
3624,1574,349,3,2689.14,5.0
3625,1574,528,3,939.25,0.0
3626,1574,498,3,21474.1,20.0
3627,1575,391,4,12976.53,0.0
3628,1575,421,4,4302.81,0.0
3629,1575,427,2,16845.82,0.0
3630,1576,107,5,11842.72,0.0
3631,1577,744,2,6614.57,0.0
3632,1577,117,1,4942.41,0.0
3633,1578,221,2,21061.36,0.0
3634,1578,498,4,21474.1,0.0
3635,1578,586,5,15918.44,10.0
3636,1579,380,2,10068.31,20.0
3637,1579,530,1,18098.15,5.0
3638,1579,133,2,18760.28,20.0
3639,1579,47,3,7909.38,5.0
3640,1579,489,3,7785.34,0.0
3641,1580,809,3,24052.5,0.0
3642,1581,25,2,14978.82,5.0
3643,1581,344,4,5524.58,10.0
3644,1581,734,1,13296.98,0.0
3645,1582,562,5,6895.25,0.0
3646,1583,551,1,23156.44,10.0
3647,1584,766,4,10014.02,0.0
3648,1584,270,4,16271.78,15.0
3649,1584,285,5,16720.01,20.0
3650,1584,330,1,12351.31,20.0
3651,1585,267,3,16561.1,15.0
3652,1585,57,3,8529.28,5.0
3653,1585,652,4,6638.78,20.0
3654,1585,371,3,1636.75,0.0
3655,1585,87,5,19036.03,20.0
3656,1586,324,5,3772.01,15.0
3657,1586,616,2,18315.38,0.0
3658,1587,81,3,1166.71,15.0
3659,1587,311,5,11362.72,0.0
3660,1587,895,4,7754.62,15.0
3661,1587,35,4,21434.65,0.0
3662,1588,532,1,14811.49,0.0
3663,1588,264,1,19387.68,0.0
3664,1589,870,3,4993.59,10.0
3665,1589,368,4,9973.43,5.0
3666,1590,175,4,8473.93,0.0
3667,1590,370,3,2983.33,10.0
3668,1591,324,4,3772.01,0.0
3669,1591,455,1,6876.9,0.0
3670,1592,92,2,18578.14,15.0
3671,1592,520,1,1057.04,20.0
3672,1592,115,4,14046.49,0.0
3673,1593,580,3,17938.87,10.0
3674,1594,859,1,1089.58,20.0
3675,1594,871,4,8110.39,0.0
3676,1595,496,4,19499.77,0.0
3677,1595,878,1,13434.69,15.0
3678,1595,785,1,16279.21,15.0
3679,1595,740,2,7772.66,20.0
3680,1595,678,2,2508.38,15.0
3681,1596,315,4,14818.85,0.0
3682,1597,430,3,19127.25,20.0
3683,1597,290,5,12993.94,10.0
3684,1598,681,5,17950.56,0.0
3685,1599,248,2,19406.63,0.0
3686,1599,885,3,7089.39,20.0
3687,1599,455,4,6876.9,15.0
3688,1600,333,3,6422.47,20.0
3689,1600,589,3,326.42,10.0
3690,1600,95,5,18635.44,0.0
3691,1601,872,5,15107.17,0.0
3692,1601,779,4,19107.25,0.0
3693,1602,574,5,6143.25,5.0
3694,1602,760,5,779.87,0.0
3695,1602,864,4,2259.89,20.0
3696,1603,429,5,8645.08,5.0
3697,1603,823,2,16691.74,5.0
3698,1603,261,5,21999.28,0.0
3699,1604,103,5,8717.09,5.0
3700,1605,453,4,11216.79,5.0
3701,1605,446,4,18287.32,15.0
3702,1606,124,5,13452.12,0.0
3703,1607,674,5,11510.75,0.0
3704,1608,868,3,18520.33,5.0
3705,1608,16,4,19747.45,0.0
3706,1608,544,5,14987.27,0.0
3707,1608,813,1,5532.46,15.0
3708,1609,606,4,10207.96,5.0
3709,1609,668,1,11556.92,15.0
3710,1609,688,3,3002.55,20.0
3711,1609,845,3,24202.98,20.0
3712,1610,825,4,14217.62,20.0
3713,1611,88,3,25475.34,0.0
3714,1612,804,5,21201.2,10.0
3715,1612,636,3,7292.03,5.0
3716,1613,265,3,4344.64,15.0
3717,1614,485,4,12732.78,0.0
3718,1614,400,2,19421.92,20.0
3719,1614,854,3,16327.56,15.0
3720,1615,579,3,16420.05,0.0
3721,1616,482,2,2192.85,5.0
3722,1616,134,4,17132.5,10.0
3723,1616,541,3,12029.72,15.0
3724,1616,641,5,12480.0,10.0
3725,1617,885,4,7089.39,20.0
3726,1617,162,4,13421.66,0.0
3727,1617,754,2,12241.6,5.0
3728,1617,661,4,13705.81,20.0
3729,1618,446,3,18287.32,0.0
3730,1618,698,5,4293.78,0.0
3731,1618,897,5,966.91,20.0
3732,1619,494,5,2526.78,20.0
3733,1620,892,4,7790.38,15.0
3734,1620,800,5,12138.75,0.0
3735,1621,67,1,18601.02,5.0
3736,1621,601,2,17591.52,15.0
3737,1622,352,3,11635.83,0.0
3738,1622,622,1,8757.16,5.0
3739,1622,181,5,11885.47,0.0
3740,1623,146,1,15804.83,5.0
3741,1623,214,1,17220.63,0.0
3742,1624,19,4,22067.03,0.0
3743,1624,145,2,12067.47,0.0
3744,1624,214,4,17220.63,10.0
3745,1625,566,1,1155.19,0.0
3746,1626,628,2,8593.46,10.0
3747,1626,121,3,10353.6,5.0
3748,1626,661,3,13705.81,0.0
3749,1626,711,2,16182.19,0.0
3750,1627,97,3,12470.7,0.0
3751,1627,270,1,16271.78,15.0
3752,1627,446,2,18287.32,0.0
3753,1627,366,2,16239.91,20.0
3754,1627,605,2,7517.98,10.0
3755,1628,443,3,1560.39,0.0
3756,1628,697,2,2018.95,10.0
3757,1628,444,3,17486.46,20.0
3758,1628,662,2,6806.59,10.0
3759,1628,594,2,13204.03,15.0
3760,1629,308,2,6864.25,5.0
3761,1629,395,4,16130.97,0.0
3762,1630,749,4,20244.79,5.0
3763,1630,184,2,14178.66,15.0
3764,1630,896,1,24756.56,5.0
3765,1631,862,3,4517.96,0.0
3766,1631,338,2,17040.27,5.0
3767,1632,649,5,14601.66,0.0
3768,1632,313,4,7494.19,0.0
3769,1632,692,4,11530.12,10.0
3770,1632,793,4,4803.54,20.0
3771,1633,682,5,9240.58,20.0
3772,1633,540,3,2472.01,20.0
3773,1634,519,4,18767.62,0.0
3774,1634,500,4,6694.37,20.0
3775,1635,389,2,3509.61,10.0
3776,1636,768,3,16413.87,0.0
3777,1637,145,3,12067.47,0.0
3778,1637,19,3,22067.03,0.0
3779,1638,610,3,2359.37,0.0
3780,1639,449,1,1431.85,0.0
3781,1639,542,5,3615.52,5.0
3782,1640,379,1,1624.86,15.0
3783,1640,215,1,4666.45,0.0
3784,1641,454,2,12204.15,0.0
3785,1641,864,2,2259.89,5.0
3786,1642,681,4,17950.56,0.0
3787,1643,29,4,2346.21,0.0
3788,1643,822,1,4952.16,0.0
3789,1644,219,4,5457.35,20.0
3790,1644,465,1,2006.55,0.0
3791,1644,242,1,15852.16,0.0
3792,1644,854,3,16327.56,10.0
3793,1644,610,2,2359.37,5.0
3794,1645,268,4,3037.03,0.0
3795,1645,16,2,19747.45,10.0
3796,1645,1,4,23380.27,0.0
3797,1646,666,3,16085.16,20.0
3798,1647,855,4,2959.91,0.0
3799,1647,284,1,15548.25,20.0
3800,1647,849,5,11044.19,15.0
3801,1648,324,2,3772.01,0.0
3802,1649,60,2,12772.87,5.0
3803,1649,851,4,6264.06,10.0
3804,1650,775,4,23675.41,5.0
3805,1651,863,3,10272.35,5.0
3806,1651,341,3,22578.93,0.0
3807,1651,386,3,14759.78,0.0
3808,1651,154,2,1144.63,0.0
3809,1652,270,5,16271.78,5.0
3810,1652,679,1,5924.78,20.0
3811,1653,164,4,25966.48,0.0
3812,1653,511,1,16710.62,0.0
3813,1653,796,5,15083.08,10.0
3814,1654,22,3,11230.85,0.0
3815,1654,78,4,18768.02,0.0
3816,1654,582,5,19075.76,0.0
3817,1654,512,4,14169.19,5.0
3818,1654,688,5,3002.55,5.0
3819,1655,297,1,17238.41,0.0
3820,1656,267,4,16561.1,20.0
3821,1656,785,1,16279.21,10.0
3822,1656,149,5,10169.3,0.0
3823,1656,767,3,12752.82,20.0
3824,1656,415,1,7434.55,0.0
3825,1657,426,2,9117.48,5.0
3826,1657,790,5,1388.1,0.0
3827,1658,421,5,4302.81,15.0
3828,1659,676,1,14315.33,0.0
3829,1659,552,4,4733.75,10.0
3830,1659,81,1,1166.71,0.0
3831,1659,450,2,5004.29,5.0
3832,1659,670,3,12689.21,10.0
3833,1660,806,4,11627.22,15.0
3834,1660,479,1,8268.21,15.0
3835,1660,401,1,3916.76,0.0
3836,1661,816,4,13450.11,5.0
3837,1662,7,4,19612.77,10.0
3838,1662,6,3,22533.66,0.0
3839,1662,460,5,20514.31,0.0
3840,1663,439,4,9511.48,20.0
3841,1663,495,1,16857.86,5.0
3842,1664,818,5,10237.03,20.0
3843,1664,848,2,15587.71,0.0
3844,1664,182,5,16329.46,20.0
3845,1665,114,4,7286.84,0.0
3846,1665,372,3,9597.28,10.0
3847,1665,163,4,10971.24,10.0
3848,1666,56,5,18137.71,0.0
3849,1666,537,2,17211.68,15.0
3850,1666,695,1,17246.64,0.0
3851,1667,900,4,17425.46,10.0
3852,1667,792,5,2850.88,20.0
3853,1668,774,4,10265.71,20.0
3854,1669,881,1,21532.91,0.0
3855,1669,573,3,2928.56,5.0
3856,1669,553,1,11099.68,20.0
3857,1670,753,2,7182.61,5.0
3858,1670,670,1,12689.21,0.0
3859,1670,408,3,11218.26,0.0
3860,1671,388,1,15425.62,5.0
3861,1671,772,4,18195.11,0.0
3862,1672,895,1,7754.62,0.0
3863,1672,765,3,810.63,0.0
3864,1672,198,4,12806.33,10.0
3865,1672,396,4,751.13,0.0
3866,1673,895,3,7754.62,0.0
3867,1674,450,5,5004.29,20.0
3868,1675,100,5,14472.84,0.0
3869,1675,837,3,264.26,0.0
3870,1676,553,5,11099.68,0.0
3871,1676,300,2,6061.57,20.0
3872,1677,775,2,23675.41,15.0
3873,1677,6,3,22533.66,20.0
3874,1677,284,4,15548.25,0.0
3875,1677,441,5,11305.42,10.0
3876,1677,64,4,18539.77,0.0
3877,1678,639,1,2960.19,0.0
3878,1678,816,3,13450.11,5.0
3879,1679,249,3,19528.8,5.0
3880,1679,60,1,12772.87,0.0
3881,1680,436,2,6536.15,0.0
3882,1680,270,1,16271.78,0.0
3883,1680,378,1,1654.61,20.0
3884,1680,117,1,4942.41,10.0
3885,1681,215,5,4666.45,10.0
3886,1682,392,2,956.75,10.0
3887,1683,323,2,920.73,0.0
3888,1684,379,1,1624.86,0.0
3889,1685,449,5,1431.85,10.0
3890,1686,126,5,9886.31,15.0
3891,1686,214,1,17220.63,10.0
3892,1686,887,3,9495.11,0.0
3893,1687,131,1,18666.46,15.0
3894,1688,282,3,19801.39,5.0
3895,1688,753,5,7182.61,10.0
3896,1688,383,2,11935.37,0.0
3897,1688,70,2,24783.28,5.0
3898,1689,598,4,16464.93,0.0
3899,1689,272,5,8968.84,5.0
3900,1690,183,5,23501.6,0.0
3901,1690,872,4,15107.17,0.0
3902,1690,209,3,7178.41,5.0
3903,1691,833,1,16884.14,0.0
3904,1692,661,3,13705.81,10.0
3905,1693,295,2,18202.38,5.0
3906,1693,891,3,12910.53,0.0
3907,1694,314,3,18006.61,15.0
3908,1695,121,1,10353.6,20.0
3909,1695,377,5,23965.45,10.0
3910,1696,809,5,24052.5,5.0
3911,1696,669,5,17245.4,10.0
3912,1696,111,5,8344.65,5.0
3913,1697,132,3,7609.15,0.0
3914,1697,204,2,1265.16,0.0
3915,1697,9,2,17153.33,15.0
3916,1698,396,2,751.13,0.0
3917,1698,5,1,8313.51,10.0
3918,1698,787,2,18758.34,5.0
3919,1699,560,4,6942.79,10.0
3920,1699,446,3,18287.32,5.0
3921,1699,389,1,3509.61,20.0
3922,1700,323,4,920.73,15.0
3923,1701,366,4,16239.91,0.0
3924,1701,211,5,5660.73,0.0
3925,1702,875,1,9752.68,10.0
3926,1703,476,4,19019.08,0.0
3927,1704,406,1,5693.41,10.0
3928,1704,142,5,21163.93,15.0
3929,1704,107,4,11842.72,20.0
3930,1705,666,4,16085.16,10.0
3931,1705,70,5,24783.28,5.0
3932,1706,698,2,4293.78,5.0
3933,1706,537,5,17211.68,0.0
3934,1706,65,3,16507.63,15.0
3935,1707,331,5,6973.28,0.0
3936,1708,161,3,15289.65,0.0
3937,1708,647,5,8678.96,10.0
3938,1709,571,1,10334.44,10.0
3939,1710,743,3,10182.67,0.0
3940,1711,818,3,10237.03,5.0
3941,1711,279,3,3292.56,10.0
3942,1711,547,4,5521.08,15.0
3943,1711,253,4,17161.82,15.0
3944,1711,198,2,12806.33,5.0
3945,1712,705,4,4673.98,0.0
3946,1712,31,1,16628.09,0.0
3947,1712,433,5,8284.46,10.0
3948,1712,721,4,18878.1,15.0
3949,1712,766,3,10014.02,0.0
3950,1713,217,3,4337.11,15.0
3951,1713,456,2,6661.55,5.0
3952,1713,537,1,17211.68,0.0
3953,1713,178,4,14238.81,15.0
3954,1714,83,3,7572.59,20.0
3955,1715,752,4,16802.42,0.0
3956,1716,685,3,120.67,5.0
3957,1716,347,5,9249.35,10.0
3958,1716,398,3,13400.93,15.0
3959,1716,141,3,1692.85,0.0
3960,1717,740,1,7772.66,0.0
3961,1717,827,5,17333.78,5.0
3962,1718,452,4,22746.4,0.0
3963,1718,534,1,10869.74,20.0
3964,1718,281,1,2023.57,0.0
3965,1719,630,4,16772.79,10.0
3966,1720,352,3,11635.83,0.0
3967,1721,587,1,3058.79,5.0
3968,1721,622,2,8757.16,0.0
3969,1722,683,1,16086.04,0.0
3970,1723,735,2,9036.58,10.0
3971,1724,823,5,16691.74,15.0
3972,1724,208,5,7812.53,10.0
3973,1725,514,4,25746.27,0.0
3974,1725,758,5,305.37,5.0
3975,1726,510,5,19375.24,0.0
3976,1726,276,5,6116.22,0.0
3977,1727,165,4,19157.23,0.0
3978,1727,421,3,4302.81,0.0
3979,1727,150,4,5234.7,0.0
3980,1728,876,1,6589.16,10.0
3981,1728,400,4,19421.92,0.0
3982,1728,652,3,6638.78,10.0
3983,1728,848,1,15587.71,10.0
3984,1729,402,3,789.81,20.0
3985,1730,255,5,17032.48,20.0
3986,1730,40,3,1150.22,20.0
3987,1730,56,4,18137.71,0.0
3988,1730,99,4,20609.05,15.0
3989,1730,486,3,18912.84,20.0
3990,1731,842,2,4816.41,0.0
3991,1732,845,4,24202.98,20.0
3992,1732,203,2,12755.01,0.0
3993,1732,58,1,2190.76,5.0
3994,1733,47,5,7909.38,15.0
3995,1733,768,4,16413.87,20.0
3996,1733,459,1,1008.42,20.0
3997,1733,61,1,6502.87,20.0
3998,1734,367,1,14113.51,5.0
3999,1734,35,3,21434.65,0.0
4000,1735,590,3,9869.32,20.0
4001,1736,365,3,22789.3,0.0
4002,1736,63,3,13615.65,5.0
4003,1736,868,4,18520.33,15.0
4004,1737,383,5,11935.37,0.0
4005,1738,655,4,8938.91,0.0
4006,1738,575,5,13808.3,15.0
4007,1739,331,2,6973.28,20.0
4008,1740,826,1,11073.3,5.0
4009,1741,253,4,17161.82,5.0
4010,1741,643,3,1936.54,0.0
4011,1741,138,3,25438.29,0.0
4012,1741,618,2,13048.71,20.0
4013,1742,468,5,9057.22,5.0
4014,1743,725,1,8996.66,0.0
4015,1744,783,3,803.8,10.0
4016,1744,403,4,7812.31,0.0
4017,1745,303,1,18231.15,5.0
4018,1745,106,4,10629.26,15.0
4019,1745,577,1,20570.33,0.0
4020,1746,629,2,12346.5,0.0
4021,1746,521,4,20156.83,15.0
4022,1746,170,3,12133.1,0.0
4023,1746,593,1,17278.87,0.0
4024,1746,584,5,8995.37,0.0
4025,1747,52,5,12629.7,10.0
4026,1747,888,1,2244.3,0.0
4027,1747,785,3,16279.21,15.0
4028,1747,185,3,6278.2,5.0
4029,1747,292,5,15961.49,10.0
4030,1748,271,3,20542.32,5.0
4031,1749,210,3,12962.87,0.0
4032,1750,425,2,4926.04,0.0
4033,1750,874,2,12083.32,10.0
4034,1750,668,3,11556.92,10.0
4035,1751,672,3,5939.35,10.0
4036,1751,276,1,6116.22,15.0
4037,1751,878,4,13434.69,0.0
4038,1752,76,1,8195.06,20.0
4039,1752,653,1,10229.17,0.0
4040,1753,328,3,15690.65,20.0
4041,1753,263,4,3234.93,10.0
4042,1754,54,1,12660.77,5.0
4043,1754,500,1,6694.37,10.0
4044,1754,60,3,12772.87,15.0
4045,1754,379,1,1624.86,15.0
4046,1754,877,4,10559.02,0.0
4047,1755,262,2,4228.73,0.0
4048,1756,538,3,17194.4,15.0
4049,1756,54,4,12660.77,0.0
4050,1757,530,4,18098.15,15.0
4051,1757,511,3,16710.62,0.0
4052,1758,856,2,836.93,5.0
4053,1758,855,5,2959.91,20.0
4054,1759,888,5,2244.3,10.0
4055,1760,583,2,20840.66,15.0
4056,1760,158,5,20098.55,0.0
4057,1760,540,1,2472.01,5.0
4058,1760,170,3,12133.1,0.0
4059,1760,410,3,15870.26,10.0
4060,1761,821,4,17002.37,0.0
4061,1761,557,3,4875.77,15.0
4062,1762,457,2,19959.82,15.0
4063,1762,588,3,4546.5,20.0
4064,1762,793,4,4803.54,0.0
4065,1762,234,4,10860.79,0.0
4066,1762,73,5,16451.55,20.0
4067,1763,52,1,12629.7,20.0
4068,1763,146,1,15804.83,20.0
4069,1764,679,5,5924.78,0.0
4070,1764,626,5,12352.87,15.0
4071,1765,129,3,10907.63,0.0
4072,1766,98,1,17528.8,0.0
4073,1766,629,2,12346.5,5.0
4074,1767,479,2,8268.21,15.0
4075,1767,649,4,14601.66,0.0
4076,1767,590,4,9869.32,20.0
4077,1768,325,1,2187.51,0.0
4078,1768,200,3,4522.92,0.0
4079,1769,880,1,18151.13,5.0
4080,1769,673,3,690.26,5.0
4081,1770,258,3,17700.95,20.0
4082,1770,670,1,12689.21,10.0
4083,1770,624,5,15309.66,5.0
4084,1771,394,3,15875.45,15.0
4085,1771,181,2,11885.47,10.0
4086,1771,649,3,14601.66,0.0
4087,1772,681,3,17950.56,5.0
4088,1772,77,2,13954.67,15.0
4089,1773,329,1,10046.75,10.0
4090,1773,691,2,16753.29,0.0
4091,1774,545,4,16977.96,5.0
4092,1775,285,3,16720.01,5.0
4093,1776,471,4,13086.13,20.0
4094,1776,703,1,14544.45,0.0
4095,1777,2,1,21248.93,0.0
4096,1778,712,4,13003.78,0.0
4097,1778,312,4,13798.25,20.0
4098,1779,198,5,12806.33,15.0
4099,1779,743,4,10182.67,5.0
4100,1779,143,3,7946.56,0.0
4101,1780,22,2,11230.85,0.0
4102,1781,121,4,10353.6,15.0
4103,1781,319,1,9389.36,20.0
4104,1781,720,4,21429.07,20.0
4105,1782,474,1,10258.52,0.0
4106,1782,226,2,13594.3,20.0
4107,1782,857,3,9589.19,0.0
4108,1782,856,5,836.93,10.0
4109,1783,853,2,13558.97,10.0
4110,1783,428,2,21239.63,0.0
4111,1784,58,1,2190.76,20.0
4112,1784,491,1,11018.52,5.0
4113,1785,891,1,12910.53,0.0
4114,1785,471,5,13086.13,0.0
4115,1786,876,4,6589.16,5.0
4116,1786,698,5,4293.78,5.0
4117,1787,34,5,1148.2,5.0
4118,1787,582,1,19075.76,10.0
4119,1788,620,5,12173.09,0.0
4120,1789,464,5,7633.05,10.0
4121,1789,870,5,4993.59,0.0
4122,1789,577,3,20570.33,20.0
4123,1790,551,2,23156.44,5.0
4124,1790,704,3,16292.88,10.0
4125,1790,442,2,11650.88,15.0
4126,1791,333,3,6422.47,5.0
4127,1792,200,2,4522.92,5.0
4128,1792,873,4,1014.59,20.0
4129,1792,780,2,2481.3,15.0
4130,1793,750,1,3277.38,0.0
4131,1793,535,1,5770.15,10.0
4132,1794,316,1,7282.96,15.0
4133,1794,624,2,15309.66,5.0
4134,1794,658,1,25361.82,5.0
4135,1794,850,3,22317.22,0.0
4136,1795,222,3,7009.13,10.0
4137,1795,677,4,13881.44,15.0
4138,1795,109,2,10740.23,5.0
4139,1796,850,1,22317.22,10.0
4140,1796,626,1,12352.87,15.0
4141,1796,65,2,16507.63,5.0
4142,1796,374,5,276.26,20.0
4143,1797,443,3,1560.39,0.0
4144,1798,67,5,18601.02,20.0
4145,1798,337,2,1562.71,10.0
4146,1798,101,3,20043.36,0.0
4147,1799,75,2,19138.34,5.0
4148,1799,638,5,17008.83,10.0
4149,1799,703,1,14544.45,0.0
4150,1800,847,1,13026.82,20.0
4151,1800,536,3,24253.72,0.0
4152,1801,399,4,20674.86,15.0
4153,1801,99,2,20609.05,20.0
4154,1801,106,5,10629.26,0.0
4155,1801,489,2,7785.34,0.0
4156,1802,532,3,14811.49,10.0
4157,1803,729,5,12919.83,15.0
4158,1803,701,3,621.06,15.0
4159,1804,86,3,17346.97,0.0
4160,1805,604,5,11660.05,5.0
4161,1805,572,2,19015.09,20.0
4162,1806,430,5,19127.25,0.0
4163,1806,271,5,20542.32,20.0
4164,1806,661,3,13705.81,20.0
4165,1806,103,5,8717.09,0.0
4166,1807,11,2,19969.24,20.0
4167,1808,856,4,836.93,15.0
4168,1808,138,4,25438.29,0.0
4169,1808,149,5,10169.3,0.0
4170,1808,454,5,12204.15,0.0
4171,1808,770,2,5579.14,5.0
4172,1809,380,2,10068.31,15.0
4173,1809,271,3,20542.32,0.0
4174,1810,121,3,10353.6,15.0
4175,1810,124,3,13452.12,5.0
4176,1811,891,3,12910.53,0.0
4177,1811,106,2,10629.26,0.0
4178,1811,216,2,14201.95,5.0
4179,1811,638,3,17008.83,0.0
4180,1811,559,5,10518.45,20.0
4181,1812,171,3,18491.26,0.0
4182,1813,716,2,4599.1,0.0
4183,1814,443,4,1560.39,0.0
4184,1814,334,5,14837.25,0.0
4185,1815,266,3,20675.58,20.0
4186,1815,878,3,13434.69,15.0
4187,1816,300,4,6061.57,20.0
4188,1816,43,5,18751.29,0.0
4189,1817,185,2,6278.2,20.0
4190,1817,591,4,6697.37,0.0
4191,1818,519,2,18767.62,5.0
4192,1818,475,1,6938.61,10.0
4193,1819,429,2,8645.08,15.0
4194,1819,148,1,17262.89,5.0
4195,1819,774,4,10265.71,0.0
4196,1820,652,2,6638.78,20.0
4197,1820,461,3,14975.0,20.0
4198,1820,766,1,10014.02,20.0
4199,1820,26,3,12446.22,5.0
4200,1821,522,4,14877.94,0.0
4201,1821,714,4,26202.05,0.0
4202,1821,692,2,11530.12,5.0
4203,1822,883,3,1769.58,0.0
4204,1822,829,5,21989.77,0.0
4205,1823,154,2,1144.63,15.0
4206,1824,373,4,9954.9,20.0
4207,1824,866,4,3834.44,0.0
4208,1824,200,3,4522.92,0.0
4209,1825,157,2,10768.54,20.0
4210,1825,13,3,478.72,20.0
4211,1825,555,4,1454.57,20.0
4212,1825,898,3,9944.45,15.0
4213,1825,673,3,690.26,20.0
4214,1826,215,1,4666.45,5.0
4215,1826,531,1,9020.83,10.0
4216,1827,668,5,11556.92,10.0
4217,1827,208,3,7812.53,0.0
4218,1828,156,2,963.21,0.0
4219,1828,632,4,10665.66,0.0
4220,1829,190,4,7595.13,10.0
4221,1830,432,2,23302.07,15.0
4222,1831,774,1,10265.71,15.0
4223,1831,426,5,9117.48,5.0
4224,1831,181,5,11885.47,0.0
4225,1831,324,1,3772.01,0.0
4226,1831,642,2,12368.27,0.0
4227,1832,843,5,11008.41,10.0
4228,1832,2,5,21248.93,5.0
4229,1832,694,1,11604.18,10.0
4230,1833,179,4,3471.92,0.0
4231,1833,210,2,12962.87,20.0
4232,1834,572,5,19015.09,0.0
4233,1835,861,4,8502.27,20.0
4234,1835,204,4,1265.16,5.0
4235,1835,178,4,14238.81,0.0
4236,1836,701,1,621.06,20.0
4237,1836,517,3,17350.23,0.0
4238,1837,481,3,11306.0,20.0
4239,1837,584,4,8995.37,10.0
4240,1837,500,3,6694.37,0.0
4241,1838,869,3,4059.75,5.0
4242,1838,765,2,810.63,10.0
4243,1838,484,1,19113.34,15.0
4244,1839,366,4,16239.91,0.0
4245,1839,634,2,17957.51,0.0
4246,1839,709,2,7686.85,15.0
4247,1839,452,2,22746.4,0.0
4248,1839,317,2,14112.86,0.0
4249,1840,251,2,13337.74,5.0
4250,1841,546,2,16500.34,0.0
4251,1841,326,4,16274.68,0.0
4252,1841,626,1,12352.87,20.0
4253,1841,832,3,9339.3,0.0
4254,1842,92,1,18578.14,10.0
4255,1842,567,3,14958.32,0.0
4256,1842,581,1,11564.32,0.0
4257,1842,106,1,10629.26,20.0
4258,1843,889,2,15442.59,0.0
4259,1844,33,1,2593.22,20.0
4260,1844,181,5,11885.47,15.0
4261,1845,887,3,9495.11,5.0
4262,1846,37,2,14064.14,5.0
4263,1846,477,2,17806.82,0.0
4264,1846,508,3,4967.5,0.0
4265,1847,360,2,11713.02,0.0
4266,1847,235,1,4664.57,0.0
4267,1847,247,4,1089.6,15.0
4268,1848,854,5,16327.56,0.0
4269,1849,372,3,9597.28,0.0
4270,1849,682,2,9240.58,0.0
4271,1849,77,2,13954.67,0.0
4272,1849,830,5,3011.17,5.0
4273,1850,812,3,2387.49,0.0
4274,1850,154,2,1144.63,0.0
4275,1850,301,5,21720.03,15.0
4276,1850,1,4,23380.27,5.0
4277,1850,490,3,6372.79,0.0
4278,1851,530,3,18098.15,0.0
4279,1851,371,2,1636.75,10.0
4280,1851,493,1,7964.23,10.0
4281,1852,566,3,1155.19,0.0
4282,1853,731,3,960.03,5.0
4283,1854,851,1,6264.06,0.0
4284,1854,801,5,3589.73,0.0
4285,1855,744,4,6614.57,20.0
4286,1855,736,3,6120.5,15.0
4287,1855,298,2,15463.87,0.0
4288,1856,219,2,5457.35,0.0
4289,1857,619,4,12004.29,15.0
4290,1857,8,1,19040.64,20.0
4291,1858,352,5,11635.83,0.0
4292,1858,123,4,15484.22,20.0
4293,1859,411,1,17450.18,5.0
4294,1860,643,5,1936.54,15.0
4295,1860,291,4,3444.93,0.0
4296,1860,201,4,11298.96,10.0
4297,1860,751,5,3818.67,20.0
4298,1861,4,3,3406.7,20.0
4299,1862,393,3,8735.87,0.0
4300,1862,802,3,4116.0,5.0
4301,1862,690,4,12791.5,20.0
4302,1863,882,5,8433.14,5.0
4303,1863,765,3,810.63,0.0
4304,1863,481,2,11306.0,0.0
4305,1863,118,3,22241.66,0.0
4306,1863,703,5,14544.45,0.0
4307,1864,19,5,22067.03,0.0
4308,1864,437,3,10772.97,5.0
4309,1865,705,3,4673.98,0.0
4310,1865,143,4,7946.56,15.0
4311,1865,608,1,622.02,0.0
4312,1866,268,1,3037.03,0.0
4313,1866,332,4,25511.86,15.0
4314,1866,59,3,5569.5,5.0
4315,1866,661,1,13705.81,0.0
4316,1866,535,2,5770.15,5.0
4317,1867,14,3,10692.32,0.0
4318,1867,172,3,6290.87,0.0
4319,1867,178,2,14238.81,15.0
4320,1868,192,1,18707.42,10.0
4321,1868,560,3,6942.79,0.0
4322,1869,398,2,13400.93,5.0
4323,1870,567,4,14958.32,0.0
4324,1870,117,5,4942.41,0.0
4325,1871,782,5,19248.75,0.0
4326,1872,112,1,12897.57,20.0
4327,1872,140,4,10101.86,0.0
4328,1873,569,3,17022.92,5.0
4329,1874,697,1,2018.95,15.0
4330,1875,365,1,22789.3,10.0
4331,1875,480,5,11927.56,0.0
4332,1876,343,1,15859.82,0.0
4333,1877,253,2,17161.82,15.0
4334,1878,121,5,10353.6,20.0
4335,1878,550,5,9953.79,0.0
4336,1878,781,3,15990.77,0.0
4337,1878,126,5,9886.31,20.0
4338,1879,444,4,17486.46,0.0
4339,1880,233,3,12825.71,0.0
4340,1880,576,1,3125.72,15.0
4341,1880,540,4,2472.01,15.0
4342,1881,892,1,7790.38,15.0
4343,1881,67,1,18601.02,0.0
4344,1881,596,1,3968.53,20.0
4345,1882,497,3,15989.14,0.0
4346,1882,301,3,21720.03,0.0
4347,1883,818,4,10237.03,0.0
4348,1883,445,5,1123.05,15.0
4349,1884,821,3,17002.37,5.0
4350,1885,577,2,20570.33,15.0
4351,1885,387,4,22309.26,0.0
4352,1886,501,5,14745.03,0.0
4353,1886,775,5,23675.41,15.0
4354,1886,44,1,8591.33,0.0
4355,1886,196,4,10265.86,5.0
4356,1886,693,3,14898.91,15.0
4357,1887,316,4,7282.96,5.0
4358,1887,196,5,10265.86,15.0
4359,1887,22,2,11230.85,0.0
4360,1888,561,4,863.13,0.0
4361,1888,88,3,25475.34,20.0
4362,1888,657,1,11502.62,10.0
4363,1889,244,4,7472.45,15.0
4364,1890,547,1,5521.08,0.0
4365,1890,47,1,7909.38,10.0
4366,1891,691,4,16753.29,15.0
4367,1892,67,3,18601.02,5.0
4368,1892,112,4,12897.57,0.0
4369,1893,811,2,13234.53,15.0
4370,1893,769,3,19111.37,0.0
4371,1894,892,1,7790.38,20.0
4372,1894,313,4,7494.19,10.0
4373,1894,463,5,8811.92,0.0
4374,1894,199,5,10359.07,0.0
4375,1894,66,4,13143.99,5.0
4376,1895,619,2,12004.29,10.0
4377,1895,275,2,10808.89,0.0
4378,1896,107,3,11842.72,5.0
4379,1896,415,1,7434.55,10.0
4380,1897,71,2,13770.82,0.0
4381,1897,521,3,20156.83,5.0
4382,1897,701,2,621.06,10.0
4383,1897,636,5,7292.03,20.0
4384,1897,39,2,7958.95,5.0
4385,1898,832,5,9339.3,5.0
4386,1899,200,1,4522.92,10.0
4387,1900,756,2,8569.79,10.0
4388,1901,4,5,3406.7,20.0
4389,1901,795,2,21693.2,0.0
4390,1902,262,2,4228.73,15.0
4391,1902,595,4,16876.57,0.0
4392,1903,746,2,6075.54,15.0
4393,1903,487,4,1420.39,20.0
4394,1903,665,5,4754.37,0.0
4395,1903,135,5,4472.34,0.0
4396,1904,516,2,4294.23,0.0
4397,1904,548,2,17776.31,0.0
4398,1905,251,1,13337.74,15.0
4399,1905,516,4,4294.23,20.0
4400,1905,319,5,9389.36,5.0
4401,1906,15,2,9257.31,5.0
4402,1906,484,3,19113.34,10.0
4403,1907,91,4,11076.97,5.0
4404,1908,625,2,7044.62,10.0
4405,1909,775,1,23675.41,20.0
4406,1910,530,3,18098.15,5.0
4407,1910,99,5,20609.05,0.0
4408,1911,153,2,1446.08,0.0
4409,1911,249,4,19528.8,0.0
4410,1912,88,2,25475.34,0.0
4411,1912,349,1,2689.14,20.0
4412,1912,443,4,1560.39,5.0
4413,1912,819,5,14434.49,0.0
4414,1913,284,5,15548.25,0.0
4415,1913,721,3,18878.1,0.0
4416,1913,80,4,7681.36,0.0
4417,1913,870,2,4993.59,0.0
4418,1913,155,5,3485.16,0.0
4419,1914,338,4,17040.27,0.0
4420,1915,72,2,9041.77,20.0
4421,1915,492,2,9662.3,20.0
4422,1916,193,3,20867.37,15.0
4423,1916,626,1,12352.87,15.0
4424,1916,898,2,9944.45,5.0
4425,1916,666,5,16085.16,10.0
4426,1916,704,5,16292.88,0.0
4427,1917,608,2,622.02,5.0
4428,1917,562,4,6895.25,15.0
4429,1917,258,2,17700.95,15.0
4430,1918,363,3,16290.66,5.0
4431,1918,227,4,2720.12,5.0
4432,1919,284,2,15548.25,5.0
4433,1919,348,1,19662.84,10.0
4434,1919,518,5,2509.06,15.0
4435,1920,195,1,1306.46,0.0
4436,1920,777,2,7013.52,0.0
4437,1920,635,3,15794.51,0.0
4438,1920,387,1,22309.26,0.0
4439,1921,124,4,13452.12,20.0
4440,1922,74,1,21546.9,15.0
4441,1922,408,1,11218.26,0.0
4442,1923,229,5,5530.88,20.0
4443,1924,641,2,12480.0,5.0
4444,1925,327,1,15380.04,10.0
4445,1925,880,4,18151.13,20.0
4446,1925,124,1,13452.12,10.0
4447,1926,743,5,10182.67,0.0
4448,1926,765,5,810.63,20.0
4449,1927,171,4,18491.26,20.0
4450,1928,414,3,166.83,5.0
4451,1929,650,5,6904.93,0.0
4452,1929,153,1,1446.08,15.0
4453,1930,61,3,6502.87,0.0
4454,1931,291,1,3444.93,20.0
4455,1931,119,1,21039.52,15.0
4456,1931,53,4,7934.72,5.0
4457,1931,586,1,15918.44,5.0
4458,1931,415,1,7434.55,15.0
4459,1932,710,2,11261.29,0.0
4460,1933,94,3,15069.27,0.0
4461,1933,523,2,13665.96,20.0
4462,1933,87,4,19036.03,20.0
4463,1934,371,1,1636.75,5.0
4464,1934,270,5,16271.78,0.0
4465,1934,403,3,7812.31,20.0
4466,1934,805,2,15525.28,5.0
4467,1935,645,3,15208.69,10.0
4468,1936,560,1,6942.79,10.0
4469,1936,722,4,2404.11,20.0
4470,1936,801,3,3589.73,10.0
4471,1937,430,2,19127.25,0.0
4472,1938,400,2,19421.92,20.0
4473,1938,124,4,13452.12,10.0
4474,1938,578,1,17099.03,20.0
4475,1939,299,2,7106.85,0.0
4476,1939,302,2,16440.69,0.0
4477,1940,451,5,15015.83,10.0
4478,1941,801,5,3589.73,5.0
4479,1941,873,2,1014.59,0.0
4480,1942,203,3,12755.01,0.0
4481,1942,453,1,11216.79,0.0
4482,1942,715,1,11935.81,0.0
4483,1942,76,4,8195.06,5.0
4484,1943,673,2,690.26,15.0
4485,1943,710,2,11261.29,15.0
4486,1943,660,2,5178.7,0.0
4487,1944,432,4,23302.07,0.0
4488,1945,858,5,23207.14,0.0
4489,1946,705,2,4673.98,10.0
4490,1946,285,5,16720.01,0.0
4491,1946,306,4,9467.51,20.0
4492,1947,398,4,13400.93,5.0
4493,1948,598,5,16464.93,20.0
4494,1948,401,1,3916.76,10.0
4495,1949,305,2,2031.07,0.0
4496,1949,126,5,9886.31,0.0
4497,1949,553,5,11099.68,0.0
4498,1949,710,5,11261.29,0.0
4499,1950,470,1,14455.32,5.0
4500,1951,575,4,13808.3,0.0
4501,1952,563,3,5661.49,0.0
4502,1952,487,4,1420.39,0.0
4503,1953,391,5,12976.53,0.0
4504,1953,817,5,14780.14,0.0
4505,1953,8,2,19040.64,0.0
4506,1953,245,4,13338.0,10.0
4507,1953,460,5,20514.31,10.0
4508,1954,382,4,9206.05,5.0
4509,1954,548,1,17776.31,15.0
4510,1954,507,4,12654.25,0.0
4511,1955,859,5,1089.58,15.0
4512,1955,822,2,4952.16,0.0
4513,1956,312,4,13798.25,20.0
4514,1956,792,2,2850.88,0.0
4515,1956,693,4,14898.91,20.0
4516,1957,451,5,15015.83,5.0
4517,1957,753,1,7182.61,5.0
4518,1958,547,1,5521.08,0.0
4519,1959,839,5,14313.81,10.0
4520,1960,829,3,21989.77,10.0
4521,1960,845,4,24202.98,5.0
4522,1961,823,2,16691.74,20.0
4523,1962,477,4,17806.82,0.0
4524,1963,181,5,11885.47,10.0
4525,1964,25,5,14978.82,0.0
4526,1964,809,1,24052.5,0.0
4527,1965,409,4,19362.42,10.0
4528,1965,538,4,17194.4,10.0
4529,1966,805,3,15525.28,0.0
4530,1967,335,3,10357.5,15.0
4531,1967,527,2,4372.63,5.0
4532,1968,492,5,9662.3,15.0
4533,1968,460,2,20514.31,20.0
4534,1968,834,2,11307.94,0.0
4535,1969,21,3,20625.3,20.0
4536,1969,96,3,14288.15,5.0
4537,1969,565,4,11175.66,5.0
4538,1969,275,1,10808.89,5.0
4539,1970,733,4,10948.51,0.0
4540,1970,790,1,1388.1,0.0
4541,1970,373,2,9954.9,0.0
4542,1970,55,5,2583.6,0.0
4543,1971,418,3,9194.68,20.0
4544,1972,371,1,1636.75,0.0
4545,1972,289,1,10379.0,0.0
4546,1972,440,5,21618.7,0.0
4547,1973,310,1,20036.92,0.0
4548,1973,692,5,11530.12,20.0
4549,1974,118,3,22241.66,0.0
4550,1974,308,3,6864.25,20.0
4551,1974,696,3,2491.11,20.0
4552,1974,216,2,14201.95,0.0
4553,1975,685,1,120.67,5.0
4554,1975,885,5,7089.39,0.0
4555,1975,433,2,8284.46,20.0
4556,1975,826,5,11073.3,0.0
4557,1975,766,4,10014.02,20.0
4558,1976,689,3,13071.47,10.0
4559,1977,142,3,21163.93,15.0
4560,1977,686,3,354.18,20.0
4561,1977,267,3,16561.1,5.0
4562,1977,54,3,12660.77,0.0
4563,1978,442,1,11650.88,10.0
4564,1978,112,3,12897.57,20.0
4565,1979,810,1,15563.4,0.0
4566,1980,783,5,803.8,20.0
4567,1981,689,1,13071.47,0.0
4568,1982,49,5,12463.05,5.0
4569,1982,484,2,19113.34,0.0
4570,1983,39,2,7958.95,20.0
4571,1984,146,3,15804.83,20.0
4572,1984,26,3,12446.22,15.0
4573,1984,339,3,13518.37,15.0
4574,1984,698,4,4293.78,20.0
4575,1985,816,4,13450.11,10.0
4576,1985,354,2,17320.16,20.0
4577,1986,297,1,17238.41,0.0
4578,1986,213,5,18912.24,15.0
4579,1987,561,2,863.13,20.0
4580,1987,451,5,15015.83,20.0
4581,1987,544,1,14987.27,15.0
4582,1988,522,5,14877.94,0.0
4583,1988,249,1,19528.8,15.0
4584,1988,619,1,12004.29,10.0
4585,1988,457,5,19959.82,10.0
4586,1989,697,1,2018.95,20.0
4587,1989,536,4,24253.72,20.0
4588,1989,300,3,6061.57,0.0
4589,1989,414,4,166.83,0.0
4590,1990,215,4,4666.45,0.0
4591,1990,161,5,15289.65,20.0
4592,1991,55,5,2583.6,20.0
4593,1991,814,1,3387.53,15.0
4594,1991,594,2,13204.03,0.0
4595,1992,813,5,5532.46,0.0
4596,1993,846,5,806.68,0.0
4597,1993,266,4,20675.58,5.0
4598,1994,262,3,4228.73,0.0
4599,1994,845,4,24202.98,0.0
4600,1995,767,1,12752.82,0.0
4601,1995,689,2,13071.47,0.0
4602,1995,1,2,23380.27,20.0
4603,1996,405,5,6628.43,20.0
4604,1997,796,3,15083.08,5.0
4605,1997,402,1,789.81,0.0
4606,1997,426,4,9117.48,15.0
4607,1997,679,5,5924.78,0.0
4608,1997,431,3,24437.6,0.0
4609,1998,557,2,4875.77,0.0
4610,1998,254,1,21957.69,0.0
4611,1998,109,4,10740.23,0.0
4612,1999,583,1,20840.66,0.0
4613,2000,898,3,9944.45,0.0
4614,2000,387,1,22309.26,10.0
4615,2000,729,4,12919.83,0.0
4616,2001,503,2,955.23,0.0
4617,2002,40,1,1150.22,20.0
4618,2002,390,4,3964.49,0.0
4619,2003,634,1,17957.51,0.0
4620,2003,169,1,16308.93,10.0
4621,2004,516,3,4294.23,5.0
4622,2004,677,5,13881.44,20.0
4623,2005,98,4,17528.8,0.0
4624,2006,695,3,17246.64,10.0
4625,2006,439,3,9511.48,5.0
4626,2007,231,4,18449.85,20.0
4627,2007,409,3,19362.42,15.0
4628,2007,644,5,12974.58,20.0
4629,2008,854,5,16327.56,15.0
4630,2008,22,5,11230.85,10.0
4631,2008,838,2,19410.6,15.0
4632,2008,598,4,16464.93,10.0
4633,2008,780,3,2481.3,10.0
4634,2009,551,3,23156.44,20.0
4635,2009,5,2,8313.51,0.0
4636,2009,296,3,15359.82,0.0
4637,2010,34,1,1148.2,0.0
4638,2010,3,4,16184.82,20.0
4639,2011,726,5,5419.14,5.0
4640,2012,143,3,7946.56,0.0
4641,2013,863,3,10272.35,10.0
4642,2014,702,1,1292.78,20.0
4643,2014,255,3,17032.48,10.0
4644,2014,887,1,9495.11,10.0
4645,2014,30,5,18303.29,15.0
4646,2014,558,4,13963.41,15.0
4647,2015,312,2,13798.25,0.0
4648,2016,103,2,8717.09,5.0
4649,2017,98,4,17528.8,5.0
4650,2017,872,4,15107.17,0.0
4651,2018,496,1,19499.77,0.0
4652,2018,207,1,21338.76,5.0
4653,2018,848,1,15587.71,5.0
4654,2018,670,5,12689.21,5.0
4655,2018,463,5,8811.92,15.0
4656,2019,241,3,11844.31,20.0
4657,2020,652,4,6638.78,0.0
4658,2021,389,5,3509.61,20.0
4659,2021,552,5,4733.75,15.0
4660,2022,383,4,11935.37,0.0
4661,2022,91,2,11076.97,15.0
4662,2022,398,2,13400.93,15.0
4663,2023,742,1,12611.2,10.0
4664,2024,831,1,6625.61,10.0
4665,2024,79,5,15602.76,5.0
4666,2024,360,2,11713.02,0.0
4667,2025,606,4,10207.96,0.0
4668,2026,353,2,7643.82,0.0
4669,2026,704,5,16292.88,20.0
4670,2026,702,3,1292.78,0.0
4671,2026,645,4,15208.69,0.0
4672,2026,880,5,18151.13,15.0
4673,2027,783,1,803.8,0.0
4674,2027,522,4,14877.94,5.0
4675,2028,86,5,17346.97,0.0
4676,2029,330,5,12351.31,0.0
4677,2029,446,5,18287.32,5.0
4678,2030,302,3,16440.69,0.0
4679,2030,719,4,7305.31,5.0
4680,2031,248,4,19406.63,0.0
4681,2031,22,4,11230.85,0.0
4682,2031,633,2,15843.65,10.0
4683,2032,536,5,24253.72,15.0
4684,2032,495,2,16857.86,10.0
4685,2032,25,3,14978.82,0.0
4686,2033,320,3,9179.45,0.0
4687,2034,211,1,5660.73,20.0
4688,2034,229,2,5530.88,0.0
4689,2035,413,3,347.03,0.0
4690,2035,229,3,5530.88,20.0
4691,2036,479,2,8268.21,20.0
4692,2036,436,2,6536.15,0.0
4693,2036,350,4,2904.08,20.0
4694,2036,733,5,10948.51,5.0
4695,2037,69,3,7716.81,0.0
4696,2037,489,4,7785.34,0.0
4697,2038,658,4,25361.82,0.0
4698,2039,825,4,14217.62,0.0
4699,2040,320,4,9179.45,10.0
4700,2040,548,3,17776.31,0.0
4701,2041,508,2,4967.5,0.0
4702,2041,549,3,16311.06,10.0
4703,2042,294,5,10981.7,10.0
4704,2042,846,1,806.68,5.0
4705,2043,111,4,8344.65,5.0
4706,2044,102,5,7542.37,15.0
4707,2044,106,1,10629.26,0.0
4708,2044,661,1,13705.81,0.0
4709,2045,697,2,2018.95,20.0
4710,2045,82,5,14774.58,10.0
4711,2046,574,1,6143.25,15.0
4712,2047,502,4,8596.35,15.0
4713,2047,715,5,11935.81,0.0
4714,2047,108,2,23388.45,20.0
4715,2047,330,5,12351.31,0.0
4716,2048,584,3,8995.37,0.0
4717,2049,900,5,17425.46,15.0
4718,2049,775,2,23675.41,0.0
4719,2049,551,5,23156.44,15.0
4720,2050,399,5,20674.86,15.0
4721,2050,334,3,14837.25,0.0
4722,2051,842,4,4816.41,15.0
4723,2052,244,3,7472.45,5.0
4724,2052,564,2,2009.4,5.0
4725,2052,900,1,17425.46,0.0
4726,2052,395,5,16130.97,0.0
4727,2053,539,5,249.52,10.0
4728,2054,468,4,9057.22,20.0
4729,2054,551,5,23156.44,15.0
4730,2054,158,4,20098.55,15.0
4731,2054,560,2,6942.79,20.0
4732,2055,196,1,10265.86,20.0
4733,2055,11,5,19969.24,0.0
4734,2055,466,4,10734.42,10.0
4735,2055,73,2,16451.55,0.0
4736,2056,376,3,10430.96,0.0
4737,2057,859,2,1089.58,5.0
4738,2057,798,2,4100.19,10.0
4739,2058,842,2,4816.41,15.0
4740,2059,314,4,18006.61,0.0
4741,2059,598,5,16464.93,10.0
4742,2059,172,5,6290.87,5.0
4743,2059,721,3,18878.1,10.0
4744,2060,765,3,810.63,0.0
4745,2060,236,5,4832.52,10.0
4746,2060,246,3,3854.15,5.0
4747,2061,410,2,15870.26,15.0
4748,2062,28,5,15441.58,5.0
4749,2062,359,3,14548.05,0.0
4750,2062,329,1,10046.75,15.0
4751,2063,616,1,18315.38,20.0
4752,2063,686,5,354.18,0.0
4753,2063,777,1,7013.52,5.0
4754,2064,192,5,18707.42,10.0
4755,2064,476,1,19019.08,0.0
4756,2064,611,3,6171.82,20.0
4757,2065,124,3,13452.12,0.0
4758,2065,485,5,12732.78,0.0
4759,2065,642,5,12368.27,15.0
4760,2065,166,4,2581.81,0.0
4761,2065,526,5,14453.05,0.0
4762,2066,799,5,8448.77,5.0
4763,2067,22,5,11230.85,15.0
4764,2067,849,1,11044.19,0.0
4765,2067,58,4,2190.76,20.0
4766,2068,330,2,12351.31,15.0
4767,2068,458,5,706.12,0.0
4768,2068,703,3,14544.45,0.0
4769,2069,513,5,10655.97,0.0
4770,2069,26,4,12446.22,20.0
4771,2070,576,2,3125.72,5.0
4772,2070,114,2,7286.84,0.0
4773,2070,131,2,18666.46,0.0
4774,2071,139,3,7956.39,0.0
4775,2072,316,4,7282.96,0.0
4776,2072,712,5,13003.78,0.0
4777,2072,276,4,6116.22,15.0
4778,2072,800,4,12138.75,0.0
4779,2073,249,5,19528.8,0.0
4780,2073,56,3,18137.71,5.0
4781,2074,804,1,21201.2,0.0
4782,2075,315,1,14818.85,10.0
4783,2075,643,1,1936.54,20.0
4784,2076,16,3,19747.45,20.0
4785,2077,796,4,15083.08,10.0
4786,2078,353,3,7643.82,15.0
4787,2078,461,3,14975.0,0.0
4788,2079,898,4,9944.45,20.0
4789,2079,554,4,19734.11,0.0
4790,2079,369,5,6953.46,5.0
4791,2079,26,5,12446.22,0.0
4792,2079,743,4,10182.67,0.0
4793,2080,56,2,18137.71,0.0
4794,2081,245,5,13338.0,0.0
4795,2081,293,2,282.61,10.0
4796,2081,456,3,6661.55,15.0
4797,2081,637,5,9909.0,0.0
4798,2082,381,4,17535.49,0.0
4799,2082,37,2,14064.14,5.0
4800,2082,337,1,1562.71,5.0
4801,2083,107,5,11842.72,5.0
4802,2084,373,3,9954.9,10.0
4803,2084,671,3,16938.7,0.0
4804,2084,632,2,10665.66,10.0
4805,2084,357,5,10102.76,0.0
4806,2085,631,5,24606.76,5.0
4807,2086,882,4,8433.14,5.0
4808,2086,111,4,8344.65,0.0
4809,2087,639,1,2960.19,20.0
4810,2088,265,2,4344.64,15.0
4811,2089,211,4,5660.73,15.0
4812,2089,652,5,6638.78,10.0
4813,2089,314,5,18006.61,0.0
4814,2089,795,5,21693.2,5.0
4815,2089,492,1,9662.3,5.0
4816,2090,471,3,13086.13,15.0
4817,2090,393,3,8735.87,10.0
4818,2091,425,2,4926.04,15.0
4819,2091,650,1,6904.93,15.0
4820,2091,326,4,16274.68,20.0
4821,2092,680,1,2617.11,0.0
4822,2093,307,5,21906.91,20.0
4823,2093,64,3,18539.77,0.0
4824,2093,144,5,19819.04,0.0
4825,2093,644,5,12974.58,20.0
4826,2094,892,1,7790.38,15.0
4827,2094,861,2,8502.27,5.0
4828,2095,888,2,2244.3,0.0
4829,2096,315,2,14818.85,15.0
4830,2096,112,2,12897.57,20.0
4831,2097,181,3,11885.47,15.0
4832,2098,512,1,14169.19,0.0
4833,2099,213,3,18912.24,0.0
4834,2100,206,1,5960.03,0.0
4835,2100,138,2,25438.29,0.0
4836,2100,508,4,4967.5,0.0
4837,2101,390,1,3964.49,20.0
4838,2102,213,2,18912.24,0.0
4839,2103,214,3,17220.63,5.0
4840,2103,252,3,14825.98,0.0
4841,2104,508,2,4967.5,0.0
4842,2104,39,2,7958.95,0.0
4843,2105,745,1,11543.63,5.0
4844,2105,234,2,10860.79,15.0
4845,2105,360,2,11713.02,15.0
4846,2106,814,5,3387.53,0.0
4847,2106,675,2,12507.1,5.0
4848,2106,320,1,9179.45,15.0
4849,2107,482,2,2192.85,0.0
4850,2108,243,4,176.76,0.0
4851,2108,47,1,7909.38,0.0
4852,2108,783,5,803.8,0.0
4853,2109,373,2,9954.9,0.0
4854,2110,576,2,3125.72,0.0
4855,2110,814,3,3387.53,0.0
4856,2111,65,2,16507.63,10.0
4857,2111,539,3,249.52,0.0
4858,2112,594,1,13204.03,20.0
4859,2112,574,3,6143.25,15.0
4860,2112,44,3,8591.33,5.0
4861,2113,639,2,2960.19,5.0
4862,2114,258,4,17700.95,0.0
4863,2115,696,4,2491.11,0.0
4864,2116,40,4,1150.22,20.0
4865,2116,662,5,6806.59,5.0
4866,2116,408,2,11218.26,0.0
4867,2116,331,2,6973.28,0.0
4868,2116,548,3,17776.31,0.0
4869,2117,66,5,13143.99,0.0
4870,2118,104,4,1617.45,20.0
4871,2118,757,2,7147.34,0.0
4872,2118,869,5,4059.75,0.0
4873,2118,253,1,17161.82,20.0
4874,2119,408,1,11218.26,0.0
4875,2120,779,1,19107.25,15.0
4876,2120,124,2,13452.12,15.0
4877,2120,277,3,13719.42,0.0
4878,2121,246,1,3854.15,0.0
4879,2122,99,2,20609.05,0.0
4880,2123,272,3,8968.84,0.0
4881,2123,679,5,5924.78,20.0
4882,2123,242,4,15852.16,10.0
4883,2124,331,4,6973.28,0.0
4884,2125,755,5,144.02,0.0
4885,2126,787,5,18758.34,20.0
4886,2127,372,4,9597.28,0.0
4887,2127,221,3,21061.36,0.0
4888,2128,402,2,789.81,5.0
4889,2128,252,1,14825.98,0.0
4890,2129,434,4,16140.57,0.0
4891,2129,482,4,2192.85,15.0
4892,2129,860,2,11880.54,5.0
4893,2129,742,2,12611.2,10.0
4894,2129,168,2,2987.62,0.0
4895,2130,466,5,10734.42,15.0
4896,2130,201,2,11298.96,15.0
4897,2131,609,2,8508.77,0.0
4898,2131,164,2,25966.48,10.0
4899,2132,334,2,14837.25,0.0
4900,2132,181,3,11885.47,10.0
4901,2133,595,3,16876.57,20.0
4902,2134,176,3,10671.88,0.0
4903,2135,398,1,13400.93,10.0
4904,2135,454,5,12204.15,0.0
4905,2135,692,5,11530.12,15.0
4906,2136,711,2,16182.19,15.0
4907,2136,629,4,12346.5,0.0
4908,2136,709,1,7686.85,0.0
4909,2136,194,2,2770.23,20.0
4910,2137,597,5,1518.2,0.0
4911,2137,374,5,276.26,0.0
4912,2138,575,4,13808.3,0.0
4913,2139,489,2,7785.34,0.0
4914,2140,432,1,23302.07,10.0
4915,2141,698,4,4293.78,0.0
4916,2142,101,2,20043.36,15.0
4917,2142,276,3,6116.22,15.0
4918,2142,561,4,863.13,20.0
4919,2143,859,2,1089.58,5.0
4920,2144,694,3,11604.18,15.0
4921,2144,700,1,14408.43,20.0
4922,2144,378,1,1654.61,15.0
4923,2145,183,1,23501.6,0.0
4924,2145,670,4,12689.21,15.0
4925,2145,311,4,11362.72,5.0
4926,2146,584,3,8995.37,0.0
4927,2146,848,3,15587.71,10.0
4928,2147,274,3,8564.4,20.0
4929,2147,175,3,8473.93,20.0
4930,2148,744,2,6614.57,0.0
4931,2149,61,2,6502.87,5.0
4932,2150,123,1,15484.22,10.0
4933,2151,634,1,17957.51,15.0
4934,2151,755,2,144.02,0.0
4935,2151,374,3,276.26,0.0
4936,2151,247,4,1089.6,0.0
4937,2152,449,4,1431.85,0.0
4938,2153,478,1,10570.88,5.0
4939,2154,139,3,7956.39,20.0
4940,2155,656,2,23607.08,0.0
4941,2155,305,1,2031.07,15.0
4942,2156,287,3,4169.74,10.0
4943,2157,197,1,20568.54,15.0
4944,2158,291,4,3444.93,0.0
4945,2158,583,1,20840.66,0.0
4946,2158,616,1,18315.38,0.0
4947,2158,213,1,18912.24,0.0
4948,2158,17,4,19447.69,0.0
4949,2159,357,3,10102.76,20.0
4950,2160,325,4,2187.51,5.0
4951,2160,40,1,1150.22,20.0
4952,2161,272,5,8968.84,0.0
4953,2162,124,2,13452.12,5.0
4954,2162,273,4,19263.38,0.0
4955,2163,108,1,23388.45,0.0
4956,2163,343,1,15859.82,15.0
4957,2164,379,5,1624.86,0.0
4958,2165,334,4,14837.25,0.0
4959,2165,11,3,19969.24,0.0
4960,2165,647,2,8678.96,0.0
4961,2165,261,1,21999.28,5.0
4962,2166,330,1,12351.31,10.0
4963,2166,752,3,16802.42,0.0
4964,2167,448,1,4391.49,15.0
4965,2167,737,5,16594.34,5.0
4966,2168,40,1,1150.22,15.0
4967,2169,101,3,20043.36,20.0
4968,2169,792,1,2850.88,0.0
4969,2169,723,5,4606.01,10.0
4970,2169,858,5,23207.14,0.0
4971,2170,678,2,2508.38,10.0
4972,2170,718,5,17963.95,5.0
4973,2171,885,2,7089.39,20.0
4974,2171,264,3,19387.68,0.0
4975,2171,638,2,17008.83,0.0
4976,2172,661,4,13705.81,0.0
4977,2172,178,5,14238.81,15.0
4978,2173,286,1,239.57,0.0
4979,2173,562,1,6895.25,0.0
4980,2174,900,4,17425.46,0.0
4981,2175,633,2,15843.65,15.0
4982,2175,530,4,18098.15,5.0
4983,2176,138,1,25438.29,10.0
4984,2176,258,5,17700.95,20.0
4985,2177,196,3,10265.86,5.0
4986,2177,761,5,16718.68,0.0
4987,2177,781,1,15990.77,10.0
4988,2177,100,2,14472.84,15.0
4989,2178,659,1,2808.44,5.0
4990,2178,168,2,2987.62,10.0
4991,2178,17,3,19447.69,15.0
4992,2179,60,4,12772.87,10.0
4993,2179,699,4,4909.23,20.0
4994,2179,576,1,3125.72,0.0
4995,2179,885,1,7089.39,10.0
4996,2180,675,4,12507.1,5.0
4997,2180,671,4,16938.7,0.0
4998,2181,824,2,297.67,0.0
4999,2182,720,4,21429.07,5.0
5000,2182,415,1,7434.55,20.0
5001,2183,38,3,4730.75,20.0
5002,2184,427,5,16845.82,0.0
5003,2185,37,3,14064.14,5.0
5004,2185,360,3,11713.02,0.0
5005,2186,130,3,12847.98,0.0
5006,2187,611,5,6171.82,10.0
5007,2187,651,1,6091.61,5.0
5008,2187,770,4,5579.14,0.0
5009,2188,318,5,7031.86,0.0
5010,2188,626,4,12352.87,5.0
5011,2188,899,5,21905.82,0.0
5012,2189,578,1,17099.03,0.0
5013,2189,854,4,16327.56,5.0
5014,2190,286,4,239.57,0.0
5015,2190,193,2,20867.37,15.0
5016,2190,846,1,806.68,0.0
5017,2191,182,5,16329.46,0.0
5018,2192,203,5,12755.01,0.0
5019,2193,369,4,6953.46,0.0
5020,2193,406,2,5693.41,20.0
5021,2194,716,4,4599.1,0.0
5022,2195,59,4,5569.5,10.0
5023,2196,3,1,16184.82,0.0
5024,2197,246,3,3854.15,0.0
5025,2198,591,3,6697.37,5.0
5026,2198,476,5,19019.08,10.0
5027,2199,19,4,22067.03,5.0
5028,2200,803,5,7424.51,0.0
5029,2201,663,2,11192.43,0.0
5030,2202,20,3,377.42,20.0
5031,2202,349,1,2689.14,0.0
5032,2203,872,4,15107.17,0.0
5033,2203,815,3,20541.91,10.0
5034,2204,554,5,19734.11,20.0
5035,2205,871,4,8110.39,0.0
5036,2205,197,3,20568.54,0.0
5037,2205,685,5,120.67,0.0
5038,2205,600,5,13416.18,0.0
5039,2206,804,3,21201.2,0.0
5040,2206,655,3,8938.91,0.0
5041,2207,238,1,4482.75,10.0
5042,2207,387,1,22309.26,10.0
5043,2207,790,3,1388.1,5.0
5044,2208,222,5,7009.13,15.0
5045,2208,108,2,23388.45,15.0
5046,2209,170,3,12133.1,0.0
5047,2209,658,2,25361.82,0.0
5048,2209,499,4,21718.63,15.0
5049,2209,551,1,23156.44,0.0
5050,2209,816,1,13450.11,20.0
5051,2210,5,5,8313.51,10.0
5052,2210,841,4,15195.61,0.0
5053,2211,637,4,9909.0,10.0
5054,2212,432,5,23302.07,0.0
5055,2212,370,5,2983.33,0.0
5056,2213,644,3,12974.58,15.0
5057,2213,675,3,12507.1,0.0
5058,2213,308,2,6864.25,10.0
5059,2213,740,5,7772.66,5.0
5060,2214,400,1,19421.92,0.0
5061,2214,618,3,13048.71,10.0
5062,2214,774,5,10265.71,5.0
5063,2214,24,1,18317.93,0.0
5064,2214,536,5,24253.72,15.0
5065,2215,229,1,5530.88,0.0
5066,2215,887,2,9495.11,0.0
5067,2216,633,5,15843.65,15.0
5068,2216,44,4,8591.33,10.0
5069,2216,816,4,13450.11,0.0
5070,2216,299,1,7106.85,0.0
5071,2216,723,1,4606.01,10.0
5072,2217,284,2,15548.25,10.0
5073,2217,829,5,21989.77,0.0
5074,2217,327,5,15380.04,15.0
5075,2217,73,3,16451.55,0.0
5076,2218,574,3,6143.25,15.0
5077,2218,534,4,10869.74,20.0
5078,2218,111,3,8344.65,0.0
5079,2219,137,2,10885.94,10.0
5080,2219,47,3,7909.38,20.0
5081,2220,458,3,706.12,0.0
5082,2220,888,1,2244.3,0.0
5083,2221,871,4,8110.39,15.0
5084,2221,653,1,10229.17,15.0
5085,2221,648,2,5724.05,5.0
5086,2222,260,4,7198.0,0.0
5087,2223,230,5,3957.6,0.0
5088,2223,154,4,1144.63,5.0
5089,2224,708,3,16924.57,15.0
5090,2224,161,2,15289.65,5.0
5091,2224,717,3,3248.01,10.0
5092,2225,371,4,1636.75,5.0
5093,2225,763,2,19381.27,0.0
5094,2226,686,3,354.18,20.0
5095,2227,846,5,806.68,0.0
5096,2228,615,2,13741.69,5.0
5097,2228,671,5,16938.7,0.0
5098,2228,437,5,10772.97,5.0
5099,2229,305,4,2031.07,20.0
5100,2230,900,1,17425.46,20.0
5101,2231,791,2,11554.95,10.0
5102,2231,442,2,11650.88,15.0
5103,2231,351,4,15160.62,5.0
5104,2232,691,3,16753.29,0.0
5105,2233,587,4,3058.79,0.0
5106,2233,253,5,17161.82,0.0
5107,2233,620,3,12173.09,0.0
5108,2234,877,4,10559.02,0.0
5109,2234,593,3,17278.87,0.0
5110,2234,269,3,11513.31,5.0
5111,2235,678,1,2508.38,0.0
5112,2236,895,4,7754.62,0.0
5113,2236,622,3,8757.16,20.0
5114,2236,169,2,16308.93,10.0
5115,2237,898,3,9944.45,20.0
5116,2238,231,5,18449.85,10.0
5117,2238,26,4,12446.22,15.0
5118,2238,135,2,4472.34,10.0
5119,2239,160,5,20635.35,20.0
5120,2240,528,5,939.25,15.0
5121,2240,538,5,17194.4,15.0
5122,2240,395,5,16130.97,0.0
5123,2241,673,2,690.26,5.0
5124,2242,457,5,19959.82,5.0
5125,2243,414,2,166.83,0.0
5126,2244,760,5,779.87,15.0
5127,2245,221,5,21061.36,15.0
5128,2245,78,1,18768.02,5.0
5129,2246,765,4,810.63,10.0
5130,2247,492,1,9662.3,10.0
5131,2247,403,2,7812.31,0.0
5132,2247,177,3,9631.34,5.0
5133,2248,415,5,7434.55,5.0
5134,2249,95,5,18635.44,0.0
5135,2249,654,4,16228.87,10.0
5136,2249,275,2,10808.89,0.0
5137,2249,532,4,14811.49,10.0
5138,2250,57,5,8529.28,0.0
5139,2250,27,3,10463.86,20.0
5140,2251,293,4,282.61,20.0
5141,2252,531,1,9020.83,10.0
5142,2252,191,1,12145.42,20.0
5143,2252,879,5,13227.2,0.0
5144,2252,186,1,9740.85,5.0
5145,2253,669,5,17245.4,0.0
5146,2253,438,1,12263.95,0.0
5147,2254,202,2,18119.01,5.0
5148,2255,370,2,2983.33,20.0
5149,2255,251,1,13337.74,0.0
5150,2255,249,1,19528.8,0.0
5151,2255,712,3,13003.78,0.0
5152,2256,603,5,7330.01,0.0
5153,2257,98,4,17528.8,0.0
5154,2258,192,1,18707.42,0.0
5155,2258,43,2,18751.29,0.0
5156,2259,483,5,7695.04,10.0
5157,2259,631,2,24606.76,5.0
5158,2260,686,5,354.18,10.0
5159,2260,320,1,9179.45,0.0
5160,2260,737,4,16594.34,0.0
5161,2260,317,2,14112.86,20.0
5162,2261,28,4,15441.58,20.0
5163,2262,302,2,16440.69,20.0
5164,2262,151,1,21510.83,0.0
5165,2262,631,5,24606.76,20.0
5166,2262,625,2,7044.62,0.0
5167,2262,885,4,7089.39,0.0
5168,2263,617,4,17544.22,10.0
5169,2264,492,2,9662.3,20.0
5170,2265,741,5,16605.12,10.0
5171,2265,607,2,9557.3,10.0
5172,2266,3,3,16184.82,10.0
5173,2266,800,3,12138.75,0.0
5174,2267,63,1,13615.65,0.0
5175,2267,741,1,16605.12,0.0
5176,2267,644,1,12974.58,0.0
5177,2267,398,3,13400.93,15.0
5178,2267,526,3,14453.05,20.0
5179,2268,840,3,14874.45,0.0
5180,2269,191,1,12145.42,15.0
5181,2270,635,5,15794.51,0.0
5182,2270,647,5,8678.96,0.0
5183,2271,637,1,9909.0,10.0
5184,2271,819,1,14434.49,0.0
5185,2272,717,5,3248.01,0.0
5186,2273,806,1,11627.22,10.0
5187,2273,408,1,11218.26,0.0
5188,2274,844,2,8306.97,15.0
5189,2275,373,2,9954.9,15.0
5190,2275,647,3,8678.96,10.0
5191,2276,35,3,21434.65,0.0
5192,2276,120,3,9678.0,0.0
5193,2277,790,3,1388.1,5.0
5194,2278,576,5,3125.72,0.0
5195,2278,663,3,11192.43,10.0
5196,2278,705,4,4673.98,0.0
5197,2279,100,4,14472.84,10.0
5198,2280,784,3,8066.19,0.0
5199,2280,654,1,16228.87,15.0
5200,2280,462,5,19988.3,0.0
5201,2280,775,3,23675.41,0.0
5202,2281,594,4,13204.03,20.0
5203,2281,76,4,8195.06,5.0
5204,2282,520,3,1057.04,15.0
5205,2283,194,2,2770.23,10.0
5206,2283,621,1,6617.04,0.0
5207,2283,267,5,16561.1,15.0
5208,2284,553,4,11099.68,10.0
5209,2284,849,2,11044.19,10.0
5210,2284,650,5,6904.93,0.0
5211,2284,333,2,6422.47,5.0
5212,2285,53,3,7934.72,10.0
5213,2286,364,2,18476.31,15.0
5214,2287,194,3,2770.23,0.0
5215,2288,15,1,9257.31,10.0
5216,2288,328,1,15690.65,0.0
5217,2288,59,4,5569.5,0.0
5218,2288,762,4,15418.59,0.0
5219,2289,112,2,12897.57,15.0
5220,2289,742,2,12611.2,15.0
5221,2289,871,3,8110.39,10.0
5222,2290,170,2,12133.1,15.0
5223,2290,326,5,16274.68,5.0
5224,2290,335,2,10357.5,0.0
5225,2291,160,5,20635.35,10.0
5226,2292,133,1,18760.28,0.0
5227,2293,114,3,7286.84,10.0
5228,2293,99,2,20609.05,0.0
5229,2294,776,2,20110.05,15.0
5230,2295,423,3,1984.71,10.0
5231,2295,732,1,8129.26,15.0
5232,2295,578,1,17099.03,0.0
5233,2296,24,4,18317.93,0.0
5234,2296,126,3,9886.31,15.0
5235,2296,430,4,19127.25,15.0
5236,2296,466,4,10734.42,0.0
5237,2296,594,2,13204.03,0.0
5238,2297,102,2,7542.37,0.0
5239,2297,301,3,21720.03,5.0
5240,2298,271,1,20542.32,0.0
5241,2298,679,2,5924.78,10.0
5242,2298,618,5,13048.71,20.0
5243,2299,782,3,19248.75,0.0
5244,2300,340,4,3550.22,0.0
5245,2300,457,1,19959.82,0.0
5246,2301,126,1,9886.31,0.0
5247,2301,52,4,12629.7,20.0
5248,2301,853,5,13558.97,10.0
5249,2301,382,1,9206.05,0.0
5250,2301,597,3,1518.2,0.0
5251,2302,377,2,23965.45,15.0
5252,2302,172,3,6290.87,0.0
5253,2302,638,2,17008.83,0.0
5254,2302,435,4,13058.88,0.0
5255,2302,263,2,3234.93,10.0
5256,2303,687,1,14696.63,15.0
5257,2303,176,2,10671.88,0.0
5258,2303,581,2,11564.32,10.0
5259,2303,548,1,17776.31,15.0
5260,2304,664,2,9991.3,15.0
5261,2305,529,1,8097.4,0.0
5262,2305,772,3,18195.11,20.0
5263,2305,114,4,7286.84,0.0
5264,2305,251,3,13337.74,0.0
5265,2306,225,1,6873.83,0.0
5266,2306,17,1,19447.69,0.0
5267,2306,16,4,19747.45,0.0
5268,2306,119,3,21039.52,0.0
5269,2307,896,1,24756.56,20.0
5270,2307,694,3,11604.18,0.0
5271,2308,25,3,14978.82,10.0
5272,2308,677,4,13881.44,5.0
5273,2308,130,5,12847.98,15.0
5274,2308,438,4,12263.95,10.0
5275,2308,55,5,2583.6,15.0
5276,2309,606,3,10207.96,0.0
5277,2309,447,1,10631.16,0.0
5278,2310,638,4,17008.83,5.0
5279,2311,421,5,4302.81,0.0
5280,2312,512,3,14169.19,15.0
5281,2312,322,2,14630.46,0.0
5282,2312,49,1,12463.05,0.0
5283,2312,674,1,11510.75,0.0
5284,2313,9,2,17153.33,0.0
5285,2313,750,3,3277.38,10.0
5286,2313,289,2,10379.0,0.0
5287,2314,238,4,4482.75,0.0
5288,2314,218,4,25840.61,5.0
5289,2314,115,5,14046.49,15.0
5290,2315,500,1,6694.37,10.0
5291,2315,118,5,22241.66,20.0
5292,2316,379,4,1624.86,10.0
5293,2317,507,3,12654.25,10.0
5294,2317,121,4,10353.6,0.0
5295,2317,330,2,12351.31,5.0
5296,2317,663,3,11192.43,0.0
5297,2318,551,4,23156.44,15.0
5298,2318,739,5,22380.63,20.0
5299,2318,293,2,282.61,5.0
5300,2319,886,5,7687.78,15.0
5301,2319,27,1,10463.86,0.0
5302,2320,839,3,14313.81,15.0
5303,2320,866,3,3834.44,0.0
5304,2320,510,1,19375.24,0.0
5305,2320,542,2,3615.52,15.0
5306,2321,283,3,11626.55,0.0
5307,2322,54,3,12660.77,10.0
5308,2322,294,4,10981.7,20.0
5309,2323,417,5,1519.73,0.0
5310,2323,70,4,24783.28,15.0
5311,2324,428,4,21239.63,10.0
5312,2325,709,1,7686.85,15.0
5313,2325,249,5,19528.8,20.0
5314,2325,658,5,25361.82,0.0
5315,2325,650,3,6904.93,5.0
5316,2326,344,3,5524.58,15.0
5317,2327,468,1,9057.22,15.0
5318,2327,653,4,10229.17,10.0
5319,2328,317,3,14112.86,0.0
5320,2329,795,3,21693.2,0.0
5321,2330,188,5,11495.49,15.0
5322,2331,376,3,10430.96,0.0
5323,2332,511,5,16710.62,0.0
5324,2332,481,4,11306.0,0.0
5325,2332,296,2,15359.82,15.0
5326,2332,650,4,6904.93,0.0
5327,2333,159,2,19350.16,20.0
5328,2333,518,2,2509.06,0.0
5329,2334,585,1,10944.6,5.0
5330,2334,416,2,11392.81,5.0
5331,2335,526,1,14453.05,10.0
5332,2335,473,4,2408.3,5.0
5333,2335,430,2,19127.25,5.0
5334,2336,121,5,10353.6,0.0
5335,2336,753,2,7182.61,0.0
5336,2336,587,3,3058.79,15.0
5337,2336,351,1,15160.62,5.0
5338,2336,400,3,19421.92,0.0
5339,2337,787,5,18758.34,0.0
5340,2337,344,3,5524.58,15.0
5341,2337,554,3,19734.11,0.0
5342,2338,761,1,16718.68,20.0
5343,2339,414,1,166.83,0.0
5344,2339,765,1,810.63,20.0
5345,2340,714,4,26202.05,0.0
5346,2340,851,1,6264.06,10.0
5347,2341,346,4,8215.18,0.0
5348,2341,536,2,24253.72,0.0
5349,2342,184,1,14178.66,0.0
5350,2342,34,2,1148.2,0.0
5351,2342,508,1,4967.5,5.0
5352,2342,847,4,13026.82,0.0
5353,2343,519,4,18767.62,5.0
5354,2343,581,3,11564.32,0.0
5355,2343,198,5,12806.33,15.0
5356,2343,752,4,16802.42,0.0
5357,2344,888,4,2244.3,0.0
5358,2344,543,5,9638.42,20.0
5359,2345,34,2,1148.2,15.0
5360,2345,669,5,17245.4,0.0
5361,2345,359,2,14548.05,10.0
5362,2346,46,3,6966.04,20.0
5363,2346,277,5,13719.42,20.0
5364,2347,698,5,4293.78,5.0
5365,2348,731,2,960.03,5.0
5366,2349,600,2,13416.18,0.0
5367,2350,305,4,2031.07,0.0
5368,2351,390,1,3964.49,0.0
5369,2351,75,5,19138.34,20.0
5370,2352,85,5,4996.1,15.0
5371,2353,171,4,18491.26,0.0
5372,2353,633,3,15843.65,0.0
5373,2353,677,2,13881.44,0.0
5374,2353,425,4,4926.04,20.0
5375,2354,772,3,18195.11,5.0
5376,2355,779,3,19107.25,20.0
5377,2356,750,2,3277.38,15.0
5378,2356,241,4,11844.31,5.0
5379,2356,181,5,11885.47,0.0
5380,2357,185,3,6278.2,10.0
5381,2358,80,2,7681.36,0.0
5382,2358,416,5,11392.81,0.0
5383,2358,612,3,5006.24,0.0
5384,2358,299,5,7106.85,0.0
5385,2358,143,1,7946.56,10.0
5386,2359,415,3,7434.55,15.0
5387,2360,373,5,9954.9,20.0
5388,2360,861,2,8502.27,5.0
5389,2360,534,4,10869.74,0.0
5390,2360,838,4,19410.6,10.0
5391,2361,751,2,3818.67,5.0
5392,2361,834,5,11307.94,0.0
5393,2362,187,4,17579.96,5.0
5394,2362,873,5,1014.59,5.0
5395,2363,379,3,1624.86,0.0
5396,2363,428,1,21239.63,0.0
5397,2364,709,1,7686.85,0.0
5398,2364,419,4,4421.89,20.0
5399,2365,464,2,7633.05,15.0
5400,2365,821,1,17002.37,0.0
5401,2365,90,4,14228.88,0.0
5402,2365,272,4,8968.84,20.0
5403,2366,418,5,9194.68,10.0
5404,2367,760,5,779.87,0.0
5405,2367,898,2,9944.45,5.0
5406,2367,129,5,10907.63,20.0
5407,2368,179,1,3471.92,20.0
5408,2368,818,5,10237.03,20.0
5409,2368,528,3,939.25,10.0
5410,2369,681,5,17950.56,20.0
5411,2369,514,1,25746.27,10.0
5412,2369,27,5,10463.86,10.0
5413,2369,604,1,11660.05,0.0
5414,2370,151,3,21510.83,20.0
5415,2371,140,4,10101.86,0.0
5416,2371,400,2,19421.92,15.0
5417,2372,105,2,9554.98,0.0
5418,2372,820,3,20062.61,0.0
5419,2372,323,1,920.73,5.0
5420,2372,357,5,10102.76,20.0
5421,2373,454,4,12204.15,0.0
5422,2373,260,1,7198.0,5.0
5423,2373,371,1,1636.75,10.0
5424,2373,99,4,20609.05,0.0
5425,2373,88,3,25475.34,20.0
5426,2374,436,4,6536.15,20.0
5427,2375,657,3,11502.62,5.0
5428,2375,589,1,326.42,15.0
5429,2375,416,1,11392.81,10.0
5430,2375,405,1,6628.43,0.0
5431,2376,755,5,144.02,0.0
5432,2377,374,1,276.26,20.0
5433,2378,521,1,20156.83,5.0
5434,2378,349,4,2689.14,15.0
5435,2378,807,4,15923.26,15.0
5436,2379,612,4,5006.24,10.0
5437,2379,389,4,3509.61,5.0
5438,2380,314,5,18006.61,15.0
5439,2381,241,3,11844.31,0.0
5440,2381,462,3,19988.3,0.0
5441,2381,683,3,16086.04,10.0
5442,2381,5,1,8313.51,20.0
5443,2382,783,3,803.8,0.0
5444,2382,279,2,3292.56,0.0
5445,2383,111,4,8344.65,0.0
5446,2383,830,5,3011.17,0.0
5447,2383,734,5,13296.98,0.0
5448,2383,814,2,3387.53,0.0
5449,2383,605,4,7517.98,0.0
5450,2384,375,5,192.08,0.0
5451,2385,173,4,7108.82,0.0
5452,2386,326,3,16274.68,0.0
5453,2386,666,1,16085.16,15.0
5454,2386,437,4,10772.97,0.0
5455,2386,750,5,3277.38,15.0
5456,2386,207,1,21338.76,5.0
5457,2387,88,3,25475.34,20.0
5458,2387,719,3,7305.31,20.0
5459,2388,171,3,18491.26,0.0
5460,2388,332,4,25511.86,20.0
5461,2389,408,5,11218.26,0.0
5462,2390,705,5,4673.98,0.0
5463,2390,43,3,18751.29,5.0
5464,2390,178,1,14238.81,15.0
5465,2391,660,1,5178.7,5.0
5466,2391,527,2,4372.63,0.0
5467,2392,330,3,12351.31,0.0
5468,2392,255,2,17032.48,0.0
5469,2392,748,5,15319.21,5.0
5470,2392,429,1,8645.08,20.0
5471,2393,442,4,11650.88,20.0
5472,2393,103,1,8717.09,0.0
5473,2394,685,2,120.67,5.0
5474,2394,813,4,5532.46,0.0
5475,2395,875,2,9752.68,20.0
5476,2395,384,1,5638.85,0.0
5477,2396,679,4,5924.78,0.0
5478,2396,704,5,16292.88,5.0
5479,2396,398,4,13400.93,0.0
5480,2396,637,1,9909.0,0.0
5481,2397,775,1,23675.41,15.0
5482,2398,707,5,1274.87,5.0
5483,2399,623,3,5372.41,0.0
5484,2399,841,2,15195.61,0.0
5485,2399,148,4,17262.89,0.0
5486,2399,654,3,16228.87,20.0
5487,2400,723,2,4606.01,10.0
5488,2401,129,3,10907.63,0.0
5489,2401,866,3,3834.44,5.0
5490,2401,388,4,15425.62,20.0
5491,2401,489,5,7785.34,15.0
5492,2402,676,1,14315.33,10.0
5493,2402,771,3,2696.54,5.0
5494,2403,165,5,19157.23,0.0
5495,2403,520,2,1057.04,0.0
5496,2404,222,3,7009.13,0.0
5497,2404,843,3,11008.41,10.0
5498,2405,622,4,8757.16,20.0
5499,2406,721,2,18878.1,0.0
5500,2406,821,3,17002.37,0.0
5501,2406,674,4,11510.75,15.0
5502,2406,590,4,9869.32,0.0
5503,2406,152,4,11106.45,5.0
5504,2407,828,2,25138.47,15.0
5505,2407,448,3,4391.49,10.0
5506,2407,380,3,10068.31,0.0
5507,2408,682,5,9240.58,10.0
5508,2409,552,2,4733.75,20.0
5509,2409,423,1,1984.71,10.0
5510,2410,712,3,13003.78,0.0
5511,2411,88,1,25475.34,0.0
5512,2411,320,2,9179.45,0.0
5513,2411,580,3,17938.87,0.0
5514,2411,722,3,2404.11,15.0
5515,2412,151,3,21510.83,5.0
5516,2412,319,3,9389.36,0.0
5517,2412,147,3,2349.15,0.0
5518,2412,564,3,2009.4,0.0
5519,2413,810,2,15563.4,0.0
5520,2413,21,3,20625.3,5.0
5521,2414,809,5,24052.5,5.0
5522,2414,675,3,12507.1,0.0
5523,2414,453,1,11216.79,10.0
5524,2414,585,1,10944.6,5.0
5525,2414,832,3,9339.3,20.0
5526,2415,847,2,13026.82,0.0
5527,2415,820,4,20062.61,0.0
5528,2416,512,2,14169.19,10.0
5529,2416,52,2,12629.7,0.0
5530,2416,526,1,14453.05,10.0
5531,2417,5,5,8313.51,15.0
5532,2417,184,3,14178.66,0.0
5533,2418,849,5,11044.19,10.0
5534,2418,867,1,3837.28,15.0
5535,2418,457,3,19959.82,0.0
5536,2418,181,3,11885.47,0.0
5537,2419,628,4,8593.46,0.0
5538,2420,290,4,12993.94,0.0
5539,2420,291,2,3444.93,0.0
5540,2420,140,2,10101.86,20.0
5541,2420,845,5,24202.98,10.0
5542,2421,44,2,8591.33,15.0
5543,2422,92,2,18578.14,0.0
5544,2423,678,3,2508.38,20.0
5545,2423,879,5,13227.2,0.0
5546,2423,758,2,305.37,0.0
5547,2424,700,2,14408.43,0.0
5548,2424,496,2,19499.77,20.0
5549,2424,758,1,305.37,20.0
5550,2424,641,4,12480.0,0.0
5551,2424,200,5,4522.92,15.0
5552,2425,95,4,18635.44,15.0
5553,2425,821,1,17002.37,5.0
5554,2426,386,5,14759.78,0.0
5555,2426,473,1,2408.3,15.0
5556,2427,242,4,15852.16,10.0
5557,2427,555,4,1454.57,0.0
5558,2427,571,2,10334.44,20.0
5559,2427,247,3,1089.6,5.0
5560,2428,676,1,14315.33,0.0
5561,2429,463,4,8811.92,0.0
5562,2429,711,5,16182.19,10.0
5563,2429,190,4,7595.13,0.0
5564,2429,536,3,24253.72,20.0
5565,2430,638,2,17008.83,0.0
5566,2431,329,1,10046.75,10.0
5567,2432,786,5,14084.23,5.0
5568,2432,491,5,11018.52,0.0
5569,2432,142,5,21163.93,0.0
5570,2433,232,5,12332.61,0.0
5571,2433,226,4,13594.3,5.0
5572,2433,219,3,5457.35,20.0
5573,2434,709,4,7686.85,10.0
5574,2434,308,5,6864.25,10.0
5575,2434,591,2,6697.37,0.0
5576,2434,399,5,20674.86,0.0
5577,2435,697,1,2018.95,15.0
5578,2436,311,5,11362.72,20.0
5579,2436,793,3,4803.54,5.0
5580,2436,316,5,7282.96,0.0
5581,2437,844,4,8306.97,0.0
5582,2437,708,2,16924.57,15.0
5583,2437,563,2,5661.49,0.0
5584,2438,138,3,25438.29,15.0
5585,2438,353,5,7643.82,10.0
5586,2439,281,1,2023.57,15.0
5587,2440,154,5,1144.63,5.0
5588,2441,118,1,22241.66,15.0
5589,2441,160,1,20635.35,5.0
5590,2441,442,5,11650.88,5.0
5591,2441,220,2,12963.27,0.0
5592,2441,475,1,6938.61,20.0
5593,2442,856,5,836.93,10.0
5594,2442,546,2,16500.34,0.0
5595,2443,213,2,18912.24,0.0
5596,2444,377,3,23965.45,5.0
5597,2444,408,2,11218.26,0.0
5598,2445,598,5,16464.93,0.0
5599,2445,752,3,16802.42,0.0
5600,2446,867,4,3837.28,20.0
5601,2446,201,5,11298.96,15.0
5602,2447,363,3,16290.66,5.0
5603,2447,557,4,4875.77,5.0
5604,2447,439,5,9511.48,0.0
5605,2448,330,4,12351.31,20.0
5606,2448,121,3,10353.6,20.0
5607,2448,575,1,13808.3,5.0
5608,2449,886,3,7687.78,10.0
5609,2449,346,1,8215.18,0.0
5610,2449,69,5,7716.81,0.0
5611,2449,102,3,7542.37,5.0
5612,2450,626,4,12352.87,10.0
5613,2451,307,4,21906.91,20.0
5614,2451,706,1,12213.81,15.0
5615,2451,407,4,7770.71,0.0
5616,2452,734,1,13296.98,5.0
5617,2452,303,2,18231.15,20.0
5618,2453,655,5,8938.91,0.0
5619,2454,230,2,3957.6,10.0
5620,2454,575,3,13808.3,0.0
5621,2454,13,4,478.72,20.0
5622,2455,99,3,20609.05,10.0
5623,2455,893,4,17792.63,15.0
5624,2455,301,1,21720.03,0.0
5625,2455,524,1,10408.88,0.0
5626,2455,476,5,19019.08,0.0
5627,2456,648,2,5724.05,0.0
5628,2457,618,5,13048.71,20.0
5629,2457,699,1,4909.23,5.0
5630,2458,348,2,19662.84,10.0
5631,2458,147,4,2349.15,15.0
5632,2459,68,4,21790.7,15.0
5633,2459,562,3,6895.25,20.0
5634,2459,92,5,18578.14,5.0
5635,2460,434,1,16140.57,10.0
5636,2460,245,5,13338.0,10.0
5637,2460,215,1,4666.45,20.0
5638,2460,872,1,15107.17,0.0
5639,2461,651,5,6091.61,15.0
5640,2461,870,4,4993.59,15.0
5641,2461,105,3,9554.98,0.0
5642,2462,213,3,18912.24,0.0
5643,2462,269,5,11513.31,15.0
5644,2462,689,3,13071.47,0.0
5645,2463,302,1,16440.69,10.0
5646,2463,834,2,11307.94,10.0
5647,2464,477,5,17806.82,5.0
5648,2465,343,1,15859.82,10.0
5649,2466,478,4,10570.88,20.0
5650,2466,3,5,16184.82,5.0
5651,2467,687,4,14696.63,10.0
5652,2468,837,5,264.26,0.0
5653,2469,796,3,15083.08,10.0
5654,2469,804,3,21201.2,10.0
5655,2470,635,2,15794.51,0.0
5656,2470,867,4,3837.28,10.0
5657,2471,688,5,3002.55,0.0
5658,2471,258,4,17700.95,0.0
5659,2472,12,2,10935.76,15.0
5660,2473,782,5,19248.75,15.0
5661,2473,889,4,15442.59,10.0
5662,2473,266,1,20675.58,0.0
5663,2473,375,4,192.08,0.0
5664,2474,651,4,6091.61,0.0
5665,2475,607,2,9557.3,15.0
5666,2475,710,5,11261.29,15.0
5667,2475,88,4,25475.34,15.0
5668,2476,803,1,7424.51,0.0
5669,2477,685,2,120.67,0.0
5670,2478,453,1,11216.79,15.0
5671,2479,497,5,15989.14,5.0
5672,2479,791,2,11554.95,0.0
5673,2480,525,1,14333.71,0.0
5674,2481,146,1,15804.83,0.0
5675,2481,186,3,9740.85,10.0
5676,2482,528,5,939.25,0.0
5677,2482,795,4,21693.2,0.0
5678,2483,145,3,12067.47,10.0
5679,2484,169,3,16308.93,20.0
5680,2484,137,1,10885.94,5.0
5681,2485,229,2,5530.88,5.0
5682,2485,873,4,1014.59,15.0
5683,2485,642,3,12368.27,0.0
5684,2485,805,3,15525.28,0.0
5685,2485,98,2,17528.8,0.0
5686,2486,725,1,8996.66,5.0
5687,2487,419,5,4421.89,0.0
5688,2488,628,4,8593.46,10.0
5689,2488,706,3,12213.81,0.0
5690,2488,499,4,21718.63,0.0
5691,2488,632,1,10665.66,0.0
5692,2489,45,2,19804.2,0.0
5693,2489,527,2,4372.63,0.0
5694,2490,346,2,8215.18,5.0
5695,2490,684,2,8576.21,20.0
5696,2491,341,1,22578.93,0.0
5697,2491,45,2,19804.2,0.0
5698,2491,649,3,14601.66,10.0
5699,2491,875,4,9752.68,10.0
5700,2492,840,1,14874.45,20.0
5701,2492,577,5,20570.33,0.0
5702,2493,685,5,120.67,0.0
5703,2493,739,5,22380.63,5.0
5704,2494,57,3,8529.28,0.0
5705,2494,296,1,15359.82,5.0
5706,2494,502,3,8596.35,5.0
5707,2494,257,2,13045.67,10.0
5708,2495,291,3,3444.93,0.0
5709,2496,300,3,6061.57,0.0
5710,2497,404,3,653.1,20.0
5711,2497,306,1,9467.51,10.0
5712,2497,389,5,3509.61,0.0
5713,2498,301,5,21720.03,0.0
5714,2498,159,2,19350.16,20.0
5715,2498,79,4,15602.76,15.0
5716,2498,244,5,7472.45,10.0
5717,2499,500,4,6694.37,0.0
5718,2499,497,4,15989.14,15.0
5719,2500,169,3,16308.93,20.0
5720,2501,216,1,14201.95,0.0
5721,2501,282,3,19801.39,5.0
5722,2502,305,1,2031.07,10.0
5723,2503,54,2,12660.77,10.0
5724,2503,877,5,10559.02,10.0
5725,2503,440,5,21618.7,5.0
5726,2503,242,4,15852.16,0.0
5727,2503,166,2,2581.81,0.0
5728,2504,656,4,23607.08,0.0
5729,2505,163,3,10971.24,0.0
5730,2505,90,1,14228.88,10.0
5731,2505,541,5,12029.72,0.0
5732,2505,619,5,12004.29,10.0
5733,2505,288,5,6504.36,10.0
5734,2506,819,2,14434.49,10.0
5735,2506,617,1,17544.22,5.0
5736,2506,636,5,7292.03,0.0
5737,2506,277,3,13719.42,0.0
5738,2507,603,3,7330.01,0.0
5739,2508,465,1,2006.55,20.0
5740,2508,730,5,11885.24,5.0
5741,2509,579,3,16420.05,0.0
5742,2509,692,3,11530.12,20.0
5743,2509,221,2,21061.36,20.0
5744,2509,190,1,7595.13,20.0
5745,2510,198,2,12806.33,0.0
5746,2511,681,2,17950.56,0.0
5747,2511,510,3,19375.24,5.0
5748,2511,784,5,8066.19,0.0
5749,2512,86,5,17346.97,20.0
5750,2512,172,5,6290.87,10.0
5751,2512,375,4,192.08,10.0
5752,2512,508,1,4967.5,0.0
5753,2513,184,2,14178.66,0.0
5754,2513,483,3,7695.04,15.0
5755,2513,784,5,8066.19,0.0
5756,2514,835,3,13235.32,0.0
5757,2514,79,5,15602.76,0.0
5758,2515,437,3,10772.97,20.0
5759,2515,416,1,11392.81,0.0
5760,2516,22,2,11230.85,5.0
5761,2517,100,4,14472.84,0.0
5762,2518,20,5,377.42,0.0
5763,2518,221,4,21061.36,20.0
5764,2518,396,3,751.13,0.0
5765,2518,881,5,21532.91,20.0
5766,2518,421,4,4302.81,15.0
5767,2519,94,5,15069.27,0.0
5768,2519,763,3,19381.27,10.0
5769,2519,710,1,11261.29,20.0
5770,2520,825,1,14217.62,10.0
5771,2521,116,1,8610.05,0.0
5772,2522,773,2,8183.79,5.0
5773,2522,738,2,19896.87,0.0
5774,2522,89,4,18350.27,0.0
5775,2522,54,3,12660.77,0.0
5776,2523,179,2,3471.92,20.0
5777,2523,693,2,14898.91,10.0
5778,2523,359,2,14548.05,0.0
5779,2524,386,2,14759.78,20.0
5780,2525,863,3,10272.35,0.0
5781,2525,55,3,2583.6,15.0
5782,2525,212,3,23358.43,0.0
5783,2525,395,2,16130.97,5.0
5784,2526,764,4,3971.86,15.0
5785,2526,866,4,3834.44,5.0
5786,2526,129,1,10907.63,5.0
5787,2526,172,3,6290.87,15.0
5788,2527,171,2,18491.26,0.0
5789,2528,438,2,12263.95,0.0
5790,2528,267,3,16561.1,10.0
5791,2529,633,4,15843.65,0.0
5792,2529,863,2,10272.35,0.0
5793,2530,228,1,5918.99,0.0
5794,2530,71,3,13770.82,5.0
5795,2530,112,3,12897.57,0.0
5796,2530,439,5,9511.48,10.0
5797,2531,326,1,16274.68,0.0
5798,2531,287,3,4169.74,0.0
5799,2531,832,3,9339.3,0.0
5800,2531,188,4,11495.49,10.0
5801,2531,262,1,4228.73,15.0
5802,2532,247,3,1089.6,0.0
5803,2532,347,5,9249.35,15.0
5804,2532,540,2,2472.01,5.0
5805,2533,628,5,8593.46,10.0
5806,2533,460,4,20514.31,0.0
5807,2534,60,3,12772.87,0.0
5808,2534,749,4,20244.79,10.0
5809,2535,507,5,12654.25,0.0
5810,2536,822,2,4952.16,20.0
5811,2536,493,3,7964.23,0.0
5812,2537,880,4,18151.13,5.0
5813,2538,111,5,8344.65,0.0
5814,2538,867,2,3837.28,20.0
5815,2539,632,2,10665.66,5.0
5816,2539,608,3,622.02,0.0
5817,2540,816,5,13450.11,20.0
5818,2541,821,5,17002.37,20.0
5819,2542,43,2,18751.29,5.0
5820,2542,577,1,20570.33,0.0
5821,2542,736,1,6120.5,0.0
5822,2543,162,3,13421.66,0.0
5823,2543,728,1,1177.36,0.0
5824,2543,578,4,17099.03,5.0
5825,2543,852,3,3347.58,10.0
5826,2543,673,1,690.26,5.0
5827,2544,792,5,2850.88,0.0
5828,2544,741,1,16605.12,0.0
5829,2544,537,1,17211.68,5.0
5830,2545,724,4,11703.57,0.0
5831,2546,606,4,10207.96,20.0
5832,2546,59,2,5569.5,5.0
5833,2546,566,2,1155.19,15.0
5834,2546,477,1,17806.82,5.0
5835,2547,503,4,955.23,0.0
5836,2547,317,1,14112.86,0.0
5837,2548,482,1,2192.85,10.0
5838,2548,300,4,6061.57,0.0
5839,2548,53,1,7934.72,10.0
5840,2549,391,1,12976.53,10.0
5841,2549,762,1,15418.59,5.0
5842,2549,888,1,2244.3,0.0
5843,2550,7,1,19612.77,20.0
5844,2550,512,1,14169.19,0.0
5845,2551,174,5,11611.6,20.0
5846,2551,720,2,21429.07,20.0
5847,2551,406,5,5693.41,0.0
5848,2552,560,5,6942.79,0.0
5849,2552,70,3,24783.28,15.0
5850,2552,752,5,16802.42,0.0
5851,2552,388,1,15425.62,20.0
5852,2553,864,1,2259.89,0.0
5853,2553,67,5,18601.02,0.0
5854,2553,41,1,22568.02,0.0
5855,2553,859,4,1089.58,0.0
5856,2554,391,3,12976.53,20.0
5857,2555,457,2,19959.82,0.0
5858,2556,875,3,9752.68,20.0
5859,2557,724,1,11703.57,20.0
5860,2557,283,5,11626.55,15.0
5861,2557,757,2,7147.34,0.0
5862,2557,161,3,15289.65,15.0
5863,2557,734,5,13296.98,0.0
5864,2558,3,2,16184.82,5.0
5865,2558,175,2,8473.93,0.0
5866,2558,302,3,16440.69,0.0
5867,2558,146,2,15804.83,0.0
5868,2558,258,4,17700.95,15.0
5869,2559,199,1,10359.07,5.0
5870,2559,158,1,20098.55,15.0
5871,2559,3,2,16184.82,10.0
5872,2559,159,2,19350.16,0.0
5873,2560,805,3,15525.28,10.0
5874,2560,837,2,264.26,0.0
5875,2560,474,5,10258.52,15.0
5876,2560,287,4,4169.74,10.0
5877,2561,307,1,21906.91,15.0
5878,2561,627,5,14763.79,5.0
5879,2561,443,4,1560.39,5.0
5880,2561,236,4,4832.52,20.0
5881,2562,812,5,2387.49,20.0
5882,2562,727,4,19119.71,15.0
5883,2563,732,4,8129.26,0.0
5884,2564,851,3,6264.06,15.0
5885,2564,329,3,10046.75,5.0
5886,2564,654,3,16228.87,5.0
5887,2564,515,4,19735.52,15.0
5888,2565,203,3,12755.01,0.0
5889,2566,534,2,10869.74,0.0
5890,2566,870,2,4993.59,20.0
5891,2566,476,4,19019.08,20.0
5892,2566,789,4,12946.63,5.0
5893,2567,512,3,14169.19,20.0
5894,2568,644,3,12974.58,15.0
5895,2569,871,2,8110.39,5.0
5896,2569,308,4,6864.25,0.0
5897,2570,567,2,14958.32,0.0
5898,2570,177,2,9631.34,0.0
5899,2571,428,5,21239.63,20.0
5900,2572,784,4,8066.19,15.0
5901,2572,426,3,9117.48,0.0
5902,2572,836,5,17573.65,15.0
5903,2572,374,2,276.26,15.0
5904,2572,789,1,12946.63,20.0
5905,2573,207,2,21338.76,20.0
5906,2574,375,4,192.08,5.0
5907,2574,689,1,13071.47,0.0
5908,2575,542,4,3615.52,20.0
5909,2575,111,2,8344.65,0.0
5910,2575,652,1,6638.78,0.0
5911,2576,559,4,10518.45,15.0
5912,2577,207,5,21338.76,5.0
5913,2578,621,2,6617.04,0.0
5914,2578,772,3,18195.11,0.0
5915,2578,805,1,15525.28,15.0
5916,2579,593,3,17278.87,0.0
5917,2580,769,1,19111.37,15.0
5918,2581,423,2,1984.71,10.0
5919,2581,644,1,12974.58,20.0
5920,2582,830,2,3011.17,15.0
5921,2582,456,1,6661.55,0.0
5922,2582,428,3,21239.63,0.0
5923,2582,755,1,144.02,15.0
5924,2583,882,1,8433.14,0.0
5925,2583,488,2,13455.56,5.0
5926,2583,81,3,1166.71,0.0
5927,2583,283,5,11626.55,0.0
5928,2584,115,2,14046.49,10.0
5929,2584,289,2,10379.0,20.0
5930,2585,726,2,5419.14,15.0
5931,2585,742,5,12611.2,15.0
5932,2586,546,3,16500.34,15.0
5933,2587,345,5,7900.55,10.0
5934,2587,137,4,10885.94,20.0
5935,2588,578,5,17099.03,10.0
5936,2588,570,2,15355.66,0.0
5937,2589,746,3,6075.54,0.0
5938,2590,410,1,15870.26,20.0
5939,2590,122,4,17327.18,5.0
5940,2591,857,1,9589.19,15.0
5941,2591,665,3,4754.37,5.0
5942,2592,442,2,11650.88,0.0
5943,2592,609,5,8508.77,0.0
5944,2592,181,2,11885.47,15.0
5945,2592,870,1,4993.59,0.0
5946,2592,804,2,21201.2,15.0
5947,2593,188,4,11495.49,15.0
5948,2593,888,2,2244.3,5.0
5949,2593,655,4,8938.91,15.0
5950,2593,379,2,1624.86,0.0
5951,2594,861,1,8502.27,0.0
5952,2594,502,2,8596.35,0.0
5953,2595,244,2,7472.45,0.0
5954,2596,181,3,11885.47,0.0
5955,2596,128,3,13624.37,5.0
5956,2597,488,2,13455.56,0.0
5957,2597,72,5,9041.77,0.0
5958,2597,469,3,5321.69,15.0
5959,2597,71,5,13770.82,15.0
5960,2598,552,2,4733.75,0.0
5961,2598,790,4,1388.1,0.0
5962,2598,795,4,21693.2,0.0
5963,2599,877,1,10559.02,20.0
5964,2599,128,2,13624.37,0.0
5965,2599,441,5,11305.42,10.0
5966,2600,488,2,13455.56,15.0
5967,2600,572,4,19015.09,5.0
5968,2600,301,3,21720.03,0.0
5969,2601,710,5,11261.29,5.0
5970,2602,631,1,24606.76,15.0
5971,2602,608,2,622.02,15.0
5972,2603,882,3,8433.14,0.0
5973,2604,785,1,16279.21,0.0
5974,2605,767,2,12752.82,0.0
5975,2606,733,4,10948.51,0.0
5976,2606,252,2,14825.98,0.0
5977,2606,769,3,19111.37,15.0
5978,2607,92,3,18578.14,5.0
5979,2607,438,1,12263.95,0.0
5980,2608,819,4,14434.49,0.0
5981,2608,636,3,7292.03,10.0
5982,2608,528,3,939.25,15.0
5983,2609,662,3,6806.59,20.0
5984,2610,125,3,2129.68,20.0
5985,2610,664,1,9991.3,10.0
5986,2610,301,2,21720.03,0.0
5987,2610,431,4,24437.6,0.0
5988,2611,249,1,19528.8,0.0
5989,2611,723,4,4606.01,15.0
5990,2611,444,3,17486.46,5.0
5991,2611,202,5,18119.01,20.0
5992,2612,888,4,2244.3,15.0
5993,2612,345,4,7900.55,5.0
5994,2612,24,4,18317.93,0.0
5995,2613,370,2,2983.33,5.0
5996,2614,355,2,3894.18,0.0
5997,2614,881,4,21532.91,20.0
5998,2615,66,3,13143.99,0.0
5999,2615,185,3,6278.2,0.0
6000,2615,689,5,13071.47,5.0
6001,2616,791,1,11554.95,0.0
6002,2616,398,1,13400.93,0.0
6003,2617,397,2,8299.19,10.0
6004,2617,648,5,5724.05,0.0
6005,2618,489,5,7785.34,0.0
6006,2618,84,5,16076.18,10.0
6007,2619,897,2,966.91,0.0
6008,2619,619,4,12004.29,0.0
6009,2620,432,1,23302.07,0.0
6010,2620,763,5,19381.27,0.0
6011,2621,768,2,16413.87,0.0
6012,2621,129,5,10907.63,20.0
6013,2621,130,1,12847.98,0.0
6014,2621,422,2,189.31,15.0
6015,2622,854,3,16327.56,20.0
6016,2622,414,1,166.83,5.0
6017,2622,894,4,7760.97,0.0
6018,2622,447,1,10631.16,0.0
6019,2623,246,3,3854.15,0.0
6020,2624,820,3,20062.61,10.0
6021,2624,187,2,17579.96,5.0
6022,2624,803,4,7424.51,15.0
6023,2624,821,3,17002.37,0.0
6024,2624,353,1,7643.82,20.0
6025,2625,642,4,12368.27,0.0
6026,2625,793,5,4803.54,0.0
6027,2625,346,4,8215.18,0.0
6028,2625,113,4,21843.22,0.0
6029,2626,548,2,17776.31,0.0
6030,2626,96,1,14288.15,0.0
6031,2627,731,3,960.03,10.0
6032,2627,485,4,12732.78,20.0
6033,2628,763,3,19381.27,5.0
6034,2629,528,4,939.25,0.0
6035,2630,338,5,17040.27,5.0
6036,2630,334,4,14837.25,0.0
6037,2630,523,1,13665.96,20.0
6038,2631,318,4,7031.86,0.0
6039,2632,440,2,21618.7,10.0
6040,2632,707,4,1274.87,20.0
6041,2633,89,2,18350.27,0.0
6042,2634,796,3,15083.08,20.0
6043,2634,656,1,23607.08,0.0
6044,2634,255,4,17032.48,0.0
6045,2635,636,4,7292.03,0.0
6046,2635,457,4,19959.82,20.0
6047,2635,432,2,23302.07,15.0
6048,2636,242,5,15852.16,0.0
6049,2637,319,1,9389.36,0.0
6050,2637,868,5,18520.33,0.0
6051,2638,115,1,14046.49,0.0
6052,2638,533,2,20970.41,15.0
6053,2638,191,3,12145.42,0.0
6054,2639,701,4,621.06,0.0
6055,2639,117,2,4942.41,20.0
6056,2640,407,4,7770.71,0.0
6057,2641,274,5,8564.4,5.0
6058,2641,487,5,1420.39,10.0
6059,2641,521,5,20156.83,0.0
6060,2641,810,3,15563.4,20.0
6061,2641,511,5,16710.62,15.0
6062,2642,489,3,7785.34,20.0
6063,2642,88,5,25475.34,0.0
6064,2642,102,4,7542.37,10.0
6065,2643,385,2,12324.69,20.0
6066,2643,604,2,11660.05,15.0
6067,2644,665,2,4754.37,0.0
6068,2644,877,4,10559.02,15.0
6069,2645,677,5,13881.44,10.0
6070,2645,621,3,6617.04,0.0
6071,2646,657,2,11502.62,0.0
6072,2647,173,1,7108.82,15.0
6073,2648,346,2,8215.18,20.0
6074,2649,730,5,11885.24,5.0
6075,2650,648,2,5724.05,20.0
6076,2650,697,5,2018.95,5.0
6077,2650,581,1,11564.32,0.0
6078,2651,72,5,9041.77,5.0
6079,2651,147,4,2349.15,5.0
6080,2652,329,4,10046.75,20.0
6081,2653,759,2,15948.11,15.0
6082,2654,855,5,2959.91,20.0
6083,2654,657,5,11502.62,15.0
6084,2655,52,3,12629.7,10.0
6085,2655,33,1,2593.22,0.0
6086,2655,533,1,20970.41,20.0
6087,2655,785,1,16279.21,20.0
6088,2656,734,3,13296.98,0.0
6089,2657,307,2,21906.91,0.0
6090,2658,893,1,17792.63,20.0
6091,2658,847,4,13026.82,20.0
6092,2658,403,4,7812.31,10.0
6093,2658,167,3,14506.97,15.0
6094,2659,140,4,10101.86,0.0
6095,2660,492,4,9662.3,15.0
6096,2660,786,5,14084.23,5.0
6097,2660,346,2,8215.18,0.0
6098,2660,21,2,20625.3,0.0
6099,2661,83,4,7572.59,15.0
6100,2661,638,3,17008.83,0.0
6101,2662,496,1,19499.77,5.0
6102,2663,447,2,10631.16,5.0
6103,2663,167,5,14506.97,0.0
6104,2663,856,4,836.93,5.0
6105,2664,585,5,10944.6,20.0
6106,2664,200,1,4522.92,5.0
6107,2665,502,2,8596.35,0.0
6108,2665,653,4,10229.17,10.0
6109,2665,12,4,10935.76,20.0
6110,2665,2,2,21248.93,15.0
6111,2666,298,2,15463.87,10.0
6112,2666,201,5,11298.96,5.0
6113,2666,1,5,23380.27,15.0
6114,2666,717,1,3248.01,5.0
6115,2666,11,3,19969.24,5.0
6116,2667,90,5,14228.88,5.0
6117,2667,675,5,12507.1,15.0
6118,2667,782,3,19248.75,10.0
6119,2668,716,2,4599.1,15.0
6120,2668,183,5,23501.6,0.0
6121,2668,8,2,19040.64,5.0
6122,2669,212,3,23358.43,0.0
6123,2669,482,4,2192.85,10.0
6124,2670,396,1,751.13,10.0
6125,2670,333,2,6422.47,0.0
6126,2670,220,4,12963.27,0.0
6127,2671,355,4,3894.18,0.0
6128,2672,771,3,2696.54,15.0
6129,2672,245,1,13338.0,10.0
6130,2673,101,5,20043.36,0.0
6131,2673,294,4,10981.7,5.0
6132,2674,569,2,17022.92,20.0
6133,2675,148,3,17262.89,0.0
6134,2676,280,4,14095.63,15.0
6135,2676,116,5,8610.05,0.0
6136,2676,645,5,15208.69,10.0
6137,2677,775,2,23675.41,20.0
6138,2677,801,5,3589.73,20.0
6139,2677,808,2,376.7,0.0
6140,2678,568,5,1091.56,15.0
6141,2678,525,4,14333.71,10.0
6142,2678,216,5,14201.95,20.0
6143,2679,892,4,7790.38,10.0
6144,2680,341,1,22578.93,5.0
6145,2681,492,4,9662.3,0.0
6146,2681,557,3,4875.77,0.0
6147,2682,612,4,5006.24,0.0
6148,2683,858,5,23207.14,15.0
6149,2683,799,3,8448.77,0.0
6150,2684,445,1,1123.05,0.0
6151,2684,190,4,7595.13,5.0
6152,2684,548,4,17776.31,5.0
6153,2685,454,2,12204.15,15.0
6154,2685,687,5,14696.63,5.0
6155,2686,449,5,1431.85,20.0
6156,2686,272,5,8968.84,10.0
6157,2686,441,2,11305.42,0.0
6158,2687,435,2,13058.88,0.0
6159,2688,287,5,4169.74,15.0
6160,2689,281,5,2023.57,0.0
6161,2689,799,5,8448.77,10.0
6162,2690,309,1,10625.07,5.0
6163,2691,869,5,4059.75,10.0
6164,2691,209,3,7178.41,5.0
6165,2692,36,4,8033.06,0.0
6166,2692,12,5,10935.76,15.0
6167,2693,364,1,18476.31,0.0
6168,2693,538,5,17194.4,10.0
6169,2693,794,5,20250.02,10.0
6170,2694,715,3,11935.81,15.0
6171,2695,274,5,8564.4,0.0
6172,2696,500,2,6694.37,20.0
6173,2696,384,3,5638.85,20.0
6174,2696,280,3,14095.63,0.0
6175,2697,733,4,10948.51,5.0
6176,2697,63,5,13615.65,10.0
6177,2698,440,3,21618.7,20.0
6178,2699,248,4,19406.63,0.0
6179,2699,243,2,176.76,5.0
6180,2699,35,3,21434.65,15.0
6181,2699,11,1,19969.24,20.0
6182,2699,152,4,11106.45,20.0
6183,2700,250,1,5445.45,0.0
6184,2700,877,1,10559.02,0.0
6185,2700,551,3,23156.44,0.0
6186,2701,446,5,18287.32,20.0
6187,2702,26,4,12446.22,10.0
6188,2703,355,2,3894.18,20.0
6189,2703,583,5,20840.66,15.0
6190,2704,447,3,10631.16,0.0
6191,2705,630,2,16772.79,10.0
6192,2705,317,5,14112.86,10.0
6193,2705,287,3,4169.74,15.0
6194,2705,786,1,14084.23,5.0
6195,2705,86,4,17346.97,10.0
6196,2706,445,5,1123.05,0.0
6197,2707,690,5,12791.5,0.0
6198,2707,783,1,803.8,0.0
6199,2707,446,4,18287.32,20.0
6200,2708,828,4,25138.47,0.0
6201,2708,144,1,19819.04,15.0
6202,2708,532,5,14811.49,15.0
6203,2709,592,2,4181.43,20.0
6204,2709,814,5,3387.53,0.0
6205,2709,616,1,18315.38,0.0
6206,2710,595,4,16876.57,0.0
6207,2710,579,5,16420.05,10.0
6208,2711,58,2,2190.76,0.0
6209,2711,370,5,2983.33,0.0
6210,2712,762,4,15418.59,0.0
6211,2712,110,3,20953.8,15.0
6212,2712,585,5,10944.6,0.0
6213,2712,99,5,20609.05,10.0
6214,2712,154,4,1144.63,0.0
6215,2713,609,4,8508.77,0.0
6216,2713,895,3,7754.62,5.0
6217,2713,248,1,19406.63,10.0
6218,2713,557,2,4875.77,5.0
6219,2713,850,1,22317.22,15.0
6220,2714,38,4,4730.75,5.0
6221,2714,345,2,7900.55,0.0
6222,2715,599,4,442.03,20.0
6223,2715,665,1,4754.37,0.0
6224,2715,317,1,14112.86,20.0
6225,2715,279,1,3292.56,0.0
6226,2715,642,2,12368.27,0.0
6227,2716,857,3,9589.19,0.0
6228,2716,57,3,8529.28,10.0
6229,2717,469,3,5321.69,5.0
6230,2717,439,5,9511.48,10.0
6231,2718,617,4,17544.22,0.0
6232,2718,316,2,7282.96,5.0
6233,2719,85,5,4996.1,15.0
6234,2719,711,4,16182.19,20.0
6235,2719,810,1,15563.4,10.0
6236,2719,786,1,14084.23,0.0
6237,2720,783,3,803.8,0.0
6238,2721,648,5,5724.05,0.0
6239,2722,461,2,14975.0,15.0
6240,2723,8,2,19040.64,0.0
6241,2723,627,3,14763.79,0.0
6242,2723,551,2,23156.44,0.0
6243,2724,223,2,13128.85,15.0
6244,2725,374,4,276.26,0.0
6245,2726,766,3,10014.02,10.0
6246,2726,675,1,12507.1,0.0
6247,2727,717,5,3248.01,0.0
6248,2727,772,3,18195.11,5.0
6249,2727,221,3,21061.36,20.0
6250,2728,557,3,4875.77,5.0
6251,2729,730,3,11885.24,10.0
6252,2729,820,1,20062.61,20.0
6253,2730,864,1,2259.89,0.0
6254,2730,650,3,6904.93,5.0
6255,2730,806,4,11627.22,0.0
6256,2731,96,1,14288.15,0.0
6257,2732,406,5,5693.41,0.0
6258,2732,401,3,3916.76,20.0
6259,2732,439,3,9511.48,15.0
6260,2732,550,3,9953.79,0.0
6261,2733,822,4,4952.16,5.0
6262,2733,509,3,8432.77,10.0
6263,2734,235,3,4664.57,0.0
6264,2735,855,2,2959.91,0.0
6265,2735,439,4,9511.48,5.0
6266,2736,540,4,2472.01,0.0
6267,2736,664,3,9991.3,5.0
6268,2737,344,5,5524.58,0.0
6269,2738,85,1,4996.1,15.0
6270,2738,646,2,5805.21,0.0
6271,2738,205,4,16137.25,0.0
6272,2739,297,2,17238.41,0.0
6273,2739,487,3,1420.39,5.0
6274,2740,180,2,1628.95,20.0
6275,2741,78,4,18768.02,10.0
6276,2741,625,2,7044.62,0.0
6277,2741,716,3,4599.1,10.0
6278,2742,221,3,21061.36,15.0
6279,2743,458,1,706.12,20.0
6280,2743,281,4,2023.57,0.0
6281,2744,499,3,21718.63,5.0
6282,2745,395,3,16130.97,0.0
6283,2745,128,2,13624.37,0.0
6284,2745,519,1,18767.62,0.0
6285,2745,249,5,19528.8,0.0
6286,2746,679,3,5924.78,0.0
6287,2746,130,3,12847.98,0.0
6288,2747,69,4,7716.81,20.0
6289,2748,390,1,3964.49,0.0
6290,2748,258,3,17700.95,0.0
6291,2748,622,2,8757.16,0.0
6292,2749,369,4,6953.46,10.0
6293,2750,306,4,9467.51,0.0
6294,2750,79,2,15602.76,5.0
6295,2750,360,4,11713.02,10.0
6296,2751,519,1,18767.62,10.0
6297,2751,71,1,13770.82,5.0
6298,2752,307,3,21906.91,10.0
6299,2752,354,3,17320.16,0.0
6300,2752,105,3,9554.98,10.0
6301,2753,556,2,13361.23,5.0
6302,2753,499,5,21718.63,0.0
6303,2753,879,4,13227.2,0.0
6304,2754,51,5,11484.39,10.0
6305,2754,548,1,17776.31,5.0
6306,2754,264,5,19387.68,0.0
6307,2754,248,5,19406.63,0.0
6308,2755,843,4,11008.41,0.0
6309,2755,609,3,8508.77,15.0
6310,2755,619,4,12004.29,0.0
6311,2755,33,3,2593.22,0.0
6312,2756,268,1,3037.03,15.0
6313,2756,367,5,14113.51,10.0
6314,2756,731,1,960.03,10.0
6315,2757,182,4,16329.46,15.0
6316,2758,188,2,11495.49,20.0
6317,2758,171,4,18491.26,10.0
6318,2758,212,3,23358.43,0.0
6319,2758,801,3,3589.73,20.0
6320,2758,509,2,8432.77,0.0
6321,2759,267,2,16561.1,0.0
6322,2759,476,2,19019.08,0.0
6323,2760,211,1,5660.73,20.0
6324,2761,195,3,1306.46,20.0
6325,2761,788,3,5720.07,0.0
6326,2762,149,1,10169.3,15.0
6327,2762,431,4,24437.6,20.0
6328,2763,161,1,15289.65,15.0
6329,2763,479,3,8268.21,0.0
6330,2763,262,3,4228.73,15.0
6331,2764,71,5,13770.82,10.0
6332,2765,735,2,9036.58,15.0
6333,2765,51,3,11484.39,0.0
6334,2766,553,5,11099.68,15.0
6335,2766,771,2,2696.54,0.0
6336,2767,631,5,24606.76,15.0
6337,2767,193,5,20867.37,0.0
6338,2768,334,1,14837.25,15.0
6339,2769,456,4,6661.55,0.0
6340,2770,830,3,3011.17,5.0
6341,2770,526,2,14453.05,10.0
6342,2770,690,2,12791.5,5.0
6343,2770,633,4,15843.65,5.0
6344,2771,4,1,3406.7,0.0
6345,2772,717,3,3248.01,20.0
6346,2772,529,2,8097.4,15.0
6347,2772,505,3,10404.05,0.0
6348,2773,344,3,5524.58,20.0
6349,2773,296,4,15359.82,0.0
6350,2773,693,5,14898.91,10.0
6351,2774,206,3,5960.03,0.0
6352,2774,576,3,3125.72,20.0
6353,2774,710,3,11261.29,0.0
6354,2774,131,1,18666.46,10.0
6355,2775,66,3,13143.99,0.0
6356,2776,22,5,11230.85,15.0
6357,2776,806,5,11627.22,20.0
6358,2776,443,2,1560.39,15.0
6359,2776,546,3,16500.34,5.0
6360,2776,742,1,12611.2,0.0
6361,2777,681,1,17950.56,20.0
6362,2777,79,2,15602.76,20.0
6363,2778,597,3,1518.2,0.0
6364,2779,140,2,10101.86,10.0
6365,2779,196,3,10265.86,0.0
6366,2780,643,2,1936.54,0.0
6367,2780,137,3,10885.94,0.0
6368,2780,423,3,1984.71,0.0
6369,2781,128,5,13624.37,5.0
6370,2782,785,1,16279.21,15.0
6371,2782,850,3,22317.22,20.0
6372,2782,81,5,1166.71,0.0
6373,2783,180,4,1628.95,0.0
6374,2784,197,4,20568.54,20.0
6375,2785,874,5,12083.32,5.0
6376,2785,350,2,2904.08,0.0
6377,2785,456,2,6661.55,15.0
6378,2785,85,5,4996.1,0.0
6379,2786,573,2,2928.56,15.0
6380,2786,748,4,15319.21,0.0
6381,2786,481,2,11306.0,0.0
6382,2786,448,3,4391.49,5.0
6383,2786,655,3,8938.91,0.0
6384,2787,631,4,24606.76,10.0
6385,2787,547,5,5521.08,0.0
6386,2788,508,4,4967.5,10.0
6387,2788,583,5,20840.66,10.0
6388,2789,127,4,14981.11,0.0
6389,2789,643,4,1936.54,0.0
6390,2789,582,2,19075.76,0.0
6391,2789,298,1,15463.87,10.0
6392,2789,576,1,3125.72,0.0
6393,2790,335,4,10357.5,0.0
6394,2790,533,4,20970.41,0.0
6395,2791,794,5,20250.02,10.0
6396,2792,546,3,16500.34,0.0
6397,2792,378,1,1654.61,0.0
6398,2792,833,4,16884.14,0.0
6399,2792,553,1,11099.68,0.0
6400,2793,87,3,19036.03,20.0
6401,2793,313,4,7494.19,0.0
6402,2793,718,5,17963.95,5.0
6403,2793,631,3,24606.76,15.0
6404,2794,450,4,5004.29,0.0
6405,2795,473,4,2408.3,0.0
6406,2795,339,5,13518.37,15.0
6407,2795,588,5,4546.5,10.0
6408,2796,340,5,3550.22,0.0
6409,2796,889,2,15442.59,0.0
6410,2797,342,2,15719.78,15.0
6411,2798,143,1,7946.56,20.0
6412,2799,49,5,12463.05,10.0
6413,2799,669,1,17245.4,0.0
6414,2799,589,1,326.42,20.0
6415,2800,62,3,13136.19,0.0
6416,2800,572,1,19015.09,15.0
6417,2801,616,2,18315.38,20.0
6418,2801,705,4,4673.98,0.0
6419,2801,412,1,17012.64,0.0
6420,2802,274,2,8564.4,15.0
6421,2803,742,1,12611.2,20.0
6422,2803,408,3,11218.26,0.0
6423,2804,284,2,15548.25,10.0
6424,2804,142,4,21163.93,10.0
6425,2804,377,3,23965.45,20.0
6426,2805,20,5,377.42,0.0
6427,2805,583,2,20840.66,0.0
6428,2805,101,3,20043.36,20.0
6429,2805,562,4,6895.25,5.0
6430,2806,41,4,22568.02,0.0
6431,2806,620,2,12173.09,0.0
6432,2806,824,5,297.67,20.0
6433,2807,253,1,17161.82,20.0
6434,2807,367,3,14113.51,10.0
6435,2808,451,1,15015.83,0.0
6436,2809,486,5,18912.84,5.0
6437,2809,2,1,21248.93,0.0
6438,2810,185,3,6278.2,0.0
6439,2810,788,4,5720.07,0.0
6440,2811,233,1,12825.71,0.0
6441,2812,426,3,9117.48,0.0
6442,2812,279,2,3292.56,0.0
6443,2812,456,1,6661.55,0.0
6444,2812,782,3,19248.75,0.0
6445,2813,769,2,19111.37,5.0
6446,2813,809,4,24052.5,0.0
6447,2813,709,1,7686.85,0.0
6448,2813,309,3,10625.07,0.0
6449,2813,162,1,13421.66,10.0
6450,2814,319,1,9389.36,0.0
6451,2814,709,4,7686.85,15.0
6452,2814,583,3,20840.66,0.0
6453,2814,121,4,10353.6,5.0
6454,2814,253,4,17161.82,0.0
6455,2815,765,3,810.63,0.0
6456,2816,333,2,6422.47,20.0
6457,2817,458,5,706.12,0.0
6458,2817,781,3,15990.77,10.0
6459,2817,628,4,8593.46,0.0
6460,2818,227,5,2720.12,5.0
6461,2818,355,1,3894.18,15.0
6462,2818,181,4,11885.47,0.0
6463,2818,123,1,15484.22,5.0
6464,2818,686,3,354.18,0.0
6465,2819,268,4,3037.03,10.0
6466,2820,202,2,18119.01,5.0
6467,2821,105,1,9554.98,15.0
6468,2822,424,3,17174.37,0.0
6469,2823,416,3,11392.81,0.0
6470,2823,268,4,3037.03,5.0
6471,2823,701,4,621.06,10.0
6472,2823,321,4,9347.28,10.0
6473,2824,877,4,10559.02,10.0
6474,2824,191,5,12145.42,5.0
6475,2825,226,2,13594.3,5.0
6476,2826,850,2,22317.22,15.0
6477,2826,464,4,7633.05,15.0
6478,2826,2,4,21248.93,0.0
6479,2827,639,5,2960.19,0.0
6480,2827,97,1,12470.7,0.0
6481,2828,816,3,13450.11,10.0
6482,2828,214,3,17220.63,15.0
6483,2828,558,2,13963.41,5.0
6484,2829,514,4,25746.27,10.0
6485,2830,12,5,10935.76,5.0
6486,2831,195,2,1306.46,15.0
6487,2832,517,4,17350.23,10.0
6488,2832,344,1,5524.58,0.0
6489,2832,816,1,13450.11,20.0
6490,2832,45,2,19804.2,0.0
6491,2833,141,4,1692.85,0.0
6492,2834,835,5,13235.32,20.0
6493,2834,372,3,9597.28,15.0
6494,2835,158,4,20098.55,0.0
6495,2835,37,2,14064.14,0.0
6496,2836,228,5,5918.99,10.0
6497,2836,230,5,3957.6,15.0
6498,2837,635,4,15794.51,20.0
6499,2837,597,4,1518.2,20.0
6500,2838,480,4,11927.56,10.0
6501,2838,400,2,19421.92,0.0
6502,2839,789,4,12946.63,20.0
6503,2840,262,3,4228.73,20.0
6504,2841,413,2,347.03,20.0
6505,2842,865,3,1829.62,20.0
6506,2842,571,5,10334.44,10.0
6507,2842,652,1,6638.78,10.0
6508,2843,527,1,4372.63,20.0
6509,2843,82,1,14774.58,10.0
6510,2843,65,3,16507.63,0.0
6511,2843,214,2,17220.63,10.0
6512,2844,119,4,21039.52,10.0
6513,2844,773,4,8183.79,0.0
6514,2844,78,2,18768.02,0.0
6515,2845,55,2,2583.6,5.0
6516,2845,889,1,15442.59,20.0
6517,2845,290,5,12993.94,0.0
6518,2845,245,5,13338.0,10.0
6519,2845,868,1,18520.33,0.0
6520,2846,816,4,13450.11,10.0
6521,2846,803,2,7424.51,15.0
6522,2846,420,4,9360.46,20.0
6523,2846,89,2,18350.27,0.0
6524,2847,885,1,7089.39,15.0
6525,2848,502,1,8596.35,15.0
6526,2849,163,4,10971.24,20.0
6527,2849,180,3,1628.95,10.0
6528,2850,540,1,2472.01,20.0
6529,2850,359,4,14548.05,0.0
6530,2851,795,3,21693.2,15.0
6531,2852,843,2,11008.41,15.0
6532,2852,195,5,1306.46,0.0
6533,2853,665,3,4754.37,15.0
6534,2853,104,1,1617.45,20.0
6535,2853,347,1,9249.35,10.0
6536,2853,534,3,10869.74,10.0
6537,2854,47,2,7909.38,0.0
6538,2855,407,5,7770.71,10.0
6539,2855,522,1,14877.94,0.0
6540,2855,167,3,14506.97,0.0
6541,2856,234,1,10860.79,5.0
6542,2857,407,5,7770.71,0.0
6543,2857,575,4,13808.3,10.0
6544,2858,790,4,1388.1,0.0
6545,2858,703,5,14544.45,0.0
6546,2859,686,4,354.18,15.0
6547,2860,734,2,13296.98,0.0
6548,2860,262,5,4228.73,0.0
6549,2860,486,2,18912.84,10.0
6550,2861,306,5,9467.51,0.0
6551,2862,281,3,2023.57,0.0
6552,2863,816,3,13450.11,10.0
6553,2864,94,5,15069.27,5.0
6554,2865,369,1,6953.46,0.0
6555,2866,45,2,19804.2,0.0
6556,2867,397,1,8299.19,5.0
6557,2867,720,4,21429.07,10.0
6558,2868,691,1,16753.29,10.0
6559,2868,139,5,7956.39,5.0
6560,2868,816,2,13450.11,10.0
6561,2869,399,5,20674.86,5.0
6562,2870,58,2,2190.76,20.0
6563,2870,335,3,10357.5,5.0
6564,2870,379,4,1624.86,0.0
6565,2870,451,1,15015.83,20.0
6566,2871,157,4,10768.54,0.0
6567,2871,27,3,10463.86,10.0
6568,2871,725,3,8996.66,0.0
6569,2871,597,4,1518.2,15.0
6570,2871,77,2,13954.67,20.0
6571,2872,400,5,19421.92,5.0
6572,2872,434,2,16140.57,20.0
6573,2872,844,4,8306.97,0.0
6574,2873,221,3,21061.36,10.0
6575,2873,863,3,10272.35,15.0
6576,2874,493,3,7964.23,15.0
6577,2874,41,4,22568.02,0.0
6578,2874,798,2,4100.19,20.0
6579,2875,285,3,16720.01,5.0
6580,2875,104,4,1617.45,5.0
6581,2875,697,4,2018.95,0.0
6582,2875,439,3,9511.48,5.0
6583,2876,507,1,12654.25,0.0
6584,2877,787,2,18758.34,20.0
6585,2877,581,3,11564.32,10.0
6586,2878,420,3,9360.46,0.0
6587,2878,187,3,17579.96,5.0
6588,2878,371,4,1636.75,0.0
6589,2878,739,3,22380.63,0.0
6590,2878,893,2,17792.63,0.0
6591,2879,529,4,8097.4,0.0
6592,2880,759,1,15948.11,20.0
6593,2880,196,3,10265.86,0.0
6594,2881,862,2,4517.96,0.0
6595,2881,508,1,4967.5,15.0
6596,2881,554,1,19734.11,0.0
6597,2881,383,2,11935.37,0.0
6598,2882,288,1,6504.36,0.0
6599,2882,8,4,19040.64,20.0
6600,2883,673,1,690.26,0.0
6601,2883,581,3,11564.32,0.0
6602,2883,678,3,2508.38,5.0
6603,2884,39,5,7958.95,0.0
6604,2884,689,5,13071.47,0.0
6605,2885,8,4,19040.64,0.0
6606,2885,278,4,8494.62,10.0
6607,2886,198,5,12806.33,5.0
6608,2886,787,3,18758.34,10.0
6609,2887,425,4,4926.04,15.0
6610,2887,82,2,14774.58,5.0
6611,2888,469,4,5321.69,15.0
6612,2888,326,5,16274.68,15.0
6613,2888,190,3,7595.13,15.0
6614,2888,613,2,5929.69,15.0
6615,2889,629,5,12346.5,10.0
6616,2889,474,1,10258.52,15.0
6617,2890,168,4,2987.62,20.0
6618,2891,484,3,19113.34,0.0
6619,2891,346,3,8215.18,5.0
6620,2892,818,5,10237.03,10.0
6621,2892,890,4,10049.64,5.0
6622,2893,232,5,12332.61,0.0
6623,2894,286,1,239.57,0.0
6624,2894,859,2,1089.58,0.0
6625,2895,551,2,23156.44,10.0
6626,2895,880,2,18151.13,10.0
6627,2895,318,1,7031.86,0.0
6628,2896,704,2,16292.88,20.0
6629,2896,746,3,6075.54,20.0
6630,2897,494,1,2526.78,10.0
6631,2897,233,5,12825.71,0.0
6632,2897,239,2,15822.1,0.0
6633,2898,823,2,16691.74,20.0
6634,2898,255,1,17032.48,15.0
6635,2899,616,4,18315.38,10.0
6636,2900,484,5,19113.34,0.0
6637,2901,649,5,14601.66,20.0
6638,2901,668,3,11556.92,5.0
6639,2902,121,1,10353.6,0.0
6640,2902,95,3,18635.44,5.0
6641,2903,71,5,13770.82,0.0
6642,2903,59,2,5569.5,10.0
6643,2904,24,1,18317.93,20.0
6644,2905,872,4,15107.17,15.0
6645,2906,445,2,1123.05,0.0
6646,2906,159,2,19350.16,0.0
6647,2907,218,3,25840.61,0.0
6648,2907,578,4,17099.03,0.0
6649,2907,718,1,17963.95,15.0
6650,2907,23,2,11954.03,15.0
6651,2908,5,2,8313.51,0.0
6652,2908,688,3,3002.55,10.0
6653,2909,494,4,2526.78,5.0
6654,2909,375,4,192.08,10.0
6655,2910,191,3,12145.42,0.0
6656,2911,576,5,3125.72,10.0
6657,2911,619,1,12004.29,5.0
6658,2912,353,3,7643.82,15.0
6659,2912,543,4,9638.42,10.0
6660,2913,596,2,3968.53,5.0
6661,2913,184,5,14178.66,0.0
6662,2913,284,3,15548.25,5.0
6663,2914,372,3,9597.28,0.0
6664,2914,94,2,15069.27,15.0
6665,2914,409,5,19362.42,5.0
6666,2915,493,4,7964.23,0.0
6667,2915,544,3,14987.27,15.0
6668,2916,308,4,6864.25,20.0
6669,2916,456,2,6661.55,10.0
6670,2917,550,4,9953.79,20.0
6671,2918,429,5,8645.08,10.0
6672,2918,57,5,8529.28,15.0
6673,2918,896,4,24756.56,5.0
6674,2918,420,3,9360.46,15.0
6675,2919,841,3,15195.61,5.0
6676,2920,415,4,7434.55,0.0
6677,2920,215,1,4666.45,10.0
6678,2920,269,4,11513.31,20.0
6679,2921,301,1,21720.03,15.0
6680,2922,658,4,25361.82,10.0
6681,2922,862,1,4517.96,10.0
6682,2923,807,3,15923.26,5.0
6683,2923,111,4,8344.65,20.0
6684,2924,359,5,14548.05,5.0
6685,2924,581,4,11564.32,0.0
6686,2924,243,1,176.76,20.0
6687,2925,80,2,7681.36,0.0
6688,2925,756,4,8569.79,0.0
6689,2926,813,3,5532.46,0.0
6690,2926,201,4,11298.96,10.0
6691,2927,475,1,6938.61,0.0
6692,2927,734,1,13296.98,10.0
6693,2927,128,1,13624.37,0.0
6694,2928,784,5,8066.19,0.0
6695,2929,498,3,21474.1,15.0
6696,2929,253,2,17161.82,0.0
6697,2930,679,1,5924.78,10.0
6698,2931,744,5,6614.57,10.0
6699,2931,269,2,11513.31,0.0
6700,2932,529,4,8097.4,0.0
6701,2932,833,2,16884.14,10.0
6702,2933,343,4,15859.82,0.0
6703,2934,266,4,20675.58,20.0
6704,2934,307,5,21906.91,10.0
6705,2935,409,1,19362.42,10.0
6706,2936,865,3,1829.62,5.0
6707,2936,436,3,6536.15,10.0
6708,2937,275,3,10808.89,20.0
6709,2938,287,2,4169.74,15.0
6710,2938,816,1,13450.11,10.0
6711,2939,848,5,15587.71,0.0
6712,2939,46,1,6966.04,0.0
6713,2939,604,2,11660.05,0.0
6714,2940,661,2,13705.81,5.0
6715,2940,702,5,1292.78,0.0
6716,2940,520,1,1057.04,0.0
6717,2940,363,3,16290.66,20.0
6718,2940,81,1,1166.71,15.0
6719,2941,785,5,16279.21,20.0
6720,2942,769,2,19111.37,0.0
6721,2942,48,2,5117.57,15.0
6722,2943,522,2,14877.94,5.0
6723,2943,765,4,810.63,0.0
6724,2943,294,5,10981.7,0.0
6725,2943,246,4,3854.15,0.0
6726,2944,214,2,17220.63,10.0
6727,2944,144,3,19819.04,20.0
6728,2944,224,3,2233.05,0.0
6729,2945,365,5,22789.3,0.0
6730,2946,350,5,2904.08,10.0
6731,2947,140,1,10101.86,0.0
6732,2948,754,2,12241.6,15.0
6733,2948,632,2,10665.66,0.0
6734,2949,787,4,18758.34,5.0
6735,2949,338,1,17040.27,5.0
6736,2949,479,4,8268.21,20.0
6737,2949,22,5,11230.85,15.0
6738,2950,308,3,6864.25,0.0
6739,2950,260,4,7198.0,0.0
6740,2950,730,5,11885.24,5.0
6741,2950,838,1,19410.6,0.0
6742,2951,854,1,16327.56,15.0
6743,2951,499,1,21718.63,0.0
6744,2951,216,3,14201.95,0.0
6745,2952,237,4,11209.85,10.0
6746,2952,586,3,15918.44,0.0
6747,2952,287,5,4169.74,0.0
6748,2953,355,5,3894.18,15.0
6749,2954,712,3,13003.78,0.0
6750,2954,823,2,16691.74,5.0
6751,2954,485,1,12732.78,10.0
6752,2955,241,5,11844.31,20.0
6753,2956,501,4,14745.03,5.0
6754,2956,256,3,6510.46,10.0
6755,2957,593,1,17278.87,15.0
6756,2957,728,1,1177.36,10.0
6757,2957,636,4,7292.03,15.0
6758,2958,424,2,17174.37,0.0
6759,2959,883,1,1769.58,15.0
6760,2959,124,1,13452.12,0.0
6761,2959,521,1,20156.83,10.0
6762,2959,483,2,7695.04,0.0
6763,2960,44,2,8591.33,10.0
6764,2960,555,3,1454.57,5.0
6765,2960,601,1,17591.52,10.0
6766,2961,458,1,706.12,20.0
6767,2962,270,4,16271.78,20.0
6768,2962,829,3,21989.77,10.0
6769,2963,46,4,6966.04,5.0
6770,2964,374,4,276.26,20.0
6771,2964,474,1,10258.52,0.0
6772,2964,735,4,9036.58,0.0
6773,2965,313,3,7494.19,0.0
6774,2966,63,3,13615.65,0.0
6775,2966,708,3,16924.57,0.0
6776,2966,712,4,13003.78,10.0
6777,2966,689,3,13071.47,20.0
6778,2967,426,4,9117.48,5.0
6779,2967,388,3,15425.62,5.0
6780,2968,9,1,17153.33,20.0
6781,2968,18,1,4419.93,20.0
6782,2969,523,3,13665.96,5.0
6783,2970,183,2,23501.6,0.0
6784,2970,196,3,10265.86,20.0
6785,2971,493,4,7964.23,20.0
6786,2972,738,1,19896.87,0.0
6787,2972,241,3,11844.31,0.0
6788,2972,276,4,6116.22,5.0
6789,2972,338,4,17040.27,0.0
6790,2972,46,4,6966.04,10.0
6791,2973,52,3,12629.7,10.0
6792,2973,37,1,14064.14,20.0
6793,2973,20,1,377.42,10.0
6794,2974,245,2,13338.0,15.0
6795,2974,639,2,2960.19,0.0
6796,2975,603,4,7330.01,0.0
6797,2976,539,1,249.52,10.0
6798,2976,49,4,12463.05,0.0
6799,2977,218,5,25840.61,0.0
6800,2977,113,2,21843.22,5.0
6801,2977,522,1,14877.94,15.0
6802,2977,781,5,15990.77,0.0
6803,2977,229,3,5530.88,0.0
6804,2978,647,2,8678.96,10.0
6805,2978,555,3,1454.57,15.0
6806,2978,90,3,14228.88,20.0
6807,2979,413,3,347.03,0.0
6808,2980,892,4,7790.38,15.0
6809,2981,355,5,3894.18,5.0
6810,2981,302,1,16440.69,0.0
6811,2982,900,2,17425.46,15.0
6812,2982,398,4,13400.93,5.0
6813,2983,518,4,2509.06,10.0
6814,2984,861,1,8502.27,20.0
6815,2984,103,5,8717.09,0.0
6816,2985,493,3,7964.23,10.0
6817,2986,600,4,13416.18,0.0
6818,2987,269,5,11513.31,20.0
6819,2988,593,5,17278.87,15.0
6820,2988,97,4,12470.7,0.0
6821,2989,257,3,13045.67,20.0
6822,2989,325,5,2187.51,5.0
6823,2990,829,5,21989.77,20.0
6824,2991,56,3,18137.71,10.0
6825,2991,12,1,10935.76,15.0
6826,2991,203,5,12755.01,20.0
6827,2992,632,1,10665.66,10.0
6828,2992,100,5,14472.84,0.0
6829,2992,737,2,16594.34,0.0
6830,2993,191,4,12145.42,20.0
6831,2993,452,4,22746.4,10.0
6832,2993,743,2,10182.67,0.0
6833,2993,168,1,2987.62,5.0
6834,2994,514,4,25746.27,0.0
6835,2994,81,4,1166.71,5.0
6836,2994,571,1,10334.44,0.0
6837,2994,92,1,18578.14,0.0
6838,2994,396,3,751.13,0.0
6839,2995,319,3,9389.36,5.0
6840,2996,515,5,19735.52,0.0
6841,2996,279,1,3292.56,20.0
6842,2997,854,2,16327.56,15.0
6843,2998,82,2,14774.58,20.0
6844,2998,96,5,14288.15,0.0
6845,2998,745,1,11543.63,0.0
6846,2998,841,5,15195.61,20.0
6847,2999,151,2,21510.83,15.0
6848,2999,273,4,19263.38,15.0
6849,2999,296,4,15359.82,0.0
6850,3000,102,5,7542.37,15.0
6851,3000,383,2,11935.37,0.0
6852,3001,46,5,6966.04,0.0
6853,3001,645,3,15208.69,10.0
6854,3002,624,5,15309.66,20.0
6855,3002,772,2,18195.11,0.0
6856,3002,16,5,19747.45,0.0
6857,3003,548,5,17776.31,5.0
6858,3003,651,5,6091.61,0.0
6859,3004,395,5,16130.97,20.0
6860,3004,748,5,15319.21,20.0
6861,3005,859,5,1089.58,20.0
6862,3006,811,5,13234.53,15.0
6863,3006,304,4,23466.92,0.0
6864,3007,476,4,19019.08,5.0
6865,3007,503,2,955.23,15.0
6866,3008,474,3,10258.52,0.0
6867,3009,255,2,17032.48,20.0
6868,3009,800,2,12138.75,10.0
6869,3009,487,2,1420.39,0.0
6870,3010,445,5,1123.05,5.0
6871,3010,511,3,16710.62,5.0
6872,3010,576,1,3125.72,5.0
6873,3011,4,2,3406.7,0.0
6874,3011,762,4,15418.59,0.0
6875,3011,774,2,10265.71,0.0
6876,3011,369,2,6953.46,0.0
6877,3012,172,5,6290.87,10.0
6878,3012,819,1,14434.49,0.0
6879,3013,355,4,3894.18,5.0
6880,3013,342,5,15719.78,20.0
6881,3013,796,2,15083.08,0.0
6882,3014,450,5,5004.29,15.0
6883,3014,613,1,5929.69,20.0
6884,3014,750,5,3277.38,20.0
6885,3015,86,3,17346.97,0.0
6886,3015,355,3,3894.18,0.0
6887,3015,759,5,15948.11,0.0
6888,3016,293,4,282.61,5.0
6889,3016,555,1,1454.57,0.0
6890,3017,647,5,8678.96,5.0
6891,3017,324,2,3772.01,0.0
6892,3018,428,2,21239.63,15.0
6893,3019,12,5,10935.76,10.0
6894,3020,731,2,960.03,0.0
6895,3021,65,5,16507.63,0.0
6896,3021,694,5,11604.18,5.0
6897,3022,625,5,7044.62,20.0
6898,3023,529,5,8097.4,15.0
6899,3023,888,1,2244.3,0.0
6900,3023,623,2,5372.41,0.0
6901,3024,320,4,9179.45,0.0
6902,3025,495,3,16857.86,0.0
6903,3026,188,2,11495.49,20.0
6904,3027,774,5,10265.71,0.0
6905,3027,309,3,10625.07,15.0
6906,3028,239,4,15822.1,15.0
6907,3028,525,3,14333.71,10.0
6908,3029,334,2,14837.25,20.0
6909,3030,237,3,11209.85,5.0
6910,3030,408,1,11218.26,20.0
6911,3031,799,4,8448.77,10.0
6912,3031,695,1,17246.64,20.0
6913,3031,492,2,9662.3,0.0
6914,3032,444,3,17486.46,20.0
6915,3033,26,5,12446.22,0.0
6916,3034,41,2,22568.02,10.0
6917,3034,388,2,15425.62,10.0
6918,3035,210,2,12962.87,5.0
6919,3036,887,4,9495.11,20.0
6920,3036,178,3,14238.81,20.0
6921,3037,625,5,7044.62,0.0
6922,3038,621,1,6617.04,5.0
6923,3039,675,2,12507.1,0.0
6924,3039,250,5,5445.45,0.0
6925,3039,838,2,19410.6,20.0
6926,3039,820,5,20062.61,5.0
6927,3039,401,3,3916.76,5.0
6928,3040,173,1,7108.82,0.0
6929,3040,726,5,5419.14,20.0
6930,3040,301,2,21720.03,0.0
6931,3040,588,1,4546.5,5.0
6932,3041,672,2,5939.35,0.0
6933,3041,638,3,17008.83,0.0
6934,3042,699,5,4909.23,5.0
6935,3042,733,1,10948.51,5.0
6936,3043,888,2,2244.3,0.0
6937,3043,153,3,1446.08,10.0
6938,3044,254,5,21957.69,20.0
6939,3044,361,4,10596.43,15.0
6940,3044,443,2,1560.39,15.0
6941,3044,172,3,6290.87,0.0
6942,3045,709,1,7686.85,0.0
6943,3045,29,4,2346.21,15.0
6944,3045,589,4,326.42,0.0
6945,3045,260,4,7198.0,10.0
6946,3046,298,5,15463.87,0.0
6947,3046,293,1,282.61,5.0
6948,3046,396,2,751.13,5.0
6949,3047,658,4,25361.82,0.0
6950,3047,292,2,15961.49,15.0
6951,3048,205,2,16137.25,5.0
6952,3048,464,5,7633.05,15.0
6953,3048,892,1,7790.38,0.0
6954,3048,570,3,15355.66,0.0
6955,3049,833,3,16884.14,5.0
6956,3049,555,3,1454.57,10.0
6957,3050,435,3,13058.88,0.0
6958,3051,684,1,8576.21,5.0
6959,3051,750,3,3277.38,0.0
6960,3052,275,3,10808.89,15.0
6961,3052,307,5,21906.91,20.0
6962,3053,6,5,22533.66,15.0
6963,3053,772,5,18195.11,5.0
6964,3054,804,3,21201.2,15.0
6965,3054,124,4,13452.12,0.0
6966,3054,762,4,15418.59,5.0
6967,3055,192,4,18707.42,5.0
6968,3055,27,1,10463.86,0.0
6969,3055,308,5,6864.25,20.0
6970,3055,200,3,4522.92,10.0
6971,3055,676,4,14315.33,0.0
6972,3056,177,5,9631.34,20.0
6973,3057,563,1,5661.49,20.0
6974,3057,137,5,10885.94,20.0
6975,3057,746,1,6075.54,10.0
6976,3058,514,5,25746.27,0.0
6977,3059,118,1,22241.66,15.0
6978,3060,696,4,2491.11,10.0
6979,3060,266,1,20675.58,0.0
6980,3061,595,2,16876.57,0.0
6981,3061,12,1,10935.76,0.0
6982,3062,818,3,10237.03,20.0
6983,3062,140,4,10101.86,10.0
6984,3063,808,5,376.7,15.0
6985,3064,35,2,21434.65,20.0
6986,3064,238,2,4482.75,0.0
6987,3065,33,2,2593.22,5.0
6988,3065,13,5,478.72,0.0
6989,3066,152,4,11106.45,0.0
6990,3066,301,5,21720.03,10.0
6991,3067,166,5,2581.81,0.0
6992,3067,691,1,16753.29,0.0
6993,3067,52,1,12629.7,20.0
6994,3068,587,5,3058.79,10.0
6995,3069,106,3,10629.26,10.0
6996,3069,798,1,4100.19,0.0
6997,3069,453,4,11216.79,0.0
6998,3069,113,5,21843.22,15.0
6999,3070,821,1,17002.37,20.0
7000,3070,679,1,5924.78,0.0
7001,3071,276,2,6116.22,10.0
7002,3071,779,4,19107.25,10.0
7003,3071,235,4,4664.57,15.0
7004,3072,843,5,11008.41,15.0
7005,3073,332,1,25511.86,20.0
7006,3073,823,5,16691.74,0.0
7007,3073,497,4,15989.14,15.0
7008,3074,615,1,13741.69,0.0
7009,3074,832,3,9339.3,0.0
7010,3074,86,2,17346.97,5.0
7011,3074,760,2,779.87,0.0
7012,3074,660,5,5178.7,0.0
7013,3075,347,1,9249.35,0.0
7014,3076,113,3,21843.22,15.0
7015,3077,312,2,13798.25,20.0
7016,3078,636,5,7292.03,0.0
7017,3078,826,5,11073.3,15.0
7018,3078,347,1,9249.35,10.0
7019,3079,488,2,13455.56,0.0
7020,3080,229,1,5530.88,0.0
7021,3081,560,1,6942.79,0.0
7022,3082,186,3,9740.85,0.0
7023,3082,281,2,2023.57,5.0
7024,3083,83,5,7572.59,15.0
7025,3083,683,5,16086.04,0.0
7026,3083,527,5,4372.63,5.0
7027,3084,613,2,5929.69,5.0
7028,3084,116,5,8610.05,10.0
7029,3084,355,1,3894.18,15.0
7030,3084,292,2,15961.49,0.0
7031,3084,894,3,7760.97,10.0
7032,3085,291,1,3444.93,10.0
7033,3085,632,1,10665.66,0.0
7034,3085,280,1,14095.63,5.0
7035,3085,51,5,11484.39,0.0
7036,3085,538,4,17194.4,10.0
7037,3086,196,1,10265.86,5.0
7038,3087,18,2,4419.93,15.0
7039,3087,781,1,15990.77,5.0
7040,3088,441,3,11305.42,0.0
7041,3089,108,4,23388.45,10.0
7042,3090,860,1,11880.54,10.0
7043,3091,363,3,16290.66,15.0
7044,3091,708,5,16924.57,0.0
7045,3092,446,3,18287.32,0.0
7046,3092,395,5,16130.97,0.0
7047,3092,751,3,3818.67,5.0
7048,3092,735,5,9036.58,0.0
7049,3093,128,4,13624.37,15.0
7050,3093,8,5,19040.64,20.0
7051,3094,83,5,7572.59,5.0
7052,3095,124,4,13452.12,0.0
7053,3095,476,2,19019.08,15.0
7054,3095,757,2,7147.34,0.0
7055,3096,734,5,13296.98,15.0
7056,3096,855,1,2959.91,0.0
7057,3097,559,3,10518.45,0.0
7058,3097,31,2,16628.09,0.0
7059,3097,461,4,14975.0,5.0
7060,3097,515,4,19735.52,20.0
7061,3098,143,5,7946.56,5.0
7062,3098,824,4,297.67,0.0
7063,3098,354,4,17320.16,0.0
7064,3099,452,5,22746.4,15.0
7065,3100,588,5,4546.5,0.0
7066,3101,710,5,11261.29,0.0
7067,3102,762,3,15418.59,0.0
7068,3103,630,2,16772.79,20.0
7069,3103,468,5,9057.22,20.0
7070,3103,837,1,264.26,5.0
7071,3103,795,4,21693.2,5.0
7072,3104,660,2,5178.7,0.0
7073,3104,305,3,2031.07,5.0
7074,3104,187,5,17579.96,10.0
7075,3104,15,4,9257.31,0.0
7076,3105,135,3,4472.34,0.0
7077,3106,230,3,3957.6,0.0
7078,3107,583,1,20840.66,20.0
7079,3107,143,4,7946.56,5.0
7080,3107,150,2,5234.7,0.0
7081,3107,471,5,13086.13,15.0
7082,3108,645,4,15208.69,0.0
7083,3109,209,1,7178.41,0.0
7084,3109,131,3,18666.46,15.0
7085,3109,812,3,2387.49,0.0
7086,3109,446,4,18287.32,20.0
7087,3110,662,2,6806.59,15.0
7088,3111,701,4,621.06,5.0
7089,3111,229,3,5530.88,0.0
7090,3111,45,4,19804.2,0.0
7091,3111,283,5,11626.55,20.0
7092,3112,80,3,7681.36,5.0
7093,3113,861,5,8502.27,5.0
7094,3113,757,3,7147.34,0.0
7095,3114,869,5,4059.75,0.0
7096,3114,243,1,176.76,0.0
7097,3114,244,2,7472.45,20.0
7098,3114,388,5,15425.62,5.0
7099,3114,295,3,18202.38,0.0
7100,3115,666,2,16085.16,15.0
7101,3115,627,1,14763.79,0.0
7102,3116,731,1,960.03,0.0
7103,3116,801,5,3589.73,0.0
7104,3116,526,1,14453.05,20.0
7105,3116,48,3,5117.57,0.0
7106,3116,478,4,10570.88,0.0
7107,3117,772,5,18195.11,10.0
7108,3117,377,2,23965.45,15.0
7109,3117,103,2,8717.09,0.0
7110,3117,183,1,23501.6,20.0
7111,3117,107,1,11842.72,5.0
7112,3118,727,4,19119.71,15.0
7113,3118,351,4,15160.62,10.0
7114,3118,645,4,15208.69,0.0
7115,3118,375,3,192.08,0.0
7116,3118,485,4,12732.78,5.0
7117,3119,234,3,10860.79,0.0
7118,3120,456,4,6661.55,0.0
7119,3120,349,5,2689.14,15.0
7120,3121,183,2,23501.6,0.0
7121,3122,223,2,13128.85,15.0
7122,3123,636,2,7292.03,0.0
7123,3123,463,1,8811.92,0.0
7124,3124,631,2,24606.76,15.0
7125,3124,698,1,4293.78,5.0
7126,3124,593,4,17278.87,5.0
7127,3125,120,1,9678.0,5.0
7128,3125,746,2,6075.54,0.0
7129,3125,792,1,2850.88,0.0
7130,3126,37,1,14064.14,20.0
7131,3127,428,4,21239.63,15.0
7132,3127,548,3,17776.31,0.0
7133,3127,831,1,6625.61,0.0
7134,3128,186,5,9740.85,0.0
7135,3128,139,5,7956.39,0.0
7136,3128,471,5,13086.13,0.0
7137,3129,558,1,13963.41,5.0
7138,3129,888,4,2244.3,10.0
7139,3130,409,3,19362.42,0.0
7140,3130,323,5,920.73,0.0
7141,3131,242,1,15852.16,0.0
7142,3132,465,3,2006.55,10.0
7143,3133,272,4,8968.84,10.0
7144,3133,696,1,2491.11,10.0
7145,3133,826,2,11073.3,0.0
7146,3134,297,4,17238.41,20.0
7147,3134,286,3,239.57,10.0
7148,3135,811,3,13234.53,0.0
7149,3135,893,3,17792.63,0.0
7150,3135,753,3,7182.61,0.0
7151,3136,96,4,14288.15,15.0
7152,3136,263,1,3234.93,5.0
7153,3136,136,1,8942.91,0.0
7154,3137,413,3,347.03,15.0
7155,3138,331,3,6973.28,15.0
7156,3138,271,2,20542.32,0.0
7157,3139,11,4,19969.24,20.0
7158,3140,636,4,7292.03,10.0
7159,3141,53,4,7934.72,0.0
7160,3141,732,2,8129.26,10.0
7161,3142,195,2,1306.46,10.0
7162,3142,563,5,5661.49,20.0
7163,3143,638,3,17008.83,10.0
7164,3143,513,3,10655.97,0.0
7165,3144,702,1,1292.78,0.0
7166,3145,650,1,6904.93,5.0
7167,3145,417,4,1519.73,0.0
7168,3145,165,4,19157.23,15.0
7169,3146,313,3,7494.19,20.0
7170,3147,275,3,10808.89,0.0
7171,3147,607,1,9557.3,0.0
7172,3147,617,3,17544.22,0.0
7173,3147,464,4,7633.05,15.0
7174,3148,819,1,14434.49,0.0
7175,3149,819,5,14434.49,0.0
7176,3149,534,2,10869.74,0.0
7177,3149,663,2,11192.43,0.0
7178,3149,515,3,19735.52,10.0
7179,3149,305,2,2031.07,0.0
7180,3150,580,2,17938.87,15.0
7181,3151,317,4,14112.86,5.0
7182,3151,899,4,21905.82,20.0
7183,3151,71,5,13770.82,5.0
7184,3152,163,4,10971.24,15.0
7185,3152,566,4,1155.19,5.0
7186,3152,169,3,16308.93,0.0
7187,3153,680,3,2617.11,10.0
7188,3153,493,4,7964.23,0.0
7189,3153,500,3,6694.37,15.0
7190,3153,227,5,2720.12,0.0
7191,3153,336,5,226.24,0.0
7192,3154,194,1,2770.23,0.0
7193,3155,265,4,4344.64,10.0
7194,3155,399,2,20674.86,5.0
7195,3156,24,2,18317.93,15.0
7196,3157,745,3,11543.63,20.0
7197,3158,328,2,15690.65,0.0
7198,3159,397,5,8299.19,0.0
7199,3160,402,1,789.81,5.0
7200,3161,594,2,13204.03,20.0
7201,3162,417,5,1519.73,10.0
7202,3162,898,5,9944.45,0.0
7203,3162,398,1,13400.93,0.0
7204,3163,320,2,9179.45,0.0
7205,3164,889,2,15442.59,15.0
7206,3164,784,4,8066.19,0.0
7207,3164,98,4,17528.8,15.0
7208,3164,443,2,1560.39,5.0
7209,3164,849,3,11044.19,15.0
7210,3165,358,2,5722.36,15.0
7211,3165,55,5,2583.6,0.0
7212,3166,233,4,12825.71,5.0
7213,3166,617,5,17544.22,10.0
7214,3167,103,5,8717.09,0.0
7215,3167,357,3,10102.76,20.0
7216,3168,46,3,6966.04,0.0
7217,3169,881,5,21532.91,5.0
7218,3169,776,4,20110.05,20.0
7219,3169,803,5,7424.51,20.0
7220,3170,851,2,6264.06,10.0
7221,3170,165,1,19157.23,15.0
7222,3171,289,1,10379.0,0.0
7223,3171,691,4,16753.29,20.0
7224,3172,596,4,3968.53,20.0
7225,3172,318,5,7031.86,0.0
7226,3173,514,4,25746.27,5.0
7227,3173,310,4,20036.92,20.0
7228,3173,142,4,21163.93,0.0
7229,3174,753,5,7182.61,0.0
7230,3174,385,4,12324.69,0.0
7231,3174,782,4,19248.75,0.0
7232,3174,452,4,22746.4,0.0
7233,3175,415,5,7434.55,0.0
7234,3176,507,1,12654.25,5.0
7235,3177,654,2,16228.87,0.0
7236,3178,873,1,1014.59,0.0
7237,3179,586,1,15918.44,0.0
7238,3179,683,1,16086.04,0.0
7239,3179,792,1,2850.88,0.0
7240,3180,313,3,7494.19,15.0
7241,3180,479,5,8268.21,0.0
7242,3181,603,3,7330.01,0.0
7243,3182,264,3,19387.68,20.0
7244,3183,26,4,12446.22,0.0
7245,3184,276,2,6116.22,5.0
7246,3184,750,3,3277.38,0.0
7247,3185,177,5,9631.34,0.0
7248,3185,396,3,751.13,20.0
7249,3186,135,1,4472.34,5.0
7250,3186,883,2,1769.58,10.0
7251,3187,536,4,24253.72,0.0
7252,3188,310,3,20036.92,0.0
7253,3188,774,2,10265.71,10.0
7254,3188,751,4,3818.67,0.0
7255,3189,21,3,20625.3,5.0
7256,3189,705,5,4673.98,10.0
7257,3189,206,1,5960.03,0.0
7258,3189,526,5,14453.05,0.0
7259,3190,136,4,8942.91,10.0
7260,3190,675,3,12507.1,10.0
7261,3191,469,3,5321.69,0.0
7262,3191,614,4,21084.78,0.0
7263,3191,57,1,8529.28,0.0
7264,3192,654,4,16228.87,0.0
7265,3192,19,5,22067.03,20.0
7266,3193,700,1,14408.43,0.0
7267,3194,654,4,16228.87,15.0
7268,3195,322,2,14630.46,0.0
7269,3196,561,1,863.13,5.0
7270,3197,223,2,13128.85,15.0
7271,3197,793,2,4803.54,0.0
7272,3198,74,4,21546.9,20.0
7273,3199,261,5,21999.28,15.0
7274,3199,776,5,20110.05,0.0
7275,3199,557,5,4875.77,15.0
7276,3200,515,3,19735.52,5.0
7277,3201,84,5,16076.18,15.0
7278,3201,47,1,7909.38,20.0
7279,3202,457,3,19959.82,15.0
7280,3202,771,2,2696.54,0.0
7281,3203,458,2,706.12,0.0
7282,3204,698,3,4293.78,20.0
7283,3204,653,3,10229.17,0.0
7284,3204,634,2,17957.51,15.0
7285,3204,505,3,10404.05,10.0
7286,3205,528,3,939.25,15.0
7287,3205,881,1,21532.91,10.0
7288,3206,752,1,16802.42,20.0
7289,3207,801,4,3589.73,5.0
7290,3207,564,2,2009.4,5.0
7291,3207,253,4,17161.82,5.0
7292,3207,3,3,16184.82,10.0
7293,3208,753,2,7182.61,0.0
7294,3208,325,2,2187.51,0.0
7295,3208,480,2,11927.56,10.0
7296,3209,767,1,12752.82,0.0
7297,3209,607,4,9557.3,10.0
7298,3209,299,3,7106.85,15.0
7299,3210,757,5,7147.34,0.0
7300,3211,287,1,4169.74,10.0
7301,3211,554,5,19734.11,0.0
7302,3212,437,4,10772.97,15.0
7303,3212,119,2,21039.52,5.0
7304,3213,66,3,13143.99,0.0
7305,3213,116,4,8610.05,5.0
7306,3213,457,4,19959.82,20.0
7307,3213,329,3,10046.75,5.0
7308,3213,654,2,16228.87,0.0
7309,3214,709,5,7686.85,20.0
7310,3215,128,4,13624.37,15.0
7311,3215,718,4,17963.95,10.0
7312,3215,409,5,19362.42,0.0
7313,3216,691,1,16753.29,0.0
7314,3217,124,3,13452.12,15.0
7315,3217,799,3,8448.77,20.0
7316,3218,796,2,15083.08,10.0
7317,3219,847,2,13026.82,5.0
7318,3220,712,3,13003.78,10.0
7319,3220,30,5,18303.29,15.0
7320,3221,511,3,16710.62,10.0
7321,3221,719,5,7305.31,5.0
7322,3222,493,5,7964.23,0.0
7323,3222,538,5,17194.4,0.0
7324,3222,40,5,1150.22,20.0
7325,3222,637,5,9909.0,5.0
7326,3223,284,4,15548.25,20.0
7327,3224,556,4,13361.23,10.0
7328,3224,66,1,13143.99,10.0
7329,3224,873,3,1014.59,10.0
7330,3225,551,3,23156.44,0.0
7331,3225,768,3,16413.87,10.0
7332,3225,417,1,1519.73,0.0
7333,3226,171,4,18491.26,20.0
7334,3227,105,5,9554.98,15.0
7335,3228,875,2,9752.68,0.0
7336,3229,852,1,3347.58,15.0
7337,3229,382,3,9206.05,20.0
7338,3229,163,2,10971.24,5.0
7339,3230,887,1,9495.11,15.0
7340,3231,240,4,3443.85,20.0
7341,3231,556,3,13361.23,20.0
7342,3231,163,5,10971.24,5.0
7343,3231,428,2,21239.63,5.0
7344,3231,474,4,10258.52,5.0
7345,3232,194,3,2770.23,5.0
7346,3233,770,5,5579.14,0.0
7347,3233,63,3,13615.65,15.0
7348,3233,629,5,12346.5,5.0
7349,3233,391,5,12976.53,10.0
7350,3234,808,1,376.7,20.0
7351,3234,163,4,10971.24,5.0
7352,3234,629,2,12346.5,5.0
7353,3234,129,1,10907.63,0.0
7354,3234,579,2,16420.05,20.0
7355,3235,14,1,10692.32,0.0
7356,3236,120,4,9678.0,0.0
7357,3236,857,4,9589.19,15.0
7358,3236,531,3,9020.83,0.0
7359,3236,852,5,3347.58,10.0
7360,3236,161,4,15289.65,15.0
7361,3237,751,5,3818.67,0.0
7362,3238,896,3,24756.56,15.0
7363,3239,291,3,3444.93,5.0
7364,3239,788,2,5720.07,5.0
7365,3240,290,4,12993.94,20.0
7366,3241,418,4,9194.68,10.0
7367,3242,889,1,15442.59,15.0
7368,3243,545,2,16977.96,0.0
7369,3243,890,4,10049.64,5.0
7370,3244,210,5,12962.87,20.0
7371,3244,31,4,16628.09,10.0
7372,3244,558,1,13963.41,10.0
7373,3244,505,1,10404.05,0.0
7374,3245,223,5,13128.85,0.0
7375,3245,324,3,3772.01,5.0
7376,3245,818,4,10237.03,0.0
7377,3245,732,1,8129.26,0.0
7378,3246,858,1,23207.14,10.0
7379,3247,520,4,1057.04,15.0
7380,3247,886,2,7687.78,20.0
7381,3247,296,5,15359.82,0.0
7382,3247,298,5,15463.87,0.0
7383,3247,236,1,4832.52,15.0
7384,3248,272,2,8968.84,0.0
7385,3249,121,4,10353.6,10.0
7386,3249,158,4,20098.55,15.0
7387,3249,299,4,7106.85,5.0
7388,3250,100,4,14472.84,0.0
7389,3251,487,3,1420.39,0.0
7390,3252,265,1,4344.64,15.0
7391,3252,544,5,14987.27,15.0
7392,3252,116,4,8610.05,5.0
7393,3252,311,5,11362.72,10.0
7394,3252,755,1,144.02,10.0
7395,3253,740,3,7772.66,10.0
7396,3254,584,3,8995.37,0.0
7397,3255,650,2,6904.93,15.0
7398,3255,826,3,11073.3,0.0
7399,3255,596,1,3968.53,0.0
7400,3256,834,5,11307.94,5.0
7401,3256,623,2,5372.41,0.0
7402,3257,132,2,7609.15,0.0
7403,3258,784,2,8066.19,5.0
7404,3259,829,1,21989.77,0.0
7405,3259,375,1,192.08,5.0
7406,3259,323,5,920.73,0.0
7407,3260,153,4,1446.08,10.0
7408,3260,244,2,7472.45,10.0
7409,3260,634,1,17957.51,5.0
7410,3260,385,3,12324.69,0.0
7411,3260,453,4,11216.79,0.0
7412,3261,637,5,9909.0,15.0
7413,3261,307,5,21906.91,20.0
7414,3261,14,1,10692.32,5.0
7415,3262,400,3,19421.92,10.0
7416,3263,365,1,22789.3,15.0
7417,3263,311,2,11362.72,10.0
7418,3263,257,1,13045.67,10.0
7419,3264,536,3,24253.72,10.0
7420,3265,230,3,3957.6,15.0
7421,3266,366,1,16239.91,15.0
7422,3266,66,4,13143.99,20.0
7423,3267,249,1,19528.8,0.0
7424,3267,554,5,19734.11,0.0
7425,3268,867,1,3837.28,5.0
7426,3268,270,3,16271.78,10.0
7427,3268,235,2,4664.57,0.0
7428,3268,346,4,8215.18,0.0
7429,3268,687,4,14696.63,20.0
7430,3269,407,2,7770.71,15.0
7431,3270,107,1,11842.72,10.0
7432,3270,785,5,16279.21,15.0
7433,3270,184,5,14178.66,10.0
7434,3270,432,4,23302.07,0.0
7435,3270,344,3,5524.58,10.0
7436,3271,489,5,7785.34,20.0
7437,3271,552,1,4733.75,5.0
7438,3272,80,5,7681.36,10.0
7439,3272,108,5,23388.45,10.0
7440,3273,186,1,9740.85,5.0
7441,3274,293,4,282.61,15.0
7442,3275,351,3,15160.62,10.0
7443,3275,756,5,8569.79,15.0
7444,3276,771,2,2696.54,0.0
7445,3276,737,4,16594.34,15.0
7446,3277,485,1,12732.78,0.0
7447,3277,465,3,2006.55,20.0
7448,3278,639,5,2960.19,0.0
7449,3278,579,3,16420.05,0.0
7450,3278,551,4,23156.44,20.0
7451,3278,84,5,16076.18,0.0
7452,3279,433,3,8284.46,15.0
7453,3279,737,4,16594.34,0.0
7454,3279,780,4,2481.3,15.0
7455,3280,497,3,15989.14,0.0
7456,3281,822,2,4952.16,0.0
7457,3282,872,3,15107.17,10.0
7458,3283,827,4,17333.78,0.0
7459,3283,404,2,653.1,0.0
7460,3283,440,4,21618.7,10.0
7461,3284,22,5,11230.85,0.0
7462,3284,156,1,963.21,0.0
7463,3285,93,5,7632.26,0.0
7464,3285,478,5,10570.88,15.0
7465,3286,722,4,2404.11,0.0
7466,3286,595,4,16876.57,15.0
7467,3286,72,4,9041.77,20.0
7468,3287,783,2,803.8,0.0
7469,3288,120,2,9678.0,5.0
7470,3288,371,3,1636.75,10.0
7471,3288,207,2,21338.76,5.0
7472,3288,378,1,1654.61,10.0
7473,3289,296,5,15359.82,20.0
7474,3289,140,2,10101.86,0.0
7475,3290,486,1,18912.84,5.0
7476,3290,699,4,4909.23,20.0
7477,3290,46,3,6966.04,0.0
7478,3291,272,3,8968.84,0.0
7479,3291,589,4,326.42,10.0
7480,3291,120,2,9678.0,0.0
7481,3291,500,2,6694.37,0.0
7482,3292,511,4,16710.62,0.0
7483,3293,772,2,18195.11,5.0
7484,3294,755,4,144.02,10.0
7485,3294,419,5,4421.89,10.0
7486,3295,198,5,12806.33,5.0
7487,3295,664,1,9991.3,0.0
7488,3295,134,5,17132.5,0.0
7489,3295,456,5,6661.55,20.0
7490,3296,672,2,5939.35,0.0
7491,3296,683,5,16086.04,15.0
7492,3296,18,5,4419.93,20.0
7493,3296,70,1,24783.28,0.0
7494,3297,196,3,10265.86,10.0
7495,3298,583,4,20840.66,0.0
7496,3298,748,3,15319.21,20.0
7497,3299,582,3,19075.76,0.0
7498,3299,103,1,8717.09,0.0
7499,3299,267,2,16561.1,0.0
7500,3300,647,1,8678.96,0.0
7501,3300,463,4,8811.92,0.0
7502,3301,7,4,19612.77,10.0
7503,3301,35,4,21434.65,10.0
7504,3301,294,4,10981.7,0.0
7505,3302,442,3,11650.88,0.0
7506,3303,833,2,16884.14,0.0
7507,3303,146,5,15804.83,0.0
7508,3304,472,3,15859.32,20.0
7509,3304,91,4,11076.97,5.0
7510,3304,19,2,22067.03,10.0
7511,3305,422,1,189.31,5.0
7512,3305,773,1,8183.79,20.0
7513,3305,588,4,4546.5,0.0
7514,3306,777,5,7013.52,20.0
7515,3307,590,3,9869.32,0.0
7516,3307,683,4,16086.04,0.0
7517,3308,314,5,18006.61,0.0
7518,3309,255,2,17032.48,0.0
7519,3309,899,3,21905.82,0.0
7520,3310,160,4,20635.35,20.0
7521,3310,714,2,26202.05,20.0
7522,3311,467,2,24009.79,0.0
7523,3311,242,1,15852.16,0.0
7524,3312,798,2,4100.19,10.0
7525,3312,31,1,16628.09,20.0
7526,3313,712,1,13003.78,0.0
7527,3313,170,5,12133.1,5.0
7528,3314,283,1,11626.55,0.0
7529,3314,774,1,10265.71,10.0
7530,3314,277,5,13719.42,0.0
7531,3314,222,5,7009.13,10.0
7532,3314,224,2,2233.05,20.0
7533,3315,493,5,7964.23,0.0
7534,3315,899,5,21905.82,5.0
7535,3315,414,3,166.83,0.0
7536,3316,476,4,19019.08,5.0
7537,3317,787,3,18758.34,0.0
7538,3317,301,5,21720.03,0.0
7539,3318,824,3,297.67,0.0
7540,3319,879,2,13227.2,20.0
7541,3320,364,2,18476.31,10.0
7542,3320,179,1,3471.92,0.0
7543,3321,23,2,11954.03,15.0
7544,3322,260,1,7198.0,0.0
7545,3323,773,1,8183.79,5.0
7546,3323,235,3,4664.57,15.0
7547,3324,495,4,16857.86,0.0
7548,3324,480,1,11927.56,20.0
7549,3325,465,4,2006.55,0.0
7550,3325,824,3,297.67,20.0
7551,3326,354,4,17320.16,0.0
7552,3326,693,1,14898.91,15.0
7553,3326,653,2,10229.17,15.0
7554,3326,568,4,1091.56,20.0
7555,3326,584,5,8995.37,0.0
7556,3327,711,3,16182.19,15.0
7557,3327,898,2,9944.45,10.0
7558,3327,658,5,25361.82,20.0
7559,3328,22,4,11230.85,0.0
7560,3329,791,3,11554.95,0.0
7561,3330,559,5,10518.45,10.0
7562,3330,126,4,9886.31,20.0
7563,3331,541,1,12029.72,0.0
7564,3331,623,4,5372.41,0.0
7565,3332,9,1,17153.33,15.0
7566,3332,844,2,8306.97,5.0
7567,3333,664,3,9991.3,0.0
7568,3333,895,1,7754.62,5.0
7569,3334,494,5,2526.78,0.0
7570,3334,428,3,21239.63,0.0
7571,3335,753,5,7182.61,20.0
7572,3335,795,3,21693.2,15.0
7573,3335,69,4,7716.81,0.0
7574,3336,509,1,8432.77,0.0
7575,3337,463,3,8811.92,10.0
7576,3338,208,3,7812.53,10.0
7577,3339,730,3,11885.24,20.0
7578,3340,755,4,144.02,0.0
7579,3340,59,1,5569.5,20.0
7580,3340,662,1,6806.59,10.0
7581,3340,670,4,12689.21,20.0
7582,3340,287,4,4169.74,20.0
7583,3341,872,3,15107.17,0.0
7584,3341,215,3,4666.45,0.0
7585,3342,228,2,5918.99,0.0
7586,3342,98,3,17528.8,5.0
7587,3343,367,1,14113.51,0.0
7588,3344,495,5,16857.86,20.0
7589,3344,113,4,21843.22,15.0
7590,3344,666,2,16085.16,15.0
7591,3345,91,3,11076.97,0.0
7592,3346,9,4,17153.33,20.0
7593,3346,798,2,4100.19,20.0
7594,3347,356,5,4711.26,0.0
7595,3348,738,4,19896.87,5.0
7596,3349,445,4,1123.05,0.0
7597,3349,896,3,24756.56,0.0
7598,3350,360,5,11713.02,0.0
7599,3350,126,4,9886.31,5.0
7600,3350,730,4,11885.24,0.0
7601,3350,824,2,297.67,0.0
7602,3351,214,3,17220.63,0.0
7603,3352,263,4,3234.93,15.0
7604,3352,172,3,6290.87,0.0
7605,3352,340,2,3550.22,20.0
7606,3353,874,4,12083.32,0.0
7607,3354,860,2,11880.54,0.0
7608,3354,667,3,11155.15,20.0
7609,3354,666,2,16085.16,0.0
7610,3354,767,1,12752.82,0.0
7611,3354,199,2,10359.07,5.0
7612,3355,198,5,12806.33,0.0
7613,3355,236,4,4832.52,20.0
7614,3356,506,4,2449.21,15.0
7615,3356,704,3,16292.88,0.0
7616,3357,741,3,16605.12,0.0
7617,3357,47,2,7909.38,0.0
7618,3357,35,3,21434.65,0.0
7619,3358,491,5,11018.52,0.0
7620,3358,656,3,23607.08,20.0
7621,3358,216,2,14201.95,0.0
7622,3359,746,4,6075.54,0.0
7623,3360,774,2,10265.71,5.0
7624,3361,621,4,6617.04,10.0
7625,3361,591,3,6697.37,20.0
7626,3362,301,3,21720.03,0.0
7627,3362,821,2,17002.37,10.0
7628,3362,323,4,920.73,5.0
7629,3362,744,4,6614.57,0.0
7630,3363,555,5,1454.57,10.0
7631,3363,215,4,4666.45,0.0
7632,3363,91,4,11076.97,5.0
7633,3363,516,4,4294.23,0.0
7634,3364,84,1,16076.18,0.0
7635,3365,813,4,5532.46,5.0
7636,3366,73,3,16451.55,0.0
7637,3366,691,4,16753.29,0.0
7638,3367,435,3,13058.88,10.0
7639,3367,495,1,16857.86,5.0
7640,3367,701,3,621.06,20.0
7641,3367,656,2,23607.08,0.0
7642,3367,823,1,16691.74,0.0
7643,3368,579,2,16420.05,0.0
7644,3369,545,2,16977.96,0.0
7645,3370,307,1,21906.91,0.0
7646,3370,499,5,21718.63,5.0
7647,3370,411,4,17450.18,5.0
7648,3371,172,5,6290.87,10.0
7649,3371,280,2,14095.63,0.0
7650,3372,818,4,10237.03,10.0
7651,3372,594,2,13204.03,10.0
7652,3373,827,5,17333.78,0.0
7653,3373,294,4,10981.7,0.0
7654,3374,532,1,14811.49,20.0
7655,3374,231,1,18449.85,15.0
7656,3375,846,4,806.68,10.0
7657,3375,270,4,16271.78,20.0
7658,3375,798,5,4100.19,5.0
7659,3376,100,4,14472.84,10.0
7660,3377,618,1,13048.71,10.0
7661,3377,511,4,16710.62,15.0
7662,3378,690,3,12791.5,20.0
7663,3378,474,1,10258.52,0.0
7664,3379,781,3,15990.77,15.0
7665,3379,600,5,13416.18,10.0
7666,3379,598,3,16464.93,15.0
7667,3380,82,3,14774.58,0.0
7668,3381,172,2,6290.87,10.0
7669,3381,855,3,2959.91,20.0
7670,3382,224,1,2233.05,10.0
7671,3382,666,1,16085.16,0.0
7672,3382,472,2,15859.32,0.0
7673,3383,120,1,9678.0,0.0
7674,3383,38,5,4730.75,0.0
7675,3384,556,5,13361.23,10.0
7676,3384,642,4,12368.27,0.0
7677,3384,368,4,9973.43,20.0
7678,3384,266,2,20675.58,0.0
7679,3384,684,3,8576.21,0.0
7680,3385,55,2,2583.6,15.0
7681,3385,275,5,10808.89,0.0
7682,3386,687,1,14696.63,20.0
7683,3387,873,3,1014.59,10.0
7684,3388,408,5,11218.26,15.0
7685,3388,638,4,17008.83,0.0
7686,3388,679,5,5924.78,15.0
7687,3388,81,3,1166.71,0.0
7688,3389,36,5,8033.06,15.0
7689,3389,359,2,14548.05,20.0
7690,3390,343,2,15859.82,5.0
7691,3391,531,5,9020.83,5.0
7692,3392,858,5,23207.14,0.0
7693,3392,636,4,7292.03,15.0
7694,3393,54,3,12660.77,5.0
7695,3393,583,1,20840.66,0.0
7696,3393,441,4,11305.42,10.0
7697,3394,361,1,10596.43,5.0
7698,3394,415,4,7434.55,10.0
7699,3394,740,3,7772.66,10.0
7700,3394,46,4,6966.04,5.0
7701,3395,141,3,1692.85,10.0
7702,3396,233,4,12825.71,0.0
7703,3397,23,5,11954.03,15.0
7704,3397,254,4,21957.69,0.0
7705,3398,136,4,8942.91,10.0
7706,3398,889,2,15442.59,5.0
7707,3398,860,5,11880.54,0.0
7708,3398,758,2,305.37,5.0
7709,3398,194,1,2770.23,5.0
7710,3399,292,4,15961.49,20.0
7711,3400,310,4,20036.92,0.0
7712,3400,335,4,10357.5,5.0
7713,3401,723,5,4606.01,15.0
7714,3402,831,2,6625.61,20.0
7715,3402,144,1,19819.04,0.0
7716,3402,181,2,11885.47,0.0
7717,3403,32,5,1527.01,5.0
7718,3403,310,5,20036.92,15.0
7719,3403,659,2,2808.44,5.0
7720,3404,791,4,11554.95,20.0
7721,3405,483,3,7695.04,10.0
7722,3405,726,1,5419.14,0.0
7723,3406,159,1,19350.16,0.0
7724,3407,274,5,8564.4,0.0
7725,3407,731,1,960.03,15.0
7726,3407,8,4,19040.64,15.0
7727,3407,678,3,2508.38,10.0
7728,3408,202,4,18119.01,10.0
7729,3408,895,4,7754.62,15.0
7730,3409,230,2,3957.6,10.0
7731,3409,90,1,14228.88,15.0
7732,3410,445,2,1123.05,15.0
7733,3410,768,4,16413.87,0.0
7734,3410,467,3,24009.79,15.0
7735,3410,766,1,10014.02,0.0
7736,3411,431,3,24437.6,10.0
7737,3411,90,1,14228.88,10.0
7738,3411,686,1,354.18,15.0
7739,3411,738,1,19896.87,0.0
7740,3412,818,2,10237.03,0.0
7741,3412,813,1,5532.46,15.0
7742,3412,593,5,17278.87,5.0
7743,3412,189,5,2064.84,10.0
7744,3413,216,1,14201.95,20.0
7745,3413,660,1,5178.7,15.0
7746,3413,666,5,16085.16,10.0
7747,3413,151,5,21510.83,15.0
7748,3413,43,1,18751.29,0.0
7749,3414,870,3,4993.59,15.0
7750,3414,689,4,13071.47,10.0
7751,3414,837,2,264.26,20.0
7752,3414,510,1,19375.24,0.0
7753,3415,549,2,16311.06,0.0
7754,3416,299,2,7106.85,0.0
7755,3417,270,4,16271.78,15.0
7756,3418,656,1,23607.08,0.0
7757,3418,195,5,1306.46,0.0
7758,3419,246,5,3854.15,5.0
7759,3420,93,2,7632.26,20.0
7760,3420,29,3,2346.21,0.0
7761,3420,686,3,354.18,0.0
7762,3420,766,3,10014.02,10.0
7763,3420,886,4,7687.78,0.0
7764,3421,301,4,21720.03,20.0
7765,3421,289,4,10379.0,20.0
7766,3421,68,4,21790.7,20.0
7767,3421,562,5,6895.25,10.0
7768,3422,719,5,7305.31,5.0
7769,3422,192,2,18707.42,15.0
7770,3423,727,1,19119.71,0.0
7771,3423,560,1,6942.79,15.0
7772,3424,745,2,11543.63,0.0
7773,3425,100,4,14472.84,5.0
7774,3425,119,5,21039.52,0.0
7775,3426,814,1,3387.53,0.0
7776,3426,852,3,3347.58,10.0
7777,3426,518,4,2509.06,0.0
7778,3426,527,3,4372.63,0.0
7779,3427,660,5,5178.7,15.0
7780,3428,51,3,11484.39,5.0
7781,3429,557,4,4875.77,0.0
7782,3429,842,2,4816.41,5.0
7783,3430,119,2,21039.52,0.0
7784,3431,700,4,14408.43,15.0
7785,3431,76,4,8195.06,0.0
7786,3431,62,1,13136.19,0.0
7787,3431,221,2,21061.36,20.0
7788,3432,881,2,21532.91,5.0
7789,3432,25,3,14978.82,15.0
7790,3432,448,1,4391.49,15.0
7791,3433,879,2,13227.2,0.0
7792,3433,896,5,24756.56,5.0
7793,3433,836,1,17573.65,0.0
7794,3433,544,1,14987.27,5.0
7795,3434,312,5,13798.25,10.0
7796,3434,599,2,442.03,20.0
7797,3434,115,3,14046.49,20.0
7798,3435,303,2,18231.15,0.0
7799,3435,741,2,16605.12,0.0
7800,3436,719,1,7305.31,10.0
7801,3436,348,1,19662.84,0.0
7802,3436,561,5,863.13,0.0
7803,3437,370,5,2983.33,15.0
7804,3437,859,1,1089.58,15.0
7805,3438,584,3,8995.37,20.0
7806,3439,855,5,2959.91,20.0
7807,3440,565,1,11175.66,20.0
7808,3440,350,2,2904.08,0.0
7809,3441,305,4,2031.07,20.0
7810,3441,774,5,10265.71,15.0
7811,3442,797,3,13841.65,5.0
7812,3443,609,1,8508.77,15.0
7813,3443,102,2,7542.37,0.0
7814,3443,262,1,4228.73,15.0
7815,3443,446,3,18287.32,0.0
7816,3444,6,4,22533.66,20.0
7817,3445,62,1,13136.19,10.0
7818,3445,103,2,8717.09,20.0
7819,3446,744,2,6614.57,0.0
7820,3446,579,3,16420.05,0.0
7821,3446,441,2,11305.42,15.0
7822,3446,208,2,7812.53,20.0
7823,3447,336,2,226.24,20.0
7824,3448,677,1,13881.44,15.0
7825,3448,163,1,10971.24,0.0
7826,3448,262,2,4228.73,0.0
7827,3449,86,1,17346.97,15.0
7828,3449,546,1,16500.34,0.0
7829,3449,234,2,10860.79,10.0
7830,3449,352,4,11635.83,15.0
7831,3450,500,2,6694.37,0.0
7832,3450,721,3,18878.1,0.0
7833,3450,530,5,18098.15,15.0
7834,3450,740,1,7772.66,15.0
7835,3450,268,2,3037.03,20.0
7836,3451,893,5,17792.63,0.0
7837,3451,546,1,16500.34,5.0
7838,3452,606,4,10207.96,15.0
7839,3452,192,5,18707.42,5.0
7840,3453,840,3,14874.45,0.0
7841,3453,155,1,3485.16,20.0
7842,3453,6,3,22533.66,15.0
7843,3454,734,2,13296.98,0.0
7844,3454,194,3,2770.23,0.0
7845,3455,576,4,3125.72,10.0
7846,3455,524,4,10408.88,0.0
7847,3455,850,3,22317.22,0.0
7848,3455,147,2,2349.15,15.0
7849,3456,147,1,2349.15,0.0
7850,3456,624,5,15309.66,0.0
7851,3456,22,1,11230.85,0.0
7852,3456,233,5,12825.71,0.0
7853,3457,585,5,10944.6,20.0
7854,3457,480,4,11927.56,0.0
7855,3458,758,3,305.37,0.0
7856,3458,754,1,12241.6,0.0
7857,3459,364,2,18476.31,10.0
7858,3459,22,2,11230.85,10.0
7859,3459,812,5,2387.49,10.0
7860,3459,528,1,939.25,5.0
7861,3459,152,1,11106.45,0.0
7862,3460,549,1,16311.06,5.0
7863,3460,878,2,13434.69,20.0
7864,3460,792,2,2850.88,5.0
7865,3461,547,3,5521.08,5.0
7866,3462,732,4,8129.26,0.0
7867,3462,795,1,21693.2,0.0
7868,3462,848,2,15587.71,0.0
7869,3462,557,5,4875.77,0.0
7870,3463,268,2,3037.03,0.0
7871,3464,352,3,11635.83,10.0
7872,3464,563,2,5661.49,0.0
7873,3465,124,1,13452.12,10.0
7874,3465,30,3,18303.29,15.0
7875,3465,520,3,1057.04,15.0
7876,3466,96,5,14288.15,10.0
7877,3466,260,2,7198.0,5.0
7878,3466,242,2,15852.16,5.0
7879,3467,266,3,20675.58,5.0
7880,3467,673,1,690.26,10.0
7881,3468,889,2,15442.59,0.0
7882,3469,419,1,4421.89,0.0
7883,3470,484,3,19113.34,0.0
7884,3470,61,3,6502.87,20.0
7885,3470,173,4,7108.82,0.0
7886,3471,663,1,11192.43,10.0
7887,3471,362,1,17099.97,15.0
7888,3471,475,4,6938.61,0.0
7889,3471,466,5,10734.42,0.0
7890,3472,546,3,16500.34,15.0
7891,3472,650,1,6904.93,15.0
7892,3473,285,3,16720.01,5.0
7893,3473,325,3,2187.51,20.0
7894,3473,674,5,11510.75,15.0
7895,3473,464,5,7633.05,0.0
7896,3473,282,3,19801.39,0.0
7897,3474,237,2,11209.85,0.0
7898,3474,426,2,9117.48,5.0
7899,3474,296,1,15359.82,0.0
7900,3475,885,1,7089.39,10.0
7901,3476,770,5,5579.14,5.0
7902,3477,705,4,4673.98,0.0
7903,3477,328,4,15690.65,0.0
7904,3478,334,1,14837.25,5.0
7905,3478,148,1,17262.89,10.0
7906,3479,287,1,4169.74,10.0
7907,3479,800,2,12138.75,20.0
7908,3480,705,4,4673.98,20.0
7909,3480,401,5,3916.76,0.0
7910,3480,287,3,4169.74,0.0
7911,3481,820,3,20062.61,0.0
7912,3481,108,2,23388.45,15.0
7913,3482,539,2,249.52,5.0
7914,3482,552,4,4733.75,0.0
7915,3482,618,1,13048.71,0.0
7916,3482,848,4,15587.71,0.0
7917,3483,146,1,15804.83,15.0
7918,3484,831,3,6625.61,0.0
7919,3484,69,4,7716.81,5.0
7920,3485,230,4,3957.6,15.0
7921,3486,446,2,18287.32,5.0
7922,3487,675,4,12507.1,0.0
7923,3487,52,1,12629.7,0.0
7924,3488,655,5,8938.91,10.0
7925,3488,790,1,1388.1,5.0
7926,3488,844,5,8306.97,5.0
7927,3489,638,1,17008.83,0.0
7928,3489,190,5,7595.13,5.0
7929,3490,882,5,8433.14,5.0
7930,3490,588,4,4546.5,0.0
7931,3491,816,4,13450.11,0.0
7932,3491,832,3,9339.3,0.0
7933,3491,653,4,10229.17,10.0
7934,3491,640,3,12833.48,20.0
7935,3492,268,5,3037.03,0.0
7936,3492,468,5,9057.22,0.0
7937,3493,422,2,189.31,15.0
7938,3493,886,5,7687.78,0.0
7939,3494,393,4,8735.87,15.0
7940,3494,238,4,4482.75,5.0
7941,3495,382,2,9206.05,5.0
7942,3496,263,5,3234.93,0.0
7943,3496,10,1,7250.5,15.0
7944,3497,68,4,21790.7,0.0
7945,3498,658,4,25361.82,10.0
7946,3499,744,4,6614.57,0.0
7947,3499,550,5,9953.79,0.0
7948,3499,697,3,2018.95,5.0
7949,3500,566,5,1155.19,0.0
7950,3500,657,2,11502.62,0.0
7951,3500,4,2,3406.7,15.0
7952,3500,135,3,4472.34,0.0
7953,3501,485,3,12732.78,10.0
7954,3502,834,5,11307.94,0.0
7955,3502,54,2,12660.77,20.0
7956,3502,306,5,9467.51,0.0
7957,3502,224,2,2233.05,15.0
7958,3502,558,5,13963.41,0.0
7959,3503,415,3,7434.55,10.0
7960,3504,859,5,1089.58,10.0
7961,3504,323,3,920.73,0.0
7962,3505,330,2,12351.31,0.0
7963,3505,308,5,6864.25,0.0
7964,3505,480,4,11927.56,0.0
7965,3506,423,4,1984.71,15.0
7966,3507,862,4,4517.96,5.0
7967,3507,80,5,7681.36,0.0
7968,3508,459,4,1008.42,5.0
7969,3508,583,1,20840.66,0.0
7970,3508,483,2,7695.04,0.0
7971,3508,482,1,2192.85,0.0
7972,3509,134,2,17132.5,10.0
7973,3510,617,3,17544.22,0.0
7974,3511,649,1,14601.66,0.0
7975,3511,641,1,12480.0,0.0
7976,3512,82,2,14774.58,10.0
7977,3513,321,1,9347.28,5.0
7978,3514,311,5,11362.72,0.0
7979,3515,829,4,21989.77,0.0
7980,3515,494,1,2526.78,15.0
7981,3515,380,2,10068.31,15.0
7982,3515,693,1,14898.91,0.0
7983,3516,832,2,9339.3,10.0
7984,3517,41,5,22568.02,15.0
7985,3518,561,5,863.13,0.0
7986,3518,117,2,4942.41,20.0
7987,3518,566,4,1155.19,0.0
7988,3519,108,2,23388.45,15.0
7989,3520,395,4,16130.97,10.0
7990,3520,728,3,1177.36,10.0
7991,3520,546,1,16500.34,0.0
7992,3520,541,5,12029.72,0.0
7993,3521,345,5,7900.55,15.0
7994,3521,196,4,10265.86,0.0
7995,3521,688,1,3002.55,15.0
7996,3522,779,3,19107.25,0.0
7997,3523,762,4,15418.59,15.0
7998,3524,32,3,1527.01,0.0
7999,3525,747,5,15965.2,0.0
8000,3525,703,3,14544.45,0.0
8001,3525,661,1,13705.81,20.0
8002,3526,714,5,26202.05,5.0
8003,3527,229,3,5530.88,10.0
8004,3528,96,3,14288.15,5.0
8005,3528,66,4,13143.99,0.0
8006,3528,292,4,15961.49,0.0
8007,3528,449,2,1431.85,15.0
8008,3529,195,1,1306.46,0.0
8009,3530,158,4,20098.55,20.0
8010,3530,259,4,20724.65,0.0
8011,3531,725,3,8996.66,5.0
8012,3531,39,5,7958.95,0.0
8013,3531,41,1,22568.02,20.0
8014,3532,857,3,9589.19,0.0
8015,3532,503,1,955.23,0.0
8016,3533,875,1,9752.68,20.0
8017,3533,880,3,18151.13,0.0
8018,3533,685,5,120.67,15.0
8019,3534,605,2,7517.98,0.0
8020,3535,330,1,12351.31,0.0
8021,3536,306,2,9467.51,0.0
8022,3537,127,2,14981.11,10.0
8023,3538,150,3,5234.7,0.0
8024,3538,550,5,9953.79,5.0
8025,3538,750,4,3277.38,10.0
8026,3539,485,3,12732.78,10.0
8027,3539,526,4,14453.05,20.0
8028,3539,436,4,6536.15,20.0
8029,3539,201,3,11298.96,15.0
8030,3539,748,4,15319.21,15.0
8031,3540,357,2,10102.76,0.0
8032,3540,326,1,16274.68,0.0
8033,3541,878,1,13434.69,0.0
8034,3542,455,1,6876.9,0.0
8035,3543,550,5,9953.79,0.0
8036,3544,333,2,6422.47,0.0
8037,3544,642,4,12368.27,10.0
8038,3545,45,3,19804.2,10.0
8039,3545,826,5,11073.3,0.0
8040,3545,514,5,25746.27,10.0
8041,3545,332,1,25511.86,5.0
8042,3545,331,5,6973.28,0.0
8043,3546,621,5,6617.04,0.0
8044,3546,593,5,17278.87,15.0
8045,3547,40,2,1150.22,20.0
8046,3548,611,1,6171.82,0.0
8047,3548,315,2,14818.85,0.0
8048,3549,1,4,23380.27,5.0
8049,3550,21,2,20625.3,10.0
8050,3551,145,5,12067.47,5.0
8051,3552,797,2,13841.65,20.0
8052,3553,383,2,11935.37,0.0
8053,3554,790,1,1388.1,0.0
8054,3554,661,1,13705.81,5.0
8055,3554,800,2,12138.75,5.0
8056,3555,91,3,11076.97,0.0
8057,3555,763,3,19381.27,0.0
8058,3555,861,5,8502.27,20.0
8059,3556,75,1,19138.34,5.0
8060,3556,19,5,22067.03,0.0
8061,3557,595,4,16876.57,0.0
8062,3557,867,1,3837.28,10.0
8063,3558,808,1,376.7,5.0
8064,3558,404,2,653.1,20.0
8065,3559,692,3,11530.12,0.0
8066,3559,808,3,376.7,0.0
8067,3560,435,2,13058.88,15.0
8068,3560,725,3,8996.66,0.0
8069,3561,161,5,15289.65,0.0
8070,3562,550,4,9953.79,0.0
8071,3562,893,4,17792.63,0.0
8072,3562,436,4,6536.15,10.0
8073,3562,439,5,9511.48,20.0
8074,3562,469,2,5321.69,5.0
8075,3563,97,5,12470.7,20.0
8076,3563,417,3,1519.73,0.0
8077,3564,833,4,16884.14,0.0
8078,3564,35,5,21434.65,5.0
8079,3564,69,1,7716.81,20.0
8080,3564,775,2,23675.41,5.0
8081,3564,312,2,13798.25,10.0
8082,3565,313,4,7494.19,0.0
8083,3566,145,3,12067.47,15.0
8084,3567,740,4,7772.66,15.0
8085,3567,313,4,7494.19,0.0
8086,3567,736,2,6120.5,0.0
8087,3567,688,4,3002.55,0.0
8088,3568,237,2,11209.85,0.0
8089,3569,662,1,6806.59,0.0
8090,3569,296,4,15359.82,10.0
8091,3569,414,2,166.83,5.0
8092,3570,633,5,15843.65,0.0
8093,3570,368,4,9973.43,0.0
8094,3570,683,4,16086.04,15.0
8095,3571,692,2,11530.12,20.0
8096,3571,771,3,2696.54,10.0
8097,3571,73,1,16451.55,0.0
8098,3572,487,1,1420.39,0.0
8099,3572,447,3,10631.16,0.0
8100,3573,427,2,16845.82,5.0
8101,3573,323,1,920.73,20.0
8102,3573,385,4,12324.69,0.0
8103,3574,165,3,19157.23,5.0
8104,3575,224,2,2233.05,10.0
8105,3575,74,4,21546.9,20.0
8106,3575,861,5,8502.27,0.0
8107,3576,801,4,3589.73,15.0
8108,3576,230,4,3957.6,20.0
8109,3576,505,2,10404.05,0.0
8110,3577,320,1,9179.45,0.0
8111,3577,802,5,4116.0,15.0
8112,3578,517,1,17350.23,0.0
8113,3578,149,3,10169.3,20.0
8114,3578,437,5,10772.97,10.0
8115,3579,865,5,1829.62,0.0
8116,3579,294,5,10981.7,0.0
8117,3580,868,4,18520.33,0.0
8118,3581,573,2,2928.56,0.0
8119,3581,436,3,6536.15,20.0
8120,3581,484,5,19113.34,5.0
8121,3581,854,5,16327.56,0.0
8122,3582,397,4,8299.19,10.0
8123,3582,356,2,4711.26,15.0
8124,3583,325,2,2187.51,0.0
8125,3583,72,3,9041.77,0.0
8126,3584,432,3,23302.07,5.0
8127,3584,769,4,19111.37,0.0
8128,3585,246,2,3854.15,5.0
8129,3586,574,1,6143.25,0.0
8130,3587,207,2,21338.76,0.0
8131,3587,336,1,226.24,0.0
8132,3587,302,5,16440.69,0.0
8133,3588,725,3,8996.66,20.0
8134,3588,565,5,11175.66,0.0
8135,3589,324,1,3772.01,15.0
8136,3590,418,3,9194.68,10.0
8137,3590,13,5,478.72,0.0
8138,3591,656,5,23607.08,0.0
8139,3592,384,4,5638.85,0.0
8140,3593,681,1,17950.56,0.0
8141,3593,838,5,19410.6,10.0
8142,3594,630,5,16772.79,10.0
8143,3595,678,4,2508.38,10.0
8144,3595,874,1,12083.32,20.0
8145,3595,97,3,12470.7,0.0
8146,3596,759,3,15948.11,0.0
8147,3596,800,5,12138.75,0.0
8148,3596,71,2,13770.82,5.0
8149,3597,290,3,12993.94,0.0
8150,3597,478,1,10570.88,0.0
8151,3598,275,4,10808.89,5.0
8152,3598,832,1,9339.3,0.0
8153,3598,350,3,2904.08,0.0
8154,3599,393,1,8735.87,0.0
8155,3599,315,4,14818.85,10.0
8156,3600,78,2,18768.02,15.0
8157,3600,483,5,7695.04,5.0
8158,3600,558,1,13963.41,20.0
8159,3601,300,5,6061.57,15.0
8160,3602,138,1,25438.29,0.0
8161,3602,509,5,8432.77,10.0
8162,3602,208,4,7812.53,10.0
8163,3603,802,2,4116.0,0.0
8164,3603,825,4,14217.62,0.0
8165,3604,710,5,11261.29,0.0
8166,3604,560,2,6942.79,20.0
8167,3605,571,1,10334.44,15.0
8168,3606,478,5,10570.88,0.0
8169,3607,68,4,21790.7,15.0
8170,3607,351,4,15160.62,10.0
8171,3608,435,1,13058.88,0.0
8172,3609,802,2,4116.0,10.0
8173,3609,493,1,7964.23,5.0
8174,3609,894,5,7760.97,0.0
8175,3609,413,5,347.03,5.0
8176,3610,393,4,8735.87,0.0
8177,3610,376,4,10430.96,0.0
8178,3610,598,5,16464.93,20.0
8179,3611,273,5,19263.38,15.0
8180,3611,40,5,1150.22,5.0
8181,3611,595,3,16876.57,0.0
8182,3611,443,1,1560.39,20.0
8183,3611,111,4,8344.65,0.0
8184,3612,423,1,1984.71,0.0
8185,3613,187,4,17579.96,10.0
8186,3613,444,4,17486.46,5.0
8187,3613,630,2,16772.79,20.0
8188,3614,245,2,13338.0,5.0
8189,3614,220,2,12963.27,5.0
8190,3614,180,2,1628.95,0.0
8191,3614,830,5,3011.17,5.0
8192,3615,74,2,21546.9,0.0
8193,3615,773,1,8183.79,5.0
8194,3616,124,4,13452.12,10.0
8195,3616,380,1,10068.31,15.0
8196,3617,847,5,13026.82,0.0
8197,3618,81,4,1166.71,0.0
8198,3618,900,4,17425.46,0.0
8199,3619,712,4,13003.78,0.0
8200,3619,695,2,17246.64,10.0
8201,3620,481,5,11306.0,5.0
8202,3621,883,2,1769.58,20.0
8203,3622,696,5,2491.11,5.0
8204,3623,654,1,16228.87,0.0
8205,3624,388,5,15425.62,5.0
8206,3625,742,4,12611.2,5.0
8207,3626,687,4,14696.63,10.0
8208,3626,572,4,19015.09,0.0
8209,3626,124,1,13452.12,0.0
8210,3627,399,3,20674.86,10.0
8211,3628,3,1,16184.82,5.0
8212,3628,766,4,10014.02,0.0
8213,3629,720,2,21429.07,20.0
8214,3629,168,1,2987.62,10.0
8215,3629,172,4,6290.87,20.0
8216,3630,727,5,19119.71,5.0
8217,3630,715,2,11935.81,10.0
8218,3630,373,5,9954.9,0.0
8219,3630,26,4,12446.22,10.0
8220,3631,407,5,7770.71,0.0
8221,3631,7,3,19612.77,15.0
8222,3631,776,4,20110.05,0.0
8223,3632,213,3,18912.24,0.0
8224,3633,440,4,21618.7,0.0
8225,3633,869,5,4059.75,5.0
8226,3634,636,5,7292.03,5.0
8227,3634,383,4,11935.37,0.0
8228,3634,11,1,19969.24,20.0
8229,3634,118,2,22241.66,0.0
8230,3634,692,1,11530.12,5.0
8231,3635,388,4,15425.62,15.0
8232,3635,685,1,120.67,20.0
8233,3636,537,5,17211.68,0.0
8234,3637,523,1,13665.96,5.0
8235,3638,616,2,18315.38,20.0
8236,3638,249,1,19528.8,0.0
8237,3638,11,5,19969.24,0.0
8238,3638,278,5,8494.62,0.0
8239,3639,564,4,2009.4,5.0
8240,3640,161,5,15289.65,5.0
8241,3641,529,5,8097.4,0.0
8242,3641,320,5,9179.45,10.0
8243,3641,128,2,13624.37,0.0
8244,3641,56,2,18137.71,0.0
8245,3641,99,5,20609.05,0.0
8246,3642,410,3,15870.26,10.0
8247,3642,443,2,1560.39,15.0
8248,3642,88,2,25475.34,0.0
8249,3643,839,1,14313.81,10.0
8250,3643,554,2,19734.11,15.0
8251,3643,396,5,751.13,0.0
8252,3644,181,1,11885.47,20.0
8253,3645,63,3,13615.65,0.0
8254,3645,799,5,8448.77,0.0
8255,3646,463,5,8811.92,5.0
8256,3646,526,1,14453.05,0.0
8257,3646,3,3,16184.82,0.0
8258,3647,272,2,8968.84,0.0
8259,3648,442,3,11650.88,10.0
8260,3648,373,2,9954.9,0.0
8261,3648,583,4,20840.66,0.0
8262,3649,590,1,9869.32,15.0
8263,3649,161,3,15289.65,15.0
8264,3649,616,4,18315.38,15.0
8265,3650,74,4,21546.9,0.0
8266,3650,852,1,3347.58,15.0
8267,3650,72,2,9041.77,5.0
8268,3650,746,1,6075.54,0.0
8269,3651,707,4,1274.87,0.0
8270,3652,39,2,7958.95,5.0
8271,3653,855,1,2959.91,20.0
8272,3653,192,5,18707.42,0.0
8273,3654,549,3,16311.06,20.0
8274,3654,828,1,25138.47,20.0
8275,3655,529,2,8097.4,0.0
8276,3655,609,4,8508.77,20.0
8277,3655,172,2,6290.87,0.0
8278,3656,837,5,264.26,5.0
8279,3656,184,4,14178.66,0.0
8280,3657,481,4,11306.0,10.0
8281,3658,496,4,19499.77,10.0
8282,3658,833,4,16884.14,0.0
8283,3658,691,2,16753.29,15.0
8284,3659,543,3,9638.42,0.0
8285,3659,802,5,4116.0,10.0
8286,3659,378,1,1654.61,0.0
8287,3659,153,5,1446.08,0.0
8288,3660,643,3,1936.54,10.0
8289,3660,665,3,4754.37,20.0
8290,3660,268,1,3037.03,20.0
8291,3661,267,3,16561.1,0.0
8292,3662,538,5,17194.4,0.0
8293,3663,681,3,17950.56,0.0
8294,3663,464,1,7633.05,0.0
8295,3663,281,5,2023.57,20.0
8296,3663,549,5,16311.06,5.0
8297,3664,697,3,2018.95,0.0
8298,3664,138,4,25438.29,20.0
8299,3664,845,4,24202.98,5.0
8300,3665,813,2,5532.46,0.0
8301,3665,446,2,18287.32,0.0
8302,3665,550,3,9953.79,5.0
8303,3666,680,2,2617.11,0.0
8304,3666,122,5,17327.18,10.0
8305,3666,813,5,5532.46,20.0
8306,3666,438,4,12263.95,0.0
8307,3667,93,3,7632.26,15.0
8308,3667,430,1,19127.25,5.0
8309,3667,574,3,6143.25,10.0
8310,3667,710,1,11261.29,15.0
8311,3667,91,5,11076.97,0.0
8312,3668,708,4,16924.57,0.0
8313,3669,436,5,6536.15,0.0
8314,3669,67,1,18601.02,5.0
8315,3669,871,3,8110.39,20.0
8316,3670,419,4,4421.89,0.0
8317,3671,500,2,6694.37,15.0
8318,3672,547,5,5521.08,10.0
8319,3673,741,3,16605.12,0.0
8320,3673,846,2,806.68,0.0
8321,3674,202,3,18119.01,5.0
8322,3674,137,5,10885.94,0.0
8323,3674,251,3,13337.74,0.0
8324,3674,188,1,11495.49,5.0
8325,3675,832,2,9339.3,20.0
8326,3675,844,1,8306.97,0.0
8327,3675,485,2,12732.78,10.0
8328,3675,494,4,2526.78,20.0
8329,3676,867,1,3837.28,15.0
8330,3677,364,3,18476.31,15.0
8331,3678,273,4,19263.38,0.0
8332,3678,499,3,21718.63,15.0
8333,3678,443,3,1560.39,20.0
8334,3678,613,3,5929.69,0.0
8335,3679,349,2,2689.14,0.0
8336,3680,567,5,14958.32,5.0
8337,3680,31,2,16628.09,0.0
8338,3680,76,2,8195.06,10.0
8339,3680,101,5,20043.36,15.0
8340,3681,830,3,3011.17,5.0
8341,3681,363,2,16290.66,15.0
8342,3681,439,2,9511.48,10.0
8343,3682,440,5,21618.7,0.0
8344,3682,72,2,9041.77,20.0
8345,3683,61,4,6502.87,10.0
8346,3684,525,3,14333.71,15.0
8347,3684,839,4,14313.81,5.0
8348,3684,318,2,7031.86,0.0
8349,3684,48,1,5117.57,0.0
8350,3685,852,1,3347.58,5.0
8351,3685,301,2,21720.03,0.0
8352,3686,229,4,5530.88,20.0
8353,3686,842,1,4816.41,20.0
8354,3686,236,2,4832.52,0.0
8355,3686,433,3,8284.46,0.0
8356,3687,674,1,11510.75,0.0
8357,3687,138,5,25438.29,0.0
8358,3688,331,2,6973.28,5.0
8359,3688,76,1,8195.06,10.0
8360,3688,21,1,20625.3,0.0
8361,3689,641,3,12480.0,5.0
8362,3689,589,2,326.42,0.0
8363,3689,430,2,19127.25,0.0
8364,3689,684,5,8576.21,0.0
8365,3689,53,4,7934.72,10.0
8366,3690,744,2,6614.57,0.0
8367,3690,273,4,19263.38,20.0
8368,3691,265,2,4344.64,20.0
8369,3691,413,4,347.03,0.0
8370,3692,468,1,9057.22,5.0
8371,3693,668,2,11556.92,0.0
8372,3694,645,1,15208.69,10.0
8373,3694,824,3,297.67,0.0
8374,3695,53,4,7934.72,15.0
8375,3696,101,3,20043.36,5.0
8376,3696,311,4,11362.72,15.0
8377,3696,396,2,751.13,5.0
8378,3697,656,2,23607.08,20.0
8379,3697,676,4,14315.33,15.0
8380,3697,487,3,1420.39,0.0
8381,3698,439,2,9511.48,0.0
8382,3698,759,5,15948.11,15.0
8383,3698,170,3,12133.1,5.0
8384,3699,315,5,14818.85,0.0
8385,3699,802,5,4116.0,0.0
8386,3700,101,1,20043.36,0.0
8387,3700,378,1,1654.61,10.0
8388,3701,522,5,14877.94,20.0
8389,3702,378,3,1654.61,10.0
8390,3702,278,3,8494.62,5.0
8391,3703,439,1,9511.48,0.0
8392,3703,899,2,21905.82,0.0
8393,3704,628,1,8593.46,0.0
8394,3705,608,3,622.02,0.0
8395,3705,736,1,6120.5,0.0
8396,3706,607,3,9557.3,0.0
8397,3707,886,1,7687.78,15.0
8398,3708,487,1,1420.39,15.0
8399,3708,217,2,4337.11,5.0
8400,3708,296,2,15359.82,0.0
8401,3709,218,4,25840.61,15.0
8402,3710,867,3,3837.28,0.0
8403,3710,607,3,9557.3,0.0
8404,3711,651,5,6091.61,10.0
8405,3712,56,3,18137.71,0.0
8406,3713,554,5,19734.11,0.0
8407,3714,666,2,16085.16,0.0
8408,3714,122,1,17327.18,10.0
8409,3714,306,4,9467.51,10.0
8410,3714,308,2,6864.25,0.0
8411,3715,104,1,1617.45,10.0
8412,3715,335,5,10357.5,0.0
8413,3715,365,4,22789.3,0.0
8414,3716,643,3,1936.54,15.0
8415,3717,495,1,16857.86,20.0
8416,3718,64,5,18539.77,0.0
8417,3718,623,4,5372.41,10.0
8418,3719,243,1,176.76,0.0
8419,3719,284,4,15548.25,0.0
8420,3719,316,3,7282.96,0.0
8421,3720,604,3,11660.05,0.0
8422,3721,231,1,18449.85,0.0
8423,3721,307,1,21906.91,0.0
8424,3722,642,3,12368.27,5.0
8425,3723,22,4,11230.85,5.0
8426,3723,636,4,7292.03,0.0
8427,3724,761,3,16718.68,5.0
8428,3725,345,3,7900.55,0.0
8429,3726,642,2,12368.27,0.0
8430,3727,699,1,4909.23,0.0
8431,3728,457,5,19959.82,10.0
8432,3728,759,5,15948.11,0.0
8433,3728,512,5,14169.19,15.0
8434,3728,802,4,4116.0,10.0
8435,3729,883,5,1769.58,0.0
8436,3729,395,2,16130.97,20.0
8437,3729,441,2,11305.42,0.0
8438,3729,522,4,14877.94,0.0
8439,3730,185,4,6278.2,0.0
8440,3731,276,2,6116.22,10.0
8441,3731,56,2,18137.71,0.0
8442,3731,369,4,6953.46,10.0
8443,3731,313,5,7494.19,10.0
8444,3732,255,2,17032.48,20.0
8445,3732,607,4,9557.3,0.0
8446,3732,325,3,2187.51,15.0
8447,3732,836,5,17573.65,0.0
8448,3733,534,1,10869.74,0.0
8449,3733,289,2,10379.0,0.0
8450,3733,585,2,10944.6,0.0
8451,3733,424,2,17174.37,0.0
8452,3733,157,1,10768.54,15.0
8453,3734,866,4,3834.44,0.0
8454,3734,114,5,7286.84,0.0
8455,3735,641,5,12480.0,0.0
8456,3736,94,4,15069.27,0.0
8457,3736,309,3,10625.07,0.0
8458,3736,164,2,25966.48,5.0
8459,3736,396,4,751.13,5.0
8460,3736,811,1,13234.53,20.0
8461,3737,647,2,8678.96,15.0
8462,3738,673,5,690.26,10.0
8463,3738,604,3,11660.05,5.0
8464,3738,489,3,7785.34,0.0
8465,3738,265,3,4344.64,0.0
8466,3739,599,1,442.03,0.0
8467,3739,72,2,9041.77,5.0
8468,3740,214,4,17220.63,0.0
8469,3741,76,1,8195.06,0.0
8470,3741,633,1,15843.65,0.0
8471,3742,474,4,10258.52,20.0
8472,3743,380,5,10068.31,5.0
8473,3743,778,3,20152.02,0.0
8474,3743,483,1,7695.04,0.0
8475,3744,496,2,19499.77,20.0
8476,3745,727,5,19119.71,0.0
8477,3746,870,2,4993.59,5.0
8478,3746,688,4,3002.55,0.0
8479,3746,89,4,18350.27,0.0
8480,3747,644,1,12974.58,15.0
8481,3747,768,2,16413.87,5.0
8482,3747,581,2,11564.32,15.0
8483,3747,614,5,21084.78,15.0
8484,3748,359,3,14548.05,0.0
8485,3749,618,2,13048.71,20.0
8486,3749,534,5,10869.74,0.0
8487,3749,489,3,7785.34,20.0
8488,3749,48,2,5117.57,10.0
8489,3750,457,2,19959.82,0.0
8490,3751,302,4,16440.69,0.0
8491,3751,393,5,8735.87,5.0
8492,3751,268,3,3037.03,10.0
8493,3752,382,1,9206.05,20.0
8494,3752,131,5,18666.46,0.0
8495,3752,858,3,23207.14,20.0
8496,3752,170,5,12133.1,0.0
8497,3752,737,5,16594.34,10.0
8498,3753,34,5,1148.2,0.0
8499,3753,521,2,20156.83,0.0
8500,3754,337,2,1562.71,0.0
8501,3754,728,3,1177.36,10.0
8502,3754,170,3,12133.1,0.0
8503,3755,106,1,10629.26,20.0
8504,3755,58,2,2190.76,20.0
8505,3756,102,3,7542.37,0.0
8506,3757,726,3,5419.14,20.0
8507,3757,352,1,11635.83,5.0
8508,3757,697,2,2018.95,20.0
8509,3757,281,2,2023.57,0.0
8510,3757,851,1,6264.06,5.0
8511,3758,460,1,20514.31,20.0
8512,3758,544,3,14987.27,15.0
8513,3759,96,4,14288.15,0.0
8514,3759,810,5,15563.4,5.0
8515,3760,117,4,4942.41,20.0
8516,3761,129,3,10907.63,0.0
8517,3761,622,2,8757.16,0.0
8518,3761,815,5,20541.91,5.0
8519,3762,900,5,17425.46,15.0
8520,3762,847,1,13026.82,20.0
8521,3762,101,3,20043.36,0.0
8522,3763,754,1,12241.6,15.0
8523,3764,897,5,966.91,5.0
8524,3764,478,1,10570.88,15.0
8525,3764,780,5,2481.3,10.0
8526,3765,338,5,17040.27,15.0
8527,3765,757,1,7147.34,0.0
8528,3766,759,3,15948.11,5.0
8529,3766,79,3,15602.76,15.0
8530,3767,434,4,16140.57,5.0
8531,3767,329,1,10046.75,15.0
8532,3768,548,4,17776.31,10.0
8533,3768,338,2,17040.27,0.0
8534,3768,122,2,17327.18,10.0
8535,3768,750,3,3277.38,0.0
8536,3769,68,3,21790.7,0.0
8537,3769,891,1,12910.53,15.0
8538,3769,882,3,8433.14,0.0
8539,3770,557,5,4875.77,15.0
8540,3771,205,5,16137.25,0.0
8541,3771,279,5,3292.56,20.0
8542,3772,384,1,5638.85,15.0
8543,3772,470,4,14455.32,10.0
8544,3773,206,4,5960.03,10.0
8545,3773,780,2,2481.3,10.0
8546,3773,750,4,3277.38,10.0
8547,3773,295,5,18202.38,0.0
8548,3773,189,4,2064.84,0.0
8549,3774,362,1,17099.97,0.0
8550,3774,476,1,19019.08,5.0
8551,3775,750,3,3277.38,15.0
8552,3776,549,2,16311.06,0.0
8553,3776,629,2,12346.5,10.0
8554,3777,53,2,7934.72,15.0
8555,3777,282,4,19801.39,0.0
8556,3777,3,5,16184.82,0.0
8557,3777,588,2,4546.5,0.0
8558,3777,406,5,5693.41,20.0
8559,3778,878,1,13434.69,15.0
8560,3779,133,2,18760.28,20.0
8561,3779,450,1,5004.29,5.0
8562,3779,822,4,4952.16,5.0
8563,3780,592,4,4181.43,0.0
8564,3781,794,3,20250.02,0.0
8565,3782,529,4,8097.4,10.0
8566,3782,209,2,7178.41,10.0
8567,3782,5,3,8313.51,10.0
8568,3783,706,3,12213.81,0.0
8569,3783,430,4,19127.25,15.0
8570,3783,500,5,6694.37,20.0
8571,3783,153,1,1446.08,10.0
8572,3783,598,1,16464.93,5.0
8573,3784,30,3,18303.29,20.0
8574,3784,37,4,14064.14,0.0
8575,3785,219,5,5457.35,20.0
8576,3785,593,4,17278.87,0.0
8577,3785,454,5,12204.15,5.0
8578,3786,308,3,6864.25,0.0
8579,3786,703,1,14544.45,0.0
8580,3786,178,2,14238.81,10.0
8581,3786,274,5,8564.4,0.0
8582,3787,874,1,12083.32,0.0
8583,3787,271,5,20542.32,0.0
8584,3788,509,1,8432.77,20.0
8585,3789,125,1,2129.68,0.0
8586,3789,559,3,10518.45,0.0
8587,3790,564,2,2009.4,0.0
8588,3790,658,3,25361.82,15.0
8589,3791,653,5,10229.17,20.0
8590,3791,367,4,14113.51,10.0
8591,3791,703,3,14544.45,10.0
8592,3791,614,1,21084.78,10.0
8593,3792,307,4,21906.91,0.0
8594,3792,427,5,16845.82,0.0
8595,3792,672,2,5939.35,0.0
8596,3793,9,3,17153.33,5.0
8597,3793,311,1,11362.72,15.0
8598,3793,418,4,9194.68,0.0
8599,3794,306,1,9467.51,0.0
8600,3794,55,3,2583.6,0.0
8601,3794,418,1,9194.68,0.0
8602,3794,446,1,18287.32,5.0
8603,3795,721,1,18878.1,20.0
8604,3795,871,5,8110.39,0.0
8605,3796,104,1,1617.45,10.0
8606,3797,752,2,16802.42,0.0
8607,3798,49,4,12463.05,0.0
8608,3799,264,2,19387.68,0.0
8609,3800,817,5,14780.14,15.0
8610,3800,447,4,10631.16,0.0
8611,3800,880,2,18151.13,10.0
8612,3801,284,4,15548.25,20.0
8613,3802,569,4,17022.92,0.0
8614,3802,584,4,8995.37,0.0
8615,3803,295,3,18202.38,5.0
8616,3803,750,1,3277.38,10.0
8617,3804,716,2,4599.1,20.0
8618,3805,475,5,6938.61,20.0
8619,3806,612,5,5006.24,0.0
8620,3806,136,4,8942.91,0.0
8621,3806,846,2,806.68,10.0
8622,3807,871,2,8110.39,15.0
8623,3807,765,3,810.63,0.0
8624,3808,583,2,20840.66,0.0
8625,3808,137,4,10885.94,20.0
8626,3808,132,1,7609.15,5.0
8627,3809,723,2,4606.01,0.0
8628,3809,586,1,15918.44,0.0
8629,3809,369,2,6953.46,15.0
8630,3809,843,3,11008.41,20.0
8631,3810,419,2,4421.89,10.0
8632,3810,405,4,6628.43,0.0
8633,3811,46,2,6966.04,0.0
8634,3811,395,4,16130.97,0.0
8635,3811,213,5,18912.24,10.0
8636,3812,415,4,7434.55,0.0
8637,3813,452,3,22746.4,10.0
8638,3813,824,1,297.67,0.0
8639,3814,804,1,21201.2,0.0
8640,3814,744,2,6614.57,0.0
8641,3814,286,2,239.57,0.0
8642,3815,894,3,7760.97,15.0
8643,3815,696,2,2491.11,0.0
8644,3815,291,3,3444.93,5.0
8645,3816,636,1,7292.03,20.0
8646,3817,375,1,192.08,20.0
8647,3818,233,4,12825.71,5.0
8648,3819,329,4,10046.75,10.0
8649,3820,367,1,14113.51,10.0
8650,3821,441,3,11305.42,0.0
8651,3822,682,3,9240.58,10.0
8652,3822,694,3,11604.18,0.0
8653,3822,575,2,13808.3,20.0
8654,3823,629,3,12346.5,10.0
8655,3823,866,2,3834.44,0.0
8656,3824,821,2,17002.37,5.0
8657,3825,786,2,14084.23,0.0
8658,3825,1,5,23380.27,0.0
8659,3826,407,3,7770.71,0.0
8660,3826,73,5,16451.55,0.0
8661,3827,76,5,8195.06,0.0
8662,3827,320,1,9179.45,0.0
8663,3828,183,1,23501.6,0.0
8664,3828,389,4,3509.61,0.0
8665,3829,783,3,803.8,0.0
8666,3829,264,2,19387.68,0.0
8667,3830,681,1,17950.56,0.0
8668,3831,726,4,5419.14,5.0
8669,3832,712,3,13003.78,0.0
8670,3832,825,5,14217.62,0.0
8671,3832,387,3,22309.26,0.0
8672,3832,183,4,23501.6,0.0
8673,3832,81,1,1166.71,20.0
8674,3833,352,5,11635.83,0.0
8675,3834,205,4,16137.25,0.0
8676,3835,194,2,2770.23,5.0
8677,3835,379,5,1624.86,0.0
8678,3835,242,1,15852.16,20.0
8679,3835,217,4,4337.11,0.0
8680,3836,396,2,751.13,0.0
8681,3836,377,3,23965.45,0.0
8682,3836,549,5,16311.06,15.0
8683,3837,697,3,2018.95,20.0
8684,3838,211,5,5660.73,0.0
8685,3838,43,4,18751.29,20.0
8686,3839,815,2,20541.91,5.0
8687,3840,759,2,15948.11,15.0
8688,3840,415,5,7434.55,5.0
8689,3840,767,2,12752.82,0.0
8690,3841,685,1,120.67,0.0
8691,3842,818,2,10237.03,10.0
8692,3842,761,2,16718.68,10.0
8693,3843,153,5,1446.08,0.0
8694,3843,814,3,3387.53,5.0
8695,3843,546,3,16500.34,15.0
8696,3844,569,4,17022.92,0.0
8697,3845,81,2,1166.71,0.0
8698,3846,814,3,3387.53,0.0
8699,3846,159,2,19350.16,0.0
8700,3846,275,1,10808.89,5.0
8701,3846,886,5,7687.78,10.0
8702,3847,817,1,14780.14,5.0
8703,3847,637,2,9909.0,20.0
8704,3847,399,4,20674.86,0.0
8705,3848,600,4,13416.18,15.0
8706,3848,303,5,18231.15,15.0
8707,3849,734,1,13296.98,20.0
8708,3849,697,2,2018.95,15.0
8709,3850,597,4,1518.2,10.0
8710,3850,188,5,11495.49,0.0
8711,3851,423,3,1984.71,0.0
8712,3851,302,5,16440.69,20.0
8713,3852,745,5,11543.63,0.0
8714,3852,356,1,4711.26,10.0
8715,3853,696,4,2491.11,5.0
8716,3854,884,1,15919.32,20.0
8717,3854,318,3,7031.86,5.0
8718,3854,45,1,19804.2,10.0
8719,3854,752,2,16802.42,0.0
8720,3854,792,1,2850.88,15.0
8721,3855,525,5,14333.71,0.0
8722,3856,175,5,8473.93,20.0
8723,3856,453,1,11216.79,0.0
8724,3856,121,3,10353.6,0.0
8725,3856,655,5,8938.91,0.0
8726,3857,166,4,2581.81,0.0
8727,3857,112,3,12897.57,20.0
8728,3858,873,5,1014.59,0.0
8729,3859,168,2,2987.62,20.0
8730,3860,386,5,14759.78,0.0
8731,3860,805,1,15525.28,15.0
8732,3861,527,5,4372.63,15.0
8733,3861,123,4,15484.22,10.0
8734,3861,800,3,12138.75,0.0
8735,3861,247,5,1089.6,20.0
8736,3861,790,4,1388.1,15.0
8737,3862,371,5,1636.75,10.0
8738,3863,582,5,19075.76,10.0
8739,3864,615,4,13741.69,20.0
8740,3864,160,1,20635.35,0.0
8741,3864,627,3,14763.79,15.0
8742,3864,450,5,5004.29,20.0
8743,3865,140,3,10101.86,0.0
8744,3865,162,5,13421.66,15.0
8745,3865,862,4,4517.96,0.0
8746,3865,39,5,7958.95,0.0
8747,3866,459,2,1008.42,15.0
8748,3866,245,3,13338.0,15.0
8749,3867,765,2,810.63,0.0
8750,3867,221,1,21061.36,0.0
8751,3868,365,4,22789.3,20.0
8752,3868,897,4,966.91,0.0
8753,3868,850,2,22317.22,10.0
8754,3869,130,4,12847.98,15.0
8755,3869,73,4,16451.55,0.0
8756,3869,897,5,966.91,15.0
8757,3869,357,4,10102.76,0.0
8758,3870,218,4,25840.61,0.0
8759,3870,424,5,17174.37,5.0
8760,3871,848,4,15587.71,0.0
8761,3871,120,5,9678.0,0.0
8762,3872,642,5,12368.27,5.0
8763,3873,481,1,11306.0,5.0
8764,3873,400,2,19421.92,5.0
8765,3874,93,5,7632.26,20.0
8766,3874,1,5,23380.27,0.0
8767,3874,781,5,15990.77,5.0
8768,3874,383,1,11935.37,20.0
8769,3875,688,5,3002.55,5.0
8770,3875,768,3,16413.87,0.0
8771,3876,677,1,13881.44,20.0
8772,3876,265,4,4344.64,15.0
8773,3877,295,4,18202.38,0.0
8774,3878,267,2,16561.1,5.0
8775,3878,645,5,15208.69,20.0
8776,3878,31,2,16628.09,0.0
8777,3878,811,1,13234.53,0.0
8778,3879,234,1,10860.79,20.0
8779,3879,609,4,8508.77,15.0
8780,3879,360,5,11713.02,0.0
8781,3879,196,1,10265.86,0.0
8782,3879,114,2,7286.84,0.0
8783,3880,852,5,3347.58,5.0
8784,3880,835,1,13235.32,15.0
8785,3880,564,4,2009.4,20.0
8786,3881,13,5,478.72,0.0
8787,3881,674,4,11510.75,20.0
8788,3881,896,1,24756.56,5.0
8789,3882,29,1,2346.21,0.0
8790,3882,364,5,18476.31,0.0
8791,3883,301,3,21720.03,0.0
8792,3884,773,1,8183.79,5.0
8793,3884,837,2,264.26,15.0
8794,3884,197,2,20568.54,20.0
8795,3884,329,3,10046.75,5.0
8796,3884,231,1,18449.85,0.0
8797,3885,83,3,7572.59,0.0
8798,3885,69,3,7716.81,10.0
8799,3885,255,1,17032.48,0.0
8800,3886,379,2,1624.86,0.0
8801,3886,553,2,11099.68,5.0
8802,3886,713,2,26684.64,10.0
8803,3887,28,4,15441.58,10.0
8804,3888,53,5,7934.72,20.0
8805,3889,604,3,11660.05,10.0
8806,3889,440,1,21618.7,0.0
8807,3890,824,5,297.67,0.0
8808,3891,337,5,1562.71,0.0
8809,3891,466,3,10734.42,10.0
8810,3892,60,4,12772.87,0.0
8811,3892,492,3,9662.3,15.0
8812,3892,837,4,264.26,20.0
8813,3893,14,1,10692.32,0.0
8814,3893,860,5,11880.54,0.0
8815,3894,804,5,21201.2,10.0
8816,3894,560,1,6942.79,15.0
8817,3895,46,3,6966.04,5.0
8818,3896,324,2,3772.01,20.0
8819,3897,92,1,18578.14,10.0
8820,3897,848,3,15587.71,0.0
8821,3898,703,2,14544.45,5.0
8822,3898,696,3,2491.11,20.0
8823,3899,308,4,6864.25,0.0
8824,3899,825,1,14217.62,20.0
8825,3900,483,4,7695.04,0.0
8826,3900,658,1,25361.82,0.0
8827,3901,334,5,14837.25,15.0
8828,3901,440,2,21618.7,0.0
8829,3902,572,1,19015.09,15.0
8830,3903,729,1,12919.83,10.0
8831,3903,872,5,15107.17,15.0
8832,3904,10,2,7250.5,20.0
8833,3905,676,5,14315.33,0.0
8834,3905,327,2,15380.04,0.0
8835,3906,641,3,12480.0,0.0
8836,3906,303,1,18231.15,5.0
8837,3906,589,3,326.42,20.0
8838,3907,792,5,2850.88,10.0
8839,3907,638,1,17008.83,0.0
8840,3908,769,1,19111.37,0.0
8841,3908,49,5,12463.05,0.0
8842,3908,450,3,5004.29,10.0
8843,3908,387,4,22309.26,20.0
8844,3908,876,1,6589.16,0.0
8845,3909,734,4,13296.98,15.0
8846,3909,417,2,1519.73,0.0
8847,3910,839,4,14313.81,20.0
8848,3911,815,5,20541.91,0.0
8849,3911,508,3,4967.5,5.0
8850,3911,860,1,11880.54,0.0
8851,3911,131,1,18666.46,5.0
8852,3911,215,4,4666.45,0.0
8853,3912,705,4,4673.98,0.0
8854,3912,186,3,9740.85,0.0
8855,3913,333,3,6422.47,0.0
8856,3913,757,4,7147.34,20.0
8857,3914,519,5,18767.62,10.0
8858,3915,848,2,15587.71,0.0
8859,3916,334,3,14837.25,15.0
8860,3916,216,5,14201.95,20.0
8861,3917,320,4,9179.45,0.0
8862,3918,99,4,20609.05,20.0
8863,3918,415,3,7434.55,20.0
8864,3918,221,1,21061.36,5.0
8865,3918,94,1,15069.27,0.0
8866,3918,435,1,13058.88,0.0
8867,3919,120,1,9678.0,5.0
8868,3919,136,4,8942.91,0.0
8869,3919,767,3,12752.82,20.0
8870,3920,334,5,14837.25,0.0
8871,3920,429,2,8645.08,15.0
8872,3921,520,5,1057.04,0.0
8873,3922,241,5,11844.31,15.0
8874,3922,19,4,22067.03,20.0
8875,3923,401,3,3916.76,10.0
8876,3923,456,3,6661.55,20.0
8877,3923,232,5,12332.61,15.0
8878,3924,37,1,14064.14,10.0
8879,3925,299,4,7106.85,0.0
8880,3926,147,3,2349.15,0.0
8881,3926,452,4,22746.4,0.0
8882,3926,67,4,18601.02,0.0
8883,3926,737,5,16594.34,5.0
8884,3926,618,4,13048.71,0.0
8885,3927,765,2,810.63,0.0
8886,3927,820,1,20062.61,20.0
8887,3927,486,4,18912.84,0.0
8888,3928,138,3,25438.29,10.0
8889,3929,234,3,10860.79,15.0
8890,3929,19,2,22067.03,5.0
8891,3929,864,2,2259.89,0.0
8892,3929,37,4,14064.14,10.0
8893,3930,693,1,14898.91,0.0
8894,3930,246,5,3854.15,20.0
8895,3931,289,1,10379.0,0.0
8896,3932,446,1,18287.32,10.0
8897,3933,542,2,3615.52,15.0
8898,3933,628,2,8593.46,10.0
8899,3934,793,1,4803.54,10.0
8900,3934,116,1,8610.05,10.0
8901,3934,307,4,21906.91,10.0
8902,3934,366,3,16239.91,20.0
8903,3934,18,1,4419.93,0.0
8904,3935,77,3,13954.67,0.0
8905,3935,182,3,16329.46,0.0
8906,3936,539,3,249.52,0.0
8907,3936,618,3,13048.71,20.0
8908,3936,693,2,14898.91,0.0
8909,3936,82,2,14774.58,0.0
8910,3936,134,5,17132.5,0.0
8911,3937,700,4,14408.43,0.0
8912,3938,802,3,4116.0,5.0
8913,3938,711,2,16182.19,5.0
8914,3939,646,1,5805.21,0.0
8915,3939,304,5,23466.92,10.0
8916,3939,659,3,2808.44,0.0
8917,3940,763,3,19381.27,10.0
8918,3940,7,3,19612.77,15.0
8919,3940,198,1,12806.33,0.0
8920,3940,508,2,4967.5,0.0
8921,3940,395,5,16130.97,10.0
8922,3941,139,3,7956.39,0.0
8923,3942,888,3,2244.3,0.0
8924,3942,73,2,16451.55,20.0
8925,3943,442,1,11650.88,0.0
8926,3943,878,2,13434.69,15.0
8927,3944,644,2,12974.58,0.0
8928,3945,890,4,10049.64,15.0
8929,3945,851,5,6264.06,0.0
8930,3945,431,5,24437.6,0.0
8931,3946,758,1,305.37,20.0
8932,3946,156,1,963.21,0.0
8933,3947,51,5,11484.39,10.0
8934,3947,520,2,1057.04,0.0
8935,3947,494,2,2526.78,0.0
8936,3948,620,5,12173.09,10.0
8937,3948,85,4,4996.1,20.0
8938,3948,646,1,5805.21,0.0
8939,3949,680,5,2617.11,15.0
8940,3949,750,1,3277.38,10.0
8941,3950,532,5,14811.49,0.0
8942,3950,432,3,23302.07,10.0
8943,3950,184,5,14178.66,0.0
8944,3951,840,5,14874.45,0.0
8945,3951,608,4,622.02,5.0
8946,3951,447,5,10631.16,5.0
8947,3952,163,2,10971.24,15.0
8948,3953,527,1,4372.63,15.0
8949,3953,280,5,14095.63,0.0
8950,3954,497,3,15989.14,0.0
8951,3955,597,5,1518.2,0.0
8952,3956,871,2,8110.39,20.0
8953,3956,835,4,13235.32,0.0
8954,3957,402,4,789.81,5.0
8955,3957,366,5,16239.91,15.0
8956,3957,783,1,803.8,0.0
8957,3957,522,1,14877.94,20.0
8958,3958,333,2,6422.47,15.0
8959,3958,248,2,19406.63,5.0
8960,3958,432,2,23302.07,0.0
8961,3958,466,3,10734.42,0.0
8962,3958,581,4,11564.32,0.0
8963,3959,608,3,622.02,0.0
8964,3959,387,4,22309.26,5.0
8965,3959,418,3,9194.68,10.0
8966,3959,825,3,14217.62,10.0
8967,3959,89,1,18350.27,10.0
8968,3960,51,1,11484.39,5.0
8969,3960,495,1,16857.86,0.0
8970,3961,656,3,23607.08,20.0
8971,3962,875,2,9752.68,0.0
8972,3962,361,5,10596.43,20.0
8973,3963,220,4,12963.27,0.0
8974,3964,547,4,5521.08,15.0
8975,3964,674,1,11510.75,10.0
8976,3964,720,1,21429.07,5.0
8977,3964,731,3,960.03,0.0
8978,3964,696,4,2491.11,15.0
8979,3965,815,1,20541.91,15.0
8980,3965,445,1,1123.05,10.0
8981,3965,613,5,5929.69,15.0
8982,3966,631,1,24606.76,5.0
8983,3966,717,4,3248.01,0.0
8984,3967,7,5,19612.77,15.0
8985,3968,113,2,21843.22,0.0
8986,3968,712,2,13003.78,20.0
8987,3968,689,3,13071.47,20.0
8988,3969,138,4,25438.29,15.0
8989,3969,701,3,621.06,10.0
8990,3970,365,2,22789.3,5.0
8991,3970,241,1,11844.31,20.0
8992,3970,763,1,19381.27,0.0
8993,3970,264,3,19387.68,15.0
8994,3970,21,5,20625.3,20.0
8995,3971,86,1,17346.97,5.0
8996,3972,481,5,11306.0,0.0
8997,3972,486,4,18912.84,0.0
8998,3972,527,1,4372.63,0.0
8999,3972,705,3,4673.98,0.0
9000,3973,523,4,13665.96,0.0
9001,3973,178,4,14238.81,0.0
9002,3974,579,4,16420.05,20.0
9003,3975,842,2,4816.41,5.0
9004,3975,516,1,4294.23,15.0
9005,3975,706,3,12213.81,20.0
9006,3975,887,1,9495.11,20.0
9007,3976,552,5,4733.75,20.0
9008,3977,611,3,6171.82,5.0
9009,3978,826,5,11073.3,20.0
9010,3978,542,2,3615.52,0.0
9011,3978,412,3,17012.64,5.0
9012,3979,319,4,9389.36,0.0
9013,3979,855,4,2959.91,0.0
9014,3980,705,5,4673.98,10.0
9015,3981,526,2,14453.05,15.0
9016,3981,106,1,10629.26,0.0
9017,3982,252,5,14825.98,15.0
9018,3983,106,3,10629.26,20.0
9019,3984,277,2,13719.42,0.0
9020,3985,469,3,5321.69,0.0
9021,3985,463,5,8811.92,0.0
9022,3985,329,1,10046.75,20.0
9023,3985,776,1,20110.05,0.0
9024,3986,605,5,7517.98,10.0
9025,3986,713,3,26684.64,5.0
9026,3987,428,4,21239.63,15.0
9027,3987,676,4,14315.33,10.0
9028,3988,398,4,13400.93,10.0
9029,3988,654,5,16228.87,10.0
9030,3988,732,1,8129.26,15.0
9031,3988,33,5,2593.22,5.0
9032,3988,889,5,15442.59,10.0
9033,3989,591,2,6697.37,10.0
9034,3989,524,1,10408.88,0.0
9035,3989,241,1,11844.31,20.0
9036,3989,717,2,3248.01,5.0
9037,3990,625,3,7044.62,20.0
9038,3991,494,3,2526.78,0.0
9039,3991,293,4,282.61,15.0
9040,3991,896,2,24756.56,15.0
9041,3992,375,3,192.08,15.0
9042,3993,513,1,10655.97,20.0
9043,3993,894,3,7760.97,10.0
9044,3993,570,3,15355.66,0.0
9045,3994,584,2,8995.37,0.0
9046,3994,754,3,12241.6,20.0
9047,3995,872,5,15107.17,15.0
9048,3995,725,5,8996.66,0.0
9049,3995,292,1,15961.49,0.0
9050,3995,198,4,12806.33,20.0
9051,3996,888,1,2244.3,20.0
9052,3996,304,5,23466.92,5.0
9053,3997,345,4,7900.55,0.0
9054,3997,240,1,3443.85,0.0
9055,3998,326,5,16274.68,15.0
9056,3998,816,1,13450.11,0.0
9057,3998,585,4,10944.6,0.0
9058,3999,237,1,11209.85,0.0
9059,3999,173,2,7108.82,5.0
9060,3999,657,5,11502.62,0.0
9061,4000,285,2,16720.01,10.0
9062,4000,152,3,11106.45,0.0
9063,4000,587,3,3058.79,0.0
9064,4001,779,5,19107.25,0.0
9065,4001,8,2,19040.64,20.0
9066,4001,39,3,7958.95,0.0
9067,4001,706,5,12213.81,0.0
9068,4001,725,2,8996.66,0.0
9069,4002,673,4,690.26,0.0
9070,4002,829,3,21989.77,0.0
9071,4003,392,3,956.75,20.0
9072,4003,281,1,2023.57,0.0
9073,4003,101,5,20043.36,0.0
9074,4004,170,5,12133.1,0.0
9075,4004,763,1,19381.27,0.0
9076,4004,751,1,3818.67,0.0
9077,4005,831,2,6625.61,15.0
9078,4005,124,5,13452.12,0.0
9079,4005,223,5,13128.85,0.0
9080,4005,583,3,20840.66,0.0
9081,4005,592,4,4181.43,0.0
9082,4006,828,5,25138.47,0.0
9083,4007,843,5,11008.41,0.0
9084,4008,515,3,19735.52,15.0
9085,4008,657,2,11502.62,20.0
9086,4009,669,2,17245.4,15.0
9087,4010,705,1,4673.98,10.0
9088,4010,724,5,11703.57,5.0
9089,4011,23,1,11954.03,10.0
9090,4011,681,1,17950.56,0.0
9091,4012,457,1,19959.82,15.0
9092,4012,54,3,12660.77,0.0
9093,4013,834,1,11307.94,5.0
9094,4013,574,3,6143.25,15.0
9095,4013,535,3,5770.15,5.0
9096,4013,141,2,1692.85,15.0
9097,4013,835,1,13235.32,15.0
9098,4014,196,3,10265.86,0.0
9099,4014,444,5,17486.46,0.0
9100,4014,786,5,14084.23,5.0
9101,4015,422,4,189.31,10.0
9102,4015,705,1,4673.98,20.0
9103,4016,632,3,10665.66,15.0
9104,4016,319,1,9389.36,0.0
9105,4016,824,2,297.67,0.0
9106,4017,665,2,4754.37,0.0
9107,4018,17,4,19447.69,20.0
9108,4018,406,5,5693.41,10.0
9109,4018,570,4,15355.66,10.0
9110,4019,846,2,806.68,10.0
9111,4019,63,3,13615.65,0.0
9112,4019,729,1,12919.83,0.0
9113,4019,689,1,13071.47,0.0
9114,4019,140,4,10101.86,20.0
9115,4020,703,1,14544.45,0.0
9116,4021,817,5,14780.14,0.0
9117,4022,341,5,22578.93,10.0
9118,4023,37,4,14064.14,0.0
9119,4023,350,5,2904.08,20.0
9120,4023,680,4,2617.11,15.0
9121,4023,761,1,16718.68,20.0
9122,4024,98,2,17528.8,0.0
9123,4024,322,3,14630.46,0.0
9124,4025,142,5,21163.93,5.0
9125,4025,428,5,21239.63,10.0
9126,4026,788,1,5720.07,10.0
9127,4027,347,5,9249.35,0.0
9128,4027,630,2,16772.79,0.0
9129,4028,631,3,24606.76,0.0
9130,4028,834,5,11307.94,20.0
9131,4029,354,3,17320.16,0.0
9132,4029,36,3,8033.06,20.0
9133,4030,608,3,622.02,0.0
9134,4030,381,3,17535.49,10.0
9135,4030,287,1,4169.74,0.0
9136,4031,714,3,26202.05,10.0
9137,4031,585,3,10944.6,0.0
9138,4032,651,5,6091.61,0.0
9139,4033,615,4,13741.69,15.0
9140,4033,846,2,806.68,0.0
9141,4034,24,3,18317.93,5.0
9142,4034,582,5,19075.76,15.0
9143,4035,567,2,14958.32,10.0
9144,4036,778,2,20152.02,0.0
9145,4036,165,1,19157.23,20.0
9146,4036,357,5,10102.76,10.0
9147,4036,105,3,9554.98,5.0
9148,4037,859,4,1089.58,0.0
9149,4037,378,4,1654.61,20.0
9150,4038,833,3,16884.14,10.0
9151,4038,198,1,12806.33,0.0
9152,4038,208,3,7812.53,5.0
9153,4039,775,4,23675.41,10.0
9154,4039,338,3,17040.27,20.0
9155,4040,150,5,5234.7,0.0
9156,4041,773,4,8183.79,20.0
9157,4042,839,4,14313.81,20.0
9158,4043,14,2,10692.32,0.0
9159,4043,407,4,7770.71,0.0
9160,4044,433,5,8284.46,20.0
9161,4045,189,5,2064.84,15.0
9162,4045,288,4,6504.36,0.0
9163,4046,516,4,4294.23,0.0
9164,4046,324,5,3772.01,0.0
9165,4046,86,4,17346.97,10.0
9166,4046,353,3,7643.82,5.0
9167,4047,717,2,3248.01,5.0
9168,4048,436,1,6536.15,0.0
9169,4048,490,2,6372.79,0.0
9170,4048,393,3,8735.87,0.0
9171,4048,792,2,2850.88,0.0
9172,4048,700,5,14408.43,20.0
9173,4049,680,5,2617.11,15.0
9174,4049,372,5,9597.28,15.0
9175,4049,317,1,14112.86,15.0
9176,4050,808,4,376.7,5.0
9177,4051,401,4,3916.76,20.0
9178,4051,314,1,18006.61,0.0
9179,4052,799,4,8448.77,5.0
9180,4053,468,2,9057.22,5.0
9181,4054,622,1,8757.16,5.0
9182,4055,510,2,19375.24,20.0
9183,4055,697,2,2018.95,5.0
9184,4055,507,3,12654.25,15.0
9185,4055,776,4,20110.05,5.0
9186,4056,710,4,11261.29,15.0
9187,4056,821,1,17002.37,5.0
9188,4057,676,3,14315.33,20.0
9189,4057,759,5,15948.11,15.0
9190,4057,131,3,18666.46,20.0
9191,4057,838,3,19410.6,15.0
9192,4057,201,4,11298.96,0.0
9193,4058,551,2,23156.44,5.0
9194,4058,736,1,6120.5,0.0
9195,4059,349,4,2689.14,10.0
9196,4059,661,1,13705.81,10.0
9197,4060,227,3,2720.12,5.0
9198,4060,648,4,5724.05,5.0
9199,4060,245,1,13338.0,0.0
9200,4060,767,2,12752.82,20.0
9201,4060,119,2,21039.52,15.0
9202,4061,614,5,21084.78,0.0
9203,4062,188,5,11495.49,10.0
9204,4062,315,5,14818.85,0.0
9205,4063,14,4,10692.32,20.0
9206,4063,556,3,13361.23,10.0
9207,4063,852,4,3347.58,0.0
9208,4063,603,5,7330.01,15.0
9209,4064,789,4,12946.63,0.0
9210,4064,275,4,10808.89,5.0
9211,4064,101,1,20043.36,0.0
9212,4065,199,4,10359.07,0.0
9213,4065,588,1,4546.5,0.0
9214,4066,323,3,920.73,20.0
9215,4066,866,5,3834.44,10.0
9216,4066,669,4,17245.4,0.0
9217,4066,490,5,6372.79,15.0
9218,4067,605,2,7517.98,10.0
9219,4068,146,5,15804.83,15.0
9220,4068,470,2,14455.32,0.0
9221,4069,807,5,15923.26,15.0
9222,4070,832,1,9339.3,0.0
9223,4070,208,5,7812.53,15.0
9224,4070,668,5,11556.92,0.0
9225,4071,696,5,2491.11,0.0
9226,4071,456,3,6661.55,0.0
9227,4072,368,1,9973.43,0.0
9228,4073,600,2,13416.18,0.0
9229,4073,446,4,18287.32,0.0
9230,4074,565,2,11175.66,5.0
9231,4074,645,5,15208.69,20.0
9232,4075,338,2,17040.27,0.0
9233,4075,693,2,14898.91,0.0
9234,4075,35,4,21434.65,0.0
9235,4076,874,2,12083.32,0.0
9236,4077,178,4,14238.81,0.0
9237,4077,17,5,19447.69,0.0
9238,4077,331,1,6973.28,0.0
9239,4078,627,4,14763.79,20.0
9240,4079,379,3,1624.86,20.0
9241,4079,412,2,17012.64,0.0
9242,4079,318,1,7031.86,5.0
9243,4079,818,4,10237.03,15.0
9244,4079,705,5,4673.98,15.0
9245,4080,563,4,5661.49,5.0
9246,4080,588,3,4546.5,0.0
9247,4081,373,4,9954.9,0.0
9248,4082,436,2,6536.15,5.0
9249,4082,212,1,23358.43,5.0
9250,4083,249,2,19528.8,0.0
9251,4084,438,3,12263.95,5.0
9252,4084,516,2,4294.23,0.0
9253,4085,213,3,18912.24,0.0
9254,4086,764,2,3971.86,0.0
9255,4086,10,5,7250.5,0.0
9256,4086,282,1,19801.39,15.0
9257,4087,164,1,25966.48,20.0
9258,4088,564,5,2009.4,5.0
9259,4088,355,2,3894.18,0.0
9260,4089,495,4,16857.86,10.0
9261,4089,439,2,9511.48,10.0
9262,4090,246,4,3854.15,20.0
9263,4090,518,4,2509.06,0.0
9264,4091,18,2,4419.93,0.0
9265,4091,538,4,17194.4,0.0
9266,4091,531,3,9020.83,0.0
9267,4092,252,3,14825.98,15.0
9268,4093,596,3,3968.53,0.0
9269,4094,863,3,10272.35,15.0
9270,4094,821,5,17002.37,10.0
9271,4094,605,5,7517.98,0.0
9272,4095,549,1,16311.06,20.0
9273,4096,721,5,18878.1,10.0
9274,4097,434,1,16140.57,20.0
9275,4097,803,3,7424.51,0.0
9276,4097,10,4,7250.5,0.0
9277,4098,299,5,7106.85,0.0
9278,4098,755,2,144.02,15.0
9279,4098,847,2,13026.82,20.0
9280,4098,877,5,10559.02,15.0
9281,4098,539,1,249.52,15.0
9282,4099,646,4,5805.21,5.0
9283,4099,82,5,14774.58,0.0
9284,4099,706,3,12213.81,20.0
9285,4100,64,3,18539.77,0.0
9286,4100,353,3,7643.82,20.0
9287,4100,646,2,5805.21,10.0
9288,4100,702,2,1292.78,0.0
9289,4100,822,5,4952.16,0.0
9290,4101,459,3,1008.42,0.0
9291,4102,794,1,20250.02,0.0
9292,4103,747,4,15965.2,0.0
9293,4103,264,5,19387.68,0.0
9294,4103,823,1,16691.74,5.0
9295,4104,565,3,11175.66,20.0
9296,4104,692,1,11530.12,0.0
9297,4104,464,3,7633.05,5.0
9298,4105,224,1,2233.05,0.0
9299,4106,556,2,13361.23,0.0
9300,4106,755,4,144.02,10.0
9301,4106,425,4,4926.04,5.0
9302,4106,346,4,8215.18,5.0
9303,4106,868,2,18520.33,5.0
9304,4107,654,2,16228.87,0.0
9305,4108,592,3,4181.43,0.0
9306,4108,520,1,1057.04,10.0
9307,4109,708,4,16924.57,15.0
9308,4109,163,4,10971.24,0.0
9309,4110,148,2,17262.89,5.0
9310,4111,203,1,12755.01,0.0
9311,4111,232,4,12332.61,15.0
9312,4111,707,2,1274.87,0.0
9313,4111,622,4,8757.16,20.0
9314,4111,522,2,14877.94,0.0
9315,4112,736,4,6120.5,0.0
9316,4112,101,3,20043.36,10.0
9317,4112,106,4,10629.26,15.0
9318,4113,73,3,16451.55,15.0
9319,4113,122,4,17327.18,5.0
9320,4114,631,1,24606.76,10.0
9321,4114,204,4,1265.16,0.0
9322,4114,537,4,17211.68,10.0
9323,4115,68,5,21790.7,0.0
9324,4115,580,3,17938.87,20.0
9325,4115,169,3,16308.93,0.0
9326,4116,231,5,18449.85,15.0
9327,4116,341,5,22578.93,15.0
9328,4117,313,5,7494.19,20.0
9329,4117,63,3,13615.65,20.0
9330,4118,372,3,9597.28,10.0
9331,4118,644,2,12974.58,10.0
9332,4119,233,5,12825.71,5.0
9333,4119,769,4,19111.37,10.0
9334,4120,846,3,806.68,20.0
9335,4120,134,1,17132.5,20.0
9336,4120,689,2,13071.47,15.0
9337,4121,405,3,6628.43,20.0
9338,4122,576,5,3125.72,0.0
9339,4123,479,2,8268.21,0.0
9340,4124,685,5,120.67,5.0
9341,4125,770,5,5579.14,5.0
9342,4125,168,1,2987.62,20.0
9343,4126,37,5,14064.14,0.0
9344,4126,124,4,13452.12,0.0
9345,4127,68,2,21790.7,20.0
9346,4127,644,2,12974.58,0.0
9347,4127,681,4,17950.56,0.0
9348,4127,805,3,15525.28,0.0
9349,4128,160,1,20635.35,5.0
9350,4128,741,4,16605.12,0.0
9351,4129,508,2,4967.5,5.0
9352,4129,56,1,18137.71,5.0
9353,4130,496,5,19499.77,10.0
9354,4130,796,2,15083.08,0.0
9355,4130,362,4,17099.97,10.0
9356,4130,240,3,3443.85,15.0
9357,4131,863,5,10272.35,0.0
9358,4131,693,4,14898.91,10.0
9359,4131,706,1,12213.81,15.0
9360,4132,500,3,6694.37,20.0
9361,4132,821,5,17002.37,20.0
9362,4133,617,2,17544.22,5.0
9363,4134,373,4,9954.9,0.0
9364,4135,51,1,11484.39,0.0
9365,4136,299,4,7106.85,15.0
9366,4136,46,3,6966.04,5.0
9367,4137,455,1,6876.9,10.0
9368,4138,604,4,11660.05,15.0
9369,4138,85,3,4996.1,0.0
9370,4138,56,2,18137.71,5.0
9371,4138,146,5,15804.83,0.0
9372,4139,889,3,15442.59,5.0
9373,4140,380,4,10068.31,15.0
9374,4141,167,4,14506.97,0.0
9375,4141,240,1,3443.85,0.0
9376,4142,733,5,10948.51,20.0
9377,4143,404,5,653.1,0.0
9378,4143,135,1,4472.34,10.0
9379,4144,338,3,17040.27,10.0
9380,4144,197,1,20568.54,0.0
9381,4145,752,3,16802.42,5.0
9382,4146,305,1,2031.07,10.0
9383,4146,340,5,3550.22,5.0
9384,4146,702,5,1292.78,0.0
9385,4146,635,2,15794.51,0.0
9386,4147,567,2,14958.32,10.0
9387,4147,532,2,14811.49,15.0
9388,4147,162,4,13421.66,0.0
9389,4148,327,3,15380.04,20.0
9390,4149,197,2,20568.54,0.0
9391,4150,36,2,8033.06,15.0
9392,4150,816,3,13450.11,10.0
9393,4150,871,5,8110.39,0.0
9394,4151,484,5,19113.34,10.0
9395,4151,838,4,19410.6,5.0
9396,4151,565,3,11175.66,15.0
9397,4151,471,2,13086.13,15.0
9398,4152,321,3,9347.28,5.0
9399,4152,769,5,19111.37,0.0
9400,4152,312,2,13798.25,5.0
9401,4153,407,5,7770.71,20.0
9402,4154,488,1,13455.56,0.0
9403,4155,298,5,15463.87,0.0
9404,4155,665,1,4754.37,0.0
9405,4155,653,5,10229.17,0.0
9406,4155,248,2,19406.63,0.0
9407,4155,427,5,16845.82,0.0
9408,4156,18,5,4419.93,0.0
9409,4156,521,2,20156.83,10.0
9410,4157,680,4,2617.11,0.0
9411,4157,267,5,16561.1,10.0
9412,4157,36,4,8033.06,20.0
9413,4157,79,4,15602.76,10.0
9414,4157,211,2,5660.73,5.0
9415,4158,71,1,13770.82,0.0
9416,4159,559,1,10518.45,0.0
9417,4160,336,3,226.24,20.0
9418,4160,39,1,7958.95,0.0
9419,4160,817,5,14780.14,0.0
9420,4160,758,5,305.37,0.0
9421,4160,706,4,12213.81,20.0
9422,4161,473,3,2408.3,0.0
9423,4161,11,1,19969.24,20.0
9424,4161,395,5,16130.97,0.0
9425,4161,78,4,18768.02,20.0
9426,4161,19,1,22067.03,10.0
9427,4162,473,1,2408.3,10.0
9428,4162,495,5,16857.86,10.0
9429,4162,765,5,810.63,0.0
9430,4162,269,4,11513.31,10.0
9431,4163,121,3,10353.6,0.0
9432,4163,372,1,9597.28,5.0
9433,4163,756,3,8569.79,0.0
9434,4164,548,2,17776.31,5.0
9435,4165,259,1,20724.65,20.0
9436,4165,869,5,4059.75,10.0
9437,4166,503,1,955.23,10.0
9438,4166,748,5,15319.21,10.0
9439,4166,362,4,17099.97,20.0
9440,4166,502,2,8596.35,15.0
9441,4167,356,4,4711.26,20.0
9442,4168,568,3,1091.56,0.0
9443,4169,635,2,15794.51,0.0
9444,4169,210,4,12962.87,0.0
9445,4169,165,4,19157.23,0.0
9446,4170,247,3,1089.6,15.0
9447,4170,427,1,16845.82,15.0
9448,4170,799,1,8448.77,0.0
9449,4170,87,5,19036.03,15.0
9450,4170,607,2,9557.3,10.0
9451,4171,447,3,10631.16,20.0
9452,4172,573,3,2928.56,0.0
9453,4172,56,2,18137.71,0.0
9454,4172,237,4,11209.85,0.0
9455,4172,77,5,13954.67,0.0
9456,4173,662,2,6806.59,5.0
9457,4173,189,2,2064.84,5.0
9458,4173,354,5,17320.16,0.0
9459,4173,480,2,11927.56,0.0
9460,4173,544,1,14987.27,0.0
9461,4174,42,1,10082.43,10.0
9462,4174,71,1,13770.82,0.0
9463,4175,539,5,249.52,15.0
9464,4176,271,2,20542.32,15.0
9465,4177,844,4,8306.97,20.0
9466,4177,98,3,17528.8,0.0
9467,4177,62,2,13136.19,20.0
9468,4177,80,1,7681.36,15.0
9469,4177,33,3,2593.22,15.0
9470,4178,120,1,9678.0,10.0
9471,4178,330,3,12351.31,15.0
9472,4178,517,1,17350.23,0.0
9473,4179,311,2,11362.72,15.0
9474,4179,110,3,20953.8,0.0
9475,4179,170,1,12133.1,0.0
9476,4180,187,2,17579.96,10.0
9477,4180,405,1,6628.43,10.0
9478,4180,479,4,8268.21,0.0
9479,4180,822,5,4952.16,0.0
9480,4180,43,4,18751.29,10.0
9481,4181,111,3,8344.65,0.0
9482,4181,615,1,13741.69,0.0
9483,4181,96,1,14288.15,0.0
9484,4181,33,4,2593.22,15.0
9485,4182,66,3,13143.99,10.0
9486,4182,44,2,8591.33,20.0
9487,4182,580,3,17938.87,10.0
9488,4183,479,2,8268.21,5.0
9489,4183,344,2,5524.58,0.0
9490,4183,897,4,966.91,10.0
9491,4184,700,3,14408.43,5.0
9492,4184,198,3,12806.33,0.0
9493,4184,750,5,3277.38,20.0
9494,4185,197,3,20568.54,20.0
9495,4185,663,1,11192.43,15.0
9496,4185,387,3,22309.26,10.0
9497,4186,359,4,14548.05,0.0
9498,4186,462,4,19988.3,0.0
9499,4187,444,4,17486.46,0.0
9500,4187,135,1,4472.34,0.0
9501,4187,473,2,2408.3,20.0
9502,4187,74,1,21546.9,0.0
9503,4187,60,1,12772.87,5.0
9504,4188,880,1,18151.13,0.0
9505,4188,513,5,10655.97,20.0
9506,4189,884,5,15919.32,5.0
9507,4189,668,1,11556.92,5.0
9508,4190,732,4,8129.26,0.0
9509,4191,314,2,18006.61,20.0
9510,4192,179,2,3471.92,10.0
9511,4192,425,3,4926.04,0.0
9512,4193,548,3,17776.31,15.0
9513,4193,239,5,15822.1,15.0
9514,4193,194,3,2770.23,0.0
9515,4194,872,4,15107.17,5.0
9516,4194,633,4,15843.65,15.0
9517,4194,164,4,25966.48,0.0
9518,4195,121,4,10353.6,0.0
9519,4195,829,1,21989.77,0.0
9520,4196,456,5,6661.55,5.0
9521,4196,70,5,24783.28,20.0
9522,4197,586,2,15918.44,0.0
9523,4197,875,5,9752.68,0.0
9524,4198,306,1,9467.51,20.0
9525,4199,192,3,18707.42,0.0
9526,4199,649,5,14601.66,20.0
9527,4200,887,1,9495.11,5.0
9528,4201,379,2,1624.86,20.0
9529,4201,752,5,16802.42,10.0
9530,4202,270,4,16271.78,15.0
9531,4202,27,1,10463.86,0.0
9532,4203,421,1,4302.81,5.0
9533,4203,696,4,2491.11,0.0
9534,4203,796,2,15083.08,5.0
9535,4204,16,2,19747.45,20.0
9536,4204,337,2,1562.71,20.0
9537,4205,438,3,12263.95,10.0
9538,4205,289,3,10379.0,15.0
9539,4205,459,3,1008.42,0.0
9540,4205,21,2,20625.3,0.0
9541,4206,501,1,14745.03,20.0
9542,4207,102,1,7542.37,0.0
9543,4207,332,4,25511.86,0.0
9544,4207,755,5,144.02,10.0
9545,4208,57,1,8529.28,0.0
9546,4209,877,2,10559.02,0.0
9547,4210,374,4,276.26,0.0
9548,4210,730,4,11885.24,0.0
9549,4211,145,4,12067.47,20.0
9550,4211,377,5,23965.45,5.0
9551,4211,17,2,19447.69,5.0
9552,4211,827,3,17333.78,20.0
9553,4211,28,5,15441.58,5.0
9554,4212,152,2,11106.45,0.0
9555,4212,873,3,1014.59,0.0
9556,4213,234,3,10860.79,20.0
9557,4214,790,4,1388.1,5.0
9558,4215,88,2,25475.34,20.0
9559,4215,539,4,249.52,20.0
9560,4215,802,4,4116.0,0.0
9561,4215,523,4,13665.96,0.0
9562,4215,817,4,14780.14,0.0
9563,4216,353,2,7643.82,10.0
9564,4216,554,1,19734.11,20.0
9565,4216,272,4,8968.84,10.0
9566,4216,588,2,4546.5,20.0
9567,4217,202,3,18119.01,0.0
9568,4217,277,2,13719.42,0.0
9569,4218,321,5,9347.28,5.0
9570,4218,608,4,622.02,0.0
9571,4218,609,4,8508.77,0.0
9572,4218,87,4,19036.03,5.0
9573,4218,58,2,2190.76,0.0
9574,4219,71,5,13770.82,0.0
9575,4219,552,2,4733.75,0.0
9576,4219,435,1,13058.88,5.0
9577,4220,297,2,17238.41,5.0
9578,4221,184,5,14178.66,5.0
9579,4221,538,2,17194.4,0.0
9580,4222,225,5,6873.83,5.0
9581,4222,318,4,7031.86,15.0
9582,4222,836,4,17573.65,0.0
9583,4223,135,1,4472.34,0.0
9584,4223,268,3,3037.03,20.0
9585,4223,373,4,9954.9,0.0
9586,4223,203,5,12755.01,0.0
9587,4224,709,4,7686.85,10.0
9588,4224,10,3,7250.5,5.0
9589,4225,34,2,1148.2,15.0
9590,4225,291,5,3444.93,0.0
9591,4226,463,4,8811.92,0.0
9592,4226,199,3,10359.07,5.0
9593,4227,623,5,5372.41,15.0
9594,4228,486,2,18912.84,0.0
9595,4229,388,5,15425.62,0.0
9596,4230,514,4,25746.27,5.0
9597,4230,164,4,25966.48,15.0
9598,4230,591,2,6697.37,0.0
9599,4231,79,2,15602.76,0.0
9600,4231,221,4,21061.36,5.0
9601,4231,375,5,192.08,20.0
9602,4231,29,5,2346.21,0.0
9603,4232,437,4,10772.97,0.0
9604,4232,488,3,13455.56,5.0
9605,4233,587,5,3058.79,20.0
9606,4233,339,4,13518.37,10.0
9607,4233,880,3,18151.13,5.0
9608,4233,375,2,192.08,5.0
9609,4233,278,4,8494.62,0.0
9610,4234,114,1,7286.84,5.0
9611,4234,498,5,21474.1,10.0
9612,4235,575,2,13808.3,10.0
9613,4236,12,3,10935.76,0.0
9614,4237,481,1,11306.0,0.0
9615,4237,119,4,21039.52,0.0
9616,4237,170,1,12133.1,5.0
9617,4238,277,2,13719.42,10.0
9618,4238,145,5,12067.47,5.0
9619,4239,639,5,2960.19,10.0
9620,4240,349,1,2689.14,0.0
9621,4240,622,5,8757.16,10.0
9622,4240,588,3,4546.5,0.0
9623,4241,428,3,21239.63,15.0
9624,4242,5,2,8313.51,15.0
9625,4242,862,3,4517.96,5.0
9626,4243,617,3,17544.22,5.0
9627,4243,220,2,12963.27,10.0
9628,4243,553,1,11099.68,0.0
9629,4244,702,4,1292.78,0.0
9630,4245,67,4,18601.02,0.0
9631,4246,335,1,10357.5,20.0
9632,4246,630,1,16772.79,5.0
9633,4247,9,3,17153.33,0.0
9634,4247,74,1,21546.9,0.0
9635,4247,466,5,10734.42,15.0
9636,4248,484,4,19113.34,0.0
9637,4249,139,5,7956.39,0.0
9638,4249,678,5,2508.38,0.0
9639,4250,752,5,16802.42,5.0
9640,4250,83,3,7572.59,15.0
9641,4250,672,1,5939.35,0.0
9642,4251,745,3,11543.63,0.0
9643,4252,745,2,11543.63,0.0
9644,4253,293,2,282.61,0.0
9645,4253,839,4,14313.81,0.0
9646,4253,493,4,7964.23,0.0
9647,4253,177,5,9631.34,20.0
9648,4254,648,4,5724.05,0.0
9649,4255,675,4,12507.1,0.0
9650,4256,699,3,4909.23,15.0
9651,4257,825,1,14217.62,15.0
9652,4257,520,5,1057.04,20.0
9653,4258,832,2,9339.3,10.0
9654,4259,141,5,1692.85,0.0
9655,4259,526,2,14453.05,0.0
9656,4260,561,1,863.13,20.0
9657,4261,547,1,5521.08,0.0
9658,4261,377,3,23965.45,0.0
9659,4262,804,5,21201.2,15.0
9660,4263,168,2,2987.62,0.0
9661,4263,812,3,2387.49,10.0
9662,4264,459,2,1008.42,5.0
9663,4264,654,5,16228.87,0.0
9664,4264,648,1,5724.05,0.0
9665,4264,870,5,4993.59,0.0
9666,4264,842,1,4816.41,0.0
9667,4265,431,3,24437.6,0.0
9668,4266,361,4,10596.43,0.0
9669,4266,860,3,11880.54,5.0
9670,4267,668,2,11556.92,0.0
9671,4267,553,2,11099.68,0.0
9672,4268,345,2,7900.55,0.0
9673,4268,18,5,4419.93,0.0
9674,4268,126,1,9886.31,20.0
9675,4269,80,2,7681.36,5.0
9676,4270,136,4,8942.91,0.0
9677,4270,33,5,2593.22,0.0
9678,4270,86,2,17346.97,15.0
9679,4271,893,4,17792.63,5.0
9680,4271,570,2,15355.66,0.0
9681,4272,557,2,4875.77,10.0
9682,4272,553,5,11099.68,10.0
9683,4272,418,4,9194.68,0.0
9684,4273,780,5,2481.3,20.0
9685,4273,340,1,3550.22,0.0
9686,4274,213,2,18912.24,0.0
9687,4274,539,1,249.52,20.0
9688,4275,633,4,15843.65,10.0
9689,4276,677,1,13881.44,20.0
9690,4276,129,2,10907.63,15.0
9691,4276,57,1,8529.28,20.0
9692,4276,714,4,26202.05,20.0
9693,4277,402,5,789.81,0.0
9694,4277,858,1,23207.14,15.0
9695,4278,76,3,8195.06,0.0
9696,4279,259,3,20724.65,10.0
9697,4279,423,2,1984.71,0.0
9698,4279,817,5,14780.14,5.0
9699,4280,20,5,377.42,0.0
9700,4280,54,1,12660.77,0.0
9701,4281,14,5,10692.32,10.0
9702,4282,83,5,7572.59,5.0
9703,4282,207,2,21338.76,0.0
9704,4282,711,1,16182.19,0.0
9705,4282,274,2,8564.4,10.0
9706,4283,165,5,19157.23,15.0
9707,4284,244,1,7472.45,5.0
9708,4284,756,1,8569.79,20.0
9709,4284,432,1,23302.07,0.0
9710,4285,862,2,4517.96,15.0
9711,4285,573,5,2928.56,0.0
9712,4285,639,1,2960.19,0.0
9713,4286,371,1,1636.75,0.0
9714,4287,310,1,20036.92,0.0
9715,4287,577,2,20570.33,15.0
9716,4287,494,1,2526.78,10.0
9717,4288,437,1,10772.97,0.0
9718,4288,687,1,14696.63,10.0
9719,4288,844,3,8306.97,0.0
9720,4288,247,2,1089.6,0.0
9721,4289,138,2,25438.29,5.0
9722,4290,884,4,15919.32,20.0
9723,4291,388,2,15425.62,0.0
9724,4291,831,2,6625.61,20.0
9725,4292,280,3,14095.63,10.0
9726,4292,317,2,14112.86,0.0
9727,4293,899,4,21905.82,0.0
9728,4293,872,1,15107.17,5.0
9729,4293,220,1,12963.27,5.0
9730,4294,32,4,1527.01,0.0
9731,4295,559,5,10518.45,0.0
9732,4295,268,4,3037.03,0.0
9733,4296,807,5,15923.26,10.0
9734,4296,526,1,14453.05,0.0
9735,4296,630,2,16772.79,10.0
9736,4297,689,2,13071.47,0.0
9737,4298,220,2,12963.27,15.0
9738,4298,281,2,2023.57,0.0
9739,4299,18,1,4419.93,0.0
9740,4300,843,3,11008.41,20.0
9741,4300,400,4,19421.92,5.0
9742,4301,155,1,3485.16,5.0
9743,4301,366,3,16239.91,0.0
9744,4302,632,5,10665.66,20.0
9745,4303,28,5,15441.58,5.0
9746,4303,255,3,17032.48,5.0
9747,4303,722,4,2404.11,10.0
9748,4303,103,1,8717.09,20.0
9749,4303,446,2,18287.32,20.0
9750,4304,573,3,2928.56,0.0
9751,4305,731,3,960.03,5.0
9752,4305,718,4,17963.95,15.0
9753,4305,438,5,12263.95,0.0
9754,4305,118,5,22241.66,5.0
9755,4305,151,4,21510.83,5.0
9756,4306,694,1,11604.18,0.0
9757,4306,654,5,16228.87,0.0
9758,4307,771,5,2696.54,0.0
9759,4307,285,3,16720.01,15.0
9760,4308,831,4,6625.61,15.0
9761,4309,679,4,5924.78,10.0
9762,4310,497,2,15989.14,15.0
9763,4311,897,2,966.91,0.0
9764,4311,321,4,9347.28,15.0
9765,4312,507,5,12654.25,10.0
9766,4312,466,2,10734.42,0.0
9767,4313,196,2,10265.86,0.0
9768,4314,29,1,2346.21,0.0
9769,4315,557,3,4875.77,0.0
9770,4316,821,4,17002.37,20.0
9771,4317,73,5,16451.55,0.0
9772,4317,611,3,6171.82,0.0
9773,4318,391,2,12976.53,15.0
9774,4318,278,5,8494.62,20.0
9775,4318,723,1,4606.01,15.0
9776,4318,444,4,17486.46,0.0
9777,4319,890,3,10049.64,5.0
9778,4320,67,1,18601.02,0.0
9779,4320,805,2,15525.28,0.0
9780,4320,311,5,11362.72,5.0
9781,4321,786,5,14084.23,10.0
9782,4321,28,3,15441.58,0.0
9783,4321,7,3,19612.77,0.0
9784,4322,246,2,3854.15,10.0
9785,4322,685,1,120.67,0.0
9786,4323,669,2,17245.4,0.0
9787,4323,220,2,12963.27,5.0
9788,4323,441,4,11305.42,0.0
9789,4323,48,2,5117.57,15.0
9790,4323,403,1,7812.31,15.0
9791,4324,430,2,19127.25,0.0
9792,4324,848,4,15587.71,20.0
9793,4324,550,5,9953.79,15.0
9794,4324,45,4,19804.2,5.0
9795,4325,46,3,6966.04,10.0
9796,4325,345,2,7900.55,15.0
9797,4326,727,5,19119.71,0.0
9798,4327,810,5,15563.4,5.0
9799,4328,143,3,7946.56,5.0
9800,4328,333,3,6422.47,20.0
9801,4328,345,1,7900.55,10.0
9802,4329,649,5,14601.66,0.0
9803,4330,597,1,1518.2,15.0
9804,4331,252,2,14825.98,0.0
9805,4332,682,2,9240.58,0.0
9806,4333,803,4,7424.51,0.0
9807,4333,523,5,13665.96,0.0
9808,4333,98,4,17528.8,0.0
9809,4334,336,1,226.24,0.0
9810,4334,627,4,14763.79,5.0
9811,4335,259,4,20724.65,15.0
9812,4335,585,5,10944.6,15.0
9813,4335,98,1,17528.8,5.0
9814,4336,64,1,18539.77,0.0
9815,4336,403,5,7812.31,10.0
9816,4337,449,1,1431.85,5.0
9817,4337,69,4,7716.81,0.0
9818,4337,320,5,9179.45,5.0
9819,4337,488,3,13455.56,0.0
9820,4338,863,1,10272.35,15.0
9821,4339,432,4,23302.07,0.0
9822,4339,311,3,11362.72,15.0
9823,4339,816,5,13450.11,5.0
9824,4340,318,4,7031.86,5.0
9825,4341,381,1,17535.49,5.0
9826,4342,112,3,12897.57,0.0
9827,4343,394,4,15875.45,10.0
9828,4343,601,3,17591.52,0.0
9829,4344,553,3,11099.68,15.0
9830,4344,23,4,11954.03,0.0
9831,4344,657,3,11502.62,15.0
9832,4344,282,5,19801.39,0.0
9833,4345,461,4,14975.0,0.0
9834,4345,833,3,16884.14,0.0
9835,4345,141,1,1692.85,0.0
9836,4345,626,1,12352.87,0.0
9837,4345,96,5,14288.15,0.0
9838,4346,70,2,24783.28,5.0
9839,4346,598,2,16464.93,5.0
9840,4347,705,3,4673.98,5.0
9841,4347,309,1,10625.07,5.0
9842,4347,600,5,13416.18,0.0
9843,4348,604,2,11660.05,10.0
9844,4349,68,3,21790.7,0.0
9845,4350,495,1,16857.86,0.0
9846,4350,838,5,19410.6,15.0
9847,4350,596,5,3968.53,20.0
9848,4350,709,5,7686.85,15.0
9849,4350,463,5,8811.92,15.0
9850,4351,677,1,13881.44,0.0
9851,4352,171,3,18491.26,20.0
9852,4352,527,1,4372.63,0.0
9853,4352,284,5,15548.25,15.0
9854,4353,523,2,13665.96,0.0
9855,4353,277,1,13719.42,5.0
9856,4354,288,4,6504.36,0.0
9857,4354,183,1,23501.6,0.0
9858,4355,498,4,21474.1,15.0
9859,4355,63,5,13615.65,15.0
9860,4356,58,4,2190.76,0.0
9861,4356,82,5,14774.58,0.0
9862,4356,118,1,22241.66,20.0
9863,4357,532,3,14811.49,15.0
9864,4357,108,1,23388.45,5.0
9865,4357,835,4,13235.32,0.0
9866,4357,589,1,326.42,10.0
9867,4357,475,5,6938.61,10.0
9868,4358,343,4,15859.82,0.0
9869,4359,446,1,18287.32,5.0
9870,4359,700,1,14408.43,5.0
9871,4359,505,2,10404.05,20.0
9872,4360,339,1,13518.37,15.0
9873,4360,266,4,20675.58,0.0
9874,4360,899,1,21905.82,10.0
9875,4360,216,4,14201.95,10.0
9876,4361,520,5,1057.04,0.0
9877,4361,379,1,1624.86,0.0
9878,4361,591,3,6697.37,15.0
9879,4361,185,3,6278.2,10.0
9880,4362,645,4,15208.69,20.0
9881,4362,105,4,9554.98,20.0
9882,4363,96,5,14288.15,0.0
9883,4363,851,1,6264.06,20.0
9884,4363,21,4,20625.3,0.0
9885,4364,822,1,4952.16,10.0
9886,4364,485,3,12732.78,0.0
9887,4365,236,5,4832.52,5.0
9888,4366,884,2,15919.32,15.0
9889,4366,675,4,12507.1,0.0
9890,4366,658,4,25361.82,0.0
9891,4366,718,3,17963.95,20.0
9892,4366,670,5,12689.21,20.0
9893,4367,124,1,13452.12,15.0
9894,4367,161,3,15289.65,0.0
9895,4367,791,1,11554.95,0.0
9896,4368,540,3,2472.01,10.0
9897,4368,187,4,17579.96,0.0
9898,4368,745,2,11543.63,15.0
9899,4368,835,1,13235.32,0.0
9900,4369,889,1,15442.59,0.0
9901,4369,705,5,4673.98,0.0
9902,4370,236,5,4832.52,0.0
9903,4370,524,5,10408.88,5.0
9904,4370,488,2,13455.56,10.0
9905,4371,401,5,3916.76,0.0
9906,4372,49,4,12463.05,0.0
9907,4372,10,4,7250.5,0.0
9908,4372,196,4,10265.86,20.0
9909,4373,531,1,9020.83,15.0
9910,4373,72,5,9041.77,20.0
9911,4373,340,1,3550.22,15.0
9912,4374,438,5,12263.95,0.0
9913,4375,794,3,20250.02,0.0
9914,4376,421,4,4302.81,0.0
9915,4376,887,2,9495.11,5.0
9916,4376,439,3,9511.48,5.0
9917,4376,573,1,2928.56,0.0
9918,4376,624,5,15309.66,10.0
9919,4377,696,3,2491.11,0.0
9920,4377,416,5,11392.81,20.0
9921,4378,683,3,16086.04,10.0
9922,4379,290,4,12993.94,20.0
9923,4379,592,2,4181.43,0.0
9924,4379,836,3,17573.65,0.0
9925,4379,176,2,10671.88,20.0
9926,4380,875,2,9752.68,0.0
9927,4381,166,5,2581.81,0.0
9928,4382,153,2,1446.08,10.0
9929,4383,58,5,2190.76,0.0
9930,4383,64,1,18539.77,0.0
9931,4383,898,4,9944.45,20.0
9932,4384,581,2,11564.32,0.0
9933,4384,180,5,1628.95,0.0
9934,4384,522,1,14877.94,0.0
9935,4384,208,1,7812.53,10.0
9936,4385,823,2,16691.74,0.0
9937,4386,229,4,5530.88,15.0
9938,4386,814,5,3387.53,20.0
9939,4386,306,4,9467.51,5.0
9940,4386,739,4,22380.63,0.0
9941,4387,3,4,16184.82,0.0
9942,4387,712,1,13003.78,20.0
9943,4388,600,2,13416.18,5.0
9944,4389,667,4,11155.15,0.0
9945,4389,260,2,7198.0,10.0
9946,4389,869,4,4059.75,0.0
9947,4390,375,4,192.08,0.0
9948,4390,526,1,14453.05,0.0
9949,4390,873,1,1014.59,20.0
9950,4391,392,4,956.75,0.0
9951,4392,550,1,9953.79,20.0
9952,4393,225,2,6873.83,15.0
9953,4393,900,2,17425.46,10.0
9954,4394,300,4,6061.57,0.0
9955,4394,396,1,751.13,5.0
9956,4394,700,2,14408.43,0.0
9957,4394,688,5,3002.55,20.0
9958,4395,637,4,9909.0,0.0
9959,4395,620,4,12173.09,10.0
9960,4396,716,2,4599.1,5.0
9961,4397,506,4,2449.21,15.0
9962,4397,330,2,12351.31,20.0
9963,4397,720,4,21429.07,0.0
9964,4397,15,2,9257.31,0.0
9965,4398,167,2,14506.97,0.0
9966,4399,755,4,144.02,10.0
9967,4399,596,5,3968.53,20.0
9968,4399,826,1,11073.3,20.0
9969,4399,837,1,264.26,20.0
9970,4400,818,5,10237.03,15.0
9971,4400,772,4,18195.11,5.0
9972,4401,609,1,8508.77,5.0
9973,4401,449,2,1431.85,5.0
9974,4401,537,4,17211.68,5.0
9975,4402,417,3,1519.73,10.0
9976,4402,680,4,2617.11,0.0
9977,4403,142,2,21163.93,0.0
9978,4403,463,3,8811.92,0.0
9979,4403,75,5,19138.34,20.0
9980,4403,684,4,8576.21,15.0
9981,4403,744,1,6614.57,10.0
9982,4404,440,4,21618.7,0.0
9983,4405,148,4,17262.89,15.0
9984,4405,442,1,11650.88,20.0
9985,4405,500,4,6694.37,10.0
9986,4405,533,3,20970.41,0.0
9987,4406,418,1,9194.68,0.0
9988,4407,109,3,10740.23,10.0
9989,4407,277,5,13719.42,5.0
9990,4408,623,2,5372.41,20.0
9991,4408,764,4,3971.86,10.0
9992,4409,240,5,3443.85,15.0
9993,4409,221,5,21061.36,0.0
9994,4410,431,3,24437.6,0.0
9995,4410,839,1,14313.81,0.0
9996,4411,602,5,9166.77,15.0
9997,4411,750,2,3277.38,5.0
9998,4411,68,4,21790.7,0.0
9999,4411,742,4,12611.2,15.0
10000,4411,139,3,7956.39,0.0
10001,4412,439,2,9511.48,20.0
10002,4412,733,2,10948.51,5.0
10003,4412,642,3,12368.27,0.0
10004,4412,644,4,12974.58,15.0
10005,4412,479,4,8268.21,20.0
10006,4413,840,2,14874.45,5.0
10007,4413,207,5,21338.76,15.0
10008,4413,349,3,2689.14,0.0
10009,4413,675,3,12507.1,0.0
10010,4414,416,4,11392.81,5.0
10011,4414,146,4,15804.83,0.0
10012,4414,786,4,14084.23,10.0
10013,4414,744,3,6614.57,10.0
10014,4415,121,4,10353.6,5.0
10015,4415,235,4,4664.57,20.0
10016,4415,82,1,14774.58,15.0
10017,4415,726,2,5419.14,10.0
10018,4415,24,4,18317.93,0.0
10019,4416,421,5,4302.81,10.0
10020,4416,7,1,19612.77,0.0
10021,4417,60,3,12772.87,20.0
10022,4417,440,5,21618.7,20.0
10023,4418,223,2,13128.85,5.0
10024,4418,699,2,4909.23,0.0
10025,4419,190,4,7595.13,0.0
10026,4420,187,5,17579.96,0.0
10027,4420,291,4,3444.93,20.0
10028,4420,879,3,13227.2,10.0
10029,4420,57,3,8529.28,15.0
10030,4420,385,3,12324.69,10.0
10031,4421,483,1,7695.04,0.0
10032,4421,654,3,16228.87,5.0
10033,4421,812,3,2387.49,0.0
10034,4422,395,5,16130.97,0.0
10035,4422,508,2,4967.5,0.0
10036,4423,102,3,7542.37,20.0
10037,4424,504,3,13358.18,0.0
10038,4424,425,5,4926.04,5.0
10039,4425,817,1,14780.14,10.0
10040,4426,879,4,13227.2,0.0
10041,4426,290,3,12993.94,15.0
10042,4426,785,3,16279.21,0.0
10043,4426,201,5,11298.96,0.0
10044,4427,726,2,5419.14,5.0
10045,4427,142,3,21163.93,15.0
10046,4428,310,3,20036.92,15.0
10047,4428,235,1,4664.57,5.0
10048,4429,44,4,8591.33,0.0
10049,4429,551,5,23156.44,5.0
10050,4429,625,1,7044.62,0.0
10051,4430,597,2,1518.2,20.0
10052,4431,93,2,7632.26,0.0
10053,4432,274,1,8564.4,10.0
10054,4432,316,4,7282.96,10.0
10055,4432,486,3,18912.84,15.0
10056,4433,418,2,9194.68,15.0
10057,4434,336,1,226.24,0.0
10058,4434,650,2,6904.93,5.0
10059,4434,494,1,2526.78,10.0
10060,4435,722,1,2404.11,0.0
10061,4436,737,1,16594.34,0.0
10062,4436,296,4,15359.82,5.0
10063,4437,335,4,10357.5,20.0
10064,4437,402,1,789.81,20.0
10065,4438,340,3,3550.22,0.0
10066,4438,815,1,20541.91,20.0
10067,4439,35,2,21434.65,20.0
10068,4440,261,4,21999.28,15.0
10069,4440,738,1,19896.87,15.0
10070,4440,155,3,3485.16,0.0
10071,4440,475,1,6938.61,0.0
10072,4441,298,4,15463.87,10.0
10073,4441,749,5,20244.79,0.0
10074,4442,640,3,12833.48,0.0
10075,4443,378,4,1654.61,0.0
10076,4443,852,1,3347.58,20.0
10077,4443,301,2,21720.03,5.0
10078,4444,311,3,11362.72,10.0
10079,4445,623,3,5372.41,0.0
10080,4446,788,3,5720.07,20.0
10081,4446,649,2,14601.66,20.0
10082,4446,611,4,6171.82,0.0
10083,4446,458,4,706.12,0.0
10084,4447,291,2,3444.93,10.0
10085,4447,883,1,1769.58,15.0
10086,4447,198,5,12806.33,0.0
10087,4448,421,5,4302.81,15.0
10088,4448,183,2,23501.6,10.0
10089,4449,392,1,956.75,0.0
10090,4450,643,5,1936.54,15.0
10091,4450,651,2,6091.61,0.0
10092,4451,798,4,4100.19,5.0
10093,4451,396,3,751.13,5.0
10094,4451,38,1,4730.75,0.0
10095,4451,51,3,11484.39,20.0
10096,4452,291,4,3444.93,0.0
10097,4452,509,4,8432.77,20.0
10098,4453,523,3,13665.96,10.0
10099,4454,617,5,17544.22,20.0
10100,4455,367,2,14113.51,5.0
10101,4455,386,4,14759.78,20.0
10102,4455,19,2,22067.03,15.0
10103,4455,874,3,12083.32,15.0
10104,4455,221,1,21061.36,0.0
10105,4456,832,2,9339.3,0.0
10106,4456,35,1,21434.65,20.0
10107,4457,640,4,12833.48,10.0
10108,4457,764,5,3971.86,20.0
10109,4458,55,5,2583.6,15.0
10110,4459,629,2,12346.5,0.0
10111,4459,752,3,16802.42,20.0
10112,4459,445,5,1123.05,0.0
10113,4459,508,3,4967.5,0.0
10114,4460,290,5,12993.94,0.0
10115,4461,642,3,12368.27,20.0
10116,4462,225,3,6873.83,20.0
10117,4463,384,1,5638.85,5.0
10118,4464,706,2,12213.81,5.0
10119,4464,189,5,2064.84,15.0
10120,4464,520,2,1057.04,0.0
10121,4464,409,1,19362.42,0.0
10122,4465,666,1,16085.16,5.0
10123,4465,409,3,19362.42,0.0
10124,4465,363,2,16290.66,20.0
10125,4466,584,1,8995.37,0.0
10126,4466,436,5,6536.15,0.0
10127,4466,379,4,1624.86,20.0
10128,4467,864,5,2259.89,0.0
10129,4467,253,1,17161.82,0.0
10130,4468,794,1,20250.02,0.0
10131,4469,503,2,955.23,0.0
10132,4470,351,2,15160.62,0.0
10133,4471,444,5,17486.46,0.0
10134,4472,887,5,9495.11,0.0
10135,4472,632,3,10665.66,0.0
10136,4473,552,5,4733.75,20.0
10137,4473,439,4,9511.48,0.0
10138,4473,789,3,12946.63,10.0
10139,4473,555,3,1454.57,0.0
10140,4474,777,3,7013.52,0.0
10141,4474,461,2,14975.0,5.0
10142,4475,160,2,20635.35,0.0
10143,4476,204,2,1265.16,0.0
10144,4476,113,5,21843.22,0.0
10145,4477,320,1,9179.45,0.0
10146,4477,340,2,3550.22,5.0
10147,4477,862,3,4517.96,0.0
10148,4477,283,3,11626.55,0.0
10149,4478,893,4,17792.63,0.0
10150,4478,140,5,10101.86,0.0
10151,4479,109,3,10740.23,15.0
10152,4480,857,2,9589.19,15.0
10153,4480,194,5,2770.23,0.0
10154,4481,128,4,13624.37,5.0
10155,4481,643,1,1936.54,20.0
10156,4482,770,5,5579.14,10.0
10157,4482,29,5,2346.21,0.0
10158,4482,756,4,8569.79,10.0
10159,4483,377,1,23965.45,10.0
10160,4484,815,1,20541.91,0.0
10161,4485,687,2,14696.63,0.0
10162,4486,453,2,11216.79,0.0
10163,4487,36,5,8033.06,10.0
10164,4487,228,2,5918.99,0.0
10165,4488,728,2,1177.36,0.0
10166,4489,795,2,21693.2,15.0
10167,4489,185,4,6278.2,20.0
10168,4490,353,1,7643.82,0.0
10169,4491,41,3,22568.02,0.0
10170,4492,347,5,9249.35,0.0
10171,4492,586,5,15918.44,10.0
10172,4493,259,5,20724.65,10.0
10173,4493,281,3,2023.57,20.0
10174,4494,792,1,2850.88,0.0
10175,4494,836,1,17573.65,0.0
10176,4495,84,4,16076.18,0.0
10177,4495,191,4,12145.42,5.0
10178,4495,108,2,23388.45,0.0
10179,4496,696,1,2491.11,15.0
10180,4497,147,5,2349.15,0.0
10181,4497,448,1,4391.49,0.0
10182,4497,334,4,14837.25,0.0
10183,4497,827,5,17333.78,10.0
10184,4497,145,5,12067.47,15.0
10185,4498,299,1,7106.85,0.0
10186,4499,390,4,3964.49,0.0
10187,4499,419,5,4421.89,15.0
10188,4500,898,2,9944.45,20.0
10189,4501,358,5,5722.36,15.0
10190,4501,274,3,8564.4,5.0
10191,4502,372,3,9597.28,10.0
10192,4503,475,5,6938.61,0.0
10193,4504,493,4,7964.23,0.0
10194,4505,41,4,22568.02,5.0
10195,4505,617,2,17544.22,5.0
10196,4505,628,2,8593.46,0.0
10197,4505,667,1,11155.15,5.0
10198,4506,292,5,15961.49,10.0
10199,4506,47,2,7909.38,0.0
10200,4506,488,2,13455.56,5.0
10201,4506,375,2,192.08,15.0
10202,4507,507,5,12654.25,5.0
10203,4507,527,5,4372.63,20.0
10204,4507,899,4,21905.82,0.0
10205,4507,343,3,15859.82,0.0
10206,4508,414,2,166.83,20.0
10207,4508,450,4,5004.29,15.0
10208,4508,467,2,24009.79,5.0
10209,4508,13,5,478.72,20.0
10210,4508,693,4,14898.91,5.0
10211,4509,126,5,9886.31,10.0
10212,4509,727,5,19119.71,0.0
10213,4510,345,4,7900.55,10.0
10214,4511,627,4,14763.79,0.0
10215,4512,145,5,12067.47,0.0
10216,4513,875,4,9752.68,20.0
10217,4514,283,5,11626.55,0.0
10218,4514,125,4,2129.68,10.0
10219,4514,514,1,25746.27,10.0
10220,4515,601,2,17591.52,0.0
10221,4515,779,4,19107.25,10.0
10222,4515,198,4,12806.33,0.0
10223,4516,847,3,13026.82,20.0
10224,4516,364,2,18476.31,10.0
10225,4516,133,1,18760.28,15.0
10226,4516,835,2,13235.32,20.0
10227,4517,29,2,2346.21,0.0
10228,4518,488,2,13455.56,5.0
10229,4518,890,5,10049.64,5.0
10230,4518,420,1,9360.46,0.0
10231,4518,52,2,12629.7,0.0
10232,4518,679,1,5924.78,20.0
10233,4519,41,5,22568.02,0.0
10234,4519,202,5,18119.01,20.0
10235,4520,394,5,15875.45,10.0
10236,4520,24,5,18317.93,0.0
10237,4520,299,2,7106.85,5.0
10238,4520,516,2,4294.23,15.0
10239,4520,702,5,1292.78,15.0
10240,4521,876,5,6589.16,0.0
10241,4521,41,4,22568.02,0.0
10242,4522,690,3,12791.5,0.0
10243,4522,640,2,12833.48,0.0
10244,4522,658,5,25361.82,0.0
10245,4523,206,1,5960.03,5.0
10246,4523,798,3,4100.19,5.0
10247,4524,387,3,22309.26,5.0
10248,4525,102,4,7542.37,20.0
10249,4525,176,5,10671.88,0.0
10250,4525,463,5,8811.92,0.0
10251,4526,566,5,1155.19,0.0
10252,4526,522,4,14877.94,15.0
10253,4526,134,2,17132.5,5.0
10254,4526,226,1,13594.3,0.0
10255,4527,823,2,16691.74,0.0
10256,4527,372,2,9597.28,10.0
10257,4527,427,2,16845.82,0.0
10258,4527,868,4,18520.33,5.0
10259,4527,131,2,18666.46,10.0
10260,4528,658,1,25361.82,15.0
10261,4528,504,5,13358.18,15.0
10262,4528,889,3,15442.59,0.0
10263,4529,336,2,226.24,10.0
10264,4529,376,1,10430.96,15.0
10265,4530,376,4,10430.96,15.0
10266,4531,135,2,4472.34,5.0
10267,4531,847,2,13026.82,20.0
10268,4532,240,4,3443.85,20.0
10269,4532,642,3,12368.27,0.0
10270,4532,509,5,8432.77,0.0
10271,4532,68,4,21790.7,0.0
10272,4533,680,2,2617.11,0.0
10273,4533,677,2,13881.44,20.0
10274,4533,126,1,9886.31,15.0
10275,4533,865,4,1829.62,0.0
10276,4534,696,3,2491.11,5.0
10277,4534,773,2,8183.79,15.0
10278,4535,97,3,12470.7,0.0
10279,4536,165,4,19157.23,20.0
10280,4537,173,2,7108.82,0.0
10281,4537,847,2,13026.82,0.0
10282,4537,708,3,16924.57,0.0
10283,4537,526,3,14453.05,0.0
10284,4537,604,2,11660.05,20.0
10285,4538,512,1,14169.19,5.0
10286,4538,530,2,18098.15,20.0
10287,4539,443,4,1560.39,20.0
10288,4539,347,1,9249.35,5.0
10289,4540,886,1,7687.78,15.0
10290,4540,321,2,9347.28,0.0
10291,4541,125,1,2129.68,0.0
10292,4541,873,4,1014.59,0.0
10293,4541,270,3,16271.78,0.0
10294,4542,775,2,23675.41,20.0
10295,4542,66,3,13143.99,0.0
10296,4543,341,4,22578.93,0.0
10297,4543,254,5,21957.69,0.0
10298,4543,802,2,4116.0,15.0
10299,4544,188,2,11495.49,0.0
10300,4545,451,5,15015.83,20.0
10301,4545,860,3,11880.54,0.0
10302,4545,26,3,12446.22,0.0
10303,4545,612,3,5006.24,15.0
10304,4545,565,1,11175.66,5.0
10305,4546,875,2,9752.68,0.0
10306,4546,94,3,15069.27,0.0
10307,4547,256,1,6510.46,20.0
10308,4547,882,5,8433.14,5.0
10309,4548,570,5,15355.66,0.0
10310,4549,68,1,21790.7,0.0
10311,4549,677,5,13881.44,15.0
10312,4549,134,1,17132.5,5.0
10313,4549,395,1,16130.97,0.0
10314,4550,483,5,7695.04,5.0
10315,4550,274,4,8564.4,10.0
10316,4550,429,1,8645.08,0.0
10317,4550,881,3,21532.91,10.0
10318,4551,221,3,21061.36,10.0
10319,4551,713,2,26684.64,0.0
10320,4552,307,4,21906.91,0.0
10321,4553,590,4,9869.32,0.0
10322,4554,396,1,751.13,20.0
10323,4554,239,5,15822.1,15.0
10324,4555,632,2,10665.66,15.0
10325,4556,54,5,12660.77,0.0
10326,4557,21,1,20625.3,20.0
10327,4558,113,1,21843.22,0.0
10328,4559,712,3,13003.78,20.0
10329,4559,641,4,12480.0,0.0
10330,4559,188,3,11495.49,15.0
10331,4560,62,2,13136.19,0.0
10332,4561,553,5,11099.68,0.0
10333,4561,793,5,4803.54,0.0
10334,4562,21,5,20625.3,0.0
10335,4563,776,5,20110.05,15.0
10336,4563,899,4,21905.82,15.0
10337,4564,338,3,17040.27,0.0
10338,4565,740,3,7772.66,0.0
10339,4566,49,2,12463.05,5.0
10340,4566,738,5,19896.87,20.0
10341,4566,329,5,10046.75,15.0
10342,4566,712,5,13003.78,0.0
10343,4567,771,2,2696.54,0.0
10344,4567,252,1,14825.98,10.0
10345,4567,863,4,10272.35,5.0
10346,4567,558,4,13963.41,5.0
10347,4568,259,3,20724.65,0.0
10348,4568,748,1,15319.21,10.0
10349,4568,79,1,15602.76,0.0
10350,4568,72,4,9041.77,15.0
10351,4569,420,2,9360.46,5.0
10352,4570,782,4,19248.75,0.0
10353,4570,440,3,21618.7,0.0
10354,4571,366,2,16239.91,5.0
10355,4572,455,5,6876.9,0.0
10356,4572,347,1,9249.35,0.0
10357,4572,418,1,9194.68,0.0
10358,4573,250,1,5445.45,15.0
10359,4574,610,5,2359.37,5.0
10360,4574,209,2,7178.41,15.0
10361,4575,220,3,12963.27,10.0
10362,4575,233,2,12825.71,0.0
10363,4576,155,5,3485.16,10.0
10364,4577,538,1,17194.4,15.0
10365,4578,830,2,3011.17,10.0
10366,4578,249,3,19528.8,20.0
10367,4578,557,3,4875.77,0.0
10368,4579,137,3,10885.94,0.0
10369,4579,855,2,2959.91,20.0
10370,4579,573,5,2928.56,0.0
10371,4580,258,1,17700.95,10.0
10372,4580,890,2,10049.64,20.0
10373,4580,629,1,12346.5,10.0
10374,4581,105,5,9554.98,0.0
10375,4582,280,1,14095.63,15.0
10376,4583,738,5,19896.87,15.0
10377,4583,685,5,120.67,10.0
10378,4583,251,2,13337.74,0.0
10379,4584,685,2,120.67,0.0
10380,4584,675,5,12507.1,0.0
10381,4585,544,3,14987.27,10.0
10382,4585,617,5,17544.22,0.0
10383,4585,708,3,16924.57,10.0
10384,4586,421,4,4302.81,0.0
10385,4587,39,4,7958.95,0.0
10386,4588,62,2,13136.19,10.0
10387,4588,301,1,21720.03,0.0
10388,4589,636,3,7292.03,5.0
10389,4589,299,4,7106.85,0.0
10390,4590,523,4,13665.96,20.0
10391,4590,20,1,377.42,0.0
10392,4590,261,2,21999.28,20.0
10393,4590,799,1,8448.77,0.0
10394,4591,601,4,17591.52,10.0
10395,4591,101,5,20043.36,5.0
10396,4592,222,5,7009.13,0.0
10397,4592,103,2,8717.09,5.0
10398,4592,21,1,20625.3,0.0
10399,4593,533,1,20970.41,10.0
10400,4593,290,1,12993.94,0.0
10401,4594,520,5,1057.04,15.0
10402,4594,521,1,20156.83,10.0
10403,4594,437,4,10772.97,5.0
10404,4595,708,5,16924.57,0.0
10405,4596,571,3,10334.44,0.0
10406,4596,349,2,2689.14,15.0
10407,4596,760,4,779.87,10.0
10408,4596,520,5,1057.04,15.0
10409,4597,10,4,7250.5,20.0
10410,4597,373,3,9954.9,10.0
10411,4597,228,2,5918.99,20.0
10412,4597,301,2,21720.03,0.0
10413,4598,598,2,16464.93,0.0
10414,4598,809,3,24052.5,5.0
10415,4598,868,3,18520.33,0.0
10416,4599,684,4,8576.21,5.0
10417,4599,173,3,7108.82,20.0
10418,4600,385,2,12324.69,0.0
10419,4601,863,2,10272.35,5.0
10420,4601,31,1,16628.09,0.0
10421,4601,670,2,12689.21,20.0
10422,4601,732,2,8129.26,5.0
10423,4602,781,5,15990.77,5.0
10424,4603,775,5,23675.41,20.0
10425,4604,797,3,13841.65,0.0
10426,4605,659,2,2808.44,0.0
10427,4605,549,3,16311.06,0.0
10428,4606,668,3,11556.92,5.0
10429,4607,62,3,13136.19,5.0
10430,4608,350,2,2904.08,0.0
10431,4609,313,3,7494.19,0.0
10432,4609,446,4,18287.32,0.0
10433,4609,360,2,11713.02,0.0
10434,4610,810,2,15563.4,0.0
10435,4610,356,2,4711.26,0.0
10436,4610,668,3,11556.92,0.0
10437,4611,477,2,17806.82,10.0
10438,4611,845,3,24202.98,10.0
10439,4611,10,3,7250.5,0.0
10440,4611,268,1,3037.03,0.0
10441,4612,243,1,176.76,20.0
10442,4612,145,1,12067.47,10.0
10443,4613,232,3,12332.61,0.0
10444,4613,164,4,25966.48,0.0
10445,4613,393,2,8735.87,0.0
10446,4613,621,1,6617.04,0.0
10447,4614,447,3,10631.16,10.0
10448,4614,669,2,17245.4,15.0
10449,4615,782,5,19248.75,15.0
10450,4615,434,5,16140.57,0.0
10451,4615,140,4,10101.86,10.0
10452,4615,14,5,10692.32,5.0
10453,4616,533,4,20970.41,0.0
10454,4616,17,2,19447.69,5.0
10455,4617,478,4,10570.88,0.0
10456,4618,429,5,8645.08,0.0
10457,4619,686,4,354.18,10.0
10458,4619,624,1,15309.66,0.0
10459,4619,756,2,8569.79,0.0
10460,4620,719,3,7305.31,5.0
10461,4620,610,4,2359.37,0.0
10462,4620,472,5,15859.32,0.0
10463,4620,747,3,15965.2,20.0
10464,4620,59,3,5569.5,0.0
10465,4621,503,2,955.23,0.0
10466,4622,569,3,17022.92,10.0
10467,4622,807,2,15923.26,10.0
10468,4622,18,4,4419.93,0.0
10469,4622,533,3,20970.41,5.0
10470,4623,172,1,6290.87,0.0
10471,4624,730,2,11885.24,15.0
10472,4624,498,3,21474.1,0.0
10473,4624,431,2,24437.6,10.0
10474,4624,871,1,8110.39,0.0
10475,4624,516,3,4294.23,5.0
10476,4625,614,3,21084.78,20.0
10477,4625,365,4,22789.3,0.0
10478,4626,353,3,7643.82,0.0
10479,4626,712,2,13003.78,20.0
10480,4627,893,5,17792.63,5.0
10481,4627,258,5,17700.95,0.0
10482,4627,255,1,17032.48,0.0
10483,4627,131,2,18666.46,0.0
10484,4628,673,2,690.26,0.0
10485,4628,9,2,17153.33,10.0
10486,4629,186,4,9740.85,0.0
10487,4630,118,5,22241.66,0.0
10488,4630,32,1,1527.01,0.0
10489,4630,773,4,8183.79,20.0
10490,4630,857,5,9589.19,15.0
10491,4631,143,2,7946.56,10.0
10492,4632,413,3,347.03,0.0
10493,4633,483,5,7695.04,15.0
10494,4633,165,1,19157.23,20.0
10495,4633,880,3,18151.13,15.0
10496,4633,174,2,11611.6,5.0
10497,4634,218,5,25840.61,0.0
10498,4635,596,5,3968.53,10.0
10499,4635,85,1,4996.1,5.0
10500,4635,536,3,24253.72,0.0
10501,4635,55,3,2583.6,15.0
10502,4636,881,1,21532.91,0.0
10503,4637,225,2,6873.83,10.0
10504,4637,867,4,3837.28,0.0
10505,4637,396,1,751.13,0.0
10506,4638,250,2,5445.45,15.0
10507,4638,566,1,1155.19,15.0
10508,4638,609,2,8508.77,15.0
10509,4639,250,4,5445.45,15.0
10510,4640,152,2,11106.45,0.0
10511,4640,605,5,7517.98,0.0
10512,4641,384,4,5638.85,20.0
10513,4642,88,4,25475.34,20.0
10514,4642,712,3,13003.78,5.0
10515,4642,509,3,8432.77,10.0
10516,4642,100,1,14472.84,20.0
10517,4643,379,2,1624.86,0.0
10518,4644,339,4,13518.37,5.0
10519,4645,417,5,1519.73,0.0
10520,4645,839,1,14313.81,10.0
10521,4646,667,3,11155.15,0.0
10522,4646,104,5,1617.45,0.0
10523,4646,534,4,10869.74,0.0
10524,4646,446,5,18287.32,0.0
10525,4646,146,5,15804.83,5.0
10526,4647,59,5,5569.5,20.0
10527,4648,786,2,14084.23,5.0
10528,4648,599,2,442.03,0.0
10529,4649,868,5,18520.33,10.0
10530,4649,380,4,10068.31,0.0
10531,4649,316,1,7282.96,10.0
10532,4649,346,2,8215.18,15.0
10533,4650,512,4,14169.19,5.0
10534,4650,325,5,2187.51,0.0
10535,4651,471,1,13086.13,5.0
10536,4651,852,1,3347.58,5.0
10537,4651,128,5,13624.37,0.0
10538,4652,488,2,13455.56,0.0
10539,4652,138,1,25438.29,0.0
10540,4653,457,4,19959.82,0.0
10541,4654,535,2,5770.15,0.0
10542,4654,83,2,7572.59,20.0
10543,4655,765,4,810.63,15.0
10544,4655,173,5,7108.82,5.0
10545,4655,238,4,4482.75,15.0
10546,4656,362,4,17099.97,5.0
10547,4656,638,3,17008.83,0.0
10548,4656,506,3,2449.21,10.0
10549,4656,509,3,8432.77,20.0
10550,4657,683,3,16086.04,5.0
10551,4657,128,3,13624.37,20.0
10552,4657,89,2,18350.27,10.0
10553,4657,356,2,4711.26,5.0
10554,4657,677,5,13881.44,0.0
10555,4658,791,3,11554.95,5.0
10556,4658,725,4,8996.66,5.0
10557,4659,348,1,19662.84,0.0
10558,4660,692,1,11530.12,0.0
10559,4660,395,1,16130.97,0.0
10560,4660,207,3,21338.76,15.0
10561,4660,867,1,3837.28,0.0
10562,4660,693,5,14898.91,5.0
10563,4661,181,1,11885.47,0.0
10564,4661,17,5,19447.69,0.0
10565,4661,863,4,10272.35,5.0
10566,4662,693,2,14898.91,5.0
10567,4663,343,3,15859.82,10.0
10568,4664,895,3,7754.62,0.0
10569,4665,94,4,15069.27,5.0
10570,4665,172,4,6290.87,5.0
10571,4665,271,5,20542.32,5.0
10572,4665,22,1,11230.85,10.0
10573,4666,530,2,18098.15,5.0
10574,4667,309,4,10625.07,0.0
10575,4667,449,2,1431.85,0.0
10576,4668,242,4,15852.16,0.0
10577,4668,592,1,4181.43,0.0
10578,4669,492,5,9662.3,10.0
10579,4669,836,5,17573.65,0.0
10580,4669,853,2,13558.97,5.0
10581,4670,340,1,3550.22,0.0
10582,4670,168,1,2987.62,10.0
10583,4670,374,5,276.26,5.0
10584,4671,892,1,7790.38,0.0
10585,4671,736,3,6120.5,5.0
10586,4672,136,5,8942.91,5.0
10587,4672,807,1,15923.26,0.0
10588,4672,762,3,15418.59,0.0
10589,4672,532,1,14811.49,5.0
10590,4672,20,2,377.42,10.0
10591,4673,106,3,10629.26,0.0
10592,4674,826,3,11073.3,5.0
10593,4675,676,1,14315.33,10.0
10594,4675,820,4,20062.61,0.0
10595,4675,296,5,15359.82,0.0
10596,4676,399,1,20674.86,15.0
10597,4676,636,3,7292.03,5.0
10598,4677,556,2,13361.23,10.0
10599,4678,621,2,6617.04,0.0
10600,4679,85,5,4996.1,5.0
10601,4679,478,2,10570.88,0.0
10602,4680,634,5,17957.51,15.0
10603,4680,786,3,14084.23,5.0
10604,4681,466,5,10734.42,15.0
10605,4681,719,5,7305.31,0.0
10606,4681,208,4,7812.53,10.0
10607,4681,477,5,17806.82,20.0
10608,4682,418,2,9194.68,0.0
10609,4682,447,4,10631.16,20.0
10610,4682,358,2,5722.36,15.0
10611,4683,388,5,15425.62,0.0
10612,4683,767,1,12752.82,0.0
10613,4683,276,3,6116.22,0.0
10614,4683,888,1,2244.3,10.0
10615,4683,896,3,24756.56,20.0
10616,4684,5,2,8313.51,0.0
10617,4685,859,3,1089.58,15.0
10618,4686,355,4,3894.18,20.0
10619,4686,138,2,25438.29,15.0
10620,4687,406,1,5693.41,5.0
10621,4688,5,1,8313.51,20.0
10622,4688,634,4,17957.51,15.0
10623,4689,725,5,8996.66,15.0
10624,4690,807,5,15923.26,10.0
10625,4690,386,2,14759.78,15.0
10626,4690,664,2,9991.3,0.0
10627,4691,410,3,15870.26,15.0
10628,4691,713,1,26684.64,0.0
10629,4691,349,5,2689.14,15.0
10630,4691,704,4,16292.88,0.0
10631,4692,146,2,15804.83,0.0
10632,4692,893,4,17792.63,0.0
10633,4692,476,1,19019.08,5.0
10634,4692,174,3,11611.6,15.0
10635,4693,561,5,863.13,0.0
10636,4694,729,3,12919.83,10.0
10637,4695,801,2,3589.73,5.0
10638,4696,608,4,622.02,5.0
10639,4696,894,2,7760.97,10.0
10640,4697,209,5,7178.41,15.0
10641,4697,216,5,14201.95,0.0
10642,4698,228,4,5918.99,0.0
10643,4699,22,2,11230.85,0.0
10644,4699,640,3,12833.48,0.0
10645,4699,825,4,14217.62,15.0
10646,4699,799,2,8448.77,15.0
10647,4700,207,1,21338.76,10.0
10648,4700,561,5,863.13,0.0
10649,4701,360,3,11713.02,0.0
10650,4701,840,2,14874.45,20.0
10651,4701,84,5,16076.18,15.0
10652,4701,705,3,4673.98,10.0
10653,4702,392,1,956.75,0.0
10654,4702,468,2,9057.22,0.0
10655,4702,729,2,12919.83,5.0
10656,4703,244,1,7472.45,0.0
10657,4704,720,3,21429.07,15.0
10658,4704,86,2,17346.97,0.0
10659,4705,194,4,2770.23,0.0
10660,4705,709,1,7686.85,20.0
10661,4705,137,5,10885.94,0.0
10662,4705,833,1,16884.14,0.0
10663,4705,681,5,17950.56,0.0
10664,4706,397,3,8299.19,0.0
10665,4707,54,4,12660.77,20.0
10666,4707,784,5,8066.19,10.0
10667,4707,59,1,5569.5,15.0
10668,4707,397,2,8299.19,0.0
10669,4708,394,1,15875.45,0.0
10670,4708,356,1,4711.26,15.0
10671,4708,406,4,5693.41,20.0
10672,4709,870,1,4993.59,5.0
10673,4710,898,2,9944.45,10.0
10674,4710,347,4,9249.35,5.0
10675,4711,214,2,17220.63,0.0
10676,4711,845,5,24202.98,0.0
10677,4711,747,5,15965.2,10.0
10678,4711,307,2,21906.91,0.0
10679,4711,663,4,11192.43,10.0
10680,4712,791,3,11554.95,0.0
10681,4712,607,3,9557.3,0.0
10682,4713,468,3,9057.22,20.0
10683,4713,230,2,3957.6,5.0
10684,4714,870,5,4993.59,0.0
10685,4714,776,3,20110.05,0.0
10686,4714,695,1,17246.64,20.0
10687,4714,721,2,18878.1,5.0
10688,4715,648,3,5724.05,0.0
10689,4715,21,1,20625.3,0.0
10690,4716,572,2,19015.09,5.0
10691,4716,764,3,3971.86,20.0
10692,4716,481,4,11306.0,0.0
10693,4717,869,5,4059.75,0.0
10694,4717,10,3,7250.5,20.0
10695,4717,370,3,2983.33,0.0
10696,4718,267,3,16561.1,20.0
10697,4718,190,4,7595.13,0.0
10698,4719,596,3,3968.53,10.0
10699,4719,725,4,8996.66,20.0
10700,4720,698,3,4293.78,5.0
10701,4721,190,5,7595.13,10.0
10702,4721,659,5,2808.44,0.0
10703,4721,575,5,13808.3,10.0
10704,4722,506,2,2449.21,15.0
10705,4722,130,3,12847.98,0.0
10706,4722,441,5,11305.42,10.0
10707,4723,882,1,8433.14,0.0
10708,4723,220,2,12963.27,15.0
10709,4724,12,2,10935.76,20.0
10710,4725,166,4,2581.81,10.0
10711,4726,324,2,3772.01,0.0
10712,4727,677,1,13881.44,20.0
10713,4727,517,4,17350.23,0.0
10714,4727,767,4,12752.82,0.0
10715,4727,338,2,17040.27,0.0
10716,4727,666,2,16085.16,0.0
10717,4728,736,1,6120.5,5.0
10718,4728,533,2,20970.41,5.0
10719,4728,690,4,12791.5,5.0
10720,4729,899,3,21905.82,0.0
10721,4729,877,3,10559.02,5.0
10722,4729,234,1,10860.79,0.0
10723,4729,543,4,9638.42,10.0
10724,4730,763,1,19381.27,15.0
10725,4730,470,1,14455.32,5.0
10726,4731,666,3,16085.16,0.0
10727,4731,650,4,6904.93,0.0
10728,4731,73,3,16451.55,0.0
10729,4732,771,1,2696.54,20.0
10730,4732,224,2,2233.05,0.0
10731,4733,828,5,25138.47,0.0
10732,4733,41,3,22568.02,5.0
10733,4733,309,1,10625.07,0.0
10734,4734,390,3,3964.49,0.0
10735,4734,525,4,14333.71,0.0
10736,4735,900,1,17425.46,0.0
10737,4736,741,2,16605.12,10.0
10738,4737,164,5,25966.48,10.0
10739,4738,291,5,3444.93,5.0
10740,4738,831,2,6625.61,15.0
10741,4738,894,3,7760.97,10.0
10742,4739,508,5,4967.5,0.0
10743,4739,308,5,6864.25,0.0
10744,4740,791,2,11554.95,0.0
10745,4740,204,3,1265.16,20.0
10746,4741,501,1,14745.03,5.0
10747,4742,576,5,3125.72,15.0
10748,4743,663,4,11192.43,5.0
10749,4744,454,1,12204.15,0.0
10750,4744,366,1,16239.91,0.0
10751,4744,863,3,10272.35,5.0
10752,4745,703,4,14544.45,20.0
10753,4746,283,2,11626.55,20.0
10754,4746,273,4,19263.38,0.0
10755,4746,477,3,17806.82,0.0
10756,4747,791,3,11554.95,0.0
10757,4747,512,1,14169.19,10.0
10758,4748,771,2,2696.54,10.0
10759,4749,505,5,10404.05,10.0
10760,4749,117,4,4942.41,5.0
10761,4749,374,1,276.26,10.0
10762,4749,702,3,1292.78,15.0
10763,4749,758,3,305.37,0.0
10764,4750,898,5,9944.45,20.0
10765,4751,850,2,22317.22,5.0
10766,4752,613,2,5929.69,20.0
10767,4753,713,1,26684.64,0.0
10768,4753,674,4,11510.75,0.0
10769,4754,696,1,2491.11,20.0
10770,4754,227,4,2720.12,10.0
10771,4754,133,1,18760.28,5.0
10772,4754,674,3,11510.75,10.0
10773,4754,446,5,18287.32,0.0
10774,4755,458,5,706.12,20.0
10775,4756,504,1,13358.18,0.0
10776,4757,243,1,176.76,15.0
10777,4757,822,2,4952.16,20.0
10778,4758,419,2,4421.89,0.0
10779,4759,418,5,9194.68,20.0
10780,4759,151,2,21510.83,5.0
10781,4760,775,4,23675.41,0.0
10782,4761,383,4,11935.37,20.0
10783,4761,307,3,21906.91,10.0
10784,4761,48,5,5117.57,15.0
10785,4761,451,1,15015.83,5.0
10786,4762,860,5,11880.54,0.0
10787,4763,774,2,10265.71,15.0
10788,4763,475,4,6938.61,10.0
10789,4763,304,5,23466.92,15.0
10790,4764,164,2,25966.48,5.0
10791,4764,277,3,13719.42,10.0
10792,4765,59,3,5569.5,10.0
10793,4766,452,3,22746.4,10.0
10794,4766,49,5,12463.05,20.0
10795,4766,383,4,11935.37,0.0
10796,4766,626,2,12352.87,15.0
10797,4767,185,4,6278.2,20.0
10798,4767,551,5,23156.44,10.0
10799,4767,651,5,6091.61,0.0
10800,4767,304,2,23466.92,0.0
10801,4767,354,5,17320.16,0.0
10802,4768,850,5,22317.22,0.0
10803,4769,492,3,9662.3,15.0
10804,4769,469,5,5321.69,20.0
10805,4770,366,5,16239.91,20.0
10806,4770,527,3,4372.63,0.0
10807,4771,885,1,7089.39,0.0
10808,4771,538,5,17194.4,15.0
10809,4772,889,1,15442.59,10.0
10810,4772,722,4,2404.11,20.0
10811,4772,746,4,6075.54,20.0
10812,4773,759,2,15948.11,0.0
10813,4773,880,4,18151.13,5.0
10814,4773,256,2,6510.46,10.0
10815,4774,10,4,7250.5,15.0
10816,4775,242,5,15852.16,20.0
10817,4775,34,3,1148.2,0.0
10818,4776,40,4,1150.22,10.0
10819,4776,652,1,6638.78,15.0
10820,4776,144,1,19819.04,15.0
10821,4776,218,3,25840.61,20.0
10822,4777,20,1,377.42,0.0
10823,4778,601,1,17591.52,15.0
10824,4779,458,1,706.12,15.0
10825,4779,194,5,2770.23,0.0
10826,4780,835,4,13235.32,15.0
10827,4780,588,3,4546.5,15.0
10828,4780,153,1,1446.08,0.0
10829,4780,661,5,13705.81,0.0
10830,4781,218,1,25840.61,0.0
10831,4782,660,5,5178.7,5.0
10832,4782,560,1,6942.79,0.0
10833,4782,14,3,10692.32,10.0
10834,4783,752,5,16802.42,5.0
10835,4784,328,4,15690.65,0.0
10836,4785,347,3,9249.35,20.0
10837,4785,566,3,1155.19,5.0
10838,4786,756,4,8569.79,0.0
10839,4786,369,4,6953.46,0.0
10840,4786,232,4,12332.61,10.0
10841,4787,534,2,10869.74,0.0
10842,4787,797,4,13841.65,15.0
10843,4787,374,4,276.26,0.0
10844,4787,701,5,621.06,5.0
10845,4788,290,4,12993.94,5.0
10846,4788,765,1,810.63,10.0
10847,4788,808,3,376.7,0.0
10848,4789,250,4,5445.45,5.0
10849,4789,26,4,12446.22,5.0
10850,4790,532,3,14811.49,5.0
10851,4791,764,2,3971.86,0.0
10852,4791,375,5,192.08,5.0
10853,4792,258,4,17700.95,5.0
10854,4793,391,3,12976.53,20.0
10855,4793,179,4,3471.92,0.0
10856,4793,189,5,2064.84,0.0
10857,4794,298,2,15463.87,5.0
10858,4794,647,1,8678.96,0.0
10859,4795,389,5,3509.61,5.0
10860,4795,62,1,13136.19,0.0
10861,4796,465,2,2006.55,0.0
10862,4796,345,1,7900.55,5.0
10863,4796,797,5,13841.65,0.0
10864,4797,524,2,10408.88,0.0
10865,4797,593,1,17278.87,5.0
10866,4798,435,1,13058.88,10.0
10867,4798,248,5,19406.63,0.0
10868,4798,217,2,4337.11,0.0
10869,4798,448,3,4391.49,10.0
10870,4799,149,5,10169.3,5.0
10871,4800,691,4,16753.29,5.0
10872,4800,118,2,22241.66,20.0
10873,4800,742,2,12611.2,10.0
10874,4800,312,1,13798.25,0.0
10875,4801,297,4,17238.41,5.0
10876,4801,417,4,1519.73,0.0
10877,4801,72,4,9041.77,20.0
10878,4801,571,3,10334.44,0.0
10879,4802,678,5,2508.38,10.0
10880,4803,532,1,14811.49,15.0
10881,4804,804,1,21201.2,0.0
10882,4804,853,3,13558.97,5.0
10883,4805,552,4,4733.75,0.0
10884,4805,744,1,6614.57,10.0
10885,4805,433,4,8284.46,0.0
10886,4805,397,2,8299.19,5.0
10887,4806,739,4,22380.63,0.0
10888,4806,178,5,14238.81,10.0
10889,4807,691,2,16753.29,0.0
10890,4807,327,5,15380.04,15.0
10891,4807,839,2,14313.81,0.0
10892,4807,1,4,23380.27,20.0
10893,4807,352,1,11635.83,0.0
10894,4808,652,5,6638.78,15.0
10895,4809,54,2,12660.77,0.0
10896,4809,247,5,1089.6,10.0
10897,4809,164,1,25966.48,0.0
10898,4809,760,4,779.87,0.0
10899,4810,661,4,13705.81,20.0
10900,4810,405,2,6628.43,10.0
10901,4811,509,3,8432.77,15.0
10902,4811,340,5,3550.22,0.0
10903,4811,520,4,1057.04,5.0
10904,4811,806,3,11627.22,10.0
10905,4811,867,3,3837.28,20.0
10906,4812,821,5,17002.37,0.0
10907,4812,54,3,12660.77,15.0
10908,4812,86,4,17346.97,5.0
10909,4813,252,1,14825.98,15.0
10910,4813,486,1,18912.84,10.0
10911,4814,467,5,24009.79,20.0
10912,4814,114,1,7286.84,5.0
10913,4814,427,1,16845.82,0.0
10914,4814,321,4,9347.28,5.0
10915,4814,55,1,2583.6,0.0
10916,4815,282,2,19801.39,20.0
10917,4815,338,5,17040.27,0.0
10918,4816,476,3,19019.08,15.0
10919,4816,137,4,10885.94,0.0
10920,4816,286,2,239.57,20.0
10921,4817,706,2,12213.81,15.0
10922,4817,762,1,15418.59,0.0
10923,4818,495,5,16857.86,20.0
10924,4819,615,3,13741.69,0.0
10925,4819,391,4,12976.53,5.0
10926,4819,547,1,5521.08,0.0
10927,4819,421,1,4302.81,5.0
10928,4820,355,1,3894.18,0.0
10929,4821,694,1,11604.18,5.0
10930,4821,58,4,2190.76,15.0
10931,4821,690,1,12791.5,0.0
10932,4821,702,4,1292.78,20.0
10933,4822,655,4,8938.91,0.0
10934,4822,108,1,23388.45,10.0
10935,4822,193,3,20867.37,15.0
10936,4823,436,5,6536.15,0.0
10937,4823,252,4,14825.98,10.0
10938,4823,738,2,19896.87,20.0
10939,4823,624,2,15309.66,5.0
10940,4824,512,5,14169.19,5.0
10941,4824,679,2,5924.78,20.0
10942,4825,705,5,4673.98,0.0
10943,4825,677,4,13881.44,0.0
10944,4825,779,1,19107.25,5.0
10945,4826,204,3,1265.16,5.0
10946,4827,461,1,14975.0,5.0
10947,4828,336,1,226.24,15.0
10948,4828,677,1,13881.44,15.0
10949,4828,374,5,276.26,5.0
10950,4829,192,5,18707.42,10.0
10951,4830,272,2,8968.84,15.0
10952,4831,86,3,17346.97,0.0
10953,4831,178,1,14238.81,0.0
10954,4832,645,1,15208.69,0.0
10955,4833,262,4,4228.73,15.0
10956,4833,842,3,4816.41,0.0
10957,4834,739,1,22380.63,0.0
10958,4834,526,1,14453.05,20.0
10959,4835,856,4,836.93,20.0
10960,4835,572,4,19015.09,5.0
10961,4835,500,5,6694.37,0.0
10962,4836,249,3,19528.8,15.0
10963,4837,72,1,9041.77,10.0
10964,4838,409,2,19362.42,5.0
10965,4838,889,2,15442.59,5.0
10966,4838,86,3,17346.97,0.0
10967,4839,384,4,5638.85,0.0
10968,4839,100,4,14472.84,10.0
10969,4839,806,3,11627.22,20.0
10970,4839,816,3,13450.11,15.0
10971,4839,116,4,8610.05,15.0
10972,4840,247,2,1089.6,20.0
10973,4840,14,4,10692.32,20.0
10974,4840,251,1,13337.74,0.0
10975,4840,274,4,8564.4,20.0
10976,4841,897,4,966.91,0.0
10977,4842,763,1,19381.27,10.0
10978,4842,15,4,9257.31,0.0
10979,4843,646,3,5805.21,0.0
10980,4844,875,5,9752.68,10.0
10981,4844,860,3,11880.54,15.0
10982,4845,676,1,14315.33,0.0
10983,4845,94,1,15069.27,0.0
10984,4845,777,2,7013.52,10.0
10985,4845,852,2,3347.58,20.0
10986,4845,453,5,11216.79,0.0
10987,4846,209,2,7178.41,0.0
10988,4847,63,1,13615.65,0.0
10989,4848,30,2,18303.29,10.0
10990,4849,658,1,25361.82,0.0
10991,4849,188,1,11495.49,20.0
10992,4850,334,5,14837.25,0.0
10993,4850,366,1,16239.91,10.0
10994,4850,403,4,7812.31,0.0
10995,4851,248,5,19406.63,5.0
10996,4852,361,4,10596.43,0.0
10997,4852,631,4,24606.76,5.0
10998,4853,235,2,4664.57,0.0
10999,4853,792,2,2850.88,5.0
11000,4854,265,5,4344.64,0.0
11001,4854,563,3,5661.49,0.0
11002,4854,562,1,6895.25,0.0
11003,4854,91,4,11076.97,0.0
11004,4854,238,4,4482.75,10.0
11005,4855,305,1,2031.07,0.0
11006,4856,166,3,2581.81,0.0
11007,4856,627,2,14763.79,15.0
11008,4857,771,1,2696.54,20.0
11009,4857,192,5,18707.42,15.0
11010,4857,549,5,16311.06,20.0
11011,4857,289,5,10379.0,0.0
11012,4858,797,1,13841.65,0.0
11013,4858,344,1,5524.58,0.0
11014,4858,153,3,1446.08,15.0
11015,4859,727,3,19119.71,0.0
11016,4859,96,5,14288.15,20.0
11017,4859,882,4,8433.14,0.0
11018,4860,139,1,7956.39,0.0
11019,4860,124,5,13452.12,0.0
11020,4860,531,1,9020.83,15.0
11021,4860,475,5,6938.61,20.0
11022,4861,684,5,8576.21,0.0
11023,4861,873,1,1014.59,0.0
11024,4861,372,1,9597.28,5.0
11025,4862,351,4,15160.62,0.0
11026,4863,295,4,18202.38,20.0
11027,4864,682,4,9240.58,15.0
11028,4865,872,2,15107.17,5.0
11029,4865,87,3,19036.03,15.0
11030,4865,492,5,9662.3,0.0
11031,4866,362,5,17099.97,10.0
11032,4867,232,4,12332.61,0.0
11033,4868,3,4,16184.82,0.0
11034,4868,433,1,8284.46,10.0
11035,4868,741,1,16605.12,15.0
11036,4869,654,1,16228.87,15.0
11037,4869,56,4,18137.71,20.0
11038,4870,783,2,803.8,20.0
11039,4871,826,5,11073.3,0.0
11040,4871,643,1,1936.54,20.0
11041,4872,651,5,6091.61,0.0
11042,4873,185,2,6278.2,0.0
11043,4873,284,5,15548.25,5.0
11044,4873,734,1,13296.98,5.0
11045,4874,123,2,15484.22,15.0
11046,4874,486,5,18912.84,0.0
11047,4874,729,2,12919.83,15.0
11048,4875,217,4,4337.11,5.0
11049,4875,818,3,10237.03,5.0
11050,4875,676,4,14315.33,5.0
11051,4875,595,3,16876.57,10.0
11052,4876,657,5,11502.62,0.0
11053,4876,677,3,13881.44,10.0
11054,4877,493,2,7964.23,0.0
11055,4877,712,5,13003.78,0.0
11056,4878,645,5,15208.69,20.0
11057,4879,454,2,12204.15,20.0
11058,4879,739,4,22380.63,15.0
11059,4879,217,5,4337.11,0.0
11060,4880,409,1,19362.42,5.0
11061,4880,316,4,7282.96,0.0
11062,4881,730,5,11885.24,0.0
11063,4881,30,5,18303.29,5.0
11064,4881,494,2,2526.78,15.0
11065,4881,315,3,14818.85,0.0
11066,4881,645,2,15208.69,20.0
11067,4882,694,1,11604.18,0.0
11068,4883,534,3,10869.74,20.0
11069,4883,152,3,11106.45,15.0
11070,4883,351,1,15160.62,0.0
11071,4884,540,4,2472.01,15.0
11072,4885,62,2,13136.19,0.0
11073,4886,636,2,7292.03,15.0
11074,4886,800,5,12138.75,0.0
11075,4886,808,3,376.7,10.0
11076,4887,139,1,7956.39,5.0
11077,4887,454,4,12204.15,15.0
11078,4887,63,1,13615.65,0.0
11079,4887,430,5,19127.25,20.0
11080,4888,110,2,20953.8,20.0
11081,4888,505,2,10404.05,0.0
11082,4888,857,2,9589.19,0.0
11083,4888,659,2,2808.44,0.0
11084,4888,48,1,5117.57,5.0
11085,4889,82,4,14774.58,0.0
11086,4889,692,1,11530.12,0.0
11087,4889,108,2,23388.45,0.0
11088,4890,771,4,2696.54,20.0
11089,4891,296,4,15359.82,20.0
11090,4891,17,1,19447.69,15.0
11091,4891,161,5,15289.65,0.0
11092,4892,813,5,5532.46,20.0
11093,4893,835,4,13235.32,15.0
11094,4893,427,1,16845.82,0.0
11095,4893,739,4,22380.63,0.0
11096,4893,188,4,11495.49,10.0
11097,4893,354,5,17320.16,5.0
11098,4894,292,3,15961.49,5.0
11099,4894,778,5,20152.02,5.0
11100,4895,396,4,751.13,20.0
11101,4895,838,3,19410.6,10.0
11102,4896,76,2,8195.06,15.0
11103,4896,835,4,13235.32,0.0
11104,4896,712,3,13003.78,20.0
11105,4897,145,4,12067.47,15.0
11106,4898,542,5,3615.52,15.0
11107,4898,809,5,24052.5,20.0
11108,4898,210,1,12962.87,0.0
11109,4898,821,5,17002.37,5.0
11110,4899,232,5,12332.61,10.0
11111,4899,849,1,11044.19,5.0
11112,4899,487,1,1420.39,10.0
11113,4900,54,4,12660.77,0.0
11114,4900,800,3,12138.75,20.0
11115,4901,493,1,7964.23,0.0
11116,4901,451,1,15015.83,5.0
11117,4901,436,5,6536.15,15.0
11118,4902,425,2,4926.04,0.0
11119,4903,346,3,8215.18,0.0
11120,4903,110,3,20953.8,0.0
11121,4903,454,2,12204.15,20.0
11122,4903,315,5,14818.85,10.0
11123,4904,795,3,21693.2,0.0
11124,4904,677,4,13881.44,0.0
11125,4904,360,4,11713.02,0.0
11126,4905,491,5,11018.52,10.0
11127,4906,55,2,2583.6,0.0
11128,4906,11,1,19969.24,0.0
11129,4906,407,5,7770.71,15.0
11130,4907,128,3,13624.37,10.0
11131,4907,262,4,4228.73,10.0
11132,4907,5,4,8313.51,0.0
11133,4908,248,1,19406.63,0.0
11134,4908,878,5,13434.69,0.0
11135,4908,231,1,18449.85,0.0
11136,4908,570,5,15355.66,0.0
11137,4908,150,1,5234.7,0.0
11138,4909,569,5,17022.92,10.0
11139,4909,358,5,5722.36,0.0
11140,4909,24,4,18317.93,10.0
11141,4910,264,1,19387.68,15.0
11142,4910,401,4,3916.76,15.0
11143,4910,617,1,17544.22,0.0
11144,4911,793,2,4803.54,10.0
11145,4911,781,2,15990.77,0.0
11146,4911,152,2,11106.45,0.0
11147,4912,477,2,17806.82,20.0
11148,4912,709,3,7686.85,0.0
11149,4912,39,1,7958.95,10.0
11150,4912,342,5,15719.78,5.0
11151,4912,627,2,14763.79,0.0
11152,4913,746,4,6075.54,10.0
11153,4913,790,5,1388.1,5.0
11154,4914,515,4,19735.52,0.0
11155,4914,216,1,14201.95,0.0
11156,4914,618,4,13048.71,15.0
11157,4915,554,3,19734.11,5.0
11158,4915,385,3,12324.69,10.0
11159,4916,834,1,11307.94,5.0
11160,4916,655,1,8938.91,10.0
11161,4917,537,1,17211.68,20.0
11162,4918,572,5,19015.09,0.0
11163,4919,370,5,2983.33,0.0
11164,4920,569,3,17022.92,20.0
11165,4921,65,3,16507.63,0.0
11166,4921,753,4,7182.61,5.0
11167,4921,453,1,11216.79,0.0
11168,4921,534,5,10869.74,15.0
11169,4922,524,4,10408.88,10.0
11170,4922,121,3,10353.6,15.0
11171,4922,718,2,17963.95,15.0
11172,4923,847,2,13026.82,20.0
11173,4923,608,4,622.02,0.0
11174,4924,759,1,15948.11,0.0
11175,4925,826,5,11073.3,10.0
11176,4926,733,2,10948.51,0.0
11177,4927,847,2,13026.82,0.0
11178,4927,240,5,3443.85,0.0
11179,4927,320,1,9179.45,0.0
11180,4928,783,2,803.8,20.0
11181,4929,446,3,18287.32,0.0
11182,4929,158,1,20098.55,15.0
11183,4929,552,1,4733.75,0.0
11184,4929,391,4,12976.53,0.0
11185,4929,566,3,1155.19,10.0
11186,4930,473,3,2408.3,0.0
11187,4930,24,1,18317.93,20.0
11188,4930,662,3,6806.59,10.0
11189,4930,783,2,803.8,0.0
11190,4931,630,5,16772.79,0.0
11191,4931,333,3,6422.47,5.0
11192,4931,517,2,17350.23,10.0
11193,4931,535,2,5770.15,10.0
11194,4932,364,2,18476.31,15.0
11195,4932,46,4,6966.04,0.0
11196,4933,778,2,20152.02,20.0
11197,4934,610,3,2359.37,5.0
11198,4934,823,5,16691.74,20.0
11199,4935,720,4,21429.07,10.0
11200,4936,199,4,10359.07,0.0
11201,4937,495,2,16857.86,5.0
11202,4938,282,4,19801.39,10.0
11203,4938,560,5,6942.79,20.0
11204,4939,297,1,17238.41,20.0
11205,4939,52,2,12629.7,0.0
11206,4939,583,3,20840.66,10.0
11207,4939,24,4,18317.93,10.0
11208,4940,161,1,15289.65,0.0
11209,4941,878,3,13434.69,15.0
11210,4942,428,4,21239.63,10.0
11211,4942,285,3,16720.01,15.0
11212,4942,815,1,20541.91,20.0
11213,4942,858,4,23207.14,0.0
11214,4942,702,5,1292.78,15.0
11215,4943,518,1,2509.06,0.0
11216,4943,328,2,15690.65,15.0
11217,4944,551,1,23156.44,10.0
11218,4945,23,4,11954.03,0.0
11219,4946,81,4,1166.71,10.0
11220,4946,449,5,1431.85,15.0
11221,4947,33,4,2593.22,0.0
11222,4947,12,2,10935.76,0.0
11223,4948,626,4,12352.87,15.0
11224,4948,80,3,7681.36,20.0
11225,4949,577,2,20570.33,5.0
11226,4950,476,1,19019.08,5.0
11227,4950,744,4,6614.57,0.0
11228,4951,211,5,5660.73,20.0
11229,4952,750,3,3277.38,10.0
11230,4953,549,1,16311.06,0.0
11231,4953,460,4,20514.31,0.0
11232,4953,810,3,15563.4,15.0
11233,4954,85,3,4996.1,0.0
11234,4954,221,5,21061.36,15.0
11235,4954,501,3,14745.03,10.0
11236,4954,15,4,9257.31,10.0
11237,4954,250,3,5445.45,0.0
11238,4955,299,5,7106.85,0.0
11239,4955,248,5,19406.63,15.0
11240,4956,361,5,10596.43,0.0
11241,4956,285,5,16720.01,0.0
11242,4956,323,4,920.73,0.0
11243,4957,629,4,12346.5,0.0
11244,4957,343,4,15859.82,0.0
11245,4957,513,3,10655.97,0.0
11246,4958,730,1,11885.24,20.0
11247,4958,225,4,6873.83,20.0
11248,4958,808,5,376.7,0.0
11249,4958,23,2,11954.03,0.0
11250,4958,152,3,11106.45,0.0
11251,4959,115,2,14046.49,0.0
11252,4960,861,4,8502.27,5.0
11253,4960,868,1,18520.33,0.0
11254,4960,229,2,5530.88,10.0
11255,4960,149,2,10169.3,0.0
11256,4961,775,1,23675.41,15.0
11257,4962,774,4,10265.71,20.0
11258,4962,645,2,15208.69,10.0
11259,4962,601,3,17591.52,0.0
11260,4962,636,4,7292.03,0.0
11261,4963,224,3,2233.05,5.0
11262,4963,299,2,7106.85,0.0
11263,4964,874,1,12083.32,5.0
11264,4965,838,3,19410.6,0.0
11265,4965,581,5,11564.32,15.0
11266,4966,309,4,10625.07,10.0
11267,4966,737,2,16594.34,10.0
11268,4967,819,4,14434.49,0.0
11269,4967,438,1,12263.95,20.0
11270,4968,276,5,6116.22,20.0
11271,4969,564,2,2009.4,20.0
11272,4969,41,1,22568.02,0.0
11273,4970,325,2,2187.51,0.0
11274,4970,191,5,12145.42,20.0
11275,4970,118,2,22241.66,15.0
11276,4970,421,3,4302.81,15.0
11277,4971,331,4,6973.28,10.0
11278,4971,314,5,18006.61,10.0
11279,4972,549,5,16311.06,5.0
11280,4973,137,1,10885.94,5.0
11281,4973,327,3,15380.04,0.0
11282,4973,735,2,9036.58,0.0
11283,4973,513,2,10655.97,0.0
11284,4974,12,3,10935.76,0.0
11285,4974,109,2,10740.23,0.0
11286,4975,137,3,10885.94,20.0
11287,4975,653,1,10229.17,5.0
11288,4975,35,5,21434.65,0.0
11289,4976,899,4,21905.82,0.0
11290,4977,250,3,5445.45,0.0
11291,4977,733,3,10948.51,10.0
11292,4978,200,4,4522.92,15.0
11293,4979,54,2,12660.77,0.0
11294,4979,696,1,2491.11,0.0
11295,4979,462,4,19988.3,5.0
11296,4980,438,5,12263.95,0.0
11297,4980,368,4,9973.43,0.0
11298,4981,516,2,4294.23,10.0
11299,4981,58,4,2190.76,20.0
11300,4981,194,5,2770.23,20.0
11301,4981,36,3,8033.06,0.0
11302,4982,302,3,16440.69,0.0
11303,4982,775,1,23675.41,0.0
11304,4982,505,4,10404.05,10.0
11305,4983,720,5,21429.07,0.0
11306,4983,829,2,21989.77,10.0
11307,4984,87,1,19036.03,0.0
11308,4984,480,5,11927.56,20.0
11309,4984,482,5,2192.85,0.0
11310,4984,715,4,11935.81,5.0
11311,4985,509,5,8432.77,0.0
11312,4986,83,4,7572.59,5.0
11313,4987,859,4,1089.58,0.0
11314,4988,893,5,17792.63,0.0
11315,4988,615,2,13741.69,0.0
11316,4988,541,5,12029.72,20.0
11317,4988,189,1,2064.84,10.0
11318,4988,301,1,21720.03,20.0
11319,4989,280,3,14095.63,0.0
11320,4989,684,4,8576.21,0.0
11321,4990,715,3,11935.81,20.0
11322,4990,738,5,19896.87,0.0
11323,4991,511,1,16710.62,15.0
11324,4991,319,3,9389.36,0.0
11325,4992,589,2,326.42,10.0
11326,4992,58,2,2190.76,5.0
11327,4993,587,2,3058.79,5.0
11328,4993,597,2,1518.2,0.0
11329,4994,72,2,9041.77,20.0
11330,4995,859,4,1089.58,15.0
11331,4995,150,4,5234.7,0.0
11332,4995,160,3,20635.35,10.0
11333,4996,555,4,1454.57,15.0
11334,4997,520,1,1057.04,15.0
11335,4997,222,2,7009.13,0.0
11336,4998,30,5,18303.29,5.0
11337,4999,548,3,17776.31,0.0
11338,5000,669,5,17245.4,20.0
11339,5000,274,1,8564.4,10.0
11340,5001,139,4,7956.39,0.0
11341,5001,607,2,9557.3,20.0
11342,5001,491,5,11018.52,0.0
11343,5002,157,4,10768.54,0.0
11344,5003,845,5,24202.98,0.0
11345,5003,409,4,19362.42,15.0
11346,5004,55,1,2583.6,5.0
11347,5004,230,1,3957.6,0.0
11348,5004,635,2,15794.51,10.0
11349,5005,297,4,17238.41,10.0
11350,5006,51,3,11484.39,0.0
11351,5007,248,5,19406.63,20.0
11352,5008,128,5,13624.37,0.0
11353,5008,434,5,16140.57,0.0
11354,5008,133,1,18760.28,20.0
11355,5009,508,3,4967.5,0.0
11356,5009,445,4,1123.05,5.0
11357,5009,502,1,8596.35,5.0
11358,5010,781,3,15990.77,20.0
11359,5010,537,3,17211.68,0.0
11360,5010,554,2,19734.11,0.0
11361,5011,414,3,166.83,0.0
11362,5011,299,5,7106.85,5.0
11363,5012,338,2,17040.27,5.0
11364,5013,177,3,9631.34,20.0
11365,5014,91,5,11076.97,0.0
11366,5014,81,5,1166.71,5.0
11367,5014,155,5,3485.16,0.0
11368,5014,389,1,3509.61,20.0
11369,5015,427,5,16845.82,5.0
11370,5015,765,4,810.63,0.0
11371,5015,705,1,4673.98,0.0
11372,5016,716,3,4599.1,0.0
11373,5016,242,3,15852.16,0.0
11374,5017,17,2,19447.69,0.0
11375,5017,340,1,3550.22,20.0
11376,5018,893,1,17792.63,10.0
11377,5018,413,2,347.03,0.0
11378,5019,745,5,11543.63,5.0
11379,5020,479,2,8268.21,0.0
11380,5020,120,4,9678.0,0.0
11381,5020,822,4,4952.16,0.0
11382,5021,26,5,12446.22,20.0
11383,5021,431,2,24437.6,5.0
11384,5021,98,5,17528.8,10.0
11385,5021,116,3,8610.05,0.0
11386,5021,887,5,9495.11,15.0
11387,5022,11,2,19969.24,0.0
11388,5022,173,3,7108.82,0.0
11389,5022,886,2,7687.78,0.0
11390,5023,242,5,15852.16,0.0
11391,5023,822,5,4952.16,0.0
11392,5024,626,1,12352.87,0.0
11393,5024,535,3,5770.15,0.0
11394,5025,53,3,7934.72,5.0
11395,5025,814,3,3387.53,20.0
11396,5025,688,1,3002.55,20.0
11397,5026,570,3,15355.66,5.0
11398,5027,819,3,14434.49,5.0
11399,5028,844,3,8306.97,10.0
11400,5029,759,4,15948.11,10.0
11401,5029,464,4,7633.05,0.0
11402,5029,476,5,19019.08,0.0
11403,5029,152,5,11106.45,20.0
11404,5030,25,3,14978.82,20.0
11405,5031,103,2,8717.09,5.0
11406,5031,486,1,18912.84,10.0
11407,5032,278,3,8494.62,0.0
11408,5033,96,1,14288.15,15.0
11409,5034,334,5,14837.25,15.0
11410,5034,259,3,20724.65,0.0
11411,5034,646,1,5805.21,15.0
11412,5035,711,4,16182.19,0.0
11413,5035,374,2,276.26,0.0
11414,5035,591,5,6697.37,0.0
11415,5035,319,4,9389.36,10.0
11416,5035,806,5,11627.22,0.0
11417,5036,479,1,8268.21,5.0
11418,5037,479,5,8268.21,15.0
11419,5037,63,2,13615.65,5.0
11420,5037,702,2,1292.78,10.0
11421,5037,127,5,14981.11,10.0
11422,5038,656,4,23607.08,0.0
11423,5038,222,5,7009.13,5.0
11424,5038,418,5,9194.68,0.0
11425,5038,257,3,13045.67,0.0
11426,5039,171,1,18491.26,0.0
11427,5039,406,3,5693.41,10.0
11428,5039,486,3,18912.84,0.0
11429,5040,254,2,21957.69,0.0
11430,5040,831,3,6625.61,5.0
11431,5040,755,1,144.02,0.0
11432,5040,28,4,15441.58,10.0
11433,5040,449,4,1431.85,15.0
11434,5041,392,3,956.75,20.0
11435,5041,277,5,13719.42,15.0
11436,5042,516,4,4294.23,10.0
11437,5043,16,5,19747.45,5.0
11438,5044,510,5,19375.24,0.0
11439,5044,682,5,9240.58,5.0
11440,5044,383,2,11935.37,15.0
11441,5045,308,1,6864.25,20.0
11442,5046,24,2,18317.93,5.0
11443,5046,247,5,1089.6,20.0
11444,5046,473,4,2408.3,10.0
11445,5046,349,3,2689.14,5.0
11446,5047,194,3,2770.23,5.0
11447,5047,637,5,9909.0,20.0
11448,5048,837,4,264.26,0.0
11449,5048,91,5,11076.97,10.0
11450,5049,799,2,8448.77,0.0
11451,5050,358,2,5722.36,0.0
11452,5051,527,1,4372.63,15.0
11453,5052,793,4,4803.54,0.0
11454,5053,884,1,15919.32,15.0
11455,5053,405,4,6628.43,10.0
11456,5053,55,5,2583.6,15.0
11457,5054,499,4,21718.63,0.0
11458,5055,116,3,8610.05,10.0
11459,5055,246,4,3854.15,0.0
11460,5056,250,2,5445.45,0.0
11461,5057,165,5,19157.23,0.0
11462,5058,67,2,18601.02,0.0
11463,5059,633,3,15843.65,0.0
11464,5060,72,5,9041.77,5.0
11465,5060,120,2,9678.0,5.0
11466,5060,598,1,16464.93,5.0
11467,5060,384,2,5638.85,0.0
11468,5061,474,2,10258.52,0.0
11469,5062,175,2,8473.93,0.0
11470,5063,613,5,5929.69,0.0
11471,5063,900,4,17425.46,20.0
11472,5063,594,3,13204.03,0.0
11473,5063,426,5,9117.48,0.0
11474,5063,753,3,7182.61,0.0
11475,5064,160,1,20635.35,0.0
11476,5065,309,4,10625.07,0.0
11477,5065,829,4,21989.77,10.0
11478,5065,870,4,4993.59,10.0
11479,5065,855,2,2959.91,5.0
11480,5065,837,1,264.26,10.0
11481,5066,720,3,21429.07,15.0
11482,5067,556,4,13361.23,10.0
11483,5067,751,3,3818.67,0.0
11484,5067,17,4,19447.69,10.0
11485,5067,573,4,2928.56,5.0
11486,5068,446,3,18287.32,15.0
11487,5068,611,5,6171.82,10.0
11488,5068,226,3,13594.3,20.0
11489,5068,585,4,10944.6,0.0
11490,5069,310,5,20036.92,0.0
11491,5070,249,5,19528.8,15.0
11492,5070,547,2,5521.08,0.0
11493,5071,296,3,15359.82,15.0
11494,5071,589,2,326.42,15.0
11495,5071,139,3,7956.39,10.0
11496,5071,221,2,21061.36,5.0
11497,5071,812,1,2387.49,0.0
11498,5072,570,1,15355.66,20.0
11499,5072,341,1,22578.93,0.0
11500,5072,858,1,23207.14,20.0
11501,5073,274,1,8564.4,0.0
11502,5074,114,5,7286.84,10.0
11503,5075,603,5,7330.01,0.0
11504,5075,82,1,14774.58,10.0
11505,5075,111,5,8344.65,20.0
11506,5075,312,1,13798.25,0.0
11507,5076,324,1,3772.01,0.0
11508,5077,686,1,354.18,0.0
11509,5078,760,1,779.87,0.0
11510,5078,837,2,264.26,0.0
11511,5078,339,2,13518.37,0.0
11512,5078,396,3,751.13,0.0
11513,5078,540,2,2472.01,10.0
11514,5079,753,2,7182.61,20.0
11515,5079,530,2,18098.15,0.0
11516,5080,729,4,12919.83,20.0
11517,5081,858,5,23207.14,20.0
11518,5081,456,2,6661.55,10.0
11519,5081,107,1,11842.72,5.0
11520,5082,204,2,1265.16,15.0
11521,5082,6,3,22533.66,0.0
11522,5082,558,2,13963.41,5.0
11523,5082,487,3,1420.39,10.0
11524,5083,364,3,18476.31,0.0
11525,5083,844,4,8306.97,15.0
11526,5083,678,3,2508.38,20.0
11527,5084,433,2,8284.46,5.0
11528,5084,375,4,192.08,15.0
11529,5084,67,3,18601.02,20.0
11530,5084,504,2,13358.18,0.0
11531,5085,341,4,22578.93,0.0
11532,5086,755,3,144.02,10.0
11533,5087,169,2,16308.93,15.0
11534,5088,308,3,6864.25,5.0
11535,5089,585,5,10944.6,0.0
11536,5089,321,3,9347.28,20.0
11537,5090,309,3,10625.07,0.0
11538,5090,319,3,9389.36,5.0
11539,5090,418,1,9194.68,5.0
11540,5090,872,5,15107.17,0.0
11541,5091,810,5,15563.4,15.0
11542,5091,285,2,16720.01,10.0
11543,5092,43,2,18751.29,20.0
11544,5092,487,5,1420.39,15.0
11545,5092,318,5,7031.86,0.0
11546,5092,862,5,4517.96,0.0
11547,5092,661,2,13705.81,15.0
11548,5093,54,1,12660.77,0.0
11549,5094,486,4,18912.84,20.0
11550,5094,612,3,5006.24,10.0
11551,5094,52,4,12629.7,0.0
11552,5094,230,3,3957.6,0.0
11553,5094,741,2,16605.12,20.0
11554,5095,536,5,24253.72,5.0
11555,5095,622,5,8757.16,5.0
11556,5095,815,5,20541.91,20.0
11557,5095,174,4,11611.6,20.0
11558,5096,635,4,15794.51,0.0
11559,5096,443,2,1560.39,20.0
11560,5096,193,2,20867.37,15.0
11561,5096,874,1,12083.32,0.0
11562,5096,370,2,2983.33,20.0
11563,5097,608,4,622.02,0.0
11564,5097,293,5,282.61,0.0
11565,5097,561,1,863.13,0.0
11566,5097,71,1,13770.82,15.0
11567,5097,321,3,9347.28,0.0
11568,5098,503,5,955.23,0.0
11569,5098,241,5,11844.31,20.0
11570,5098,489,1,7785.34,15.0
11571,5098,695,1,17246.64,0.0
11572,5098,584,1,8995.37,20.0
11573,5099,780,5,2481.3,20.0
11574,5099,53,4,7934.72,15.0
11575,5099,453,1,11216.79,5.0
11576,5099,535,5,5770.15,15.0
11577,5100,137,5,10885.94,15.0
11578,5100,383,1,11935.37,20.0
11579,5100,682,3,9240.58,15.0
11580,5100,60,3,12772.87,5.0
11581,5101,412,4,17012.64,0.0
11582,5101,38,3,4730.75,0.0
11583,5101,93,4,7632.26,10.0
11584,5102,172,1,6290.87,0.0
11585,5102,62,3,13136.19,0.0
11586,5102,629,2,12346.5,0.0
11587,5102,589,5,326.42,0.0
11588,5102,846,5,806.68,15.0
11589,5103,278,4,8494.62,15.0
11590,5103,789,4,12946.63,0.0
11591,5103,340,4,3550.22,10.0
11592,5104,216,3,14201.95,10.0
11593,5104,678,3,2508.38,5.0
11594,5104,763,4,19381.27,0.0
11595,5104,607,3,9557.3,5.0
11596,5104,847,4,13026.82,0.0
11597,5105,454,1,12204.15,0.0
11598,5106,822,2,4952.16,0.0
11599,5107,267,1,16561.1,10.0
11600,5108,668,3,11556.92,0.0
11601,5108,440,3,21618.7,0.0
11602,5109,143,5,7946.56,0.0
11603,5109,89,1,18350.27,0.0
11604,5110,566,5,1155.19,0.0
11605,5110,670,5,12689.21,0.0
11606,5111,368,2,9973.43,0.0
11607,5112,788,3,5720.07,20.0
11608,5113,301,1,21720.03,10.0
11609,5113,871,2,8110.39,20.0
11610,5113,144,2,19819.04,20.0
11611,5114,475,4,6938.61,20.0
11612,5114,822,1,4952.16,0.0
11613,5114,49,4,12463.05,15.0
11614,5115,830,1,3011.17,0.0
11615,5116,313,2,7494.19,15.0
11616,5116,230,4,3957.6,15.0
11617,5117,409,4,19362.42,5.0
11618,5117,39,3,7958.95,0.0
11619,5117,810,2,15563.4,0.0
11620,5117,141,4,1692.85,0.0
11621,5118,192,4,18707.42,0.0
11622,5118,172,3,6290.87,15.0
11623,5118,233,5,12825.71,20.0
11624,5118,636,3,7292.03,0.0
11625,5119,603,4,7330.01,15.0
11626,5120,5,1,8313.51,15.0
11627,5120,359,4,14548.05,0.0
11628,5120,98,1,17528.8,10.0
11629,5120,362,1,17099.97,5.0
11630,5121,589,3,326.42,15.0
11631,5121,723,1,4606.01,20.0
11632,5121,677,3,13881.44,15.0
11633,5121,546,2,16500.34,15.0
11634,5122,670,2,12689.21,0.0
11635,5122,382,2,9206.05,15.0
11636,5123,175,5,8473.93,0.0
11637,5124,641,3,12480.0,5.0
11638,5125,693,5,14898.91,15.0
11639,5125,190,4,7595.13,15.0
11640,5125,275,3,10808.89,10.0
11641,5125,413,2,347.03,10.0
11642,5126,592,1,4181.43,0.0
11643,5126,422,2,189.31,15.0
11644,5126,522,4,14877.94,5.0
11645,5127,457,4,19959.82,0.0
11646,5128,146,5,15804.83,0.0
11647,5129,373,1,9954.9,20.0
11648,5130,550,4,9953.79,0.0
11649,5130,187,5,17579.96,5.0
11650,5131,571,1,10334.44,0.0
11651,5131,404,2,653.1,10.0
11652,5131,439,4,9511.48,0.0
11653,5132,282,3,19801.39,15.0
11654,5132,849,1,11044.19,15.0
11655,5132,62,2,13136.19,0.0
11656,5133,690,5,12791.5,5.0
11657,5134,533,3,20970.41,0.0
11658,5134,388,3,15425.62,5.0
11659,5135,871,4,8110.39,15.0
11660,5135,434,3,16140.57,5.0
11661,5135,821,5,17002.37,5.0
11662,5136,815,4,20541.91,10.0
11663,5136,153,3,1446.08,0.0
11664,5136,133,3,18760.28,0.0
11665,5137,830,3,3011.17,20.0
11666,5137,14,1,10692.32,10.0
11667,5138,886,3,7687.78,10.0
11668,5138,143,2,7946.56,0.0
11669,5138,741,2,16605.12,0.0
11670,5139,665,4,4754.37,0.0
11671,5140,249,2,19528.8,0.0
11672,5140,868,2,18520.33,10.0
11673,5141,202,2,18119.01,0.0
11674,5141,216,4,14201.95,5.0
11675,5142,106,4,10629.26,20.0
11676,5143,525,1,14333.71,0.0
11677,5143,381,5,17535.49,10.0
11678,5143,809,5,24052.5,5.0
11679,5143,340,4,3550.22,15.0
11680,5144,251,1,13337.74,10.0
11681,5145,205,4,16137.25,0.0
11682,5145,857,1,9589.19,10.0
11683,5145,324,5,3772.01,0.0
11684,5145,24,5,18317.93,0.0
11685,5145,510,4,19375.24,5.0
11686,5146,653,3,10229.17,15.0
11687,5146,46,2,6966.04,20.0
11688,5146,584,2,8995.37,0.0
11689,5147,336,5,226.24,20.0
11690,5147,894,5,7760.97,20.0
11691,5147,20,3,377.42,20.0
11692,5147,403,3,7812.31,0.0
11693,5148,273,4,19263.38,15.0
11694,5149,404,3,653.1,10.0
11695,5149,387,3,22309.26,15.0
11696,5149,258,4,17700.95,20.0
11697,5150,408,5,11218.26,0.0
11698,5150,767,3,12752.82,0.0
11699,5151,209,1,7178.41,5.0
11700,5151,432,2,23302.07,20.0
11701,5152,745,3,11543.63,0.0
11702,5152,329,4,10046.75,15.0
11703,5152,345,3,7900.55,0.0
11704,5153,716,3,4599.1,0.0
11705,5153,552,1,4733.75,10.0
11706,5153,429,3,8645.08,0.0
11707,5153,78,2,18768.02,15.0
11708,5154,274,1,8564.4,0.0
11709,5154,729,1,12919.83,0.0
11710,5155,745,2,11543.63,15.0
11711,5155,316,5,7282.96,0.0
11712,5155,751,4,3818.67,0.0
11713,5156,112,4,12897.57,15.0
11714,5156,36,2,8033.06,0.0
11715,5156,649,3,14601.66,0.0
11716,5157,280,3,14095.63,0.0
11717,5158,571,3,10334.44,10.0
11718,5158,140,3,10101.86,0.0
11719,5159,704,1,16292.88,5.0
11720,5160,447,4,10631.16,5.0
11721,5160,488,1,13455.56,10.0
11722,5160,470,2,14455.32,0.0
11723,5161,356,3,4711.26,15.0
11724,5161,853,4,13558.97,10.0
11725,5162,194,4,2770.23,5.0
11726,5162,872,1,15107.17,0.0
11727,5162,393,4,8735.87,0.0
11728,5163,841,2,15195.61,20.0
11729,5163,233,5,12825.71,15.0
11730,5163,782,1,19248.75,10.0
11731,5163,573,4,2928.56,15.0
11732,5163,408,5,11218.26,0.0
11733,5164,621,2,6617.04,15.0
11734,5164,791,4,11554.95,15.0
11735,5165,800,4,12138.75,0.0
11736,5165,335,1,10357.5,5.0
11737,5165,533,1,20970.41,0.0
11738,5166,686,3,354.18,15.0
11739,5166,568,1,1091.56,5.0
11740,5166,345,5,7900.55,0.0
11741,5167,190,2,7595.13,5.0
11742,5168,332,5,25511.86,5.0
11743,5168,51,4,11484.39,15.0
11744,5168,385,2,12324.69,15.0
11745,5169,729,3,12919.83,0.0
11746,5170,754,4,12241.6,0.0
11747,5171,521,1,20156.83,0.0
11748,5171,877,2,10559.02,5.0
11749,5171,457,2,19959.82,10.0
11750,5171,685,4,120.67,15.0
11751,5172,156,4,963.21,0.0
11752,5172,639,2,2960.19,20.0
11753,5173,321,3,9347.28,5.0
11754,5174,539,4,249.52,5.0
11755,5175,707,1,1274.87,15.0
11756,5175,345,4,7900.55,0.0
11757,5176,549,3,16311.06,15.0
11758,5176,234,1,10860.79,0.0
11759,5177,253,3,17161.82,20.0
11760,5177,736,3,6120.5,0.0
11761,5178,159,4,19350.16,0.0
11762,5179,252,1,14825.98,10.0
11763,5179,206,3,5960.03,0.0
11764,5180,57,4,8529.28,20.0
11765,5180,554,3,19734.11,20.0
11766,5181,26,4,12446.22,15.0
11767,5181,166,4,2581.81,0.0
11768,5182,651,3,6091.61,0.0
11769,5182,676,1,14315.33,5.0
11770,5183,684,2,8576.21,20.0
11771,5183,32,5,1527.01,0.0
11772,5184,153,3,1446.08,0.0
11773,5184,159,5,19350.16,0.0
11774,5184,23,5,11954.03,0.0
11775,5185,119,1,21039.52,10.0
11776,5185,401,3,3916.76,15.0
11777,5186,673,3,690.26,0.0
11778,5187,773,1,8183.79,0.0
11779,5188,267,4,16561.1,0.0
11780,5189,712,5,13003.78,20.0
11781,5190,183,4,23501.6,10.0
11782,5190,2,2,21248.93,15.0
11783,5191,218,1,25840.61,15.0
11784,5191,467,5,24009.79,5.0
11785,5191,18,4,4419.93,20.0
11786,5191,696,1,2491.11,5.0
11787,5191,190,3,7595.13,0.0
11788,5192,689,2,13071.47,0.0
11789,5193,337,2,1562.71,10.0
11790,5193,23,5,11954.03,10.0
11791,5193,128,1,13624.37,10.0
11792,5193,556,1,13361.23,0.0
11793,5194,597,1,1518.2,10.0
11794,5194,697,5,2018.95,0.0
11795,5194,41,4,22568.02,15.0
11796,5194,14,2,10692.32,10.0
11797,5195,883,2,1769.58,10.0
11798,5196,868,4,18520.33,0.0
11799,5196,68,5,21790.7,5.0
11800,5196,546,1,16500.34,0.0
11801,5196,837,3,264.26,0.0
11802,5197,682,3,9240.58,0.0
11803,5197,45,4,19804.2,15.0
11804,5197,176,5,10671.88,0.0
11805,5198,778,2,20152.02,0.0
11806,5198,483,3,7695.04,5.0
11807,5198,298,4,15463.87,10.0
11808,5199,135,2,4472.34,10.0
11809,5199,107,2,11842.72,20.0
11810,5199,282,2,19801.39,0.0
11811,5199,329,2,10046.75,0.0
11812,5200,394,5,15875.45,20.0
11813,5200,652,2,6638.78,0.0
11814,5201,612,3,5006.24,0.0
11815,5202,459,5,1008.42,10.0
11816,5203,871,3,8110.39,0.0
11817,5203,657,3,11502.62,15.0
11818,5203,733,4,10948.51,10.0
11819,5203,650,1,6904.93,0.0
11820,5204,501,5,14745.03,0.0
11821,5204,102,1,7542.37,20.0
11822,5204,834,4,11307.94,5.0
11823,5204,441,1,11305.42,0.0
11824,5204,567,5,14958.32,15.0
11825,5205,371,1,1636.75,0.0
11826,5206,782,1,19248.75,5.0
11827,5207,24,2,18317.93,0.0
11828,5207,326,1,16274.68,0.0
11829,5207,315,4,14818.85,0.0
11830,5208,596,2,3968.53,20.0
11831,5208,587,2,3058.79,10.0
11832,5209,889,5,15442.59,20.0
11833,5209,381,3,17535.49,10.0
11834,5210,527,2,4372.63,0.0
11835,5210,604,4,11660.05,5.0
11836,5211,233,5,12825.71,20.0
11837,5212,282,4,19801.39,20.0
11838,5213,69,4,7716.81,0.0
11839,5213,545,3,16977.96,0.0
11840,5214,511,1,16710.62,15.0
11841,5214,548,3,17776.31,0.0
11842,5214,795,4,21693.2,5.0
11843,5214,416,4,11392.81,0.0
11844,5214,71,2,13770.82,0.0
11845,5215,196,4,10265.86,0.0
11846,5216,356,1,4711.26,15.0
11847,5217,858,2,23207.14,15.0
11848,5217,588,5,4546.5,15.0
11849,5218,520,3,1057.04,10.0
11850,5219,495,3,16857.86,0.0
11851,5220,895,2,7754.62,10.0
11852,5220,197,4,20568.54,0.0
11853,5220,293,4,282.61,5.0
11854,5221,477,4,17806.82,5.0
11855,5222,425,3,4926.04,0.0
11856,5222,78,5,18768.02,10.0
11857,5222,353,3,7643.82,5.0
11858,5223,306,1,9467.51,0.0
11859,5223,573,2,2928.56,0.0
11860,5223,125,3,2129.68,0.0
11861,5223,60,5,12772.87,0.0
11862,5224,371,5,1636.75,10.0
11863,5225,579,4,16420.05,15.0
11864,5225,774,5,10265.71,15.0
11865,5225,93,5,7632.26,0.0
11866,5225,204,2,1265.16,20.0
11867,5225,397,4,8299.19,10.0
11868,5226,392,5,956.75,0.0
11869,5226,686,3,354.18,10.0
11870,5227,95,3,18635.44,15.0
11871,5228,218,3,25840.61,15.0
11872,5229,750,5,3277.38,10.0
11873,5229,188,2,11495.49,10.0
11874,5230,328,2,15690.65,0.0
11875,5230,290,2,12993.94,0.0
11876,5231,713,3,26684.64,0.0
11877,5232,478,5,10570.88,15.0
11878,5233,859,5,1089.58,15.0
11879,5233,562,3,6895.25,15.0
11880,5233,598,1,16464.93,15.0
11881,5233,571,5,10334.44,15.0
11882,5234,784,2,8066.19,5.0
11883,5235,383,1,11935.37,0.0
11884,5236,489,5,7785.34,0.0
11885,5236,806,1,11627.22,0.0
11886,5237,456,3,6661.55,0.0
11887,5237,284,4,15548.25,0.0
11888,5238,100,3,14472.84,0.0
11889,5238,736,2,6120.5,20.0
11890,5239,429,1,8645.08,0.0
11891,5240,701,4,621.06,0.0
11892,5240,809,5,24052.5,20.0
11893,5240,234,1,10860.79,0.0
11894,5241,207,5,21338.76,0.0
11895,5241,479,1,8268.21,5.0
11896,5241,544,5,14987.27,15.0
11897,5241,732,1,8129.26,15.0
11898,5242,775,1,23675.41,20.0
11899,5243,21,2,20625.3,0.0
11900,5243,108,2,23388.45,10.0
11901,5244,167,3,14506.97,10.0
11902,5245,155,1,3485.16,20.0
11903,5245,143,2,7946.56,20.0
11904,5246,838,5,19410.6,10.0
11905,5246,1,5,23380.27,0.0
11906,5247,864,4,2259.89,20.0
11907,5247,232,1,12332.61,15.0
11908,5247,351,3,15160.62,20.0
11909,5248,133,5,18760.28,5.0
11910,5248,658,1,25361.82,5.0
11911,5248,832,5,9339.3,10.0
11912,5249,17,3,19447.69,10.0
11913,5249,493,3,7964.23,0.0
11914,5250,454,2,12204.15,10.0
11915,5250,409,1,19362.42,5.0
11916,5251,429,3,8645.08,15.0
11917,5252,636,3,7292.03,0.0
11918,5253,846,4,806.68,5.0
11919,5254,322,4,14630.46,5.0
11920,5255,698,4,4293.78,0.0
11921,5255,65,2,16507.63,15.0
11922,5255,569,3,17022.92,20.0
11923,5255,644,2,12974.58,0.0
11924,5255,848,3,15587.71,0.0
11925,5256,476,3,19019.08,10.0
11926,5257,801,5,3589.73,0.0
11927,5257,640,2,12833.48,0.0
11928,5258,585,2,10944.6,0.0
11929,5258,750,1,3277.38,10.0
11930,5259,647,5,8678.96,0.0
11931,5260,654,1,16228.87,20.0
11932,5260,403,5,7812.31,5.0
11933,5261,578,1,17099.03,0.0
11934,5262,180,5,1628.95,10.0
11935,5263,44,2,8591.33,0.0
11936,5263,755,5,144.02,0.0
11937,5263,684,5,8576.21,0.0
11938,5264,887,2,9495.11,0.0
11939,5264,145,5,12067.47,15.0
11940,5265,856,4,836.93,0.0
11941,5265,536,2,24253.72,0.0
11942,5266,708,4,16924.57,10.0
11943,5267,513,3,10655.97,0.0
11944,5268,274,1,8564.4,10.0
11945,5268,570,3,15355.66,0.0
11946,5268,261,2,21999.28,10.0
11947,5268,765,4,810.63,0.0
11948,5269,848,1,15587.71,5.0
11949,5269,850,3,22317.22,5.0
11950,5270,785,5,16279.21,0.0
11951,5270,447,3,10631.16,0.0
11952,5270,482,5,2192.85,5.0
11953,5270,151,5,21510.83,15.0
11954,5271,552,4,4733.75,10.0
11955,5272,451,2,15015.83,15.0
11956,5272,708,3,16924.57,0.0
11957,5273,72,4,9041.77,0.0
11958,5273,487,4,1420.39,10.0
11959,5274,498,4,21474.1,20.0
11960,5275,370,5,2983.33,10.0
11961,5276,609,2,8508.77,0.0
11962,5276,354,1,17320.16,10.0
11963,5277,372,2,9597.28,0.0
11964,5277,703,3,14544.45,15.0
11965,5278,833,5,16884.14,10.0
11966,5278,237,1,11209.85,5.0
11967,5279,85,5,4996.1,20.0
11968,5280,685,1,120.67,20.0
11969,5280,486,4,18912.84,15.0
11970,5281,47,3,7909.38,10.0
11971,5281,629,4,12346.5,0.0
11972,5281,468,2,9057.22,15.0
11973,5282,681,5,17950.56,0.0
11974,5283,553,1,11099.68,0.0
11975,5283,866,4,3834.44,0.0
11976,5283,367,2,14113.51,0.0
11977,5283,648,4,5724.05,20.0
11978,5284,239,5,15822.1,5.0
11979,5284,861,1,8502.27,0.0
11980,5284,284,4,15548.25,0.0
11981,5285,644,4,12974.58,10.0
11982,5285,263,2,3234.93,10.0
11983,5285,568,3,1091.56,0.0
11984,5286,235,2,4664.57,20.0
11985,5286,886,1,7687.78,20.0
11986,5287,397,1,8299.19,5.0
11987,5288,745,4,11543.63,5.0
11988,5288,83,3,7572.59,20.0
11989,5288,486,4,18912.84,5.0
11990,5288,635,1,15794.51,20.0
11991,5289,34,1,1148.2,10.0
11992,5290,429,4,8645.08,0.0
11993,5290,5,1,8313.51,0.0
11994,5290,706,1,12213.81,10.0
11995,5291,5,5,8313.51,0.0
11996,5291,768,5,16413.87,0.0
11997,5292,866,3,3834.44,0.0
11998,5292,424,4,17174.37,0.0
11999,5292,229,3,5530.88,0.0
12000,5293,697,2,2018.95,15.0
12001,5293,301,3,21720.03,20.0
12002,5294,640,2,12833.48,0.0
12003,5294,659,4,2808.44,20.0
12004,5294,858,4,23207.14,0.0
12005,5294,335,2,10357.5,0.0
12006,5294,803,5,7424.51,0.0
12007,5295,880,2,18151.13,15.0
12008,5295,837,4,264.26,0.0
12009,5296,655,4,8938.91,5.0
12010,5297,314,5,18006.61,20.0
12011,5297,696,3,2491.11,5.0
12012,5298,432,4,23302.07,15.0
12013,5298,747,3,15965.2,5.0
12014,5298,101,5,20043.36,0.0
12015,5299,900,1,17425.46,0.0
12016,5299,787,3,18758.34,15.0
12017,5299,265,1,4344.64,0.0
12018,5300,691,1,16753.29,20.0
12019,5301,93,1,7632.26,15.0
12020,5302,893,5,17792.63,10.0
12021,5303,30,1,18303.29,5.0
12022,5304,356,2,4711.26,20.0
12023,5304,710,3,11261.29,0.0
12024,5304,256,4,6510.46,0.0
12025,5304,333,5,6422.47,0.0
12026,5304,770,2,5579.14,0.0
12027,5305,332,3,25511.86,0.0
12028,5305,668,1,11556.92,10.0
12029,5306,160,5,20635.35,0.0
12030,5306,671,1,16938.7,15.0
12031,5307,706,5,12213.81,0.0
12032,5307,743,5,10182.67,15.0
12033,5307,437,4,10772.97,5.0
12034,5307,194,2,2770.23,15.0
12035,5307,12,3,10935.76,0.0
12036,5308,605,5,7517.98,0.0
12037,5308,344,1,5524.58,0.0
12038,5308,250,4,5445.45,0.0
12039,5308,310,5,20036.92,10.0
12040,5308,837,4,264.26,0.0
12041,5309,498,4,21474.1,0.0
12042,5309,13,3,478.72,0.0
12043,5310,746,3,6075.54,0.0
12044,5311,497,3,15989.14,0.0
12045,5311,878,5,13434.69,0.0
12046,5312,595,4,16876.57,5.0
12047,5312,532,5,14811.49,0.0
12048,5313,125,3,2129.68,5.0
12049,5313,710,5,11261.29,20.0
12050,5313,237,2,11209.85,10.0
12051,5313,112,5,12897.57,0.0
12052,5314,517,4,17350.23,0.0
12053,5315,768,5,16413.87,0.0
12054,5315,725,5,8996.66,10.0
12055,5316,737,2,16594.34,10.0
12056,5316,471,4,13086.13,10.0
12057,5317,99,1,20609.05,0.0
12058,5318,766,1,10014.02,15.0
12059,5318,87,1,19036.03,0.0
12060,5318,830,2,3011.17,0.0
12061,5319,487,2,1420.39,10.0
12062,5319,333,4,6422.47,0.0
12063,5319,101,2,20043.36,0.0
12064,5319,475,5,6938.61,0.0
12065,5320,246,1,3854.15,0.0
12066,5320,435,5,13058.88,10.0
12067,5320,776,3,20110.05,15.0
12068,5320,39,3,7958.95,15.0
12069,5320,735,3,9036.58,15.0
12070,5321,645,2,15208.69,20.0
12071,5321,104,4,1617.45,0.0
12072,5321,477,1,17806.82,10.0
12073,5322,129,2,10907.63,15.0
12074,5322,117,5,4942.41,0.0
12075,5322,497,4,15989.14,0.0
12076,5323,280,5,14095.63,5.0
12077,5323,800,5,12138.75,0.0
12078,5323,258,5,17700.95,0.0
12079,5324,871,2,8110.39,0.0
12080,5325,292,5,15961.49,15.0
12081,5325,223,3,13128.85,5.0
12082,5325,344,5,5524.58,0.0
12083,5325,858,2,23207.14,10.0
12084,5326,785,3,16279.21,0.0
12085,5327,57,5,8529.28,20.0
12086,5328,718,1,17963.95,0.0
12087,5328,292,4,15961.49,20.0
12088,5328,357,2,10102.76,0.0
12089,5329,582,2,19075.76,5.0
12090,5329,177,1,9631.34,5.0
12091,5329,352,3,11635.83,0.0
12092,5329,715,3,11935.81,20.0
12093,5330,728,2,1177.36,15.0
12094,5331,440,2,21618.7,10.0
12095,5331,769,5,19111.37,10.0
12096,5331,667,2,11155.15,0.0
12097,5331,91,2,11076.97,0.0
12098,5332,694,3,11604.18,0.0
12099,5332,660,2,5178.7,0.0
12100,5332,297,4,17238.41,5.0
12101,5333,440,4,21618.7,15.0
12102,5333,8,4,19040.64,0.0
12103,5334,501,1,14745.03,0.0
12104,5335,241,2,11844.31,0.0
12105,5336,441,1,11305.42,0.0
12106,5336,753,3,7182.61,0.0
12107,5337,144,3,19819.04,20.0
12108,5338,507,4,12654.25,15.0
12109,5338,313,3,7494.19,0.0
12110,5339,238,2,4482.75,0.0
12111,5339,261,3,21999.28,10.0
12112,5340,769,1,19111.37,0.0
12113,5340,65,3,16507.63,20.0
12114,5341,882,3,8433.14,5.0
12115,5341,765,3,810.63,0.0
12116,5341,9,3,17153.33,20.0
12117,5341,704,2,16292.88,0.0
12118,5342,234,2,10860.79,5.0
12119,5343,297,3,17238.41,5.0
12120,5343,794,5,20250.02,5.0
12121,5343,575,5,13808.3,5.0
12122,5343,25,2,14978.82,0.0
12123,5343,834,3,11307.94,0.0
12124,5344,93,1,7632.26,15.0
12125,5344,88,5,25475.34,5.0
12126,5345,433,3,8284.46,0.0
12127,5345,435,3,13058.88,15.0
12128,5346,839,4,14313.81,10.0
12129,5346,868,1,18520.33,15.0
12130,5347,169,2,16308.93,10.0
12131,5347,652,3,6638.78,0.0
12132,5348,599,4,442.03,5.0
12133,5348,251,4,13337.74,0.0
12134,5348,259,1,20724.65,10.0
12135,5349,95,2,18635.44,15.0
12136,5350,15,1,9257.31,0.0
12137,5351,647,1,8678.96,0.0
12138,5351,124,5,13452.12,0.0
12139,5352,197,5,20568.54,15.0
12140,5352,882,2,8433.14,20.0
12141,5353,816,3,13450.11,5.0
12142,5354,90,3,14228.88,10.0
12143,5355,454,4,12204.15,15.0
12144,5355,672,2,5939.35,15.0
12145,5355,817,1,14780.14,0.0
12146,5355,105,2,9554.98,15.0
12147,5356,456,3,6661.55,0.0
12148,5356,899,5,21905.82,0.0
12149,5357,108,3,23388.45,15.0
12150,5357,494,5,2526.78,10.0
12151,5357,232,4,12332.61,0.0
12152,5357,350,4,2904.08,5.0
12153,5358,813,1,5532.46,20.0
12154,5359,262,3,4228.73,0.0
12155,5360,693,5,14898.91,20.0
12156,5360,32,2,1527.01,5.0
12157,5360,514,2,25746.27,0.0
12158,5360,858,5,23207.14,0.0
12159,5361,848,2,15587.71,20.0
12160,5361,576,4,3125.72,15.0
12161,5362,48,1,5117.57,20.0
12162,5362,174,2,11611.6,5.0
12163,5362,510,3,19375.24,15.0
12164,5363,802,2,4116.0,20.0
12165,5363,45,4,19804.2,0.0
12166,5363,369,2,6953.46,15.0
12167,5364,314,1,18006.61,0.0
12168,5364,484,3,19113.34,0.0
12169,5364,494,4,2526.78,20.0
12170,5364,569,1,17022.92,5.0
12171,5365,535,2,5770.15,10.0
12172,5366,729,4,12919.83,5.0
12173,5366,701,3,621.06,10.0
12174,5367,807,2,15923.26,0.0
12175,5368,659,5,2808.44,0.0
12176,5368,747,3,15965.2,20.0
12177,5369,106,5,10629.26,5.0
12178,5369,369,3,6953.46,0.0
12179,5370,189,3,2064.84,0.0
12180,5370,24,4,18317.93,10.0
12181,5371,123,5,15484.22,20.0
12182,5372,12,4,10935.76,0.0
12183,5372,397,5,8299.19,15.0
12184,5372,21,4,20625.3,5.0
12185,5372,405,2,6628.43,0.0
12186,5373,54,1,12660.77,15.0
12187,5374,572,5,19015.09,20.0
12188,5375,410,4,15870.26,0.0
12189,5376,369,4,6953.46,5.0
12190,5377,233,5,12825.71,20.0
12191,5377,624,4,15309.66,15.0
12192,5377,456,5,6661.55,0.0
12193,5378,629,4,12346.5,10.0
12194,5379,76,3,8195.06,5.0
12195,5379,601,1,17591.52,5.0
12196,5380,645,3,15208.69,5.0
12197,5381,594,4,13204.03,20.0
12198,5381,704,3,16292.88,10.0
12199,5382,214,2,17220.63,20.0
12200,5382,701,1,621.06,10.0
12201,5383,768,2,16413.87,20.0
12202,5384,7,1,19612.77,20.0
12203,5384,548,4,17776.31,15.0
12204,5384,215,2,4666.45,0.0
12205,5384,719,5,7305.31,5.0
12206,5384,421,5,4302.81,0.0
12207,5385,132,3,7609.15,10.0
12208,5385,61,1,6502.87,5.0
12209,5386,703,3,14544.45,5.0
12210,5386,835,1,13235.32,0.0
12211,5387,111,4,8344.65,0.0
12212,5387,583,2,20840.66,15.0
12213,5388,856,4,836.93,5.0
12214,5389,454,2,12204.15,10.0
12215,5389,738,5,19896.87,20.0
12216,5390,209,3,7178.41,0.0
12217,5390,468,2,9057.22,10.0
12218,5391,354,4,17320.16,5.0
12219,5391,684,2,8576.21,20.0
12220,5391,823,3,16691.74,0.0
12221,5392,733,3,10948.51,5.0
12222,5393,134,3,17132.5,10.0
12223,5394,181,2,11885.47,15.0
12224,5394,285,2,16720.01,0.0
12225,5394,102,4,7542.37,5.0
12226,5394,890,2,10049.64,0.0
12227,5394,561,4,863.13,15.0
12228,5395,278,4,8494.62,0.0
12229,5396,900,2,17425.46,0.0
12230,5397,27,1,10463.86,0.0
12231,5398,816,5,13450.11,5.0
12232,5398,608,2,622.02,0.0
12233,5399,282,2,19801.39,15.0
12234,5400,603,5,7330.01,20.0
12235,5401,870,5,4993.59,15.0
12236,5402,372,4,9597.28,5.0
12237,5402,72,2,9041.77,0.0
12238,5402,475,3,6938.61,0.0
12239,5402,270,4,16271.78,5.0
12240,5403,674,4,11510.75,0.0
12241,5403,299,1,7106.85,0.0
12242,5403,648,2,5724.05,0.0
12243,5404,856,2,836.93,5.0
12244,5404,105,4,9554.98,0.0
12245,5404,329,1,10046.75,10.0
12246,5405,371,5,1636.75,0.0
12247,5405,898,4,9944.45,10.0
12248,5405,711,2,16182.19,20.0
12249,5406,136,5,8942.91,10.0
12250,5406,837,1,264.26,10.0
12251,5406,843,3,11008.41,15.0
12252,5406,178,3,14238.81,15.0
12253,5407,254,5,21957.69,10.0
12254,5408,39,4,7958.95,0.0
12255,5409,64,1,18539.77,10.0
12256,5409,406,5,5693.41,20.0
12257,5410,477,1,17806.82,5.0
12258,5411,90,1,14228.88,0.0
12259,5412,271,3,20542.32,0.0
12260,5412,132,1,7609.15,15.0
12261,5412,462,4,19988.3,20.0
12262,5413,122,4,17327.18,15.0
12263,5413,781,1,15990.77,0.0
12264,5414,429,4,8645.08,15.0
12265,5415,546,5,16500.34,0.0
12266,5416,513,1,10655.97,0.0
12267,5416,526,2,14453.05,0.0
12268,5416,642,1,12368.27,10.0
12269,5416,489,5,7785.34,0.0
12270,5416,707,5,1274.87,0.0
12271,5417,256,2,6510.46,0.0
12272,5418,230,5,3957.6,0.0
12273,5419,541,5,12029.72,0.0
12274,5420,499,4,21718.63,0.0
12275,5420,179,2,3471.92,0.0
12276,5421,830,2,3011.17,0.0
12277,5422,42,4,10082.43,20.0
12278,5423,415,4,7434.55,0.0
12279,5423,45,5,19804.2,15.0
12280,5423,23,5,11954.03,10.0
12281,5424,652,2,6638.78,10.0
12282,5424,885,1,7089.39,20.0
12283,5425,23,3,11954.03,0.0
12284,5425,848,1,15587.71,15.0
12285,5426,785,5,16279.21,0.0
12286,5426,444,4,17486.46,10.0
12287,5426,740,2,7772.66,20.0
12288,5427,194,4,2770.23,0.0
12289,5427,715,3,11935.81,0.0
12290,5428,772,1,18195.11,20.0
12291,5428,628,5,8593.46,0.0
12292,5429,340,2,3550.22,0.0
12293,5429,638,2,17008.83,0.0
12294,5430,624,3,15309.66,0.0
12295,5430,51,4,11484.39,0.0
12296,5430,400,3,19421.92,15.0
12297,5430,646,5,5805.21,15.0
12298,5430,324,3,3772.01,0.0
12299,5431,74,2,21546.9,0.0
12300,5431,427,1,16845.82,15.0
12301,5431,188,5,11495.49,0.0
12302,5431,856,5,836.93,15.0
12303,5431,377,4,23965.45,0.0
12304,5432,342,1,15719.78,0.0
12305,5432,149,3,10169.3,20.0
12306,5433,700,4,14408.43,0.0
12307,5434,787,1,18758.34,0.0
12308,5434,388,1,15425.62,15.0
12309,5435,811,5,13234.53,0.0
12310,5436,724,2,11703.57,15.0
12311,5437,600,2,13416.18,5.0
12312,5437,369,1,6953.46,20.0
12313,5437,106,3,10629.26,5.0
12314,5438,697,2,2018.95,10.0
12315,5439,602,1,9166.77,20.0
12316,5440,178,5,14238.81,0.0
12317,5440,839,1,14313.81,20.0
12318,5441,493,1,7964.23,0.0
12319,5441,524,1,10408.88,5.0
12320,5441,108,5,23388.45,10.0
12321,5441,343,2,15859.82,5.0
12322,5442,404,3,653.1,20.0
12323,5442,181,2,11885.47,10.0
12324,5442,754,3,12241.6,15.0
12325,5443,585,5,10944.6,0.0
12326,5443,490,3,6372.79,15.0
12327,5444,369,2,6953.46,15.0
12328,5444,563,5,5661.49,0.0
12329,5444,678,4,2508.38,0.0
12330,5444,205,3,16137.25,10.0
12331,5445,220,3,12963.27,20.0
12332,5445,186,2,9740.85,0.0
12333,5446,614,5,21084.78,0.0
12334,5446,263,2,3234.93,0.0
12335,5447,299,2,7106.85,20.0
12336,5448,453,1,11216.79,15.0
12337,5449,165,3,19157.23,0.0
12338,5450,832,3,9339.3,0.0
12339,5450,14,2,10692.32,0.0
12340,5451,564,1,2009.4,20.0
12341,5451,777,2,7013.52,20.0
12342,5452,371,3,1636.75,5.0
12343,5452,86,2,17346.97,10.0
12344,5453,669,5,17245.4,10.0
12345,5453,734,1,13296.98,15.0
12346,5454,495,5,16857.86,0.0
12347,5454,397,1,8299.19,10.0
12348,5455,828,2,25138.47,20.0
12349,5455,722,4,2404.11,0.0
12350,5456,687,2,14696.63,15.0
12351,5457,899,3,21905.82,15.0
12352,5457,313,1,7494.19,0.0
12353,5458,144,1,19819.04,10.0
12354,5459,880,2,18151.13,5.0
12355,5459,762,5,15418.59,20.0
12356,5459,893,4,17792.63,0.0
12357,5460,429,4,8645.08,10.0
12358,5460,39,5,7958.95,20.0
12359,5460,655,5,8938.91,10.0
12360,5460,501,5,14745.03,5.0
12361,5461,224,5,2233.05,15.0
12362,5461,238,5,4482.75,15.0
12363,5461,203,5,12755.01,10.0
12364,5461,848,3,15587.71,20.0
12365,5461,732,2,8129.26,0.0
12366,5462,408,2,11218.26,0.0
12367,5462,709,2,7686.85,0.0
12368,5463,721,2,18878.1,10.0
12369,5463,116,3,8610.05,20.0
12370,5463,804,2,21201.2,0.0
12371,5463,336,2,226.24,0.0
12372,5464,678,3,2508.38,0.0
12373,5464,496,4,19499.77,0.0
12374,5465,81,4,1166.71,20.0
12375,5465,602,2,9166.77,0.0
12376,5466,191,5,12145.42,15.0
12377,5466,332,4,25511.86,15.0
12378,5467,748,1,15319.21,0.0
12379,5467,270,4,16271.78,0.0
12380,5467,411,5,17450.18,0.0
12381,5467,711,1,16182.19,5.0
12382,5468,862,5,4517.96,5.0
12383,5469,95,1,18635.44,20.0
12384,5470,16,3,19747.45,0.0
12385,5470,411,4,17450.18,0.0
12386,5470,704,1,16292.88,0.0
12387,5470,119,4,21039.52,10.0
12388,5471,772,1,18195.11,0.0
12389,5472,710,1,11261.29,0.0
12390,5472,467,4,24009.79,20.0
12391,5472,79,4,15602.76,5.0
12392,5472,46,1,6966.04,5.0
12393,5473,360,5,11713.02,0.0
12394,5474,586,3,15918.44,0.0
12395,5475,182,3,16329.46,0.0
12396,5476,386,1,14759.78,0.0
12397,5477,68,4,21790.7,0.0
12398,5478,691,3,16753.29,20.0
12399,5479,886,5,7687.78,5.0
12400,5480,877,1,10559.02,0.0
12401,5480,236,5,4832.52,5.0
12402,5480,69,2,7716.81,15.0
12403,5481,272,2,8968.84,0.0
12404,5481,281,5,2023.57,20.0
12405,5481,68,1,21790.7,5.0
12406,5481,674,1,11510.75,5.0
12407,5482,599,2,442.03,20.0
12408,5482,316,4,7282.96,15.0
12409,5483,217,1,4337.11,0.0
12410,5483,679,5,5924.78,20.0
12411,5483,585,1,10944.6,0.0
12412,5484,254,5,21957.69,15.0
12413,5485,505,1,10404.05,0.0
12414,5486,203,2,12755.01,0.0
12415,5486,407,4,7770.71,5.0
12416,5486,8,2,19040.64,0.0
12417,5487,747,2,15965.2,0.0
12418,5488,314,1,18006.61,10.0
12419,5489,794,4,20250.02,10.0
12420,5489,554,1,19734.11,0.0
12421,5490,881,4,21532.91,15.0
12422,5490,823,5,16691.74,0.0
12423,5491,521,4,20156.83,0.0
12424,5492,240,2,3443.85,0.0
12425,5492,273,2,19263.38,0.0
12426,5492,187,3,17579.96,0.0
12427,5492,570,1,15355.66,15.0
12428,5493,824,1,297.67,0.0
12429,5494,298,1,15463.87,20.0
12430,5494,583,4,20840.66,0.0
12431,5494,894,1,7760.97,0.0
12432,5495,658,4,25361.82,20.0
12433,5495,93,2,7632.26,0.0
12434,5495,612,2,5006.24,15.0
12435,5496,198,4,12806.33,5.0
12436,5497,367,1,14113.51,20.0
12437,5497,616,5,18315.38,0.0
12438,5498,318,2,7031.86,0.0
12439,5498,420,4,9360.46,0.0
12440,5498,610,5,2359.37,10.0
12441,5498,274,2,8564.4,0.0
12442,5499,149,5,10169.3,10.0
12443,5499,480,5,11927.56,15.0
12444,5500,416,5,11392.81,10.0
12445,5501,312,2,13798.25,0.0
12446,5501,310,3,20036.92,0.0
12447,5502,499,2,21718.63,10.0
12448,5502,870,4,4993.59,0.0
12449,5502,105,2,9554.98,0.0
12450,5503,574,4,6143.25,20.0
12451,5503,791,1,11554.95,20.0
12452,5503,20,3,377.42,20.0
12453,5503,76,5,8195.06,0.0
12454,5503,202,4,18119.01,0.0
12455,5504,345,3,7900.55,15.0
12456,5505,801,5,3589.73,10.0
12457,5506,579,4,16420.05,0.0
12458,5507,653,4,10229.17,15.0
12459,5507,20,2,377.42,0.0
12460,5508,602,3,9166.77,10.0
12461,5508,712,1,13003.78,0.0
12462,5508,607,2,9557.3,0.0
12463,5509,480,4,11927.56,0.0
12464,5509,308,5,6864.25,0.0
12465,5509,866,5,3834.44,0.0
12466,5509,58,4,2190.76,0.0
12467,5510,251,5,13337.74,5.0
12468,5510,246,2,3854.15,0.0
12469,5511,595,1,16876.57,10.0
12470,5511,205,4,16137.25,15.0
12471,5511,681,5,17950.56,20.0
12472,5511,216,2,14201.95,15.0
12473,5512,708,4,16924.57,5.0
12474,5512,393,4,8735.87,0.0
12475,5512,634,5,17957.51,0.0
12476,5512,250,5,5445.45,10.0
12477,5513,240,1,3443.85,10.0
12478,5513,644,5,12974.58,20.0
12479,5513,165,3,19157.23,0.0
12480,5513,787,3,18758.34,15.0
12481,5514,862,5,4517.96,5.0
12482,5515,793,1,4803.54,5.0
12483,5516,438,1,12263.95,0.0
12484,5516,562,4,6895.25,5.0
12485,5517,646,5,5805.21,0.0
12486,5517,195,5,1306.46,5.0
12487,5517,574,5,6143.25,5.0
12488,5518,66,4,13143.99,0.0
12489,5518,121,3,10353.6,10.0
12490,5519,833,3,16884.14,15.0
12491,5520,523,5,13665.96,0.0
12492,5521,750,5,3277.38,15.0
12493,5521,383,3,11935.37,15.0
12494,5521,132,3,7609.15,15.0
12495,5522,317,2,14112.86,0.0
12496,5523,766,5,10014.02,10.0
12497,5523,420,5,9360.46,20.0
12498,5523,358,5,5722.36,0.0
12499,5523,118,1,22241.66,0.0
12500,5524,554,1,19734.11,5.0
12501,5525,192,4,18707.42,0.0
12502,5526,521,3,20156.83,5.0
12503,5526,630,2,16772.79,10.0
12504,5527,108,2,23388.45,5.0
12505,5527,603,2,7330.01,0.0
12506,5527,542,1,3615.52,10.0
12507,5528,493,4,7964.23,0.0
12508,5529,404,5,653.1,15.0
12509,5530,610,5,2359.37,15.0
12510,5530,583,5,20840.66,0.0
12511,5531,773,5,8183.79,10.0
12512,5531,124,5,13452.12,10.0
12513,5531,731,2,960.03,5.0
12514,5532,723,4,4606.01,0.0
12515,5532,662,1,6806.59,10.0
12516,5532,391,4,12976.53,0.0
12517,5533,759,2,15948.11,10.0
12518,5534,197,3,20568.54,0.0
12519,5534,355,3,3894.18,0.0
12520,5535,403,5,7812.31,10.0
12521,5535,487,2,1420.39,5.0
12522,5536,46,5,6966.04,0.0
12523,5536,601,4,17591.52,15.0
12524,5537,356,3,4711.26,20.0
12525,5538,736,1,6120.5,0.0
12526,5538,126,2,9886.31,10.0
12527,5538,628,1,8593.46,0.0
12528,5539,150,5,5234.7,0.0
12529,5539,786,1,14084.23,0.0
12530,5539,56,3,18137.71,10.0
12531,5539,455,4,6876.9,0.0
12532,5539,265,1,4344.64,0.0
12533,5540,767,5,12752.82,0.0
12534,5540,430,4,19127.25,0.0
12535,5541,526,2,14453.05,10.0
12536,5541,242,5,15852.16,15.0
12537,5542,242,2,15852.16,10.0
12538,5542,794,2,20250.02,10.0
12539,5543,82,4,14774.58,0.0
12540,5543,702,2,1292.78,0.0
12541,5544,877,2,10559.02,5.0
12542,5544,99,5,20609.05,20.0
12543,5545,184,2,14178.66,20.0
12544,5546,227,1,2720.12,0.0
12545,5547,839,2,14313.81,0.0
12546,5547,517,5,17350.23,10.0
12547,5548,330,5,12351.31,10.0
12548,5548,272,1,8968.84,0.0
12549,5549,447,1,10631.16,15.0
12550,5550,733,3,10948.51,5.0
12551,5550,121,1,10353.6,0.0
12552,5550,160,2,20635.35,10.0
12553,5550,521,3,20156.83,0.0
12554,5550,115,1,14046.49,20.0
12555,5551,703,2,14544.45,0.0
12556,5552,895,4,7754.62,0.0
12557,5553,748,5,15319.21,5.0
12558,5553,504,5,13358.18,10.0
12559,5553,458,4,706.12,10.0
12560,5553,85,2,4996.1,0.0
12561,5554,690,3,12791.5,15.0
12562,5555,252,4,14825.98,10.0
12563,5556,170,1,12133.1,15.0
12564,5556,406,4,5693.41,10.0
12565,5557,383,5,11935.37,15.0
12566,5557,570,2,15355.66,0.0
12567,5558,403,1,7812.31,0.0
12568,5558,41,5,22568.02,20.0
12569,5559,695,1,17246.64,5.0
12570,5559,450,5,5004.29,15.0
12571,5559,797,5,13841.65,5.0
12572,5559,828,2,25138.47,20.0
12573,5559,83,1,7572.59,5.0
12574,5560,60,1,12772.87,10.0
12575,5560,690,3,12791.5,0.0
12576,5560,124,5,13452.12,5.0
12577,5561,863,4,10272.35,0.0
12578,5562,513,3,10655.97,0.0
12579,5562,118,2,22241.66,20.0
12580,5562,85,4,4996.1,20.0
12581,5562,22,2,11230.85,20.0
12582,5562,782,3,19248.75,15.0
12583,5563,620,3,12173.09,10.0
12584,5564,509,5,8432.77,0.0
12585,5564,195,5,1306.46,15.0
12586,5564,359,2,14548.05,0.0
12587,5565,844,5,8306.97,0.0
12588,5565,8,4,19040.64,5.0
12589,5566,590,1,9869.32,5.0
12590,5567,318,5,7031.86,20.0
12591,5568,345,4,7900.55,15.0
12592,5568,401,1,3916.76,10.0
12593,5568,527,5,4372.63,0.0
12594,5569,492,5,9662.3,10.0
12595,5569,804,5,21201.2,10.0
12596,5569,146,2,15804.83,0.0
12597,5569,816,3,13450.11,0.0
12598,5570,99,2,20609.05,5.0
12599,5571,343,5,15859.82,0.0
12600,5571,827,1,17333.78,20.0
12601,5572,438,2,12263.95,15.0
12602,5572,35,1,21434.65,20.0
12603,5572,894,1,7760.97,0.0
12604,5573,803,4,7424.51,20.0
12605,5573,316,2,7282.96,0.0
12606,5574,519,4,18767.62,10.0
12607,5574,585,5,10944.6,0.0
12608,5574,712,2,13003.78,0.0
12609,5574,233,3,12825.71,0.0
12610,5575,676,1,14315.33,0.0
12611,5575,576,4,3125.72,15.0
12612,5576,24,3,18317.93,0.0
12613,5576,582,1,19075.76,0.0
12614,5576,619,3,12004.29,5.0
12615,5577,415,1,7434.55,0.0
12616,5577,123,3,15484.22,20.0
12617,5578,831,3,6625.61,10.0
12618,5578,834,3,11307.94,0.0
12619,5578,112,3,12897.57,0.0
12620,5579,618,3,13048.71,20.0
12621,5580,264,3,19387.68,0.0
12622,5581,597,3,1518.2,0.0
12623,5581,828,1,25138.47,0.0
12624,5582,499,1,21718.63,0.0
12625,5583,297,2,17238.41,10.0
12626,5583,420,4,9360.46,0.0
12627,5583,409,3,19362.42,15.0
12628,5584,734,3,13296.98,5.0
12629,5584,620,2,12173.09,5.0
12630,5584,607,2,9557.3,0.0
12631,5585,159,2,19350.16,15.0
12632,5586,610,5,2359.37,0.0
12633,5586,388,5,15425.62,5.0
12634,5586,701,4,621.06,0.0
12635,5586,468,5,9057.22,10.0
12636,5586,794,2,20250.02,10.0
12637,5587,583,3,20840.66,20.0
12638,5588,736,1,6120.5,20.0
12639,5588,783,2,803.8,0.0
12640,5588,18,1,4419.93,20.0
12641,5589,566,5,1155.19,0.0
12642,5589,420,5,9360.46,5.0
12643,5590,283,3,11626.55,15.0
12644,5590,753,2,7182.61,10.0
12645,5590,525,1,14333.71,0.0
12646,5590,128,2,13624.37,0.0
12647,5590,891,5,12910.53,0.0
12648,5591,275,2,10808.89,5.0
12649,5591,778,3,20152.02,15.0
12650,5592,632,3,10665.66,0.0
12651,5592,267,1,16561.1,15.0
12652,5593,46,2,6966.04,15.0
12653,5593,369,1,6953.46,0.0
12654,5594,569,1,17022.92,0.0
12655,5594,473,3,2408.3,0.0
12656,5595,823,5,16691.74,10.0
12657,5595,411,5,17450.18,10.0
12658,5595,235,2,4664.57,0.0
12659,5596,645,5,15208.69,20.0
12660,5597,347,2,9249.35,0.0
12661,5597,650,5,6904.93,0.0
12662,5597,506,3,2449.21,0.0
12663,5597,658,1,25361.82,5.0
12664,5598,366,1,16239.91,5.0
12665,5598,40,5,1150.22,20.0
12666,5599,26,1,12446.22,0.0
12667,5599,699,1,4909.23,15.0
12668,5600,786,4,14084.23,10.0
12669,5600,516,5,4294.23,15.0
12670,5600,643,5,1936.54,0.0
12671,5600,783,2,803.8,15.0
12672,5600,127,2,14981.11,0.0
12673,5601,682,5,9240.58,0.0
12674,5601,849,2,11044.19,15.0
12675,5601,753,1,7182.61,15.0
12676,5602,722,3,2404.11,10.0
12677,5602,292,3,15961.49,5.0
12678,5603,881,5,21532.91,0.0
12679,5604,783,4,803.8,0.0
12680,5604,341,1,22578.93,5.0
12681,5604,218,4,25840.61,0.0
12682,5605,7,3,19612.77,15.0
12683,5605,190,5,7595.13,10.0
12684,5606,802,4,4116.0,10.0
12685,5606,162,3,13421.66,15.0
12686,5607,62,2,13136.19,10.0
12687,5607,805,5,15525.28,0.0
12688,5607,353,1,7643.82,5.0
12689,5607,754,5,12241.6,20.0
12690,5608,679,4,5924.78,5.0
12691,5608,325,4,2187.51,15.0
12692,5609,759,3,15948.11,0.0
12693,5610,89,1,18350.27,15.0
12694,5610,367,3,14113.51,0.0
12695,5610,213,3,18912.24,0.0
12696,5610,296,4,15359.82,20.0
12697,5611,808,5,376.7,5.0
12698,5611,442,5,11650.88,20.0
12699,5611,584,5,8995.37,20.0
12700,5611,457,1,19959.82,0.0
12701,5611,422,4,189.31,10.0
12702,5612,250,4,5445.45,10.0
12703,5613,580,4,17938.87,0.0
12704,5614,897,1,966.91,0.0
12705,5615,72,2,9041.77,0.0
12706,5615,552,4,4733.75,10.0
12707,5616,355,4,3894.18,0.0
12708,5617,26,2,12446.22,20.0
12709,5617,123,2,15484.22,0.0
12710,5617,202,5,18119.01,20.0
12711,5617,46,2,6966.04,15.0
12712,5618,877,2,10559.02,20.0
12713,5619,76,1,8195.06,10.0
12714,5619,134,4,17132.5,15.0
12715,5620,379,1,1624.86,0.0
12716,5621,444,4,17486.46,5.0
12717,5621,64,3,18539.77,5.0
12718,5621,459,1,1008.42,0.0
12719,5622,576,5,3125.72,0.0
12720,5622,226,3,13594.3,10.0
12721,5622,269,4,11513.31,0.0
12722,5623,43,3,18751.29,20.0
12723,5623,26,5,12446.22,0.0
12724,5624,238,1,4482.75,0.0
12725,5625,93,5,7632.26,0.0
12726,5625,768,5,16413.87,0.0
12727,5625,42,4,10082.43,10.0
12728,5626,640,4,12833.48,20.0
12729,5626,740,5,7772.66,0.0
12730,5627,80,4,7681.36,0.0
12731,5627,713,1,26684.64,0.0
12732,5627,57,1,8529.28,0.0
12733,5627,846,5,806.68,0.0
12734,5628,202,3,18119.01,10.0
12735,5628,389,5,3509.61,0.0
12736,5629,49,2,12463.05,0.0
12737,5629,340,3,3550.22,10.0
12738,5630,698,2,4293.78,20.0
12739,5630,616,5,18315.38,10.0
12740,5630,79,3,15602.76,0.0
12741,5631,854,4,16327.56,0.0
12742,5631,528,5,939.25,10.0
12743,5632,7,4,19612.77,5.0
12744,5632,786,4,14084.23,0.0
12745,5633,674,1,11510.75,10.0
12746,5633,646,4,5805.21,0.0
12747,5633,438,1,12263.95,0.0
12748,5634,65,4,16507.63,0.0
12749,5635,662,2,6806.59,20.0
12750,5635,457,3,19959.82,10.0
12751,5636,104,2,1617.45,0.0
12752,5637,836,1,17573.65,0.0
12753,5637,258,2,17700.95,0.0
12754,5637,838,1,19410.6,15.0
12755,5638,473,2,2408.3,0.0
12756,5638,239,1,15822.1,0.0
12757,5638,410,2,15870.26,0.0
12758,5638,198,1,12806.33,15.0
12759,5639,227,1,2720.12,0.0
12760,5640,381,3,17535.49,15.0
12761,5641,226,3,13594.3,10.0
12762,5642,106,2,10629.26,10.0
12763,5642,485,3,12732.78,5.0
12764,5643,156,1,963.21,10.0
12765,5643,501,5,14745.03,15.0
12766,5643,176,4,10671.88,10.0
12767,5643,808,2,376.7,20.0
12768,5643,312,2,13798.25,0.0
12769,5644,823,4,16691.74,20.0
12770,5644,818,4,10237.03,0.0
12771,5645,158,2,20098.55,20.0
12772,5646,683,1,16086.04,0.0
12773,5646,29,2,2346.21,10.0
12774,5647,187,5,17579.96,0.0
12775,5648,713,1,26684.64,0.0
12776,5649,35,2,21434.65,15.0
12777,5649,378,3,1654.61,15.0
12778,5650,406,2,5693.41,0.0
12779,5650,315,5,14818.85,0.0
12780,5651,701,2,621.06,5.0
12781,5652,683,4,16086.04,0.0
12782,5653,337,2,1562.71,10.0
12783,5653,13,4,478.72,0.0
12784,5653,354,2,17320.16,0.0
12785,5654,158,3,20098.55,0.0
12786,5654,63,5,13615.65,0.0
12787,5654,586,3,15918.44,0.0
12788,5655,878,2,13434.69,0.0
12789,5656,197,1,20568.54,20.0
12790,5657,522,1,14877.94,10.0
12791,5658,681,5,17950.56,0.0
12792,5658,606,4,10207.96,0.0
12793,5658,228,2,5918.99,10.0
12794,5658,883,3,1769.58,20.0
12795,5659,140,1,10101.86,15.0
12796,5660,872,2,15107.17,15.0
12797,5660,467,2,24009.79,5.0
12798,5661,675,5,12507.1,20.0
12799,5661,749,4,20244.79,15.0
12800,5662,298,4,15463.87,0.0
12801,5663,140,1,10101.86,0.0
12802,5664,678,4,2508.38,15.0
12803,5664,788,5,5720.07,20.0
12804,5664,224,2,2233.05,0.0
12805,5665,666,3,16085.16,15.0
12806,5666,262,2,4228.73,0.0
12807,5666,446,3,18287.32,0.0
12808,5666,582,2,19075.76,20.0
12809,5666,697,2,2018.95,0.0
12810,5667,202,1,18119.01,0.0
12811,5668,311,5,11362.72,0.0
12812,5669,296,3,15359.82,5.0
12813,5670,821,1,17002.37,5.0
12814,5670,619,2,12004.29,5.0
12815,5670,864,2,2259.89,0.0
12816,5670,137,2,10885.94,0.0
12817,5670,513,3,10655.97,5.0
12818,5671,812,2,2387.49,20.0
12819,5671,722,4,2404.11,5.0
12820,5671,270,2,16271.78,15.0
12821,5671,294,5,10981.7,20.0
12822,5672,296,4,15359.82,0.0
12823,5672,573,5,2928.56,5.0
12824,5672,167,3,14506.97,0.0
12825,5673,695,2,17246.64,0.0
12826,5673,780,1,2481.3,10.0
12827,5673,592,4,4181.43,0.0
12828,5673,257,1,13045.67,5.0
12829,5673,109,2,10740.23,0.0
12830,5674,518,3,2509.06,15.0
12831,5674,189,3,2064.84,20.0
12832,5674,688,4,3002.55,15.0
12833,5675,680,4,2617.11,15.0
12834,5675,342,4,15719.78,0.0
12835,5676,819,3,14434.49,0.0
12836,5677,873,2,1014.59,5.0
12837,5677,772,2,18195.11,0.0
12838,5678,673,5,690.26,0.0
12839,5678,317,1,14112.86,20.0
12840,5679,284,5,15548.25,15.0
12841,5680,832,3,9339.3,10.0
12842,5680,360,3,11713.02,0.0
12843,5681,683,1,16086.04,0.0
12844,5682,576,4,3125.72,5.0
12845,5682,612,5,5006.24,0.0
12846,5683,535,5,5770.15,0.0
12847,5683,623,5,5372.41,5.0
12848,5683,116,4,8610.05,10.0
12849,5683,318,5,7031.86,0.0
12850,5684,62,4,13136.19,20.0
12851,5684,310,5,20036.92,0.0
12852,5684,748,5,15319.21,15.0
12853,5684,517,1,17350.23,20.0
12854,5684,688,2,3002.55,5.0
12855,5685,16,5,19747.45,20.0
12856,5686,461,3,14975.0,0.0
12857,5686,517,2,17350.23,10.0
12858,5686,303,1,18231.15,0.0
12859,5686,469,3,5321.69,0.0
12860,5687,240,4,3443.85,0.0
12861,5687,758,5,305.37,10.0
12862,5688,415,1,7434.55,0.0
12863,5689,380,4,10068.31,15.0
12864,5689,640,2,12833.48,10.0
12865,5689,615,5,13741.69,0.0
12866,5689,655,4,8938.91,15.0
12867,5690,31,1,16628.09,15.0
12868,5690,380,3,10068.31,5.0
12869,5691,202,5,18119.01,0.0
12870,5691,754,5,12241.6,15.0
12871,5692,637,3,9909.0,0.0
12872,5692,261,5,21999.28,20.0
12873,5692,42,3,10082.43,5.0
12874,5693,600,1,13416.18,0.0
12875,5693,200,5,4522.92,0.0
12876,5693,370,1,2983.33,5.0
12877,5693,535,4,5770.15,20.0
12878,5694,140,4,10101.86,0.0
12879,5695,496,2,19499.77,20.0
12880,5696,269,4,11513.31,10.0
12881,5696,256,3,6510.46,10.0
12882,5696,731,3,960.03,0.0
12883,5697,179,2,3471.92,0.0
12884,5698,760,1,779.87,0.0
12885,5698,26,4,12446.22,0.0
12886,5698,381,1,17535.49,10.0
12887,5698,512,1,14169.19,0.0
12888,5698,739,1,22380.63,0.0
12889,5699,523,3,13665.96,10.0
12890,5699,519,4,18767.62,0.0
12891,5699,421,2,4302.81,15.0
12892,5699,705,2,4673.98,0.0
12893,5699,46,1,6966.04,10.0
12894,5700,333,2,6422.47,5.0
12895,5700,345,1,7900.55,5.0
12896,5701,123,5,15484.22,0.0
12897,5701,133,4,18760.28,10.0
12898,5701,383,4,11935.37,5.0
12899,5702,887,2,9495.11,20.0
12900,5703,279,3,3292.56,0.0
12901,5703,598,3,16464.93,0.0
12902,5703,854,1,16327.56,20.0
12903,5704,748,5,15319.21,0.0
12904,5704,568,3,1091.56,15.0
12905,5704,522,3,14877.94,5.0
12906,5705,678,4,2508.38,10.0
12907,5705,606,2,10207.96,5.0
12908,5706,415,1,7434.55,5.0
12909,5707,222,4,7009.13,0.0
12910,5707,189,1,2064.84,10.0
12911,5707,446,5,18287.32,0.0
12912,5708,392,2,956.75,0.0
12913,5708,557,3,4875.77,10.0
12914,5708,715,3,11935.81,10.0
12915,5709,437,3,10772.97,0.0
12916,5709,229,5,5530.88,20.0
12917,5709,352,3,11635.83,0.0
12918,5709,451,2,15015.83,0.0
12919,5709,803,1,7424.51,20.0
12920,5710,202,3,18119.01,0.0
12921,5710,792,1,2850.88,15.0
12922,5710,205,3,16137.25,5.0
12923,5710,124,2,13452.12,15.0
12924,5710,898,2,9944.45,20.0
12925,5711,341,2,22578.93,5.0
12926,5711,307,3,21906.91,0.0
12927,5711,286,2,239.57,0.0
12928,5711,9,2,17153.33,0.0
12929,5712,164,4,25966.48,10.0
12930,5712,31,1,16628.09,15.0
12931,5713,759,2,15948.11,5.0
12932,5714,371,2,1636.75,10.0
12933,5714,136,3,8942.91,20.0
12934,5714,551,5,23156.44,0.0
12935,5714,334,2,14837.25,15.0
12936,5715,173,5,7108.82,5.0
12937,5715,761,5,16718.68,0.0
12938,5715,495,3,16857.86,20.0
12939,5716,90,4,14228.88,5.0
12940,5717,116,1,8610.05,0.0
12941,5718,387,3,22309.26,20.0
12942,5719,766,1,10014.02,0.0
12943,5720,526,1,14453.05,0.0
12944,5720,193,1,20867.37,5.0
12945,5720,283,4,11626.55,15.0
12946,5721,560,3,6942.79,10.0
12947,5722,202,2,18119.01,20.0
12948,5722,521,5,20156.83,0.0
12949,5723,879,1,13227.2,10.0
12950,5723,93,4,7632.26,0.0
12951,5723,701,4,621.06,0.0
12952,5724,835,1,13235.32,0.0
12953,5725,390,5,3964.49,20.0
12954,5725,664,3,9991.3,15.0
12955,5726,470,5,14455.32,0.0
12956,5727,269,4,11513.31,0.0
12957,5727,127,3,14981.11,0.0
12958,5728,215,4,4666.45,0.0
12959,5729,710,1,11261.29,15.0
12960,5729,474,2,10258.52,10.0
12961,5729,286,5,239.57,5.0
12962,5730,876,2,6589.16,0.0
12963,5730,344,2,5524.58,0.0
12964,5730,266,4,20675.58,15.0
12965,5731,101,4,20043.36,15.0
12966,5731,848,5,15587.71,10.0
12967,5731,645,4,15208.69,15.0
12968,5731,876,2,6589.16,10.0
12969,5731,745,4,11543.63,10.0
12970,5732,642,2,12368.27,0.0
12971,5733,237,2,11209.85,10.0
12972,5733,446,4,18287.32,5.0
12973,5733,432,1,23302.07,10.0
12974,5733,161,2,15289.65,0.0
12975,5733,327,2,15380.04,10.0
12976,5734,357,2,10102.76,0.0
12977,5735,679,1,5924.78,0.0
12978,5735,703,1,14544.45,10.0
12979,5735,82,3,14774.58,0.0
12980,5736,521,1,20156.83,0.0
12981,5737,9,5,17153.33,10.0
12982,5737,530,3,18098.15,0.0
12983,5738,627,2,14763.79,0.0
12984,5738,103,1,8717.09,0.0
12985,5738,104,4,1617.45,0.0
12986,5738,763,5,19381.27,5.0
12987,5739,883,1,1769.58,5.0
12988,5739,74,2,21546.9,20.0
12989,5739,173,5,7108.82,0.0
12990,5739,412,4,17012.64,10.0
12991,5739,596,2,3968.53,15.0
12992,5740,3,5,16184.82,0.0
12993,5740,655,1,8938.91,0.0
12994,5741,767,1,12752.82,0.0
12995,5741,748,3,15319.21,20.0
12996,5741,691,4,16753.29,0.0
12997,5741,517,1,17350.23,5.0
12998,5742,221,5,21061.36,15.0
12999,5742,339,2,13518.37,0.0
13000,5743,592,5,4181.43,5.0
13001,5744,305,3,2031.07,0.0
13002,5745,499,1,21718.63,0.0
13003,5745,29,1,2346.21,0.0
13004,5745,808,4,376.7,0.0
13005,5745,354,2,17320.16,0.0
13006,5746,380,2,10068.31,20.0
13007,5747,651,5,6091.61,0.0
13008,5748,276,5,6116.22,0.0
13009,5748,800,5,12138.75,5.0
13010,5749,546,4,16500.34,0.0
13011,5749,347,5,9249.35,10.0
13012,5749,261,5,21999.28,0.0
13013,5750,622,2,8757.16,10.0
13014,5750,146,1,15804.83,0.0
13015,5750,306,3,9467.51,20.0
13016,5750,185,1,6278.2,5.0
13017,5750,388,1,15425.62,5.0
13018,5751,121,1,10353.6,0.0
13019,5751,499,4,21718.63,5.0
13020,5751,115,3,14046.49,0.0
13021,5752,459,1,1008.42,20.0
13022,5753,785,4,16279.21,20.0
13023,5754,128,3,13624.37,20.0
13024,5754,688,3,3002.55,0.0
13025,5754,524,3,10408.88,0.0
13026,5754,131,5,18666.46,0.0
13027,5755,84,1,16076.18,10.0
13028,5756,417,4,1519.73,0.0
13029,5756,486,2,18912.84,5.0
13030,5757,366,4,16239.91,20.0
13031,5758,898,3,9944.45,0.0
13032,5759,765,4,810.63,20.0
13033,5759,620,2,12173.09,10.0
13034,5759,480,1,11927.56,5.0
13035,5760,849,4,11044.19,0.0
13036,5761,732,5,8129.26,0.0
13037,5761,861,1,8502.27,5.0
13038,5762,154,3,1144.63,5.0
13039,5762,61,1,6502.87,0.0
13040,5762,511,4,16710.62,0.0
13041,5763,326,1,16274.68,0.0
13042,5763,216,4,14201.95,5.0
13043,5764,735,4,9036.58,0.0
13044,5764,419,2,4421.89,0.0
13045,5765,358,4,5722.36,5.0
13046,5765,578,2,17099.03,0.0
13047,5766,818,5,10237.03,0.0
13048,5767,473,1,2408.3,20.0
13049,5767,749,5,20244.79,0.0
13050,5767,347,3,9249.35,5.0
13051,5767,756,3,8569.79,0.0
13052,5767,386,1,14759.78,0.0
13053,5768,573,3,2928.56,0.0
13054,5768,188,5,11495.49,0.0
13055,5768,237,1,11209.85,10.0
13056,5769,334,2,14837.25,20.0
13057,5770,160,5,20635.35,5.0
13058,5770,728,5,1177.36,15.0
13059,5770,571,4,10334.44,0.0
13060,5770,430,2,19127.25,0.0
13061,5771,591,2,6697.37,20.0
13062,5772,519,2,18767.62,0.0
13063,5772,621,3,6617.04,0.0
13064,5773,15,5,9257.31,0.0
13065,5774,502,3,8596.35,20.0
13066,5774,77,5,13954.67,10.0
13067,5774,356,3,4711.26,10.0
13068,5775,860,2,11880.54,5.0
13069,5775,395,1,16130.97,5.0
13070,5775,130,4,12847.98,10.0
13071,5776,20,3,377.42,10.0
13072,5776,391,4,12976.53,0.0
13073,5776,515,4,19735.52,0.0
13074,5776,861,2,8502.27,20.0
13075,5776,736,1,6120.5,0.0
13076,5777,735,4,9036.58,0.0
13077,5778,579,5,16420.05,0.0
13078,5778,600,1,13416.18,15.0
13079,5778,481,4,11306.0,0.0
13080,5778,703,1,14544.45,0.0
13081,5779,137,1,10885.94,20.0
13082,5779,717,2,3248.01,20.0
13083,5779,421,3,4302.81,5.0
13084,5780,727,5,19119.71,0.0
13085,5780,27,5,10463.86,15.0
13086,5781,235,3,4664.57,10.0
13087,5781,326,5,16274.68,0.0
13088,5782,870,1,4993.59,10.0
13089,5782,126,1,9886.31,0.0
13090,5782,272,3,8968.84,20.0
13091,5783,616,5,18315.38,5.0
13092,5784,871,2,8110.39,0.0
13093,5785,599,5,442.03,10.0
13094,5785,226,4,13594.3,0.0
13095,5785,154,2,1144.63,0.0
13096,5786,186,5,9740.85,15.0
13097,5786,416,4,11392.81,15.0
13098,5786,273,5,19263.38,5.0
13099,5786,256,3,6510.46,0.0
13100,5786,449,3,1431.85,0.0
13101,5787,122,5,17327.18,20.0
13102,5787,426,3,9117.48,10.0
13103,5787,539,5,249.52,0.0
13104,5787,274,4,8564.4,0.0
13105,5787,729,3,12919.83,15.0
13106,5788,217,4,4337.11,0.0
13107,5789,57,5,8529.28,15.0
13108,5789,283,3,11626.55,15.0
13109,5790,81,5,1166.71,5.0
13110,5790,7,2,19612.77,5.0
13111,5790,566,5,1155.19,15.0
13112,5790,631,1,24606.76,0.0
13113,5791,198,5,12806.33,0.0
13114,5792,383,5,11935.37,10.0
13115,5792,786,1,14084.23,15.0
13116,5792,703,5,14544.45,0.0
13117,5792,879,4,13227.2,15.0
13118,5792,737,1,16594.34,0.0
13119,5793,190,3,7595.13,20.0
13120,5794,579,4,16420.05,5.0
13121,5795,257,1,13045.67,5.0
13122,5795,749,1,20244.79,5.0
13123,5796,277,4,13719.42,10.0
13124,5797,108,2,23388.45,20.0
13125,5797,190,3,7595.13,0.0
13126,5797,554,5,19734.11,0.0
13127,5798,297,4,17238.41,0.0
13128,5798,39,4,7958.95,20.0
13129,5799,298,5,15463.87,0.0
13130,5800,18,2,4419.93,5.0
13131,5801,196,1,10265.86,0.0
13132,5801,147,1,2349.15,0.0
13133,5802,687,3,14696.63,10.0
13134,5802,223,4,13128.85,15.0
13135,5802,399,1,20674.86,20.0
13136,5803,192,2,18707.42,20.0
13137,5803,178,4,14238.81,0.0
13138,5803,217,4,4337.11,20.0
13139,5804,693,4,14898.91,10.0
13140,5805,588,5,4546.5,0.0
13141,5806,521,5,20156.83,0.0
13142,5807,142,3,21163.93,10.0
13143,5807,443,1,1560.39,15.0
13144,5808,496,2,19499.77,0.0
13145,5808,143,1,7946.56,20.0
13146,5808,306,2,9467.51,0.0
13147,5808,436,3,6536.15,10.0
13148,5809,282,5,19801.39,10.0
13149,5809,197,3,20568.54,0.0
13150,5809,43,4,18751.29,20.0
13151,5810,341,4,22578.93,0.0
13152,5810,318,5,7031.86,10.0
13153,5810,703,4,14544.45,0.0
13154,5811,53,1,7934.72,0.0
13155,5811,483,1,7695.04,15.0
13156,5812,328,4,15690.65,15.0
13157,5812,164,2,25966.48,15.0
13158,5813,897,3,966.91,15.0
13159,5814,522,2,14877.94,0.0
13160,5815,741,1,16605.12,0.0
13161,5816,108,5,23388.45,0.0
13162,5817,486,5,18912.84,0.0
13163,5817,259,1,20724.65,0.0
13164,5818,460,4,20514.31,15.0
13165,5818,207,3,21338.76,0.0
13166,5819,435,2,13058.88,15.0
13167,5819,826,1,11073.3,10.0
13168,5820,82,5,14774.58,0.0
13169,5820,788,2,5720.07,10.0
13170,5821,300,4,6061.57,5.0
13171,5821,198,2,12806.33,0.0
13172,5822,711,1,16182.19,15.0
13173,5822,352,4,11635.83,0.0
13174,5823,702,1,1292.78,0.0
13175,5824,55,3,2583.6,0.0
13176,5824,786,2,14084.23,20.0
13177,5825,870,2,4993.59,0.0
13178,5825,601,1,17591.52,20.0
13179,5825,570,3,15355.66,15.0
13180,5825,661,3,13705.81,0.0
13181,5825,871,4,8110.39,20.0
13182,5826,221,3,21061.36,5.0
13183,5826,85,5,4996.1,20.0
13184,5827,81,1,1166.71,5.0
13185,5827,828,4,25138.47,10.0
13186,5827,100,3,14472.84,0.0
13187,5827,373,2,9954.9,10.0
13188,5828,696,4,2491.11,0.0
13189,5828,139,5,7956.39,15.0
13190,5828,295,5,18202.38,0.0
13191,5829,512,4,14169.19,5.0
13192,5829,55,2,2583.6,0.0
13193,5830,149,1,10169.3,15.0
13194,5831,154,5,1144.63,0.0
13195,5831,201,1,11298.96,5.0
13196,5831,276,1,6116.22,10.0
13197,5831,703,2,14544.45,0.0
13198,5831,846,2,806.68,0.0
13199,5832,364,1,18476.31,5.0
13200,5833,223,4,13128.85,0.0
13201,5834,536,2,24253.72,5.0
13202,5834,465,5,2006.55,15.0
13203,5834,39,3,7958.95,20.0
13204,5835,445,2,1123.05,0.0
13205,5835,694,3,11604.18,0.0
13206,5836,633,2,15843.65,15.0
13207,5836,620,2,12173.09,10.0
13208,5836,809,3,24052.5,15.0
13209,5836,215,4,4666.45,20.0
13210,5836,191,5,12145.42,0.0
13211,5837,439,4,9511.48,15.0
13212,5837,449,4,1431.85,0.0
13213,5837,118,4,22241.66,10.0
13214,5837,370,3,2983.33,5.0
13215,5838,874,5,12083.32,5.0
13216,5838,621,2,6617.04,0.0
13217,5839,370,2,2983.33,0.0
13218,5839,505,4,10404.05,15.0
13219,5840,768,2,16413.87,0.0
13220,5840,608,2,622.02,5.0
13221,5840,454,1,12204.15,10.0
13222,5841,529,5,8097.4,0.0
13223,5841,257,1,13045.67,15.0
13224,5841,345,4,7900.55,0.0
13225,5842,112,2,12897.57,0.0
13226,5843,610,4,2359.37,0.0
13227,5843,151,1,21510.83,0.0
13228,5843,518,3,2509.06,0.0
13229,5844,711,3,16182.19,10.0
13230,5844,543,3,9638.42,20.0
13231,5844,144,5,19819.04,0.0
13232,5844,846,2,806.68,15.0
13233,5845,525,2,14333.71,10.0
13234,5845,600,4,13416.18,0.0
13235,5846,89,2,18350.27,10.0
13236,5846,476,5,19019.08,0.0
13237,5847,336,5,226.24,20.0
13238,5847,236,3,4832.52,0.0
13239,5848,759,3,15948.11,5.0
13240,5848,375,1,192.08,0.0
13241,5848,174,1,11611.6,0.0
13242,5848,113,3,21843.22,0.0
13243,5849,190,2,7595.13,20.0
13244,5849,176,3,10671.88,0.0
13245,5849,768,2,16413.87,0.0
13246,5850,552,2,4733.75,5.0
13247,5850,618,3,13048.71,0.0
13248,5851,418,3,9194.68,5.0
13249,5851,8,4,19040.64,0.0
13250,5851,232,5,12332.61,5.0
13251,5852,869,4,4059.75,15.0
13252,5852,770,3,5579.14,5.0
13253,5853,177,1,9631.34,0.0
13254,5853,3,2,16184.82,0.0
13255,5854,181,4,11885.47,20.0
13256,5854,82,5,14774.58,15.0
13257,5855,723,1,4606.01,5.0
13258,5855,446,2,18287.32,10.0
13259,5855,428,2,21239.63,0.0
13260,5855,717,2,3248.01,5.0
13261,5855,474,5,10258.52,5.0
13262,5856,73,2,16451.55,0.0
13263,5856,682,4,9240.58,10.0
13264,5856,363,1,16290.66,0.0
13265,5856,91,5,11076.97,5.0
13266,5856,222,2,7009.13,20.0
13267,5857,165,4,19157.23,0.0
13268,5857,49,1,12463.05,0.0
13269,5857,553,1,11099.68,10.0
13270,5858,414,4,166.83,10.0
13271,5858,660,4,5178.7,20.0
13272,5858,292,5,15961.49,10.0
13273,5858,278,2,8494.62,0.0
13274,5858,662,5,6806.59,10.0
13275,5859,267,5,16561.1,5.0
13276,5859,857,3,9589.19,0.0
13277,5859,553,3,11099.68,0.0
13278,5859,724,1,11703.57,20.0
13279,5859,309,2,10625.07,0.0
13280,5860,764,1,3971.86,20.0
13281,5860,536,4,24253.72,0.0
13282,5861,755,4,144.02,10.0
13283,5861,405,3,6628.43,5.0
13284,5862,543,4,9638.42,0.0
13285,5862,362,4,17099.97,0.0
13286,5863,823,3,16691.74,0.0
13287,5863,879,4,13227.2,0.0
13288,5863,702,3,1292.78,10.0
13289,5864,328,5,15690.65,0.0
13290,5864,111,2,8344.65,15.0
13291,5864,430,1,19127.25,5.0
13292,5865,538,1,17194.4,0.0
13293,5865,351,3,15160.62,20.0
13294,5866,882,1,8433.14,0.0
13295,5866,401,1,3916.76,0.0
13296,5866,477,2,17806.82,20.0
13297,5867,394,1,15875.45,20.0
13298,5867,187,4,17579.96,20.0
13299,5868,199,2,10359.07,10.0
13300,5868,756,5,8569.79,0.0
13301,5869,711,4,16182.19,10.0
13302,5869,183,5,23501.6,15.0
13303,5870,287,3,4169.74,10.0
13304,5870,780,5,2481.3,10.0
13305,5871,765,1,810.63,10.0
13306,5871,751,3,3818.67,10.0
13307,5871,862,2,4517.96,0.0
13308,5871,598,3,16464.93,20.0
13309,5871,183,3,23501.6,20.0
13310,5872,848,2,15587.71,0.0
13311,5872,46,3,6966.04,10.0
13312,5872,496,5,19499.77,10.0
13313,5873,753,2,7182.61,5.0
13314,5873,181,4,11885.47,15.0
13315,5873,738,5,19896.87,10.0
13316,5873,358,3,5722.36,10.0
13317,5874,64,3,18539.77,20.0
13318,5875,766,3,10014.02,5.0
13319,5876,357,4,10102.76,5.0
13320,5876,718,3,17963.95,0.0
13321,5876,642,5,12368.27,0.0
13322,5877,34,4,1148.2,20.0
13323,5878,792,1,2850.88,0.0
13324,5879,278,4,8494.62,0.0
13325,5879,38,4,4730.75,0.0
13326,5880,738,3,19896.87,10.0
13327,5880,730,2,11885.24,15.0
13328,5880,121,5,10353.6,0.0
13329,5881,387,4,22309.26,0.0
13330,5881,615,4,13741.69,10.0
13331,5882,835,2,13235.32,0.0
13332,5882,92,5,18578.14,0.0
13333,5882,249,3,19528.8,15.0
13334,5883,761,3,16718.68,10.0
13335,5884,260,2,7198.0,0.0
13336,5884,825,2,14217.62,0.0
13337,5884,262,5,4228.73,15.0
13338,5884,809,3,24052.5,0.0
13339,5885,884,4,15919.32,0.0
13340,5885,316,5,7282.96,0.0
13341,5885,845,4,24202.98,0.0
13342,5885,394,5,15875.45,5.0
13343,5886,887,1,9495.11,20.0
13344,5886,578,2,17099.03,10.0
13345,5886,75,3,19138.34,15.0
13346,5886,861,5,8502.27,0.0
13347,5887,886,3,7687.78,15.0
13348,5888,690,2,12791.5,0.0
13349,5888,469,5,5321.69,0.0
13350,5889,363,4,16290.66,5.0
13351,5889,424,4,17174.37,15.0
13352,5889,185,4,6278.2,10.0
13353,5889,480,2,11927.56,0.0
13354,5889,366,1,16239.91,15.0
13355,5890,210,4,12962.87,0.0
13356,5890,724,4,11703.57,15.0
13357,5890,455,5,6876.9,0.0
13358,5890,152,4,11106.45,0.0
13359,5891,795,5,21693.2,0.0
13360,5891,379,3,1624.86,0.0
13361,5891,366,4,16239.91,15.0
13362,5892,821,3,17002.37,0.0
13363,5893,632,5,10665.66,10.0
13364,5894,454,3,12204.15,0.0
13365,5894,141,5,1692.85,0.0
13366,5894,156,2,963.21,0.0
13367,5895,124,2,13452.12,0.0
13368,5895,179,2,3471.92,20.0
13369,5895,149,3,10169.3,0.0
13370,5895,748,1,15319.21,0.0
13371,5896,874,5,12083.32,15.0
13372,5897,348,1,19662.84,0.0
13373,5898,459,3,1008.42,0.0
13374,5898,58,3,2190.76,20.0
13375,5899,887,2,9495.11,20.0
13376,5899,337,5,1562.71,15.0
13377,5899,784,3,8066.19,0.0
13378,5900,166,2,2581.81,0.0
13379,5900,815,2,20541.91,0.0
13380,5901,250,1,5445.45,0.0
13381,5901,156,5,963.21,5.0
13382,5901,801,1,3589.73,20.0
13383,5902,396,5,751.13,10.0
13384,5902,56,1,18137.71,5.0
13385,5903,813,5,5532.46,0.0
13386,5904,818,2,10237.03,5.0
13387,5905,856,2,836.93,20.0
13388,5905,767,5,12752.82,15.0
13389,5905,705,3,4673.98,0.0
13390,5905,235,2,4664.57,5.0
13391,5905,526,2,14453.05,0.0
13392,5906,228,4,5918.99,5.0
13393,5906,570,2,15355.66,15.0
13394,5906,732,4,8129.26,0.0
13395,5906,549,2,16311.06,0.0
13396,5906,347,2,9249.35,20.0
13397,5907,578,5,17099.03,10.0
13398,5908,226,1,13594.3,5.0
13399,5909,251,3,13337.74,0.0
13400,5910,136,1,8942.91,20.0
13401,5910,162,1,13421.66,10.0
13402,5911,234,3,10860.79,0.0
13403,5912,386,4,14759.78,0.0
13404,5912,778,4,20152.02,0.0
13405,5912,555,3,1454.57,20.0
13406,5913,532,1,14811.49,20.0
13407,5914,512,4,14169.19,0.0
13408,5914,860,1,11880.54,0.0
13409,5914,482,5,2192.85,20.0
13410,5915,11,4,19969.24,0.0
13411,5915,464,3,7633.05,20.0
13412,5915,643,4,1936.54,0.0
13413,5916,677,1,13881.44,5.0
13414,5917,28,5,15441.58,0.0
13415,5918,336,1,226.24,15.0
13416,5918,550,5,9953.79,0.0
13417,5919,795,4,21693.2,20.0
13418,5919,808,5,376.7,20.0
13419,5920,739,4,22380.63,0.0
13420,5920,195,5,1306.46,0.0
13421,5920,416,5,11392.81,5.0
13422,5920,333,5,6422.47,0.0
13423,5921,488,3,13455.56,0.0
13424,5922,195,3,1306.46,0.0
13425,5922,258,5,17700.95,0.0
13426,5922,773,5,8183.79,10.0
13427,5922,106,1,10629.26,0.0
13428,5923,899,1,21905.82,20.0
13429,5923,116,2,8610.05,5.0
13430,5924,180,4,1628.95,5.0
13431,5924,35,5,21434.65,5.0
13432,5925,84,2,16076.18,5.0
13433,5925,526,5,14453.05,15.0
13434,5926,760,1,779.87,0.0
13435,5927,577,4,20570.33,15.0
13436,5927,139,2,7956.39,0.0
13437,5927,264,1,19387.68,0.0
13438,5927,648,5,5724.05,5.0
13439,5927,297,2,17238.41,20.0
13440,5928,158,4,20098.55,15.0
13441,5928,814,3,3387.53,0.0
13442,5929,239,2,15822.1,20.0
13443,5929,156,5,963.21,20.0
13444,5929,540,1,2472.01,5.0
13445,5930,59,1,5569.5,0.0
13446,5930,769,4,19111.37,0.0
13447,5930,327,5,15380.04,0.0
13448,5931,314,5,18006.61,0.0
13449,5931,848,1,15587.71,15.0
13450,5932,816,3,13450.11,0.0
13451,5933,168,2,2987.62,0.0
13452,5933,844,3,8306.97,20.0
13453,5933,297,4,17238.41,0.0
13454,5934,683,3,16086.04,0.0
13455,5934,301,4,21720.03,10.0
13456,5935,287,3,4169.74,5.0
13457,5935,326,3,16274.68,0.0
13458,5935,252,3,14825.98,5.0
13459,5935,128,5,13624.37,5.0
13460,5936,202,5,18119.01,10.0
13461,5936,158,5,20098.55,5.0
13462,5937,814,2,3387.53,0.0
13463,5937,93,4,7632.26,15.0
13464,5938,27,2,10463.86,0.0
13465,5938,572,4,19015.09,0.0
13466,5938,289,3,10379.0,0.0
13467,5939,452,2,22746.4,5.0
13468,5939,564,4,2009.4,10.0
13469,5940,149,4,10169.3,0.0
13470,5940,56,2,18137.71,5.0
13471,5941,503,2,955.23,0.0
13472,5941,522,1,14877.94,0.0
13473,5941,314,5,18006.61,0.0
13474,5942,79,5,15602.76,5.0
13475,5942,69,4,7716.81,0.0
13476,5943,81,4,1166.71,0.0
13477,5944,763,4,19381.27,20.0
13478,5945,804,3,21201.2,0.0
13479,5946,154,2,1144.63,20.0
13480,5946,299,4,7106.85,5.0
13481,5946,465,4,2006.55,10.0
13482,5946,341,1,22578.93,0.0
13483,5947,832,3,9339.3,0.0
13484,5947,376,1,10430.96,20.0
13485,5947,325,1,2187.51,20.0
13486,5948,528,5,939.25,15.0
13487,5948,222,5,7009.13,0.0
13488,5949,654,2,16228.87,15.0
13489,5949,432,5,23302.07,0.0
13490,5949,314,4,18006.61,5.0
13491,5949,392,2,956.75,0.0
13492,5950,302,4,16440.69,20.0
13493,5950,226,3,13594.3,0.0
13494,5951,571,5,10334.44,5.0
13495,5952,526,3,14453.05,20.0
13496,5952,776,5,20110.05,0.0
13497,5952,688,4,3002.55,10.0
13498,5953,763,5,19381.27,10.0
13499,5953,718,3,17963.95,10.0
13500,5953,856,1,836.93,5.0
13501,5953,148,2,17262.89,15.0
13502,5954,415,3,7434.55,5.0
13503,5955,211,4,5660.73,20.0
13504,5955,728,4,1177.36,5.0
13505,5956,25,2,14978.82,15.0
13506,5956,171,1,18491.26,10.0
13507,5957,816,1,13450.11,0.0
13508,5957,787,4,18758.34,0.0
13509,5957,885,3,7089.39,0.0
13510,5957,286,3,239.57,0.0
13511,5957,324,1,3772.01,10.0
13512,5958,310,3,20036.92,0.0
13513,5958,154,1,1144.63,0.0
13514,5959,327,1,15380.04,10.0
13515,5959,662,2,6806.59,20.0
13516,5959,552,2,4733.75,0.0
13517,5960,293,5,282.61,0.0
13518,5960,403,3,7812.31,0.0
13519,5960,206,4,5960.03,0.0
13520,5961,118,3,22241.66,10.0
13521,5961,895,4,7754.62,15.0
13522,5961,459,1,1008.42,0.0
13523,5962,860,3,11880.54,5.0
13524,5962,884,5,15919.32,15.0
13525,5963,382,3,9206.05,10.0
13526,5963,533,5,20970.41,10.0
13527,5964,786,2,14084.23,5.0
13528,5964,765,2,810.63,0.0
13529,5964,59,5,5569.5,0.0
13530,5964,774,1,10265.71,0.0
13531,5965,413,2,347.03,20.0
13532,5965,359,1,14548.05,0.0
13533,5965,454,2,12204.15,10.0
13534,5966,641,5,12480.0,5.0
13535,5966,135,4,4472.34,5.0
13536,5967,193,4,20867.37,10.0
13537,5968,804,4,21201.2,0.0
13538,5968,848,4,15587.71,15.0
13539,5968,582,5,19075.76,0.0
13540,5969,507,4,12654.25,0.0
13541,5970,510,4,19375.24,10.0
13542,5970,469,5,5321.69,0.0
13543,5971,48,5,5117.57,15.0
13544,5972,830,3,3011.17,0.0
13545,5972,847,4,13026.82,5.0
13546,5972,688,5,3002.55,10.0
13547,5972,6,5,22533.66,0.0
13548,5973,335,3,10357.5,0.0
13549,5973,434,2,16140.57,0.0
13550,5974,126,4,9886.31,0.0
13551,5974,632,3,10665.66,5.0
13552,5974,853,1,13558.97,20.0
13553,5975,534,4,10869.74,10.0
13554,5975,404,4,653.1,0.0
13555,5975,25,5,14978.82,20.0
13556,5976,867,2,3837.28,20.0
13557,5976,689,4,13071.47,10.0
13558,5976,600,2,13416.18,15.0
13559,5977,808,3,376.7,0.0
13560,5978,294,2,10981.7,20.0
13561,5978,48,3,5117.57,0.0
13562,5979,486,3,18912.84,5.0
13563,5980,555,2,1454.57,15.0
13564,5981,239,2,15822.1,0.0
13565,5982,156,1,963.21,0.0
13566,5982,283,2,11626.55,10.0
13567,5983,444,5,17486.46,0.0
13568,5983,884,5,15919.32,20.0
13569,5983,819,1,14434.49,15.0
13570,5983,270,5,16271.78,15.0
13571,5983,431,3,24437.6,15.0
13572,5984,301,2,21720.03,0.0
13573,5984,652,2,6638.78,5.0
13574,5985,611,5,6171.82,0.0
13575,5986,33,3,2593.22,20.0
13576,5986,386,1,14759.78,0.0
13577,5986,535,1,5770.15,5.0
13578,5986,743,4,10182.67,10.0
13579,5987,155,1,3485.16,20.0
13580,5987,36,1,8033.06,20.0
13581,5987,847,4,13026.82,15.0
13582,5987,680,2,2617.11,20.0
13583,5987,111,5,8344.65,0.0
13584,5988,288,5,6504.36,15.0
13585,5988,119,5,21039.52,15.0
13586,5988,896,1,24756.56,15.0
13587,5989,694,5,11604.18,5.0
13588,5989,467,1,24009.79,0.0
13589,5989,10,5,7250.5,0.0
13590,5989,758,2,305.37,0.0
13591,5989,763,1,19381.27,20.0
13592,5990,103,5,8717.09,10.0
13593,5990,611,4,6171.82,15.0
13594,5990,687,3,14696.63,0.0
13595,5991,554,3,19734.11,10.0
13596,5991,216,5,14201.95,20.0
13597,5992,135,1,4472.34,20.0
13598,5992,715,2,11935.81,0.0
13599,5993,6,4,22533.66,0.0
13600,5993,597,1,1518.2,10.0
13601,5993,584,3,8995.37,0.0
13602,5993,15,1,9257.31,0.0
13603,5994,285,1,16720.01,0.0
13604,5994,265,1,4344.64,20.0
13605,5995,740,1,7772.66,0.0
13606,5995,315,4,14818.85,0.0
13607,5995,840,1,14874.45,0.0
13608,5996,106,4,10629.26,5.0
13609,5997,834,3,11307.94,20.0
13610,5997,710,4,11261.29,10.0
13611,5998,601,1,17591.52,0.0
13612,5999,441,1,11305.42,10.0
13613,5999,493,2,7964.23,0.0
13614,6000,7,3,19612.77,0.0
13615,6000,561,1,863.13,0.0
13616,6000,198,4,12806.33,0.0
13617,6000,696,3,2491.11,5.0
13618,6001,96,4,14288.15,0.0
13619,6001,385,2,12324.69,0.0
13620,6001,50,4,17835.15,0.0
13621,6002,316,5,7282.96,10.0
13622,6002,864,5,2259.89,5.0
13623,6002,584,5,8995.37,0.0
13624,6002,355,4,3894.18,20.0
13625,6002,430,2,19127.25,0.0
13626,6003,340,5,3550.22,10.0
13627,6004,431,1,24437.6,0.0
13628,6004,135,3,4472.34,0.0
13629,6005,536,3,24253.72,0.0
13630,6005,242,2,15852.16,0.0
13631,6006,668,4,11556.92,15.0
13632,6007,261,5,21999.28,20.0
13633,6007,562,2,6895.25,10.0
13634,6008,692,5,11530.12,5.0
13635,6009,446,3,18287.32,15.0
13636,6010,885,5,7089.39,5.0
13637,6010,307,3,21906.91,20.0
13638,6011,618,3,13048.71,5.0
13639,6012,625,4,7044.62,0.0
13640,6012,382,4,9206.05,0.0
13641,6012,94,3,15069.27,20.0
13642,6013,653,1,10229.17,0.0
13643,6013,199,2,10359.07,15.0
13644,6014,326,4,16274.68,0.0
13645,6015,349,4,2689.14,0.0
13646,6015,193,1,20867.37,0.0
13647,6015,606,2,10207.96,0.0
13648,6015,382,1,9206.05,5.0
13649,6015,734,1,13296.98,0.0
13650,6016,35,3,21434.65,20.0
13651,6016,619,1,12004.29,0.0
13652,6017,748,2,15319.21,5.0
13653,6017,850,2,22317.22,0.0
13654,6018,879,2,13227.2,5.0
13655,6018,779,2,19107.25,0.0
13656,6018,799,3,8448.77,10.0
13657,6019,896,3,24756.56,5.0
13658,6020,82,3,14774.58,10.0
13659,6020,850,5,22317.22,0.0
13660,6021,79,2,15602.76,0.0
13661,6022,504,4,13358.18,0.0
13662,6022,111,1,8344.65,5.0
13663,6022,88,5,25475.34,0.0
13664,6022,558,4,13963.41,15.0
13665,6022,328,4,15690.65,15.0
13666,6023,595,5,16876.57,20.0
13667,6024,243,4,176.76,0.0
13668,6024,331,2,6973.28,15.0
13669,6024,105,2,9554.98,0.0
13670,6024,760,4,779.87,15.0
13671,6025,197,5,20568.54,0.0
13672,6025,39,4,7958.95,15.0
13673,6026,880,1,18151.13,0.0
13674,6026,808,5,376.7,20.0
13675,6027,597,3,1518.2,10.0
13676,6027,368,4,9973.43,20.0
13677,6028,83,5,7572.59,0.0
13678,6028,273,5,19263.38,10.0
13679,6029,207,5,21338.76,15.0
13680,6029,762,2,15418.59,15.0
13681,6029,643,4,1936.54,0.0
13682,6029,13,4,478.72,20.0
13683,6030,383,5,11935.37,5.0
13684,6030,413,3,347.03,20.0
13685,6031,158,3,20098.55,0.0
13686,6031,167,3,14506.97,0.0
13687,6031,461,4,14975.0,0.0
13688,6032,793,5,4803.54,20.0
13689,6032,148,5,17262.89,10.0
13690,6032,687,5,14696.63,15.0
13691,6033,684,4,8576.21,20.0
13692,6033,74,3,21546.9,10.0
13693,6034,391,5,12976.53,20.0
13694,6035,226,5,13594.3,10.0
13695,6035,659,5,2808.44,20.0
13696,6035,690,3,12791.5,0.0
13697,6035,282,2,19801.39,0.0
13698,6036,727,5,19119.71,15.0
13699,6037,326,2,16274.68,0.0
13700,6037,888,1,2244.3,10.0
13701,6037,745,3,11543.63,0.0
13702,6037,263,2,3234.93,0.0
13703,6038,870,3,4993.59,0.0
13704,6038,724,3,11703.57,20.0
13705,6039,477,5,17806.82,15.0
13706,6039,665,1,4754.37,0.0
13707,6039,297,3,17238.41,5.0
13708,6040,829,1,21989.77,0.0
13709,6041,620,3,12173.09,0.0
13710,6041,256,4,6510.46,0.0
13711,6041,138,5,25438.29,10.0
13712,6042,29,5,2346.21,10.0
13713,6042,76,4,8195.06,15.0
13714,6043,857,5,9589.19,10.0
13715,6043,701,1,621.06,5.0
13716,6043,340,4,3550.22,5.0
13717,6043,530,3,18098.15,0.0
13718,6043,467,2,24009.79,0.0
13719,6044,565,4,11175.66,20.0
13720,6045,676,3,14315.33,0.0
13721,6045,8,4,19040.64,0.0
13722,6045,54,4,12660.77,5.0
13723,6045,640,2,12833.48,5.0
13724,6046,395,5,16130.97,20.0
13725,6046,74,5,21546.9,0.0
13726,6046,736,3,6120.5,0.0
13727,6046,141,3,1692.85,0.0
13728,6047,566,1,1155.19,15.0
13729,6047,874,5,12083.32,10.0
13730,6047,444,4,17486.46,5.0
13731,6047,617,3,17544.22,20.0
13732,6048,608,3,622.02,5.0
13733,6048,872,2,15107.17,0.0
13734,6048,277,2,13719.42,10.0
13735,6048,804,3,21201.2,0.0
13736,6048,827,3,17333.78,5.0
13737,6049,350,3,2904.08,15.0
13738,6049,158,5,20098.55,15.0
13739,6049,502,4,8596.35,0.0
13740,6049,232,3,12332.61,0.0
13741,6050,725,4,8996.66,5.0
13742,6050,411,4,17450.18,15.0
13743,6050,596,4,3968.53,15.0
13744,6050,823,1,16691.74,0.0
13745,6051,757,2,7147.34,0.0
13746,6051,374,4,276.26,10.0
13747,6051,588,4,4546.5,5.0
13748,6052,816,1,13450.11,0.0
13749,6052,822,4,4952.16,0.0
13750,6052,769,1,19111.37,0.0
13751,6053,332,5,25511.86,10.0
13752,6053,321,2,9347.28,0.0
13753,6053,575,2,13808.3,0.0
13754,6053,349,3,2689.14,15.0
13755,6053,481,1,11306.0,0.0
13756,6054,62,4,13136.19,10.0
13757,6054,411,4,17450.18,5.0
13758,6054,294,5,10981.7,0.0
13759,6054,216,3,14201.95,20.0
13760,6055,843,3,11008.41,0.0
13761,6055,45,2,19804.2,0.0
13762,6055,894,5,7760.97,20.0
13763,6056,179,1,3471.92,15.0
13764,6056,109,4,10740.23,15.0
13765,6056,623,4,5372.41,15.0
13766,6057,863,3,10272.35,5.0
13767,6057,590,5,9869.32,0.0
13768,6058,604,4,11660.05,20.0
13769,6058,144,5,19819.04,0.0
13770,6059,774,5,10265.71,5.0
13771,6060,26,3,12446.22,0.0
13772,6061,755,4,144.02,0.0
13773,6061,425,4,4926.04,0.0
13774,6062,868,4,18520.33,0.0
13775,6062,125,3,2129.68,0.0
13776,6062,100,2,14472.84,20.0
13777,6062,24,4,18317.93,10.0
13778,6062,723,3,4606.01,0.0
13779,6063,675,2,12507.1,15.0
13780,6064,557,4,4875.77,10.0
13781,6064,457,5,19959.82,15.0
13782,6065,699,5,4909.23,0.0
13783,6065,737,5,16594.34,5.0
13784,6066,591,4,6697.37,0.0
13785,6066,588,2,4546.5,0.0
13786,6066,412,3,17012.64,5.0
13787,6067,898,4,9944.45,0.0
13788,6067,504,1,13358.18,20.0
13789,6068,265,1,4344.64,10.0
13790,6068,113,5,21843.22,15.0
13791,6069,205,5,16137.25,5.0
13792,6069,540,5,2472.01,0.0
13793,6070,400,5,19421.92,10.0
13794,6071,69,1,7716.81,0.0
13795,6071,890,4,10049.64,15.0
13796,6071,230,4,3957.6,0.0
13797,6072,1,2,23380.27,5.0
13798,6072,286,1,239.57,15.0
13799,6073,121,4,10353.6,0.0
13800,6074,819,5,14434.49,10.0
13801,6074,559,1,10518.45,0.0
13802,6074,347,1,9249.35,10.0
13803,6075,848,1,15587.71,20.0
13804,6075,823,1,16691.74,20.0
13805,6076,828,5,25138.47,15.0
13806,6076,270,2,16271.78,0.0
13807,6077,304,4,23466.92,5.0
13808,6077,67,1,18601.02,0.0
13809,6078,725,5,8996.66,5.0
13810,6078,618,5,13048.71,10.0
13811,6078,642,4,12368.27,10.0
13812,6078,606,5,10207.96,10.0
13813,6078,511,4,16710.62,20.0
13814,6079,655,2,8938.91,5.0
13815,6080,815,2,20541.91,5.0
13816,6080,820,1,20062.61,0.0
13817,6080,426,5,9117.48,15.0
13818,6081,428,1,21239.63,20.0
13819,6082,79,5,15602.76,0.0
13820,6083,787,1,18758.34,10.0
13821,6083,467,4,24009.79,0.0
13822,6083,461,4,14975.0,15.0
13823,6083,790,2,1388.1,0.0
13824,6083,134,3,17132.5,20.0
13825,6084,526,5,14453.05,20.0
13826,6084,272,4,8968.84,0.0
13827,6084,237,1,11209.85,0.0
13828,6084,582,3,19075.76,0.0
13829,6085,614,5,21084.78,5.0
13830,6085,172,5,6290.87,20.0
13831,6086,502,1,8596.35,0.0
13832,6087,664,2,9991.3,0.0
13833,6087,848,1,15587.71,0.0
13834,6088,854,3,16327.56,0.0
13835,6088,262,4,4228.73,20.0
13836,6089,702,2,1292.78,10.0
13837,6089,188,2,11495.49,0.0
13838,6089,671,4,16938.7,5.0
13839,6089,312,4,13798.25,0.0
13840,6090,838,4,19410.6,5.0
13841,6091,420,5,9360.46,0.0
13842,6091,568,2,1091.56,0.0
13843,6092,852,3,3347.58,15.0
13844,6092,269,3,11513.31,15.0
13845,6092,855,5,2959.91,0.0
13846,6093,686,1,354.18,5.0
13847,6093,667,4,11155.15,0.0
13848,6094,28,2,15441.58,15.0
13849,6094,528,5,939.25,5.0
13850,6094,758,5,305.37,15.0
13851,6095,602,4,9166.77,0.0
13852,6095,275,1,10808.89,0.0
13853,6096,827,3,17333.78,0.0
13854,6097,664,2,9991.3,0.0
13855,6097,523,2,13665.96,15.0
13856,6098,23,3,11954.03,10.0
13857,6099,233,2,12825.71,0.0
13858,6100,720,5,21429.07,5.0
13859,6100,567,2,14958.32,15.0
13860,6100,4,3,3406.7,10.0
13861,6101,718,3,17963.95,5.0
13862,6101,685,1,120.67,0.0
13863,6102,852,2,3347.58,20.0
13864,6102,362,5,17099.97,15.0
13865,6103,346,4,8215.18,0.0
13866,6103,711,4,16182.19,0.0
13867,6103,829,1,21989.77,0.0
13868,6104,573,1,2928.56,0.0
13869,6105,692,1,11530.12,0.0
13870,6106,2,1,21248.93,0.0
13871,6106,137,1,10885.94,0.0
13872,6107,542,2,3615.52,0.0
13873,6108,763,2,19381.27,20.0
13874,6108,27,5,10463.86,10.0
13875,6109,252,2,14825.98,10.0
13876,6109,532,3,14811.49,0.0
13877,6109,544,4,14987.27,10.0
13878,6110,56,2,18137.71,0.0
13879,6111,407,1,7770.71,0.0
13880,6111,2,1,21248.93,0.0
13881,6111,59,4,5569.5,10.0
13882,6112,660,4,5178.7,5.0
13883,6112,348,3,19662.84,0.0
13884,6112,57,2,8529.28,15.0
13885,6113,328,1,15690.65,10.0
13886,6114,713,1,26684.64,0.0
13887,6114,357,2,10102.76,5.0
13888,6115,283,1,11626.55,0.0
13889,6115,2,5,21248.93,20.0
13890,6115,746,4,6075.54,15.0
13891,6116,756,3,8569.79,5.0
13892,6116,325,4,2187.51,5.0
13893,6117,554,2,19734.11,0.0
13894,6118,796,4,15083.08,5.0
13895,6118,26,1,12446.22,15.0
13896,6119,384,2,5638.85,15.0
13897,6119,795,4,21693.2,5.0
13898,6120,614,1,21084.78,0.0
13899,6120,157,5,10768.54,0.0
13900,6120,515,2,19735.52,0.0
13901,6120,844,5,8306.97,10.0
13902,6121,305,3,2031.07,0.0
13903,6122,266,2,20675.58,15.0
13904,6123,358,1,5722.36,0.0
13905,6124,161,3,15289.65,0.0
13906,6124,262,5,4228.73,0.0
13907,6124,645,5,15208.69,20.0
13908,6125,219,2,5457.35,0.0
13909,6126,73,2,16451.55,10.0
13910,6126,507,4,12654.25,0.0
13911,6126,891,1,12910.53,15.0
13912,6126,152,5,11106.45,15.0
13913,6127,648,4,5724.05,0.0
13914,6128,176,1,10671.88,0.0
13915,6128,223,4,13128.85,5.0
13916,6129,773,4,8183.79,0.0
13917,6129,131,2,18666.46,15.0
13918,6129,30,4,18303.29,5.0
13919,6129,853,2,13558.97,10.0
13920,6129,447,3,10631.16,10.0
13921,6130,305,3,2031.07,0.0
13922,6130,708,2,16924.57,5.0
13923,6130,422,4,189.31,0.0
13924,6131,899,2,21905.82,0.0
13925,6131,169,2,16308.93,0.0
13926,6131,538,4,17194.4,5.0
13927,6132,887,2,9495.11,0.0
13928,6132,244,3,7472.45,5.0
13929,6133,351,3,15160.62,10.0
13930,6133,487,4,1420.39,15.0
13931,6133,638,5,17008.83,0.0
13932,6134,609,5,8508.77,15.0
13933,6134,871,3,8110.39,20.0
13934,6134,399,1,20674.86,5.0
13935,6135,232,5,12332.61,0.0
13936,6135,200,1,4522.92,20.0
13937,6135,548,1,17776.31,15.0
13938,6136,712,4,13003.78,15.0
13939,6136,281,4,2023.57,0.0
13940,6136,621,2,6617.04,0.0
13941,6136,379,4,1624.86,15.0
13942,6137,796,3,15083.08,0.0
13943,6138,414,2,166.83,0.0
13944,6139,317,1,14112.86,15.0
13945,6139,466,2,10734.42,0.0
13946,6140,42,2,10082.43,0.0
13947,6140,257,3,13045.67,15.0
13948,6141,437,4,10772.97,0.0
13949,6141,893,5,17792.63,5.0
13950,6141,731,3,960.03,10.0
13951,6141,667,5,11155.15,10.0
13952,6142,807,5,15923.26,0.0
13953,6142,272,1,8968.84,10.0
13954,6143,306,1,9467.51,5.0
13955,6143,531,1,9020.83,20.0
13956,6143,382,5,9206.05,5.0
13957,6144,853,1,13558.97,15.0
13958,6144,288,5,6504.36,10.0
13959,6144,24,2,18317.93,0.0
13960,6144,418,4,9194.68,15.0
13961,6145,508,5,4967.5,20.0
13962,6146,586,2,15918.44,15.0
13963,6147,888,1,2244.3,15.0
13964,6147,730,5,11885.24,0.0
13965,6148,697,4,2018.95,0.0
13966,6148,478,3,10570.88,0.0
13967,6149,549,1,16311.06,20.0
13968,6150,485,3,12732.78,15.0
13969,6150,438,5,12263.95,0.0
13970,6150,418,3,9194.68,20.0
13971,6150,699,2,4909.23,0.0
13972,6151,336,1,226.24,0.0
13973,6152,357,3,10102.76,0.0
13974,6153,467,1,24009.79,0.0
13975,6153,584,5,8995.37,15.0
13976,6153,101,4,20043.36,0.0
13977,6153,282,2,19801.39,15.0
13978,6154,149,4,10169.3,20.0
13979,6154,615,2,13741.69,5.0
13980,6155,349,3,2689.14,5.0
13981,6156,276,3,6116.22,10.0
13982,6157,165,5,19157.23,5.0
13983,6157,222,1,7009.13,15.0
13984,6157,52,2,12629.7,15.0
13985,6157,570,4,15355.66,10.0
13986,6158,222,2,7009.13,0.0
13987,6158,484,3,19113.34,0.0
13988,6159,342,3,15719.78,10.0
13989,6159,419,3,4421.89,5.0
13990,6160,718,2,17963.95,10.0
13991,6160,513,4,10655.97,0.0
13992,6160,808,2,376.7,15.0
13993,6161,764,1,3971.86,20.0
13994,6161,379,5,1624.86,0.0
13995,6161,582,3,19075.76,10.0
13996,6161,653,1,10229.17,10.0
13997,6162,896,4,24756.56,5.0
13998,6162,282,4,19801.39,15.0
13999,6163,556,4,13361.23,0.0
14000,6164,880,3,18151.13,15.0
14001,6164,591,2,6697.37,5.0
14002,6164,233,1,12825.71,0.0
14003,6164,230,2,3957.6,0.0
14004,6164,506,4,2449.21,10.0
14005,6165,553,2,11099.68,0.0
14006,6165,895,1,7754.62,10.0
14007,6166,174,5,11611.6,0.0
14008,6166,881,3,21532.91,5.0
14009,6166,167,1,14506.97,0.0
14010,6167,410,5,15870.26,20.0
14011,6167,711,5,16182.19,15.0
14012,6167,317,2,14112.86,10.0
14013,6168,800,5,12138.75,0.0
14014,6168,293,3,282.61,10.0
14015,6169,129,2,10907.63,0.0
14016,6169,758,5,305.37,5.0
14017,6169,100,1,14472.84,10.0
14018,6169,110,4,20953.8,0.0
14019,6170,614,2,21084.78,5.0
14020,6171,595,4,16876.57,0.0
14021,6171,802,1,4116.0,5.0
14022,6171,312,3,13798.25,0.0
14023,6171,271,3,20542.32,5.0
14024,6171,391,1,12976.53,15.0
14025,6172,80,4,7681.36,5.0
14026,6173,512,4,14169.19,0.0
14027,6174,466,5,10734.42,5.0
14028,6174,797,5,13841.65,0.0
14029,6174,474,5,10258.52,0.0
14030,6174,390,1,3964.49,0.0
14031,6174,746,5,6075.54,10.0
14032,6175,643,5,1936.54,20.0
14033,6176,223,4,13128.85,5.0
14034,6177,268,3,3037.03,15.0
14035,6177,466,3,10734.42,0.0
14036,6178,453,2,11216.79,10.0
14037,6179,215,5,4666.45,0.0
14038,6179,428,1,21239.63,5.0
14039,6179,711,1,16182.19,10.0
14040,6179,325,2,2187.51,0.0
14041,6180,267,4,16561.1,0.0
14042,6180,287,1,4169.74,5.0
14043,6181,248,3,19406.63,10.0
14044,6182,261,3,21999.28,5.0
14045,6183,705,5,4673.98,0.0
14046,6183,677,1,13881.44,0.0
14047,6184,584,3,8995.37,0.0
14048,6184,602,5,9166.77,0.0
14049,6184,192,2,18707.42,0.0
14050,6185,296,3,15359.82,10.0
14051,6185,814,2,3387.53,5.0
14052,6185,437,3,10772.97,10.0
14053,6185,123,5,15484.22,0.0
14054,6185,455,5,6876.9,15.0
14055,6186,780,3,2481.3,10.0
14056,6186,535,5,5770.15,15.0
14057,6187,404,4,653.1,20.0
14058,6187,393,2,8735.87,5.0
14059,6188,516,4,4294.23,0.0
14060,6188,722,3,2404.11,20.0
14061,6188,88,5,25475.34,0.0
14062,6188,319,5,9389.36,20.0
14063,6189,662,5,6806.59,0.0
14064,6190,541,4,12029.72,0.0
14065,6191,98,1,17528.8,15.0
14066,6191,96,2,14288.15,15.0
14067,6191,732,5,8129.26,15.0
14068,6191,518,4,2509.06,0.0
14069,6192,415,3,7434.55,20.0
14070,6192,667,4,11155.15,0.0
14071,6192,345,1,7900.55,10.0
14072,6192,669,3,17245.4,15.0
14073,6193,632,1,10665.66,0.0
14074,6194,557,1,4875.77,20.0
14075,6195,489,4,7785.34,10.0
14076,6196,710,3,11261.29,0.0
14077,6196,852,2,3347.58,0.0
14078,6196,604,3,11660.05,15.0
14079,6197,474,3,10258.52,0.0
14080,6197,633,2,15843.65,0.0
14081,6198,481,3,11306.0,20.0
14082,6198,796,1,15083.08,0.0
14083,6198,818,1,10237.03,15.0
14084,6199,838,5,19410.6,5.0
14085,6200,64,2,18539.77,5.0
14086,6200,797,5,13841.65,0.0
14087,6200,187,5,17579.96,0.0
14088,6200,684,3,8576.21,20.0
14089,6201,18,4,4419.93,15.0
14090,6202,832,4,9339.3,10.0
14091,6203,113,2,21843.22,20.0
14092,6203,124,2,13452.12,20.0
14093,6204,422,4,189.31,10.0
14094,6204,169,2,16308.93,0.0
14095,6204,647,1,8678.96,20.0
14096,6204,334,4,14837.25,10.0
14097,6205,54,1,12660.77,0.0
14098,6206,209,5,7178.41,20.0
14099,6206,480,3,11927.56,0.0
14100,6206,109,2,10740.23,15.0
14101,6207,483,1,7695.04,0.0
14102,6207,509,1,8432.77,5.0
14103,6207,119,3,21039.52,15.0
14104,6207,637,4,9909.0,0.0
14105,6208,848,1,15587.71,15.0
14106,6209,841,3,15195.61,20.0
14107,6209,472,3,15859.32,0.0
14108,6210,244,1,7472.45,0.0
14109,6210,212,2,23358.43,10.0
14110,6211,773,1,8183.79,0.0
14111,6211,93,4,7632.26,0.0
14112,6211,700,5,14408.43,15.0
14113,6212,445,2,1123.05,0.0
14114,6212,298,2,15463.87,5.0
14115,6212,625,5,7044.62,0.0
14116,6212,284,5,15548.25,15.0
14117,6213,805,2,15525.28,0.0
14118,6213,356,4,4711.26,0.0
14119,6214,885,3,7089.39,5.0
14120,6214,713,4,26684.64,15.0
14121,6215,513,3,10655.97,20.0
14122,6216,777,2,7013.52,20.0
14123,6217,559,1,10518.45,0.0
14124,6217,195,2,1306.46,0.0
14125,6218,502,4,8596.35,10.0
14126,6218,737,5,16594.34,0.0
14127,6218,143,1,7946.56,20.0
14128,6219,15,4,9257.31,0.0
14129,6219,342,5,15719.78,0.0
14130,6219,536,5,24253.72,0.0
14131,6219,332,3,25511.86,10.0
14132,6219,219,2,5457.35,20.0
14133,6220,673,5,690.26,0.0
14134,6220,196,5,10265.86,0.0
14135,6220,418,3,9194.68,15.0
14136,6220,593,4,17278.87,0.0
14137,6220,211,1,5660.73,0.0
14138,6221,234,5,10860.79,0.0
14139,6221,509,1,8432.77,0.0
14140,6222,526,1,14453.05,5.0
14141,6223,352,3,11635.83,0.0
14142,6223,766,3,10014.02,0.0
14143,6224,435,4,13058.88,0.0
14144,6225,748,1,15319.21,0.0
14145,6225,278,3,8494.62,10.0
14146,6226,807,5,15923.26,0.0
14147,6226,201,5,11298.96,5.0
14148,6226,494,5,2526.78,15.0
14149,6227,679,4,5924.78,5.0
14150,6227,779,2,19107.25,10.0
14151,6227,532,3,14811.49,20.0
14152,6227,420,4,9360.46,20.0
14153,6227,374,3,276.26,15.0
14154,6228,333,5,6422.47,0.0
14155,6228,747,3,15965.2,0.0
14156,6228,248,2,19406.63,20.0
14157,6229,846,1,806.68,20.0
14158,6229,426,3,9117.48,0.0
14159,6230,860,5,11880.54,0.0
14160,6230,494,5,2526.78,0.0
14161,6230,87,3,19036.03,0.0
14162,6231,246,5,3854.15,10.0
14163,6232,129,2,10907.63,5.0
14164,6233,844,4,8306.97,0.0
14165,6233,531,4,9020.83,5.0
14166,6233,686,3,354.18,15.0
14167,6234,214,2,17220.63,20.0
14168,6234,161,3,15289.65,15.0
14169,6235,525,1,14333.71,5.0
14170,6235,729,2,12919.83,15.0
14171,6236,303,3,18231.15,15.0
14172,6236,81,4,1166.71,5.0
14173,6236,528,4,939.25,10.0
14174,6236,496,3,19499.77,0.0
14175,6236,214,4,17220.63,0.0
14176,6237,181,1,11885.47,5.0
14177,6237,36,1,8033.06,15.0
14178,6238,762,5,15418.59,0.0
14179,6239,787,4,18758.34,0.0
14180,6240,801,1,3589.73,5.0
14181,6240,888,5,2244.3,10.0
14182,6240,814,1,3387.53,0.0
14183,6241,435,4,13058.88,10.0
14184,6241,822,5,4952.16,5.0
14185,6241,228,5,5918.99,0.0
14186,6242,469,3,5321.69,0.0
14187,6243,637,1,9909.0,0.0
14188,6243,486,5,18912.84,0.0
14189,6243,879,2,13227.2,0.0
14190,6243,317,4,14112.86,0.0
14191,6244,564,1,2009.4,10.0
14192,6245,62,2,13136.19,0.0
14193,6246,865,4,1829.62,15.0
14194,6246,315,5,14818.85,5.0
14195,6246,293,5,282.61,0.0
14196,6247,714,3,26202.05,0.0
14197,6247,675,3,12507.1,0.0
14198,6247,406,2,5693.41,20.0
14199,6248,322,3,14630.46,20.0
14200,6248,594,3,13204.03,10.0
14201,6248,348,4,19662.84,0.0
14202,6249,341,1,22578.93,5.0
14203,6250,599,3,442.03,0.0
14204,6250,514,4,25746.27,5.0
14205,6250,319,1,9389.36,10.0
14206,6250,838,5,19410.6,15.0
14207,6250,886,5,7687.78,0.0
14208,6251,81,5,1166.71,20.0
14209,6252,265,5,4344.64,0.0
14210,6253,614,4,21084.78,10.0
14211,6253,701,2,621.06,0.0
14212,6254,286,2,239.57,5.0
14213,6254,477,2,17806.82,0.0
14214,6255,565,3,11175.66,15.0
14215,6255,383,4,11935.37,0.0
14216,6256,314,2,18006.61,15.0
14217,6257,386,3,14759.78,15.0
14218,6257,184,4,14178.66,5.0
14219,6258,834,5,11307.94,0.0
14220,6258,94,3,15069.27,0.0
14221,6259,158,1,20098.55,0.0
14222,6260,648,3,5724.05,0.0
14223,6260,660,5,5178.7,0.0
14224,6260,675,4,12507.1,0.0
14225,6260,622,4,8757.16,15.0
14226,6261,543,3,9638.42,10.0
14227,6262,211,4,5660.73,0.0
14228,6262,371,3,1636.75,0.0
14229,6263,749,4,20244.79,5.0
14230,6264,623,2,5372.41,15.0
14231,6265,107,1,11842.72,10.0
14232,6265,20,1,377.42,20.0
14233,6266,146,4,15804.83,0.0
14234,6266,16,3,19747.45,5.0
14235,6267,877,5,10559.02,10.0
14236,6268,290,3,12993.94,5.0
14237,6269,587,1,3058.79,0.0
14238,6270,457,5,19959.82,10.0
14239,6270,334,2,14837.25,20.0
14240,6270,123,5,15484.22,20.0
14241,6271,356,5,4711.26,0.0
14242,6272,803,5,7424.51,20.0
14243,6272,819,4,14434.49,10.0
14244,6272,385,4,12324.69,15.0
14245,6272,108,1,23388.45,15.0
14246,6273,801,1,3589.73,0.0
14247,6274,454,3,12204.15,10.0
14248,6275,120,1,9678.0,20.0
14249,6275,495,1,16857.86,0.0
14250,6276,16,1,19747.45,20.0
14251,6276,605,3,7517.98,5.0
14252,6276,828,2,25138.47,15.0
14253,6276,52,1,12629.7,0.0
14254,6277,263,2,3234.93,15.0
14255,6278,502,4,8596.35,5.0
14256,6278,850,3,22317.22,20.0
14257,6279,402,3,789.81,0.0
14258,6279,825,1,14217.62,5.0
14259,6280,739,2,22380.63,0.0
14260,6281,485,3,12732.78,20.0
14261,6282,333,5,6422.47,0.0
14262,6282,204,5,1265.16,20.0
14263,6283,576,2,3125.72,15.0
14264,6283,593,5,17278.87,15.0
14265,6284,411,3,17450.18,5.0
14266,6284,189,1,2064.84,0.0
14267,6284,707,1,1274.87,15.0
14268,6285,208,5,7812.53,20.0
14269,6286,607,1,9557.3,10.0
14270,6286,103,5,8717.09,0.0
14271,6286,869,2,4059.75,20.0
14272,6287,814,2,3387.53,20.0
14273,6287,745,3,11543.63,0.0
14274,6288,585,2,10944.6,0.0
14275,6288,808,2,376.7,15.0
14276,6289,678,2,2508.38,0.0
14277,6289,102,4,7542.37,0.0
14278,6289,97,2,12470.7,5.0
14279,6289,606,4,10207.96,0.0
14280,6289,322,2,14630.46,0.0
14281,6290,900,3,17425.46,20.0
14282,6291,434,3,16140.57,20.0
14283,6291,702,2,1292.78,0.0
14284,6292,224,2,2233.05,15.0
14285,6292,591,1,6697.37,20.0
14286,6292,711,4,16182.19,5.0
14287,6293,7,3,19612.77,0.0
14288,6293,443,4,1560.39,0.0
14289,6293,253,5,17161.82,10.0
14290,6294,374,3,276.26,10.0
14291,6295,333,1,6422.47,0.0
14292,6295,720,5,21429.07,0.0
14293,6295,384,2,5638.85,0.0
14294,6296,507,5,12654.25,0.0
14295,6296,256,3,6510.46,10.0
14296,6297,412,1,17012.64,5.0
14297,6298,179,4,3471.92,20.0
14298,6298,371,4,1636.75,20.0
14299,6298,566,5,1155.19,0.0
14300,6298,834,3,11307.94,0.0
14301,6298,244,4,7472.45,20.0
14302,6299,744,1,6614.57,0.0
14303,6299,445,4,1123.05,0.0
14304,6299,435,5,13058.88,20.0
14305,6300,536,4,24253.72,15.0
14306,6300,609,4,8508.77,0.0
14307,6301,501,3,14745.03,5.0
14308,6302,482,4,2192.85,0.0
14309,6303,736,1,6120.5,20.0
14310,6303,108,2,23388.45,0.0
14311,6304,730,2,11885.24,0.0
14312,6304,796,1,15083.08,20.0
14313,6305,697,2,2018.95,15.0
14314,6305,157,5,10768.54,20.0
14315,6305,854,2,16327.56,5.0
14316,6306,387,3,22309.26,10.0
14317,6306,481,5,11306.0,0.0
14318,6306,82,5,14774.58,5.0
14319,6307,660,4,5178.7,15.0
14320,6307,520,2,1057.04,10.0
14321,6307,697,1,2018.95,20.0
14322,6308,677,2,13881.44,0.0
14323,6308,36,5,8033.06,0.0
14324,6308,661,2,13705.81,0.0
14325,6308,835,4,13235.32,10.0
14326,6309,548,4,17776.31,5.0
14327,6309,90,3,14228.88,0.0
14328,6310,717,2,3248.01,0.0
14329,6310,43,2,18751.29,10.0
14330,6310,119,4,21039.52,15.0
14331,6310,728,5,1177.36,0.0
14332,6311,857,4,9589.19,15.0
14333,6311,665,1,4754.37,0.0
14334,6312,197,5,20568.54,5.0
14335,6312,783,5,803.8,20.0
14336,6312,96,1,14288.15,15.0
14337,6312,136,2,8942.91,15.0
14338,6313,170,3,12133.1,0.0
14339,6314,200,2,4522.92,20.0
14340,6314,866,2,3834.44,0.0
14341,6315,50,5,17835.15,0.0
14342,6315,453,3,11216.79,5.0
14343,6315,342,5,15719.78,15.0
14344,6315,472,5,15859.32,0.0
14345,6315,749,1,20244.79,0.0
14346,6316,581,1,11564.32,0.0
14347,6316,463,2,8811.92,0.0
14348,6317,63,4,13615.65,10.0
14349,6317,113,4,21843.22,15.0
14350,6318,863,1,10272.35,0.0
14351,6318,142,4,21163.93,15.0
14352,6318,139,1,7956.39,0.0
14353,6318,173,5,7108.82,0.0
14354,6319,838,4,19410.6,20.0
14355,6320,763,3,19381.27,0.0
14356,6321,266,4,20675.58,20.0
14357,6321,162,1,13421.66,10.0
14358,6321,480,3,11927.56,15.0
14359,6321,687,3,14696.63,0.0
14360,6322,827,5,17333.78,0.0
14361,6323,710,4,11261.29,15.0
14362,6323,37,4,14064.14,0.0
14363,6323,230,1,3957.6,0.0
14364,6323,379,4,1624.86,0.0
14365,6323,414,1,166.83,0.0
14366,6324,368,4,9973.43,0.0
14367,6324,194,5,2770.23,0.0
14368,6324,549,4,16311.06,20.0
14369,6325,794,2,20250.02,0.0
14370,6325,36,4,8033.06,10.0
14371,6326,532,5,14811.49,15.0
14372,6327,575,4,13808.3,15.0
14373,6327,557,2,4875.77,0.0
14374,6328,248,2,19406.63,0.0
14375,6329,89,1,18350.27,0.0
14376,6330,82,4,14774.58,10.0
14377,6330,238,4,4482.75,15.0
14378,6331,71,3,13770.82,0.0
14379,6331,460,2,20514.31,15.0
14380,6332,872,1,15107.17,0.0
14381,6333,226,2,13594.3,0.0
14382,6334,440,2,21618.7,5.0
14383,6334,690,3,12791.5,10.0
14384,6334,784,2,8066.19,0.0
14385,6334,407,5,7770.71,5.0
14386,6334,254,3,21957.69,0.0
14387,6335,553,5,11099.68,10.0
14388,6335,793,4,4803.54,0.0
14389,6335,459,2,1008.42,0.0
14390,6335,647,5,8678.96,20.0
14391,6336,679,2,5924.78,0.0
14392,6336,899,3,21905.82,0.0
14393,6336,268,4,3037.03,0.0
14394,6336,646,2,5805.21,15.0
14395,6336,160,5,20635.35,15.0
14396,6337,423,1,1984.71,20.0
14397,6337,142,1,21163.93,0.0
14398,6338,62,5,13136.19,0.0
14399,6338,452,2,22746.4,0.0
14400,6338,825,4,14217.62,20.0
14401,6339,717,4,3248.01,20.0
14402,6340,834,3,11307.94,20.0
14403,6340,266,3,20675.58,20.0
14404,6341,800,2,12138.75,20.0
14405,6341,144,3,19819.04,15.0
14406,6342,342,4,15719.78,0.0
14407,6342,682,3,9240.58,0.0
14408,6343,396,4,751.13,0.0
14409,6343,497,4,15989.14,10.0
14410,6344,769,2,19111.37,20.0
14411,6344,814,5,3387.53,5.0
14412,6345,227,1,2720.12,0.0
14413,6345,663,3,11192.43,0.0
14414,6345,636,2,7292.03,0.0
14415,6346,276,5,6116.22,0.0
14416,6346,52,2,12629.7,20.0
14417,6346,271,2,20542.32,0.0
14418,6346,880,1,18151.13,20.0
14419,6347,731,4,960.03,0.0
14420,6347,431,1,24437.6,5.0
14421,6347,21,3,20625.3,5.0
14422,6347,798,2,4100.19,5.0
14423,6347,897,5,966.91,10.0
14424,6348,5,2,8313.51,0.0
14425,6348,209,2,7178.41,20.0
14426,6349,49,4,12463.05,5.0
14427,6349,473,4,2408.3,5.0
14428,6350,651,5,6091.61,5.0
14429,6350,95,5,18635.44,0.0
14430,6350,148,3,17262.89,0.0
14431,6351,604,5,11660.05,20.0
14432,6351,563,4,5661.49,0.0
14433,6352,236,3,4832.52,0.0
14434,6353,369,5,6953.46,0.0
14435,6354,717,4,3248.01,10.0
14436,6354,518,4,2509.06,5.0
14437,6355,468,3,9057.22,0.0
14438,6355,786,1,14084.23,0.0
14439,6355,231,2,18449.85,0.0
14440,6355,443,2,1560.39,0.0
14441,6355,29,5,2346.21,0.0
14442,6356,63,1,13615.65,0.0
14443,6357,800,1,12138.75,10.0
14444,6357,769,5,19111.37,15.0
14445,6358,356,2,4711.26,5.0
14446,6358,635,2,15794.51,20.0
14447,6359,12,1,10935.76,15.0
14448,6359,409,5,19362.42,0.0
14449,6360,185,3,6278.2,15.0
14450,6361,286,5,239.57,0.0
14451,6362,334,3,14837.25,0.0
14452,6362,718,3,17963.95,15.0
14453,6362,123,2,15484.22,10.0
14454,6363,451,1,15015.83,0.0
14455,6363,745,5,11543.63,5.0
14456,6364,225,5,6873.83,5.0
14457,6365,106,2,10629.26,10.0
14458,6365,743,3,10182.67,15.0
14459,6365,713,5,26684.64,5.0
14460,6365,557,3,4875.77,0.0
14461,6366,9,3,17153.33,0.0
14462,6366,288,5,6504.36,20.0
14463,6366,162,2,13421.66,5.0
14464,6367,319,2,9389.36,0.0
14465,6367,305,4,2031.07,0.0
14466,6368,634,1,17957.51,20.0
14467,6368,614,2,21084.78,10.0
14468,6369,55,1,2583.6,0.0
14469,6369,400,4,19421.92,20.0
14470,6369,238,4,4482.75,5.0
14471,6369,223,2,13128.85,0.0
14472,6370,632,1,10665.66,0.0
14473,6371,894,4,7760.97,0.0
14474,6371,835,4,13235.32,0.0
14475,6372,205,4,16137.25,0.0
14476,6372,744,1,6614.57,10.0
14477,6373,521,3,20156.83,0.0
14478,6374,663,2,11192.43,0.0
14479,6374,429,4,8645.08,15.0
14480,6375,577,4,20570.33,20.0
14481,6376,897,2,966.91,0.0
14482,6376,698,2,4293.78,15.0
14483,6377,894,1,7760.97,5.0
14484,6377,540,4,2472.01,5.0
14485,6378,771,3,2696.54,0.0
14486,6378,418,5,9194.68,0.0
14487,6378,327,3,15380.04,0.0
14488,6378,898,3,9944.45,10.0
14489,6379,305,5,2031.07,0.0
14490,6380,559,1,10518.45,0.0
14491,6380,826,1,11073.3,15.0
14492,6380,486,3,18912.84,10.0
14493,6380,430,3,19127.25,20.0
14494,6381,612,5,5006.24,5.0
14495,6381,40,1,1150.22,0.0
14496,6381,900,1,17425.46,15.0
14497,6382,56,1,18137.71,10.0
14498,6382,156,2,963.21,0.0
14499,6383,24,2,18317.93,10.0
14500,6384,497,4,15989.14,0.0
14501,6384,547,1,5521.08,0.0
14502,6385,769,5,19111.37,10.0
14503,6385,625,1,7044.62,15.0
14504,6386,840,3,14874.45,0.0
14505,6386,6,4,22533.66,0.0
14506,6387,49,5,12463.05,0.0
14507,6387,479,2,8268.21,10.0
14508,6388,593,5,17278.87,20.0
14509,6388,797,5,13841.65,15.0
14510,6389,317,4,14112.86,10.0
14511,6389,458,2,706.12,0.0
14512,6390,549,4,16311.06,10.0
14513,6390,731,3,960.03,10.0
14514,6390,223,5,13128.85,5.0
14515,6391,544,4,14987.27,15.0
14516,6391,526,5,14453.05,10.0
14517,6392,553,2,11099.68,10.0
14518,6392,269,5,11513.31,20.0
14519,6393,621,1,6617.04,0.0
14520,6393,104,5,1617.45,15.0
14521,6393,546,5,16500.34,15.0
14522,6394,159,4,19350.16,10.0
14523,6394,543,1,9638.42,0.0
14524,6394,893,5,17792.63,5.0
14525,6395,113,1,21843.22,0.0
14526,6395,50,1,17835.15,0.0
14527,6395,545,4,16977.96,0.0
14528,6395,761,3,16718.68,0.0
14529,6395,564,1,2009.4,0.0
14530,6396,79,5,15602.76,0.0
14531,6396,747,2,15965.2,10.0
14532,6396,822,1,4952.16,5.0
14533,6396,744,3,6614.57,0.0
14534,6396,210,3,12962.87,0.0
14535,6397,164,3,25966.48,0.0
14536,6397,653,4,10229.17,0.0
14537,6397,635,3,15794.51,0.0
14538,6397,157,2,10768.54,10.0
14539,6397,536,3,24253.72,0.0
14540,6398,656,3,23607.08,0.0
14541,6398,779,5,19107.25,5.0
14542,6399,185,2,6278.2,20.0
14543,6399,532,2,14811.49,0.0
14544,6399,380,1,10068.31,10.0
14545,6399,211,3,5660.73,0.0
14546,6400,555,1,1454.57,10.0
14547,6400,673,4,690.26,0.0
14548,6400,622,4,8757.16,5.0
14549,6400,498,3,21474.1,0.0
14550,6401,222,2,7009.13,20.0
14551,6401,325,1,2187.51,0.0
14552,6401,864,5,2259.89,0.0
14553,6401,788,2,5720.07,0.0
14554,6401,389,1,3509.61,0.0
14555,6402,303,5,18231.15,5.0
14556,6402,698,1,4293.78,15.0
14557,6402,663,1,11192.43,0.0
14558,6403,789,3,12946.63,5.0
14559,6403,811,5,13234.53,10.0
14560,6403,877,3,10559.02,0.0
14561,6404,575,4,13808.3,10.0
14562,6405,396,2,751.13,0.0
14563,6405,831,3,6625.61,5.0
14564,6405,821,4,17002.37,10.0
14565,6406,588,4,4546.5,0.0
14566,6406,451,2,15015.83,0.0
14567,6406,354,3,17320.16,20.0
14568,6407,881,4,21532.91,20.0
14569,6407,869,1,4059.75,0.0
14570,6408,864,1,2259.89,10.0
14571,6408,421,2,4302.81,10.0
14572,6409,650,1,6904.93,5.0
14573,6409,618,3,13048.71,0.0
14574,6409,759,3,15948.11,5.0
14575,6409,238,3,4482.75,5.0
14576,6410,825,1,14217.62,0.0
14577,6411,846,1,806.68,15.0
14578,6412,883,5,1769.58,0.0
14579,6413,328,4,15690.65,0.0
14580,6413,836,3,17573.65,20.0
14581,6413,89,4,18350.27,10.0
14582,6414,202,5,18119.01,5.0
14583,6415,23,4,11954.03,0.0
14584,6415,527,5,4372.63,20.0
14585,6415,581,3,11564.32,15.0
14586,6416,861,5,8502.27,15.0
14587,6416,306,1,9467.51,0.0
14588,6417,112,3,12897.57,5.0
14589,6417,621,4,6617.04,0.0
14590,6417,13,5,478.72,5.0
14591,6418,643,4,1936.54,0.0
14592,6418,396,2,751.13,10.0
14593,6418,180,2,1628.95,0.0
14594,6419,43,1,18751.29,5.0
14595,6420,266,3,20675.58,15.0
14596,6420,80,3,7681.36,0.0
14597,6420,132,5,7609.15,10.0
14598,6421,277,4,13719.42,0.0
14599,6421,566,5,1155.19,5.0
14600,6421,492,5,9662.3,20.0
14601,6422,661,2,13705.81,0.0
14602,6422,363,2,16290.66,15.0
14603,6422,895,4,7754.62,20.0
14604,6422,795,3,21693.2,15.0
14605,6422,714,4,26202.05,0.0
14606,6423,652,2,6638.78,20.0
14607,6423,469,4,5321.69,5.0
14608,6424,548,4,17776.31,0.0
14609,6424,658,5,25361.82,15.0
14610,6425,730,5,11885.24,0.0
14611,6425,569,1,17022.92,10.0
14612,6425,800,2,12138.75,10.0
14613,6425,84,2,16076.18,10.0
14614,6426,238,3,4482.75,10.0
14615,6426,175,4,8473.93,10.0
14616,6426,802,5,4116.0,5.0
14617,6427,272,4,8968.84,20.0
14618,6427,817,3,14780.14,0.0
14619,6427,262,4,4228.73,20.0
14620,6427,822,1,4952.16,15.0
14621,6428,320,5,9179.45,0.0
14622,6429,602,1,9166.77,15.0
14623,6430,523,5,13665.96,5.0
14624,6431,100,4,14472.84,0.0
14625,6431,74,2,21546.9,10.0
14626,6432,446,4,18287.32,15.0
14627,6433,391,5,12976.53,15.0
14628,6433,381,4,17535.49,10.0
14629,6433,416,1,11392.81,0.0
14630,6433,487,4,1420.39,0.0
14631,6433,203,1,12755.01,5.0
14632,6434,615,2,13741.69,0.0
14633,6435,875,4,9752.68,15.0
14634,6436,199,5,10359.07,20.0
14635,6436,834,5,11307.94,10.0
14636,6436,449,5,1431.85,0.0
14637,6437,215,5,4666.45,0.0
14638,6437,526,1,14453.05,0.0
14639,6437,286,5,239.57,5.0
14640,6438,171,3,18491.26,10.0
14641,6438,685,3,120.67,0.0
14642,6438,66,2,13143.99,15.0
14643,6438,173,2,7108.82,10.0
14644,6439,320,2,9179.45,20.0
14645,6439,286,5,239.57,15.0
14646,6440,789,2,12946.63,5.0
14647,6440,685,4,120.67,10.0
14648,6441,875,3,9752.68,0.0
14649,6441,717,3,3248.01,20.0
14650,6441,420,4,9360.46,20.0
14651,6441,429,2,8645.08,10.0
14652,6442,550,5,9953.79,5.0
14653,6442,40,4,1150.22,0.0
14654,6443,455,4,6876.9,5.0
14655,6444,40,3,1150.22,5.0
14656,6444,897,4,966.91,0.0
14657,6444,197,5,20568.54,0.0
14658,6445,820,1,20062.61,0.0
14659,6445,357,3,10102.76,20.0
14660,6446,460,5,20514.31,10.0
14661,6447,583,5,20840.66,10.0
14662,6447,416,5,11392.81,20.0
14663,6448,883,4,1769.58,15.0
14664,6448,110,4,20953.8,15.0
14665,6449,524,1,10408.88,0.0
14666,6449,561,2,863.13,5.0
14667,6449,388,2,15425.62,0.0
14668,6449,564,4,2009.4,20.0
14669,6450,240,4,3443.85,0.0
14670,6451,397,2,8299.19,0.0
14671,6451,6,4,22533.66,20.0
14672,6451,99,5,20609.05,0.0
14673,6451,534,1,10869.74,20.0
14674,6452,266,3,20675.58,0.0
14675,6453,579,4,16420.05,0.0
14676,6453,327,3,15380.04,0.0
14677,6454,713,3,26684.64,20.0
14678,6454,70,3,24783.28,5.0
14679,6455,845,3,24202.98,15.0
14680,6455,622,1,8757.16,5.0
14681,6455,575,3,13808.3,15.0
14682,6455,772,2,18195.11,10.0
14683,6455,287,5,4169.74,15.0
14684,6456,805,3,15525.28,5.0
14685,6456,13,2,478.72,15.0
14686,6456,607,5,9557.3,0.0
14687,6457,831,5,6625.61,0.0
14688,6457,89,1,18350.27,0.0
14689,6457,506,1,2449.21,15.0
14690,6458,857,4,9589.19,0.0
14691,6458,372,1,9597.28,15.0
14692,6458,584,2,8995.37,5.0
14693,6459,738,5,19896.87,5.0
14694,6459,190,4,7595.13,0.0
14695,6459,109,1,10740.23,0.0
14696,6459,654,5,16228.87,20.0
14697,6460,714,3,26202.05,20.0
14698,6461,534,1,10869.74,5.0
14699,6462,151,5,21510.83,5.0
14700,6462,41,2,22568.02,0.0
14701,6463,457,1,19959.82,20.0
14702,6463,31,5,16628.09,20.0
14703,6463,12,5,10935.76,20.0
14704,6463,687,5,14696.63,0.0
14705,6463,54,4,12660.77,15.0
14706,6464,519,1,18767.62,10.0
14707,6465,588,4,4546.5,0.0
14708,6466,263,3,3234.93,0.0
14709,6466,844,5,8306.97,15.0
14710,6467,462,1,19988.3,10.0
14711,6467,848,3,15587.71,0.0
14712,6467,64,4,18539.77,10.0
14713,6467,444,5,17486.46,15.0
14714,6468,464,3,7633.05,10.0
14715,6468,527,1,4372.63,0.0
14716,6468,528,1,939.25,0.0
14717,6468,810,5,15563.4,15.0
14718,6468,93,5,7632.26,0.0
14719,6469,457,5,19959.82,0.0
14720,6469,368,4,9973.43,10.0
14721,6469,674,2,11510.75,0.0
14722,6469,738,5,19896.87,15.0
14723,6469,434,3,16140.57,0.0
14724,6470,735,5,9036.58,5.0
14725,6470,263,2,3234.93,0.0
14726,6471,843,3,11008.41,15.0
14727,6471,350,2,2904.08,20.0
14728,6471,466,5,10734.42,0.0
14729,6472,844,5,8306.97,15.0
14730,6473,605,4,7517.98,15.0
14731,6473,568,2,1091.56,10.0
14732,6473,144,1,19819.04,20.0
14733,6473,340,4,3550.22,5.0
14734,6473,90,2,14228.88,15.0
14735,6474,73,1,16451.55,0.0
14736,6474,840,2,14874.45,10.0
14737,6474,6,2,22533.66,15.0
14738,6474,856,3,836.93,0.0
14739,6475,872,1,15107.17,10.0
14740,6475,69,2,7716.81,15.0
14741,6476,347,5,9249.35,10.0
14742,6476,213,5,18912.24,0.0
14743,6476,508,1,4967.5,10.0
14744,6476,506,4,2449.21,0.0
14745,6477,392,5,956.75,5.0
14746,6477,281,4,2023.57,5.0
14747,6477,715,5,11935.81,10.0
14748,6477,854,4,16327.56,10.0
14749,6478,226,5,13594.3,0.0
14750,6479,790,3,1388.1,15.0
14751,6480,694,1,11604.18,10.0
14752,6480,362,5,17099.97,10.0
14753,6480,275,2,10808.89,0.0
14754,6481,779,3,19107.25,10.0
14755,6482,730,3,11885.24,0.0
14756,6483,467,5,24009.79,0.0
14757,6483,712,4,13003.78,15.0
14758,6483,774,1,10265.71,0.0
14759,6483,549,5,16311.06,5.0
14760,6483,603,2,7330.01,20.0
14761,6484,172,2,6290.87,15.0
14762,6484,620,1,12173.09,20.0
14763,6485,762,4,15418.59,5.0
14764,6485,621,5,6617.04,15.0
14765,6485,320,2,9179.45,20.0
14766,6486,292,5,15961.49,20.0
14767,6487,130,2,12847.98,10.0
14768,6487,541,1,12029.72,10.0
14769,6487,42,5,10082.43,10.0
14770,6488,377,2,23965.45,0.0
14771,6489,687,5,14696.63,5.0
14772,6489,101,4,20043.36,10.0
14773,6489,151,4,21510.83,15.0
14774,6489,267,2,16561.1,5.0
14775,6489,310,5,20036.92,0.0
14776,6490,532,1,14811.49,0.0
14777,6490,287,3,4169.74,0.0
14778,6490,243,3,176.76,0.0
14779,6491,234,5,10860.79,0.0
14780,6492,105,5,9554.98,0.0
14781,6492,667,3,11155.15,0.0
14782,6492,809,4,24052.5,10.0
14783,6493,807,5,15923.26,0.0
14784,6494,856,3,836.93,20.0
14785,6494,642,2,12368.27,0.0
14786,6495,342,4,15719.78,5.0
14787,6495,489,4,7785.34,0.0
14788,6495,876,2,6589.16,20.0
14789,6496,110,1,20953.8,0.0
14790,6496,780,3,2481.3,10.0
14791,6496,296,5,15359.82,0.0
14792,6496,199,2,10359.07,5.0
14793,6496,184,2,14178.66,0.0
14794,6497,79,3,15602.76,20.0
14795,6498,571,1,10334.44,5.0
14796,6498,401,3,3916.76,10.0
14797,6498,745,3,11543.63,20.0
14798,6499,293,2,282.61,15.0
14799,6499,145,5,12067.47,0.0
14800,6500,851,1,6264.06,15.0
14801,6501,358,2,5722.36,0.0
14802,6501,783,5,803.8,10.0
14803,6502,788,4,5720.07,0.0
14804,6502,235,1,4664.57,15.0
14805,6503,326,1,16274.68,0.0
14806,6504,508,2,4967.5,20.0
14807,6504,442,2,11650.88,0.0
14808,6504,895,2,7754.62,0.0
14809,6505,240,3,3443.85,15.0
14810,6505,658,4,25361.82,0.0
14811,6506,657,4,11502.62,15.0
14812,6507,22,2,11230.85,0.0
14813,6507,615,4,13741.69,0.0
14814,6507,814,1,3387.53,0.0
14815,6508,879,2,13227.2,0.0
14816,6509,586,4,15918.44,0.0
14817,6510,819,2,14434.49,0.0
14818,6510,93,5,7632.26,0.0
14819,6511,66,1,13143.99,0.0
14820,6512,273,4,19263.38,10.0
14821,6512,894,3,7760.97,0.0
14822,6512,149,1,10169.3,20.0
14823,6513,671,1,16938.7,0.0
14824,6513,434,5,16140.57,0.0
14825,6513,401,5,3916.76,0.0
14826,6514,93,2,7632.26,20.0
14827,6514,544,1,14987.27,0.0
14828,6514,58,3,2190.76,5.0
14829,6514,237,5,11209.85,0.0
14830,6514,426,1,9117.48,20.0
14831,6515,696,1,2491.11,5.0
14832,6515,505,1,10404.05,10.0
14833,6515,799,3,8448.77,5.0
14834,6516,885,1,7089.39,0.0
14835,6516,639,2,2960.19,0.0
14836,6516,741,1,16605.12,15.0
14837,6516,537,1,17211.68,0.0
14838,6517,527,1,4372.63,20.0
14839,6517,201,1,11298.96,5.0
14840,6517,895,2,7754.62,0.0
14841,6517,777,2,7013.52,10.0
14842,6518,307,5,21906.91,5.0
14843,6518,38,2,4730.75,15.0
14844,6518,258,4,17700.95,0.0
14845,6519,843,1,11008.41,0.0
14846,6519,162,5,13421.66,5.0
14847,6519,636,1,7292.03,20.0
14848,6519,7,5,19612.77,0.0
14849,6519,212,5,23358.43,15.0
14850,6520,743,1,10182.67,20.0
14851,6521,345,3,7900.55,0.0
14852,6522,274,5,8564.4,10.0
14853,6522,158,3,20098.55,5.0
14854,6523,884,4,15919.32,0.0
14855,6523,631,3,24606.76,20.0
14856,6523,497,3,15989.14,10.0
14857,6523,830,1,3011.17,0.0
14858,6523,165,2,19157.23,0.0
14859,6524,607,2,9557.3,5.0
14860,6524,583,3,20840.66,20.0
14861,6525,420,4,9360.46,10.0
14862,6525,817,3,14780.14,0.0
14863,6525,713,3,26684.64,20.0
14864,6526,630,4,16772.79,5.0
14865,6526,119,2,21039.52,20.0
14866,6527,528,2,939.25,0.0
14867,6528,813,1,5532.46,5.0
14868,6528,672,3,5939.35,20.0
14869,6529,853,2,13558.97,0.0
14870,6529,599,5,442.03,10.0
14871,6529,439,4,9511.48,15.0
14872,6530,524,1,10408.88,10.0
14873,6530,663,4,11192.43,15.0
14874,6530,183,1,23501.6,20.0
14875,6530,196,5,10265.86,0.0
14876,6530,356,5,4711.26,5.0
14877,6531,363,5,16290.66,0.0
14878,6532,189,3,2064.84,0.0
14879,6533,119,5,21039.52,0.0
14880,6533,369,5,6953.46,0.0
14881,6533,553,2,11099.68,10.0
14882,6533,708,5,16924.57,0.0
14883,6534,614,2,21084.78,10.0
14884,6534,477,2,17806.82,15.0
14885,6534,624,4,15309.66,0.0
14886,6534,685,3,120.67,10.0
14887,6535,595,2,16876.57,20.0
14888,6535,208,4,7812.53,0.0
14889,6535,852,2,3347.58,5.0
14890,6536,186,2,9740.85,10.0
14891,6536,789,5,12946.63,0.0
14892,6537,304,5,23466.92,5.0
14893,6537,692,2,11530.12,0.0
14894,6538,531,1,9020.83,0.0
14895,6538,41,3,22568.02,10.0
14896,6539,565,1,11175.66,5.0
14897,6539,687,3,14696.63,15.0
14898,6539,718,1,17963.95,0.0
14899,6539,317,4,14112.86,20.0
14900,6540,105,4,9554.98,0.0
14901,6540,578,2,17099.03,0.0
14902,6541,248,4,19406.63,5.0
14903,6541,639,4,2960.19,15.0
14904,6542,351,5,15160.62,0.0
14905,6542,179,2,3471.92,0.0
14906,6543,715,5,11935.81,5.0
14907,6543,378,3,1654.61,20.0
14908,6544,224,3,2233.05,0.0
14909,6544,405,3,6628.43,20.0
14910,6545,598,2,16464.93,0.0
14911,6546,178,3,14238.81,5.0
14912,6547,188,4,11495.49,15.0
14913,6547,566,2,1155.19,0.0
14914,6548,451,1,15015.83,5.0
14915,6549,393,2,8735.87,20.0
14916,6550,805,1,15525.28,5.0
14917,6551,193,4,20867.37,20.0
14918,6552,592,5,4181.43,20.0
14919,6552,556,5,13361.23,15.0
14920,6552,599,1,442.03,10.0
14921,6552,756,1,8569.79,5.0
14922,6553,375,5,192.08,20.0
14923,6554,7,2,19612.77,10.0
14924,6554,273,1,19263.38,0.0
14925,6554,416,5,11392.81,0.0
14926,6555,759,2,15948.11,0.0
14927,6555,716,1,4599.1,15.0
14928,6556,424,3,17174.37,0.0
14929,6557,352,4,11635.83,15.0
14930,6557,745,4,11543.63,0.0
14931,6557,742,1,12611.2,0.0
14932,6558,123,1,15484.22,15.0
14933,6558,516,4,4294.23,0.0
14934,6558,254,5,21957.69,10.0
14935,6559,744,4,6614.57,10.0
14936,6560,467,4,24009.79,15.0
14937,6561,223,5,13128.85,10.0
14938,6561,329,1,10046.75,15.0
14939,6561,354,3,17320.16,0.0
14940,6561,526,2,14453.05,0.0
14941,6562,779,5,19107.25,5.0
14942,6562,560,4,6942.79,10.0
14943,6562,877,4,10559.02,0.0
14944,6563,803,3,7424.51,15.0
14945,6564,793,1,4803.54,0.0
14946,6564,35,3,21434.65,15.0
14947,6564,725,1,8996.66,20.0
14948,6564,134,5,17132.5,5.0
14949,6564,276,5,6116.22,10.0
14950,6565,747,4,15965.2,20.0
14951,6565,703,1,14544.45,0.0
14952,6565,400,5,19421.92,0.0
14953,6565,572,4,19015.09,10.0
14954,6565,445,4,1123.05,10.0
14955,6566,589,3,326.42,0.0
14956,6566,570,1,15355.66,0.0
14957,6566,572,1,19015.09,10.0
14958,6567,435,1,13058.88,0.0
14959,6567,285,1,16720.01,5.0
14960,6568,647,3,8678.96,10.0
14961,6568,486,3,18912.84,0.0
14962,6569,623,3,5372.41,15.0
14963,6569,510,5,19375.24,0.0
14964,6569,857,4,9589.19,20.0
14965,6570,39,1,7958.95,0.0
14966,6570,54,2,12660.77,15.0
14967,6570,455,2,6876.9,0.0
14968,6570,134,5,17132.5,20.0
14969,6571,161,5,15289.65,5.0
14970,6571,527,1,4372.63,0.0
14971,6571,328,1,15690.65,0.0
14972,6572,404,5,653.1,0.0
14973,6573,810,3,15563.4,0.0
14974,6574,484,4,19113.34,5.0
14975,6575,807,2,15923.26,0.0
14976,6576,550,5,9953.79,20.0
14977,6576,662,3,6806.59,0.0
14978,6577,38,2,4730.75,5.0
14979,6577,225,5,6873.83,5.0
14980,6577,63,2,13615.65,20.0
14981,6578,209,1,7178.41,0.0
14982,6578,883,2,1769.58,0.0
14983,6578,727,2,19119.71,0.0
14984,6579,505,2,10404.05,0.0
14985,6579,279,2,3292.56,0.0
14986,6579,785,1,16279.21,0.0
14987,6579,598,2,16464.93,10.0
14988,6579,623,5,5372.41,20.0
14989,6580,11,3,19969.24,0.0
14990,6580,464,5,7633.05,10.0
14991,6581,725,5,8996.66,5.0
14992,6582,643,3,1936.54,0.0
14993,6582,629,3,12346.5,15.0
14994,6583,598,5,16464.93,0.0
14995,6583,891,3,12910.53,0.0
14996,6583,876,1,6589.16,20.0
14997,6583,584,1,8995.37,0.0
14998,6583,603,1,7330.01,5.0
14999,6584,670,5,12689.21,0.0
15000,6584,605,4,7517.98,0.0
15001,6584,705,5,4673.98,0.0
15002,6584,736,1,6120.5,10.0
15003,6585,853,2,13558.97,20.0
15004,6586,345,2,7900.55,0.0
15005,6587,550,4,9953.79,0.0
15006,6587,815,2,20541.91,0.0
15007,6587,410,1,15870.26,5.0
15008,6587,639,5,2960.19,15.0
15009,6588,891,4,12910.53,10.0
15010,6589,647,4,8678.96,0.0
15011,6590,8,1,19040.64,0.0
15012,6590,459,3,1008.42,15.0
15013,6590,106,2,10629.26,15.0
15014,6590,107,5,11842.72,5.0
15015,6591,691,4,16753.29,15.0
15016,6591,201,2,11298.96,15.0
15017,6591,305,1,2031.07,0.0
15018,6591,75,1,19138.34,0.0
15019,6591,816,4,13450.11,0.0
15020,6592,388,4,15425.62,0.0
15021,6592,148,2,17262.89,0.0
15022,6592,798,2,4100.19,15.0
15023,6593,457,2,19959.82,0.0
15024,6594,450,3,5004.29,0.0
15025,6595,676,1,14315.33,10.0
15026,6595,189,4,2064.84,5.0
15027,6596,789,3,12946.63,0.0
15028,6597,774,4,10265.71,20.0
15029,6597,333,2,6422.47,15.0
15030,6597,226,5,13594.3,0.0
15031,6597,161,4,15289.65,15.0
15032,6597,509,5,8432.77,0.0
15033,6598,55,5,2583.6,0.0
15034,6598,283,3,11626.55,0.0
15035,6599,726,1,5419.14,0.0
15036,6599,419,3,4421.89,15.0
15037,6599,390,5,3964.49,20.0
15038,6599,76,5,8195.06,10.0
15039,6599,885,3,7089.39,0.0
15040,6600,170,5,12133.1,5.0
15041,6601,863,1,10272.35,20.0
15042,6601,617,1,17544.22,0.0
15043,6602,371,5,1636.75,10.0
15044,6602,176,2,10671.88,15.0
15045,6602,555,1,1454.57,10.0
15046,6602,344,2,5524.58,0.0
15047,6603,506,1,2449.21,10.0
15048,6603,602,4,9166.77,0.0
15049,6603,854,3,16327.56,5.0
15050,6603,567,2,14958.32,0.0
15051,6604,565,2,11175.66,0.0
15052,6605,572,4,19015.09,15.0
15053,6606,279,2,3292.56,15.0
15054,6606,683,1,16086.04,5.0
15055,6607,75,1,19138.34,20.0
15056,6607,862,3,4517.96,15.0
15057,6608,174,3,11611.6,0.0
15058,6608,363,2,16290.66,0.0
15059,6608,724,2,11703.57,15.0
15060,6609,199,2,10359.07,0.0
15061,6610,833,1,16884.14,20.0
15062,6611,632,1,10665.66,0.0
15063,6612,885,4,7089.39,0.0
15064,6612,218,4,25840.61,5.0
15065,6612,410,2,15870.26,15.0
15066,6613,609,3,8508.77,20.0
15067,6613,698,4,4293.78,0.0
15068,6613,594,3,13204.03,0.0
15069,6614,303,4,18231.15,20.0
15070,6614,510,1,19375.24,0.0
15071,6615,424,4,17174.37,15.0
15072,6615,554,4,19734.11,10.0
15073,6616,313,5,7494.19,0.0
15074,6617,405,4,6628.43,5.0
15075,6618,776,3,20110.05,20.0
15076,6619,760,5,779.87,0.0
15077,6620,774,4,10265.71,10.0
15078,6620,62,2,13136.19,20.0
15079,6621,169,4,16308.93,20.0
15080,6621,139,2,7956.39,10.0
15081,6621,336,4,226.24,20.0
15082,6621,277,2,13719.42,20.0
15083,6621,309,5,10625.07,15.0
15084,6622,891,4,12910.53,0.0
15085,6622,583,2,20840.66,0.0
15086,6623,575,3,13808.3,10.0
15087,6623,265,4,4344.64,5.0
15088,6623,836,5,17573.65,0.0
15089,6624,743,4,10182.67,5.0
15090,6625,372,3,9597.28,15.0
15091,6625,654,5,16228.87,0.0
15092,6625,437,1,10772.97,10.0
15093,6626,327,1,15380.04,15.0
15094,6627,858,4,23207.14,15.0
15095,6627,364,2,18476.31,5.0
15096,6627,667,3,11155.15,15.0
15097,6628,327,1,15380.04,0.0
15098,6629,703,1,14544.45,15.0
15099,6629,163,3,10971.24,10.0
15100,6629,575,4,13808.3,0.0
15101,6629,103,3,8717.09,0.0
15102,6629,388,4,15425.62,5.0
15103,6630,819,5,14434.49,5.0
15104,6630,73,4,16451.55,5.0
15105,6631,95,2,18635.44,0.0
15106,6632,333,1,6422.47,15.0
15107,6632,687,2,14696.63,20.0
15108,6633,825,1,14217.62,20.0
15109,6633,26,5,12446.22,20.0
15110,6633,185,1,6278.2,0.0
15111,6633,258,2,17700.95,5.0
15112,6634,749,5,20244.79,0.0
15113,6634,441,3,11305.42,15.0
15114,6635,289,1,10379.0,10.0
15115,6635,535,1,5770.15,0.0
15116,6636,545,4,16977.96,5.0
15117,6636,129,3,10907.63,0.0
15118,6636,690,5,12791.5,10.0
15119,6636,108,4,23388.45,0.0
15120,6636,110,4,20953.8,5.0
15121,6637,493,1,7964.23,0.0
15122,6637,809,5,24052.5,5.0
15123,6638,110,2,20953.8,15.0
15124,6638,249,2,19528.8,20.0
15125,6639,595,1,16876.57,0.0
15126,6639,28,4,15441.58,5.0
15127,6640,212,1,23358.43,0.0
15128,6641,195,1,1306.46,0.0
15129,6642,592,1,4181.43,0.0
15130,6642,504,1,13358.18,20.0
15131,6643,211,2,5660.73,0.0
15132,6644,656,2,23607.08,10.0
15133,6644,550,2,9953.79,20.0
15134,6645,634,4,17957.51,0.0
15135,6645,852,4,3347.58,0.0
15136,6645,246,3,3854.15,10.0
15137,6646,666,5,16085.16,10.0
15138,6647,606,4,10207.96,0.0
15139,6647,225,4,6873.83,20.0
15140,6648,378,1,1654.61,5.0
15141,6648,196,4,10265.86,20.0
15142,6649,553,1,11099.68,15.0
15143,6649,298,1,15463.87,5.0
15144,6649,411,4,17450.18,0.0
15145,6649,447,4,10631.16,0.0
15146,6650,587,1,3058.79,0.0
15147,6650,866,2,3834.44,0.0
15148,6650,515,2,19735.52,15.0
15149,6650,815,4,20541.91,0.0
15150,6650,865,3,1829.62,5.0
15151,6651,544,2,14987.27,0.0
15152,6652,894,1,7760.97,0.0
15153,6653,358,5,5722.36,0.0
15154,6653,849,3,11044.19,10.0
15155,6653,62,1,13136.19,0.0
15156,6653,754,3,12241.6,15.0
15157,6654,348,4,19662.84,0.0
15158,6655,315,5,14818.85,0.0
15159,6655,222,1,7009.13,15.0
15160,6655,526,3,14453.05,20.0
15161,6656,804,1,21201.2,0.0
15162,6657,864,4,2259.89,5.0
15163,6658,221,3,21061.36,5.0
15164,6659,30,1,18303.29,0.0
15165,6660,351,5,15160.62,5.0
15166,6660,190,5,7595.13,20.0
15167,6660,769,2,19111.37,0.0
15168,6661,764,1,3971.86,5.0
15169,6661,491,2,11018.52,20.0
15170,6662,672,2,5939.35,10.0
15171,6663,62,2,13136.19,15.0
15172,6663,459,5,1008.42,10.0
15173,6663,575,4,13808.3,20.0
15174,6664,645,3,15208.69,0.0
15175,6664,211,4,5660.73,15.0
15176,6664,863,4,10272.35,15.0
15177,6665,351,2,15160.62,10.0
15178,6665,230,4,3957.6,10.0
15179,6666,348,5,19662.84,10.0
15180,6666,408,2,11218.26,10.0
15181,6666,691,5,16753.29,15.0
15182,6666,667,4,11155.15,15.0
15183,6667,445,5,1123.05,10.0
15184,6668,478,3,10570.88,0.0
15185,6668,474,3,10258.52,0.0
15186,6668,346,5,8215.18,15.0
15187,6668,278,2,8494.62,20.0
15188,6668,17,3,19447.69,10.0
15189,6669,333,3,6422.47,0.0
15190,6669,332,3,25511.86,5.0
15191,6670,172,4,6290.87,10.0
15192,6671,731,5,960.03,0.0
15193,6672,650,2,6904.93,20.0
15194,6673,726,1,5419.14,20.0
15195,6673,356,5,4711.26,0.0
15196,6674,542,1,3615.52,0.0
15197,6675,26,2,12446.22,5.0
15198,6675,790,1,1388.1,0.0
15199,6675,464,5,7633.05,0.0
15200,6675,280,1,14095.63,0.0
15201,6675,113,1,21843.22,0.0
15202,6676,822,3,4952.16,20.0
15203,6676,625,3,7044.62,20.0
15204,6677,803,4,7424.51,0.0
15205,6677,636,1,7292.03,5.0
15206,6678,410,2,15870.26,0.0
15207,6679,426,4,9117.48,10.0
15208,6679,36,1,8033.06,0.0
15209,6680,634,5,17957.51,0.0
15210,6680,609,1,8508.77,0.0
15211,6680,787,4,18758.34,15.0
15212,6680,499,4,21718.63,0.0
15213,6681,283,3,11626.55,15.0
15214,6682,216,2,14201.95,15.0
15215,6682,374,3,276.26,0.0
15216,6683,190,3,7595.13,10.0
15217,6683,700,5,14408.43,0.0
15218,6683,510,5,19375.24,0.0
15219,6684,276,1,6116.22,20.0
15220,6685,267,5,16561.1,15.0
15221,6685,403,3,7812.31,0.0
15222,6685,742,4,12611.2,10.0
15223,6685,511,5,16710.62,20.0
15224,6685,499,1,21718.63,10.0
15225,6686,88,2,25475.34,0.0
15226,6686,829,5,21989.77,0.0
15227,6686,823,5,16691.74,0.0
15228,6686,326,5,16274.68,5.0
15229,6686,270,5,16271.78,10.0
15230,6687,73,1,16451.55,5.0
15231,6687,611,1,6171.82,15.0
15232,6687,562,1,6895.25,0.0
15233,6688,459,4,1008.42,0.0
15234,6688,9,3,17153.33,0.0
15235,6688,799,3,8448.77,5.0
15236,6689,478,2,10570.88,10.0
15237,6689,692,5,11530.12,0.0
15238,6689,748,3,15319.21,0.0
15239,6690,701,2,621.06,0.0
15240,6691,765,3,810.63,10.0
15241,6692,695,2,17246.64,15.0
15242,6692,591,1,6697.37,20.0
15243,6692,191,5,12145.42,0.0
15244,6692,788,3,5720.07,0.0
15245,6692,294,3,10981.7,10.0
15246,6693,585,2,10944.6,15.0
15247,6693,93,4,7632.26,20.0
15248,6694,112,3,12897.57,20.0
15249,6695,873,3,1014.59,0.0
15250,6695,722,5,2404.11,0.0
15251,6696,500,5,6694.37,15.0
15252,6696,384,3,5638.85,0.0
15253,6697,792,5,2850.88,10.0
15254,6697,381,4,17535.49,5.0
15255,6698,587,4,3058.79,10.0
15256,6698,436,1,6536.15,0.0
15257,6698,263,4,3234.93,0.0
15258,6699,10,3,7250.5,0.0
15259,6699,82,3,14774.58,20.0
15260,6699,789,3,12946.63,0.0
15261,6700,337,5,1562.71,20.0
15262,6700,482,4,2192.85,0.0
15263,6701,701,4,621.06,5.0
15264,6701,513,2,10655.97,5.0
15265,6701,864,5,2259.89,0.0
15266,6701,464,5,7633.05,0.0
15267,6702,789,3,12946.63,0.0
15268,6702,163,4,10971.24,10.0
15269,6703,641,2,12480.0,20.0
15270,6704,402,5,789.81,10.0
15271,6704,767,4,12752.82,10.0
15272,6704,571,1,10334.44,0.0
15273,6705,345,5,7900.55,5.0
15274,6706,810,1,15563.4,0.0
15275,6707,894,4,7760.97,0.0
15276,6708,65,1,16507.63,15.0
15277,6709,810,2,15563.4,20.0
15278,6710,591,4,6697.37,20.0
15279,6711,710,1,11261.29,0.0
15280,6711,887,4,9495.11,15.0
15281,6712,108,2,23388.45,10.0
15282,6712,291,2,3444.93,15.0
15283,6712,191,2,12145.42,0.0
15284,6712,268,3,3037.03,20.0
15285,6713,98,2,17528.8,0.0
15286,6713,43,1,18751.29,10.0
15287,6714,421,3,4302.81,15.0
15288,6714,378,2,1654.61,0.0
15289,6714,708,1,16924.57,0.0
15290,6715,452,1,22746.4,10.0
15291,6715,492,3,9662.3,0.0
15292,6715,302,2,16440.69,10.0
15293,6715,64,3,18539.77,0.0
15294,6716,653,2,10229.17,0.0
15295,6716,6,1,22533.66,0.0
15296,6716,398,1,13400.93,0.0
15297,6717,760,3,779.87,5.0
15298,6718,324,4,3772.01,5.0
15299,6718,150,3,5234.7,10.0
15300,6719,637,4,9909.0,5.0
15301,6719,616,2,18315.38,5.0
15302,6719,128,4,13624.37,5.0
15303,6720,504,3,13358.18,5.0
15304,6720,164,3,25966.48,0.0
15305,6720,294,1,10981.7,20.0
15306,6721,540,3,2472.01,10.0
15307,6721,800,5,12138.75,10.0
15308,6721,420,3,9360.46,0.0
15309,6721,46,1,6966.04,10.0
15310,6722,471,5,13086.13,0.0
15311,6722,200,3,4522.92,5.0
15312,6722,403,1,7812.31,10.0
15313,6722,557,5,4875.77,15.0
15314,6723,203,1,12755.01,15.0
15315,6723,730,4,11885.24,20.0
15316,6724,787,1,18758.34,0.0
15317,6725,373,4,9954.9,0.0
15318,6726,543,1,9638.42,0.0
15319,6726,583,5,20840.66,5.0
15320,6726,684,2,8576.21,0.0
15321,6726,533,2,20970.41,0.0
15322,6726,572,3,19015.09,0.0
15323,6727,339,3,13518.37,0.0
15324,6727,248,3,19406.63,15.0
15325,6727,278,3,8494.62,0.0
15326,6727,11,4,19969.24,0.0
15327,6728,388,4,15425.62,20.0
15328,6729,127,5,14981.11,0.0
15329,6729,217,3,4337.11,0.0
15330,6730,342,5,15719.78,5.0
15331,6731,496,4,19499.77,15.0
15332,6731,801,4,3589.73,0.0
15333,6732,610,2,2359.37,0.0
15334,6733,590,4,9869.32,10.0
15335,6734,247,2,1089.6,0.0
15336,6734,423,4,1984.71,5.0
15337,6734,417,4,1519.73,0.0
15338,6735,462,3,19988.3,0.0
15339,6736,252,4,14825.98,0.0
15340,6736,271,1,20542.32,0.0
15341,6736,458,1,706.12,0.0
15342,6737,544,3,14987.27,10.0
15343,6738,286,3,239.57,0.0
15344,6739,760,4,779.87,5.0
15345,6739,131,3,18666.46,0.0
15346,6739,167,5,14506.97,10.0
15347,6739,662,1,6806.59,0.0
15348,6739,137,4,10885.94,15.0
15349,6740,583,3,20840.66,10.0
15350,6740,767,1,12752.82,0.0
15351,6741,265,2,4344.64,0.0
15352,6741,646,1,5805.21,0.0
15353,6742,324,5,3772.01,0.0
15354,6742,521,2,20156.83,20.0
15355,6742,181,4,11885.47,0.0
15356,6743,398,4,13400.93,20.0
15357,6743,635,3,15794.51,0.0
15358,6744,100,4,14472.84,15.0
15359,6744,80,3,7681.36,0.0
15360,6745,24,3,18317.93,0.0
15361,6746,475,5,6938.61,0.0
15362,6746,436,3,6536.15,0.0
15363,6747,490,5,6372.79,20.0
15364,6747,487,1,1420.39,10.0
15365,6748,874,3,12083.32,20.0
15366,6749,358,3,5722.36,0.0
15367,6749,3,4,16184.82,5.0
15368,6750,252,5,14825.98,20.0
15369,6751,699,4,4909.23,15.0
15370,6752,488,3,13455.56,0.0
15371,6753,371,2,1636.75,0.0
15372,6753,493,2,7964.23,10.0
15373,6753,669,2,17245.4,5.0
15374,6754,799,1,8448.77,0.0
15375,6755,208,4,7812.53,15.0
15376,6755,419,3,4421.89,5.0
15377,6755,185,2,6278.2,10.0
15378,6756,149,4,10169.3,0.0
15379,6756,440,3,21618.7,20.0
15380,6757,27,5,10463.86,20.0
15381,6757,496,5,19499.77,15.0
15382,6757,357,1,10102.76,5.0
15383,6758,82,2,14774.58,0.0
15384,6759,430,1,19127.25,10.0
15385,6760,732,5,8129.26,0.0
15386,6760,367,5,14113.51,10.0
15387,6760,715,4,11935.81,0.0
15388,6761,71,1,13770.82,15.0
15389,6761,820,5,20062.61,0.0
15390,6762,381,2,17535.49,0.0
15391,6763,181,3,11885.47,0.0
15392,6763,412,2,17012.64,20.0
15393,6763,520,5,1057.04,0.0
15394,6764,876,1,6589.16,0.0
15395,6764,569,1,17022.92,0.0
15396,6764,391,4,12976.53,15.0
15397,6765,169,5,16308.93,15.0
15398,6765,107,5,11842.72,15.0
15399,6765,630,5,16772.79,0.0
15400,6766,116,2,8610.05,0.0
15401,6767,45,3,19804.2,20.0
15402,6767,394,1,15875.45,0.0
15403,6767,130,3,12847.98,10.0
15404,6767,116,5,8610.05,15.0
15405,6768,300,1,6061.57,15.0
15406,6768,704,1,16292.88,0.0
15407,6768,129,2,10907.63,0.0
15408,6768,109,2,10740.23,0.0
15409,6768,508,2,4967.5,10.0
15410,6769,650,4,6904.93,5.0
15411,6769,837,3,264.26,15.0
15412,6769,863,3,10272.35,20.0
15413,6769,188,5,11495.49,20.0
15414,6769,471,2,13086.13,0.0
15415,6770,838,3,19410.6,15.0
15416,6771,308,5,6864.25,0.0
15417,6771,843,5,11008.41,20.0
15418,6772,469,2,5321.69,10.0
15419,6772,336,5,226.24,15.0
15420,6773,438,2,12263.95,0.0
15421,6774,232,4,12332.61,0.0
15422,6774,83,1,7572.59,10.0
15423,6774,443,2,1560.39,15.0
15424,6775,91,2,11076.97,0.0
15425,6775,682,4,9240.58,20.0
15426,6775,21,3,20625.3,10.0
15427,6775,534,1,10869.74,10.0
15428,6775,418,3,9194.68,0.0
15429,6776,140,3,10101.86,0.0
15430,6776,335,4,10357.5,15.0
15431,6776,33,2,2593.22,10.0
15432,6776,871,4,8110.39,0.0
15433,6777,711,4,16182.19,0.0
15434,6778,123,2,15484.22,10.0
15435,6778,348,5,19662.84,0.0
15436,6778,382,4,9206.05,10.0
15437,6779,476,4,19019.08,0.0
15438,6779,224,5,2233.05,20.0
15439,6780,207,4,21338.76,20.0
15440,6780,105,1,9554.98,20.0
15441,6780,737,3,16594.34,15.0
15442,6780,491,5,11018.52,15.0
15443,6781,517,5,17350.23,5.0
15444,6781,481,2,11306.0,10.0
15445,6781,59,3,5569.5,0.0
15446,6782,281,3,2023.57,15.0
15447,6782,887,3,9495.11,0.0
15448,6782,645,3,15208.69,5.0
15449,6783,65,2,16507.63,0.0
15450,6783,537,5,17211.68,20.0
15451,6783,453,3,11216.79,15.0
15452,6784,741,2,16605.12,10.0
15453,6784,624,1,15309.66,0.0
15454,6784,57,2,8529.28,0.0
15455,6784,359,4,14548.05,0.0
15456,6785,875,2,9752.68,0.0
15457,6786,823,3,16691.74,15.0
15458,6786,701,3,621.06,15.0
15459,6787,615,4,13741.69,15.0
15460,6787,539,4,249.52,20.0
15461,6787,221,2,21061.36,10.0
15462,6788,894,2,7760.97,15.0
15463,6788,503,4,955.23,0.0
15464,6789,84,1,16076.18,10.0
15465,6789,682,3,9240.58,0.0
15466,6789,87,5,19036.03,20.0
15467,6790,642,3,12368.27,10.0
15468,6790,654,4,16228.87,0.0
15469,6790,255,1,17032.48,0.0
15470,6791,637,3,9909.0,20.0
15471,6792,737,3,16594.34,0.0
15472,6793,746,3,6075.54,0.0
15473,6793,820,1,20062.61,5.0
15474,6794,280,3,14095.63,20.0
15475,6794,261,2,21999.28,15.0
15476,6794,626,1,12352.87,0.0
15477,6794,709,5,7686.85,15.0
15478,6794,129,1,10907.63,0.0
15479,6795,806,1,11627.22,0.0
15480,6795,679,5,5924.78,10.0
15481,6795,283,2,11626.55,10.0
15482,6796,561,1,863.13,5.0
15483,6796,644,4,12974.58,5.0
15484,6796,797,3,13841.65,0.0
15485,6796,408,1,11218.26,5.0
15486,6796,556,4,13361.23,0.0
15487,6797,560,2,6942.79,20.0
15488,6797,450,4,5004.29,0.0
15489,6797,657,1,11502.62,10.0
15490,6797,853,3,13558.97,10.0
15491,6798,541,3,12029.72,10.0
15492,6799,108,2,23388.45,15.0
15493,6799,496,3,19499.77,15.0
15494,6800,617,1,17544.22,0.0
15495,6801,48,1,5117.57,15.0
15496,6801,494,1,2526.78,0.0
15497,6802,622,2,8757.16,0.0
15498,6803,237,2,11209.85,10.0
15499,6803,870,5,4993.59,10.0
15500,6803,523,1,13665.96,20.0
15501,6803,425,5,4926.04,10.0
15502,6804,263,1,3234.93,20.0
15503,6804,874,1,12083.32,20.0
15504,6805,622,2,8757.16,0.0
15505,6805,214,3,17220.63,20.0
15506,6805,77,1,13954.67,10.0
15507,6806,132,1,7609.15,5.0
15508,6806,875,2,9752.68,0.0
15509,6806,354,3,17320.16,0.0
15510,6806,602,2,9166.77,15.0
15511,6807,555,5,1454.57,20.0
15512,6807,714,1,26202.05,0.0
15513,6808,702,3,1292.78,0.0
15514,6809,548,3,17776.31,20.0
15515,6809,654,1,16228.87,15.0
15516,6809,281,3,2023.57,0.0
15517,6810,758,3,305.37,15.0
15518,6810,797,3,13841.65,10.0
15519,6810,37,4,14064.14,20.0
15520,6810,341,3,22578.93,0.0
15521,6811,169,2,16308.93,0.0
15522,6812,672,2,5939.35,10.0
15523,6812,446,5,18287.32,0.0
15524,6813,714,1,26202.05,0.0
15525,6814,164,4,25966.48,0.0
15526,6815,85,1,4996.1,0.0
15527,6815,608,2,622.02,0.0
15528,6815,759,4,15948.11,10.0
15529,6815,250,1,5445.45,5.0
15530,6816,542,1,3615.52,0.0
15531,6817,487,1,1420.39,15.0
15532,6817,271,1,20542.32,5.0
15533,6817,313,1,7494.19,20.0
15534,6818,829,4,21989.77,0.0
15535,6818,611,5,6171.82,10.0
15536,6818,303,1,18231.15,10.0
15537,6818,413,5,347.03,5.0
15538,6818,416,5,11392.81,10.0
15539,6819,96,4,14288.15,5.0
15540,6820,83,5,7572.59,0.0
15541,6821,80,5,7681.36,20.0
15542,6821,62,5,13136.19,20.0
15543,6822,325,5,2187.51,10.0
15544,6822,816,2,13450.11,5.0
15545,6822,139,3,7956.39,0.0
15546,6822,312,2,13798.25,0.0
15547,6822,649,2,14601.66,0.0
15548,6823,692,2,11530.12,10.0
15549,6824,164,3,25966.48,15.0
15550,6825,636,5,7292.03,0.0
15551,6826,7,2,19612.77,10.0
15552,6826,118,5,22241.66,0.0
15553,6826,168,1,2987.62,0.0
15554,6826,21,4,20625.3,0.0
15555,6826,538,3,17194.4,5.0
15556,6827,374,5,276.26,0.0
15557,6827,258,5,17700.95,0.0
15558,6827,124,2,13452.12,10.0
15559,6828,97,4,12470.7,15.0
15560,6829,115,3,14046.49,15.0
15561,6830,302,5,16440.69,10.0
15562,6830,688,5,3002.55,10.0
15563,6831,562,3,6895.25,20.0
15564,6831,344,5,5524.58,0.0
15565,6831,517,4,17350.23,10.0
15566,6831,421,4,4302.81,0.0
15567,6832,102,1,7542.37,5.0
15568,6833,409,2,19362.42,0.0
15569,6834,199,4,10359.07,10.0
15570,6834,412,5,17012.64,0.0
15571,6834,78,3,18768.02,15.0
15572,6835,556,4,13361.23,0.0
15573,6836,275,3,10808.89,10.0
15574,6836,783,1,803.8,20.0
15575,6836,65,4,16507.63,0.0
15576,6836,510,5,19375.24,20.0
15577,6837,443,3,1560.39,15.0
15578,6838,256,4,6510.46,0.0
15579,6839,888,4,2244.3,20.0
15580,6840,361,3,10596.43,20.0
15581,6840,474,2,10258.52,0.0
15582,6841,246,1,3854.15,20.0
15583,6841,643,4,1936.54,20.0
15584,6841,17,5,19447.69,15.0
15585,6842,643,2,1936.54,0.0
15586,6842,441,2,11305.42,0.0
15587,6842,451,4,15015.83,20.0
15588,6843,102,2,7542.37,15.0
15589,6843,52,4,12629.7,10.0
15590,6844,520,4,1057.04,5.0
15591,6844,633,5,15843.65,0.0
15592,6844,852,3,3347.58,5.0
15593,6844,24,2,18317.93,20.0
15594,6845,631,4,24606.76,20.0
15595,6846,468,1,9057.22,20.0
15596,6846,662,3,6806.59,5.0
15597,6847,756,1,8569.79,0.0
15598,6848,71,5,13770.82,20.0
15599,6849,746,2,6075.54,0.0
15600,6849,658,2,25361.82,5.0
15601,6849,374,3,276.26,20.0
15602,6849,715,5,11935.81,15.0
15603,6849,222,3,7009.13,5.0
15604,6850,393,5,8735.87,15.0
15605,6850,340,3,3550.22,5.0
15606,6850,855,4,2959.91,15.0
15607,6851,886,4,7687.78,10.0
15608,6851,802,3,4116.0,5.0
15609,6851,702,3,1292.78,20.0
15610,6852,792,2,2850.88,0.0
15611,6852,655,1,8938.91,10.0
15612,6853,477,5,17806.82,0.0
15613,6853,531,2,9020.83,20.0
15614,6853,43,4,18751.29,0.0
15615,6854,635,5,15794.51,10.0
15616,6854,528,4,939.25,0.0
15617,6855,424,4,17174.37,0.0
15618,6855,553,5,11099.68,20.0
15619,6856,216,2,14201.95,10.0
15620,6856,499,3,21718.63,10.0
15621,6857,1,2,23380.27,15.0
15622,6858,499,4,21718.63,0.0
15623,6859,52,4,12629.7,0.0
15624,6859,797,5,13841.65,0.0
15625,6860,203,2,12755.01,10.0
15626,6861,312,1,13798.25,5.0
15627,6861,757,1,7147.34,0.0
15628,6862,628,2,8593.46,0.0
15629,6863,262,5,4228.73,0.0
15630,6863,301,3,21720.03,15.0
15631,6863,379,4,1624.86,0.0
15632,6864,241,5,11844.31,0.0
15633,6865,379,5,1624.86,0.0
15634,6865,105,4,9554.98,10.0
15635,6866,30,5,18303.29,0.0
15636,6866,250,3,5445.45,0.0
15637,6867,625,2,7044.62,15.0
15638,6867,731,1,960.03,10.0
15639,6867,253,4,17161.82,5.0
15640,6868,696,4,2491.11,10.0
15641,6869,469,3,5321.69,10.0
15642,6870,66,4,13143.99,0.0
15643,6870,40,4,1150.22,15.0
15644,6870,321,3,9347.28,20.0
15645,6871,405,3,6628.43,10.0
15646,6871,726,4,5419.14,0.0
15647,6871,82,3,14774.58,0.0
15648,6872,374,4,276.26,20.0
15649,6873,897,2,966.91,0.0
15650,6874,579,5,16420.05,0.0
15651,6874,609,2,8508.77,20.0
15652,6874,820,1,20062.61,20.0
15653,6874,680,2,2617.11,10.0
15654,6874,732,5,8129.26,20.0
15655,6875,675,4,12507.1,20.0
15656,6875,23,4,11954.03,15.0
15657,6875,345,3,7900.55,0.0
15658,6875,86,2,17346.97,0.0
15659,6876,467,3,24009.79,10.0
15660,6877,702,4,1292.78,0.0
15661,6877,521,3,20156.83,15.0
15662,6877,312,2,13798.25,15.0
15663,6878,246,1,3854.15,0.0
15664,6878,259,3,20724.65,5.0
15665,6879,514,1,25746.27,15.0
15666,6880,693,3,14898.91,0.0
15667,6881,465,3,2006.55,10.0
15668,6882,378,2,1654.61,0.0
15669,6883,793,1,4803.54,5.0
15670,6883,439,4,9511.48,10.0
15671,6884,851,3,6264.06,0.0
15672,6885,601,3,17591.52,0.0
15673,6885,772,2,18195.11,0.0
15674,6885,585,3,10944.6,5.0
15675,6886,595,3,16876.57,0.0
15676,6886,454,3,12204.15,10.0
15677,6887,133,5,18760.28,10.0
15678,6887,874,5,12083.32,5.0
15679,6888,322,4,14630.46,10.0
15680,6888,792,2,2850.88,0.0
15681,6888,814,2,3387.53,10.0
15682,6889,462,4,19988.3,20.0
15683,6889,387,3,22309.26,5.0
15684,6889,836,4,17573.65,5.0
15685,6890,276,4,6116.22,0.0
15686,6890,128,3,13624.37,20.0
15687,6891,750,5,3277.38,0.0
15688,6892,146,3,15804.83,0.0
15689,6892,27,5,10463.86,0.0
15690,6892,878,4,13434.69,10.0
15691,6892,797,4,13841.65,0.0
15692,6892,218,4,25840.61,5.0
15693,6893,268,2,3037.03,0.0
15694,6893,88,5,25475.34,15.0
15695,6893,126,5,9886.31,0.0
15696,6894,390,5,3964.49,10.0
15697,6895,292,3,15961.49,0.0
15698,6896,589,5,326.42,10.0
15699,6897,871,4,8110.39,5.0
15700,6898,824,2,297.67,0.0
15701,6898,64,4,18539.77,0.0
15702,6899,525,4,14333.71,0.0
15703,6900,754,4,12241.6,5.0
15704,6901,311,5,11362.72,0.0
15705,6902,575,3,13808.3,0.0
15706,6903,441,2,11305.42,0.0
15707,6903,833,5,16884.14,0.0
15708,6904,792,1,2850.88,15.0
15709,6904,223,3,13128.85,0.0
15710,6904,746,5,6075.54,15.0
15711,6904,238,5,4482.75,0.0
15712,6905,530,1,18098.15,20.0
15713,6906,837,4,264.26,0.0
15714,6906,692,5,11530.12,5.0
15715,6906,402,5,789.81,5.0
15716,6907,34,5,1148.2,10.0
15717,6907,298,1,15463.87,0.0
15718,6908,685,1,120.67,20.0
15719,6908,779,4,19107.25,5.0
15720,6908,341,4,22578.93,10.0
15721,6909,246,5,3854.15,0.0
15722,6910,264,3,19387.68,0.0
15723,6910,157,1,10768.54,20.0
15724,6911,300,2,6061.57,0.0
15725,6912,332,4,25511.86,20.0
15726,6913,597,5,1518.2,0.0
15727,6914,667,1,11155.15,0.0
15728,6914,375,5,192.08,10.0
15729,6915,789,5,12946.63,0.0
15730,6916,229,1,5530.88,10.0
15731,6916,458,5,706.12,0.0
15732,6916,806,2,11627.22,0.0
15733,6916,154,4,1144.63,0.0
15734,6917,41,4,22568.02,0.0
15735,6918,42,2,10082.43,0.0
15736,6918,167,1,14506.97,5.0
15737,6919,139,1,7956.39,10.0
15738,6919,780,5,2481.3,20.0
15739,6919,673,1,690.26,20.0
15740,6919,440,2,21618.7,10.0
15741,6919,43,1,18751.29,0.0
15742,6920,645,5,15208.69,0.0
15743,6921,75,1,19138.34,5.0
15744,6922,607,3,9557.3,15.0
15745,6922,890,5,10049.64,10.0
15746,6923,311,4,11362.72,0.0
15747,6923,590,3,9869.32,0.0
15748,6924,519,2,18767.62,0.0
15749,6924,25,1,14978.82,0.0
15750,6924,501,3,14745.03,15.0
15751,6925,699,5,4909.23,0.0
15752,6925,677,3,13881.44,10.0
15753,6926,596,4,3968.53,0.0
15754,6926,29,4,2346.21,0.0
15755,6927,118,2,22241.66,20.0
15756,6927,230,2,3957.6,5.0
15757,6927,837,5,264.26,0.0
15758,6928,306,5,9467.51,10.0
15759,6929,867,4,3837.28,0.0
15760,6929,875,5,9752.68,0.0
15761,6929,435,5,13058.88,20.0
15762,6929,716,3,4599.1,0.0
15763,6930,549,3,16311.06,20.0
15764,6930,555,1,1454.57,0.0
15765,6931,388,3,15425.62,0.0
15766,6931,387,4,22309.26,5.0
15767,6931,157,5,10768.54,0.0
15768,6931,201,2,11298.96,20.0
15769,6932,341,1,22578.93,20.0
15770,6932,485,3,12732.78,5.0
15771,6932,295,5,18202.38,0.0
15772,6933,556,3,13361.23,0.0
15773,6934,21,3,20625.3,20.0
15774,6934,42,4,10082.43,0.0
15775,6934,131,3,18666.46,0.0
15776,6934,801,2,3589.73,0.0
15777,6934,835,3,13235.32,10.0
15778,6935,757,1,7147.34,0.0
15779,6935,117,3,4942.41,0.0
15780,6936,548,1,17776.31,20.0
15781,6936,265,5,4344.64,0.0
15782,6937,221,1,21061.36,5.0
15783,6937,179,2,3471.92,0.0
15784,6938,190,3,7595.13,20.0
15785,6938,780,3,2481.3,0.0
15786,6939,268,3,3037.03,10.0
15787,6939,186,3,9740.85,20.0
15788,6939,86,1,17346.97,0.0
15789,6940,776,4,20110.05,0.0
15790,6940,478,3,10570.88,15.0
15791,6940,687,1,14696.63,0.0
15792,6941,533,2,20970.41,5.0
15793,6941,332,4,25511.86,0.0
15794,6941,201,3,11298.96,20.0
15795,6942,297,3,17238.41,0.0
15796,6942,265,3,4344.64,10.0
15797,6943,293,1,282.61,0.0
15798,6943,393,2,8735.87,10.0
15799,6944,6,5,22533.66,20.0
15800,6944,767,5,12752.82,0.0
15801,6944,137,2,10885.94,0.0
15802,6944,619,2,12004.29,15.0
15803,6944,687,4,14696.63,0.0
15804,6945,877,3,10559.02,15.0
15805,6945,360,2,11713.02,0.0
15806,6945,510,3,19375.24,10.0
15807,6946,679,4,5924.78,0.0
15808,6947,480,1,11927.56,5.0
15809,6947,400,5,19421.92,0.0
15810,6948,805,2,15525.28,15.0
15811,6948,552,2,4733.75,10.0
15812,6948,539,3,249.52,0.0
15813,6948,378,4,1654.61,15.0
15814,6949,650,3,6904.93,0.0
15815,6950,235,1,4664.57,0.0
15816,6950,20,3,377.42,5.0
15817,6950,710,1,11261.29,0.0
15818,6950,768,5,16413.87,20.0
15819,6950,71,3,13770.82,15.0
15820,6951,823,4,16691.74,5.0
15821,6952,655,2,8938.91,0.0
15822,6953,150,5,5234.7,15.0
15823,6953,835,2,13235.32,0.0
15824,6953,479,3,8268.21,10.0
15825,6953,138,4,25438.29,0.0
15826,6954,67,3,18601.02,20.0
15827,6954,484,1,19113.34,0.0
15828,6954,670,3,12689.21,10.0
15829,6954,511,2,16710.62,10.0
15830,6955,346,3,8215.18,10.0
15831,6956,809,3,24052.5,0.0
15832,6956,478,2,10570.88,0.0
15833,6957,324,1,3772.01,10.0
15834,6958,3,4,16184.82,5.0
15835,6959,390,2,3964.49,0.0
15836,6960,74,4,21546.9,10.0
15837,6960,71,5,13770.82,0.0
15838,6960,115,2,14046.49,20.0
15839,6961,369,1,6953.46,0.0
15840,6962,24,1,18317.93,15.0
15841,6962,280,3,14095.63,20.0
15842,6962,506,5,2449.21,10.0
15843,6963,764,5,3971.86,0.0
15844,6963,467,2,24009.79,0.0
15845,6964,42,3,10082.43,20.0
15846,6964,284,2,15548.25,20.0
15847,6965,546,2,16500.34,20.0
15848,6966,549,5,16311.06,0.0
15849,6966,63,4,13615.65,15.0
15850,6966,155,5,3485.16,0.0
15851,6966,572,1,19015.09,20.0
15852,6967,19,5,22067.03,10.0
15853,6968,398,5,13400.93,20.0
15854,6968,284,4,15548.25,20.0
15855,6969,373,5,9954.9,0.0
15856,6969,165,4,19157.23,15.0
15857,6969,255,1,17032.48,20.0
15858,6970,121,2,10353.6,20.0
15859,6970,103,3,8717.09,5.0
15860,6970,585,2,10944.6,5.0
15861,6970,142,2,21163.93,10.0
15862,6971,850,5,22317.22,0.0
15863,6972,483,1,7695.04,0.0
15864,6972,860,1,11880.54,0.0
15865,6972,888,3,2244.3,20.0
15866,6972,662,2,6806.59,15.0
15867,6973,22,3,11230.85,20.0
15868,6973,896,2,24756.56,15.0
15869,6974,79,2,15602.76,10.0
15870,6975,85,3,4996.1,15.0
15871,6976,751,3,3818.67,15.0
15872,6976,293,1,282.61,15.0
15873,6976,861,4,8502.27,15.0
15874,6977,233,1,12825.71,0.0
15875,6977,29,4,2346.21,0.0
15876,6978,390,5,3964.49,15.0
15877,6978,291,2,3444.93,10.0
15878,6979,80,4,7681.36,15.0
15879,6979,9,2,17153.33,0.0
15880,6979,873,1,1014.59,5.0
15881,6980,778,2,20152.02,15.0
15882,6980,405,3,6628.43,20.0
15883,6980,707,2,1274.87,10.0
15884,6980,353,2,7643.82,0.0
15885,6981,859,2,1089.58,10.0
15886,6981,294,3,10981.7,15.0
15887,6982,234,3,10860.79,0.0
15888,6983,529,4,8097.4,15.0
15889,6983,481,4,11306.0,15.0
15890,6983,747,5,15965.2,10.0
15891,6984,61,5,6502.87,10.0
15892,6984,626,2,12352.87,0.0
15893,6985,86,4,17346.97,0.0
15894,6985,476,4,19019.08,5.0
15895,6986,637,4,9909.0,5.0
15896,6986,738,5,19896.87,0.0
15897,6986,874,1,12083.32,5.0
15898,6987,127,2,14981.11,0.0
15899,6987,338,3,17040.27,20.0
15900,6987,867,2,3837.28,0.0
15901,6987,478,3,10570.88,10.0
15902,6988,28,3,15441.58,0.0
15903,6988,253,5,17161.82,20.0
15904,6989,781,1,15990.77,0.0
15905,6990,146,5,15804.83,20.0
15906,6991,308,3,6864.25,0.0
15907,6991,172,5,6290.87,0.0
15908,6992,780,3,2481.3,0.0
15909,6992,150,2,5234.7,15.0
15910,6993,407,4,7770.71,0.0
15911,6994,171,3,18491.26,10.0
15912,6995,70,2,24783.28,5.0
15913,6995,225,1,6873.83,0.0
15914,6995,165,2,19157.23,0.0
15915,6996,306,3,9467.51,15.0
15916,6996,749,3,20244.79,10.0
15917,6997,641,1,12480.0,20.0
15918,6998,196,2,10265.86,5.0
15919,6998,91,4,11076.97,0.0
15920,6998,586,2,15918.44,15.0
15921,6998,243,1,176.76,0.0
15922,6999,368,3,9973.43,20.0
15923,6999,645,2,15208.69,10.0
15924,7000,343,1,15859.82,0.0
15925,7000,434,1,16140.57,0.0
15926,7001,439,3,9511.48,10.0
15927,7001,282,2,19801.39,15.0
15928,7001,883,4,1769.58,0.0
15929,7001,228,2,5918.99,0.0
15930,7001,473,5,2408.3,15.0
15931,7002,69,4,7716.81,0.0
15932,7002,517,3,17350.23,20.0
15933,7003,749,2,20244.79,0.0
15934,7004,293,5,282.61,10.0
15935,7004,57,1,8529.28,15.0
15936,7005,106,5,10629.26,0.0
15937,7005,24,3,18317.93,0.0
15938,7005,726,1,5419.14,0.0
15939,7005,82,2,14774.58,20.0
15940,7006,12,3,10935.76,20.0
15941,7007,175,1,8473.93,15.0
15942,7008,894,1,7760.97,5.0
15943,7008,58,2,2190.76,0.0
15944,7009,250,4,5445.45,0.0
15945,7010,883,3,1769.58,5.0
15946,7010,765,3,810.63,5.0
15947,7010,866,4,3834.44,0.0
15948,7010,413,2,347.03,10.0
15949,7011,781,3,15990.77,5.0
15950,7011,790,2,1388.1,0.0
15951,7011,648,1,5724.05,15.0
15952,7011,794,2,20250.02,5.0
15953,7011,856,1,836.93,20.0
15954,7012,750,5,3277.38,15.0
15955,7013,103,1,8717.09,10.0
15956,7014,899,2,21905.82,5.0
15957,7014,25,1,14978.82,0.0
15958,7014,769,4,19111.37,20.0
15959,7014,463,5,8811.92,0.0
15960,7014,500,5,6694.37,0.0
15961,7015,734,4,13296.98,0.0
15962,7015,287,5,4169.74,10.0
15963,7016,214,5,17220.63,0.0
15964,7016,701,3,621.06,0.0
15965,7016,29,1,2346.21,15.0
15966,7016,74,2,21546.9,0.0
15967,7016,537,2,17211.68,10.0
15968,7017,124,2,13452.12,20.0
15969,7018,887,2,9495.11,15.0
15970,7018,319,2,9389.36,10.0
15971,7018,462,1,19988.3,0.0
15972,7019,162,3,13421.66,0.0
15973,7019,333,2,6422.47,0.0
15974,7019,174,1,11611.6,15.0
15975,7019,861,1,8502.27,0.0
15976,7019,295,2,18202.38,5.0
15977,7020,446,5,18287.32,5.0
15978,7020,742,1,12611.2,20.0
15979,7020,593,5,17278.87,10.0
15980,7020,467,5,24009.79,15.0
15981,7020,889,3,15442.59,0.0
15982,7021,787,5,18758.34,0.0
15983,7021,614,3,21084.78,0.0
15984,7021,541,3,12029.72,0.0
15985,7022,421,1,4302.81,10.0
15986,7022,239,1,15822.1,15.0
15987,7023,334,2,14837.25,5.0
15988,7023,470,4,14455.32,20.0
15989,7024,413,5,347.03,0.0
15990,7024,37,2,14064.14,15.0
15991,7024,350,4,2904.08,10.0
15992,7025,853,4,13558.97,0.0
15993,7026,61,5,6502.87,10.0
15994,7027,559,1,10518.45,5.0
15995,7027,12,5,10935.76,0.0
15996,7028,557,5,4875.77,10.0
15997,7028,734,3,13296.98,0.0
15998,7029,450,5,5004.29,0.0
15999,7030,200,1,4522.92,0.0
16000,7030,119,1,21039.52,0.0
16001,7030,257,2,13045.67,0.0
16002,7030,718,3,17963.95,10.0
16003,7031,787,2,18758.34,0.0
16004,7031,527,1,4372.63,20.0
16005,7031,884,3,15919.32,10.0
16006,7031,596,2,3968.53,0.0
16007,7032,541,5,12029.72,15.0
16008,7032,108,3,23388.45,15.0
16009,7032,293,1,282.61,5.0
16010,7032,424,1,17174.37,15.0
16011,7033,262,4,4228.73,0.0
16012,7033,428,1,21239.63,0.0
16013,7033,360,5,11713.02,5.0
16014,7034,210,3,12962.87,10.0
16015,7034,844,4,8306.97,10.0
16016,7035,354,1,17320.16,5.0
16017,7035,113,5,21843.22,10.0
16018,7036,722,1,2404.11,0.0
16019,7036,307,1,21906.91,15.0
16020,7037,756,2,8569.79,0.0
16021,7038,28,2,15441.58,5.0
16022,7038,270,4,16271.78,0.0
16023,7039,772,3,18195.11,20.0
16024,7039,607,4,9557.3,0.0
16025,7039,835,4,13235.32,10.0
16026,7040,666,3,16085.16,10.0
16027,7041,75,1,19138.34,0.0
16028,7041,175,1,8473.93,5.0
16029,7042,866,2,3834.44,0.0
16030,7043,860,3,11880.54,0.0
16031,7044,227,3,2720.12,10.0
16032,7044,73,4,16451.55,20.0
16033,7045,639,2,2960.19,0.0
16034,7046,249,5,19528.8,15.0
16035,7046,292,2,15961.49,0.0
16036,7047,109,2,10740.23,5.0
16037,7048,65,2,16507.63,10.0
16038,7048,284,2,15548.25,0.0
16039,7049,546,1,16500.34,0.0
16040,7049,189,1,2064.84,0.0
16041,7049,704,5,16292.88,0.0
16042,7050,842,1,4816.41,15.0
16043,7051,583,4,20840.66,5.0
16044,7051,866,3,3834.44,0.0
16045,7051,358,2,5722.36,10.0
16046,7052,30,4,18303.29,15.0
16047,7053,466,1,10734.42,20.0
16048,7054,235,5,4664.57,20.0
16049,7054,843,3,11008.41,10.0
16050,7054,796,3,15083.08,0.0
16051,7055,323,3,920.73,0.0
16052,7055,6,1,22533.66,0.0
16053,7055,150,4,5234.7,10.0
16054,7055,547,5,5521.08,5.0
16055,7056,774,5,10265.71,5.0
16056,7056,714,4,26202.05,5.0
16057,7057,41,4,22568.02,20.0
16058,7057,187,4,17579.96,20.0
16059,7058,705,2,4673.98,20.0
16060,7059,730,4,11885.24,5.0
16061,7060,341,3,22578.93,10.0
16062,7060,429,4,8645.08,15.0
16063,7061,839,5,14313.81,20.0
16064,7061,215,3,4666.45,0.0
16065,7062,282,3,19801.39,20.0
16066,7062,770,5,5579.14,20.0
16067,7063,474,1,10258.52,0.0
16068,7064,875,4,9752.68,5.0
16069,7064,730,5,11885.24,0.0
16070,7065,154,3,1144.63,15.0
16071,7066,742,2,12611.2,5.0
16072,7066,395,5,16130.97,0.0
16073,7066,122,2,17327.18,0.0
16074,7067,185,2,6278.2,20.0
16075,7068,378,4,1654.61,0.0
16076,7068,88,2,25475.34,20.0
16077,7069,435,3,13058.88,20.0
16078,7070,129,4,10907.63,0.0
16079,7070,305,2,2031.07,15.0
16080,7071,611,2,6171.82,0.0
16081,7071,191,5,12145.42,20.0
16082,7072,383,4,11935.37,0.0
16083,7073,209,5,7178.41,0.0
16084,7073,249,5,19528.8,0.0
16085,7074,70,1,24783.28,0.0
16086,7074,696,5,2491.11,0.0
16087,7074,337,3,1562.71,10.0
16088,7074,659,4,2808.44,0.0
16089,7075,756,5,8569.79,0.0
16090,7075,833,3,16884.14,0.0
16091,7075,61,5,6502.87,5.0
16092,7075,518,3,2509.06,5.0
16093,7075,839,4,14313.81,0.0
16094,7076,488,2,13455.56,0.0
16095,7076,331,4,6973.28,15.0
16096,7076,792,1,2850.88,0.0
16097,7076,303,1,18231.15,5.0
16098,7077,608,4,622.02,15.0
16099,7078,402,1,789.81,5.0
16100,7078,85,4,4996.1,0.0
16101,7079,698,3,4293.78,15.0
16102,7079,690,1,12791.5,0.0
16103,7080,459,2,1008.42,0.0
16104,7081,681,4,17950.56,0.0
16105,7082,853,1,13558.97,0.0
16106,7082,657,1,11502.62,15.0
16107,7082,177,2,9631.34,0.0
16108,7082,257,2,13045.67,10.0
16109,7083,538,1,17194.4,20.0
16110,7084,147,5,2349.15,0.0
16111,7085,259,3,20724.65,15.0
16112,7086,815,1,20541.91,0.0
16113,7086,484,1,19113.34,5.0
16114,7086,867,2,3837.28,0.0
16115,7087,453,5,11216.79,5.0
16116,7088,423,1,1984.71,15.0
16117,7088,788,1,5720.07,10.0
16118,7089,31,2,16628.09,0.0
16119,7089,68,1,21790.7,0.0
16120,7089,802,3,4116.0,20.0
16121,7090,61,1,6502.87,10.0
16122,7090,729,2,12919.83,10.0
16123,7090,573,1,2928.56,0.0
16124,7090,664,3,9991.3,0.0
16125,7090,738,1,19896.87,0.0
16126,7091,336,3,226.24,0.0
16127,7091,605,5,7517.98,5.0
16128,7092,429,5,8645.08,0.0
16129,7092,615,1,13741.69,0.0
16130,7092,657,5,11502.62,5.0
16131,7092,10,2,7250.5,0.0
16132,7093,790,5,1388.1,0.0
16133,7094,244,2,7472.45,10.0
16134,7094,875,3,9752.68,0.0
16135,7094,590,5,9869.32,5.0
16136,7095,122,1,17327.18,20.0
16137,7095,757,1,7147.34,15.0
16138,7095,308,4,6864.25,15.0
16139,7095,36,2,8033.06,0.0
16140,7095,165,1,19157.23,5.0
16141,7096,439,5,9511.48,20.0
16142,7096,246,1,3854.15,5.0
16143,7097,877,1,10559.02,0.0
16144,7098,644,5,12974.58,0.0
16145,7099,695,1,17246.64,0.0
16146,7100,896,3,24756.56,10.0
16147,7101,303,2,18231.15,10.0
16148,7102,117,1,4942.41,5.0
16149,7103,635,1,15794.51,15.0
16150,7103,451,5,15015.83,0.0
16151,7104,19,1,22067.03,20.0
16152,7105,568,5,1091.56,20.0
16153,7106,737,2,16594.34,0.0
16154,7106,422,4,189.31,20.0
16155,7106,516,3,4294.23,15.0
16156,7106,369,3,6953.46,0.0
16157,7107,260,3,7198.0,15.0
16158,7107,830,4,3011.17,10.0
16159,7108,771,3,2696.54,15.0
16160,7108,753,3,7182.61,0.0
16161,7109,128,5,13624.37,0.0
16162,7110,169,5,16308.93,10.0
16163,7110,748,1,15319.21,5.0
16164,7110,264,1,19387.68,10.0
16165,7111,582,1,19075.76,10.0
16166,7112,856,2,836.93,0.0
16167,7113,687,2,14696.63,0.0
16168,7113,479,3,8268.21,10.0
16169,7114,329,3,10046.75,0.0
16170,7114,606,5,10207.96,5.0
16171,7115,525,4,14333.71,0.0
16172,7115,781,4,15990.77,0.0
16173,7116,454,3,12204.15,0.0
16174,7116,879,5,13227.2,0.0
16175,7117,734,4,13296.98,0.0
16176,7117,755,2,144.02,5.0
16177,7118,327,2,15380.04,15.0
16178,7118,529,3,8097.4,0.0
16179,7119,752,4,16802.42,10.0
16180,7119,741,1,16605.12,0.0
16181,7119,496,3,19499.77,0.0
16182,7120,79,4,15602.76,5.0
16183,7121,773,3,8183.79,5.0
16184,7121,636,5,7292.03,0.0
16185,7122,761,3,16718.68,0.0
16186,7122,743,3,10182.67,10.0
16187,7122,252,2,14825.98,20.0
16188,7123,480,3,11927.56,15.0
16189,7123,51,4,11484.39,20.0
16190,7123,757,5,7147.34,0.0
16191,7123,870,2,4993.59,0.0
16192,7124,508,3,4967.5,15.0
16193,7124,87,3,19036.03,0.0
16194,7124,315,3,14818.85,15.0
16195,7125,732,3,8129.26,5.0
16196,7125,426,5,9117.48,10.0
16197,7125,669,1,17245.4,20.0
16198,7126,768,2,16413.87,0.0
16199,7126,701,5,621.06,5.0
16200,7126,279,3,3292.56,15.0
16201,7127,54,3,12660.77,0.0
16202,7127,890,5,10049.64,0.0
16203,7127,616,3,18315.38,0.0
16204,7127,422,1,189.31,15.0
16205,7128,358,4,5722.36,0.0
16206,7128,504,1,13358.18,10.0
16207,7129,420,4,9360.46,0.0
16208,7129,82,3,14774.58,15.0
16209,7130,136,1,8942.91,0.0
16210,7130,73,5,16451.55,10.0
16211,7130,405,3,6628.43,10.0
16212,7131,452,5,22746.4,15.0
16213,7131,666,1,16085.16,20.0
16214,7131,817,1,14780.14,10.0
16215,7132,247,3,1089.6,0.0
16216,7132,495,2,16857.86,5.0
16217,7132,884,4,15919.32,10.0
16218,7132,90,1,14228.88,15.0
16219,7133,835,2,13235.32,20.0
16220,7134,693,5,14898.91,0.0
16221,7134,779,4,19107.25,20.0
16222,7135,138,2,25438.29,5.0
16223,7136,461,3,14975.0,0.0
16224,7136,897,1,966.91,5.0
16225,7137,861,4,8502.27,15.0
16226,7137,885,4,7089.39,0.0
16227,7137,74,5,21546.9,10.0
16228,7137,689,5,13071.47,5.0
16229,7138,529,1,8097.4,0.0
16230,7139,721,5,18878.1,15.0
16231,7139,706,4,12213.81,0.0
16232,7140,839,4,14313.81,0.0
16233,7141,460,3,20514.31,10.0
16234,7141,893,4,17792.63,0.0
16235,7141,431,3,24437.6,5.0
16236,7141,218,2,25840.61,0.0
16237,7142,627,5,14763.79,10.0
16238,7142,230,4,3957.6,0.0
16239,7143,832,1,9339.3,0.0
16240,7144,167,4,14506.97,10.0
16241,7145,807,1,15923.26,0.0
16242,7145,473,3,2408.3,0.0
16243,7146,514,2,25746.27,20.0
16244,7147,415,5,7434.55,15.0
16245,7148,859,5,1089.58,0.0
16246,7149,421,4,4302.81,5.0
16247,7149,811,3,13234.53,5.0
16248,7150,252,4,14825.98,0.0
16249,7151,899,2,21905.82,10.0
16250,7151,445,2,1123.05,0.0
16251,7151,657,5,11502.62,0.0
16252,7152,103,2,8717.09,15.0
16253,7153,279,2,3292.56,20.0
16254,7153,171,5,18491.26,20.0
16255,7153,565,3,11175.66,0.0
16256,7153,275,4,10808.89,15.0
16257,7154,551,3,23156.44,5.0
16258,7154,530,5,18098.15,15.0
16259,7154,718,1,17963.95,10.0
16260,7155,887,4,9495.11,10.0
16261,7155,445,1,1123.05,0.0
16262,7155,241,2,11844.31,0.0
16263,7156,295,3,18202.38,0.0
16264,7156,591,4,6697.37,5.0
16265,7157,186,4,9740.85,5.0
16266,7157,649,3,14601.66,0.0
16267,7157,675,4,12507.1,15.0
16268,7158,442,2,11650.88,5.0
16269,7158,143,4,7946.56,0.0
16270,7158,97,3,12470.7,0.0
16271,7158,876,3,6589.16,20.0
16272,7159,767,4,12752.82,10.0
16273,7159,768,4,16413.87,5.0
16274,7159,795,4,21693.2,15.0
16275,7160,753,5,7182.61,0.0
16276,7161,90,1,14228.88,20.0
16277,7161,583,5,20840.66,15.0
16278,7162,306,1,9467.51,10.0
16279,7163,668,1,11556.92,0.0
16280,7163,735,3,9036.58,10.0
16281,7163,851,2,6264.06,5.0
16282,7163,64,3,18539.77,15.0
16283,7163,67,3,18601.02,0.0
16284,7164,763,1,19381.27,15.0
16285,7165,410,4,15870.26,0.0
16286,7165,240,5,3443.85,0.0
16287,7165,623,2,5372.41,0.0
16288,7166,642,1,12368.27,10.0
16289,7166,583,4,20840.66,0.0
16290,7166,465,1,2006.55,0.0
16291,7167,210,5,12962.87,15.0
16292,7167,174,4,11611.6,15.0
16293,7168,250,2,5445.45,0.0
16294,7168,97,4,12470.7,0.0
16295,7168,537,5,17211.68,10.0
16296,7168,788,3,5720.07,20.0
16297,7168,552,2,4733.75,20.0
16298,7169,310,4,20036.92,5.0
16299,7169,365,1,22789.3,0.0
16300,7169,233,1,12825.71,10.0
16301,7169,481,1,11306.0,0.0
16302,7170,512,4,14169.19,0.0
16303,7170,82,3,14774.58,15.0
16304,7170,102,2,7542.37,0.0
16305,7170,423,4,1984.71,0.0
16306,7170,900,3,17425.46,0.0
16307,7171,517,3,17350.23,15.0
16308,7172,186,3,9740.85,0.0
16309,7172,275,3,10808.89,10.0
16310,7172,630,3,16772.79,20.0
16311,7172,278,3,8494.62,0.0
16312,7173,517,5,17350.23,0.0
16313,7173,264,5,19387.68,10.0
16314,7174,806,1,11627.22,0.0
16315,7174,528,2,939.25,15.0
16316,7174,70,4,24783.28,0.0
16317,7175,156,4,963.21,5.0
16318,7175,519,5,18767.62,15.0
16319,7175,544,4,14987.27,0.0
16320,7175,465,1,2006.55,0.0
16321,7176,250,5,5445.45,15.0
16322,7177,452,4,22746.4,0.0
16323,7177,542,1,3615.52,0.0
16324,7177,862,1,4517.96,5.0
16325,7177,523,3,13665.96,0.0
16326,7178,104,5,1617.45,0.0
16327,7178,877,4,10559.02,5.0
16328,7179,253,5,17161.82,0.0
16329,7179,300,4,6061.57,5.0
16330,7179,895,1,7754.62,0.0
16331,7180,426,4,9117.48,0.0
16332,7181,734,2,13296.98,20.0
16333,7182,758,3,305.37,5.0
16334,7183,9,4,17153.33,10.0
16335,7184,219,2,5457.35,5.0
16336,7184,678,2,2508.38,0.0
16337,7185,699,4,4909.23,0.0
16338,7186,622,2,8757.16,0.0
16339,7186,153,5,1446.08,0.0
16340,7187,353,5,7643.82,0.0
16341,7187,228,4,5918.99,15.0
16342,7188,633,2,15843.65,0.0
16343,7188,520,4,1057.04,10.0
16344,7188,506,5,2449.21,20.0
16345,7189,350,1,2904.08,20.0
16346,7189,797,3,13841.65,20.0
16347,7189,142,4,21163.93,10.0
16348,7190,218,2,25840.61,20.0
16349,7190,568,1,1091.56,20.0
16350,7191,530,3,18098.15,10.0
16351,7191,589,3,326.42,20.0
16352,7191,855,2,2959.91,0.0
16353,7192,355,5,3894.18,0.0
16354,7192,387,3,22309.26,20.0
16355,7192,123,5,15484.22,15.0
16356,7192,578,1,17099.03,20.0
16357,7192,497,5,15989.14,10.0
16358,7193,100,1,14472.84,10.0
16359,7193,539,1,249.52,20.0
16360,7194,140,2,10101.86,0.0
16361,7194,582,5,19075.76,0.0
16362,7194,275,1,10808.89,0.0
16363,7194,567,4,14958.32,15.0
16364,7194,547,1,5521.08,20.0
16365,7195,256,2,6510.46,10.0
16366,7195,844,5,8306.97,20.0
16367,7196,74,5,21546.9,0.0
16368,7196,604,2,11660.05,20.0
16369,7197,165,3,19157.23,0.0
16370,7198,170,4,12133.1,15.0
16371,7198,727,4,19119.71,5.0
16372,7199,858,2,23207.14,5.0
16373,7200,444,4,17486.46,10.0
16374,7201,234,3,10860.79,15.0
16375,7202,399,1,20674.86,0.0
16376,7203,458,3,706.12,15.0
16377,7203,518,3,2509.06,0.0
16378,7203,601,3,17591.52,5.0
16379,7204,175,1,8473.93,10.0
16380,7205,572,3,19015.09,5.0
16381,7205,586,5,15918.44,0.0
16382,7206,820,4,20062.61,15.0
16383,7207,117,5,4942.41,0.0
16384,7207,151,1,21510.83,5.0
16385,7208,766,1,10014.02,0.0
16386,7209,812,2,2387.49,0.0
16387,7210,169,3,16308.93,20.0
16388,7210,394,4,15875.45,5.0
16389,7211,816,5,13450.11,0.0
16390,7212,684,4,8576.21,5.0
16391,7212,625,1,7044.62,0.0
16392,7213,624,1,15309.66,20.0
16393,7214,132,4,7609.15,0.0
16394,7215,629,4,12346.5,20.0
16395,7215,582,3,19075.76,10.0
16396,7215,805,1,15525.28,20.0
16397,7215,237,3,11209.85,15.0
16398,7215,312,4,13798.25,0.0
16399,7216,666,4,16085.16,0.0
16400,7217,654,5,16228.87,0.0
16401,7218,392,2,956.75,5.0
16402,7219,554,4,19734.11,20.0
16403,7219,305,5,2031.07,5.0
16404,7219,1,2,23380.27,0.0
16405,7219,748,3,15319.21,15.0
16406,7220,462,2,19988.3,20.0
16407,7221,502,1,8596.35,20.0
16408,7221,191,5,12145.42,20.0
16409,7221,331,4,6973.28,0.0
16410,7221,66,4,13143.99,5.0
16411,7221,409,1,19362.42,5.0
16412,7222,448,3,4391.49,15.0
16413,7222,610,5,2359.37,0.0
16414,7222,620,3,12173.09,5.0
16415,7223,84,4,16076.18,5.0
16416,7223,857,1,9589.19,10.0
16417,7224,456,2,6661.55,0.0
16418,7225,756,3,8569.79,20.0
16419,7225,235,3,4664.57,0.0
16420,7225,766,2,10014.02,0.0
16421,7226,206,1,5960.03,5.0
16422,7227,759,4,15948.11,20.0
16423,7227,180,1,1628.95,20.0
16424,7228,748,2,15319.21,5.0
16425,7228,167,1,14506.97,10.0
16426,7228,70,1,24783.28,5.0
16427,7228,750,1,3277.38,10.0
16428,7229,278,2,8494.62,20.0
16429,7229,652,4,6638.78,0.0
16430,7229,694,3,11604.18,10.0
16431,7230,762,5,15418.59,15.0
16432,7231,173,3,7108.82,15.0
16433,7231,427,1,16845.82,0.0
16434,7231,187,1,17579.96,0.0
16435,7232,439,1,9511.48,0.0
16436,7233,583,1,20840.66,10.0
16437,7234,394,2,15875.45,0.0
16438,7234,766,2,10014.02,0.0
16439,7234,791,2,11554.95,5.0
16440,7234,205,1,16137.25,0.0
16441,7234,838,5,19410.6,10.0
16442,7235,325,4,2187.51,0.0
16443,7236,396,1,751.13,0.0
16444,7237,212,4,23358.43,0.0
16445,7238,57,3,8529.28,5.0
16446,7238,19,4,22067.03,20.0
16447,7238,3,4,16184.82,10.0
16448,7238,708,3,16924.57,0.0
16449,7239,774,4,10265.71,20.0
16450,7240,335,2,10357.5,20.0
16451,7240,169,2,16308.93,5.0
16452,7241,88,2,25475.34,0.0
16453,7241,372,3,9597.28,0.0
16454,7242,323,4,920.73,5.0
16455,7242,502,1,8596.35,5.0
16456,7243,654,1,16228.87,0.0
16457,7243,860,1,11880.54,5.0
16458,7243,119,2,21039.52,0.0
16459,7244,436,4,6536.15,0.0
16460,7244,209,5,7178.41,5.0
16461,7245,829,3,21989.77,0.0
16462,7245,616,5,18315.38,20.0
16463,7245,62,3,13136.19,0.0
16464,7246,678,2,2508.38,15.0
16465,7246,871,4,8110.39,15.0
16466,7247,264,3,19387.68,0.0
16467,7247,45,2,19804.2,5.0
16468,7247,381,2,17535.49,0.0
16469,7248,719,5,7305.31,0.0
16470,7248,193,4,20867.37,20.0
16471,7248,370,4,2983.33,0.0
16472,7248,223,2,13128.85,5.0
16473,7249,669,4,17245.4,0.0
16474,7249,59,2,5569.5,0.0
16475,7250,758,3,305.37,0.0
16476,7250,627,3,14763.79,5.0
16477,7251,235,5,4664.57,0.0
16478,7252,396,4,751.13,5.0
16479,7253,373,2,9954.9,15.0
16480,7254,439,2,9511.48,20.0
16481,7255,646,2,5805.21,0.0
16482,7256,717,4,3248.01,0.0
16483,7256,747,4,15965.2,0.0
16484,7256,69,1,7716.81,5.0
16485,7256,173,2,7108.82,0.0
16486,7256,444,1,17486.46,15.0
16487,7257,9,2,17153.33,5.0
16488,7257,7,2,19612.77,0.0
16489,7257,437,2,10772.97,15.0
16490,7257,518,1,2509.06,15.0
16491,7257,256,2,6510.46,0.0
16492,7258,17,5,19447.69,10.0
16493,7259,404,2,653.1,15.0
16494,7259,687,3,14696.63,0.0
16495,7259,872,4,15107.17,10.0
16496,7259,243,3,176.76,15.0
16497,7260,552,3,4733.75,5.0
16498,7260,443,2,1560.39,0.0
16499,7260,808,4,376.7,0.0
16500,7261,634,5,17957.51,15.0
16501,7262,710,5,11261.29,20.0
16502,7262,684,1,8576.21,0.0
16503,7262,774,4,10265.71,5.0
16504,7263,707,3,1274.87,0.0
16505,7263,446,4,18287.32,0.0
16506,7263,358,3,5722.36,10.0
16507,7263,144,1,19819.04,0.0
16508,7263,595,2,16876.57,0.0
16509,7264,404,1,653.1,0.0
16510,7264,399,1,20674.86,0.0
16511,7265,395,4,16130.97,0.0
16512,7265,451,1,15015.83,20.0
16513,7266,614,1,21084.78,5.0
16514,7266,203,5,12755.01,15.0
16515,7267,681,5,17950.56,0.0
16516,7267,208,2,7812.53,10.0
16517,7268,881,5,21532.91,0.0
16518,7269,415,1,7434.55,0.0
16519,7269,761,3,16718.68,0.0
16520,7269,845,2,24202.98,0.0
16521,7270,702,5,1292.78,0.0
16522,7270,892,5,7790.38,20.0
16523,7271,497,2,15989.14,20.0
16524,7272,482,3,2192.85,10.0
16525,7272,671,4,16938.7,15.0
16526,7273,566,3,1155.19,0.0
16527,7273,664,4,9991.3,10.0
16528,7273,378,5,1654.61,20.0
16529,7274,681,1,17950.56,0.0
16530,7274,661,1,13705.81,0.0
16531,7275,502,3,8596.35,0.0
16532,7275,30,5,18303.29,15.0
16533,7276,252,1,14825.98,5.0
16534,7276,808,5,376.7,0.0
16535,7277,644,5,12974.58,20.0
16536,7278,206,2,5960.03,0.0
16537,7278,714,1,26202.05,0.0
16538,7279,747,4,15965.2,5.0
16539,7280,222,5,7009.13,20.0
16540,7280,845,2,24202.98,0.0
16541,7280,26,4,12446.22,5.0
16542,7281,666,1,16085.16,20.0
16543,7281,242,3,15852.16,0.0
16544,7281,674,5,11510.75,0.0
16545,7281,869,2,4059.75,10.0
16546,7281,516,5,4294.23,20.0
16547,7282,338,2,17040.27,5.0
16548,7282,194,5,2770.23,20.0
16549,7282,767,3,12752.82,15.0
16550,7283,651,2,6091.61,20.0
16551,7283,634,3,17957.51,15.0
16552,7284,866,3,3834.44,0.0
16553,7284,117,1,4942.41,20.0
16554,7285,449,3,1431.85,5.0
16555,7285,66,5,13143.99,0.0
16556,7286,2,1,21248.93,0.0
16557,7286,558,1,13963.41,10.0
16558,7287,820,4,20062.61,0.0
16559,7287,149,4,10169.3,15.0
16560,7288,300,5,6061.57,0.0
16561,7288,32,1,1527.01,15.0
16562,7289,455,1,6876.9,15.0
16563,7289,349,4,2689.14,0.0
16564,7290,574,5,6143.25,20.0
16565,7290,866,3,3834.44,0.0
16566,7291,527,1,4372.63,5.0
16567,7291,88,5,25475.34,15.0
16568,7291,796,2,15083.08,20.0
16569,7292,115,1,14046.49,20.0
16570,7292,883,4,1769.58,10.0
16571,7292,143,3,7946.56,10.0
16572,7293,116,5,8610.05,20.0
16573,7294,482,1,2192.85,0.0
16574,7294,707,4,1274.87,15.0
16575,7294,637,3,9909.0,20.0
16576,7295,756,1,8569.79,20.0
16577,7295,191,3,12145.42,0.0
16578,7295,253,2,17161.82,10.0
16579,7295,285,1,16720.01,0.0
16580,7295,178,4,14238.81,0.0
16581,7296,359,4,14548.05,20.0
16582,7297,444,3,17486.46,10.0
16583,7297,744,2,6614.57,0.0
16584,7298,371,3,1636.75,15.0
16585,7298,747,1,15965.2,0.0
16586,7299,241,5,11844.31,0.0
16587,7300,511,1,16710.62,15.0
16588,7300,802,2,4116.0,0.0
16589,7301,399,5,20674.86,0.0
16590,7302,582,3,19075.76,0.0
16591,7302,160,3,20635.35,10.0
16592,7303,875,1,9752.68,10.0
16593,7303,364,4,18476.31,15.0
16594,7303,403,3,7812.31,0.0
16595,7303,82,4,14774.58,15.0
16596,7304,368,5,9973.43,0.0
16597,7304,203,1,12755.01,0.0
16598,7305,234,3,10860.79,15.0
16599,7306,828,5,25138.47,0.0
16600,7307,42,5,10082.43,5.0
16601,7307,836,4,17573.65,0.0
16602,7308,291,5,3444.93,0.0
16603,7308,647,5,8678.96,15.0
16604,7309,315,2,14818.85,0.0
16605,7310,657,4,11502.62,20.0
16606,7311,434,2,16140.57,5.0
16607,7311,299,5,7106.85,0.0
16608,7312,330,3,12351.31,0.0
16609,7313,85,5,4996.1,10.0
16610,7313,333,1,6422.47,20.0
16611,7313,691,4,16753.29,0.0
16612,7313,401,5,3916.76,0.0
16613,7314,830,1,3011.17,15.0
16614,7314,332,1,25511.86,10.0
16615,7315,777,1,7013.52,10.0
16616,7315,799,2,8448.77,0.0
16617,7315,380,3,10068.31,0.0
16618,7315,120,1,9678.0,0.0
16619,7315,713,1,26684.64,0.0
16620,7316,321,3,9347.28,5.0
16621,7316,517,4,17350.23,20.0
16622,7317,786,3,14084.23,5.0
16623,7318,698,3,4293.78,0.0
16624,7318,386,5,14759.78,0.0
16625,7318,151,2,21510.83,15.0
16626,7319,569,1,17022.92,10.0
16627,7319,34,4,1148.2,0.0
16628,7320,149,2,10169.3,0.0
16629,7320,97,3,12470.7,0.0
16630,7320,141,4,1692.85,15.0
16631,7320,869,2,4059.75,0.0
16632,7321,699,4,4909.23,10.0
16633,7322,448,2,4391.49,5.0
16634,7323,149,5,10169.3,5.0
16635,7323,468,4,9057.22,20.0
16636,7323,109,4,10740.23,0.0
16637,7323,5,3,8313.51,15.0
16638,7323,394,5,15875.45,0.0
16639,7324,197,3,20568.54,10.0
16640,7325,343,1,15859.82,15.0
16641,7326,89,4,18350.27,0.0
16642,7326,479,5,8268.21,15.0
16643,7327,421,1,4302.81,0.0
16644,7327,730,1,11885.24,15.0
16645,7327,113,2,21843.22,20.0
16646,7327,232,3,12332.61,5.0
16647,7328,410,3,15870.26,5.0
16648,7329,384,1,5638.85,15.0
16649,7329,546,2,16500.34,15.0
16650,7329,481,1,11306.0,0.0
16651,7329,414,2,166.83,0.0
16652,7329,13,3,478.72,5.0
16653,7330,371,2,1636.75,0.0
16654,7330,625,4,7044.62,0.0
16655,7331,776,5,20110.05,10.0
16656,7331,220,4,12963.27,0.0
16657,7332,486,1,18912.84,0.0
16658,7332,203,3,12755.01,5.0
16659,7333,820,5,20062.61,15.0
16660,7334,412,3,17012.64,0.0
16661,7335,46,5,6966.04,10.0
16662,7335,58,1,2190.76,5.0
16663,7335,102,4,7542.37,0.0
16664,7335,423,2,1984.71,0.0
16665,7335,202,1,18119.01,0.0
16666,7336,88,2,25475.34,10.0
16667,7336,85,4,4996.1,0.0
16668,7336,68,4,21790.7,0.0
16669,7336,6,5,22533.66,0.0
16670,7337,651,4,6091.61,15.0
16671,7337,304,1,23466.92,0.0
16672,7338,7,5,19612.77,20.0
16673,7338,186,2,9740.85,0.0
16674,7339,111,5,8344.65,0.0
16675,7339,398,1,13400.93,0.0
16676,7339,768,2,16413.87,0.0
16677,7339,284,4,15548.25,10.0
16678,7340,116,1,8610.05,15.0
16679,7340,660,1,5178.7,20.0
16680,7341,654,2,16228.87,5.0
16681,7341,101,1,20043.36,15.0
16682,7341,144,4,19819.04,15.0
16683,7342,84,3,16076.18,15.0
16684,7342,304,5,23466.92,0.0
16685,7343,169,2,16308.93,0.0
16686,7343,574,2,6143.25,0.0
16687,7343,478,4,10570.88,5.0
16688,7344,278,4,8494.62,0.0
16689,7345,363,1,16290.66,0.0
16690,7345,846,1,806.68,0.0
16691,7345,364,3,18476.31,0.0
16692,7345,663,5,11192.43,0.0
16693,7345,315,3,14818.85,20.0
16694,7346,423,1,1984.71,20.0
16695,7347,395,4,16130.97,5.0
16696,7348,458,1,706.12,0.0
16697,7348,588,2,4546.5,0.0
16698,7348,108,1,23388.45,5.0
16699,7349,625,2,7044.62,0.0
16700,7349,10,4,7250.5,0.0
16701,7349,405,5,6628.43,15.0
16702,7350,304,2,23466.92,15.0
16703,7351,755,4,144.02,20.0
16704,7351,782,4,19248.75,0.0
16705,7352,44,1,8591.33,5.0
16706,7352,687,2,14696.63,15.0
16707,7352,449,1,1431.85,0.0
16708,7353,370,5,2983.33,0.0
16709,7353,278,1,8494.62,0.0
16710,7354,459,1,1008.42,0.0
16711,7354,79,5,15602.76,0.0
16712,7354,12,5,10935.76,5.0
16713,7354,147,3,2349.15,0.0
16714,7354,484,1,19113.34,5.0
16715,7355,836,2,17573.65,5.0
16716,7356,103,1,8717.09,20.0
16717,7356,818,1,10237.03,15.0
16718,7357,879,4,13227.2,0.0
16719,7357,552,2,4733.75,0.0
16720,7357,220,4,12963.27,0.0
16721,7357,665,1,4754.37,0.0
16722,7358,132,1,7609.15,0.0
16723,7358,649,2,14601.66,15.0
16724,7359,71,2,13770.82,0.0
16725,7360,48,3,5117.57,0.0
16726,7361,746,2,6075.54,0.0
16727,7361,233,5,12825.71,0.0
16728,7362,122,4,17327.18,20.0
16729,7362,143,2,7946.56,0.0
16730,7362,634,1,17957.51,0.0
16731,7363,426,2,9117.48,5.0
16732,7364,395,3,16130.97,15.0
16733,7364,478,4,10570.88,20.0
16734,7365,367,4,14113.51,0.0
16735,7365,534,2,10869.74,0.0
16736,7365,428,4,21239.63,0.0
16737,7365,111,4,8344.65,5.0
16738,7365,566,1,1155.19,15.0
16739,7366,800,4,12138.75,20.0
16740,7366,737,3,16594.34,0.0
16741,7366,425,5,4926.04,20.0
16742,7367,676,4,14315.33,0.0
16743,7367,173,5,7108.82,0.0
16744,7368,85,1,4996.1,5.0
16745,7369,521,3,20156.83,0.0
16746,7369,240,2,3443.85,15.0
16747,7370,30,5,18303.29,20.0
16748,7371,694,5,11604.18,5.0
16749,7372,301,3,21720.03,5.0
16750,7372,317,3,14112.86,10.0
16751,7372,801,1,3589.73,5.0
16752,7372,251,5,13337.74,10.0
16753,7372,831,3,6625.61,0.0
16754,7373,477,4,17806.82,0.0
16755,7373,612,2,5006.24,10.0
16756,7373,828,5,25138.47,5.0
16757,7374,292,4,15961.49,0.0
16758,7375,103,2,8717.09,0.0
16759,7375,748,3,15319.21,0.0
16760,7375,836,1,17573.65,15.0
16761,7376,426,1,9117.48,0.0
16762,7376,631,5,24606.76,0.0
16763,7376,194,2,2770.23,5.0
16764,7376,338,3,17040.27,0.0
16765,7376,813,2,5532.46,20.0
16766,7377,7,4,19612.77,15.0
16767,7377,205,1,16137.25,0.0
16768,7378,787,3,18758.34,15.0
16769,7378,515,2,19735.52,0.0
16770,7379,277,2,13719.42,0.0
16771,7379,91,2,11076.97,5.0
16772,7380,18,3,4419.93,0.0
16773,7380,562,1,6895.25,0.0
16774,7381,500,3,6694.37,5.0
16775,7381,401,5,3916.76,0.0
16776,7382,763,1,19381.27,0.0
16777,7382,85,4,4996.1,15.0
16778,7383,870,2,4993.59,10.0
16779,7384,267,4,16561.1,0.0
16780,7384,476,1,19019.08,15.0
16781,7384,389,4,3509.61,0.0
16782,7385,306,4,9467.51,5.0
16783,7385,183,4,23501.6,0.0
16784,7385,507,3,12654.25,0.0
16785,7385,269,1,11513.31,0.0
16786,7385,54,4,12660.77,0.0
16787,7386,722,2,2404.11,0.0
16788,7386,142,2,21163.93,15.0
16789,7386,146,5,15804.83,5.0
16790,7387,310,5,20036.92,15.0
16791,7387,141,1,1692.85,10.0
16792,7388,593,1,17278.87,10.0
16793,7389,755,4,144.02,20.0
16794,7389,35,3,21434.65,0.0
16795,7389,759,3,15948.11,0.0
16796,7389,839,2,14313.81,10.0
16797,7390,223,5,13128.85,20.0
16798,7390,109,3,10740.23,0.0
16799,7390,434,3,16140.57,0.0
16800,7390,464,4,7633.05,20.0
16801,7391,266,5,20675.58,5.0
16802,7391,140,2,10101.86,10.0
16803,7391,230,1,3957.6,0.0
16804,7392,754,3,12241.6,0.0
16805,7392,177,2,9631.34,15.0
16806,7392,524,1,10408.88,0.0
16807,7393,679,3,5924.78,10.0
16808,7393,689,1,13071.47,15.0
16809,7394,527,1,4372.63,15.0
16810,7395,102,3,7542.37,10.0
16811,7396,73,1,16451.55,0.0
16812,7396,536,5,24253.72,5.0
16813,7397,749,4,20244.79,0.0
16814,7398,235,3,4664.57,0.0
16815,7398,195,1,1306.46,20.0
16816,7398,306,5,9467.51,0.0
16817,7398,213,3,18912.24,20.0
16818,7398,815,1,20541.91,20.0
16819,7399,147,2,2349.15,10.0
16820,7400,659,3,2808.44,10.0
16821,7400,146,4,15804.83,0.0
16822,7400,9,5,17153.33,5.0
16823,7401,359,5,14548.05,5.0
16824,7402,547,3,5521.08,0.0
16825,7403,651,5,6091.61,0.0
16826,7403,456,5,6661.55,10.0
16827,7404,309,4,10625.07,20.0
16828,7404,73,2,16451.55,0.0
16829,7405,203,5,12755.01,20.0
16830,7406,335,1,10357.5,5.0
16831,7407,33,4,2593.22,20.0
16832,7408,384,1,5638.85,20.0
16833,7408,169,3,16308.93,10.0
16834,7409,553,1,11099.68,15.0
16835,7409,352,2,11635.83,0.0
16836,7409,295,3,18202.38,5.0
16837,7409,848,5,15587.71,10.0
16838,7410,682,1,9240.58,5.0
16839,7410,869,2,4059.75,0.0
16840,7410,346,2,8215.18,0.0
16841,7411,697,3,2018.95,15.0
16842,7412,117,5,4942.41,20.0
16843,7412,137,4,10885.94,0.0
16844,7413,378,3,1654.61,5.0
16845,7413,396,4,751.13,5.0
16846,7413,134,3,17132.5,0.0
16847,7414,79,4,15602.76,15.0
16848,7415,768,3,16413.87,0.0
16849,7416,3,3,16184.82,0.0
16850,7416,8,5,19040.64,15.0
16851,7417,405,4,6628.43,5.0
16852,7417,696,4,2491.11,20.0
16853,7418,563,2,5661.49,15.0
16854,7418,518,4,2509.06,20.0
16855,7418,866,1,3834.44,20.0
16856,7419,214,4,17220.63,5.0
16857,7420,11,4,19969.24,0.0
16858,7420,259,3,20724.65,10.0
16859,7421,837,3,264.26,20.0
16860,7422,146,1,15804.83,10.0
16861,7423,583,5,20840.66,20.0
16862,7423,631,5,24606.76,10.0
16863,7423,64,4,18539.77,0.0
16864,7423,53,4,7934.72,5.0
16865,7424,601,1,17591.52,15.0
16866,7424,514,4,25746.27,0.0
16867,7424,697,4,2018.95,0.0
16868,7424,257,2,13045.67,0.0
16869,7425,338,2,17040.27,0.0
16870,7425,17,1,19447.69,20.0
16871,7426,284,4,15548.25,15.0
16872,7426,161,2,15289.65,0.0
16873,7427,470,4,14455.32,0.0
16874,7428,513,3,10655.97,0.0
16875,7428,798,3,4100.19,0.0
16876,7428,526,5,14453.05,15.0
16877,7428,3,2,16184.82,0.0
16878,7428,95,3,18635.44,0.0
16879,7429,885,3,7089.39,0.0
16880,7429,157,2,10768.54,10.0
16881,7429,162,1,13421.66,5.0
16882,7430,230,1,3957.6,0.0
16883,7431,225,2,6873.83,5.0
16884,7432,215,1,4666.45,0.0
16885,7433,100,2,14472.84,15.0
16886,7433,405,2,6628.43,0.0
16887,7433,404,1,653.1,10.0
16888,7434,692,3,11530.12,15.0
16889,7434,765,1,810.63,0.0
16890,7434,574,2,6143.25,0.0
16891,7435,854,2,16327.56,0.0
16892,7435,859,2,1089.58,15.0
16893,7435,824,3,297.67,20.0
16894,7436,622,1,8757.16,0.0
16895,7436,211,1,5660.73,0.0
16896,7437,195,2,1306.46,5.0
16897,7438,358,1,5722.36,15.0
16898,7438,355,4,3894.18,0.0
16899,7439,274,4,8564.4,5.0
16900,7439,643,2,1936.54,0.0
16901,7439,820,1,20062.61,20.0
16902,7440,286,3,239.57,15.0
16903,7441,507,5,12654.25,10.0
16904,7442,222,4,7009.13,10.0
16905,7442,585,4,10944.6,0.0
16906,7443,763,3,19381.27,20.0
16907,7443,20,1,377.42,10.0
16908,7444,381,5,17535.49,20.0
16909,7444,30,1,18303.29,5.0
16910,7445,165,4,19157.23,20.0
16911,7446,186,2,9740.85,0.0
16912,7447,648,1,5724.05,15.0
16913,7447,58,2,2190.76,5.0
16914,7448,132,2,7609.15,5.0
16915,7449,847,2,13026.82,10.0
16916,7449,775,5,23675.41,0.0
16917,7449,140,4,10101.86,0.0
16918,7450,586,4,15918.44,15.0
16919,7451,303,4,18231.15,0.0
16920,7451,747,5,15965.2,0.0
16921,7452,351,5,15160.62,20.0
16922,7452,542,5,3615.52,5.0
16923,7453,594,2,13204.03,0.0
16924,7454,302,1,16440.69,0.0
16925,7454,751,3,3818.67,5.0
16926,7455,651,2,6091.61,20.0
16927,7456,638,3,17008.83,0.0
16928,7457,486,5,18912.84,0.0
16929,7457,343,5,15859.82,10.0
16930,7457,491,2,11018.52,5.0
16931,7457,828,4,25138.47,15.0
16932,7458,241,2,11844.31,0.0
16933,7458,831,1,6625.61,0.0
16934,7458,356,4,4711.26,0.0
16935,7459,572,4,19015.09,0.0
16936,7459,24,2,18317.93,0.0
16937,7460,173,4,7108.82,0.0
16938,7461,65,3,16507.63,0.0
16939,7461,236,4,4832.52,5.0
16940,7461,235,2,4664.57,20.0
16941,7461,562,1,6895.25,10.0
16942,7462,840,4,14874.45,20.0
16943,7463,706,2,12213.81,0.0
16944,7464,681,5,17950.56,20.0
16945,7464,672,3,5939.35,20.0
16946,7465,147,4,2349.15,5.0
16947,7465,647,1,8678.96,15.0
16948,7466,244,4,7472.45,0.0
16949,7466,265,2,4344.64,10.0
16950,7467,622,4,8757.16,10.0
16951,7468,318,1,7031.86,20.0
16952,7469,803,1,7424.51,5.0
16953,7469,287,1,4169.74,20.0
16954,7469,518,4,2509.06,5.0
16955,7469,825,5,14217.62,15.0
16956,7470,233,5,12825.71,0.0
16957,7470,625,1,7044.62,0.0
16958,7470,132,5,7609.15,0.0
16959,7470,198,3,12806.33,5.0
16960,7470,90,5,14228.88,15.0
16961,7471,302,3,16440.69,0.0
16962,7471,813,3,5532.46,5.0
16963,7471,3,3,16184.82,20.0
16964,7471,634,4,17957.51,10.0
16965,7472,523,4,13665.96,0.0
16966,7473,592,1,4181.43,15.0
16967,7474,242,5,15852.16,0.0
16968,7474,790,5,1388.1,0.0
16969,7475,153,4,1446.08,5.0
16970,7475,637,4,9909.0,0.0
16971,7476,222,2,7009.13,15.0
16972,7476,771,3,2696.54,0.0
16973,7476,899,3,21905.82,10.0
16974,7477,765,4,810.63,0.0
16975,7477,743,2,10182.67,10.0
16976,7478,690,1,12791.5,20.0
16977,7479,11,4,19969.24,0.0
16978,7479,70,3,24783.28,0.0
16979,7480,776,5,20110.05,20.0
16980,7481,743,3,10182.67,5.0
16981,7481,395,3,16130.97,0.0
16982,7481,601,5,17591.52,0.0
16983,7482,463,4,8811.92,20.0
16984,7483,592,5,4181.43,15.0
16985,7484,586,2,15918.44,5.0
16986,7485,737,5,16594.34,5.0
16987,7486,342,3,15719.78,5.0
16988,7487,302,4,16440.69,5.0
16989,7487,659,5,2808.44,0.0
16990,7488,446,2,18287.32,5.0
16991,7488,195,2,1306.46,0.0
16992,7489,588,5,4546.5,10.0
16993,7490,619,5,12004.29,0.0
16994,7491,442,2,11650.88,0.0
16995,7492,596,1,3968.53,20.0
16996,7492,225,5,6873.83,5.0
16997,7493,101,1,20043.36,15.0
16998,7493,860,4,11880.54,0.0
16999,7493,264,2,19387.68,0.0
17000,7494,882,5,8433.14,10.0
17001,7494,471,3,13086.13,0.0
17002,7494,791,4,11554.95,15.0
17003,7494,543,5,9638.42,0.0
17004,7494,149,5,10169.3,15.0
17005,7495,411,3,17450.18,15.0
17006,7495,181,1,11885.47,15.0
17007,7495,245,2,13338.0,0.0
17008,7495,641,4,12480.0,0.0
17009,7496,256,3,6510.46,20.0
17010,7497,546,2,16500.34,10.0
17011,7498,710,4,11261.29,20.0
17012,7499,356,1,4711.26,0.0
17013,7499,744,5,6614.57,0.0
17014,7499,503,5,955.23,0.0
17015,7499,532,2,14811.49,20.0
17016,7500,507,5,12654.25,10.0
17017,7500,690,1,12791.5,0.0
17018,7501,601,3,17591.52,5.0
17019,7501,60,2,12772.87,10.0
17020,7502,851,2,6264.06,5.0
17021,7502,384,3,5638.85,0.0
17022,7503,516,5,4294.23,10.0
17023,7504,10,4,7250.5,15.0
17024,7504,587,5,3058.79,5.0
17025,7505,329,2,10046.75,5.0
17026,7505,54,4,12660.77,15.0
17027,7506,117,2,4942.41,10.0
17028,7506,234,1,10860.79,0.0
17029,7507,126,3,9886.31,20.0
17030,7507,57,1,8529.28,5.0
17031,7508,489,4,7785.34,5.0
17032,7508,507,2,12654.25,0.0
17033,7509,258,3,17700.95,20.0
17034,7509,663,2,11192.43,5.0
17035,7509,53,4,7934.72,5.0
17036,7510,409,1,19362.42,0.0
17037,7511,64,4,18539.77,0.0
17038,7512,182,5,16329.46,15.0
17039,7512,66,5,13143.99,0.0
17040,7512,717,1,3248.01,0.0
17041,7512,844,3,8306.97,20.0
17042,7512,301,4,21720.03,15.0
17043,7513,34,2,1148.2,5.0
17044,7513,492,4,9662.3,0.0
17045,7514,167,1,14506.97,20.0
17046,7515,141,1,1692.85,5.0
17047,7516,891,2,12910.53,5.0
17048,7517,190,1,7595.13,0.0
17049,7518,60,2,12772.87,15.0
17050,7519,704,3,16292.88,0.0
17051,7519,879,4,13227.2,20.0
17052,7520,267,4,16561.1,20.0
17053,7520,193,2,20867.37,10.0
17054,7520,642,3,12368.27,0.0
17055,7521,763,1,19381.27,15.0
17056,7522,881,3,21532.91,0.0
17057,7522,897,5,966.91,0.0
17058,7522,406,1,5693.41,0.0
17059,7522,411,2,17450.18,10.0
17060,7522,380,4,10068.31,20.0
17061,7523,763,4,19381.27,15.0
17062,7524,47,5,7909.38,20.0
17063,7524,638,3,17008.83,10.0
17064,7524,2,1,21248.93,0.0
17065,7524,843,4,11008.41,15.0
17066,7524,370,5,2983.33,20.0
17067,7525,406,5,5693.41,0.0
17068,7525,246,2,3854.15,0.0
17069,7525,204,3,1265.16,0.0
17070,7525,47,4,7909.38,0.0
17071,7525,707,1,1274.87,20.0
17072,7526,128,3,13624.37,15.0
17073,7527,323,1,920.73,0.0
17074,7527,731,3,960.03,10.0
17075,7528,468,3,9057.22,0.0
17076,7529,550,5,9953.79,15.0
17077,7530,779,1,19107.25,20.0
17078,7531,405,2,6628.43,5.0
17079,7531,398,5,13400.93,5.0
17080,7532,22,3,11230.85,10.0
17081,7532,420,4,9360.46,15.0
17082,7533,746,5,6075.54,10.0
17083,7533,873,4,1014.59,15.0
17084,7534,656,2,23607.08,10.0
17085,7534,724,5,11703.57,10.0
17086,7534,85,4,4996.1,5.0
17087,7534,224,2,2233.05,20.0
17088,7535,568,1,1091.56,5.0
17089,7535,316,1,7282.96,20.0
17090,7536,81,5,1166.71,20.0
17091,7536,833,1,16884.14,5.0
17092,7537,829,3,21989.77,0.0
17093,7538,266,1,20675.58,20.0
17094,7539,126,2,9886.31,5.0
17095,7540,172,1,6290.87,15.0
17096,7540,674,4,11510.75,0.0
17097,7541,880,5,18151.13,0.0
17098,7541,495,4,16857.86,0.0
17099,7542,102,2,7542.37,20.0
17100,7543,815,4,20541.91,0.0
17101,7544,878,3,13434.69,10.0
17102,7544,202,4,18119.01,0.0
17103,7545,795,4,21693.2,0.0
17104,7545,200,4,4522.92,15.0
17105,7545,582,1,19075.76,0.0
17106,7546,771,3,2696.54,20.0
17107,7547,42,3,10082.43,0.0
17108,7547,877,5,10559.02,0.0
17109,7547,756,3,8569.79,0.0
17110,7547,476,2,19019.08,0.0
17111,7548,350,1,2904.08,20.0
17112,7548,474,4,10258.52,10.0
17113,7548,845,2,24202.98,15.0
17114,7548,260,2,7198.0,0.0
17115,7549,490,1,6372.79,10.0
17116,7549,265,2,4344.64,5.0
17117,7550,418,5,9194.68,20.0
17118,7551,78,4,18768.02,10.0
17119,7551,12,3,10935.76,15.0
17120,7552,783,5,803.8,15.0
17121,7552,543,2,9638.42,15.0
17122,7553,490,4,6372.79,15.0
17123,7554,165,2,19157.23,5.0
17124,7554,93,5,7632.26,0.0
17125,7555,590,4,9869.32,5.0
17126,7556,772,3,18195.11,15.0
17127,7556,688,5,3002.55,15.0
17128,7557,30,2,18303.29,20.0
17129,7558,7,3,19612.77,0.0
17130,7558,823,5,16691.74,15.0
17131,7558,848,5,15587.71,0.0
17132,7558,493,5,7964.23,20.0
17133,7559,494,5,2526.78,20.0
17134,7559,577,1,20570.33,0.0
17135,7559,557,1,4875.77,20.0
17136,7559,450,2,5004.29,0.0
17137,7560,690,1,12791.5,0.0
17138,7560,191,4,12145.42,0.0
17139,7561,21,5,20625.3,15.0
17140,7562,846,4,806.68,15.0
17141,7563,558,2,13963.41,0.0
17142,7563,815,5,20541.91,0.0
17143,7563,805,5,15525.28,0.0
17144,7563,510,4,19375.24,10.0
17145,7564,214,3,17220.63,0.0
17146,7564,67,1,18601.02,0.0
17147,7565,471,1,13086.13,0.0
17148,7565,582,3,19075.76,0.0
17149,7565,507,5,12654.25,0.0
17150,7565,776,3,20110.05,15.0
17151,7566,311,3,11362.72,15.0
17152,7567,486,2,18912.84,0.0
17153,7567,469,1,5321.69,5.0
17154,7567,851,4,6264.06,0.0
17155,7567,802,3,4116.0,5.0
17156,7568,478,1,10570.88,5.0
17157,7569,760,2,779.87,0.0
17158,7569,708,4,16924.57,0.0
17159,7570,885,4,7089.39,15.0
17160,7571,836,4,17573.65,20.0
17161,7571,522,1,14877.94,15.0
17162,7572,291,4,3444.93,20.0
17163,7573,374,1,276.26,20.0
17164,7573,199,3,10359.07,15.0
17165,7574,778,4,20152.02,0.0
17166,7574,66,5,13143.99,0.0
17167,7574,112,5,12897.57,0.0
17168,7574,41,2,22568.02,5.0
17169,7575,582,3,19075.76,10.0
17170,7575,501,3,14745.03,20.0
17171,7575,808,3,376.7,0.0
17172,7575,784,2,8066.19,15.0
17173,7576,536,5,24253.72,5.0
17174,7577,751,3,3818.67,20.0
17175,7578,204,4,1265.16,15.0
17176,7579,709,3,7686.85,0.0
17177,7579,18,4,4419.93,10.0
17178,7580,474,5,10258.52,0.0
17179,7581,656,1,23607.08,20.0
17180,7581,572,2,19015.09,10.0
17181,7582,383,4,11935.37,5.0
17182,7582,333,3,6422.47,5.0
17183,7583,808,2,376.7,20.0
17184,7583,805,1,15525.28,10.0
17185,7584,837,2,264.26,0.0
17186,7585,316,5,7282.96,20.0
17187,7586,782,1,19248.75,10.0
17188,7587,423,4,1984.71,0.0
17189,7588,855,1,2959.91,15.0
17190,7588,94,5,15069.27,0.0
17191,7588,149,4,10169.3,0.0
17192,7588,375,1,192.08,10.0
17193,7589,488,3,13455.56,5.0
17194,7589,490,2,6372.79,10.0
17195,7589,337,3,1562.71,0.0
17196,7590,803,5,7424.51,0.0
17197,7591,828,5,25138.47,10.0
17198,7591,509,3,8432.77,0.0
17199,7591,191,1,12145.42,5.0
17200,7592,569,1,17022.92,5.0
17201,7592,622,2,8757.16,0.0
17202,7592,694,3,11604.18,0.0
17203,7593,811,1,13234.53,0.0
17204,7594,459,3,1008.42,20.0
17205,7594,111,4,8344.65,0.0
17206,7595,460,3,20514.31,15.0
17207,7595,77,3,13954.67,5.0
17208,7595,329,3,10046.75,0.0
17209,7596,38,4,4730.75,0.0
17210,7596,354,3,17320.16,15.0
17211,7596,864,4,2259.89,0.0
17212,7597,628,2,8593.46,10.0
17213,7598,730,4,11885.24,0.0
17214,7599,525,2,14333.71,0.0
17215,7599,162,3,13421.66,20.0
17216,7599,672,5,5939.35,10.0
17217,7600,327,2,15380.04,5.0
17218,7600,690,4,12791.5,0.0
17219,7600,889,1,15442.59,20.0
17220,7601,561,2,863.13,20.0
17221,7601,153,3,1446.08,0.0
17222,7602,143,3,7946.56,0.0
17223,7602,228,5,5918.99,10.0
17224,7603,737,5,16594.34,5.0
17225,7603,486,5,18912.84,0.0
17226,7603,824,1,297.67,15.0
17227,7604,571,5,10334.44,0.0
17228,7604,321,5,9347.28,5.0
17229,7604,184,4,14178.66,0.0
17230,7605,247,4,1089.6,10.0
17231,7605,432,3,23302.07,0.0
17232,7605,879,2,13227.2,10.0
17233,7606,234,1,10860.79,0.0
17234,7607,831,3,6625.61,10.0
17235,7608,491,1,11018.52,10.0
17236,7608,514,4,25746.27,0.0
17237,7609,615,1,13741.69,5.0
17238,7610,751,4,3818.67,5.0
17239,7611,217,1,4337.11,5.0
17240,7611,205,4,16137.25,0.0
17241,7611,412,2,17012.64,5.0
17242,7612,360,2,11713.02,15.0
17243,7612,238,4,4482.75,10.0
17244,7612,749,5,20244.79,0.0
17245,7613,674,1,11510.75,5.0
17246,7613,689,5,13071.47,0.0
17247,7614,470,3,14455.32,0.0
17248,7615,360,2,11713.02,0.0
17249,7615,100,4,14472.84,0.0
17250,7615,897,5,966.91,5.0
17251,7615,697,1,2018.95,5.0
17252,7615,140,5,10101.86,0.0
17253,7616,867,4,3837.28,20.0
17254,7616,852,4,3347.58,0.0
17255,7617,861,3,8502.27,0.0
17256,7617,820,3,20062.61,5.0
17257,7618,86,3,17346.97,10.0
17258,7618,442,5,11650.88,15.0
17259,7619,825,1,14217.62,0.0
17260,7619,865,5,1829.62,5.0
17261,7620,410,5,15870.26,0.0
17262,7621,433,3,8284.46,0.0
17263,7622,726,3,5419.14,10.0
17264,7622,396,5,751.13,0.0
17265,7623,1,1,23380.27,5.0
17266,7624,459,3,1008.42,5.0
17267,7624,516,1,4294.23,20.0
17268,7625,735,1,9036.58,0.0
17269,7625,866,3,3834.44,20.0
17270,7626,634,3,17957.51,0.0
17271,7626,383,3,11935.37,15.0
17272,7626,597,1,1518.2,0.0
17273,7627,655,2,8938.91,0.0
17274,7628,529,4,8097.4,15.0
17275,7628,287,3,4169.74,0.0
17276,7628,113,2,21843.22,0.0
17277,7628,569,3,17022.92,10.0
17278,7629,687,4,14696.63,20.0
17279,7629,892,2,7790.38,0.0
17280,7629,711,5,16182.19,10.0
17281,7629,577,4,20570.33,0.0
17282,7630,451,2,15015.83,5.0
17283,7630,116,2,8610.05,20.0
17284,7631,219,4,5457.35,0.0
17285,7632,417,2,1519.73,15.0
17286,7632,410,1,15870.26,10.0
17287,7633,257,3,13045.67,20.0
17288,7634,144,3,19819.04,15.0
17289,7635,645,4,15208.69,20.0
17290,7635,272,3,8968.84,15.0
17291,7635,887,1,9495.11,5.0
17292,7636,33,5,2593.22,10.0
17293,7637,398,2,13400.93,20.0
17294,7637,484,4,19113.34,10.0
17295,7637,652,1,6638.78,0.0
17296,7638,80,4,7681.36,0.0
17297,7639,752,1,16802.42,0.0
17298,7640,312,5,13798.25,0.0
17299,7640,897,2,966.91,10.0
17300,7641,382,1,9206.05,15.0
17301,7641,451,4,15015.83,15.0
17302,7642,141,2,1692.85,0.0
17303,7643,12,2,10935.76,0.0
17304,7644,158,3,20098.55,0.0
17305,7644,439,5,9511.48,15.0
17306,7644,406,2,5693.41,20.0
17307,7645,854,2,16327.56,0.0
17308,7646,321,3,9347.28,15.0
17309,7646,443,3,1560.39,15.0
17310,7647,59,4,5569.5,0.0
17311,7648,597,5,1518.2,0.0
17312,7648,159,5,19350.16,20.0
17313,7649,447,1,10631.16,10.0
17314,7650,169,4,16308.93,15.0
17315,7650,407,4,7770.71,0.0
17316,7650,315,1,14818.85,5.0
17317,7650,532,2,14811.49,0.0
17318,7650,283,3,11626.55,0.0
17319,7651,228,4,5918.99,0.0
17320,7651,314,5,18006.61,10.0
17321,7652,323,3,920.73,0.0
17322,7652,815,4,20541.91,10.0
17323,7652,148,1,17262.89,0.0
17324,7653,594,1,13204.03,0.0
17325,7653,482,3,2192.85,15.0
17326,7654,364,1,18476.31,0.0
17327,7654,474,4,10258.52,10.0
17328,7654,367,3,14113.51,0.0
17329,7655,201,3,11298.96,20.0
17330,7655,108,3,23388.45,5.0
17331,7656,303,4,18231.15,0.0
17332,7656,304,5,23466.92,0.0
17333,7657,659,4,2808.44,20.0
17334,7657,65,5,16507.63,20.0
17335,7658,416,2,11392.81,5.0
17336,7658,280,1,14095.63,15.0
17337,7659,248,3,19406.63,0.0
17338,7659,620,4,12173.09,5.0
17339,7660,313,4,7494.19,0.0
17340,7661,106,2,10629.26,15.0
17341,7661,358,4,5722.36,0.0
17342,7662,413,3,347.03,20.0
17343,7662,578,3,17099.03,0.0
17344,7663,96,3,14288.15,20.0
17345,7664,177,4,9631.34,20.0
17346,7664,899,2,21905.82,0.0
17347,7665,205,3,16137.25,20.0
17348,7666,877,1,10559.02,5.0
17349,7666,388,1,15425.62,20.0
17350,7667,305,1,2031.07,0.0
17351,7667,655,1,8938.91,20.0
17352,7668,195,1,1306.46,5.0
17353,7669,207,1,21338.76,0.0
17354,7670,313,2,7494.19,10.0
17355,7670,273,1,19263.38,0.0
17356,7671,899,2,21905.82,0.0
17357,7671,115,3,14046.49,10.0
17358,7671,498,1,21474.1,5.0
17359,7671,854,1,16327.56,10.0
17360,7671,49,5,12463.05,10.0
17361,7672,30,3,18303.29,15.0
17362,7672,77,1,13954.67,0.0
17363,7673,727,5,19119.71,5.0
17364,7673,186,5,9740.85,0.0
17365,7674,496,2,19499.77,20.0
17366,7674,26,5,12446.22,0.0
17367,7674,312,4,13798.25,10.0
17368,7675,835,1,13235.32,0.0
17369,7676,92,2,18578.14,15.0
17370,7676,803,5,7424.51,0.0
17371,7677,500,5,6694.37,0.0
17372,7677,156,1,963.21,20.0
17373,7678,188,4,11495.49,15.0
17374,7678,638,3,17008.83,5.0
17375,7679,768,1,16413.87,15.0
17376,7680,897,2,966.91,0.0
17377,7680,583,4,20840.66,20.0
17378,7680,762,4,15418.59,20.0
17379,7681,250,2,5445.45,5.0
17380,7681,270,5,16271.78,15.0
17381,7681,836,1,17573.65,0.0
17382,7681,231,5,18449.85,10.0
17383,7682,157,4,10768.54,10.0
17384,7682,514,2,25746.27,0.0
17385,7682,784,1,8066.19,20.0
17386,7683,809,3,24052.5,5.0
17387,7683,695,2,17246.64,0.0
17388,7683,163,3,10971.24,0.0
17389,7684,722,1,2404.11,10.0
17390,7684,600,1,13416.18,5.0
17391,7685,899,5,21905.82,15.0
17392,7685,664,2,9991.3,10.0
17393,7685,31,4,16628.09,20.0
17394,7685,405,1,6628.43,0.0
17395,7685,710,4,11261.29,5.0
17396,7686,395,3,16130.97,0.0
17397,7686,82,3,14774.58,0.0
17398,7687,392,5,956.75,0.0
17399,7687,740,4,7772.66,0.0
17400,7688,256,5,6510.46,0.0
17401,7688,207,3,21338.76,5.0
17402,7688,246,4,3854.15,0.0
17403,7689,138,5,25438.29,0.0
17404,7689,882,1,8433.14,15.0
17405,7689,870,1,4993.59,0.0
17406,7690,172,1,6290.87,15.0
17407,7690,20,5,377.42,5.0
17408,7691,412,5,17012.64,10.0
17409,7691,327,4,15380.04,10.0
17410,7691,263,1,3234.93,15.0
17411,7691,290,4,12993.94,0.0
17412,7691,621,2,6617.04,0.0
17413,7692,79,2,15602.76,0.0
17414,7692,300,3,6061.57,0.0
17415,7692,92,3,18578.14,5.0
17416,7693,154,5,1144.63,0.0
17417,7693,50,3,17835.15,0.0
17418,7693,4,5,3406.7,0.0
17419,7694,344,2,5524.58,0.0
17420,7695,136,2,8942.91,0.0
17421,7696,400,4,19421.92,5.0
17422,7697,694,3,11604.18,0.0
17423,7697,743,5,10182.67,15.0
17424,7698,483,5,7695.04,15.0
17425,7699,332,4,25511.86,20.0
17426,7699,482,5,2192.85,20.0
17427,7699,190,5,7595.13,0.0
17428,7699,110,1,20953.8,20.0
17429,7699,782,2,19248.75,15.0
17430,7700,285,5,16720.01,10.0
17431,7700,232,3,12332.61,0.0
17432,7701,219,2,5457.35,5.0
17433,7702,547,3,5521.08,0.0
17434,7702,127,5,14981.11,10.0
17435,7703,636,4,7292.03,5.0
17436,7703,634,4,17957.51,0.0
17437,7703,55,5,2583.6,0.0
17438,7704,248,3,19406.63,10.0
17439,7705,348,5,19662.84,5.0
17440,7705,861,5,8502.27,0.0
17441,7705,535,3,5770.15,0.0
17442,7706,242,4,15852.16,0.0
17443,7707,46,2,6966.04,5.0
17444,7707,21,2,20625.3,15.0
17445,7708,228,5,5918.99,20.0
17446,7708,351,5,15160.62,0.0
17447,7709,345,5,7900.55,0.0
17448,7709,611,5,6171.82,0.0
17449,7710,580,5,17938.87,15.0
17450,7710,146,3,15804.83,15.0
17451,7710,785,1,16279.21,0.0
17452,7711,53,1,7934.72,5.0
17453,7711,423,4,1984.71,20.0
17454,7711,721,5,18878.1,0.0
17455,7712,395,4,16130.97,15.0
17456,7712,732,4,8129.26,5.0
17457,7712,570,1,15355.66,0.0
17458,7713,38,4,4730.75,0.0
17459,7713,215,1,4666.45,15.0
17460,7713,653,3,10229.17,20.0
17461,7713,57,4,8529.28,0.0
17462,7714,871,1,8110.39,0.0
17463,7714,579,5,16420.05,10.0
17464,7715,879,5,13227.2,0.0
17465,7715,315,1,14818.85,20.0
17466,7716,345,1,7900.55,0.0
17467,7716,54,5,12660.77,10.0
17468,7717,211,1,5660.73,0.0
17469,7717,286,3,239.57,15.0
17470,7717,462,1,19988.3,0.0
17471,7717,103,5,8717.09,0.0
17472,7718,393,4,8735.87,0.0
17473,7718,562,1,6895.25,0.0
17474,7718,100,4,14472.84,10.0
17475,7719,494,1,2526.78,20.0
17476,7720,306,2,9467.51,0.0
17477,7720,857,3,9589.19,0.0
17478,7720,508,4,4967.5,0.0
17479,7720,124,3,13452.12,10.0
17480,7720,114,3,7286.84,5.0
17481,7721,198,4,12806.33,5.0
17482,7721,816,2,13450.11,0.0
17483,7722,442,3,11650.88,10.0
17484,7722,48,5,5117.57,0.0
17485,7723,71,4,13770.82,5.0
17486,7723,461,3,14975.0,10.0
17487,7724,277,4,13719.42,0.0
17488,7724,471,1,13086.13,20.0
17489,7724,47,4,7909.38,10.0
17490,7724,838,1,19410.6,0.0
17491,7724,184,4,14178.66,20.0
17492,7725,392,3,956.75,20.0
17493,7725,574,4,6143.25,0.0
17494,7725,62,3,13136.19,15.0
17495,7725,371,3,1636.75,20.0
17496,7726,441,4,11305.42,0.0
17497,7726,248,3,19406.63,0.0
17498,7726,492,5,9662.3,15.0
17499,7727,446,4,18287.32,10.0
17500,7727,872,3,15107.17,0.0
17501,7727,625,2,7044.62,20.0
17502,7728,869,5,4059.75,20.0
17503,7728,645,3,15208.69,15.0
17504,7728,441,2,11305.42,15.0
17505,7729,374,2,276.26,20.0
17506,7729,705,5,4673.98,20.0
17507,7729,336,3,226.24,15.0
17508,7730,146,3,15804.83,0.0
17509,7730,273,4,19263.38,5.0
17510,7731,401,4,3916.76,0.0
17511,7732,466,5,10734.42,10.0
17512,7732,197,4,20568.54,15.0
17513,7732,816,5,13450.11,15.0
17514,7732,476,4,19019.08,5.0
17515,7733,669,2,17245.4,0.0
17516,7734,178,4,14238.81,20.0
17517,7734,166,4,2581.81,0.0
17518,7734,492,2,9662.3,0.0
17519,7734,695,2,17246.64,20.0
17520,7735,542,5,3615.52,20.0
17521,7735,120,1,9678.0,10.0
17522,7735,569,3,17022.92,0.0
17523,7736,619,1,12004.29,15.0
17524,7736,424,5,17174.37,0.0
17525,7737,551,1,23156.44,10.0
17526,7737,247,2,1089.6,0.0
17527,7738,545,1,16977.96,10.0
17528,7738,498,5,21474.1,0.0
17529,7739,891,1,12910.53,0.0
17530,7740,220,3,12963.27,0.0
17531,7740,781,2,15990.77,10.0
17532,7741,832,1,9339.3,20.0
17533,7742,184,5,14178.66,10.0
17534,7743,49,2,12463.05,5.0
17535,7743,604,4,11660.05,15.0
17536,7743,528,3,939.25,20.0
17537,7744,736,4,6120.5,5.0
17538,7744,400,2,19421.92,10.0
17539,7744,375,3,192.08,5.0
17540,7745,318,1,7031.86,20.0
17541,7746,644,2,12974.58,10.0
17542,7746,332,1,25511.86,0.0
17543,7746,895,1,7754.62,0.0
17544,7747,117,5,4942.41,0.0
17545,7747,803,3,7424.51,0.0
17546,7747,473,5,2408.3,20.0
17547,7747,434,2,16140.57,15.0
17548,7748,526,5,14453.05,15.0
17549,7748,434,5,16140.57,0.0
17550,7749,416,2,11392.81,10.0
17551,7750,160,4,20635.35,0.0
17552,7750,612,2,5006.24,15.0
17553,7750,33,5,2593.22,20.0
17554,7750,59,3,5569.5,0.0
17555,7751,414,2,166.83,20.0
17556,7751,889,5,15442.59,10.0
17557,7752,136,4,8942.91,5.0
17558,7753,530,4,18098.15,5.0
17559,7754,814,3,3387.53,0.0
17560,7755,811,5,13234.53,20.0
17561,7755,708,3,16924.57,15.0
17562,7756,383,1,11935.37,10.0
17563,7756,570,2,15355.66,0.0
17564,7756,146,1,15804.83,0.0
17565,7756,264,5,19387.68,15.0
17566,7757,340,2,3550.22,5.0
17567,7757,378,5,1654.61,0.0
17568,7758,879,1,13227.2,5.0
17569,7758,477,2,17806.82,5.0
17570,7759,586,1,15918.44,0.0
17571,7760,529,3,8097.4,0.0
17572,7760,666,5,16085.16,20.0
17573,7761,166,4,2581.81,0.0
17574,7761,385,5,12324.69,15.0
17575,7761,600,1,13416.18,20.0
17576,7762,691,2,16753.29,0.0
17577,7762,722,3,2404.11,0.0
17578,7763,773,5,8183.79,15.0
17579,7763,213,4,18912.24,10.0
17580,7764,209,3,7178.41,20.0
17581,7765,371,5,1636.75,10.0
17582,7765,412,3,17012.64,5.0
17583,7765,243,5,176.76,0.0
17584,7766,826,3,11073.3,15.0
17585,7766,356,2,4711.26,10.0
17586,7766,364,2,18476.31,5.0
17587,7766,667,4,11155.15,10.0
17588,7766,437,2,10772.97,0.0
17589,7767,279,2,3292.56,0.0
17590,7767,249,3,19528.8,0.0
17591,7767,320,3,9179.45,10.0
17592,7768,441,5,11305.42,0.0
17593,7768,540,5,2472.01,0.0
17594,7768,267,1,16561.1,0.0
17595,7768,687,4,14696.63,15.0
17596,7769,625,5,7044.62,10.0
17597,7769,893,5,17792.63,0.0
17598,7769,388,1,15425.62,15.0
17599,7770,439,3,9511.48,0.0
17600,7770,160,5,20635.35,0.0
17601,7771,391,3,12976.53,0.0
17602,7772,691,4,16753.29,15.0
17603,7772,263,3,3234.93,0.0
17604,7772,28,3,15441.58,0.0
17605,7772,313,3,7494.19,5.0
17606,7772,457,4,19959.82,0.0
17607,7773,788,4,5720.07,0.0
17608,7773,48,5,5117.57,20.0
17609,7773,182,1,16329.46,0.0
17610,7773,92,4,18578.14,5.0
17611,7773,418,4,9194.68,20.0
17612,7774,88,2,25475.34,15.0
17613,7774,516,5,4294.23,0.0
17614,7775,99,2,20609.05,15.0
17615,7775,53,3,7934.72,10.0
17616,7776,767,1,12752.82,20.0
17617,7776,416,5,11392.81,10.0
17618,7777,648,3,5724.05,15.0
17619,7778,561,2,863.13,10.0
17620,7778,251,5,13337.74,0.0
17621,7779,536,1,24253.72,15.0
17622,7779,830,5,3011.17,0.0
17623,7779,111,3,8344.65,10.0
17624,7780,695,3,17246.64,0.0
17625,7780,217,4,4337.11,15.0
17626,7780,164,3,25966.48,0.0
17627,7781,383,1,11935.37,0.0
17628,7781,257,2,13045.67,0.0
17629,7782,615,4,13741.69,0.0
17630,7782,434,1,16140.57,0.0
17631,7783,50,3,17835.15,10.0
17632,7784,469,4,5321.69,5.0
17633,7784,866,1,3834.44,15.0
17634,7785,56,3,18137.71,10.0
17635,7785,400,2,19421.92,5.0
17636,7786,817,1,14780.14,0.0
17637,7787,746,1,6075.54,15.0
17638,7787,621,5,6617.04,20.0
17639,7787,311,3,11362.72,20.0
17640,7787,231,4,18449.85,10.0
17641,7787,578,4,17099.03,20.0
17642,7788,340,4,3550.22,15.0
17643,7788,532,2,14811.49,20.0
17644,7789,22,3,11230.85,5.0
17645,7789,656,1,23607.08,15.0
17646,7789,441,2,11305.42,20.0
17647,7790,797,2,13841.65,0.0
17648,7790,127,3,14981.11,10.0
17649,7791,118,3,22241.66,0.0
17650,7791,376,2,10430.96,0.0
17651,7791,680,3,2617.11,0.0
17652,7792,254,4,21957.69,5.0
17653,7792,486,3,18912.84,15.0
17654,7792,860,4,11880.54,20.0
17655,7792,657,3,11502.62,20.0
17656,7793,22,1,11230.85,0.0
17657,7793,9,2,17153.33,0.0
17658,7794,487,4,1420.39,0.0
17659,7794,821,2,17002.37,20.0
17660,7794,701,2,621.06,20.0
17661,7795,864,1,2259.89,5.0
17662,7796,499,5,21718.63,20.0
17663,7796,176,5,10671.88,20.0
17664,7796,611,5,6171.82,0.0
17665,7796,853,3,13558.97,0.0
17666,7796,736,3,6120.5,0.0
17667,7797,185,4,6278.2,5.0
17668,7797,664,5,9991.3,10.0
17669,7797,147,2,2349.15,0.0
17670,7798,200,5,4522.92,10.0
17671,7798,413,1,347.03,20.0
17672,7798,149,1,10169.3,0.0
17673,7798,274,1,8564.4,10.0
17674,7799,692,1,11530.12,15.0
17675,7799,676,3,14315.33,5.0
17676,7800,410,2,15870.26,15.0
17677,7801,242,3,15852.16,15.0
17678,7802,346,2,8215.18,0.0
17679,7803,772,1,18195.11,0.0
17680,7804,492,4,9662.3,0.0
17681,7804,676,3,14315.33,0.0
17682,7805,403,1,7812.31,20.0
17683,7805,783,2,803.8,5.0
17684,7805,190,5,7595.13,10.0
17685,7805,177,5,9631.34,0.0
17686,7806,184,5,14178.66,0.0
17687,7806,623,2,5372.41,15.0
17688,7806,599,1,442.03,0.0
17689,7806,885,5,7089.39,20.0
17690,7807,721,1,18878.1,15.0
17691,7807,8,1,19040.64,5.0
17692,7808,587,2,3058.79,15.0
17693,7809,363,4,16290.66,0.0
17694,7809,33,2,2593.22,15.0
17695,7809,480,1,11927.56,10.0
17696,7809,569,3,17022.92,10.0
17697,7809,790,3,1388.1,0.0
17698,7810,590,5,9869.32,10.0
17699,7810,175,1,8473.93,5.0
17700,7810,34,2,1148.2,20.0
17701,7810,712,4,13003.78,10.0
17702,7810,888,1,2244.3,10.0
17703,7811,146,5,15804.83,0.0
17704,7811,350,4,2904.08,0.0
17705,7812,587,4,3058.79,0.0
17706,7813,636,5,7292.03,10.0
17707,7814,585,2,10944.6,10.0
17708,7814,380,5,10068.31,20.0
17709,7815,720,2,21429.07,0.0
17710,7816,470,4,14455.32,0.0
17711,7816,195,5,1306.46,10.0
17712,7816,436,3,6536.15,0.0
17713,7816,245,2,13338.0,0.0
17714,7816,817,4,14780.14,5.0
17715,7817,75,4,19138.34,0.0
17716,7817,890,4,10049.64,0.0
17717,7817,222,4,7009.13,20.0
17718,7818,206,3,5960.03,5.0
17719,7819,138,5,25438.29,0.0
17720,7820,696,2,2491.11,0.0
17721,7821,373,4,9954.9,15.0
17722,7821,46,5,6966.04,20.0
17723,7821,37,2,14064.14,0.0
17724,7821,120,3,9678.0,20.0
17725,7822,79,2,15602.76,10.0
17726,7822,540,3,2472.01,15.0
17727,7822,490,5,6372.79,20.0
17728,7822,808,5,376.7,20.0
17729,7822,272,1,8968.84,5.0
17730,7823,10,4,7250.5,20.0
17731,7824,654,3,16228.87,10.0
17732,7824,602,4,9166.77,10.0
17733,7824,891,3,12910.53,10.0
17734,7824,894,2,7760.97,15.0
17735,7825,95,4,18635.44,5.0
17736,7825,279,2,3292.56,20.0
17737,7825,448,1,4391.49,10.0
17738,7825,129,1,10907.63,5.0
17739,7825,647,5,8678.96,20.0
17740,7826,81,1,1166.71,0.0
17741,7826,16,5,19747.45,20.0
17742,7826,405,1,6628.43,20.0
17743,7826,442,4,11650.88,0.0
17744,7826,406,1,5693.41,0.0
17745,7827,210,3,12962.87,10.0
17746,7827,887,4,9495.11,20.0
17747,7827,649,5,14601.66,0.0
17748,7828,436,1,6536.15,20.0
17749,7829,873,3,1014.59,15.0
17750,7829,28,2,15441.58,0.0
17751,7830,627,2,14763.79,0.0
17752,7831,814,3,3387.53,15.0
17753,7832,460,4,20514.31,0.0
17754,7832,540,5,2472.01,0.0
17755,7833,210,4,12962.87,0.0
17756,7833,178,1,14238.81,0.0
17757,7834,773,3,8183.79,20.0
17758,7834,308,1,6864.25,0.0
17759,7834,768,1,16413.87,15.0
17760,7834,162,1,13421.66,0.0
17761,7835,641,1,12480.0,20.0
17762,7835,451,5,15015.83,10.0
17763,7836,132,2,7609.15,20.0
17764,7836,736,5,6120.5,10.0
17765,7836,618,2,13048.71,0.0
17766,7837,177,1,9631.34,5.0
17767,7837,174,1,11611.6,5.0
17768,7838,407,2,7770.71,5.0
17769,7838,188,5,11495.49,20.0
17770,7838,528,4,939.25,5.0
17771,7839,242,4,15852.16,0.0
17772,7839,753,2,7182.61,20.0
17773,7840,286,5,239.57,10.0
17774,7840,32,1,1527.01,0.0
17775,7840,68,5,21790.7,15.0
17776,7841,768,5,16413.87,20.0
17777,7841,651,5,6091.61,5.0
17778,7842,324,2,3772.01,0.0
17779,7842,78,5,18768.02,0.0
17780,7842,767,1,12752.82,5.0
17781,7843,606,5,10207.96,0.0
17782,7843,418,2,9194.68,20.0
17783,7844,647,4,8678.96,20.0
17784,7845,824,2,297.67,5.0
17785,7845,187,5,17579.96,5.0
17786,7846,360,1,11713.02,10.0
17787,7846,489,1,7785.34,0.0
17788,7847,599,4,442.03,5.0
17789,7848,332,5,25511.86,0.0
17790,7848,116,1,8610.05,15.0
17791,7849,53,5,7934.72,10.0
17792,7849,620,4,12173.09,15.0
17793,7849,2,5,21248.93,5.0
17794,7850,609,3,8508.77,5.0
17795,7851,244,3,7472.45,10.0
17796,7851,379,3,1624.86,5.0
17797,7851,255,4,17032.48,10.0
17798,7851,64,4,18539.77,20.0
17799,7852,415,3,7434.55,5.0
17800,7853,146,2,15804.83,0.0
17801,7853,720,3,21429.07,0.0
17802,7854,700,1,14408.43,0.0
17803,7855,71,4,13770.82,5.0
17804,7855,305,2,2031.07,0.0
17805,7855,582,1,19075.76,0.0
17806,7856,160,5,20635.35,15.0
17807,7856,91,3,11076.97,20.0
17808,7856,371,5,1636.75,0.0
17809,7857,109,4,10740.23,0.0
17810,7857,669,5,17245.4,20.0
17811,7857,631,2,24606.76,20.0
17812,7857,330,5,12351.31,15.0
17813,7858,546,1,16500.34,0.0
17814,7858,646,5,5805.21,0.0
17815,7858,414,4,166.83,0.0
17816,7858,592,5,4181.43,0.0
17817,7859,126,4,9886.31,20.0
17818,7859,645,3,15208.69,5.0
17819,7859,408,1,11218.26,0.0
17820,7859,108,5,23388.45,0.0
17821,7859,199,5,10359.07,0.0
17822,7860,564,2,2009.4,0.0
17823,7861,875,2,9752.68,20.0
17824,7861,248,4,19406.63,0.0
17825,7862,662,4,6806.59,0.0
17826,7862,664,4,9991.3,0.0
17827,7862,728,3,1177.36,5.0
17828,7862,684,2,8576.21,5.0
17829,7862,759,4,15948.11,15.0
17830,7863,803,3,7424.51,20.0
17831,7863,289,5,10379.0,0.0
17832,7864,650,1,6904.93,0.0
17833,7864,141,1,1692.85,10.0
17834,7864,704,2,16292.88,0.0
17835,7865,108,5,23388.45,20.0
17836,7865,889,1,15442.59,0.0
17837,7866,808,1,376.7,15.0
17838,7866,869,2,4059.75,5.0
17839,7867,305,3,2031.07,5.0
17840,7867,210,5,12962.87,15.0
17841,7868,785,5,16279.21,5.0
17842,7868,353,1,7643.82,0.0
17843,7868,724,5,11703.57,0.0
17844,7869,634,1,17957.51,15.0
17845,7870,447,4,10631.16,0.0
17846,7871,423,4,1984.71,0.0
17847,7871,161,2,15289.65,0.0
17848,7871,171,1,18491.26,0.0
17849,7871,500,1,6694.37,15.0
17850,7872,57,1,8529.28,20.0
17851,7872,351,1,15160.62,20.0
17852,7872,444,4,17486.46,0.0
17853,7872,629,4,12346.5,20.0
17854,7872,722,3,2404.11,0.0
17855,7873,345,5,7900.55,15.0
17856,7873,73,3,16451.55,0.0
17857,7873,459,4,1008.42,0.0
17858,7873,220,1,12963.27,15.0
17859,7873,802,2,4116.0,20.0
17860,7874,589,3,326.42,0.0
17861,7875,199,2,10359.07,0.0
17862,7875,577,5,20570.33,0.0
17863,7875,175,2,8473.93,0.0
17864,7876,778,1,20152.02,0.0
17865,7877,662,2,6806.59,5.0
17866,7878,260,4,7198.0,0.0
17867,7879,782,4,19248.75,10.0
17868,7879,248,2,19406.63,0.0
17869,7879,738,4,19896.87,5.0
17870,7879,232,5,12332.61,0.0
17871,7879,116,2,8610.05,20.0
17872,7880,846,3,806.68,20.0
17873,7880,200,1,4522.92,20.0
17874,7881,465,3,2006.55,20.0
17875,7882,93,3,7632.26,10.0
17876,7883,705,4,4673.98,0.0
17877,7883,654,2,16228.87,10.0
17878,7884,346,1,8215.18,10.0
17879,7885,309,1,10625.07,15.0
17880,7885,357,5,10102.76,0.0
17881,7885,78,5,18768.02,15.0
17882,7885,152,4,11106.45,0.0
17883,7885,577,5,20570.33,0.0
17884,7886,182,3,16329.46,10.0
17885,7886,142,3,21163.93,0.0
17886,7887,595,5,16876.57,10.0
17887,7888,492,1,9662.3,15.0
17888,7889,335,5,10357.5,5.0
17889,7889,142,5,21163.93,0.0
17890,7890,657,4,11502.62,0.0
17891,7890,814,1,3387.53,0.0
17892,7891,418,5,9194.68,5.0
17893,7891,538,3,17194.4,0.0
17894,7892,127,5,14981.11,0.0
17895,7892,460,5,20514.31,15.0
17896,7892,283,3,11626.55,20.0
17897,7893,636,3,7292.03,0.0
17898,7893,433,2,8284.46,0.0
17899,7894,485,5,12732.78,5.0
17900,7894,664,3,9991.3,10.0
17901,7895,757,5,7147.34,10.0
17902,7895,334,3,14837.25,10.0
17903,7895,535,2,5770.15,0.0
17904,7896,825,3,14217.62,0.0
17905,7896,898,5,9944.45,20.0
17906,7897,215,4,4666.45,10.0
17907,7898,321,2,9347.28,0.0
17908,7898,797,1,13841.65,5.0
17909,7898,337,1,1562.71,0.0
17910,7899,622,3,8757.16,0.0
17911,7900,246,2,3854.15,5.0
17912,7900,262,1,4228.73,0.0
17913,7901,244,5,7472.45,5.0
17914,7901,374,2,276.26,0.0
17915,7902,180,4,1628.95,0.0
17916,7903,13,1,478.72,0.0
17917,7903,191,3,12145.42,10.0
17918,7904,301,5,21720.03,15.0
17919,7904,457,2,19959.82,0.0
17920,7905,438,2,12263.95,5.0
17921,7906,447,1,10631.16,5.0
17922,7907,683,5,16086.04,0.0
17923,7907,174,3,11611.6,20.0
17924,7907,106,2,10629.26,10.0
17925,7908,763,2,19381.27,10.0
17926,7909,8,3,19040.64,10.0
17927,7909,726,4,5419.14,0.0
17928,7910,30,1,18303.29,0.0
17929,7910,648,3,5724.05,10.0
17930,7910,179,1,3471.92,10.0
17931,7910,121,5,10353.6,20.0
17932,7910,794,5,20250.02,15.0
17933,7911,321,5,9347.28,0.0
17934,7911,426,3,9117.48,0.0
17935,7912,885,4,7089.39,5.0
17936,7912,807,1,15923.26,5.0
17937,7912,231,4,18449.85,0.0
17938,7913,182,1,16329.46,20.0
17939,7914,672,3,5939.35,15.0
17940,7915,239,1,15822.1,0.0
17941,7916,322,3,14630.46,0.0
17942,7917,469,2,5321.69,0.0
17943,7917,41,3,22568.02,0.0
17944,7917,390,3,3964.49,5.0
17945,7918,478,1,10570.88,10.0
17946,7918,817,3,14780.14,5.0
17947,7918,410,3,15870.26,0.0
17948,7919,782,5,19248.75,0.0
17949,7920,350,2,2904.08,10.0
17950,7921,206,1,5960.03,0.0
17951,7921,90,1,14228.88,0.0
17952,7921,840,1,14874.45,10.0
17953,7922,274,1,8564.4,15.0
17954,7922,765,5,810.63,10.0
17955,7923,268,5,3037.03,0.0
17956,7924,195,5,1306.46,15.0
17957,7925,569,2,17022.92,0.0
17958,7926,895,5,7754.62,0.0
17959,7926,264,2,19387.68,0.0
17960,7927,131,2,18666.46,15.0
17961,7927,39,2,7958.95,10.0
17962,7928,73,5,16451.55,10.0
17963,7929,317,4,14112.86,15.0
17964,7929,774,1,10265.71,15.0
17965,7930,188,1,11495.49,0.0
17966,7931,262,4,4228.73,5.0
17967,7931,840,3,14874.45,10.0
17968,7932,642,1,12368.27,15.0
17969,7933,803,4,7424.51,0.0
17970,7933,729,2,12919.83,10.0
17971,7933,429,4,8645.08,20.0
17972,7933,604,2,11660.05,15.0
17973,7934,875,1,9752.68,20.0
17974,7934,80,1,7681.36,15.0
17975,7934,713,2,26684.64,15.0
17976,7935,482,2,2192.85,15.0
17977,7936,556,1,13361.23,15.0
17978,7936,851,2,6264.06,10.0
17979,7937,558,2,13963.41,0.0
17980,7937,119,2,21039.52,15.0
17981,7937,572,1,19015.09,20.0
17982,7937,503,1,955.23,10.0
17983,7937,403,1,7812.31,20.0
17984,7938,220,4,12963.27,20.0
17985,7938,23,5,11954.03,15.0
17986,7939,84,3,16076.18,20.0
17987,7940,803,4,7424.51,0.0
17988,7941,867,2,3837.28,0.0
17989,7941,868,1,18520.33,5.0
17990,7942,351,4,15160.62,5.0
17991,7942,444,1,17486.46,15.0
17992,7942,583,3,20840.66,5.0
17993,7943,169,4,16308.93,20.0
17994,7944,235,2,4664.57,15.0
17995,7944,193,1,20867.37,0.0
17996,7944,762,2,15418.59,15.0
17997,7944,582,1,19075.76,0.0
17998,7945,415,1,7434.55,0.0
17999,7946,97,1,12470.7,10.0
18000,7946,888,3,2244.3,5.0
18001,7947,747,2,15965.2,0.0
18002,7947,670,1,12689.21,0.0
18003,7948,768,1,16413.87,5.0
18004,7948,793,3,4803.54,10.0
18005,7949,857,2,9589.19,15.0
18006,7949,239,4,15822.1,0.0
18007,7950,340,2,3550.22,10.0
18008,7951,716,4,4599.1,10.0
18009,7952,506,1,2449.21,5.0
18010,7952,283,5,11626.55,20.0
18011,7953,420,5,9360.46,10.0
18012,7954,829,4,21989.77,0.0
18013,7954,101,1,20043.36,15.0
18014,7955,81,3,1166.71,10.0
18015,7955,887,5,9495.11,0.0
18016,7956,297,5,17238.41,0.0
18017,7957,307,1,21906.91,0.0
18018,7957,248,5,19406.63,0.0
18019,7957,579,4,16420.05,5.0
18020,7958,490,3,6372.79,0.0
18021,7959,647,5,8678.96,15.0
18022,7959,200,4,4522.92,20.0
18023,7959,217,5,4337.11,5.0
18024,7960,537,2,17211.68,20.0
18025,7961,448,2,4391.49,0.0
18026,7961,231,2,18449.85,10.0
18027,7961,128,2,13624.37,15.0
18028,7962,862,4,4517.96,20.0
18029,7962,51,5,11484.39,0.0
18030,7963,625,2,7044.62,15.0
18031,7963,14,1,10692.32,10.0
18032,7963,608,5,622.02,20.0
18033,7964,791,2,11554.95,0.0
18034,7965,739,4,22380.63,15.0
18035,7965,51,2,11484.39,20.0
18036,7965,710,4,11261.29,15.0
18037,7965,262,1,4228.73,0.0
18038,7966,881,2,21532.91,0.0
18039,7967,226,5,13594.3,0.0
18040,7967,265,3,4344.64,0.0
18041,7967,414,1,166.83,20.0
18042,7967,345,2,7900.55,20.0
18043,7968,35,2,21434.65,5.0
18044,7969,51,1,11484.39,0.0
18045,7969,820,3,20062.61,0.0
18046,7969,786,2,14084.23,5.0
18047,7970,725,4,8996.66,15.0
18048,7970,279,4,3292.56,20.0
18049,7970,312,1,13798.25,0.0
18050,7970,693,5,14898.91,20.0
18051,7970,227,2,2720.12,0.0
18052,7971,454,5,12204.15,15.0
18053,7971,856,1,836.93,0.0
18054,7972,804,1,21201.2,0.0
18055,7973,83,2,7572.59,5.0
18056,7974,107,1,11842.72,0.0
18057,7974,76,4,8195.06,10.0
18058,7975,658,1,25361.82,0.0
18059,7975,107,2,11842.72,10.0
18060,7975,551,5,23156.44,5.0
18061,7976,202,2,18119.01,0.0
18062,7976,264,4,19387.68,0.0
18063,7977,427,1,16845.82,0.0
18064,7978,245,3,13338.0,5.0
18065,7978,677,2,13881.44,20.0
18066,7979,690,4,12791.5,10.0
18067,7979,768,2,16413.87,0.0
18068,7979,89,1,18350.27,10.0
18069,7980,286,2,239.57,10.0
18070,7980,34,3,1148.2,0.0
18071,7980,600,2,13416.18,0.0
18072,7981,879,4,13227.2,0.0
18073,7982,609,2,8508.77,5.0
18074,7983,398,1,13400.93,0.0
18075,7983,545,1,16977.96,10.0
18076,7983,611,4,6171.82,0.0
18077,7984,732,4,8129.26,0.0
18078,7984,49,5,12463.05,20.0
18079,7985,665,2,4754.37,15.0
18080,7986,425,5,4926.04,15.0
18081,7987,235,4,4664.57,0.0
18082,7987,46,5,6966.04,10.0
18083,7987,89,1,18350.27,20.0
18084,7988,310,5,20036.92,0.0
18085,7988,349,5,2689.14,20.0
18086,7988,857,5,9589.19,5.0
18087,7989,180,1,1628.95,0.0
18088,7989,460,3,20514.31,10.0
18089,7989,233,2,12825.71,0.0
18090,7990,107,1,11842.72,15.0
18091,7990,567,2,14958.32,10.0
18092,7991,6,1,22533.66,5.0
18093,7991,37,4,14064.14,10.0
18094,7992,649,5,14601.66,0.0
18095,7992,775,2,23675.41,5.0
18096,7992,150,4,5234.7,10.0
18097,7992,230,3,3957.6,20.0
18098,7992,863,1,10272.35,0.0
18099,7993,869,4,4059.75,0.0
18100,7993,496,5,19499.77,0.0
18101,7993,148,4,17262.89,0.0
18102,7994,195,3,1306.46,10.0
18103,7994,303,4,18231.15,5.0
18104,7995,77,1,13954.67,15.0
18105,7996,11,1,19969.24,0.0
18106,7996,683,4,16086.04,15.0
18107,7997,566,3,1155.19,0.0
18108,7998,29,2,2346.21,15.0
18109,7998,608,4,622.02,0.0
18110,7999,205,4,16137.25,0.0
18111,7999,691,2,16753.29,0.0
18112,7999,505,4,10404.05,10.0
18113,7999,621,2,6617.04,5.0
18114,8000,294,1,10981.7,0.0
18115,8001,811,1,13234.53,10.0
18116,8001,627,3,14763.79,20.0
18117,8001,538,5,17194.4,20.0
18118,8001,744,3,6614.57,20.0
18119,8001,620,1,12173.09,5.0
18120,8002,722,5,2404.11,0.0
18121,8003,447,3,10631.16,0.0
18122,8003,256,2,6510.46,0.0
18123,8004,732,1,8129.26,5.0
18124,8004,585,3,10944.6,15.0
18125,8004,290,3,12993.94,0.0
18126,8005,306,4,9467.51,5.0
18127,8005,191,1,12145.42,20.0
18128,8005,309,5,10625.07,0.0
18129,8006,203,1,12755.01,15.0
18130,8006,495,2,16857.86,0.0
18131,8007,725,3,8996.66,5.0
18132,8008,787,3,18758.34,15.0
18133,8008,110,4,20953.8,20.0
18134,8008,523,4,13665.96,0.0
18135,8008,132,1,7609.15,5.0
18136,8009,140,1,10101.86,10.0
18137,8010,356,1,4711.26,5.0
18138,8011,438,1,12263.95,20.0
18139,8011,583,2,20840.66,0.0
18140,8012,897,5,966.91,10.0
18141,8013,608,3,622.02,20.0
18142,8013,670,2,12689.21,0.0
18143,8014,442,2,11650.88,0.0
18144,8015,589,3,326.42,0.0
18145,8015,47,1,7909.38,0.0
18146,8016,440,2,21618.7,0.0
18147,8017,592,1,4181.43,0.0
18148,8018,145,4,12067.47,0.0
18149,8018,26,4,12446.22,0.0
18150,8018,299,5,7106.85,0.0
18151,8019,396,2,751.13,0.0
18152,8019,196,4,10265.86,0.0
18153,8020,821,3,17002.37,0.0
18154,8020,404,1,653.1,0.0
18155,8021,656,1,23607.08,0.0
18156,8021,381,3,17535.49,10.0
18157,8022,803,5,7424.51,5.0
18158,8023,506,2,2449.21,15.0
18159,8024,104,2,1617.45,0.0
18160,8024,137,1,10885.94,0.0
18161,8024,160,1,20635.35,10.0
18162,8024,440,2,21618.7,10.0
18163,8025,147,5,2349.15,15.0
18164,8025,565,2,11175.66,0.0
18165,8026,405,1,6628.43,10.0
18166,8026,629,4,12346.5,20.0
18167,8027,388,2,15425.62,0.0
18168,8027,191,2,12145.42,0.0
18169,8027,427,4,16845.82,20.0
18170,8027,75,5,19138.34,0.0
18171,8028,484,2,19113.34,15.0
18172,8029,771,4,2696.54,0.0
18173,8030,443,3,1560.39,20.0
18174,8031,411,2,17450.18,0.0
18175,8031,532,1,14811.49,15.0
18176,8031,19,4,22067.03,20.0
18177,8032,477,2,17806.82,20.0
18178,8032,176,5,10671.88,0.0
18179,8032,734,1,13296.98,5.0
18180,8032,246,5,3854.15,15.0
18181,8033,209,2,7178.41,0.0
18182,8033,79,5,15602.76,10.0
18183,8033,179,1,3471.92,10.0
18184,8033,809,5,24052.5,0.0
18185,8033,705,4,4673.98,0.0
18186,8034,284,5,15548.25,5.0
18187,8035,100,4,14472.84,0.0
18188,8035,323,1,920.73,0.0
18189,8036,745,2,11543.63,0.0
18190,8037,286,1,239.57,10.0
18191,8038,510,3,19375.24,5.0
18192,8038,878,1,13434.69,5.0
18193,8039,387,2,22309.26,20.0
18194,8039,501,4,14745.03,5.0
18195,8040,159,5,19350.16,20.0
18196,8040,784,4,8066.19,20.0
18197,8040,271,5,20542.32,0.0
18198,8040,876,5,6589.16,10.0
18199,8040,822,2,4952.16,0.0
18200,8041,503,1,955.23,10.0
18201,8041,828,2,25138.47,0.0
18202,8041,10,1,7250.5,0.0
18203,8042,813,2,5532.46,5.0
18204,8042,436,3,6536.15,20.0
18205,8042,745,2,11543.63,15.0
18206,8042,208,5,7812.53,20.0
18207,8042,670,3,12689.21,5.0
18208,8043,213,3,18912.24,0.0
18209,8044,435,1,13058.88,5.0
18210,8044,757,3,7147.34,5.0
18211,8045,792,2,2850.88,10.0
18212,8045,472,2,15859.32,0.0
18213,8046,341,5,22578.93,10.0
18214,8046,191,5,12145.42,10.0
18215,8046,783,5,803.8,15.0
18216,8047,166,4,2581.81,15.0
18217,8047,697,2,2018.95,0.0
18218,8047,43,4,18751.29,0.0
18219,8048,282,2,19801.39,10.0
18220,8049,492,1,9662.3,15.0
18221,8049,206,4,5960.03,0.0
18222,8049,736,5,6120.5,0.0
18223,8049,154,2,1144.63,0.0
18224,8049,810,5,15563.4,10.0
18225,8050,568,4,1091.56,0.0
18226,8050,572,3,19015.09,20.0
18227,8051,850,4,22317.22,0.0
18228,8051,868,4,18520.33,5.0
18229,8051,828,4,25138.47,0.0
18230,8052,827,2,17333.78,10.0
18231,8053,827,5,17333.78,0.0
18232,8053,825,4,14217.62,20.0
18233,8053,805,1,15525.28,0.0
18234,8053,718,3,17963.95,0.0
18235,8054,262,2,4228.73,0.0
18236,8054,796,3,15083.08,0.0
18237,8054,88,1,25475.34,0.0
18238,8054,883,3,1769.58,15.0
18239,8055,836,2,17573.65,5.0
18240,8055,468,2,9057.22,20.0
18241,8055,794,3,20250.02,20.0
18242,8056,872,4,15107.17,20.0
18243,8057,5,3,8313.51,5.0
18244,8057,576,5,3125.72,20.0
18245,8058,524,2,10408.88,0.0
18246,8058,599,1,442.03,10.0
18247,8059,274,2,8564.4,10.0
18248,8059,243,1,176.76,5.0
18249,8060,545,5,16977.96,10.0
18250,8061,801,5,3589.73,0.0
18251,8061,350,1,2904.08,5.0
18252,8061,263,4,3234.93,15.0
18253,8061,767,5,12752.82,20.0
18254,8062,302,5,16440.69,10.0
18255,8062,659,2,2808.44,0.0
18256,8062,361,5,10596.43,15.0
18257,8063,353,2,7643.82,20.0
18258,8064,687,5,14696.63,20.0
18259,8064,180,1,1628.95,0.0
18260,8064,565,4,11175.66,20.0
18261,8064,751,5,3818.67,0.0
18262,8065,509,5,8432.77,0.0
18263,8066,186,4,9740.85,0.0
18264,8066,360,5,11713.02,0.0
18265,8066,393,2,8735.87,15.0
18266,8067,354,2,17320.16,5.0
18267,8067,88,1,25475.34,10.0
18268,8067,823,4,16691.74,20.0
18269,8067,240,2,3443.85,0.0
18270,8068,239,1,15822.1,10.0
18271,8069,802,4,4116.0,0.0
18272,8069,584,2,8995.37,0.0
18273,8069,165,2,19157.23,10.0
18274,8069,340,3,3550.22,10.0
18275,8069,49,4,12463.05,0.0
18276,8070,394,5,15875.45,0.0
18277,8070,377,1,23965.45,0.0
18278,8071,664,3,9991.3,0.0
18279,8071,480,5,11927.56,0.0
18280,8072,77,1,13954.67,10.0
18281,8073,223,3,13128.85,0.0
18282,8073,389,4,3509.61,15.0
18283,8074,382,4,9206.05,0.0
18284,8075,52,3,12629.7,0.0
18285,8075,254,1,21957.69,0.0
18286,8075,88,2,25475.34,5.0
18287,8075,41,4,22568.02,5.0
18288,8075,45,1,19804.2,0.0
18289,8076,652,2,6638.78,15.0
18290,8076,572,3,19015.09,10.0
18291,8076,670,4,12689.21,0.0
18292,8076,759,3,15948.11,10.0
18293,8076,832,1,9339.3,20.0
18294,8077,344,1,5524.58,0.0
18295,8078,705,5,4673.98,5.0
18296,8078,422,2,189.31,10.0
18297,8078,453,3,11216.79,0.0
18298,8079,281,4,2023.57,20.0
18299,8080,117,2,4942.41,10.0
18300,8080,868,2,18520.33,10.0
18301,8081,140,3,10101.86,10.0
18302,8081,766,2,10014.02,10.0
18303,8082,67,4,18601.02,15.0
18304,8083,169,5,16308.93,0.0
18305,8084,718,5,17963.95,15.0
18306,8084,5,3,8313.51,0.0
18307,8084,864,5,2259.89,20.0
18308,8084,490,1,6372.79,0.0
18309,8085,89,1,18350.27,5.0
18310,8085,112,5,12897.57,0.0
18311,8085,634,1,17957.51,0.0
18312,8085,15,4,9257.31,10.0
18313,8085,335,2,10357.5,0.0
18314,8086,494,2,2526.78,10.0
18315,8086,687,2,14696.63,5.0
18316,8087,560,5,6942.79,15.0
18317,8087,59,5,5569.5,15.0
18318,8088,872,3,15107.17,0.0
18319,8088,57,2,8529.28,0.0
18320,8088,743,5,10182.67,10.0
18321,8088,50,2,17835.15,0.0
18322,8089,200,4,4522.92,5.0
18323,8089,471,2,13086.13,5.0
18324,8089,260,4,7198.0,0.0
18325,8090,49,4,12463.05,15.0
18326,8090,833,2,16884.14,5.0
18327,8090,552,1,4733.75,0.0
18328,8091,664,4,9991.3,0.0
18329,8091,159,1,19350.16,10.0
18330,8092,188,5,11495.49,5.0
18331,8092,290,1,12993.94,5.0
18332,8092,8,2,19040.64,10.0
18333,8092,699,2,4909.23,0.0
18334,8093,871,2,8110.39,10.0
18335,8094,16,5,19747.45,5.0
18336,8094,553,1,11099.68,0.0
18337,8095,790,5,1388.1,5.0
18338,8096,625,1,7044.62,15.0
18339,8096,724,1,11703.57,15.0
18340,8096,525,3,14333.71,10.0
18341,8096,833,1,16884.14,20.0
18342,8097,62,1,13136.19,0.0
18343,8097,825,4,14217.62,15.0
18344,8097,619,4,12004.29,5.0
18345,8098,706,1,12213.81,0.0
18346,8098,196,2,10265.86,0.0
18347,8099,15,2,9257.31,0.0
18348,8099,880,4,18151.13,0.0
18349,8100,1,2,23380.27,0.0
18350,8100,499,1,21718.63,0.0
18351,8101,647,1,8678.96,0.0
18352,8101,659,1,2808.44,15.0
18353,8101,143,1,7946.56,0.0
18354,8101,629,1,12346.5,5.0
18355,8102,56,5,18137.71,5.0
18356,8103,824,5,297.67,0.0
18357,8104,516,5,4294.23,0.0
18358,8105,256,1,6510.46,10.0
18359,8105,814,2,3387.53,10.0
18360,8106,194,3,2770.23,10.0
18361,8107,159,1,19350.16,20.0
18362,8107,234,4,10860.79,5.0
18363,8107,445,1,1123.05,0.0
18364,8108,716,3,4599.1,15.0
18365,8109,830,1,3011.17,0.0
18366,8109,341,2,22578.93,0.0
18367,8109,205,1,16137.25,0.0
18368,8110,696,3,2491.11,0.0
18369,8111,855,4,2959.91,20.0
18370,8112,450,3,5004.29,15.0
18371,8113,839,3,14313.81,10.0
18372,8113,280,4,14095.63,15.0
18373,8113,864,2,2259.89,5.0
18374,8114,95,3,18635.44,0.0
18375,8115,434,2,16140.57,0.0
18376,8115,664,5,9991.3,0.0
18377,8115,102,4,7542.37,5.0
18378,8116,26,1,12446.22,10.0
18379,8116,725,4,8996.66,0.0
18380,8116,516,5,4294.23,0.0
18381,8117,721,4,18878.1,10.0
18382,8117,621,1,6617.04,0.0
18383,8118,215,3,4666.45,10.0
18384,8119,464,2,7633.05,0.0
18385,8120,552,5,4733.75,0.0
18386,8120,779,4,19107.25,5.0
18387,8121,154,1,1144.63,15.0
18388,8121,536,5,24253.72,0.0
18389,8121,613,4,5929.69,20.0
18390,8122,629,3,12346.5,15.0
18391,8122,137,3,10885.94,0.0
18392,8123,79,4,15602.76,20.0
18393,8124,804,5,21201.2,0.0
18394,8124,241,1,11844.31,5.0
18395,8125,542,1,3615.52,0.0
18396,8125,897,2,966.91,15.0
18397,8126,294,1,10981.7,5.0
18398,8127,405,5,6628.43,0.0
18399,8127,370,2,2983.33,5.0
18400,8127,295,5,18202.38,5.0
18401,8128,70,2,24783.28,0.0
18402,8129,238,1,4482.75,10.0
18403,8129,789,1,12946.63,20.0
18404,8129,394,2,15875.45,20.0
18405,8130,120,2,9678.0,10.0
18406,8130,736,5,6120.5,10.0
18407,8130,492,2,9662.3,0.0
18408,8130,820,3,20062.61,0.0
18409,8130,223,1,13128.85,0.0
18410,8131,400,5,19421.92,0.0
18411,8131,689,3,13071.47,0.0
18412,8131,241,1,11844.31,5.0
18413,8132,173,4,7108.82,15.0
18414,8133,15,4,9257.31,20.0
18415,8134,200,4,4522.92,5.0
18416,8135,709,3,7686.85,0.0
18417,8135,20,2,377.42,0.0
18418,8135,344,5,5524.58,0.0
18419,8135,118,4,22241.66,15.0
18420,8135,659,2,2808.44,10.0
18421,8136,655,5,8938.91,20.0
18422,8137,244,5,7472.45,20.0
18423,8137,198,5,12806.33,5.0
18424,8137,741,1,16605.12,0.0
18425,8138,510,1,19375.24,10.0
18426,8139,222,3,7009.13,10.0
18427,8139,207,3,21338.76,15.0
18428,8139,195,4,1306.46,0.0
18429,8140,10,2,7250.5,10.0
18430,8140,548,4,17776.31,0.0
18431,8140,397,5,8299.19,15.0
18432,8141,271,5,20542.32,15.0
18433,8141,135,5,4472.34,15.0
18434,8142,847,1,13026.82,20.0
18435,8142,54,5,12660.77,10.0
18436,8142,619,3,12004.29,0.0
18437,8143,394,5,15875.45,0.0
18438,8143,374,5,276.26,0.0
18439,8143,132,1,7609.15,0.0
18440,8144,470,2,14455.32,20.0
18441,8145,173,2,7108.82,0.0
18442,8146,816,1,13450.11,10.0
18443,8147,112,5,12897.57,15.0
18444,8147,836,1,17573.65,0.0
18445,8148,854,3,16327.56,0.0
18446,8149,658,5,25361.82,0.0
18447,8149,672,4,5939.35,0.0
18448,8150,112,1,12897.57,0.0
18449,8150,15,4,9257.31,20.0
18450,8150,181,2,11885.47,0.0
18451,8150,381,2,17535.49,5.0
18452,8151,776,5,20110.05,20.0
18453,8152,632,3,10665.66,0.0
18454,8153,838,5,19410.6,15.0
18455,8153,384,4,5638.85,15.0
18456,8153,284,1,15548.25,10.0
18457,8153,810,5,15563.4,15.0
18458,8153,255,2,17032.48,5.0
18459,8154,22,2,11230.85,10.0
18460,8154,622,1,8757.16,0.0
18461,8154,232,2,12332.61,20.0
18462,8154,452,5,22746.4,15.0
18463,8155,41,2,22568.02,0.0
18464,8155,214,2,17220.63,0.0
18465,8156,71,1,13770.82,10.0
18466,8156,36,5,8033.06,20.0
18467,8157,25,1,14978.82,5.0
18468,8157,688,3,3002.55,15.0
18469,8157,563,2,5661.49,5.0
18470,8157,396,4,751.13,0.0
18471,8157,855,3,2959.91,10.0
18472,8158,504,1,13358.18,0.0
18473,8159,677,4,13881.44,20.0
18474,8160,628,1,8593.46,0.0
18475,8161,118,4,22241.66,10.0
18476,8161,893,3,17792.63,10.0
18477,8162,624,5,15309.66,5.0
18478,8162,113,3,21843.22,20.0
18479,8162,482,3,2192.85,0.0
18480,8162,145,1,12067.47,10.0
18481,8163,202,5,18119.01,0.0
18482,8163,246,5,3854.15,0.0
18483,8163,161,1,15289.65,15.0
18484,8164,350,3,2904.08,20.0
18485,8164,676,1,14315.33,15.0
18486,8164,384,2,5638.85,10.0
18487,8165,172,2,6290.87,10.0
18488,8165,93,4,7632.26,20.0
18489,8166,148,4,17262.89,15.0
18490,8166,132,1,7609.15,15.0
18491,8166,873,4,1014.59,0.0
18492,8167,772,1,18195.11,20.0
18493,8167,160,2,20635.35,10.0
18494,8167,134,1,17132.5,15.0
18495,8167,130,5,12847.98,20.0
18496,8168,290,1,12993.94,20.0
18497,8168,692,4,11530.12,20.0
18498,8168,763,5,19381.27,0.0
18499,8168,317,2,14112.86,10.0
18500,8168,600,1,13416.18,0.0
18501,8169,289,3,10379.0,15.0
18502,8169,470,4,14455.32,0.0
18503,8170,192,4,18707.42,15.0
18504,8170,723,4,4606.01,0.0
18505,8171,131,4,18666.46,15.0
18506,8171,32,2,1527.01,0.0
18507,8172,441,4,11305.42,20.0
18508,8172,546,5,16500.34,5.0
18509,8172,266,1,20675.58,20.0
18510,8172,367,1,14113.51,20.0
18511,8173,93,2,7632.26,20.0
18512,8173,246,4,3854.15,0.0
18513,8174,883,3,1769.58,0.0
18514,8174,33,4,2593.22,15.0
18515,8174,280,4,14095.63,0.0
18516,8175,891,2,12910.53,0.0
18517,8176,33,4,2593.22,15.0
18518,8176,71,3,13770.82,5.0
18519,8177,502,2,8596.35,10.0
18520,8177,767,1,12752.82,15.0
18521,8177,508,2,4967.5,20.0
18522,8177,457,3,19959.82,0.0
18523,8178,662,1,6806.59,10.0
18524,8178,491,2,11018.52,15.0
18525,8178,848,2,15587.71,20.0
18526,8179,257,5,13045.67,0.0
18527,8179,301,4,21720.03,10.0
18528,8179,206,3,5960.03,15.0
18529,8180,483,3,7695.04,10.0
18530,8181,796,1,15083.08,0.0
18531,8182,350,1,2904.08,5.0
18532,8183,814,5,3387.53,20.0
18533,8183,816,3,13450.11,0.0
18534,8184,158,3,20098.55,0.0
18535,8185,830,3,3011.17,0.0
18536,8186,277,1,13719.42,0.0
18537,8186,739,3,22380.63,15.0
18538,8186,394,2,15875.45,15.0
18539,8186,566,2,1155.19,0.0
18540,8186,167,5,14506.97,0.0
18541,8187,139,2,7956.39,0.0
18542,8187,677,4,13881.44,10.0
18543,8188,38,1,4730.75,0.0
18544,8189,162,4,13421.66,15.0
18545,8190,851,4,6264.06,0.0
18546,8190,790,4,1388.1,15.0
18547,8191,637,3,9909.0,0.0
18548,8191,242,4,15852.16,0.0
18549,8191,572,1,19015.09,0.0
18550,8191,659,5,2808.44,10.0
18551,8191,835,4,13235.32,15.0
18552,8192,481,3,11306.0,5.0
18553,8192,375,2,192.08,5.0
18554,8192,184,2,14178.66,15.0
18555,8192,837,5,264.26,15.0
18556,8193,94,2,15069.27,15.0
18557,8194,654,4,16228.87,0.0
18558,8194,814,2,3387.53,10.0
18559,8194,425,1,4926.04,5.0
18560,8195,680,2,2617.11,5.0
18561,8196,488,2,13455.56,20.0
18562,8196,801,4,3589.73,0.0
18563,8196,423,5,1984.71,0.0
18564,8196,284,5,15548.25,0.0
18565,8197,839,4,14313.81,0.0
18566,8197,692,2,11530.12,15.0
18567,8198,123,3,15484.22,20.0
18568,8198,49,1,12463.05,10.0
18569,8199,313,3,7494.19,0.0
18570,8199,213,1,18912.24,10.0
18571,8200,563,5,5661.49,10.0
18572,8200,808,1,376.7,5.0
18573,8200,377,3,23965.45,0.0
18574,8200,103,1,8717.09,0.0
18575,8200,162,3,13421.66,20.0
18576,8201,537,4,17211.68,15.0
18577,8201,445,1,1123.05,10.0
18578,8202,219,5,5457.35,15.0
18579,8202,671,3,16938.7,5.0
18580,8202,296,4,15359.82,5.0
18581,8202,758,2,305.37,5.0
18582,8202,585,2,10944.6,0.0
18583,8203,513,4,10655.97,5.0
18584,8203,36,3,8033.06,15.0
18585,8203,660,1,5178.7,20.0
18586,8203,197,4,20568.54,10.0
18587,8203,458,2,706.12,15.0
18588,8204,215,5,4666.45,0.0
18589,8204,288,1,6504.36,0.0
18590,8205,294,3,10981.7,15.0
18591,8205,710,2,11261.29,0.0
18592,8205,365,2,22789.3,5.0
18593,8206,786,5,14084.23,0.0
18594,8206,664,5,9991.3,0.0
18595,8206,797,1,13841.65,10.0
18596,8207,552,1,4733.75,20.0
18597,8207,249,2,19528.8,0.0
18598,8207,180,1,1628.95,0.0
18599,8207,730,1,11885.24,10.0
18600,8208,479,5,8268.21,10.0
18601,8208,372,4,9597.28,0.0
18602,8208,192,5,18707.42,10.0
18603,8208,711,3,16182.19,5.0
18604,8208,494,5,2526.78,15.0
18605,8209,569,2,17022.92,0.0
18606,8209,360,4,11713.02,15.0
18607,8209,621,2,6617.04,5.0
18608,8209,258,1,17700.95,10.0
18609,8210,890,5,10049.64,20.0
18610,8211,870,1,4993.59,5.0
18611,8212,350,1,2904.08,5.0
18612,8212,390,1,3964.49,10.0
18613,8213,134,4,17132.5,15.0
18614,8213,671,5,16938.7,5.0
18615,8214,668,4,11556.92,0.0
18616,8215,456,3,6661.55,5.0
18617,8216,299,3,7106.85,15.0
18618,8217,211,3,5660.73,0.0
18619,8218,712,3,13003.78,20.0
18620,8218,510,5,19375.24,10.0
18621,8219,407,1,7770.71,15.0
18622,8220,252,5,14825.98,15.0
18623,8221,644,4,12974.58,20.0
18624,8222,565,3,11175.66,0.0
18625,8222,106,5,10629.26,20.0
18626,8222,278,2,8494.62,15.0
18627,8223,788,4,5720.07,20.0
18628,8223,172,2,6290.87,15.0
18629,8224,899,5,21905.82,10.0
18630,8224,351,2,15160.62,20.0
18631,8224,556,1,13361.23,5.0
18632,8224,798,2,4100.19,20.0
18633,8225,76,4,8195.06,10.0
18634,8225,230,1,3957.6,0.0
18635,8225,849,2,11044.19,5.0
18636,8225,310,5,20036.92,0.0
18637,8225,841,3,15195.61,0.0
18638,8226,503,4,955.23,15.0
18639,8227,249,2,19528.8,0.0
18640,8228,336,5,226.24,0.0
18641,8229,871,1,8110.39,0.0
18642,8230,798,1,4100.19,10.0
18643,8230,288,2,6504.36,0.0
18644,8230,833,5,16884.14,10.0
18645,8230,601,5,17591.52,0.0
18646,8230,549,3,16311.06,0.0
18647,8231,274,2,8564.4,10.0
18648,8231,472,5,15859.32,0.0
18649,8232,554,4,19734.11,10.0
18650,8233,856,3,836.93,20.0
18651,8233,897,3,966.91,5.0
18652,8233,358,4,5722.36,20.0
18653,8234,25,1,14978.82,20.0
18654,8234,599,5,442.03,0.0
18655,8235,803,3,7424.51,5.0
18656,8235,859,3,1089.58,0.0
18657,8235,64,3,18539.77,20.0
18658,8236,552,2,4733.75,0.0
18659,8236,784,1,8066.19,0.0
18660,8237,374,2,276.26,5.0
18661,8238,129,4,10907.63,15.0
18662,8239,133,4,18760.28,5.0
18663,8240,744,2,6614.57,5.0
18664,8240,64,2,18539.77,0.0
18665,8240,719,5,7305.31,0.0
18666,8241,307,5,21906.91,5.0
18667,8241,29,3,2346.21,15.0
18668,8241,668,2,11556.92,10.0
18669,8241,488,4,13455.56,15.0
18670,8241,505,2,10404.05,20.0
18671,8242,873,5,1014.59,20.0
18672,8242,277,4,13719.42,5.0
18673,8243,816,3,13450.11,5.0
18674,8244,131,2,18666.46,20.0
18675,8244,709,1,7686.85,15.0
18676,8244,725,3,8996.66,0.0
18677,8244,83,1,7572.59,20.0
18678,8245,463,3,8811.92,15.0
18679,8245,787,5,18758.34,0.0
18680,8245,759,4,15948.11,10.0
18681,8245,363,3,16290.66,0.0
18682,8245,4,4,3406.7,0.0
18683,8246,648,4,5724.05,0.0
18684,8246,873,2,1014.59,0.0
18685,8247,312,2,13798.25,0.0
18686,8247,710,3,11261.29,20.0
18687,8247,249,5,19528.8,0.0
18688,8248,345,3,7900.55,5.0
18689,8248,787,1,18758.34,0.0
18690,8249,680,2,2617.11,10.0
18691,8249,521,2,20156.83,20.0
18692,8249,172,4,6290.87,5.0
18693,8250,189,5,2064.84,15.0
18694,8250,635,5,15794.51,0.0
18695,8250,805,3,15525.28,0.0
18696,8251,138,3,25438.29,10.0
18697,8251,755,1,144.02,5.0
18698,8251,636,4,7292.03,0.0
18699,8251,415,2,7434.55,0.0
18700,8252,218,4,25840.61,15.0
18701,8252,751,4,3818.67,15.0
18702,8252,47,5,7909.38,5.0
18703,8253,136,5,8942.91,0.0
18704,8253,457,2,19959.82,0.0
18705,8253,474,5,10258.52,10.0
18706,8253,353,2,7643.82,20.0
18707,8254,619,5,12004.29,5.0
18708,8254,588,5,4546.5,0.0
18709,8255,195,4,1306.46,15.0
18710,8256,869,2,4059.75,5.0
18711,8256,314,4,18006.61,10.0
18712,8257,100,3,14472.84,20.0
18713,8257,158,3,20098.55,20.0
18714,8258,159,4,19350.16,15.0
18715,8258,113,1,21843.22,0.0
18716,8259,851,3,6264.06,10.0
18717,8259,316,1,7282.96,0.0
18718,8259,153,3,1446.08,0.0
18719,8260,551,4,23156.44,5.0
18720,8260,721,1,18878.1,15.0
18721,8260,725,1,8996.66,5.0
18722,8261,302,1,16440.69,5.0
18723,8261,838,5,19410.6,15.0
18724,8261,348,2,19662.84,10.0
18725,8261,825,4,14217.62,10.0
18726,8262,751,3,3818.67,0.0
18727,8262,537,2,17211.68,20.0
18728,8263,836,4,17573.65,0.0
18729,8263,522,1,14877.94,15.0
18730,8264,634,2,17957.51,5.0
18731,8265,817,1,14780.14,0.0
18732,8266,146,4,15804.83,0.0
18733,8266,299,4,7106.85,20.0
18734,8266,349,2,2689.14,10.0
18735,8266,145,3,12067.47,0.0
18736,8267,621,4,6617.04,0.0
18737,8267,303,5,18231.15,20.0
18738,8268,619,3,12004.29,10.0
18739,8268,537,5,17211.68,15.0
18740,8269,103,5,8717.09,0.0
18741,8270,327,1,15380.04,10.0
18742,8271,741,1,16605.12,5.0
18743,8272,586,2,15918.44,0.0
18744,8273,766,4,10014.02,0.0
18745,8273,868,2,18520.33,20.0
18746,8273,353,5,7643.82,5.0
18747,8273,746,1,6075.54,15.0
18748,8274,161,3,15289.65,15.0
18749,8274,167,5,14506.97,15.0
18750,8275,3,5,16184.82,10.0
18751,8275,116,3,8610.05,0.0
18752,8276,371,2,1636.75,10.0
18753,8276,373,1,9954.9,10.0
18754,8276,209,2,7178.41,5.0
18755,8276,412,3,17012.64,0.0
18756,8276,181,3,11885.47,0.0
18757,8277,503,3,955.23,0.0
18758,8277,167,2,14506.97,10.0
18759,8278,745,5,11543.63,15.0
18760,8279,177,1,9631.34,10.0
18761,8279,199,2,10359.07,10.0
18762,8280,55,3,2583.6,0.0
18763,8280,652,2,6638.78,15.0
18764,8280,715,1,11935.81,0.0
18765,8281,712,1,13003.78,0.0
18766,8281,811,5,13234.53,15.0
18767,8281,731,3,960.03,0.0
18768,8281,813,2,5532.46,10.0
18769,8282,417,1,1519.73,10.0
18770,8282,427,5,16845.82,5.0
18771,8282,794,2,20250.02,20.0
18772,8282,589,4,326.42,0.0
18773,8283,761,1,16718.68,20.0
18774,8284,148,3,17262.89,5.0
18775,8284,491,4,11018.52,0.0
18776,8284,117,4,4942.41,20.0
18777,8284,519,2,18767.62,5.0
18778,8285,77,2,13954.67,15.0
18779,8286,695,3,17246.64,0.0
18780,8286,444,5,17486.46,10.0
18781,8287,763,3,19381.27,0.0
18782,8287,773,2,8183.79,0.0
18783,8287,393,5,8735.87,0.0
18784,8287,587,2,3058.79,0.0
18785,8288,541,1,12029.72,0.0
18786,8289,461,4,14975.0,0.0
18787,8289,870,1,4993.59,5.0
18788,8290,533,1,20970.41,10.0
18789,8290,59,5,5569.5,15.0
18790,8291,301,2,21720.03,10.0
18791,8291,707,5,1274.87,10.0
18792,8291,490,2,6372.79,0.0
18793,8291,737,2,16594.34,20.0
18794,8292,424,1,17174.37,15.0
18795,8292,90,2,14228.88,0.0
18796,8293,722,2,2404.11,5.0
18797,8294,38,1,4730.75,0.0
18798,8294,402,5,789.81,0.0
18799,8295,479,3,8268.21,5.0
18800,8295,750,3,3277.38,0.0
18801,8295,495,3,16857.86,0.0
18802,8295,817,3,14780.14,5.0
18803,8295,663,3,11192.43,15.0
18804,8296,554,2,19734.11,5.0
18805,8296,104,4,1617.45,0.0
18806,8296,9,2,17153.33,0.0
18807,8296,497,5,15989.14,0.0
18808,8296,225,2,6873.83,0.0
18809,8297,122,5,17327.18,0.0
18810,8298,507,5,12654.25,0.0
18811,8299,757,4,7147.34,10.0
18812,8299,715,4,11935.81,20.0
18813,8299,236,1,4832.52,0.0
18814,8299,728,5,1177.36,15.0
18815,8300,654,4,16228.87,0.0
18816,8300,413,1,347.03,15.0
18817,8301,380,4,10068.31,0.0
18818,8301,134,3,17132.5,0.0
18819,8302,304,3,23466.92,5.0
18820,8302,208,1,7812.53,0.0
18821,8302,574,4,6143.25,20.0
18822,8302,268,2,3037.03,5.0
18823,8303,249,3,19528.8,20.0
18824,8303,589,5,326.42,0.0
18825,8303,357,2,10102.76,15.0
18826,8304,10,2,7250.5,0.0
18827,8304,545,1,16977.96,0.0
18828,8305,307,4,21906.91,20.0
18829,8306,700,1,14408.43,5.0
18830,8306,312,4,13798.25,20.0
18831,8306,203,2,12755.01,10.0
18832,8306,768,1,16413.87,5.0
18833,8307,896,1,24756.56,0.0
18834,8308,90,5,14228.88,5.0
18835,8308,437,4,10772.97,15.0
18836,8309,364,5,18476.31,0.0
18837,8309,411,5,17450.18,10.0
18838,8309,171,2,18491.26,0.0
18839,8309,815,4,20541.91,0.0
18840,8310,867,3,3837.28,10.0
18841,8310,707,2,1274.87,20.0
18842,8311,497,2,15989.14,0.0
18843,8311,239,5,15822.1,10.0
18844,8312,257,5,13045.67,10.0
18845,8313,437,2,10772.97,0.0
18846,8313,90,1,14228.88,0.0
18847,8314,316,2,7282.96,0.0
18848,8315,702,5,1292.78,5.0
18849,8315,681,1,17950.56,15.0
18850,8315,424,5,17174.37,5.0
18851,8315,225,5,6873.83,0.0
18852,8316,879,2,13227.2,15.0
18853,8317,4,1,3406.7,15.0
18854,8318,523,1,13665.96,5.0
18855,8318,263,2,3234.93,5.0
18856,8319,712,2,13003.78,0.0
18857,8320,490,4,6372.79,0.0
18858,8320,354,5,17320.16,5.0
18859,8321,37,5,14064.14,15.0
18860,8321,286,1,239.57,20.0
18861,8321,239,2,15822.1,0.0
18862,8322,852,1,3347.58,20.0
18863,8322,334,4,14837.25,10.0
18864,8322,520,5,1057.04,0.0
18865,8323,533,4,20970.41,15.0
18866,8323,818,5,10237.03,20.0
18867,8324,859,1,1089.58,0.0
18868,8325,591,4,6697.37,5.0
18869,8325,369,2,6953.46,15.0
18870,8325,538,2,17194.4,5.0
18871,8326,94,5,15069.27,20.0
18872,8326,353,3,7643.82,0.0
18873,8326,124,4,13452.12,0.0
18874,8327,746,5,6075.54,5.0
18875,8327,432,5,23302.07,15.0
18876,8328,357,3,10102.76,0.0
18877,8329,240,2,3443.85,5.0
18878,8329,201,4,11298.96,5.0
18879,8329,619,1,12004.29,5.0
18880,8329,10,5,7250.5,20.0
18881,8329,603,2,7330.01,5.0
18882,8330,197,4,20568.54,15.0
18883,8331,224,5,2233.05,0.0
18884,8331,307,4,21906.91,0.0
18885,8331,416,4,11392.81,0.0
18886,8331,682,1,9240.58,10.0
18887,8331,892,2,7790.38,15.0
18888,8332,843,4,11008.41,0.0
18889,8332,636,3,7292.03,0.0
18890,8332,416,2,11392.81,5.0
18891,8332,895,2,7754.62,0.0
18892,8333,81,4,1166.71,0.0
18893,8333,706,3,12213.81,10.0
18894,8333,147,2,2349.15,0.0
18895,8333,252,3,14825.98,20.0
18896,8334,270,2,16271.78,15.0
18897,8335,249,2,19528.8,10.0
18898,8335,614,4,21084.78,0.0
18899,8335,16,1,19747.45,0.0
18900,8335,690,4,12791.5,0.0
18901,8335,751,1,3818.67,0.0
18902,8336,780,5,2481.3,0.0
18903,8336,582,3,19075.76,15.0
18904,8336,358,4,5722.36,0.0
18905,8337,295,5,18202.38,0.0
18906,8338,829,2,21989.77,15.0
18907,8338,27,3,10463.86,5.0
18908,8338,348,2,19662.84,15.0
18909,8338,493,4,7964.23,10.0
18910,8339,329,2,10046.75,15.0
18911,8340,806,2,11627.22,10.0
18912,8341,426,4,9117.48,5.0
18913,8342,827,5,17333.78,5.0
18914,8342,770,4,5579.14,10.0
18915,8342,115,2,14046.49,15.0
18916,8342,532,4,14811.49,0.0
18917,8343,609,1,8508.77,10.0
18918,8343,781,2,15990.77,10.0
18919,8343,254,4,21957.69,20.0
18920,8343,358,1,5722.36,0.0
18921,8344,529,3,8097.4,0.0
18922,8344,852,3,3347.58,20.0
18923,8345,85,3,4996.1,20.0
18924,8345,264,2,19387.68,10.0
18925,8345,277,4,13719.42,20.0
18926,8346,867,1,3837.28,20.0
18927,8346,182,2,16329.46,10.0
18928,8346,364,5,18476.31,0.0
18929,8346,313,2,7494.19,10.0
18930,8346,474,5,10258.52,10.0
18931,8347,182,5,16329.46,0.0
18932,8348,128,5,13624.37,15.0
18933,8348,464,3,7633.05,0.0
18934,8348,431,3,24437.6,0.0
18935,8349,712,5,13003.78,0.0
18936,8349,162,3,13421.66,0.0
18937,8349,438,5,12263.95,20.0
18938,8350,736,2,6120.5,20.0
18939,8350,441,2,11305.42,0.0
18940,8350,507,4,12654.25,5.0
18941,8350,172,3,6290.87,0.0
18942,8351,351,5,15160.62,0.0
18943,8351,820,3,20062.61,10.0
18944,8352,466,3,10734.42,5.0
18945,8352,22,2,11230.85,0.0
18946,8353,713,5,26684.64,15.0
18947,8353,702,5,1292.78,0.0
18948,8353,373,3,9954.9,0.0
18949,8354,688,2,3002.55,0.0
18950,8354,829,5,21989.77,15.0
18951,8355,782,4,19248.75,5.0
18952,8355,263,5,3234.93,0.0
18953,8355,212,3,23358.43,0.0
18954,8355,45,4,19804.2,0.0
18955,8355,518,2,2509.06,5.0
18956,8356,632,4,10665.66,15.0
18957,8356,566,2,1155.19,5.0
18958,8356,896,5,24756.56,5.0
18959,8356,704,2,16292.88,10.0
18960,8357,507,3,12654.25,0.0
18961,8358,461,3,14975.0,0.0
18962,8359,57,1,8529.28,5.0
18963,8359,15,2,9257.31,0.0
18964,8359,485,2,12732.78,0.0
18965,8360,483,1,7695.04,15.0
18966,8360,65,2,16507.63,0.0
18967,8361,453,1,11216.79,0.0
18968,8362,409,4,19362.42,0.0
18969,8363,754,5,12241.6,20.0
18970,8364,498,1,21474.1,5.0
18971,8364,145,1,12067.47,0.0
18972,8364,525,5,14333.71,15.0
18973,8365,887,2,9495.11,10.0
18974,8366,579,3,16420.05,0.0
18975,8367,872,3,15107.17,20.0
18976,8367,540,1,2472.01,20.0
18977,8367,144,3,19819.04,0.0
18978,8368,213,3,18912.24,10.0
18979,8369,340,2,3550.22,0.0
18980,8370,501,1,14745.03,5.0
18981,8370,702,1,1292.78,0.0
18982,8371,388,1,15425.62,0.0
18983,8371,104,1,1617.45,0.0
18984,8371,567,5,14958.32,0.0
18985,8371,673,4,690.26,0.0
18986,8372,529,2,8097.4,0.0
18987,8372,372,1,9597.28,0.0
18988,8372,341,5,22578.93,10.0
18989,8372,817,2,14780.14,5.0
18990,8372,781,2,15990.77,5.0
18991,8373,306,3,9467.51,20.0
18992,8373,377,1,23965.45,5.0
18993,8374,631,5,24606.76,15.0
18994,8374,781,2,15990.77,10.0
18995,8374,285,2,16720.01,0.0
18996,8375,757,3,7147.34,0.0
18997,8375,356,4,4711.26,0.0
18998,8376,593,4,17278.87,10.0
18999,8377,616,1,18315.38,20.0
19000,8378,75,4,19138.34,10.0
19001,8378,847,4,13026.82,0.0
19002,8378,627,5,14763.79,15.0
19003,8378,895,2,7754.62,15.0
19004,8379,243,4,176.76,20.0
19005,8379,723,4,4606.01,0.0
19006,8379,228,1,5918.99,15.0
19007,8379,404,4,653.1,10.0
19008,8380,386,1,14759.78,0.0
19009,8380,487,4,1420.39,0.0
19010,8381,47,5,7909.38,20.0
19011,8381,125,5,2129.68,0.0
19012,8381,453,4,11216.79,0.0
19013,8382,88,2,25475.34,5.0
19014,8382,693,5,14898.91,0.0
19015,8382,578,3,17099.03,15.0
19016,8382,49,4,12463.05,5.0
19017,8382,162,3,13421.66,10.0
19018,8383,193,2,20867.37,5.0
19019,8383,393,2,8735.87,0.0
19020,8384,491,2,11018.52,20.0
19021,8385,214,4,17220.63,15.0
19022,8385,263,5,3234.93,15.0
19023,8386,428,4,21239.63,0.0
19024,8387,70,2,24783.28,0.0
19025,8387,64,2,18539.77,0.0
19026,8388,177,5,9631.34,5.0
19027,8388,878,1,13434.69,0.0
19028,8389,527,2,4372.63,5.0
19029,8389,582,2,19075.76,5.0
19030,8389,312,1,13798.25,0.0
19031,8389,562,1,6895.25,10.0
19032,8389,24,1,18317.93,0.0
19033,8390,689,1,13071.47,15.0
19034,8390,860,5,11880.54,0.0
19035,8390,768,5,16413.87,15.0
19036,8390,567,5,14958.32,0.0
19037,8391,500,5,6694.37,15.0
19038,8391,308,3,6864.25,0.0
19039,8392,470,2,14455.32,0.0
19040,8392,820,2,20062.61,5.0
19041,8392,877,4,10559.02,5.0
19042,8392,649,5,14601.66,20.0
19043,8393,412,1,17012.64,15.0
19044,8393,177,5,9631.34,15.0
19045,8394,399,3,20674.86,0.0
19046,8395,173,5,7108.82,5.0
19047,8395,694,4,11604.18,5.0
19048,8395,406,3,5693.41,0.0
19049,8396,3,2,16184.82,0.0
19050,8396,255,4,17032.48,0.0
19051,8397,640,2,12833.48,0.0
19052,8397,749,2,20244.79,5.0
19053,8397,383,5,11935.37,15.0
19054,8398,5,2,8313.51,0.0
19055,8399,152,4,11106.45,20.0
19056,8399,423,3,1984.71,20.0
19057,8399,387,4,22309.26,0.0
19058,8399,630,2,16772.79,20.0
19059,8399,100,1,14472.84,0.0
19060,8400,515,1,19735.52,15.0
19061,8400,682,2,9240.58,5.0
19062,8401,730,5,11885.24,0.0
19063,8401,239,1,15822.1,0.0
19064,8401,646,1,5805.21,0.0
19065,8401,674,4,11510.75,20.0
19066,8402,703,2,14544.45,15.0
19067,8402,546,3,16500.34,20.0
19068,8402,805,2,15525.28,0.0
19069,8403,548,1,17776.31,0.0
19070,8403,703,2,14544.45,20.0
19071,8403,276,3,6116.22,0.0
19072,8404,279,5,3292.56,15.0
19073,8405,367,4,14113.51,0.0
19074,8406,242,1,15852.16,20.0
19075,8406,552,3,4733.75,0.0
19076,8406,567,5,14958.32,0.0
19077,8407,389,1,3509.61,10.0
19078,8407,324,5,3772.01,0.0
19079,8408,174,2,11611.6,0.0
19080,8408,225,5,6873.83,10.0
19081,8409,637,1,9909.0,5.0
19082,8409,529,5,8097.4,0.0
19083,8410,467,3,24009.79,10.0
19084,8410,6,2,22533.66,0.0
19085,8410,584,4,8995.37,0.0
19086,8410,125,5,2129.68,15.0
19087,8411,481,1,11306.0,20.0
19088,8411,616,1,18315.38,10.0
19089,8412,148,5,17262.89,5.0
19090,8412,97,5,12470.7,0.0
19091,8413,168,3,2987.62,0.0
19092,8414,566,3,1155.19,10.0
19093,8414,832,3,9339.3,5.0
19094,8415,461,5,14975.0,10.0
19095,8416,227,2,2720.12,0.0
19096,8417,880,5,18151.13,0.0
19097,8418,203,3,12755.01,5.0
19098,8418,741,3,16605.12,15.0
19099,8418,239,4,15822.1,0.0
19100,8419,732,2,8129.26,10.0
19101,8419,352,1,11635.83,0.0
19102,8419,767,1,12752.82,0.0
19103,8420,164,5,25966.48,10.0
19104,8421,454,1,12204.15,0.0
19105,8421,369,1,6953.46,20.0
19106,8421,324,2,3772.01,10.0
19107,8421,605,4,7517.98,20.0
19108,8421,366,5,16239.91,10.0
19109,8422,299,2,7106.85,0.0
19110,8423,36,3,8033.06,5.0
19111,8423,89,1,18350.27,5.0
19112,8424,675,5,12507.1,0.0
19113,8425,897,3,966.91,20.0
19114,8426,290,4,12993.94,10.0
19115,8427,555,1,1454.57,20.0
19116,8427,220,5,12963.27,0.0
19117,8427,758,4,305.37,0.0
19118,8427,104,4,1617.45,15.0
19119,8428,891,3,12910.53,20.0
19120,8428,379,3,1624.86,0.0
19121,8428,258,5,17700.95,0.0
19122,8429,189,2,2064.84,5.0
19123,8429,192,1,18707.42,10.0
19124,8429,454,2,12204.15,0.0
19125,8430,363,5,16290.66,10.0
19126,8431,481,1,11306.0,0.0
19127,8432,482,2,2192.85,15.0
19128,8432,619,1,12004.29,10.0
19129,8432,195,4,1306.46,20.0
19130,8432,512,4,14169.19,15.0
19131,8433,713,5,26684.64,0.0
19132,8434,40,4,1150.22,0.0
19133,8434,118,1,22241.66,10.0
19134,8435,426,2,9117.48,10.0
19135,8436,742,3,12611.2,0.0
19136,8437,643,4,1936.54,15.0
19137,8437,564,1,2009.4,0.0
19138,8437,864,5,2259.89,0.0
19139,8438,438,1,12263.95,5.0
19140,8438,108,3,23388.45,10.0
19141,8439,207,5,21338.76,0.0
19142,8440,270,1,16271.78,0.0
19143,8440,144,1,19819.04,10.0
19144,8440,751,1,3818.67,0.0
19145,8441,223,5,13128.85,0.0
19146,8441,436,2,6536.15,0.0
19147,8441,92,4,18578.14,15.0
19148,8441,159,3,19350.16,15.0
19149,8441,712,5,13003.78,0.0
19150,8442,727,4,19119.71,0.0
19151,8442,225,2,6873.83,0.0
19152,8442,491,2,11018.52,0.0
19153,8442,315,4,14818.85,5.0
19154,8443,375,2,192.08,10.0
19155,8444,687,1,14696.63,20.0
19156,8444,781,5,15990.77,0.0
19157,8444,286,5,239.57,0.0
19158,8445,289,3,10379.0,0.0
19159,8446,237,4,11209.85,20.0
19160,8446,869,5,4059.75,10.0
19161,8446,84,5,16076.18,15.0
19162,8447,104,2,1617.45,10.0
19163,8447,175,4,8473.93,5.0
19164,8448,60,5,12772.87,15.0
19165,8448,91,2,11076.97,0.0
19166,8449,537,2,17211.68,0.0
19167,8450,652,5,6638.78,0.0
19168,8450,606,4,10207.96,20.0
19169,8450,614,4,21084.78,0.0
19170,8450,95,4,18635.44,10.0
19171,8450,545,1,16977.96,15.0
19172,8451,581,5,11564.32,0.0
19173,8452,349,3,2689.14,5.0
19174,8452,386,1,14759.78,20.0
19175,8453,361,2,10596.43,10.0
19176,8453,197,2,20568.54,0.0
19177,8454,268,2,3037.03,10.0
19178,8454,102,3,7542.37,5.0
19179,8454,567,4,14958.32,10.0
19180,8455,662,4,6806.59,15.0
19181,8455,231,1,18449.85,5.0
19182,8456,134,4,17132.5,0.0
19183,8457,9,2,17153.33,20.0
19184,8458,51,5,11484.39,10.0
19185,8459,539,5,249.52,0.0
19186,8460,208,3,7812.53,10.0
19187,8460,95,5,18635.44,10.0
19188,8460,636,1,7292.03,10.0
19189,8460,47,5,7909.38,0.0
19190,8460,379,2,1624.86,20.0
19191,8461,796,1,15083.08,20.0
19192,8461,889,1,15442.59,5.0
19193,8461,620,2,12173.09,5.0
19194,8462,76,5,8195.06,0.0
19195,8462,420,1,9360.46,0.0
19196,8462,594,1,13204.03,20.0
19197,8462,448,3,4391.49,0.0
19198,8462,11,1,19969.24,15.0
19199,8463,895,3,7754.62,10.0
19200,8463,133,1,18760.28,15.0
19201,8464,216,4,14201.95,0.0
19202,8464,674,2,11510.75,20.0
19203,8464,734,5,13296.98,10.0
19204,8465,236,4,4832.52,20.0
19205,8465,150,2,5234.7,0.0
19206,8466,328,5,15690.65,15.0
19207,8466,122,5,17327.18,10.0
19208,8467,294,4,10981.7,20.0
19209,8467,103,2,8717.09,0.0
19210,8468,414,1,166.83,0.0
19211,8468,77,5,13954.67,0.0
19212,8468,356,1,4711.26,0.0
19213,8469,630,4,16772.79,0.0
19214,8469,246,5,3854.15,0.0
19215,8469,25,4,14978.82,15.0
19216,8470,882,3,8433.14,5.0
19217,8471,549,1,16311.06,10.0
19218,8471,432,5,23302.07,0.0
19219,8472,52,2,12629.7,0.0
19220,8472,605,4,7517.98,5.0
19221,8473,615,1,13741.69,15.0
19222,8473,804,5,21201.2,5.0
19223,8473,93,2,7632.26,0.0
19224,8473,408,4,11218.26,0.0
19225,8474,584,4,8995.37,5.0
19226,8474,547,5,5521.08,20.0
19227,8475,805,4,15525.28,10.0
19228,8475,9,4,17153.33,0.0
19229,8475,396,2,751.13,0.0
19230,8475,378,2,1654.61,0.0
19231,8475,180,1,1628.95,0.0
19232,8476,387,1,22309.26,0.0
19233,8477,579,3,16420.05,15.0
19234,8477,265,2,4344.64,5.0
19235,8478,37,1,14064.14,0.0
19236,8478,309,1,10625.07,5.0
19237,8479,463,5,8811.92,0.0
19238,8479,847,2,13026.82,10.0
19239,8479,794,3,20250.02,15.0
19240,8480,703,2,14544.45,15.0
19241,8481,23,5,11954.03,5.0
19242,8481,245,4,13338.0,0.0
19243,8481,529,1,8097.4,0.0
19244,8482,43,4,18751.29,15.0
19245,8483,342,1,15719.78,0.0
19246,8484,684,2,8576.21,15.0
19247,8485,360,1,11713.02,15.0
19248,8485,846,5,806.68,20.0
19249,8486,147,1,2349.15,0.0
19250,8487,672,2,5939.35,0.0
19251,8487,714,2,26202.05,15.0
19252,8488,780,3,2481.3,0.0
19253,8488,711,1,16182.19,15.0
19254,8488,33,2,2593.22,20.0
19255,8488,874,4,12083.32,15.0
19256,8489,234,4,10860.79,0.0
19257,8489,797,2,13841.65,15.0
19258,8489,260,3,7198.0,5.0
19259,8489,490,3,6372.79,15.0
19260,8490,213,1,18912.24,5.0
19261,8490,227,5,2720.12,5.0
19262,8491,19,3,22067.03,0.0
19263,8492,408,4,11218.26,5.0
19264,8493,745,5,11543.63,20.0
19265,8493,283,5,11626.55,0.0
19266,8493,746,3,6075.54,10.0
19267,8493,754,3,12241.6,0.0
19268,8493,687,5,14696.63,0.0
19269,8494,738,1,19896.87,15.0
19270,8494,128,3,13624.37,10.0
19271,8494,117,2,4942.41,0.0
19272,8495,416,2,11392.81,10.0
19273,8496,550,2,9953.79,0.0
19274,8497,804,3,21201.2,15.0
19275,8497,714,5,26202.05,20.0
19276,8498,478,1,10570.88,0.0
19277,8499,551,5,23156.44,20.0
19278,8499,501,4,14745.03,10.0
19279,8499,37,4,14064.14,0.0
19280,8499,730,2,11885.24,0.0
19281,8500,742,4,12611.2,20.0
19282,8500,644,3,12974.58,0.0
19283,8501,95,4,18635.44,15.0
19284,8501,352,1,11635.83,0.0
19285,8502,275,4,10808.89,15.0
19286,8503,787,4,18758.34,0.0
19287,8503,507,1,12654.25,0.0
19288,8503,362,1,17099.97,20.0
19289,8503,300,2,6061.57,5.0
19290,8504,223,5,13128.85,10.0
19291,8504,594,5,13204.03,0.0
19292,8504,461,2,14975.0,0.0
19293,8504,352,1,11635.83,5.0
19294,8505,701,3,621.06,20.0
19295,8506,474,3,10258.52,20.0
19296,8506,213,5,18912.24,0.0
19297,8506,468,2,9057.22,0.0
19298,8506,319,2,9389.36,0.0
19299,8506,684,1,8576.21,10.0
19300,8507,793,4,4803.54,0.0
19301,8507,553,4,11099.68,0.0
19302,8507,790,5,1388.1,0.0
19303,8508,100,4,14472.84,10.0
19304,8509,267,4,16561.1,5.0
19305,8509,672,4,5939.35,0.0
19306,8510,489,2,7785.34,15.0
19307,8511,232,4,12332.61,0.0
19308,8511,744,4,6614.57,5.0
19309,8512,514,5,25746.27,0.0
19310,8513,645,1,15208.69,0.0
19311,8513,483,5,7695.04,0.0
19312,8514,191,1,12145.42,15.0
19313,8514,248,4,19406.63,0.0
19314,8515,412,4,17012.64,15.0
19315,8516,306,4,9467.51,0.0
19316,8516,94,4,15069.27,20.0
19317,8517,286,4,239.57,10.0
19318,8517,9,2,17153.33,15.0
19319,8518,475,3,6938.61,0.0
19320,8518,884,5,15919.32,20.0
19321,8518,66,3,13143.99,0.0
19322,8518,243,2,176.76,5.0
19323,8519,834,5,11307.94,5.0
19324,8519,225,5,6873.83,20.0
19325,8519,547,4,5521.08,15.0
19326,8520,805,1,15525.28,5.0
19327,8521,813,1,5532.46,10.0
19328,8521,121,1,10353.6,15.0
19329,8521,571,1,10334.44,5.0
19330,8522,318,5,7031.86,5.0
19331,8522,846,1,806.68,15.0
19332,8523,199,3,10359.07,10.0
19333,8524,795,2,21693.2,0.0
19334,8525,289,4,10379.0,0.0
19335,8525,813,2,5532.46,0.0
19336,8525,188,2,11495.49,20.0
19337,8525,626,3,12352.87,20.0
19338,8525,554,5,19734.11,0.0
19339,8526,394,5,15875.45,15.0
19340,8527,816,2,13450.11,15.0
19341,8528,624,4,15309.66,0.0
19342,8528,202,5,18119.01,0.0
19343,8529,705,2,4673.98,0.0
19344,8530,49,2,12463.05,5.0
19345,8531,807,3,15923.26,15.0
19346,8531,716,2,4599.1,5.0
19347,8532,521,2,20156.83,10.0
19348,8532,374,4,276.26,0.0
19349,8532,406,5,5693.41,10.0
19350,8532,127,1,14981.11,5.0
19351,8533,364,3,18476.31,0.0
19352,8534,559,2,10518.45,0.0
19353,8534,610,3,2359.37,5.0
19354,8534,623,1,5372.41,0.0
19355,8535,892,3,7790.38,0.0
19356,8535,223,2,13128.85,0.0
19357,8536,643,2,1936.54,20.0
19358,8536,764,2,3971.86,0.0
19359,8537,309,5,10625.07,5.0
19360,8538,384,4,5638.85,15.0
19361,8538,631,3,24606.76,0.0
19362,8539,713,2,26684.64,0.0
19363,8540,842,3,4816.41,0.0
19364,8541,291,3,3444.93,0.0
19365,8541,646,4,5805.21,0.0
19366,8541,656,5,23607.08,10.0
19367,8542,283,5,11626.55,10.0
19368,8542,466,1,10734.42,5.0
19369,8543,299,2,7106.85,15.0
19370,8543,371,1,1636.75,10.0
19371,8543,616,1,18315.38,10.0
19372,8544,264,1,19387.68,0.0
19373,8544,154,1,1144.63,5.0
19374,8545,746,3,6075.54,5.0
19375,8545,596,2,3968.53,0.0
19376,8546,324,5,3772.01,0.0
19377,8546,19,3,22067.03,0.0
19378,8547,642,1,12368.27,15.0
19379,8548,152,4,11106.45,5.0
19380,8549,169,1,16308.93,10.0
19381,8549,120,1,9678.0,0.0
19382,8549,868,1,18520.33,10.0
19383,8549,105,2,9554.98,15.0
19384,8550,117,5,4942.41,5.0
19385,8550,754,3,12241.6,20.0
19386,8551,542,3,3615.52,0.0
19387,8551,204,4,1265.16,10.0
19388,8552,492,4,9662.3,15.0
19389,8553,436,4,6536.15,10.0
19390,8554,775,1,23675.41,5.0
19391,8554,410,5,15870.26,10.0
19392,8555,657,4,11502.62,10.0
19393,8556,766,5,10014.02,20.0
19394,8556,151,4,21510.83,0.0
19395,8556,754,2,12241.6,15.0
19396,8556,28,4,15441.58,15.0
19397,8556,607,3,9557.3,10.0
19398,8557,739,1,22380.63,0.0
19399,8557,608,3,622.02,0.0
19400,8558,589,1,326.42,0.0
19401,8559,778,1,20152.02,0.0
19402,8559,694,4,11604.18,10.0
19403,8559,39,5,7958.95,0.0
19404,8560,157,3,10768.54,15.0
19405,8560,452,1,22746.4,10.0
19406,8561,317,4,14112.86,20.0
19407,8562,19,5,22067.03,0.0
19408,8562,572,3,19015.09,0.0
19409,8562,576,4,3125.72,5.0
19410,8562,765,1,810.63,20.0
19411,8563,894,2,7760.97,5.0
19412,8563,708,5,16924.57,0.0
19413,8564,104,3,1617.45,20.0
19414,8564,833,3,16884.14,0.0
19415,8564,455,2,6876.9,10.0
19416,8564,780,2,2481.3,15.0
19417,8565,830,4,3011.17,0.0
19418,8566,180,4,1628.95,0.0
19419,8566,145,4,12067.47,10.0
19420,8567,151,5,21510.83,0.0
19421,8568,819,5,14434.49,10.0
19422,8568,806,2,11627.22,5.0
19423,8568,630,5,16772.79,5.0
19424,8568,248,2,19406.63,0.0
19425,8568,730,1,11885.24,0.0
19426,8569,814,5,3387.53,0.0
19427,8570,309,5,10625.07,0.0
19428,8570,427,4,16845.82,10.0
19429,8571,65,2,16507.63,0.0
19430,8571,428,5,21239.63,10.0
19431,8571,622,1,8757.16,5.0
19432,8571,97,4,12470.7,0.0
19433,8572,504,5,13358.18,0.0
19434,8572,75,3,19138.34,0.0
19435,8572,49,3,12463.05,0.0
19436,8572,793,4,4803.54,0.0
19437,8573,572,5,19015.09,5.0
19438,8573,206,2,5960.03,20.0
19439,8574,154,2,1144.63,0.0
19440,8574,864,4,2259.89,5.0
19441,8574,457,5,19959.82,10.0
19442,8574,712,1,13003.78,20.0
19443,8574,389,1,3509.61,15.0
19444,8575,554,1,19734.11,0.0
19445,8575,241,4,11844.31,15.0
19446,8575,701,3,621.06,0.0
19447,8576,134,5,17132.5,5.0
19448,8576,419,2,4421.89,0.0
19449,8576,28,4,15441.58,15.0
19450,8577,125,1,2129.68,10.0
19451,8577,729,1,12919.83,20.0
19452,8578,23,3,11954.03,15.0
19453,8578,375,5,192.08,0.0
19454,8578,180,5,1628.95,0.0
19455,8578,784,3,8066.19,0.0
19456,8579,878,2,13434.69,15.0
19457,8579,543,3,9638.42,0.0
19458,8579,754,1,12241.6,20.0
19459,8579,433,1,8284.46,0.0
19460,8580,202,4,18119.01,10.0
19461,8580,133,1,18760.28,15.0
19462,8581,338,5,17040.27,20.0
19463,8582,607,1,9557.3,10.0
19464,8583,700,1,14408.43,20.0
19465,8583,500,1,6694.37,0.0
19466,8583,836,3,17573.65,10.0
19467,8583,823,3,16691.74,0.0
19468,8584,732,2,8129.26,5.0
19469,8584,827,2,17333.78,0.0
19470,8585,830,5,3011.17,0.0
19471,8585,625,4,7044.62,0.0
19472,8585,367,4,14113.51,20.0
19473,8585,676,3,14315.33,0.0
19474,8586,459,1,1008.42,0.0
19475,8586,764,3,3971.86,0.0
19476,8586,343,2,15859.82,5.0
19477,8586,165,4,19157.23,0.0
19478,8587,279,1,3292.56,0.0
19479,8587,622,3,8757.16,0.0
19480,8587,327,2,15380.04,0.0
19481,8588,654,4,16228.87,15.0
19482,8588,637,2,9909.0,20.0
19483,8588,202,1,18119.01,20.0
19484,8588,607,3,9557.3,0.0
19485,8589,510,1,19375.24,0.0
19486,8589,745,4,11543.63,5.0
19487,8590,164,4,25966.48,5.0
19488,8590,545,1,16977.96,10.0
19489,8590,800,3,12138.75,5.0
19490,8590,583,3,20840.66,5.0
19491,8591,807,2,15923.26,20.0
19492,8592,118,2,22241.66,0.0
19493,8592,176,1,10671.88,5.0
19494,8593,818,4,10237.03,15.0
19495,8593,652,4,6638.78,0.0
19496,8594,155,1,3485.16,0.0
19497,8594,352,3,11635.83,0.0
19498,8595,801,1,3589.73,0.0
19499,8595,114,2,7286.84,15.0
19500,8595,221,3,21061.36,5.0
19501,8596,742,4,12611.2,5.0
19502,8596,706,1,12213.81,20.0
19503,8597,425,1,4926.04,15.0
19504,8597,416,3,11392.81,0.0
19505,8598,125,1,2129.68,0.0
19506,8598,315,5,14818.85,15.0
19507,8598,794,2,20250.02,5.0
19508,8599,82,5,14774.58,20.0
19509,8600,84,2,16076.18,15.0
19510,8600,209,3,7178.41,15.0
19511,8601,681,2,17950.56,0.0
19512,8602,371,4,1636.75,5.0
19513,8603,873,2,1014.59,0.0
19514,8603,499,4,21718.63,0.0
19515,8604,618,3,13048.71,0.0
19516,8604,204,2,1265.16,5.0
19517,8604,267,1,16561.1,20.0
19518,8605,343,3,15859.82,0.0
19519,8606,339,1,13518.37,0.0
19520,8607,865,4,1829.62,0.0
19521,8607,716,2,4599.1,10.0
19522,8608,439,1,9511.48,5.0
19523,8608,23,3,11954.03,0.0
19524,8608,878,3,13434.69,0.0
19525,8608,351,4,15160.62,0.0
19526,8609,336,5,226.24,0.0
19527,8609,767,5,12752.82,15.0
19528,8610,846,2,806.68,20.0
19529,8610,710,1,11261.29,5.0
19530,8610,296,1,15359.82,0.0
19531,8611,227,5,2720.12,0.0
19532,8611,793,2,4803.54,10.0
19533,8612,246,5,3854.15,0.0
19534,8613,321,2,9347.28,15.0
19535,8613,542,3,3615.52,0.0
19536,8613,678,4,2508.38,5.0
19537,8613,633,3,15843.65,0.0
19538,8614,385,5,12324.69,5.0
19539,8614,285,2,16720.01,15.0
19540,8615,186,2,9740.85,10.0
19541,8616,367,1,14113.51,20.0
19542,8616,15,1,9257.31,0.0
19543,8616,762,4,15418.59,0.0
19544,8616,20,4,377.42,15.0
19545,8617,508,5,4967.5,5.0
19546,8617,521,2,20156.83,0.0
19547,8617,645,1,15208.69,5.0
19548,8618,428,4,21239.63,10.0
19549,8618,730,2,11885.24,0.0
19550,8618,140,2,10101.86,15.0
19551,8619,67,3,18601.02,0.0
19552,8620,709,2,7686.85,0.0
19553,8620,748,2,15319.21,0.0
19554,8620,393,3,8735.87,0.0
19555,8621,459,4,1008.42,10.0
19556,8621,326,3,16274.68,5.0
19557,8622,65,1,16507.63,0.0
19558,8622,534,3,10869.74,0.0
19559,8622,660,3,5178.7,15.0
19560,8623,247,2,1089.6,5.0
19561,8624,125,5,2129.68,0.0
19562,8625,54,5,12660.77,15.0
19563,8625,157,4,10768.54,10.0
19564,8626,378,4,1654.61,5.0
19565,8626,99,3,20609.05,15.0
19566,8627,407,2,7770.71,10.0
19567,8628,716,2,4599.1,20.0
19568,8629,70,5,24783.28,5.0
19569,8629,71,5,13770.82,5.0
19570,8630,520,5,1057.04,5.0
19571,8630,377,2,23965.45,0.0
19572,8630,620,5,12173.09,10.0
19573,8631,661,4,13705.81,5.0
19574,8631,111,2,8344.65,10.0
19575,8632,634,3,17957.51,0.0
19576,8632,276,3,6116.22,5.0
19577,8632,40,2,1150.22,0.0
19578,8633,374,5,276.26,20.0
19579,8633,822,1,4952.16,0.0
19580,8634,261,1,21999.28,20.0
19581,8634,756,5,8569.79,20.0
19582,8634,727,4,19119.71,10.0
19583,8634,815,4,20541.91,0.0
19584,8635,515,5,19735.52,0.0
19585,8635,375,5,192.08,15.0
19586,8635,154,3,1144.63,5.0
19587,8636,808,1,376.7,0.0
19588,8636,742,2,12611.2,20.0
19589,8636,389,4,3509.61,20.0
19590,8637,377,3,23965.45,10.0
19591,8637,151,4,21510.83,0.0
19592,8638,317,3,14112.86,10.0
19593,8638,92,2,18578.14,0.0
19594,8639,427,3,16845.82,10.0
19595,8639,61,1,6502.87,0.0
19596,8639,850,2,22317.22,20.0
19597,8639,406,5,5693.41,10.0
19598,8639,320,1,9179.45,0.0
19599,8640,632,3,10665.66,15.0
19600,8640,897,5,966.91,5.0
19601,8641,887,3,9495.11,20.0
19602,8641,92,4,18578.14,20.0
19603,8642,354,2,17320.16,0.0
19604,8643,737,2,16594.34,0.0
19605,8644,527,2,4372.63,0.0
19606,8645,890,3,10049.64,10.0
19607,8646,213,4,18912.24,10.0
19608,8646,531,3,9020.83,20.0
19609,8647,854,2,16327.56,20.0
19610,8647,587,3,3058.79,20.0
19611,8648,157,5,10768.54,0.0
19612,8649,337,4,1562.71,0.0
19613,8650,612,4,5006.24,20.0
19614,8650,839,2,14313.81,10.0
19615,8650,498,1,21474.1,15.0
19616,8650,608,4,622.02,15.0
19617,8650,32,1,1527.01,5.0
19618,8651,201,3,11298.96,15.0
19619,8651,231,5,18449.85,15.0
19620,8651,182,2,16329.46,0.0
19621,8652,518,2,2509.06,15.0
19622,8653,13,1,478.72,10.0
19623,8653,276,2,6116.22,20.0
19624,8653,268,3,3037.03,0.0
19625,8654,433,2,8284.46,20.0
19626,8654,567,5,14958.32,0.0
19627,8655,198,3,12806.33,20.0
19628,8656,727,2,19119.71,20.0
19629,8656,794,2,20250.02,0.0
19630,8656,304,2,23466.92,0.0
19631,8656,281,2,2023.57,10.0
19632,8657,200,1,4522.92,0.0
19633,8657,425,2,4926.04,5.0
19634,8657,585,1,10944.6,0.0
19635,8658,514,4,25746.27,15.0
19636,8658,281,2,2023.57,0.0
19637,8658,265,3,4344.64,5.0
19638,8659,799,1,8448.77,5.0
19639,8660,301,3,21720.03,0.0
19640,8661,285,4,16720.01,10.0
19641,8662,617,5,17544.22,0.0
19642,8662,791,1,11554.95,10.0
19643,8662,222,2,7009.13,0.0
19644,8663,157,2,10768.54,0.0
19645,8664,587,1,3058.79,5.0
19646,8665,19,3,22067.03,0.0
19647,8666,542,3,3615.52,15.0
19648,8667,1,3,23380.27,10.0
19649,8668,468,1,9057.22,5.0
19650,8668,549,2,16311.06,0.0
19651,8668,574,2,6143.25,10.0
19652,8669,841,2,15195.61,20.0
19653,8670,367,1,14113.51,5.0
19654,8671,727,3,19119.71,10.0
19655,8671,471,3,13086.13,5.0
19656,8672,97,2,12470.7,0.0
19657,8672,373,2,9954.9,5.0
19658,8672,648,2,5724.05,15.0
19659,8672,435,5,13058.88,0.0
19660,8673,863,1,10272.35,5.0
19661,8673,610,2,2359.37,5.0
19662,8674,514,3,25746.27,15.0
19663,8674,128,3,13624.37,20.0
19664,8675,680,2,2617.11,5.0
19665,8675,359,4,14548.05,0.0
19666,8675,675,4,12507.1,10.0
19667,8675,147,2,2349.15,0.0
19668,8675,669,5,17245.4,10.0
19669,8676,384,3,5638.85,0.0
19670,8676,822,3,4952.16,20.0
19671,8676,436,3,6536.15,0.0
19672,8677,794,4,20250.02,0.0
19673,8677,234,5,10860.79,15.0
19674,8677,169,5,16308.93,15.0
19675,8677,721,2,18878.1,0.0
19676,8678,152,3,11106.45,0.0
19677,8679,477,3,17806.82,0.0
19678,8679,23,5,11954.03,5.0
19679,8680,879,1,13227.2,0.0
19680,8680,396,4,751.13,0.0
19681,8681,172,1,6290.87,0.0
19682,8682,285,3,16720.01,10.0
19683,8682,574,1,6143.25,10.0
19684,8682,779,5,19107.25,5.0
19685,8682,249,3,19528.8,15.0
19686,8683,446,4,18287.32,0.0
19687,8683,716,2,4599.1,0.0
19688,8684,860,3,11880.54,5.0
19689,8685,92,1,18578.14,0.0
19690,8686,182,4,16329.46,0.0
19691,8686,883,3,1769.58,10.0
19692,8686,522,1,14877.94,20.0
19693,8686,861,4,8502.27,15.0
19694,8686,565,3,11175.66,20.0
19695,8687,701,1,621.06,0.0
19696,8687,27,2,10463.86,5.0
19697,8687,583,4,20840.66,0.0
19698,8687,225,1,6873.83,15.0
19699,8687,555,5,1454.57,0.0
19700,8688,364,1,18476.31,0.0
19701,8689,689,3,13071.47,0.0
19702,8689,376,3,10430.96,0.0
19703,8690,135,5,4472.34,0.0
19704,8690,667,5,11155.15,20.0
19705,8690,460,4,20514.31,0.0
19706,8691,185,2,6278.2,20.0
19707,8691,3,2,16184.82,5.0
19708,8692,437,2,10772.97,10.0
19709,8693,100,1,14472.84,0.0
19710,8693,675,5,12507.1,5.0
19711,8694,668,5,11556.92,0.0
19712,8694,347,2,9249.35,0.0
19713,8694,112,1,12897.57,15.0
19714,8694,340,3,3550.22,0.0
19715,8695,771,2,2696.54,20.0
19716,8695,557,1,4875.77,0.0
19717,8695,817,1,14780.14,0.0
19718,8695,86,5,17346.97,0.0
19719,8696,57,2,8529.28,15.0
19720,8696,242,4,15852.16,0.0
19721,8696,419,2,4421.89,20.0
19722,8697,236,3,4832.52,10.0
19723,8698,627,5,14763.79,5.0
19724,8698,688,3,3002.55,0.0
19725,8699,868,1,18520.33,10.0
19726,8699,776,3,20110.05,15.0
19727,8699,802,2,4116.0,0.0
19728,8700,615,1,13741.69,15.0
19729,8700,892,4,7790.38,0.0
19730,8701,698,4,4293.78,20.0
19731,8702,711,2,16182.19,20.0
19732,8702,467,2,24009.79,0.0
19733,8702,377,4,23965.45,5.0
19734,8702,387,2,22309.26,0.0
19735,8703,723,4,4606.01,0.0
19736,8703,539,1,249.52,15.0
19737,8704,829,3,21989.77,10.0
19738,8704,515,2,19735.52,0.0
19739,8704,657,2,11502.62,0.0
19740,8705,517,3,17350.23,0.0
19741,8705,133,2,18760.28,5.0
19742,8706,378,4,1654.61,0.0
19743,8707,159,2,19350.16,0.0
19744,8707,27,1,10463.86,0.0
19745,8707,609,4,8508.77,0.0
19746,8707,869,3,4059.75,5.0
19747,8708,135,4,4472.34,15.0
19748,8708,238,2,4482.75,10.0
19749,8709,165,4,19157.23,5.0
19750,8709,147,2,2349.15,10.0
19751,8709,755,3,144.02,0.0
19752,8709,25,3,14978.82,5.0
19753,8709,266,2,20675.58,20.0
19754,8710,599,4,442.03,10.0
19755,8710,414,2,166.83,5.0
19756,8711,83,4,7572.59,0.0
19757,8711,512,3,14169.19,5.0
19758,8712,509,3,8432.77,15.0
19759,8713,544,2,14987.27,10.0
19760,8714,522,5,14877.94,0.0
19761,8715,537,1,17211.68,10.0
19762,8715,92,4,18578.14,0.0
19763,8716,658,5,25361.82,0.0
19764,8716,581,4,11564.32,0.0
19765,8717,482,3,2192.85,10.0
19766,8717,104,2,1617.45,10.0
19767,8717,310,1,20036.92,10.0
19768,8718,333,1,6422.47,0.0
19769,8719,478,3,10570.88,15.0
19770,8719,801,5,3589.73,0.0
19771,8719,442,2,11650.88,15.0
19772,8720,311,5,11362.72,5.0
19773,8720,615,1,13741.69,5.0
19774,8721,807,1,15923.26,0.0
19775,8721,180,3,1628.95,15.0
19776,8722,595,2,16876.57,0.0
19777,8722,843,2,11008.41,10.0
19778,8723,859,3,1089.58,0.0
19779,8723,714,3,26202.05,15.0
19780,8723,759,5,15948.11,20.0
19781,8724,775,2,23675.41,20.0
19782,8725,127,3,14981.11,15.0
19783,8725,77,5,13954.67,20.0
19784,8725,434,5,16140.57,15.0
19785,8725,133,2,18760.28,15.0
19786,8726,880,2,18151.13,0.0
19787,8727,606,4,10207.96,15.0
19788,8727,81,4,1166.71,15.0
19789,8727,748,1,15319.21,0.0
19790,8728,629,5,12346.5,20.0
19791,8729,774,5,10265.71,5.0
19792,8730,545,4,16977.96,5.0
19793,8731,16,2,19747.45,0.0
19794,8732,168,4,2987.62,20.0
19795,8732,203,2,12755.01,5.0
19796,8732,298,3,15463.87,15.0
19797,8732,279,3,3292.56,0.0
19798,8732,593,4,17278.87,5.0
19799,8733,87,4,19036.03,0.0
19800,8734,446,3,18287.32,5.0
19801,8734,31,4,16628.09,0.0
19802,8734,623,5,5372.41,0.0
19803,8734,304,5,23466.92,15.0
19804,8734,796,3,15083.08,10.0
19805,8735,873,3,1014.59,10.0
19806,8736,573,2,2928.56,0.0
19807,8737,433,4,8284.46,0.0
19808,8737,301,3,21720.03,10.0
19809,8737,11,5,19969.24,20.0
19810,8738,66,5,13143.99,0.0
19811,8739,303,3,18231.15,20.0
19812,8740,480,2,11927.56,20.0
19813,8741,864,4,2259.89,15.0
19814,8741,187,5,17579.96,20.0
19815,8741,891,2,12910.53,15.0
19816,8741,1,2,23380.27,0.0
19817,8742,398,1,13400.93,5.0
19818,8743,529,2,8097.4,10.0
19819,8743,785,4,16279.21,10.0
19820,8744,420,4,9360.46,5.0
19821,8744,822,2,4952.16,0.0
19822,8744,219,4,5457.35,0.0
19823,8745,136,3,8942.91,5.0
19824,8745,532,4,14811.49,0.0
19825,8745,432,2,23302.07,5.0
19826,8745,9,3,17153.33,0.0
19827,8746,354,1,17320.16,10.0
19828,8747,5,1,8313.51,10.0
19829,8747,339,5,13518.37,15.0
19830,8747,520,4,1057.04,0.0
19831,8748,615,3,13741.69,15.0
19832,8748,783,5,803.8,10.0
19833,8748,93,2,7632.26,20.0
19834,8748,782,3,19248.75,0.0
19835,8749,345,1,7900.55,0.0
19836,8749,890,5,10049.64,0.0
19837,8749,154,1,1144.63,10.0
19838,8750,180,5,1628.95,10.0
19839,8750,26,4,12446.22,5.0
19840,8751,781,1,15990.77,10.0
19841,8751,109,1,10740.23,20.0
19842,8751,418,2,9194.68,5.0
19843,8752,851,3,6264.06,0.0
19844,8752,692,2,11530.12,20.0
19845,8753,846,5,806.68,0.0
19846,8753,353,4,7643.82,0.0
19847,8754,600,1,13416.18,10.0
19848,8754,374,3,276.26,10.0
19849,8755,303,5,18231.15,0.0
19850,8755,654,5,16228.87,0.0
19851,8756,83,5,7572.59,10.0
19852,8756,742,4,12611.2,20.0
19853,8756,259,2,20724.65,5.0
19854,8756,406,3,5693.41,20.0
19855,8756,382,1,9206.05,5.0
19856,8757,117,5,4942.41,15.0
19857,8758,14,3,10692.32,5.0
19858,8759,93,3,7632.26,10.0
19859,8759,186,4,9740.85,15.0
19860,8760,36,4,8033.06,20.0
19861,8761,475,2,6938.61,20.0
19862,8761,615,1,13741.69,15.0
19863,8761,883,2,1769.58,20.0
19864,8761,519,4,18767.62,0.0
19865,8761,297,4,17238.41,20.0
19866,8762,107,2,11842.72,5.0
19867,8763,39,1,7958.95,5.0
19868,8763,881,4,21532.91,0.0
19869,8764,696,3,2491.11,0.0
19870,8765,254,2,21957.69,20.0
19871,8765,301,4,21720.03,10.0
19872,8765,788,1,5720.07,0.0
19873,8766,92,2,18578.14,10.0
19874,8766,330,5,12351.31,0.0
19875,8766,174,5,11611.6,0.0
19876,8766,8,4,19040.64,0.0
19877,8766,881,4,21532.91,20.0
19878,8767,268,3,3037.03,0.0
19879,8768,101,1,20043.36,15.0
19880,8768,800,3,12138.75,10.0
19881,8769,139,1,7956.39,0.0
19882,8769,511,4,16710.62,20.0
19883,8770,158,3,20098.55,10.0
19884,8770,5,2,8313.51,5.0
19885,8770,335,3,10357.5,5.0
19886,8771,510,3,19375.24,0.0
19887,8771,794,3,20250.02,10.0
19888,8771,424,1,17174.37,20.0
19889,8772,256,4,6510.46,10.0
19890,8772,194,2,2770.23,0.0
19891,8773,817,1,14780.14,5.0
19892,8773,306,2,9467.51,0.0
19893,8773,316,1,7282.96,0.0
19894,8774,536,5,24253.72,0.0
19895,8774,685,3,120.67,5.0
19896,8774,870,4,4993.59,15.0
19897,8775,377,2,23965.45,0.0
19898,8775,480,5,11927.56,10.0
19899,8776,415,1,7434.55,15.0
19900,8777,488,5,13455.56,0.0
19901,8777,135,5,4472.34,10.0
19902,8778,109,3,10740.23,0.0
19903,8778,193,5,20867.37,15.0
19904,8779,583,1,20840.66,20.0
19905,8780,175,3,8473.93,0.0
19906,8780,805,2,15525.28,10.0
19907,8780,656,4,23607.08,20.0
19908,8781,625,4,7044.62,20.0
19909,8781,821,4,17002.37,15.0
19910,8781,850,4,22317.22,15.0
19911,8781,303,1,18231.15,0.0
19912,8782,248,5,19406.63,5.0
19913,8782,311,3,11362.72,0.0
19914,8782,471,2,13086.13,0.0
19915,8782,55,1,2583.6,15.0
19916,8783,295,3,18202.38,0.0
19917,8784,359,5,14548.05,0.0
19918,8784,174,1,11611.6,15.0
19919,8784,810,2,15563.4,20.0
19920,8784,142,3,21163.93,5.0
19921,8785,389,4,3509.61,0.0
19922,8785,885,5,7089.39,10.0
19923,8785,538,5,17194.4,0.0
19924,8786,258,1,17700.95,5.0
19925,8786,847,4,13026.82,10.0
19926,8786,484,3,19113.34,20.0
19927,8786,185,2,6278.2,20.0
19928,8786,841,4,15195.61,10.0
19929,8787,520,5,1057.04,0.0
19930,8787,479,2,8268.21,20.0
19931,8788,478,5,10570.88,10.0
19932,8788,366,1,16239.91,0.0
19933,8788,660,3,5178.7,0.0
19934,8789,495,4,16857.86,0.0
19935,8790,363,2,16290.66,10.0
19936,8791,303,1,18231.15,15.0
19937,8791,485,2,12732.78,15.0
19938,8792,71,3,13770.82,0.0
19939,8792,596,5,3968.53,20.0
19940,8792,114,5,7286.84,0.0
19941,8793,659,4,2808.44,20.0
19942,8793,721,5,18878.1,0.0
19943,8793,34,5,1148.2,20.0
19944,8794,125,1,2129.68,0.0
19945,8794,237,1,11209.85,5.0
19946,8794,724,1,11703.57,15.0
19947,8795,26,4,12446.22,10.0
19948,8795,360,5,11713.02,5.0
19949,8796,43,3,18751.29,10.0
19950,8796,72,5,9041.77,15.0
19951,8797,601,5,17591.52,0.0
19952,8798,244,5,7472.45,0.0
19953,8798,528,2,939.25,0.0
19954,8798,455,2,6876.9,0.0
19955,8799,466,4,10734.42,0.0
19956,8799,108,4,23388.45,0.0
19957,8799,38,3,4730.75,5.0
19958,8800,60,4,12772.87,10.0
19959,8801,257,3,13045.67,10.0
19960,8801,420,4,9360.46,10.0
19961,8802,847,5,13026.82,15.0
19962,8803,386,2,14759.78,20.0
19963,8804,647,5,8678.96,10.0
19964,8804,857,2,9589.19,10.0
19965,8805,323,2,920.73,0.0
19966,8805,397,1,8299.19,15.0
19967,8806,57,2,8529.28,20.0
19968,8806,131,4,18666.46,5.0
19969,8807,71,5,13770.82,0.0
19970,8807,461,4,14975.0,15.0
19971,8808,97,2,12470.7,0.0
19972,8808,90,4,14228.88,20.0
19973,8809,305,3,2031.07,20.0
19974,8809,195,4,1306.46,5.0
19975,8810,82,5,14774.58,0.0
19976,8810,883,3,1769.58,10.0
19977,8811,704,1,16292.88,5.0
19978,8812,529,2,8097.4,10.0
19979,8812,133,2,18760.28,0.0
19980,8813,645,5,15208.69,0.0
19981,8813,188,1,11495.49,20.0
19982,8814,511,3,16710.62,20.0
19983,8814,202,5,18119.01,15.0
19984,8815,673,3,690.26,0.0
19985,8815,710,3,11261.29,0.0
19986,8815,438,1,12263.95,5.0
19987,8815,792,1,2850.88,0.0
19988,8816,593,3,17278.87,0.0
19989,8816,816,2,13450.11,15.0
19990,8816,828,1,25138.47,20.0
19991,8817,790,5,1388.1,15.0
19992,8817,435,5,13058.88,0.0
19993,8817,101,2,20043.36,5.0
19994,8817,191,3,12145.42,0.0
19995,8818,192,4,18707.42,10.0
19996,8818,33,1,2593.22,15.0
19997,8818,808,4,376.7,5.0
19998,8818,334,3,14837.25,5.0
19999,8819,162,3,13421.66,0.0
20000,8819,313,5,7494.19,0.0
20001,8820,40,1,1150.22,0.0
20002,8820,689,2,13071.47,0.0
20003,8821,803,2,7424.51,15.0
20004,8822,870,3,4993.59,0.0
20005,8822,638,1,17008.83,20.0
20006,8822,1,2,23380.27,0.0
20007,8822,241,2,11844.31,20.0
20008,8822,152,2,11106.45,0.0
20009,8823,570,2,15355.66,5.0
20010,8823,218,5,25840.61,0.0
20011,8824,600,5,13416.18,0.0
20012,8824,855,2,2959.91,0.0
20013,8824,556,5,13361.23,5.0
20014,8825,179,1,3471.92,10.0
20015,8826,363,1,16290.66,20.0
20016,8826,21,1,20625.3,20.0
20017,8827,490,4,6372.79,20.0
20018,8827,239,3,15822.1,5.0
20019,8828,717,2,3248.01,15.0
20020,8829,6,3,22533.66,0.0
20021,8829,127,3,14981.11,15.0
20022,8830,375,1,192.08,20.0
20023,8830,869,5,4059.75,0.0
20024,8831,390,5,3964.49,20.0
20025,8832,715,2,11935.81,0.0
20026,8833,249,4,19528.8,0.0
20027,8833,154,1,1144.63,15.0
20028,8834,169,5,16308.93,5.0
20029,8835,512,5,14169.19,5.0
20030,8835,808,2,376.7,15.0
20031,8835,249,3,19528.8,0.0
20032,8836,628,1,8593.46,20.0
20033,8836,196,5,10265.86,5.0
20034,8836,28,1,15441.58,20.0
20035,8836,307,1,21906.91,20.0
20036,8837,63,5,13615.65,15.0
20037,8838,886,1,7687.78,0.0
20038,8838,569,2,17022.92,10.0
20039,8838,773,1,8183.79,15.0
20040,8838,235,4,4664.57,0.0
20041,8838,463,1,8811.92,0.0
20042,8839,147,4,2349.15,5.0
20043,8839,342,3,15719.78,20.0
20044,8840,691,3,16753.29,0.0
20045,8841,333,4,6422.47,0.0
20046,8841,269,4,11513.31,15.0
20047,8841,817,4,14780.14,0.0
20048,8842,476,2,19019.08,0.0
20049,8843,23,3,11954.03,0.0
20050,8844,425,4,4926.04,15.0
20051,8845,228,1,5918.99,15.0
20052,8846,847,2,13026.82,0.0
20053,8847,171,3,18491.26,0.0
20054,8848,596,2,3968.53,15.0
20055,8849,380,5,10068.31,0.0
20056,8849,206,4,5960.03,0.0
20057,8849,378,5,1654.61,20.0
20058,8850,281,1,2023.57,5.0
20059,8850,118,3,22241.66,0.0
20060,8851,441,2,11305.42,5.0
20061,8852,891,2,12910.53,15.0
20062,8853,123,1,15484.22,5.0
20063,8853,693,2,14898.91,0.0
20064,8854,489,4,7785.34,15.0
20065,8855,59,4,5569.5,10.0
20066,8855,527,4,4372.63,0.0
20067,8856,720,1,21429.07,0.0
20068,8857,452,3,22746.4,20.0
20069,8858,766,1,10014.02,0.0
20070,8858,877,4,10559.02,0.0
20071,8859,463,1,8811.92,0.0
20072,8860,547,1,5521.08,15.0
20073,8860,425,3,4926.04,0.0
20074,8860,674,1,11510.75,0.0
20075,8861,789,4,12946.63,20.0
20076,8861,624,2,15309.66,10.0
20077,8861,332,3,25511.86,0.0
20078,8861,766,4,10014.02,0.0
20079,8861,310,4,20036.92,0.0
20080,8862,763,3,19381.27,0.0
20081,8862,469,1,5321.69,0.0
20082,8863,144,1,19819.04,0.0
20083,8863,771,2,2696.54,10.0
20084,8864,487,5,1420.39,0.0
20085,8864,342,4,15719.78,5.0
20086,8865,397,2,8299.19,0.0
20087,8865,790,1,1388.1,0.0
20088,8866,499,2,21718.63,0.0
20089,8866,172,2,6290.87,20.0
20090,8866,419,3,4421.89,10.0
20091,8866,741,2,16605.12,5.0
20092,8867,51,2,11484.39,5.0
20093,8867,513,1,10655.97,0.0
20094,8868,715,3,11935.81,20.0
20095,8869,311,4,11362.72,15.0
20096,8869,523,3,13665.96,15.0
20097,8870,857,1,9589.19,5.0
20098,8870,282,2,19801.39,0.0
20099,8870,722,5,2404.11,0.0
20100,8871,899,1,21905.82,0.0
20101,8872,258,1,17700.95,10.0
20102,8873,447,2,10631.16,5.0
20103,8874,485,1,12732.78,0.0
20104,8875,470,5,14455.32,10.0
20105,8876,667,1,11155.15,15.0
20106,8876,65,3,16507.63,15.0
20107,8876,174,4,11611.6,10.0
20108,8876,785,1,16279.21,0.0
20109,8877,454,4,12204.15,15.0
20110,8877,822,4,4952.16,15.0
20111,8878,85,3,4996.1,0.0
20112,8878,589,1,326.42,0.0
20113,8878,428,3,21239.63,5.0
20114,8878,77,5,13954.67,20.0
20115,8879,404,4,653.1,15.0
20116,8880,153,4,1446.08,0.0
20117,8881,428,3,21239.63,0.0
20118,8882,357,2,10102.76,0.0
20119,8882,444,1,17486.46,0.0
20120,8883,284,4,15548.25,5.0
20121,8883,337,4,1562.71,0.0
20122,8883,616,5,18315.38,0.0
20123,8884,767,5,12752.82,15.0
20124,8885,340,3,3550.22,0.0
20125,8885,497,2,15989.14,15.0
20126,8885,292,3,15961.49,0.0
20127,8885,804,4,21201.2,0.0
20128,8885,582,1,19075.76,5.0
20129,8886,231,2,18449.85,0.0
20130,8886,360,1,11713.02,10.0
20131,8886,651,5,6091.61,15.0
20132,8886,401,1,3916.76,0.0
20133,8887,39,5,7958.95,20.0
20134,8888,615,3,13741.69,10.0
20135,8888,798,4,4100.19,0.0
20136,8889,464,2,7633.05,0.0
20137,8890,879,2,13227.2,10.0
20138,8890,739,4,22380.63,0.0
20139,8890,891,5,12910.53,0.0
20140,8890,520,1,1057.04,0.0
20141,8891,474,4,10258.52,10.0
20142,8891,276,2,6116.22,0.0
20143,8892,434,2,16140.57,0.0
20144,8892,864,1,2259.89,5.0
20145,8892,321,4,9347.28,0.0
20146,8893,843,3,11008.41,0.0
20147,8893,445,2,1123.05,20.0
20148,8894,445,2,1123.05,0.0
20149,8894,123,2,15484.22,15.0
20150,8894,232,4,12332.61,0.0
20151,8895,680,4,2617.11,0.0
20152,8895,767,3,12752.82,15.0
20153,8895,352,1,11635.83,20.0
20154,8895,553,2,11099.68,10.0
20155,8896,446,4,18287.32,0.0
20156,8896,763,2,19381.27,0.0
20157,8897,65,3,16507.63,0.0
20158,8897,444,3,17486.46,20.0
20159,8898,528,2,939.25,0.0
20160,8898,770,2,5579.14,15.0
20161,8899,2,4,21248.93,10.0
20162,8899,6,3,22533.66,5.0
20163,8900,349,4,2689.14,0.0
20164,8901,892,4,7790.38,0.0
20165,8901,155,5,3485.16,10.0
20166,8902,884,1,15919.32,0.0
20167,8902,331,2,6973.28,5.0
20168,8902,137,4,10885.94,0.0
20169,8902,699,5,4909.23,0.0
20170,8903,420,5,9360.46,10.0
20171,8903,612,2,5006.24,20.0
20172,8904,215,2,4666.45,0.0
20173,8904,497,4,15989.14,20.0
20174,8905,206,3,5960.03,5.0
20175,8905,399,2,20674.86,0.0
20176,8906,163,5,10971.24,20.0
20177,8906,661,2,13705.81,10.0
20178,8906,696,5,2491.11,0.0
20179,8907,58,2,2190.76,0.0
20180,8907,847,5,13026.82,10.0
20181,8908,708,3,16924.57,0.0
20182,8909,514,5,25746.27,5.0
20183,8910,719,2,7305.31,0.0
20184,8910,109,3,10740.23,20.0
20185,8911,505,4,10404.05,0.0
20186,8911,77,1,13954.67,15.0
20187,8911,408,2,11218.26,0.0
20188,8911,717,4,3248.01,0.0
20189,8912,83,5,7572.59,20.0
20190,8912,773,2,8183.79,5.0
20191,8912,885,1,7089.39,0.0
20192,8913,822,2,4952.16,0.0
20193,8914,613,3,5929.69,10.0
20194,8914,615,5,13741.69,5.0
20195,8914,420,4,9360.46,20.0
20196,8914,338,4,17040.27,10.0
20197,8915,886,4,7687.78,0.0
20198,8916,489,2,7785.34,15.0
20199,8916,471,3,13086.13,5.0
20200,8917,709,5,7686.85,10.0
20201,8917,648,5,5724.05,10.0
20202,8918,721,4,18878.1,10.0
20203,8919,267,1,16561.1,20.0
20204,8919,415,5,7434.55,5.0
20205,8919,407,3,7770.71,10.0
20206,8920,124,3,13452.12,5.0
20207,8921,605,4,7517.98,0.0
20208,8921,506,2,2449.21,5.0
20209,8921,717,2,3248.01,10.0
20210,8922,329,5,10046.75,5.0
20211,8922,806,3,11627.22,10.0
20212,8922,468,1,9057.22,0.0
20213,8923,239,5,15822.1,5.0
20214,8923,745,5,11543.63,0.0
20215,8924,302,2,16440.69,20.0
20216,8924,559,3,10518.45,15.0
20217,8925,241,4,11844.31,5.0
20218,8925,484,5,19113.34,15.0
20219,8925,448,5,4391.49,0.0
20220,8926,196,5,10265.86,5.0
20221,8927,252,1,14825.98,20.0
20222,8927,83,1,7572.59,0.0
20223,8928,297,4,17238.41,5.0
20224,8928,717,3,3248.01,0.0
20225,8929,877,5,10559.02,0.0
20226,8929,125,1,2129.68,5.0
20227,8929,173,5,7108.82,15.0
20228,8930,661,3,13705.81,20.0
20229,8931,386,5,14759.78,15.0
20230,8931,70,5,24783.28,20.0
20231,8931,497,1,15989.14,0.0
20232,8932,733,3,10948.51,0.0
20233,8932,566,3,1155.19,0.0
20234,8932,52,3,12629.7,0.0
20235,8932,115,5,14046.49,15.0
20236,8933,152,3,11106.45,10.0
20237,8933,672,5,5939.35,5.0
20238,8934,701,2,621.06,15.0
20239,8934,623,2,5372.41,20.0
20240,8935,879,4,13227.2,0.0
20241,8935,421,1,4302.81,0.0
20242,8935,267,2,16561.1,0.0
20243,8935,564,5,2009.4,0.0
20244,8936,794,5,20250.02,0.0
20245,8937,128,2,13624.37,20.0
20246,8938,324,2,3772.01,10.0
20247,8939,426,4,9117.48,0.0
20248,8939,812,4,2387.49,0.0
20249,8940,363,3,16290.66,0.0
20250,8940,627,3,14763.79,0.0
20251,8941,176,5,10671.88,0.0
20252,8941,144,5,19819.04,0.0
20253,8941,721,4,18878.1,0.0
20254,8942,788,4,5720.07,15.0
20255,8942,337,1,1562.71,10.0
20256,8942,801,2,3589.73,0.0
20257,8943,451,4,15015.83,0.0
20258,8943,536,5,24253.72,15.0
20259,8944,336,3,226.24,0.0
20260,8945,161,1,15289.65,0.0
20261,8945,617,4,17544.22,10.0
20262,8945,483,4,7695.04,0.0
20263,8946,406,3,5693.41,0.0
20264,8946,816,2,13450.11,15.0
20265,8946,74,5,21546.9,15.0
20266,8947,630,5,16772.79,20.0
20267,8948,758,4,305.37,20.0
20268,8948,147,1,2349.15,20.0
20269,8949,376,2,10430.96,0.0
20270,8949,255,4,17032.48,10.0
20271,8949,773,4,8183.79,0.0
20272,8949,500,2,6694.37,0.0
20273,8950,277,3,13719.42,5.0
20274,8951,479,5,8268.21,10.0
20275,8951,109,1,10740.23,10.0
20276,8952,273,3,19263.38,0.0
20277,8953,45,4,19804.2,0.0
20278,8954,425,1,4926.04,0.0
20279,8955,14,2,10692.32,5.0
20280,8956,592,2,4181.43,0.0
20281,8957,124,4,13452.12,0.0
20282,8957,862,5,4517.96,15.0
20283,8957,415,5,7434.55,0.0
20284,8957,258,1,17700.95,0.0
20285,8958,341,1,22578.93,5.0
20286,8958,512,2,14169.19,20.0
20287,8958,835,1,13235.32,0.0
20288,8959,870,5,4993.59,5.0
20289,8959,672,1,5939.35,0.0
20290,8959,789,3,12946.63,20.0
20291,8960,239,4,15822.1,0.0
20292,8960,707,2,1274.87,20.0
20293,8960,815,1,20541.91,15.0
20294,8961,324,5,3772.01,20.0
20295,8961,399,4,20674.86,0.0
20296,8961,594,3,13204.03,0.0
20297,8962,836,4,17573.65,10.0
20298,8962,633,1,15843.65,20.0
20299,8963,320,1,9179.45,0.0
20300,8963,249,4,19528.8,15.0
20301,8963,515,4,19735.52,15.0
20302,8964,258,4,17700.95,15.0
20303,8965,695,5,17246.64,20.0
20304,8966,636,5,7292.03,20.0
20305,8966,480,4,11927.56,20.0
20306,8967,709,1,7686.85,15.0
20307,8967,614,5,21084.78,20.0
20308,8967,55,4,2583.6,20.0
20309,8968,326,3,16274.68,0.0
20310,8969,596,4,3968.53,10.0
20311,8970,719,2,7305.31,10.0
20312,8970,884,2,15919.32,0.0
20313,8971,27,3,10463.86,20.0
20314,8972,335,3,10357.5,0.0
20315,8972,635,1,15794.51,20.0
20316,8972,654,5,16228.87,10.0
20317,8973,217,2,4337.11,20.0
20318,8973,525,5,14333.71,5.0
20319,8973,695,2,17246.64,0.0
20320,8973,744,4,6614.57,0.0
20321,8973,517,1,17350.23,10.0
20322,8974,606,2,10207.96,15.0
20323,8974,330,3,12351.31,0.0
20324,8974,97,4,12470.7,15.0
20325,8975,222,5,7009.13,10.0
20326,8976,589,2,326.42,0.0
20327,8976,171,3,18491.26,0.0
20328,8976,848,4,15587.71,0.0
20329,8976,847,3,13026.82,0.0
20330,8977,33,5,2593.22,0.0
20331,8977,174,1,11611.6,5.0
20332,8978,132,2,7609.15,0.0
20333,8979,403,1,7812.31,5.0
20334,8980,461,2,14975.0,15.0
20335,8980,258,3,17700.95,5.0
20336,8980,581,1,11564.32,0.0
20337,8981,249,2,19528.8,0.0
20338,8982,692,4,11530.12,5.0
20339,8983,661,5,13705.81,0.0
20340,8983,131,5,18666.46,5.0
20341,8984,311,2,11362.72,15.0
20342,8984,508,4,4967.5,15.0
20343,8985,532,3,14811.49,20.0
20344,8985,709,3,7686.85,10.0
20345,8985,89,3,18350.27,20.0
20346,8986,162,4,13421.66,15.0
20347,8987,509,3,8432.77,20.0
20348,8987,336,4,226.24,0.0
20349,8988,612,3,5006.24,10.0
20350,8989,269,2,11513.31,0.0
20351,8989,654,5,16228.87,5.0
20352,8989,451,5,15015.83,10.0
20353,8990,353,4,7643.82,20.0
20354,8991,726,4,5419.14,5.0
20355,8991,492,2,9662.3,15.0
20356,8991,382,5,9206.05,0.0
20357,8992,655,1,8938.91,0.0
20358,8993,401,5,3916.76,10.0
20359,8993,310,5,20036.92,0.0
20360,8993,620,5,12173.09,15.0
20361,8994,239,3,15822.1,0.0
20362,8995,159,1,19350.16,0.0
20363,8996,140,2,10101.86,10.0
20364,8997,15,3,9257.31,0.0
20365,8997,668,4,11556.92,15.0
20366,8998,512,1,14169.19,15.0
20367,8998,838,2,19410.6,15.0
20368,8998,45,2,19804.2,20.0
20369,8998,289,5,10379.0,0.0
20370,8998,250,3,5445.45,0.0
20371,8999,296,5,15359.82,0.0
20372,8999,466,2,10734.42,0.0
20373,8999,747,4,15965.2,20.0
20374,9000,723,1,4606.01,0.0
20375,9001,564,1,2009.4,0.0
20376,9001,455,1,6876.9,0.0
20377,9001,69,3,7716.81,15.0
20378,9002,437,5,10772.97,0.0
20379,9002,747,5,15965.2,5.0
20380,9003,141,2,1692.85,0.0
20381,9003,169,2,16308.93,5.0
20382,9003,40,3,1150.22,10.0
20383,9003,283,2,11626.55,0.0
20384,9004,223,3,13128.85,20.0
20385,9004,17,2,19447.69,20.0
20386,9005,513,2,10655.97,0.0
20387,9005,587,3,3058.79,15.0
20388,9005,29,5,2346.21,0.0
20389,9006,817,3,14780.14,0.0
20390,9006,509,1,8432.77,10.0
20391,9006,284,3,15548.25,0.0
20392,9007,865,2,1829.62,20.0
20393,9008,676,2,14315.33,0.0
20394,9008,788,4,5720.07,20.0
20395,9008,170,2,12133.1,20.0
20396,9008,553,3,11099.68,0.0
20397,9009,870,4,4993.59,5.0
20398,9009,82,3,14774.58,20.0
20399,9009,70,4,24783.28,10.0
20400,9009,837,2,264.26,5.0
20401,9010,582,1,19075.76,0.0
20402,9010,324,2,3772.01,5.0
20403,9010,629,4,12346.5,20.0
20404,9010,881,2,21532.91,0.0
20405,9010,343,4,15859.82,0.0
20406,9011,332,3,25511.86,15.0
20407,9011,488,4,13455.56,0.0
20408,9012,793,1,4803.54,20.0
20409,9012,478,1,10570.88,20.0
20410,9013,756,2,8569.79,5.0
20411,9013,103,5,8717.09,0.0
20412,9014,577,2,20570.33,15.0
20413,9014,348,5,19662.84,15.0
20414,9014,126,2,9886.31,20.0
20415,9015,449,3,1431.85,0.0
20416,9016,818,2,10237.03,0.0
20417,9017,36,2,8033.06,0.0
20418,9017,509,1,8432.77,15.0
20419,9018,896,2,24756.56,10.0
20420,9018,689,1,13071.47,10.0
20421,9018,883,3,1769.58,5.0
20422,9019,797,4,13841.65,5.0
20423,9019,5,5,8313.51,20.0
20424,9019,359,3,14548.05,20.0
20425,9019,68,2,21790.7,5.0
20426,9020,197,2,20568.54,5.0
20427,9021,520,3,1057.04,0.0
20428,9022,98,1,17528.8,20.0
20429,9023,108,4,23388.45,0.0
20430,9024,359,4,14548.05,5.0
20431,9025,163,4,10971.24,15.0
20432,9026,807,5,15923.26,0.0
20433,9026,59,3,5569.5,0.0
20434,9026,772,2,18195.11,0.0
20435,9026,540,3,2472.01,10.0
20436,9026,49,2,12463.05,20.0
20437,9027,299,1,7106.85,0.0
20438,9027,448,3,4391.49,20.0
20439,9028,9,1,17153.33,15.0
20440,9029,600,5,13416.18,15.0
20441,9030,622,3,8757.16,5.0
20442,9031,291,1,3444.93,0.0
20443,9031,675,4,12507.1,0.0
20444,9031,688,3,3002.55,0.0
20445,9032,24,2,18317.93,20.0
20446,9033,250,1,5445.45,0.0
20447,9034,177,3,9631.34,20.0
20448,9034,733,5,10948.51,0.0
20449,9035,301,1,21720.03,0.0
20450,9035,349,5,2689.14,20.0
20451,9036,90,4,14228.88,20.0
20452,9036,395,1,16130.97,15.0
20453,9036,739,2,22380.63,0.0
20454,9036,788,3,5720.07,0.0
20455,9036,616,2,18315.38,0.0
20456,9037,675,2,12507.1,5.0
20457,9037,411,1,17450.18,0.0
20458,9038,118,1,22241.66,10.0
20459,9038,778,3,20152.02,0.0
20460,9038,836,2,17573.65,0.0
20461,9039,55,3,2583.6,20.0
20462,9039,357,3,10102.76,15.0
20463,9039,274,5,8564.4,0.0
20464,9040,567,1,14958.32,15.0
20465,9041,254,3,21957.69,0.0
20466,9042,224,3,2233.05,10.0
20467,9043,732,4,8129.26,10.0
20468,9044,867,1,3837.28,0.0
20469,9045,315,2,14818.85,10.0
20470,9045,643,2,1936.54,10.0
20471,9046,229,1,5530.88,0.0
20472,9046,538,4,17194.4,0.0
20473,9046,486,1,18912.84,15.0
20474,9046,899,4,21905.82,5.0
20475,9047,575,5,13808.3,15.0
20476,9048,703,2,14544.45,15.0
20477,9048,395,4,16130.97,10.0
20478,9049,862,5,4517.96,0.0
20479,9049,619,1,12004.29,10.0
20480,9049,95,2,18635.44,20.0
20481,9050,288,5,6504.36,10.0
20482,9051,693,3,14898.91,5.0
20483,9051,317,3,14112.86,15.0
20484,9052,847,5,13026.82,0.0
20485,9052,680,3,2617.11,10.0
20486,9052,486,1,18912.84,20.0
20487,9053,305,2,2031.07,5.0
20488,9053,388,3,15425.62,0.0
20489,9054,304,3,23466.92,15.0
20490,9054,382,3,9206.05,15.0
20491,9055,127,4,14981.11,0.0
20492,9055,490,1,6372.79,10.0
20493,9056,427,4,16845.82,0.0
20494,9057,85,4,4996.1,0.0
20495,9057,606,4,10207.96,5.0
20496,9058,288,1,6504.36,15.0
20497,9058,893,2,17792.63,20.0
20498,9059,705,2,4673.98,0.0
20499,9059,231,5,18449.85,0.0
20500,9060,708,3,16924.57,15.0
20501,9061,880,1,18151.13,10.0
20502,9061,678,1,2508.38,0.0
20503,9062,732,1,8129.26,10.0
20504,9062,173,2,7108.82,0.0
20505,9062,100,2,14472.84,0.0
20506,9063,501,4,14745.03,0.0
20507,9064,1,3,23380.27,5.0
20508,9064,487,1,1420.39,0.0
20509,9064,656,2,23607.08,10.0
20510,9065,682,1,9240.58,5.0
20511,9065,314,2,18006.61,5.0
20512,9065,753,4,7182.61,0.0
20513,9066,330,1,12351.31,20.0
20514,9066,296,3,15359.82,10.0
20515,9066,423,3,1984.71,5.0
20516,9066,527,4,4372.63,10.0
20517,9067,431,4,24437.6,0.0
20518,9067,697,1,2018.95,0.0
20519,9068,545,1,16977.96,0.0
20520,9068,649,2,14601.66,0.0
20521,9068,829,3,21989.77,0.0
20522,9069,351,5,15160.62,15.0
20523,9070,42,1,10082.43,10.0
20524,9071,709,4,7686.85,5.0
20525,9071,547,3,5521.08,20.0
20526,9071,779,4,19107.25,0.0
20527,9071,893,1,17792.63,0.0
20528,9071,882,2,8433.14,10.0
20529,9072,418,1,9194.68,0.0
20530,9072,453,4,11216.79,15.0
20531,9072,766,1,10014.02,0.0
20532,9072,603,4,7330.01,5.0
20533,9073,737,1,16594.34,10.0
20534,9074,583,2,20840.66,10.0
20535,9074,35,1,21434.65,5.0
20536,9074,848,5,15587.71,20.0
20537,9075,706,4,12213.81,10.0
20538,9075,115,2,14046.49,0.0
20539,9075,91,1,11076.97,0.0
20540,9075,504,2,13358.18,0.0
20541,9076,582,3,19075.76,15.0
20542,9076,206,4,5960.03,0.0
20543,9077,695,5,17246.64,5.0
20544,9078,585,4,10944.6,0.0
20545,9078,897,1,966.91,5.0
20546,9078,63,3,13615.65,0.0
20547,9079,95,3,18635.44,0.0
20548,9079,261,1,21999.28,0.0
20549,9080,593,4,17278.87,10.0
20550,9080,31,1,16628.09,0.0
20551,9080,562,3,6895.25,10.0
20552,9081,26,5,12446.22,10.0
20553,9082,477,3,17806.82,0.0
20554,9083,110,3,20953.8,15.0
20555,9083,341,3,22578.93,0.0
20556,9084,503,5,955.23,20.0
20557,9085,227,2,2720.12,5.0
20558,9085,507,3,12654.25,0.0
20559,9085,492,1,9662.3,15.0
20560,9085,900,4,17425.46,5.0
20561,9085,152,4,11106.45,0.0
20562,9086,345,1,7900.55,0.0
20563,9086,200,2,4522.92,0.0
20564,9086,118,1,22241.66,5.0
20565,9086,88,2,25475.34,10.0
20566,9086,260,2,7198.0,5.0
20567,9087,521,1,20156.83,0.0
20568,9087,815,2,20541.91,15.0
20569,9087,336,1,226.24,20.0
20570,9087,330,4,12351.31,0.0
20571,9088,10,5,7250.5,0.0
20572,9089,229,3,5530.88,0.0
20573,9089,517,2,17350.23,10.0
20574,9089,699,2,4909.23,20.0
20575,9089,845,4,24202.98,0.0
20576,9090,617,5,17544.22,20.0
20577,9090,12,4,10935.76,0.0
20578,9090,892,4,7790.38,5.0
20579,9090,756,4,8569.79,15.0
20580,9091,4,5,3406.7,0.0
20581,9092,605,3,7517.98,0.0
20582,9092,363,5,16290.66,0.0
20583,9092,557,1,4875.77,0.0
20584,9092,786,2,14084.23,0.0
20585,9093,214,3,17220.63,5.0
20586,9093,314,5,18006.61,20.0
20587,9093,562,5,6895.25,0.0
20588,9094,264,4,19387.68,0.0
20589,9094,888,2,2244.3,15.0
20590,9094,379,4,1624.86,5.0
20591,9095,175,5,8473.93,0.0
20592,9095,54,1,12660.77,0.0
20593,9095,51,3,11484.39,5.0
20594,9095,846,4,806.68,15.0
20595,9096,269,3,11513.31,0.0
20596,9096,181,5,11885.47,15.0
20597,9096,645,4,15208.69,0.0
20598,9096,370,1,2983.33,5.0
20599,9097,318,3,7031.86,5.0
20600,9097,8,2,19040.64,0.0
20601,9098,763,1,19381.27,10.0
20602,9098,850,4,22317.22,15.0
20603,9099,836,3,17573.65,0.0
20604,9100,371,2,1636.75,15.0
20605,9100,550,2,9953.79,0.0
20606,9101,593,1,17278.87,5.0
20607,9101,204,3,1265.16,10.0
20608,9101,462,5,19988.3,15.0
20609,9102,309,5,10625.07,0.0
20610,9102,461,3,14975.0,0.0
20611,9102,795,2,21693.2,15.0
20612,9103,755,5,144.02,0.0
20613,9103,838,2,19410.6,0.0
20614,9104,841,5,15195.61,20.0
20615,9104,768,4,16413.87,20.0
20616,9104,527,1,4372.63,0.0
20617,9105,296,4,15359.82,0.0
20618,9105,315,4,14818.85,0.0
20619,9105,340,2,3550.22,0.0
20620,9105,202,1,18119.01,10.0
20621,9106,342,1,15719.78,15.0
20622,9106,394,2,15875.45,5.0
20623,9106,467,2,24009.79,20.0
20624,9107,535,1,5770.15,0.0
20625,9107,664,5,9991.3,0.0
20626,9108,869,5,4059.75,10.0
20627,9108,693,2,14898.91,15.0
20628,9109,651,4,6091.61,0.0
20629,9109,446,4,18287.32,0.0
20630,9109,796,4,15083.08,0.0
20631,9110,399,1,20674.86,0.0
20632,9110,785,2,16279.21,0.0
20633,9110,835,1,13235.32,0.0
20634,9111,89,3,18350.27,20.0
20635,9111,772,5,18195.11,10.0
20636,9112,135,3,4472.34,10.0
20637,9112,81,3,1166.71,15.0
20638,9112,277,1,13719.42,20.0
20639,9112,87,3,19036.03,0.0
20640,9112,376,1,10430.96,15.0
20641,9113,584,1,8995.37,10.0
20642,9113,673,3,690.26,20.0
20643,9114,294,5,10981.7,0.0
20644,9114,814,4,3387.53,0.0
20645,9114,442,1,11650.88,0.0
20646,9114,376,2,10430.96,0.0
20647,9115,695,4,17246.64,15.0
20648,9115,59,3,5569.5,20.0
20649,9116,494,2,2526.78,10.0
20650,9116,74,1,21546.9,20.0
20651,9116,159,4,19350.16,15.0
20652,9117,653,2,10229.17,0.0
20653,9117,515,2,19735.52,10.0
20654,9117,137,3,10885.94,0.0
20655,9118,253,4,17161.82,0.0
20656,9118,244,4,7472.45,20.0
20657,9118,140,4,10101.86,20.0
20658,9118,720,4,21429.07,5.0
20659,9119,210,1,12962.87,15.0
20660,9120,842,3,4816.41,15.0
20661,9120,267,3,16561.1,10.0
20662,9120,367,5,14113.51,0.0
20663,9121,186,4,9740.85,20.0
20664,9121,647,1,8678.96,0.0
20665,9122,383,1,11935.37,0.0
20666,9123,439,5,9511.48,10.0
20667,9123,217,3,4337.11,5.0
20668,9124,434,1,16140.57,0.0
20669,9125,68,5,21790.7,20.0
20670,9125,91,4,11076.97,15.0
20671,9126,687,3,14696.63,20.0
20672,9127,459,1,1008.42,10.0
20673,9128,587,2,3058.79,10.0
20674,9129,640,2,12833.48,20.0
20675,9129,479,3,8268.21,20.0
20676,9129,82,3,14774.58,20.0
20677,9129,25,1,14978.82,10.0
20678,9129,736,5,6120.5,0.0
20679,9130,718,3,17963.95,15.0
20680,9130,732,4,8129.26,20.0
20681,9131,459,1,1008.42,20.0
20682,9131,474,5,10258.52,20.0
20683,9131,687,1,14696.63,15.0
20684,9131,628,5,8593.46,15.0
20685,9132,464,4,7633.05,15.0
20686,9133,883,5,1769.58,15.0
20687,9133,24,5,18317.93,5.0
20688,9133,95,3,18635.44,5.0
20689,9134,389,5,3509.61,0.0
20690,9134,543,1,9638.42,15.0
20691,9134,849,1,11044.19,5.0
20692,9135,525,2,14333.71,15.0
20693,9135,116,1,8610.05,0.0
20694,9135,321,5,9347.28,0.0
20695,9136,773,5,8183.79,0.0
20696,9136,51,2,11484.39,0.0
20697,9137,275,1,10808.89,15.0
20698,9137,344,1,5524.58,10.0
20699,9137,337,5,1562.71,5.0
20700,9138,142,1,21163.93,0.0
20701,9138,322,4,14630.46,5.0
20702,9138,792,4,2850.88,15.0
20703,9138,283,5,11626.55,0.0
20704,9139,113,3,21843.22,0.0
20705,9140,826,1,11073.3,0.0
20706,9141,792,2,2850.88,0.0
20707,9141,249,3,19528.8,15.0
20708,9142,661,5,13705.81,10.0
20709,9143,100,2,14472.84,20.0
20710,9143,249,4,19528.8,20.0
20711,9143,737,1,16594.34,20.0
20712,9144,255,3,17032.48,5.0
20713,9144,60,1,12772.87,15.0
20714,9145,148,4,17262.89,5.0
20715,9146,410,1,15870.26,5.0
20716,9146,868,4,18520.33,20.0
20717,9146,264,3,19387.68,15.0
20718,9147,541,5,12029.72,15.0
20719,9147,337,4,1562.71,0.0
20720,9148,830,3,3011.17,0.0
20721,9149,380,3,10068.31,0.0
20722,9149,362,3,17099.97,15.0
20723,9149,648,2,5724.05,15.0
20724,9149,454,1,12204.15,20.0
20725,9149,372,2,9597.28,0.0
20726,9150,801,3,3589.73,5.0
20727,9151,322,3,14630.46,0.0
20728,9151,766,4,10014.02,20.0
20729,9151,523,4,13665.96,10.0
20730,9152,431,3,24437.6,0.0
20731,9152,814,1,3387.53,15.0
20732,9153,177,5,9631.34,5.0
20733,9153,795,1,21693.2,5.0
20734,9153,614,5,21084.78,0.0
20735,9154,861,3,8502.27,0.0
20736,9154,138,2,25438.29,0.0
20737,9155,499,3,21718.63,0.0
20738,9155,463,4,8811.92,15.0
20739,9156,302,4,16440.69,0.0
20740,9157,114,3,7286.84,0.0
20741,9158,213,2,18912.24,0.0
20742,9158,333,1,6422.47,0.0
20743,9159,481,1,11306.0,5.0
20744,9159,878,5,13434.69,20.0
20745,9159,9,1,17153.33,0.0
20746,9159,59,2,5569.5,0.0
20747,9159,844,5,8306.97,20.0
20748,9160,820,3,20062.61,15.0
20749,9160,18,4,4419.93,0.0
20750,9161,363,1,16290.66,10.0
20751,9162,499,2,21718.63,5.0
20752,9162,255,3,17032.48,0.0
20753,9163,687,1,14696.63,0.0
20754,9163,661,3,13705.81,0.0
20755,9164,480,3,11927.56,5.0
20756,9165,235,2,4664.57,0.0
20757,9166,708,5,16924.57,20.0
20758,9167,288,4,6504.36,0.0
20759,9168,23,5,11954.03,0.0
20760,9169,143,2,7946.56,20.0
20761,9170,284,5,15548.25,0.0
20762,9170,507,2,12654.25,10.0
20763,9170,421,2,4302.81,15.0
20764,9171,383,3,11935.37,0.0
20765,9172,258,3,17700.95,15.0
20766,9173,227,1,2720.12,20.0
20767,9173,156,5,963.21,0.0
20768,9173,66,1,13143.99,20.0
20769,9174,224,5,2233.05,0.0
20770,9174,583,3,20840.66,20.0
20771,9175,273,2,19263.38,5.0
20772,9175,855,3,2959.91,10.0
20773,9175,326,2,16274.68,20.0
20774,9176,723,4,4606.01,0.0
20775,9176,613,5,5929.69,0.0
20776,9176,601,1,17591.52,0.0
20777,9177,155,2,3485.16,5.0
20778,9177,106,5,10629.26,20.0
20779,9177,51,5,11484.39,10.0
20780,9178,853,3,13558.97,15.0
20781,9178,829,1,21989.77,0.0
20782,9179,303,4,18231.15,5.0
20783,9179,209,3,7178.41,10.0
20784,9179,306,5,9467.51,15.0
20785,9180,385,2,12324.69,0.0
20786,9180,660,4,5178.7,0.0
20787,9181,146,5,15804.83,0.0
20788,9181,262,4,4228.73,20.0
20789,9181,587,4,3058.79,5.0
20790,9182,14,2,10692.32,20.0
20791,9183,632,1,10665.66,15.0
20792,9183,117,3,4942.41,20.0
20793,9183,646,2,5805.21,0.0
20794,9184,731,1,960.03,0.0
20795,9185,851,4,6264.06,0.0
20796,9185,539,4,249.52,15.0
20797,9186,543,2,9638.42,0.0
20798,9186,383,2,11935.37,0.0
20799,9186,806,5,11627.22,5.0
20800,9187,58,3,2190.76,5.0
20801,9187,700,2,14408.43,0.0
20802,9187,639,5,2960.19,10.0
20803,9187,115,3,14046.49,15.0
20804,9187,13,1,478.72,5.0
20805,9188,396,1,751.13,0.0
20806,9189,792,3,2850.88,5.0
20807,9190,851,5,6264.06,0.0
20808,9190,742,4,12611.2,10.0
20809,9190,13,3,478.72,10.0
20810,9190,5,5,8313.51,0.0
20811,9191,687,1,14696.63,10.0
20812,9192,126,2,9886.31,0.0
20813,9193,88,5,25475.34,20.0
20814,9193,648,4,5724.05,0.0
20815,9194,599,3,442.03,0.0
20816,9194,347,2,9249.35,10.0
20817,9194,569,2,17022.92,0.0
20818,9195,333,2,6422.47,0.0
20819,9195,881,1,21532.91,0.0
20820,9195,292,2,15961.49,5.0
20821,9196,189,4,2064.84,5.0
20822,9196,899,2,21905.82,0.0
20823,9196,689,5,13071.47,0.0
20824,9196,600,1,13416.18,0.0
20825,9197,219,3,5457.35,0.0
20826,9198,862,1,4517.96,0.0
20827,9198,82,4,14774.58,0.0
20828,9198,267,2,16561.1,10.0
20829,9198,888,1,2244.3,15.0
20830,9199,399,3,20674.86,15.0
20831,9200,662,5,6806.59,10.0
20832,9200,151,2,21510.83,10.0
20833,9200,539,1,249.52,0.0
20834,9200,849,4,11044.19,10.0
20835,9201,2,3,21248.93,0.0
20836,9201,532,1,14811.49,0.0
20837,9201,259,4,20724.65,0.0
20838,9201,497,4,15989.14,0.0
20839,9202,252,1,14825.98,0.0
20840,9202,893,4,17792.63,0.0
20841,9202,768,5,16413.87,0.0
20842,9202,94,5,15069.27,5.0
20843,9202,875,4,9752.68,15.0
20844,9203,286,5,239.57,10.0
20845,9203,313,3,7494.19,10.0
20846,9203,728,4,1177.36,20.0
20847,9204,847,4,13026.82,20.0
20848,9205,676,1,14315.33,20.0
20849,9205,383,5,11935.37,5.0
20850,9205,726,2,5419.14,0.0
20851,9205,174,3,11611.6,5.0
20852,9205,743,4,10182.67,15.0
20853,9206,367,1,14113.51,20.0
20854,9207,805,1,15525.28,5.0
20855,9207,635,1,15794.51,15.0
20856,9208,709,3,7686.85,0.0
20857,9209,641,1,12480.0,10.0
20858,9210,674,4,11510.75,10.0
20859,9210,387,5,22309.26,0.0
20860,9211,786,1,14084.23,0.0
20861,9211,149,5,10169.3,0.0
20862,9211,15,3,9257.31,0.0
20863,9212,480,1,11927.56,0.0
20864,9213,759,2,15948.11,5.0
20865,9213,407,3,7770.71,5.0
20866,9214,410,2,15870.26,15.0
20867,9214,52,3,12629.7,5.0
20868,9214,824,1,297.67,0.0
20869,9214,266,1,20675.58,0.0
20870,9214,760,4,779.87,0.0
20871,9215,770,5,5579.14,0.0
20872,9216,491,5,11018.52,20.0
20873,9216,161,4,15289.65,0.0
20874,9216,685,5,120.67,0.0
20875,9216,195,1,1306.46,15.0
20876,9217,827,5,17333.78,0.0
20877,9217,480,4,11927.56,0.0
20878,9218,529,2,8097.4,20.0
20879,9218,822,1,4952.16,0.0
20880,9218,567,5,14958.32,5.0
20881,9219,793,5,4803.54,0.0
20882,9220,807,3,15923.26,0.0
20883,9220,762,1,15418.59,5.0
20884,9220,724,5,11703.57,0.0
20885,9221,757,1,7147.34,0.0
20886,9221,578,5,17099.03,20.0
20887,9222,229,4,5530.88,15.0
20888,9223,41,3,22568.02,0.0
20889,9224,210,1,12962.87,20.0
20890,9224,427,5,16845.82,0.0
20891,9225,780,3,2481.3,20.0
20892,9225,184,1,14178.66,0.0
20893,9225,100,4,14472.84,0.0
20894,9226,801,2,3589.73,0.0
20895,9227,354,4,17320.16,5.0
20896,9227,775,2,23675.41,10.0
20897,9227,718,3,17963.95,15.0
20898,9227,422,1,189.31,20.0
20899,9228,492,2,9662.3,5.0
20900,9229,778,4,20152.02,10.0
20901,9230,91,5,11076.97,0.0
20902,9230,36,3,8033.06,0.0
20903,9230,55,4,2583.6,5.0
20904,9230,468,4,9057.22,20.0
20905,9231,569,5,17022.92,0.0
20906,9231,104,4,1617.45,20.0
20907,9231,107,4,11842.72,5.0
20908,9231,375,2,192.08,0.0
20909,9232,446,3,18287.32,0.0
20910,9233,832,5,9339.3,10.0
20911,9233,159,3,19350.16,10.0
20912,9233,686,4,354.18,0.0
20913,9234,398,3,13400.93,15.0
20914,9234,527,4,4372.63,0.0
20915,9234,620,5,12173.09,0.0
20916,9235,419,2,4421.89,5.0
20917,9236,17,3,19447.69,0.0
20918,9236,72,2,9041.77,5.0
20919,9236,767,3,12752.82,0.0
20920,9237,713,3,26684.64,20.0
20921,9238,138,2,25438.29,0.0
20922,9238,300,2,6061.57,0.0
20923,9238,462,5,19988.3,15.0
20924,9238,566,2,1155.19,5.0
20925,9238,362,3,17099.97,0.0
20926,9239,778,4,20152.02,20.0
20927,9240,750,1,3277.38,0.0
20928,9241,267,4,16561.1,0.0
20929,9241,806,2,11627.22,20.0
20930,9241,583,2,20840.66,20.0
20931,9241,530,5,18098.15,20.0
20932,9242,26,5,12446.22,0.0
20933,9243,440,1,21618.7,0.0
20934,9243,499,2,21718.63,5.0
20935,9244,8,4,19040.64,0.0
20936,9244,400,1,19421.92,0.0
20937,9245,574,2,6143.25,0.0
20938,9245,409,4,19362.42,0.0
20939,9245,786,3,14084.23,0.0
20940,9245,289,4,10379.0,0.0
20941,9246,739,1,22380.63,5.0
20942,9246,819,2,14434.49,0.0
20943,9247,667,5,11155.15,0.0
20944,9247,178,3,14238.81,0.0
20945,9247,532,3,14811.49,15.0
20946,9247,299,2,7106.85,15.0
20947,9248,725,2,8996.66,10.0
20948,9248,416,5,11392.81,20.0
20949,9249,852,3,3347.58,15.0
20950,9249,441,1,11305.42,5.0
20951,9250,215,2,4666.45,20.0
20952,9250,645,5,15208.69,5.0
20953,9251,115,4,14046.49,10.0
20954,9251,2,4,21248.93,0.0
20955,9252,211,3,5660.73,10.0
20956,9252,85,4,4996.1,10.0
20957,9253,75,1,19138.34,0.0
20958,9253,567,1,14958.32,0.0
20959,9254,746,2,6075.54,20.0
20960,9254,885,5,7089.39,10.0
20961,9255,420,5,9360.46,15.0
20962,9255,255,5,17032.48,20.0
20963,9255,593,2,17278.87,0.0
20964,9255,235,1,4664.57,0.0
20965,9256,216,3,14201.95,20.0
20966,9257,282,1,19801.39,0.0
20967,9257,356,2,4711.26,0.0
20968,9257,757,2,7147.34,5.0
20969,9258,722,1,2404.11,0.0
20970,9258,655,1,8938.91,0.0
20971,9259,129,2,10907.63,20.0
20972,9259,341,2,22578.93,20.0
20973,9259,846,4,806.68,15.0
20974,9259,442,2,11650.88,15.0
20975,9260,406,3,5693.41,0.0
20976,9260,438,2,12263.95,0.0
20977,9260,465,3,2006.55,0.0
20978,9261,453,1,11216.79,20.0
20979,9261,159,1,19350.16,0.0
20980,9262,278,2,8494.62,15.0
20981,9263,137,4,10885.94,20.0
20982,9263,289,3,10379.0,0.0
20983,9264,384,3,5638.85,0.0
20984,9265,346,5,8215.18,20.0
20985,9265,1,2,23380.27,5.0
20986,9266,819,4,14434.49,0.0
20987,9266,357,5,10102.76,0.0
20988,9267,283,2,11626.55,0.0
20989,9268,422,3,189.31,0.0
20990,9268,341,2,22578.93,0.0
20991,9268,859,5,1089.58,0.0
20992,9269,430,2,19127.25,0.0
20993,9269,303,2,18231.15,20.0
20994,9270,121,4,10353.6,15.0
20995,9270,779,1,19107.25,0.0
20996,9271,249,3,19528.8,20.0
20997,9271,670,2,12689.21,0.0
20998,9271,66,2,13143.99,10.0
20999,9272,202,3,18119.01,0.0
21000,9272,777,4,7013.52,0.0
21001,9273,779,5,19107.25,15.0
21002,9274,659,2,2808.44,15.0
21003,9274,471,5,13086.13,20.0
21004,9274,69,1,7716.81,5.0
21005,9275,709,2,7686.85,5.0
21006,9276,492,2,9662.3,10.0
21007,9276,587,1,3058.79,20.0
21008,9277,764,3,3971.86,20.0
21009,9278,767,4,12752.82,5.0
21010,9278,883,4,1769.58,0.0
21011,9279,836,1,17573.65,0.0
21012,9280,361,4,10596.43,5.0
21013,9280,227,3,2720.12,0.0
21014,9281,60,3,12772.87,0.0
21015,9282,44,1,8591.33,0.0
21016,9283,102,5,7542.37,5.0
21017,9283,241,2,11844.31,15.0
21018,9284,248,1,19406.63,15.0
21019,9284,94,4,15069.27,15.0
21020,9285,516,5,4294.23,0.0
21021,9286,788,5,5720.07,0.0
21022,9287,618,2,13048.71,15.0
21023,9288,470,2,14455.32,0.0
21024,9288,578,1,17099.03,0.0
21025,9289,309,5,10625.07,0.0
21026,9289,554,4,19734.11,0.0
21027,9289,433,4,8284.46,20.0
21028,9290,138,1,25438.29,15.0
21029,9291,729,2,12919.83,0.0
21030,9291,76,5,8195.06,0.0
21031,9291,834,5,11307.94,20.0
21032,9292,470,4,14455.32,0.0
21033,9292,390,4,3964.49,10.0
21034,9292,272,3,8968.84,0.0
21035,9293,209,3,7178.41,0.0
21036,9293,379,2,1624.86,0.0
21037,9294,204,2,1265.16,0.0
21038,9295,419,5,4421.89,0.0
21039,9296,796,5,15083.08,0.0
21040,9296,726,2,5419.14,15.0
21041,9296,348,1,19662.84,0.0
21042,9296,46,5,6966.04,20.0
21043,9296,863,4,10272.35,15.0
21044,9297,835,3,13235.32,20.0
21045,9298,142,5,21163.93,10.0
21046,9298,420,2,9360.46,5.0
21047,9299,301,5,21720.03,15.0
21048,9299,49,5,12463.05,0.0
21049,9300,115,3,14046.49,0.0
21050,9300,893,1,17792.63,0.0
21051,9301,633,1,15843.65,15.0
21052,9301,246,1,3854.15,0.0
21053,9302,245,5,13338.0,15.0
21054,9302,530,4,18098.15,0.0
21055,9303,275,4,10808.89,20.0
21056,9303,867,4,3837.28,5.0
21057,9303,90,3,14228.88,0.0
21058,9303,885,1,7089.39,20.0
21059,9304,504,4,13358.18,5.0
21060,9304,452,3,22746.4,5.0
21061,9305,167,3,14506.97,10.0
21062,9305,285,1,16720.01,0.0
21063,9306,19,5,22067.03,0.0
21064,9307,428,4,21239.63,15.0
21065,9307,824,3,297.67,5.0
21066,9308,661,4,13705.81,20.0
21067,9308,858,1,23207.14,20.0
21068,9308,138,3,25438.29,0.0
21069,9309,898,1,9944.45,20.0
21070,9309,79,2,15602.76,0.0
21071,9309,438,3,12263.95,10.0
21072,9309,894,1,7760.97,5.0
21073,9310,274,2,8564.4,15.0
21074,9311,567,3,14958.32,0.0
21075,9311,671,4,16938.7,20.0
21076,9312,359,2,14548.05,0.0
21077,9313,410,4,15870.26,15.0
21078,9313,297,4,17238.41,5.0
21079,9313,728,5,1177.36,10.0
21080,9313,273,2,19263.38,10.0
21081,9313,446,2,18287.32,0.0
21082,9314,154,1,1144.63,0.0
21083,9315,205,5,16137.25,0.0
21084,9315,868,3,18520.33,15.0
21085,9315,797,3,13841.65,15.0
21086,9315,842,2,4816.41,0.0
21087,9315,694,3,11604.18,20.0
21088,9316,495,5,16857.86,0.0
21089,9316,530,1,18098.15,20.0
21090,9317,265,5,4344.64,15.0
21091,9317,359,4,14548.05,20.0
21092,9317,834,1,11307.94,0.0
21093,9318,285,1,16720.01,15.0
21094,9318,887,5,9495.11,10.0
21095,9319,649,5,14601.66,0.0
21096,9320,416,5,11392.81,20.0
21097,9320,787,2,18758.34,0.0
21098,9320,507,4,12654.25,15.0
21099,9321,5,3,8313.51,0.0
21100,9321,740,4,7772.66,0.0
21101,9321,52,4,12629.7,5.0
21102,9321,355,2,3894.18,5.0
21103,9322,444,5,17486.46,0.0
21104,9323,143,3,7946.56,5.0
21105,9324,833,4,16884.14,5.0
21106,9324,489,1,7785.34,5.0
21107,9324,427,3,16845.82,0.0
21108,9325,798,4,4100.19,0.0
21109,9326,315,2,14818.85,0.0
21110,9326,321,1,9347.28,0.0
21111,9326,884,1,15919.32,20.0
21112,9327,39,1,7958.95,15.0
21113,9327,321,2,9347.28,20.0
21114,9327,605,4,7517.98,0.0
21115,9328,96,1,14288.15,0.0
21116,9328,549,3,16311.06,15.0
21117,9328,424,3,17174.37,0.0
21118,9329,712,5,13003.78,5.0
21119,9329,141,1,1692.85,5.0
21120,9329,426,2,9117.48,0.0
21121,9329,364,1,18476.31,0.0
21122,9330,202,3,18119.01,0.0
21123,9331,39,1,7958.95,15.0
21124,9331,604,3,11660.05,0.0
21125,9332,679,3,5924.78,0.0
21126,9332,470,1,14455.32,20.0
21127,9332,635,2,15794.51,0.0
21128,9333,595,2,16876.57,20.0
21129,9334,18,3,4419.93,20.0
21130,9334,125,3,2129.68,0.0
21131,9334,550,2,9953.79,0.0
21132,9334,373,2,9954.9,5.0
21133,9334,430,2,19127.25,15.0
21134,9335,199,4,10359.07,0.0
21135,9335,759,5,15948.11,15.0
21136,9335,653,2,10229.17,0.0
21137,9335,316,3,7282.96,5.0
21138,9336,94,2,15069.27,5.0
21139,9337,509,4,8432.77,0.0
21140,9338,791,2,11554.95,0.0
21141,9339,468,4,9057.22,10.0
21142,9339,809,2,24052.5,0.0
21143,9339,137,4,10885.94,10.0
21144,9339,442,1,11650.88,0.0
21145,9339,697,3,2018.95,10.0
21146,9340,545,5,16977.96,5.0
21147,9340,234,1,10860.79,5.0
21148,9341,185,2,6278.2,15.0
21149,9342,184,5,14178.66,0.0
21150,9342,294,5,10981.7,10.0
21151,9342,653,3,10229.17,5.0
21152,9343,421,4,4302.81,15.0
21153,9343,167,1,14506.97,0.0
21154,9344,504,5,13358.18,5.0
21155,9345,155,4,3485.16,15.0
21156,9345,568,5,1091.56,15.0
21157,9345,647,3,8678.96,15.0
21158,9346,392,4,956.75,10.0
21159,9346,201,2,11298.96,20.0
21160,9346,728,2,1177.36,0.0
21161,9346,859,1,1089.58,0.0
21162,9347,129,2,10907.63,0.0
21163,9347,156,2,963.21,0.0
21164,9348,788,1,5720.07,15.0
21165,9349,255,1,17032.48,0.0
21166,9349,334,1,14837.25,0.0
21167,9350,353,1,7643.82,0.0
21168,9350,894,4,7760.97,20.0
21169,9350,628,2,8593.46,15.0
21170,9350,794,4,20250.02,5.0
21171,9350,622,4,8757.16,5.0
21172,9351,310,1,20036.92,0.0
21173,9351,182,5,16329.46,0.0
21174,9351,35,5,21434.65,5.0
21175,9351,396,1,751.13,0.0
21176,9351,556,3,13361.23,0.0
21177,9352,199,2,10359.07,20.0
21178,9353,221,5,21061.36,20.0
21179,9353,669,5,17245.4,15.0
21180,9354,273,4,19263.38,10.0
21181,9354,374,3,276.26,5.0
21182,9355,565,4,11175.66,15.0
21183,9356,139,5,7956.39,0.0
21184,9356,1,4,23380.27,20.0
21185,9356,755,3,144.02,0.0
21186,9357,829,3,21989.77,20.0
21187,9357,492,3,9662.3,0.0
21188,9358,390,4,3964.49,10.0
21189,9359,226,5,13594.3,15.0
21190,9359,413,2,347.03,0.0
21191,9360,183,2,23501.6,0.0
21192,9360,74,5,21546.9,0.0
21193,9361,97,3,12470.7,0.0
21194,9361,512,2,14169.19,10.0
21195,9361,688,4,3002.55,0.0
21196,9362,446,3,18287.32,10.0
21197,9362,238,1,4482.75,0.0
21198,9362,579,5,16420.05,10.0
21199,9362,785,5,16279.21,5.0
21200,9363,604,2,11660.05,0.0
21201,9364,834,2,11307.94,0.0
21202,9364,809,3,24052.5,5.0
21203,9365,881,5,21532.91,0.0
21204,9365,212,3,23358.43,0.0
21205,9365,638,5,17008.83,0.0
21206,9365,522,1,14877.94,0.0
21207,9365,570,4,15355.66,0.0
21208,9366,594,2,13204.03,0.0
21209,9366,412,4,17012.64,0.0
21210,9366,359,2,14548.05,15.0
21211,9366,270,1,16271.78,0.0
21212,9367,34,1,1148.2,15.0
21213,9367,870,1,4993.59,5.0
21214,9368,119,2,21039.52,0.0
21215,9369,596,3,3968.53,20.0
21216,9369,159,5,19350.16,0.0
21217,9369,466,1,10734.42,20.0
21218,9370,79,5,15602.76,0.0
21219,9370,520,4,1057.04,0.0
21220,9370,459,2,1008.42,10.0
21221,9370,884,5,15919.32,0.0
21222,9370,526,3,14453.05,20.0
21223,9371,744,1,6614.57,5.0
21224,9371,140,1,10101.86,5.0
21225,9372,430,2,19127.25,5.0
21226,9372,885,4,7089.39,0.0
21227,9373,309,3,10625.07,0.0
21228,9373,679,4,5924.78,5.0
21229,9373,263,1,3234.93,5.0
21230,9373,665,4,4754.37,0.0
21231,9374,182,2,16329.46,5.0
21232,9374,214,4,17220.63,10.0
21233,9374,488,4,13455.56,20.0
21234,9374,376,3,10430.96,10.0
21235,9375,75,2,19138.34,0.0
21236,9376,859,3,1089.58,20.0
21237,9376,329,5,10046.75,5.0
21238,9376,656,4,23607.08,20.0
21239,9377,642,5,12368.27,10.0
21240,9377,717,2,3248.01,0.0
21241,9377,744,5,6614.57,10.0
21242,9377,76,2,8195.06,10.0
21243,9378,730,4,11885.24,20.0
21244,9379,764,2,3971.86,20.0
21245,9379,677,4,13881.44,0.0
21246,9379,755,4,144.02,15.0
21247,9379,216,4,14201.95,15.0
21248,9380,8,5,19040.64,5.0
21249,9380,683,5,16086.04,0.0
21250,9380,344,3,5524.58,20.0
21251,9381,173,3,7108.82,0.0
21252,9381,381,3,17535.49,20.0
21253,9381,847,4,13026.82,20.0
21254,9382,347,3,9249.35,20.0
21255,9383,365,3,22789.3,15.0
21256,9383,473,5,2408.3,20.0
21257,9383,595,1,16876.57,5.0
21258,9383,285,2,16720.01,5.0
21259,9383,468,1,9057.22,5.0
21260,9384,560,3,6942.79,15.0
21261,9384,264,3,19387.68,10.0
21262,9385,489,3,7785.34,0.0
21263,9385,142,3,21163.93,10.0
21264,9385,264,3,19387.68,0.0
21265,9385,244,2,7472.45,0.0
21266,9385,209,5,7178.41,0.0
21267,9386,361,4,10596.43,15.0
21268,9386,160,4,20635.35,0.0
21269,9387,588,5,4546.5,10.0
21270,9388,34,2,1148.2,0.0
21271,9388,225,5,6873.83,5.0
21272,9388,825,5,14217.62,0.0
21273,9389,376,3,10430.96,5.0
21274,9390,39,3,7958.95,10.0
21275,9390,163,5,10971.24,0.0
21276,9390,621,3,6617.04,5.0
21277,9390,149,5,10169.3,20.0
21278,9391,194,5,2770.23,0.0
21279,9392,140,4,10101.86,0.0
21280,9392,473,1,2408.3,0.0
21281,9393,779,4,19107.25,0.0
21282,9393,128,5,13624.37,15.0
21283,9394,245,4,13338.0,15.0
21284,9395,47,3,7909.38,0.0
21285,9396,597,1,1518.2,15.0
21286,9397,892,1,7790.38,0.0
21287,9397,583,4,20840.66,0.0
21288,9397,473,3,2408.3,15.0
21289,9398,53,2,7934.72,10.0
21290,9398,105,4,9554.98,0.0
21291,9399,273,4,19263.38,0.0
21292,9399,560,1,6942.79,15.0
21293,9399,800,4,12138.75,0.0
21294,9400,175,3,8473.93,0.0
21295,9401,545,2,16977.96,0.0
21296,9402,228,5,5918.99,0.0
21297,9403,739,5,22380.63,15.0
21298,9404,273,2,19263.38,15.0
21299,9404,101,5,20043.36,20.0
21300,9404,90,4,14228.88,20.0
21301,9404,572,4,19015.09,0.0
21302,9404,283,5,11626.55,0.0
21303,9405,29,1,2346.21,5.0
21304,9405,631,1,24606.76,10.0
21305,9405,804,4,21201.2,10.0
21306,9405,785,1,16279.21,15.0
21307,9405,53,3,7934.72,5.0
21308,9406,195,5,1306.46,0.0
21309,9406,316,2,7282.96,15.0
21310,9407,478,5,10570.88,0.0
21311,9407,53,3,7934.72,0.0
21312,9407,394,3,15875.45,15.0
21313,9408,464,1,7633.05,0.0
21314,9408,197,2,20568.54,15.0
21315,9409,632,4,10665.66,20.0
21316,9409,551,3,23156.44,15.0
21317,9409,765,2,810.63,0.0
21318,9409,754,3,12241.6,5.0
21319,9409,497,3,15989.14,10.0
21320,9410,678,1,2508.38,15.0
21321,9410,567,4,14958.32,5.0
21322,9410,141,4,1692.85,0.0
21323,9411,91,1,11076.97,15.0
21324,9411,371,1,1636.75,15.0
21325,9411,520,1,1057.04,20.0
21326,9412,602,3,9166.77,5.0
21327,9412,803,1,7424.51,0.0
21328,9413,74,1,21546.9,10.0
21329,9413,839,4,14313.81,15.0
21330,9413,817,5,14780.14,20.0
21331,9414,134,3,17132.5,0.0
21332,9414,5,1,8313.51,0.0
21333,9414,549,2,16311.06,15.0
21334,9415,443,3,1560.39,20.0
21335,9416,504,3,13358.18,15.0
21336,9416,510,5,19375.24,20.0
21337,9417,468,3,9057.22,10.0
21338,9417,48,2,5117.57,0.0
21339,9417,785,5,16279.21,0.0
21340,9417,453,4,11216.79,15.0
21341,9418,716,1,4599.1,20.0
21342,9419,359,1,14548.05,20.0
21343,9420,619,3,12004.29,15.0
21344,9420,265,3,4344.64,0.0
21345,9420,533,4,20970.41,15.0
21346,9421,214,3,17220.63,10.0
21347,9421,354,2,17320.16,0.0
21348,9421,445,2,1123.05,0.0
21349,9421,329,3,10046.75,0.0
21350,9422,245,4,13338.0,20.0
21351,9422,850,2,22317.22,0.0
21352,9423,347,3,9249.35,5.0
21353,9424,271,3,20542.32,5.0
21354,9425,198,3,12806.33,0.0
21355,9425,14,2,10692.32,0.0
21356,9426,26,3,12446.22,5.0
21357,9427,198,5,12806.33,0.0
21358,9427,890,1,10049.64,5.0
21359,9427,151,1,21510.83,5.0
21360,9428,564,1,2009.4,5.0
21361,9429,29,5,2346.21,0.0
21362,9429,753,4,7182.61,0.0
21363,9429,624,2,15309.66,10.0
21364,9429,667,3,11155.15,0.0
21365,9429,312,1,13798.25,0.0
21366,9430,83,3,7572.59,5.0
21367,9431,613,3,5929.69,5.0
21368,9431,610,1,2359.37,0.0
21369,9432,651,3,6091.61,0.0
21370,9432,221,5,21061.36,20.0
21371,9432,897,5,966.91,0.0
21372,9432,611,1,6171.82,0.0
21373,9432,134,2,17132.5,0.0
21374,9433,797,3,13841.65,0.0
21375,9434,413,5,347.03,5.0
21376,9434,603,4,7330.01,5.0
21377,9434,759,4,15948.11,0.0
21378,9435,323,3,920.73,0.0
21379,9435,453,2,11216.79,0.0
21380,9435,888,4,2244.3,5.0
21381,9436,102,1,7542.37,15.0
21382,9436,379,4,1624.86,5.0
21383,9436,587,2,3058.79,20.0
21384,9437,484,2,19113.34,10.0
21385,9437,154,2,1144.63,5.0
21386,9437,472,3,15859.32,10.0
21387,9437,871,5,8110.39,5.0
21388,9437,172,5,6290.87,0.0
21389,9438,157,1,10768.54,0.0
21390,9438,664,5,9991.3,20.0
21391,9438,39,1,7958.95,0.0
21392,9438,594,2,13204.03,5.0
21393,9438,50,3,17835.15,0.0
21394,9439,2,2,21248.93,15.0
21395,9440,291,5,3444.93,15.0
21396,9440,269,3,11513.31,0.0
21397,9441,730,2,11885.24,10.0
21398,9442,591,2,6697.37,0.0
21399,9442,200,3,4522.92,10.0
21400,9442,32,3,1527.01,20.0
21401,9443,153,5,1446.08,0.0
21402,9443,782,1,19248.75,20.0
21403,9443,612,1,5006.24,0.0
21404,9443,227,5,2720.12,15.0
21405,9444,51,4,11484.39,0.0
21406,9444,718,5,17963.95,0.0
21407,9445,319,5,9389.36,5.0
21408,9445,74,4,21546.9,20.0
21409,9445,26,2,12446.22,20.0
21410,9446,730,4,11885.24,5.0
21411,9446,406,4,5693.41,15.0
21412,9446,672,5,5939.35,20.0
21413,9447,483,5,7695.04,10.0
21414,9447,353,5,7643.82,0.0
21415,9447,872,2,15107.17,10.0
21416,9447,621,4,6617.04,20.0
21417,9448,473,4,2408.3,5.0
21418,9449,320,4,9179.45,0.0
21419,9449,517,5,17350.23,10.0
21420,9449,408,5,11218.26,20.0
21421,9450,871,5,8110.39,0.0
21422,9450,182,3,16329.46,0.0
21423,9450,392,5,956.75,15.0
21424,9451,36,4,8033.06,5.0
21425,9451,537,4,17211.68,0.0
21426,9451,212,3,23358.43,20.0
21427,9452,683,4,16086.04,10.0
21428,9452,580,2,17938.87,20.0
21429,9452,784,2,8066.19,0.0
21430,9452,689,5,13071.47,0.0
21431,9453,811,5,13234.53,0.0
21432,9453,63,4,13615.65,15.0
21433,9454,716,5,4599.1,15.0
21434,9454,517,5,17350.23,15.0
21435,9455,809,2,24052.5,5.0
21436,9455,742,4,12611.2,10.0
21437,9455,65,1,16507.63,15.0
21438,9455,887,3,9495.11,15.0
21439,9456,834,3,11307.94,15.0
21440,9456,526,2,14453.05,0.0
21441,9457,385,2,12324.69,0.0
21442,9457,112,1,12897.57,0.0
21443,9458,757,5,7147.34,0.0
21444,9458,536,4,24253.72,15.0
21445,9459,554,4,19734.11,15.0
21446,9459,551,4,23156.44,0.0
21447,9460,321,3,9347.28,0.0
21448,9460,640,1,12833.48,0.0
21449,9461,649,5,14601.66,10.0
21450,9461,619,4,12004.29,10.0
21451,9461,397,2,8299.19,15.0
21452,9462,887,4,9495.11,0.0
21453,9462,653,4,10229.17,0.0
21454,9462,516,2,4294.23,15.0
21455,9462,847,1,13026.82,20.0
21456,9463,342,4,15719.78,20.0
21457,9464,791,3,11554.95,0.0
21458,9464,583,2,20840.66,20.0
21459,9464,424,2,17174.37,0.0
21460,9464,94,5,15069.27,20.0
21461,9465,366,5,16239.91,15.0
21462,9465,337,4,1562.71,20.0
21463,9465,148,3,17262.89,0.0
21464,9466,877,2,10559.02,0.0
21465,9466,483,4,7695.04,0.0
21466,9467,245,5,13338.0,0.0
21467,9467,494,3,2526.78,0.0
21468,9467,703,1,14544.45,0.0
21469,9468,728,4,1177.36,0.0
21470,9469,194,4,2770.23,20.0
21471,9469,85,5,4996.1,0.0
21472,9470,79,1,15602.76,5.0
21473,9470,814,4,3387.53,10.0
21474,9471,458,2,706.12,0.0
21475,9471,809,2,24052.5,10.0
21476,9472,829,1,21989.77,0.0
21477,9472,422,3,189.31,0.0
21478,9473,744,5,6614.57,0.0
21479,9474,333,5,6422.47,10.0
21480,9474,104,1,1617.45,0.0
21481,9475,761,2,16718.68,10.0
21482,9475,593,1,17278.87,5.0
21483,9475,245,1,13338.0,0.0
21484,9475,488,5,13455.56,0.0
21485,9476,562,3,6895.25,15.0
21486,9477,787,2,18758.34,0.0
21487,9478,5,3,8313.51,0.0
21488,9478,115,1,14046.49,15.0
21489,9479,546,5,16500.34,15.0
21490,9480,502,3,8596.35,0.0
21491,9480,106,3,10629.26,0.0
21492,9481,301,1,21720.03,0.0
21493,9481,791,4,11554.95,15.0
21494,9482,15,5,9257.31,20.0
21495,9482,420,4,9360.46,0.0
21496,9482,855,4,2959.91,0.0
21497,9483,28,5,15441.58,0.0
21498,9483,60,1,12772.87,0.0
21499,9484,271,4,20542.32,0.0
21500,9484,656,3,23607.08,10.0
21501,9485,375,4,192.08,0.0
21502,9486,535,4,5770.15,0.0
21503,9486,260,4,7198.0,20.0
21504,9486,270,4,16271.78,5.0
21505,9486,748,5,15319.21,10.0
21506,9487,179,1,3471.92,0.0
21507,9488,166,1,2581.81,0.0
21508,9488,673,4,690.26,15.0
21509,9489,130,4,12847.98,0.0
21510,9490,877,5,10559.02,20.0
21511,9490,435,4,13058.88,0.0
21512,9490,884,4,15919.32,5.0
21513,9490,789,5,12946.63,0.0
21514,9490,693,4,14898.91,0.0
21515,9491,316,3,7282.96,5.0
21516,9491,66,4,13143.99,5.0
21517,9491,183,3,23501.6,0.0
21518,9492,155,3,3485.16,15.0
21519,9493,863,3,10272.35,0.0
21520,9493,500,1,6694.37,5.0
21521,9493,567,4,14958.32,0.0
21522,9493,713,3,26684.64,10.0
21523,9493,587,4,3058.79,10.0
21524,9494,371,3,1636.75,20.0
21525,9495,690,2,12791.5,20.0
21526,9495,270,3,16271.78,20.0
21527,9496,150,1,5234.7,0.0
21528,9496,438,3,12263.95,0.0
21529,9497,824,5,297.67,0.0
21530,9497,326,4,16274.68,0.0
21531,9497,383,4,11935.37,10.0
21532,9497,171,4,18491.26,15.0
21533,9497,675,2,12507.1,0.0
21534,9498,857,5,9589.19,0.0
21535,9498,32,3,1527.01,0.0
21536,9498,48,3,5117.57,0.0
21537,9499,14,1,10692.32,20.0
21538,9499,537,2,17211.68,10.0
21539,9500,285,5,16720.01,0.0
21540,9500,148,4,17262.89,0.0
21541,9500,185,4,6278.2,15.0
21542,9500,440,3,21618.7,5.0
21543,9501,44,1,8591.33,10.0
21544,9502,209,4,7178.41,10.0
21545,9502,494,4,2526.78,0.0
21546,9502,398,5,13400.93,20.0
21547,9502,220,4,12963.27,0.0
21548,9503,736,4,6120.5,20.0
21549,9504,174,4,11611.6,0.0
21550,9505,898,4,9944.45,5.0
21551,9505,162,5,13421.66,15.0
21552,9506,248,4,19406.63,0.0
21553,9506,704,4,16292.88,0.0
21554,9507,483,3,7695.04,5.0
21555,9507,565,2,11175.66,5.0
21556,9507,99,1,20609.05,5.0
21557,9507,823,2,16691.74,20.0
21558,9508,519,2,18767.62,0.0
21559,9509,259,2,20724.65,5.0
21560,9509,807,4,15923.26,5.0
21561,9510,710,4,11261.29,0.0
21562,9511,676,2,14315.33,10.0
21563,9512,808,1,376.7,10.0
21564,9513,62,4,13136.19,5.0
21565,9513,355,3,3894.18,0.0
21566,9513,214,4,17220.63,15.0
21567,9513,827,4,17333.78,0.0
21568,9514,157,5,10768.54,10.0
21569,9515,64,2,18539.77,0.0
21570,9516,800,2,12138.75,15.0
21571,9516,148,4,17262.89,15.0
21572,9516,671,2,16938.7,0.0
21573,9517,863,3,10272.35,10.0
21574,9518,487,3,1420.39,5.0
21575,9519,133,4,18760.28,0.0
21576,9519,288,3,6504.36,0.0
21577,9520,147,5,2349.15,10.0
21578,9520,618,4,13048.71,0.0
21579,9521,278,3,8494.62,15.0
21580,9522,122,5,17327.18,15.0
21581,9522,102,5,7542.37,20.0
21582,9523,665,3,4754.37,10.0
21583,9523,60,4,12772.87,20.0
21584,9523,178,4,14238.81,20.0
21585,9523,740,1,7772.66,5.0
21586,9524,842,3,4816.41,15.0
21587,9524,858,5,23207.14,0.0
21588,9524,562,1,6895.25,10.0
21589,9525,568,3,1091.56,0.0
21590,9525,189,5,2064.84,0.0
21591,9525,722,3,2404.11,0.0
21592,9526,426,5,9117.48,0.0
21593,9527,608,1,622.02,15.0
21594,9528,205,1,16137.25,0.0
21595,9529,126,3,9886.31,20.0
21596,9530,698,5,4293.78,10.0
21597,9530,447,2,10631.16,5.0
21598,9530,77,4,13954.67,0.0
21599,9531,249,1,19528.8,0.0
21600,9532,353,5,7643.82,15.0
21601,9532,422,4,189.31,0.0
21602,9533,117,2,4942.41,20.0
21603,9534,411,5,17450.18,0.0
21604,9534,475,3,6938.61,5.0
21605,9534,668,2,11556.92,0.0
21606,9535,239,4,15822.1,20.0
21607,9536,816,1,13450.11,15.0
21608,9536,155,4,3485.16,0.0
21609,9536,291,5,3444.93,20.0
21610,9537,233,1,12825.71,20.0
21611,9537,653,1,10229.17,5.0
21612,9538,662,5,6806.59,0.0
21613,9539,460,5,20514.31,15.0
21614,9539,766,5,10014.02,0.0
21615,9539,441,5,11305.42,5.0
21616,9539,554,2,19734.11,15.0
21617,9540,892,1,7790.38,20.0
21618,9540,176,4,10671.88,5.0
21619,9541,609,2,8508.77,15.0
21620,9542,214,3,17220.63,0.0
21621,9542,628,2,8593.46,15.0
21622,9542,288,5,6504.36,20.0
21623,9543,147,3,2349.15,5.0
21624,9543,812,1,2387.49,15.0
21625,9543,342,5,15719.78,5.0
21626,9544,28,1,15441.58,20.0
21627,9544,106,1,10629.26,5.0
21628,9545,257,3,13045.67,15.0
21629,9546,176,2,10671.88,10.0
21630,9546,788,4,5720.07,20.0
21631,9546,541,5,12029.72,0.0
21632,9546,431,4,24437.6,0.0
21633,9547,352,5,11635.83,0.0
21634,9547,608,2,622.02,0.0
21635,9548,284,5,15548.25,10.0
21636,9548,157,1,10768.54,20.0
21637,9548,633,1,15843.65,10.0
21638,9549,526,2,14453.05,0.0
21639,9549,759,4,15948.11,0.0
21640,9549,297,1,17238.41,0.0
21641,9549,474,2,10258.52,0.0
21642,9550,389,5,3509.61,20.0
21643,9550,856,2,836.93,0.0
21644,9550,248,3,19406.63,0.0
21645,9550,433,2,8284.46,5.0
21646,9550,533,4,20970.41,10.0
21647,9551,535,3,5770.15,0.0
21648,9551,226,2,13594.3,0.0
21649,9551,238,2,4482.75,0.0
21650,9552,92,3,18578.14,15.0
21651,9552,12,2,10935.76,0.0
21652,9553,493,5,7964.23,10.0
21653,9553,615,4,13741.69,10.0
21654,9553,580,3,17938.87,0.0
21655,9553,551,4,23156.44,10.0
21656,9553,175,4,8473.93,20.0
21657,9554,561,1,863.13,0.0
21658,9555,41,4,22568.02,0.0
21659,9555,665,1,4754.37,0.0
21660,9556,125,5,2129.68,20.0
21661,9556,203,1,12755.01,5.0
21662,9556,623,4,5372.41,0.0
21663,9556,755,3,144.02,0.0
21664,9557,88,1,25475.34,15.0
21665,9557,571,3,10334.44,20.0
21666,9557,892,3,7790.38,10.0
21667,9558,697,5,2018.95,15.0
21668,9558,324,2,3772.01,0.0
21669,9558,869,5,4059.75,15.0
21670,9558,168,1,2987.62,15.0
21671,9558,35,5,21434.65,20.0
21672,9559,533,5,20970.41,0.0
21673,9559,269,1,11513.31,20.0
21674,9560,794,2,20250.02,0.0
21675,9560,183,5,23501.6,15.0
21676,9561,806,3,11627.22,10.0
21677,9562,202,1,18119.01,0.0
21678,9563,888,4,2244.3,20.0
21679,9563,750,4,3277.38,5.0
21680,9563,561,4,863.13,15.0
21681,9563,615,4,13741.69,0.0
21682,9563,444,1,17486.46,0.0
21683,9564,161,2,15289.65,15.0
21684,9564,812,2,2387.49,5.0
21685,9564,583,2,20840.66,20.0
21686,9565,807,3,15923.26,10.0
21687,9565,391,4,12976.53,20.0
21688,9565,336,4,226.24,0.0
21689,9566,131,2,18666.46,10.0
21690,9566,606,1,10207.96,10.0
21691,9566,620,5,12173.09,10.0
21692,9566,366,2,16239.91,5.0
21693,9566,270,5,16271.78,5.0
21694,9567,617,2,17544.22,20.0
21695,9567,161,2,15289.65,0.0
21696,9568,852,3,3347.58,20.0
21697,9569,758,3,305.37,0.0
21698,9569,45,3,19804.2,5.0
21699,9569,36,2,8033.06,10.0
21700,9569,814,2,3387.53,15.0
21701,9570,177,5,9631.34,5.0
21702,9570,162,2,13421.66,10.0
21703,9571,306,5,9467.51,20.0
21704,9571,876,3,6589.16,0.0
21705,9572,666,3,16085.16,5.0
21706,9572,86,4,17346.97,0.0
21707,9573,856,5,836.93,5.0
21708,9573,363,1,16290.66,0.0
21709,9573,396,2,751.13,0.0
21710,9574,311,5,11362.72,5.0
21711,9574,247,2,1089.6,10.0
21712,9574,617,2,17544.22,0.0
21713,9575,686,4,354.18,0.0
21714,9576,820,5,20062.61,5.0
21715,9576,267,2,16561.1,0.0
21716,9577,505,3,10404.05,0.0
21717,9577,880,4,18151.13,0.0
21718,9577,45,1,19804.2,15.0
21719,9578,857,4,9589.19,10.0
21720,9578,696,3,2491.11,5.0
21721,9579,621,5,6617.04,5.0
21722,9579,194,1,2770.23,20.0
21723,9580,264,3,19387.68,0.0
21724,9580,50,3,17835.15,0.0
21725,9581,24,5,18317.93,15.0
21726,9581,487,1,1420.39,0.0
21727,9582,615,1,13741.69,0.0
21728,9582,450,5,5004.29,5.0
21729,9583,390,2,3964.49,0.0
21730,9583,80,2,7681.36,5.0
21731,9584,651,2,6091.61,0.0
21732,9585,810,1,15563.4,10.0
21733,9585,550,3,9953.79,10.0
21734,9585,494,2,2526.78,5.0
21735,9585,35,5,21434.65,0.0
21736,9585,155,3,3485.16,5.0
21737,9586,93,2,7632.26,5.0
21738,9586,416,2,11392.81,0.0
21739,9586,360,5,11713.02,0.0
21740,9586,202,4,18119.01,10.0
21741,9587,215,3,4666.45,15.0
21742,9587,45,2,19804.2,15.0
21743,9588,129,1,10907.63,20.0
21744,9589,130,3,12847.98,10.0
21745,9590,767,2,12752.82,15.0
21746,9591,481,1,11306.0,20.0
21747,9591,219,4,5457.35,0.0
21748,9591,830,1,3011.17,5.0
21749,9591,197,3,20568.54,5.0
21750,9591,179,3,3471.92,5.0
21751,9592,140,1,10101.86,15.0
21752,9592,180,3,1628.95,20.0
21753,9592,470,3,14455.32,10.0
21754,9592,895,3,7754.62,0.0
21755,9593,237,2,11209.85,0.0
21756,9594,572,1,19015.09,10.0
21757,9594,700,1,14408.43,0.0
21758,9594,528,3,939.25,0.0
21759,9595,898,1,9944.45,5.0
21760,9595,884,1,15919.32,0.0
21761,9595,619,4,12004.29,5.0
21762,9595,890,5,10049.64,0.0
21763,9596,378,2,1654.61,20.0
21764,9596,481,1,11306.0,0.0
21765,9597,761,1,16718.68,0.0
21766,9597,710,5,11261.29,0.0
21767,9597,295,5,18202.38,10.0
21768,9597,626,3,12352.87,5.0
21769,9598,490,5,6372.79,0.0
21770,9598,94,1,15069.27,15.0
21771,9599,399,3,20674.86,0.0
21772,9600,695,2,17246.64,15.0
21773,9600,471,4,13086.13,15.0
21774,9601,128,4,13624.37,0.0
21775,9601,582,3,19075.76,0.0
21776,9601,25,1,14978.82,20.0
21777,9602,506,5,2449.21,0.0
21778,9602,661,4,13705.81,0.0
21779,9603,665,1,4754.37,15.0
21780,9603,97,1,12470.7,0.0
21781,9604,824,4,297.67,20.0
21782,9604,18,4,4419.93,0.0
21783,9605,539,3,249.52,0.0
21784,9606,637,1,9909.0,0.0
21785,9607,125,5,2129.68,10.0
21786,9607,331,1,6973.28,10.0
21787,9608,64,4,18539.77,15.0
21788,9608,420,5,9360.46,10.0
21789,9608,214,3,17220.63,20.0
21790,9609,614,2,21084.78,20.0
21791,9609,508,1,4967.5,20.0
21792,9610,781,3,15990.77,5.0
21793,9611,241,3,11844.31,20.0
21794,9611,181,2,11885.47,20.0
21795,9611,602,2,9166.77,20.0
21796,9611,202,2,18119.01,0.0
21797,9612,494,3,2526.78,15.0
21798,9612,240,1,3443.85,0.0
21799,9613,820,3,20062.61,0.0
21800,9614,288,4,6504.36,10.0
21801,9614,302,5,16440.69,20.0
21802,9614,634,3,17957.51,10.0
21803,9614,836,2,17573.65,0.0
21804,9615,52,5,12629.7,15.0
21805,9616,843,1,11008.41,0.0
21806,9616,32,3,1527.01,10.0
21807,9617,849,3,11044.19,0.0
21808,9617,886,4,7687.78,0.0
21809,9618,465,4,2006.55,10.0
21810,9618,884,4,15919.32,10.0
21811,9618,595,3,16876.57,10.0
21812,9619,469,5,5321.69,0.0
21813,9620,213,3,18912.24,20.0
21814,9621,267,5,16561.1,5.0
21815,9621,96,2,14288.15,5.0
21816,9622,818,3,10237.03,10.0
21817,9623,846,3,806.68,10.0
21818,9623,648,1,5724.05,0.0
21819,9623,1,3,23380.27,0.0
21820,9623,799,2,8448.77,15.0
21821,9624,338,2,17040.27,0.0
21822,9624,480,4,11927.56,10.0
21823,9624,536,4,24253.72,10.0
21824,9625,511,3,16710.62,0.0
21825,9626,533,1,20970.41,5.0
21826,9627,256,2,6510.46,0.0
21827,9627,851,1,6264.06,0.0
21828,9627,445,5,1123.05,20.0
21829,9628,529,2,8097.4,0.0
21830,9628,231,1,18449.85,15.0
21831,9628,355,4,3894.18,10.0
21832,9629,232,3,12332.61,20.0
21833,9629,172,2,6290.87,15.0
21834,9629,843,3,11008.41,15.0
21835,9629,98,3,17528.8,20.0
21836,9630,512,2,14169.19,5.0
21837,9630,812,2,2387.49,15.0
21838,9631,497,2,15989.14,5.0
21839,9632,885,4,7089.39,15.0
21840,9633,208,2,7812.53,20.0
21841,9633,631,5,24606.76,15.0
21842,9633,551,1,23156.44,0.0
21843,9633,785,3,16279.21,5.0
21844,9634,407,4,7770.71,20.0
21845,9634,161,3,15289.65,20.0
21846,9634,591,3,6697.37,10.0
21847,9635,158,1,20098.55,5.0
21848,9635,280,3,14095.63,10.0
21849,9635,756,4,8569.79,0.0
21850,9635,267,3,16561.1,0.0
21851,9636,688,2,3002.55,0.0
21852,9637,315,2,14818.85,10.0
21853,9638,432,3,23302.07,0.0
21854,9639,288,5,6504.36,20.0
21855,9639,354,2,17320.16,0.0
21856,9640,84,5,16076.18,0.0
21857,9640,606,4,10207.96,0.0
21858,9640,39,2,7958.95,0.0
21859,9641,75,3,19138.34,0.0
21860,9641,101,4,20043.36,10.0
21861,9641,181,4,11885.47,10.0
21862,9641,549,1,16311.06,5.0
21863,9641,625,5,7044.62,5.0
21864,9642,130,2,12847.98,0.0
21865,9642,140,1,10101.86,0.0
21866,9643,802,2,4116.0,10.0
21867,9644,304,4,23466.92,20.0
21868,9644,323,5,920.73,20.0
21869,9645,187,4,17579.96,0.0
21870,9645,129,5,10907.63,5.0
21871,9646,689,3,13071.47,0.0
21872,9646,809,1,24052.5,5.0
21873,9646,824,1,297.67,20.0
21874,9646,458,5,706.12,15.0
21875,9646,84,1,16076.18,20.0
21876,9647,705,5,4673.98,0.0
21877,9648,32,2,1527.01,0.0
21878,9649,349,2,2689.14,5.0
21879,9649,232,3,12332.61,15.0
21880,9650,713,5,26684.64,0.0
21881,9650,156,1,963.21,0.0
21882,9650,115,3,14046.49,0.0
21883,9651,238,4,4482.75,5.0
21884,9651,742,1,12611.2,15.0
21885,9652,675,2,12507.1,10.0
21886,9652,135,5,4472.34,10.0
21887,9652,553,1,11099.68,20.0
21888,9653,293,5,282.61,0.0
21889,9654,341,3,22578.93,0.0
21890,9654,497,1,15989.14,0.0
21891,9655,352,2,11635.83,20.0
21892,9656,580,5,17938.87,15.0
21893,9656,172,3,6290.87,15.0
21894,9657,751,5,3818.67,5.0
21895,9657,708,2,16924.57,20.0
21896,9657,632,5,10665.66,0.0
21897,9658,36,2,8033.06,0.0
21898,9659,166,2,2581.81,0.0
21899,9659,254,3,21957.69,0.0
21900,9660,753,2,7182.61,0.0
21901,9661,146,5,15804.83,15.0
21902,9661,784,4,8066.19,0.0
21903,9661,3,3,16184.82,5.0
21904,9662,167,2,14506.97,15.0
21905,9662,259,1,20724.65,15.0
21906,9662,891,3,12910.53,10.0
21907,9662,82,5,14774.58,20.0
21908,9663,581,4,11564.32,5.0
21909,9663,772,2,18195.11,15.0
21910,9664,408,3,11218.26,10.0
21911,9664,158,3,20098.55,0.0
21912,9665,318,3,7031.86,0.0
21913,9666,295,1,18202.38,0.0
21914,9667,140,2,10101.86,15.0
21915,9668,609,1,8508.77,10.0
21916,9668,729,1,12919.83,0.0
21917,9668,564,1,2009.4,20.0
21918,9668,779,3,19107.25,15.0
21919,9669,396,1,751.13,10.0
21920,9670,178,3,14238.81,5.0
21921,9670,225,5,6873.83,0.0
21922,9670,639,2,2960.19,20.0
21923,9670,573,1,2928.56,0.0
21924,9671,725,1,8996.66,5.0
21925,9671,875,3,9752.68,0.0
21926,9671,40,5,1150.22,0.0
21927,9672,635,4,15794.51,5.0
21928,9673,63,4,13615.65,20.0
21929,9674,664,1,9991.3,0.0
21930,9675,852,5,3347.58,20.0
21931,9676,365,1,22789.3,10.0
21932,9676,425,4,4926.04,5.0
21933,9677,601,2,17591.52,0.0
21934,9677,340,5,3550.22,0.0
21935,9677,557,5,4875.77,20.0
21936,9678,345,2,7900.55,0.0
21937,9678,206,4,5960.03,5.0
21938,9678,339,5,13518.37,0.0
21939,9678,484,3,19113.34,15.0
21940,9678,10,3,7250.5,0.0
21941,9679,487,1,1420.39,5.0
21942,9680,56,5,18137.71,0.0
21943,9680,99,1,20609.05,5.0
21944,9680,507,4,12654.25,0.0
21945,9680,473,2,2408.3,20.0
21946,9681,381,4,17535.49,0.0
21947,9681,154,5,1144.63,0.0
21948,9682,129,2,10907.63,5.0
21949,9682,619,3,12004.29,0.0
21950,9683,120,3,9678.0,5.0
21951,9684,149,2,10169.3,15.0
21952,9684,737,2,16594.34,20.0
21953,9685,603,1,7330.01,0.0
21954,9685,415,5,7434.55,15.0
21955,9686,30,3,18303.29,20.0
21956,9686,603,1,7330.01,10.0
21957,9687,192,2,18707.42,0.0
21958,9687,871,5,8110.39,0.0
21959,9687,877,2,10559.02,0.0
21960,9687,696,5,2491.11,15.0
21961,9687,641,2,12480.0,20.0
21962,9688,699,4,4909.23,0.0
21963,9689,608,5,622.02,10.0
21964,9689,491,1,11018.52,0.0
21965,9689,464,2,7633.05,0.0
21966,9690,771,1,2696.54,10.0
21967,9691,332,2,25511.86,5.0
21968,9692,679,3,5924.78,0.0
21969,9693,832,1,9339.3,5.0
21970,9693,36,1,8033.06,5.0
21971,9694,803,2,7424.51,0.0
21972,9694,743,1,10182.67,0.0
21973,9694,453,2,11216.79,20.0
21974,9695,238,4,4482.75,10.0
21975,9695,264,2,19387.68,20.0
21976,9696,318,4,7031.86,15.0
21977,9696,80,4,7681.36,5.0
21978,9697,790,2,1388.1,20.0
21979,9697,606,5,10207.96,0.0
21980,9698,385,4,12324.69,0.0
21981,9698,103,3,8717.09,5.0
21982,9698,87,2,19036.03,20.0
21983,9698,890,1,10049.64,0.0
21984,9698,488,3,13455.56,10.0
21985,9699,838,1,19410.6,0.0
21986,9700,643,5,1936.54,20.0
21987,9701,460,5,20514.31,0.0
21988,9702,846,4,806.68,0.0
21989,9702,307,5,21906.91,20.0
21990,9703,323,2,920.73,0.0
21991,9704,188,5,11495.49,5.0
21992,9704,547,2,5521.08,0.0
21993,9705,319,5,9389.36,0.0
21994,9705,775,5,23675.41,20.0
21995,9705,649,4,14601.66,0.0
21996,9705,673,1,690.26,0.0
21997,9706,94,5,15069.27,10.0
21998,9707,99,5,20609.05,5.0
21999,9708,885,2,7089.39,5.0
22000,9709,758,5,305.37,20.0
22001,9709,163,1,10971.24,10.0
22002,9709,636,4,7292.03,0.0
22003,9710,237,5,11209.85,0.0
22004,9710,588,1,4546.5,15.0
22005,9711,221,1,21061.36,0.0
22006,9711,100,1,14472.84,0.0
22007,9712,789,1,12946.63,0.0
22008,9712,598,2,16464.93,0.0
22009,9713,310,1,20036.92,15.0
22010,9713,92,4,18578.14,0.0
22011,9713,177,1,9631.34,20.0
22012,9714,557,3,4875.77,0.0
22013,9714,694,1,11604.18,20.0
22014,9714,428,1,21239.63,10.0
22015,9715,27,2,10463.86,20.0
22016,9715,413,4,347.03,0.0
22017,9715,595,2,16876.57,0.0
22018,9715,839,5,14313.81,0.0
22019,9716,336,3,226.24,15.0
22020,9716,814,3,3387.53,0.0
22021,9717,479,4,8268.21,15.0
22022,9717,71,1,13770.82,0.0
22023,9717,484,3,19113.34,5.0
22024,9718,420,3,9360.46,15.0
22025,9718,601,5,17591.52,15.0
22026,9718,67,1,18601.02,0.0
22027,9719,478,5,10570.88,0.0
22028,9719,700,1,14408.43,0.0
22029,9720,237,2,11209.85,0.0
22030,9720,67,5,18601.02,0.0
22031,9721,171,4,18491.26,10.0
22032,9722,387,1,22309.26,0.0
22033,9722,601,3,17591.52,0.0
22034,9723,536,3,24253.72,5.0
22035,9723,523,4,13665.96,15.0
22036,9723,123,3,15484.22,0.0
22037,9723,566,5,1155.19,20.0
22038,9724,127,4,14981.11,5.0
22039,9724,6,5,22533.66,5.0
22040,9725,396,4,751.13,15.0
22041,9726,323,3,920.73,20.0
22042,9726,605,4,7517.98,10.0
22043,9727,858,3,23207.14,0.0
22044,9728,632,1,10665.66,5.0
22045,9728,560,4,6942.79,20.0
22046,9729,386,1,14759.78,15.0
22047,9729,728,1,1177.36,0.0
22048,9730,387,1,22309.26,5.0
22049,9731,686,1,354.18,0.0
22050,9731,565,3,11175.66,0.0
22051,9731,227,5,2720.12,5.0
22052,9731,699,3,4909.23,20.0
22053,9731,651,1,6091.61,15.0
22054,9732,401,2,3916.76,0.0
22055,9733,739,4,22380.63,15.0
22056,9734,178,4,14238.81,15.0
22057,9734,504,1,13358.18,0.0
22058,9735,700,1,14408.43,10.0
22059,9735,669,1,17245.4,0.0
22060,9736,190,4,7595.13,10.0
22061,9737,852,3,3347.58,0.0
22062,9738,577,3,20570.33,20.0
22063,9739,350,4,2904.08,10.0
22064,9739,319,2,9389.36,15.0
22065,9740,233,2,12825.71,0.0
22066,9740,571,2,10334.44,0.0
22067,9741,606,4,10207.96,0.0
22068,9741,101,4,20043.36,0.0
22069,9742,534,2,10869.74,10.0
22070,9742,181,2,11885.47,0.0
22071,9743,818,2,10237.03,10.0
22072,9743,885,2,7089.39,0.0
22073,9744,625,5,7044.62,20.0
22074,9744,629,2,12346.5,20.0
22075,9744,225,3,6873.83,20.0
22076,9744,319,5,9389.36,10.0
22077,9745,2,4,21248.93,0.0
22078,9746,4,1,3406.7,0.0
22079,9746,594,1,13204.03,5.0
22080,9746,748,3,15319.21,5.0
22081,9746,878,5,13434.69,0.0
22082,9746,452,3,22746.4,10.0
22083,9747,600,4,13416.18,0.0
22084,9747,310,4,20036.92,20.0
22085,9748,411,3,17450.18,10.0
22086,9748,423,1,1984.71,20.0
22087,9749,260,3,7198.0,5.0
22088,9749,251,5,13337.74,15.0
22089,9749,186,3,9740.85,0.0
22090,9750,364,5,18476.31,20.0
22091,9750,666,1,16085.16,0.0
22092,9751,169,1,16308.93,10.0
22093,9751,644,2,12974.58,5.0
22094,9751,180,5,1628.95,5.0
22095,9751,254,3,21957.69,0.0
22096,9751,548,5,17776.31,20.0
22097,9752,554,5,19734.11,0.0
22098,9752,778,3,20152.02,10.0
22099,9753,400,2,19421.92,0.0
22100,9754,153,4,1446.08,15.0
22101,9754,849,2,11044.19,15.0
22102,9755,235,3,4664.57,0.0
22103,9756,381,4,17535.49,20.0
22104,9757,3,5,16184.82,0.0
22105,9758,277,1,13719.42,5.0
22106,9758,503,3,955.23,0.0
22107,9759,369,1,6953.46,20.0
22108,9759,33,4,2593.22,15.0
22109,9759,293,1,282.61,10.0
22110,9759,810,5,15563.4,0.0
22111,9760,127,3,14981.11,0.0
22112,9760,368,2,9973.43,15.0
22113,9760,394,3,15875.45,15.0
22114,9760,231,3,18449.85,0.0
22115,9761,787,4,18758.34,10.0
22116,9762,642,4,12368.27,15.0
22117,9762,91,2,11076.97,0.0
22118,9763,455,5,6876.9,15.0
22119,9763,360,2,11713.02,0.0
22120,9764,296,5,15359.82,15.0
22121,9764,881,1,21532.91,0.0
22122,9764,593,3,17278.87,20.0
22123,9764,713,4,26684.64,5.0
22124,9764,16,5,19747.45,0.0
22125,9765,716,4,4599.1,5.0
22126,9765,393,5,8735.87,0.0
22127,9765,837,4,264.26,5.0
22128,9765,895,4,7754.62,0.0
22129,9765,494,5,2526.78,15.0
22130,9766,450,4,5004.29,5.0
22131,9766,692,5,11530.12,0.0
22132,9766,638,3,17008.83,15.0
22133,9767,243,3,176.76,0.0
22134,9768,745,3,11543.63,10.0
22135,9769,117,3,4942.41,0.0
22136,9769,96,1,14288.15,0.0
22137,9769,521,2,20156.83,5.0
22138,9770,223,5,13128.85,0.0
22139,9770,35,4,21434.65,15.0
22140,9770,548,3,17776.31,0.0
22141,9770,342,5,15719.78,5.0
22142,9770,379,3,1624.86,0.0
22143,9771,321,3,9347.28,15.0
22144,9771,343,1,15859.82,5.0
22145,9771,67,2,18601.02,0.0
22146,9771,781,1,15990.77,20.0
22147,9772,98,2,17528.8,0.0
22148,9772,254,5,21957.69,0.0
22149,9772,106,4,10629.26,10.0
22150,9773,803,2,7424.51,0.0
22151,9774,650,1,6904.93,0.0
22152,9775,797,1,13841.65,5.0
22153,9775,302,4,16440.69,15.0
22154,9775,771,2,2696.54,20.0
22155,9775,146,3,15804.83,0.0
22156,9776,426,2,9117.48,0.0
22157,9777,361,4,10596.43,10.0
22158,9778,854,3,16327.56,20.0
22159,9778,248,3,19406.63,0.0
22160,9779,414,5,166.83,15.0
22161,9780,398,5,13400.93,15.0
22162,9780,304,1,23466.92,10.0
22163,9780,84,2,16076.18,20.0
22164,9781,28,2,15441.58,10.0
22165,9781,129,3,10907.63,20.0
22166,9781,333,4,6422.47,10.0
22167,9782,585,4,10944.6,20.0
22168,9782,799,1,8448.77,15.0
22169,9783,803,2,7424.51,0.0
22170,9783,452,3,22746.4,0.0
22171,9784,487,1,1420.39,10.0
22172,9785,658,1,25361.82,5.0
22173,9785,397,2,8299.19,0.0
22174,9785,100,5,14472.84,20.0
22175,9785,356,5,4711.26,20.0
22176,9785,771,4,2696.54,5.0
22177,9786,433,5,8284.46,0.0
22178,9786,787,4,18758.34,0.0
22179,9787,630,3,16772.79,0.0
22180,9787,680,3,2617.11,15.0
22181,9787,108,2,23388.45,0.0
22182,9787,564,5,2009.4,20.0
22183,9787,281,1,2023.57,0.0
22184,9788,529,4,8097.4,20.0
22185,9789,344,1,5524.58,0.0
22186,9789,616,3,18315.38,20.0
22187,9790,864,5,2259.89,15.0
22188,9790,402,5,789.81,0.0
22189,9790,82,4,14774.58,15.0
22190,9790,500,5,6694.37,5.0
22191,9791,750,4,3277.38,5.0
22192,9792,531,2,9020.83,0.0
22193,9792,282,4,19801.39,0.0
22194,9792,900,4,17425.46,5.0
22195,9793,578,2,17099.03,0.0
22196,9793,4,1,3406.7,0.0
22197,9794,196,3,10265.86,10.0
22198,9794,664,1,9991.3,15.0
22199,9795,449,5,1431.85,5.0
22200,9795,732,1,8129.26,0.0
22201,9796,861,2,8502.27,0.0
22202,9797,833,2,16884.14,15.0
22203,9797,645,1,15208.69,15.0
22204,9797,358,2,5722.36,20.0
22205,9797,287,1,4169.74,20.0
22206,9797,561,3,863.13,0.0
22207,9798,847,3,13026.82,0.0
22208,9798,889,2,15442.59,20.0
22209,9799,356,3,4711.26,0.0
22210,9799,703,5,14544.45,20.0
22211,9799,81,3,1166.71,10.0
22212,9800,81,3,1166.71,15.0
22213,9800,136,3,8942.91,15.0
22214,9800,462,4,19988.3,0.0
22215,9801,863,4,10272.35,20.0
22216,9801,452,1,22746.4,20.0
22217,9802,737,5,16594.34,15.0
22218,9802,455,5,6876.9,5.0
22219,9803,370,3,2983.33,0.0
22220,9804,334,4,14837.25,10.0
22221,9804,335,4,10357.5,0.0
22222,9805,733,4,10948.51,20.0
22223,9806,459,3,1008.42,5.0
22224,9806,314,4,18006.61,0.0
22225,9807,208,1,7812.53,15.0
22226,9808,566,4,1155.19,5.0
22227,9809,5,2,8313.51,5.0
22228,9810,770,3,5579.14,0.0
22229,9810,542,3,3615.52,0.0
22230,9811,312,2,13798.25,0.0
22231,9811,785,4,16279.21,0.0
22232,9812,556,1,13361.23,10.0
22233,9813,782,3,19248.75,0.0
22234,9813,372,2,9597.28,0.0
22235,9814,228,5,5918.99,5.0
22236,9814,313,4,7494.19,15.0
22237,9814,636,2,7292.03,0.0
22238,9815,316,1,7282.96,0.0
22239,9816,455,1,6876.9,0.0
22240,9816,594,1,13204.03,20.0
22241,9816,802,3,4116.0,15.0
22242,9816,341,1,22578.93,0.0
22243,9817,159,3,19350.16,0.0
22244,9817,877,1,10559.02,0.0
22245,9818,632,2,10665.66,0.0
22246,9818,247,1,1089.6,0.0
22247,9818,531,1,9020.83,0.0
22248,9818,701,3,621.06,10.0
22249,9818,175,1,8473.93,0.0
22250,9819,495,3,16857.86,0.0
22251,9819,378,4,1654.61,20.0
22252,9819,130,1,12847.98,5.0
22253,9820,27,5,10463.86,20.0
22254,9820,418,2,9194.68,0.0
22255,9820,609,2,8508.77,0.0
22256,9820,442,5,11650.88,10.0
22257,9821,457,5,19959.82,0.0
22258,9822,75,4,19138.34,0.0
22259,9823,297,2,17238.41,0.0
22260,9824,787,3,18758.34,0.0
22261,9825,84,1,16076.18,10.0
22262,9826,274,3,8564.4,15.0
22263,9827,577,4,20570.33,0.0
22264,9827,531,2,9020.83,5.0
22265,9827,232,5,12332.61,0.0
22266,9828,63,4,13615.65,20.0
22267,9828,221,4,21061.36,0.0
22268,9828,268,5,3037.03,5.0
22269,9828,625,3,7044.62,5.0
22270,9828,593,4,17278.87,15.0
22271,9829,106,3,10629.26,10.0
22272,9830,324,5,3772.01,15.0
22273,9831,693,5,14898.91,0.0
22274,9832,295,3,18202.38,10.0
22275,9832,784,4,8066.19,0.0
22276,9832,887,1,9495.11,20.0
22277,9832,859,1,1089.58,0.0
22278,9833,173,3,7108.82,0.0
22279,9833,763,2,19381.27,5.0
22280,9834,820,4,20062.61,5.0
22281,9835,509,2,8432.77,15.0
22282,9835,874,2,12083.32,0.0
22283,9836,519,3,18767.62,15.0
22284,9837,30,4,18303.29,0.0
22285,9837,82,4,14774.58,10.0
22286,9837,228,2,5918.99,0.0
22287,9838,677,5,13881.44,5.0
22288,9838,283,2,11626.55,15.0
22289,9838,757,5,7147.34,20.0
22290,9839,606,5,10207.96,0.0
22291,9839,769,1,19111.37,5.0
22292,9839,170,2,12133.1,5.0
22293,9840,171,1,18491.26,0.0
22294,9841,702,1,1292.78,5.0
22295,9841,461,5,14975.0,15.0
22296,9841,499,4,21718.63,0.0
22297,9841,414,5,166.83,5.0
22298,9842,614,2,21084.78,10.0
22299,9842,99,5,20609.05,20.0
22300,9843,162,4,13421.66,10.0
22301,9843,708,4,16924.57,20.0
22302,9844,99,3,20609.05,15.0
22303,9844,495,1,16857.86,15.0
22304,9845,371,2,1636.75,0.0
22305,9845,42,4,10082.43,0.0
22306,9845,255,3,17032.48,10.0
22307,9845,532,5,14811.49,10.0
22308,9845,465,2,2006.55,15.0
22309,9846,806,3,11627.22,0.0
22310,9846,228,4,5918.99,0.0
22311,9846,153,2,1446.08,5.0
22312,9847,435,4,13058.88,0.0
22313,9847,316,4,7282.96,20.0
22314,9848,451,5,15015.83,10.0
22315,9848,784,4,8066.19,20.0
22316,9849,235,5,4664.57,0.0
22317,9849,805,1,15525.28,5.0
22318,9850,643,4,1936.54,5.0
22319,9851,661,2,13705.81,20.0
22320,9851,120,1,9678.0,10.0
22321,9851,893,4,17792.63,0.0
22322,9851,723,2,4606.01,20.0
22323,9851,24,5,18317.93,0.0
22324,9852,383,1,11935.37,0.0
22325,9852,35,2,21434.65,5.0
22326,9852,210,2,12962.87,0.0
22327,9853,148,2,17262.89,10.0
22328,9853,401,1,3916.76,0.0
22329,9854,503,5,955.23,15.0
22330,9854,803,5,7424.51,0.0
22331,9855,58,3,2190.76,0.0
22332,9855,117,3,4942.41,20.0
22333,9856,573,5,2928.56,15.0
22334,9857,123,3,15484.22,15.0
22335,9857,518,3,2509.06,20.0
22336,9857,372,5,9597.28,0.0
22337,9857,480,1,11927.56,0.0
22338,9858,207,5,21338.76,0.0
22339,9859,52,5,12629.7,20.0
22340,9859,321,1,9347.28,15.0
22341,9859,12,3,10935.76,0.0
22342,9859,690,2,12791.5,0.0
22343,9859,743,4,10182.67,0.0
22344,9860,253,3,17161.82,0.0
22345,9861,103,3,8717.09,20.0
22346,9862,304,5,23466.92,0.0
22347,9863,622,5,8757.16,0.0
22348,9863,304,3,23466.92,0.0
22349,9863,488,5,13455.56,10.0
22350,9864,880,5,18151.13,0.0
22351,9864,481,3,11306.0,10.0
22352,9864,321,1,9347.28,0.0
22353,9865,537,5,17211.68,5.0
22354,9865,531,3,9020.83,20.0
22355,9866,679,2,5924.78,20.0
22356,9866,392,2,956.75,10.0
22357,9867,895,2,7754.62,5.0
22358,9867,666,4,16085.16,0.0
22359,9868,508,5,4967.5,0.0
22360,9868,803,1,7424.51,5.0
22361,9869,188,1,11495.49,0.0
22362,9869,751,5,3818.67,0.0
22363,9870,590,4,9869.32,10.0
22364,9871,403,1,7812.31,0.0
22365,9871,162,2,13421.66,0.0
22366,9872,697,1,2018.95,5.0
22367,9873,744,2,6614.57,20.0
22368,9874,208,1,7812.53,0.0
22369,9874,311,5,11362.72,20.0
22370,9874,256,4,6510.46,20.0
22371,9875,151,4,21510.83,0.0
22372,9876,155,5,3485.16,20.0
22373,9877,724,3,11703.57,20.0
22374,9877,263,3,3234.93,0.0
22375,9877,319,3,9389.36,5.0
22376,9878,641,4,12480.0,20.0
22377,9878,689,3,13071.47,0.0
22378,9878,749,4,20244.79,20.0
22379,9879,35,2,21434.65,5.0
22380,9879,57,2,8529.28,0.0
22381,9879,852,4,3347.58,0.0
22382,9879,392,1,956.75,20.0
22383,9879,899,2,21905.82,0.0
22384,9880,696,4,2491.11,0.0
22385,9880,525,2,14333.71,0.0
22386,9881,261,5,21999.28,15.0
22387,9881,522,4,14877.94,10.0
22388,9881,402,1,789.81,0.0
22389,9881,433,5,8284.46,5.0
22390,9881,799,3,8448.77,0.0
22391,9882,610,3,2359.37,0.0
22392,9882,673,2,690.26,0.0
22393,9882,736,2,6120.5,0.0
22394,9883,335,2,10357.5,0.0
22395,9883,207,2,21338.76,10.0
22396,9883,866,1,3834.44,15.0
22397,9883,222,5,7009.13,20.0
22398,9884,554,3,19734.11,0.0
22399,9884,348,1,19662.84,20.0
22400,9884,140,1,10101.86,20.0
22401,9885,261,4,21999.28,0.0
22402,9885,490,2,6372.79,0.0
22403,9885,83,2,7572.59,5.0
22404,9886,891,2,12910.53,0.0
22405,9886,611,1,6171.82,0.0
22406,9887,279,4,3292.56,5.0
22407,9888,336,1,226.24,10.0
22408,9888,585,2,10944.6,0.0
22409,9889,373,1,9954.9,10.0
22410,9890,208,3,7812.53,5.0
22411,9890,676,2,14315.33,5.0
22412,9891,772,4,18195.11,0.0
22413,9892,859,4,1089.58,0.0
22414,9893,365,1,22789.3,0.0
22415,9894,781,1,15990.77,10.0
22416,9894,634,3,17957.51,0.0
22417,9895,29,3,2346.21,15.0
22418,9895,488,2,13455.56,0.0
22419,9896,431,2,24437.6,0.0
22420,9896,382,4,9206.05,15.0
22421,9897,226,2,13594.3,10.0
22422,9897,647,5,8678.96,0.0
22423,9898,771,4,2696.54,0.0
22424,9899,532,3,14811.49,0.0
22425,9900,143,5,7946.56,0.0
22426,9901,662,4,6806.59,0.0
22427,9901,883,2,1769.58,10.0
22428,9902,655,5,8938.91,15.0
22429,9903,803,5,7424.51,5.0
22430,9904,421,2,4302.81,15.0
22431,9904,327,3,15380.04,10.0
22432,9905,804,1,21201.2,20.0
22433,9906,659,5,2808.44,0.0
22434,9907,433,2,8284.46,20.0
22435,9907,676,5,14315.33,20.0
22436,9908,704,2,16292.88,5.0
22437,9909,670,2,12689.21,0.0
22438,9910,282,2,19801.39,15.0
22439,9910,281,4,2023.57,15.0
22440,9911,254,3,21957.69,0.0
22441,9911,571,5,10334.44,15.0
22442,9911,343,5,15859.82,20.0
22443,9911,232,4,12332.61,0.0
22444,9911,56,1,18137.71,20.0
22445,9912,641,5,12480.0,15.0
22446,9912,196,2,10265.86,0.0
22447,9912,881,5,21532.91,0.0
22448,9913,161,4,15289.65,20.0
22449,9914,415,5,7434.55,15.0
22450,9914,822,1,4952.16,5.0
22451,9915,129,4,10907.63,0.0
22452,9916,405,2,6628.43,5.0
22453,9916,548,4,17776.31,0.0
22454,9917,12,5,10935.76,0.0
22455,9917,232,2,12332.61,0.0
22456,9917,294,3,10981.7,5.0
22457,9917,596,2,3968.53,5.0
22458,9918,820,4,20062.61,0.0
22459,9919,638,3,17008.83,0.0
22460,9920,892,3,7790.38,10.0
22461,9920,535,2,5770.15,20.0
22462,9921,520,1,1057.04,10.0
22463,9921,572,3,19015.09,5.0
22464,9922,740,4,7772.66,10.0
22465,9923,438,3,12263.95,15.0
22466,9924,856,4,836.93,20.0
22467,9925,63,4,13615.65,0.0
22468,9925,164,5,25966.48,15.0
22469,9926,748,1,15319.21,0.0
22470,9926,269,5,11513.31,0.0
22471,9926,889,1,15442.59,5.0
22472,9927,46,3,6966.04,15.0
22473,9927,258,5,17700.95,0.0
22474,9927,3,3,16184.82,20.0
22475,9928,820,2,20062.61,0.0
22476,9929,299,2,7106.85,0.0
22477,9929,629,5,12346.5,0.0
22478,9930,106,2,10629.26,10.0
22479,9930,373,5,9954.9,0.0
22480,9931,481,4,11306.0,0.0
22481,9931,459,1,1008.42,5.0
22482,9932,838,5,19410.6,0.0
22483,9932,847,2,13026.82,20.0
22484,9933,45,5,19804.2,20.0
22485,9933,212,1,23358.43,0.0
22486,9933,719,2,7305.31,10.0
22487,9934,721,3,18878.1,15.0
22488,9935,251,4,13337.74,0.0
22489,9935,668,4,11556.92,20.0
22490,9935,139,4,7956.39,0.0
22491,9936,786,3,14084.23,0.0
22492,9937,795,2,21693.2,5.0
22493,9937,370,1,2983.33,5.0
22494,9937,290,5,12993.94,20.0
22495,9938,352,4,11635.83,15.0
22496,9938,609,1,8508.77,0.0
22497,9939,6,1,22533.66,0.0
22498,9939,404,1,653.1,0.0
22499,9940,20,5,377.42,5.0
22500,9940,894,4,7760.97,0.0
22501,9940,197,3,20568.54,15.0
22502,9940,152,4,11106.45,15.0
22503,9941,683,5,16086.04,20.0
22504,9941,459,2,1008.42,0.0
22505,9941,731,5,960.03,20.0
22506,9942,549,5,16311.06,0.0
22507,9943,253,3,17161.82,0.0
22508,9943,797,1,13841.65,0.0
22509,9944,45,2,19804.2,15.0
22510,9944,543,5,9638.42,10.0
22511,9944,238,3,4482.75,15.0
22512,9944,364,3,18476.31,0.0
22513,9944,638,5,17008.83,5.0
22514,9945,626,2,12352.87,0.0
22515,9945,350,1,2904.08,0.0
22516,9945,253,1,17161.82,5.0
22517,9945,687,5,14696.63,20.0
22518,9946,132,2,7609.15,5.0
22519,9946,808,4,376.7,15.0
22520,9947,644,1,12974.58,0.0
22521,9948,156,4,963.21,0.0
22522,9948,602,2,9166.77,15.0
22523,9949,30,2,18303.29,0.0
22524,9949,410,3,15870.26,5.0
22525,9949,242,5,15852.16,0.0
22526,9950,761,5,16718.68,15.0
22527,9951,51,3,11484.39,10.0
22528,9951,152,5,11106.45,0.0
22529,9951,380,4,10068.31,20.0
22530,9951,860,3,11880.54,0.0
22531,9952,707,4,1274.87,15.0
22532,9952,658,1,25361.82,10.0
22533,9952,538,3,17194.4,20.0
22534,9953,313,4,7494.19,10.0
22535,9954,133,2,18760.28,0.0
22536,9954,202,3,18119.01,20.0
22537,9954,17,1,19447.69,5.0
22538,9954,792,3,2850.88,0.0
22539,9954,141,2,1692.85,0.0
22540,9955,556,1,13361.23,10.0
22541,9955,107,3,11842.72,0.0
22542,9955,155,1,3485.16,0.0
22543,9956,513,5,10655.97,10.0
22544,9956,294,3,10981.7,10.0
22545,9956,182,4,16329.46,10.0
22546,9957,504,2,13358.18,0.0
22547,9957,121,4,10353.6,0.0
22548,9958,390,1,3964.49,5.0
22549,9958,220,3,12963.27,20.0
22550,9959,580,5,17938.87,0.0
22551,9959,515,4,19735.52,5.0
22552,9960,185,2,6278.2,20.0
22553,9960,422,5,189.31,0.0
22554,9960,613,4,5929.69,0.0
22555,9960,842,2,4816.41,0.0
22556,9960,712,5,13003.78,10.0
22557,9961,711,3,16182.19,0.0
22558,9961,655,3,8938.91,0.0
22559,9961,531,3,9020.83,0.0
22560,9961,616,4,18315.38,0.0
22561,9961,302,3,16440.69,15.0
22562,9962,253,3,17161.82,0.0
22563,9962,614,5,21084.78,5.0
22564,9963,199,2,10359.07,10.0
22565,9963,774,4,10265.71,0.0
22566,9963,807,4,15923.26,10.0
22567,9964,477,3,17806.82,0.0
22568,9964,699,1,4909.23,5.0
22569,9965,424,1,17174.37,20.0
22570,9965,289,2,10379.0,0.0
22571,9966,194,5,2770.23,0.0
22572,9966,834,3,11307.94,20.0
22573,9967,777,3,7013.52,0.0
22574,9968,219,1,5457.35,0.0
22575,9969,627,2,14763.79,20.0
22576,9969,587,4,3058.79,10.0
22577,9969,472,1,15859.32,0.0
22578,9970,712,3,13003.78,15.0
22579,9970,831,5,6625.61,0.0
22580,9970,843,4,11008.41,15.0
22581,9970,147,2,2349.15,0.0
22582,9971,655,4,8938.91,0.0
22583,9972,836,5,17573.65,10.0
22584,9972,151,3,21510.83,20.0
22585,9972,551,2,23156.44,20.0
22586,9973,115,4,14046.49,15.0
22587,9973,174,4,11611.6,20.0
22588,9974,179,4,3471.92,10.0
22589,9974,108,4,23388.45,20.0
22590,9974,391,4,12976.53,5.0
22591,9975,676,3,14315.33,20.0
22592,9975,11,3,19969.24,0.0
22593,9975,499,1,21718.63,0.0
22594,9976,301,2,21720.03,15.0
22595,9976,442,4,11650.88,0.0
22596,9977,700,1,14408.43,5.0
22597,9977,736,3,6120.5,10.0
22598,9977,64,2,18539.77,20.0
22599,9977,668,4,11556.92,0.0
22600,9978,412,5,17012.64,0.0
22601,9978,401,1,3916.76,5.0
22602,9978,158,2,20098.55,0.0
22603,9979,696,1,2491.11,5.0
22604,9980,161,2,15289.65,0.0
22605,9980,696,2,2491.11,10.0
22606,9981,864,1,2259.89,20.0
22607,9981,195,1,1306.46,20.0
22608,9982,571,3,10334.44,10.0
22609,9982,362,3,17099.97,0.0
22610,9982,614,4,21084.78,0.0
22611,9982,226,5,13594.3,0.0
22612,9982,108,2,23388.45,15.0
22613,9983,70,5,24783.28,20.0
22614,9983,685,5,120.67,10.0
22615,9983,182,4,16329.46,10.0
22616,9983,310,1,20036.92,0.0
22617,9984,615,1,13741.69,0.0
22618,9984,510,5,19375.24,15.0
22619,9985,119,1,21039.52,0.0
22620,9985,146,2,15804.83,0.0
22621,9985,872,5,15107.17,20.0
22622,9986,382,5,9206.05,10.0
22623,9987,822,4,4952.16,20.0
22624,9987,477,1,17806.82,15.0
22625,9987,669,5,17245.4,0.0
22626,9987,208,2,7812.53,15.0
22627,9988,220,2,12963.27,20.0
22628,9988,499,2,21718.63,0.0
22629,9988,188,1,11495.49,0.0
22630,9989,602,2,9166.77,15.0
22631,9989,885,4,7089.39,0.0
22632,9989,606,2,10207.96,0.0
22633,9989,370,3,2983.33,0.0
22634,9989,373,5,9954.9,5.0
22635,9990,71,4,13770.82,0.0
22636,9990,393,1,8735.87,20.0
22637,9990,520,2,1057.04,0.0
22638,9991,366,3,16239.91,20.0
22639,9991,756,3,8569.79,0.0
22640,9991,506,2,2449.21,0.0
22641,9992,357,3,10102.76,0.0
22642,9993,635,5,15794.51,15.0
22643,9993,398,3,13400.93,0.0
22644,9994,199,2,10359.07,10.0
22645,9994,529,1,8097.4,0.0
22646,9994,97,2,12470.7,0.0
22647,9994,700,4,14408.43,20.0
22648,9995,45,2,19804.2,15.0
22649,9995,19,3,22067.03,0.0
22650,9995,362,3,17099.97,10.0
22651,9996,120,5,9678.0,0.0
22652,9996,731,2,960.03,15.0
22653,9997,58,5,2190.76,0.0
22654,9997,483,3,7695.04,20.0
22655,9998,687,4,14696.63,5.0
22656,9999,553,1,11099.68,5.0
22657,10000,820,2,20062.61,5.0
22658,10000,424,5,17174.37,0.0
22659,10000,357,2,10102.76,20.0
22660,10000,724,2,11703.57,0.0
22661,10001,514,3,25746.27,20.0
22662,10001,824,3,297.67,0.0
22663,10002,55,2,2583.6,0.0
22664,10002,14,5,10692.32,0.0
22665,10003,663,2,11192.43,0.0
22666,10004,134,2,17132.5,5.0
22667,10004,247,1,1089.6,10.0
22668,10004,763,2,19381.27,5.0
22669,10004,715,5,11935.81,20.0
22670,10005,898,5,9944.45,0.0
22671,10006,772,1,18195.11,15.0
22672,10006,577,2,20570.33,0.0
22673,10006,409,4,19362.42,15.0
22674,10007,304,1,23466.92,0.0
22675,10008,371,4,1636.75,5.0
22676,10008,10,1,7250.5,0.0
22677,10008,585,5,10944.6,20.0
22678,10009,782,3,19248.75,5.0
22679,10010,707,2,1274.87,0.0
22680,10010,539,4,249.52,20.0
22681,10011,878,4,13434.69,15.0
22682,10011,229,1,5530.88,0.0
22683,10011,108,3,23388.45,5.0
22684,10012,754,4,12241.6,10.0
22685,10012,95,2,18635.44,15.0
22686,10013,807,2,15923.26,10.0
22687,10014,731,1,960.03,20.0
22688,10015,650,5,6904.93,0.0
22689,10016,236,4,4832.52,0.0
22690,10016,483,5,7695.04,0.0
22691,10016,452,1,22746.4,5.0
22692,10017,308,4,6864.25,15.0
22693,10017,696,2,2491.11,15.0
22694,10017,549,4,16311.06,0.0
22695,10018,732,1,8129.26,5.0
22696,10018,567,1,14958.32,0.0
22697,10019,889,4,15442.59,15.0
22698,10019,66,1,13143.99,20.0
22699,10020,183,5,23501.6,0.0
22700,10021,675,4,12507.1,10.0
22701,10022,82,4,14774.58,0.0
22702,10022,421,5,4302.81,20.0
22703,10023,471,4,13086.13,0.0
22704,10023,757,5,7147.34,0.0
22705,10023,368,4,9973.43,0.0
22706,10024,539,1,249.52,0.0
22707,10025,79,2,15602.76,0.0
22708,10025,310,1,20036.92,20.0
22709,10026,393,1,8735.87,15.0
22710,10027,858,5,23207.14,20.0
22711,10027,835,5,13235.32,0.0
22712,10027,630,5,16772.79,20.0
22713,10028,78,2,18768.02,0.0
22714,10028,192,5,18707.42,10.0
22715,10028,3,2,16184.82,15.0
22716,10028,60,2,12772.87,0.0
22717,10028,1,4,23380.27,0.0
22718,10029,233,1,12825.71,20.0
22719,10030,590,5,9869.32,15.0
22720,10031,705,1,4673.98,15.0
22721,10031,333,5,6422.47,5.0
22722,10031,301,3,21720.03,10.0
22723,10031,536,5,24253.72,0.0
22724,10032,390,1,3964.49,20.0
22725,10033,359,3,14548.05,0.0
22726,10033,105,5,9554.98,15.0
22727,10033,37,3,14064.14,10.0
22728,10034,538,4,17194.4,0.0
22729,10034,828,4,25138.47,0.0
22730,10034,7,2,19612.77,0.0
22731,10034,275,5,10808.89,15.0
22732,10035,275,4,10808.89,0.0
22733,10035,125,2,2129.68,10.0
22734,10035,252,1,14825.98,5.0
22735,10035,594,4,13204.03,10.0
22736,10036,801,4,3589.73,20.0
22737,10036,887,5,9495.11,10.0
22738,10036,869,5,4059.75,0.0
22739,10036,793,2,4803.54,0.0
22740,10037,698,4,4293.78,0.0
22741,10037,814,3,3387.53,10.0
22742,10037,414,5,166.83,0.0
22743,10037,212,1,23358.43,15.0
22744,10038,747,5,15965.2,0.0
22745,10039,217,2,4337.11,10.0
22746,10039,574,5,6143.25,0.0
22747,10039,357,5,10102.76,0.0
22748,10039,897,3,966.91,20.0
22749,10039,313,5,7494.19,0.0
22750,10040,315,2,14818.85,0.0
22751,10041,822,1,4952.16,0.0
22752,10041,313,5,7494.19,0.0
22753,10042,416,3,11392.81,15.0
22754,10042,135,2,4472.34,0.0
22755,10042,462,3,19988.3,15.0
22756,10043,501,5,14745.03,20.0
22757,10043,730,1,11885.24,0.0
22758,10043,583,1,20840.66,0.0
22759,10044,638,4,17008.83,0.0
22760,10045,145,3,12067.47,10.0
22761,10045,512,3,14169.19,0.0
22762,10045,493,3,7964.23,0.0
22763,10045,854,5,16327.56,0.0
22764,10046,90,1,14228.88,10.0
22765,10047,428,2,21239.63,20.0
22766,10047,470,2,14455.32,10.0
22767,10047,606,5,10207.96,0.0
22768,10048,34,1,1148.2,0.0
22769,10048,899,4,21905.82,0.0
22770,10048,390,5,3964.49,0.0
22771,10049,697,4,2018.95,0.0
22772,10049,739,2,22380.63,15.0
22773,10050,840,5,14874.45,0.0
22774,10050,607,3,9557.3,5.0
22775,10050,871,5,8110.39,0.0
22776,10050,792,4,2850.88,10.0
22777,10051,365,4,22789.3,5.0
22778,10052,773,5,8183.79,10.0
22779,10052,744,5,6614.57,0.0
22780,10052,621,2,6617.04,0.0
22781,10052,509,5,8432.77,0.0
22782,10053,573,1,2928.56,0.0
22783,10053,783,2,803.8,5.0
22784,10053,802,4,4116.0,15.0
22785,10054,814,1,3387.53,20.0
22786,10054,55,2,2583.6,15.0
22787,10055,467,5,24009.79,0.0
22788,10055,382,4,9206.05,0.0
22789,10055,218,5,25840.61,0.0
22790,10056,154,2,1144.63,15.0
22791,10057,172,5,6290.87,0.0
22792,10057,121,3,10353.6,0.0
22793,10057,334,3,14837.25,5.0
22794,10057,190,5,7595.13,5.0
22795,10058,753,1,7182.61,5.0
22796,10058,133,2,18760.28,20.0
22797,10058,9,2,17153.33,15.0
22798,10059,260,3,7198.0,10.0
22799,10060,836,5,17573.65,0.0
22800,10060,143,4,7946.56,15.0
22801,10060,423,3,1984.71,0.0
22802,10061,77,5,13954.67,0.0
22803,10061,750,3,3277.38,10.0
22804,10061,708,2,16924.57,10.0
22805,10061,647,3,8678.96,15.0
22806,10061,82,4,14774.58,0.0
22807,10062,560,3,6942.79,0.0
22808,10063,823,1,16691.74,0.0
22809,10063,240,2,3443.85,20.0
22810,10063,15,1,9257.31,0.0
22811,10063,818,3,10237.03,15.0
22812,10064,780,3,2481.3,0.0
22813,10064,680,3,2617.11,0.0
22814,10064,800,3,12138.75,15.0
22815,10064,304,3,23466.92,0.0
22816,10065,94,4,15069.27,0.0
22817,10065,223,4,13128.85,20.0
22818,10066,26,1,12446.22,0.0
22819,10066,829,5,21989.77,0.0
22820,10067,309,4,10625.07,10.0
22821,10068,821,4,17002.37,0.0
22822,10068,81,4,1166.71,5.0
22823,10068,631,2,24606.76,5.0
22824,10069,740,2,7772.66,0.0
22825,10069,190,3,7595.13,15.0
22826,10069,879,2,13227.2,0.0
22827,10070,678,1,2508.38,20.0
22828,10071,655,5,8938.91,0.0
22829,10072,91,5,11076.97,15.0
22830,10072,315,3,14818.85,15.0
22831,10073,460,1,20514.31,15.0
22832,10074,211,3,5660.73,0.0
22833,10074,763,1,19381.27,0.0
22834,10074,64,5,18539.77,0.0
22835,10074,6,2,22533.66,5.0
22836,10075,388,5,15425.62,20.0
22837,10076,85,2,4996.1,5.0
22838,10076,199,4,10359.07,0.0
22839,10076,556,3,13361.23,0.0
22840,10076,890,3,10049.64,15.0
22841,10077,616,2,18315.38,0.0
22842,10077,437,3,10772.97,15.0
22843,10077,784,5,8066.19,15.0
22844,10078,576,3,3125.72,0.0
22845,10079,637,2,9909.0,10.0
22846,10080,619,2,12004.29,15.0
22847,10081,60,1,12772.87,0.0
22848,10081,860,5,11880.54,0.0
22849,10081,329,2,10046.75,10.0
22850,10082,640,3,12833.48,20.0
22851,10082,768,1,16413.87,15.0
22852,10083,440,3,21618.7,15.0
22853,10083,720,4,21429.07,20.0
22854,10084,338,2,17040.27,5.0
22855,10084,758,5,305.37,0.0
22856,10085,82,2,14774.58,5.0
22857,10085,445,5,1123.05,0.0
22858,10086,643,3,1936.54,0.0
22859,10086,856,5,836.93,15.0
22860,10087,682,4,9240.58,20.0
22861,10088,493,5,7964.23,0.0
22862,10088,302,4,16440.69,0.0
22863,10088,731,1,960.03,5.0
22864,10088,889,1,15442.59,20.0
22865,10089,65,1,16507.63,20.0
22866,10089,173,2,7108.82,10.0
22867,10089,860,3,11880.54,20.0
22868,10090,21,1,20625.3,0.0
22869,10091,401,3,3916.76,10.0
22870,10091,613,5,5929.69,5.0
22871,10091,136,2,8942.91,0.0
22872,10091,656,4,23607.08,0.0
22873,10091,554,5,19734.11,0.0
22874,10092,202,2,18119.01,0.0
22875,10092,422,3,189.31,20.0
22876,10092,762,3,15418.59,0.0
22877,10093,408,2,11218.26,0.0
22878,10093,370,4,2983.33,0.0
22879,10094,160,1,20635.35,20.0
22880,10094,797,2,13841.65,20.0
22881,10095,542,4,3615.52,15.0
22882,10095,487,3,1420.39,0.0
22883,10095,518,2,2509.06,15.0
22884,10096,577,4,20570.33,0.0
22885,10096,657,4,11502.62,10.0
22886,10096,425,4,4926.04,5.0
22887,10097,336,3,226.24,0.0
22888,10098,788,4,5720.07,10.0
22889,10099,647,5,8678.96,10.0
22890,10100,141,3,1692.85,10.0
22891,10100,580,3,17938.87,10.0
22892,10101,795,4,21693.2,5.0
22893,10101,232,5,12332.61,0.0
22894,10101,225,2,6873.83,20.0
22895,10102,311,2,11362.72,20.0
22896,10102,42,5,10082.43,0.0
22897,10103,139,1,7956.39,0.0
22898,10103,75,5,19138.34,15.0
22899,10104,660,5,5178.7,5.0
22900,10104,23,4,11954.03,15.0
22901,10105,410,3,15870.26,15.0
22902,10105,699,1,4909.23,15.0
22903,10105,749,4,20244.79,5.0
22904,10105,151,1,21510.83,15.0
22905,10106,176,2,10671.88,0.0
22906,10106,462,2,19988.3,0.0
22907,10107,23,4,11954.03,5.0
22908,10108,59,1,5569.5,10.0
22909,10109,496,4,19499.77,0.0
22910,10109,386,5,14759.78,5.0
22911,10110,858,3,23207.14,10.0
22912,10110,297,2,17238.41,10.0
22913,10111,137,5,10885.94,10.0
22914,10112,717,2,3248.01,10.0
22915,10112,209,5,7178.41,15.0
22916,10113,250,2,5445.45,5.0
22917,10113,6,1,22533.66,0.0
22918,10114,877,2,10559.02,0.0
22919,10114,271,5,20542.32,0.0
22920,10114,200,2,4522.92,20.0
22921,10115,755,1,144.02,0.0
22922,10115,172,1,6290.87,0.0
22923,10115,626,2,12352.87,0.0
22924,10115,107,1,11842.72,0.0
22925,10116,843,4,11008.41,15.0
22926,10117,742,5,12611.2,15.0
22927,10117,39,2,7958.95,20.0
22928,10117,351,5,15160.62,0.0
22929,10117,214,2,17220.63,0.0
22930,10118,173,2,7108.82,0.0
22931,10118,644,2,12974.58,5.0
22932,10118,418,3,9194.68,10.0
22933,10118,794,2,20250.02,0.0
22934,10118,449,5,1431.85,10.0
22935,10119,8,3,19040.64,0.0
22936,10119,753,1,7182.61,0.0
22937,10119,471,2,13086.13,0.0
22938,10120,466,3,10734.42,5.0
22939,10120,145,2,12067.47,0.0
22940,10120,22,4,11230.85,0.0
22941,10121,130,1,12847.98,20.0
22942,10121,758,3,305.37,0.0
22943,10122,446,3,18287.32,20.0
22944,10122,193,3,20867.37,0.0
22945,10122,757,5,7147.34,20.0
22946,10123,294,3,10981.7,5.0
22947,10123,784,1,8066.19,0.0
22948,10123,114,2,7286.84,20.0
22949,10123,301,4,21720.03,0.0
22950,10124,603,5,7330.01,20.0
22951,10125,240,4,3443.85,0.0
22952,10125,211,4,5660.73,10.0
22953,10126,5,2,8313.51,20.0
22954,10126,738,5,19896.87,0.0
22955,10127,346,1,8215.18,20.0
22956,10127,54,5,12660.77,15.0
22957,10128,140,4,10101.86,20.0
22958,10128,106,3,10629.26,0.0
22959,10128,612,3,5006.24,0.0
22960,10129,226,4,13594.3,20.0
22961,10130,857,5,9589.19,20.0
22962,10131,67,4,18601.02,20.0
22963,10131,788,3,5720.07,15.0
22964,10132,822,3,4952.16,15.0
22965,10132,230,4,3957.6,0.0
22966,10132,730,5,11885.24,0.0
22967,10133,558,3,13963.41,0.0
22968,10133,299,4,7106.85,5.0
22969,10134,24,3,18317.93,10.0
22970,10134,194,5,2770.23,0.0
22971,10134,465,1,2006.55,0.0
22972,10134,189,4,2064.84,10.0
22973,10135,705,2,4673.98,20.0
22974,10135,131,5,18666.46,10.0
22975,10135,410,3,15870.26,0.0
22976,10136,137,3,10885.94,0.0
22977,10136,260,3,7198.0,10.0
22978,10136,198,1,12806.33,5.0
22979,10137,155,2,3485.16,0.0
22980,10137,458,5,706.12,10.0
22981,10138,409,1,19362.42,0.0
22982,10139,600,4,13416.18,0.0
22983,10139,426,5,9117.48,10.0
22984,10139,320,1,9179.45,20.0
22985,10140,119,3,21039.52,20.0
22986,10140,721,1,18878.1,20.0
22987,10141,893,1,17792.63,5.0
22988,10141,825,3,14217.62,20.0
22989,10141,394,1,15875.45,20.0
22990,10141,782,4,19248.75,15.0
22991,10141,123,2,15484.22,0.0
22992,10142,799,2,8448.77,5.0
22993,10143,247,3,1089.6,5.0
22994,10143,526,4,14453.05,10.0
22995,10144,8,1,19040.64,0.0
22996,10144,45,5,19804.2,0.0
22997,10145,671,4,16938.7,10.0
22998,10146,151,3,21510.83,20.0
22999,10146,700,1,14408.43,0.0
23000,10147,460,4,20514.31,15.0
23001,10148,218,1,25840.61,10.0
23002,10149,702,2,1292.78,0.0
23003,10149,242,1,15852.16,0.0
23004,10149,891,1,12910.53,15.0
23005,10149,319,1,9389.36,0.0
23006,10150,652,5,6638.78,0.0
23007,10150,870,1,4993.59,20.0
23008,10150,383,4,11935.37,0.0
23009,10151,269,4,11513.31,15.0
23010,10151,310,3,20036.92,20.0
23011,10151,197,2,20568.54,5.0
23012,10151,546,1,16500.34,0.0
23013,10152,80,5,7681.36,10.0
23014,10152,1,1,23380.27,0.0
23015,10152,238,2,4482.75,20.0
23016,10152,569,1,17022.92,10.0
23017,10153,535,2,5770.15,15.0
23018,10153,862,2,4517.96,15.0
23019,10154,152,4,11106.45,0.0
23020,10154,352,3,11635.83,5.0
23021,10154,184,3,14178.66,0.0
23022,10154,632,5,10665.66,0.0
23023,10155,823,5,16691.74,0.0
23024,10155,28,1,15441.58,20.0
23025,10155,302,3,16440.69,15.0
23026,10155,733,4,10948.51,0.0
23027,10155,852,3,3347.58,0.0
23028,10156,48,2,5117.57,15.0
23029,10156,172,1,6290.87,15.0
23030,10156,123,4,15484.22,15.0
23031,10157,463,2,8811.92,15.0
23032,10157,840,3,14874.45,0.0
23033,10157,871,4,8110.39,0.0
23034,10157,340,4,3550.22,0.0
23035,10158,392,1,956.75,0.0
23036,10159,17,2,19447.69,10.0
23037,10160,127,5,14981.11,0.0
23038,10160,275,5,10808.89,5.0
23039,10160,39,2,7958.95,20.0
23040,10160,284,5,15548.25,10.0
23041,10160,737,2,16594.34,0.0
23042,10161,596,3,3968.53,0.0
23043,10161,502,4,8596.35,5.0
23044,10162,780,2,2481.3,5.0
23045,10162,24,4,18317.93,5.0
23046,10162,230,3,3957.6,0.0
23047,10163,71,2,13770.82,0.0
23048,10164,737,3,16594.34,0.0
23049,10165,561,1,863.13,0.0
23050,10165,502,4,8596.35,0.0
23051,10165,301,2,21720.03,0.0
23052,10166,98,4,17528.8,0.0
23053,10166,867,2,3837.28,0.0
23054,10166,232,1,12332.61,0.0
23055,10166,450,3,5004.29,0.0
23056,10167,207,2,21338.76,0.0
23057,10168,346,4,8215.18,20.0
23058,10168,207,5,21338.76,20.0
23059,10169,66,3,13143.99,15.0
23060,10169,825,3,14217.62,0.0
23061,10169,733,5,10948.51,5.0
23062,10170,820,1,20062.61,20.0
23063,10170,144,3,19819.04,15.0
23064,10171,317,2,14112.86,0.0
23065,10172,481,3,11306.0,15.0
23066,10173,439,2,9511.48,0.0
23067,10173,131,3,18666.46,20.0
23068,10174,100,5,14472.84,0.0
23069,10174,541,4,12029.72,15.0
23070,10174,487,1,1420.39,0.0
23071,10174,679,5,5924.78,0.0
23072,10175,514,1,25746.27,15.0
23073,10175,7,5,19612.77,20.0
23074,10175,176,2,10671.88,20.0
23075,10175,570,3,15355.66,0.0
23076,10176,358,2,5722.36,0.0
23077,10177,274,2,8564.4,20.0
23078,10177,432,1,23302.07,0.0
23079,10178,673,1,690.26,5.0
23080,10178,80,4,7681.36,0.0
23081,10179,625,5,7044.62,5.0
23082,10179,14,3,10692.32,0.0
23083,10179,538,5,17194.4,0.0
23084,10179,572,5,19015.09,0.0
23085,10179,634,1,17957.51,10.0
23086,10180,403,4,7812.31,0.0
23087,10180,318,2,7031.86,0.0
23088,10180,500,2,6694.37,0.0
23089,10180,97,1,12470.7,5.0
23090,10180,60,5,12772.87,0.0
23091,10181,76,5,8195.06,0.0
23092,10181,268,4,3037.03,5.0
23093,10181,185,2,6278.2,0.0
23094,10182,10,5,7250.5,0.0
23095,10183,28,3,15441.58,5.0
23096,10183,576,4,3125.72,0.0
23097,10184,15,1,9257.31,0.0
23098,10184,872,2,15107.17,5.0
23099,10184,442,2,11650.88,0.0
23100,10185,690,3,12791.5,5.0
23101,10185,874,2,12083.32,20.0
23102,10185,305,4,2031.07,20.0
23103,10185,446,1,18287.32,15.0
23104,10185,563,3,5661.49,20.0
23105,10186,252,4,14825.98,15.0
23106,10187,630,1,16772.79,20.0
23107,10188,464,5,7633.05,10.0
23108,10189,525,2,14333.71,0.0
23109,10190,681,5,17950.56,0.0
23110,10190,654,2,16228.87,0.0
23111,10190,436,2,6536.15,0.0
23112,10190,458,4,706.12,0.0
23113,10191,35,5,21434.65,5.0
23114,10191,362,5,17099.97,15.0
23115,10191,145,4,12067.47,20.0
23116,10192,667,1,11155.15,15.0
23117,10192,199,3,10359.07,5.0
23118,10193,763,4,19381.27,0.0
23119,10193,330,4,12351.31,10.0
23120,10194,237,3,11209.85,15.0
23121,10195,233,2,12825.71,15.0
23122,10195,619,1,12004.29,15.0
23123,10196,793,3,4803.54,0.0
23124,10196,411,3,17450.18,0.0
23125,10197,724,4,11703.57,10.0
23126,10197,813,4,5532.46,5.0
23127,10197,587,3,3058.79,10.0
23128,10198,238,1,4482.75,0.0
23129,10198,639,5,2960.19,5.0
23130,10199,350,5,2904.08,20.0
23131,10200,836,5,17573.65,0.0
23132,10200,377,1,23965.45,20.0
23133,10200,141,1,1692.85,20.0
23134,10201,7,4,19612.77,10.0
23135,10201,449,3,1431.85,5.0
23136,10201,191,3,12145.42,0.0
23137,10201,85,3,4996.1,0.0
23138,10202,212,1,23358.43,0.0
23139,10203,542,2,3615.52,20.0
23140,10203,793,5,4803.54,15.0
23141,10204,669,1,17245.4,0.0
23142,10204,290,4,12993.94,15.0
23143,10204,331,3,6973.28,10.0
23144,10204,378,4,1654.61,0.0
23145,10205,846,4,806.68,5.0
23146,10205,238,3,4482.75,0.0
23147,10205,785,1,16279.21,0.0
23148,10206,836,5,17573.65,15.0
23149,10206,376,3,10430.96,0.0
23150,10206,264,3,19387.68,0.0
23151,10207,771,1,2696.54,5.0
23152,10207,453,4,11216.79,20.0
23153,10207,866,5,3834.44,20.0
23154,10207,277,5,13719.42,20.0
23155,10207,357,3,10102.76,10.0
23156,10208,342,4,15719.78,20.0
23157,10209,8,5,19040.64,0.0
23158,10210,10,5,7250.5,0.0
23159,10210,559,4,10518.45,15.0
23160,10210,649,2,14601.66,15.0
23161,10210,345,4,7900.55,5.0
23162,10210,55,2,2583.6,20.0
23163,10211,678,5,2508.38,0.0
23164,10211,216,3,14201.95,0.0
23165,10212,325,5,2187.51,15.0
23166,10212,280,4,14095.63,15.0
23167,10212,512,5,14169.19,0.0
23168,10212,361,5,10596.43,20.0
23169,10213,529,4,8097.4,10.0
23170,10213,150,4,5234.7,5.0
23171,10214,132,3,7609.15,5.0
23172,10215,279,4,3292.56,0.0
23173,10216,309,4,10625.07,0.0
23174,10216,113,5,21843.22,5.0
23175,10217,570,4,15355.66,10.0
23176,10217,94,1,15069.27,0.0
23177,10218,832,3,9339.3,5.0
23178,10218,380,2,10068.31,15.0
23179,10219,757,1,7147.34,15.0
23180,10219,69,1,7716.81,15.0
23181,10220,582,1,19075.76,10.0
23182,10220,596,5,3968.53,15.0
23183,10220,251,4,13337.74,10.0
23184,10221,280,4,14095.63,20.0
23185,10221,432,4,23302.07,15.0
23186,10221,710,4,11261.29,0.0
23187,10221,345,4,7900.55,0.0
23188,10222,850,1,22317.22,0.0
23189,10223,347,4,9249.35,10.0
23190,10223,596,4,3968.53,15.0
23191,10223,458,3,706.12,0.0
23192,10223,216,3,14201.95,5.0
23193,10223,431,4,24437.6,0.0
23194,10224,518,2,2509.06,20.0
23195,10224,646,3,5805.21,0.0
23196,10224,854,4,16327.56,0.0
23197,10224,64,3,18539.77,15.0
23198,10224,299,2,7106.85,0.0
23199,10225,411,2,17450.18,10.0
23200,10226,657,1,11502.62,0.0
23201,10227,339,2,13518.37,15.0
23202,10227,40,2,1150.22,15.0
23203,10228,701,2,621.06,10.0
23204,10229,35,3,21434.65,0.0
23205,10230,629,5,12346.5,5.0
23206,10230,150,3,5234.7,0.0
23207,10230,609,2,8508.77,0.0
23208,10231,875,5,9752.68,15.0
23209,10231,21,1,20625.3,20.0
23210,10232,158,2,20098.55,0.0
23211,10233,521,1,20156.83,15.0
23212,10234,450,2,5004.29,0.0
23213,10234,756,1,8569.79,20.0
23214,10234,61,5,6502.87,5.0
23215,10235,656,3,23607.08,0.0
23216,10235,222,1,7009.13,0.0
23217,10235,81,3,1166.71,0.0
23218,10235,845,1,24202.98,0.0
23219,10236,465,1,2006.55,20.0
23220,10236,629,1,12346.5,20.0
23221,10237,302,5,16440.69,20.0
23222,10237,388,3,15425.62,0.0
23223,10237,637,5,9909.0,10.0
23224,10238,770,3,5579.14,15.0
23225,10239,316,1,7282.96,0.0
23226,10239,839,1,14313.81,15.0
23227,10239,432,3,23302.07,0.0
23228,10240,275,1,10808.89,0.0
23229,10241,731,2,960.03,20.0
23230,10242,40,2,1150.22,0.0
23231,10243,600,1,13416.18,15.0
23232,10243,100,5,14472.84,0.0
23233,10243,727,1,19119.71,5.0
23234,10243,145,1,12067.47,10.0
23235,10244,796,2,15083.08,0.0
23236,10244,520,3,1057.04,0.0
23237,10244,4,4,3406.7,10.0
23238,10244,227,5,2720.12,10.0
23239,10244,738,5,19896.87,0.0
23240,10245,189,2,2064.84,5.0
23241,10246,94,2,15069.27,0.0
23242,10247,771,2,2696.54,5.0
23243,10248,720,1,21429.07,10.0
23244,10248,650,1,6904.93,0.0
23245,10248,813,3,5532.46,0.0
23246,10249,530,5,18098.15,20.0
23247,10249,95,3,18635.44,5.0
23248,10250,230,4,3957.6,20.0
23249,10250,351,2,15160.62,0.0
23250,10251,5,3,8313.51,10.0
23251,10251,592,2,4181.43,15.0
23252,10252,404,1,653.1,20.0
23253,10253,620,2,12173.09,0.0
23254,10253,744,5,6614.57,20.0
23255,10254,286,5,239.57,15.0
23256,10254,108,5,23388.45,0.0
23257,10254,23,5,11954.03,0.0
23258,10255,535,3,5770.15,10.0
23259,10256,817,4,14780.14,20.0
23260,10256,101,4,20043.36,15.0
23261,10257,252,2,14825.98,10.0
23262,10257,647,3,8678.96,15.0
23263,10258,687,2,14696.63,0.0
23264,10259,821,4,17002.37,10.0
23265,10259,590,1,9869.32,10.0
23266,10260,825,5,14217.62,15.0
23267,10260,633,2,15843.65,20.0
23268,10261,393,1,8735.87,0.0
23269,10262,291,4,3444.93,20.0
23270,10262,58,5,2190.76,0.0
23271,10262,567,5,14958.32,0.0
23272,10262,806,5,11627.22,0.0
23273,10262,772,5,18195.11,15.0
23274,10263,686,3,354.18,0.0
23275,10263,842,1,4816.41,15.0
23276,10263,825,1,14217.62,0.0
23277,10264,799,3,8448.77,10.0
23278,10264,497,4,15989.14,10.0
23279,10264,225,3,6873.83,0.0
23280,10264,729,4,12919.83,0.0
23281,10264,619,2,12004.29,15.0
23282,10265,736,3,6120.5,0.0
23283,10265,121,2,10353.6,15.0
23284,10265,717,2,3248.01,0.0
23285,10266,122,3,17327.18,10.0
23286,10266,631,5,24606.76,5.0
23287,10267,836,1,17573.65,0.0
23288,10268,685,3,120.67,0.0
23289,10269,648,4,5724.05,20.0
23290,10269,317,4,14112.86,20.0
23291,10269,780,5,2481.3,15.0
23292,10269,698,4,4293.78,20.0
23293,10270,608,5,622.02,0.0
23294,10270,444,1,17486.46,20.0
23295,10270,554,3,19734.11,0.0
23296,10271,461,5,14975.0,0.0
23297,10271,209,3,7178.41,0.0
23298,10271,481,2,11306.0,15.0
23299,10272,72,5,9041.77,15.0
23300,10273,438,3,12263.95,20.0
23301,10274,150,4,5234.7,0.0
23302,10275,295,4,18202.38,15.0
23303,10275,649,4,14601.66,0.0
23304,10275,676,3,14315.33,0.0
23305,10275,42,3,10082.43,0.0
23306,10275,283,3,11626.55,10.0
23307,10276,63,4,13615.65,10.0
23308,10276,222,4,7009.13,5.0
23309,10277,720,3,21429.07,0.0
23310,10277,362,2,17099.97,20.0
23311,10278,239,1,15822.1,0.0
23312,10278,508,3,4967.5,0.0
23313,10279,401,1,3916.76,5.0
23314,10279,274,2,8564.4,5.0
23315,10279,614,1,21084.78,20.0
23316,10279,198,4,12806.33,15.0
23317,10280,661,1,13705.81,0.0
23318,10280,550,3,9953.79,0.0
23319,10280,690,2,12791.5,0.0
23320,10281,503,4,955.23,0.0
23321,10281,426,3,9117.48,20.0
23322,10281,663,3,11192.43,0.0
23323,10282,843,3,11008.41,0.0
23324,10282,361,3,10596.43,0.0
23325,10282,449,1,1431.85,0.0
23326,10283,275,5,10808.89,20.0
23327,10284,262,2,4228.73,0.0
23328,10284,484,2,19113.34,20.0
23329,10284,873,4,1014.59,0.0
23330,10285,609,3,8508.77,10.0
23331,10286,4,5,3406.7,5.0
23332,10287,260,2,7198.0,15.0
23333,10288,62,2,13136.19,0.0
23334,10289,826,3,11073.3,0.0
23335,10290,770,5,5579.14,20.0
23336,10290,385,4,12324.69,10.0
23337,10290,773,3,8183.79,10.0
23338,10290,269,4,11513.31,15.0
23339,10291,438,4,12263.95,0.0
23340,10291,136,2,8942.91,20.0
23341,10292,245,3,13338.0,0.0
23342,10292,223,1,13128.85,20.0
23343,10292,552,2,4733.75,0.0
23344,10292,80,3,7681.36,0.0
23345,10292,840,2,14874.45,20.0
23346,10293,174,3,11611.6,10.0
23347,10293,616,1,18315.38,20.0
23348,10294,304,1,23466.92,15.0
23349,10295,396,3,751.13,5.0
23350,10295,219,1,5457.35,0.0
23351,10295,127,5,14981.11,20.0
23352,10295,752,5,16802.42,0.0
23353,10296,746,1,6075.54,0.0
23354,10296,58,2,2190.76,5.0
23355,10297,176,1,10671.88,20.0
23356,10297,701,1,621.06,0.0
23357,10297,538,5,17194.4,20.0
23358,10298,621,5,6617.04,10.0
23359,10298,560,3,6942.79,10.0
23360,10298,891,4,12910.53,15.0
23361,10299,508,5,4967.5,0.0
23362,10300,128,2,13624.37,15.0
23363,10300,420,1,9360.46,0.0
23364,10301,338,3,17040.27,10.0
23365,10302,224,4,2233.05,0.0
23366,10303,399,4,20674.86,0.0
23367,10303,896,3,24756.56,20.0
23368,10303,752,1,16802.42,0.0
23369,10303,852,4,3347.58,0.0
23370,10304,14,4,10692.32,20.0
23371,10304,176,4,10671.88,20.0
23372,10305,755,3,144.02,10.0
23373,10306,480,1,11927.56,0.0
23374,10306,784,2,8066.19,0.0
23375,10306,865,3,1829.62,15.0
23376,10306,63,5,13615.65,0.0
23377,10307,298,2,15463.87,10.0
23378,10308,337,4,1562.71,10.0
23379,10308,900,2,17425.46,0.0
23380,10308,365,2,22789.3,0.0
23381,10308,526,5,14453.05,0.0
23382,10308,491,2,11018.52,5.0
23383,10309,199,2,10359.07,0.0
23384,10309,155,1,3485.16,0.0
23385,10310,573,5,2928.56,5.0
23386,10310,721,1,18878.1,15.0
23387,10310,712,3,13003.78,0.0
23388,10310,537,2,17211.68,15.0
23389,10310,454,1,12204.15,10.0
23390,10311,730,3,11885.24,15.0
23391,10311,255,3,17032.48,10.0
23392,10312,795,3,21693.2,5.0
23393,10312,858,4,23207.14,5.0
23394,10312,564,4,2009.4,15.0
23395,10313,639,3,2960.19,10.0
23396,10313,862,4,4517.96,20.0
23397,10314,120,2,9678.0,0.0
23398,10315,354,2,17320.16,0.0
23399,10316,4,5,3406.7,0.0
23400,10316,245,4,13338.0,10.0
23401,10316,79,2,15602.76,0.0
23402,10317,268,2,3037.03,0.0
23403,10318,341,2,22578.93,0.0
23404,10319,724,3,11703.57,0.0
23405,10319,880,4,18151.13,15.0
23406,10319,410,1,15870.26,0.0
23407,10319,209,2,7178.41,5.0
23408,10319,15,5,9257.31,5.0
23409,10320,102,3,7542.37,20.0
23410,10320,641,5,12480.0,0.0
23411,10321,147,5,2349.15,0.0
23412,10322,101,2,20043.36,0.0
23413,10322,776,3,20110.05,0.0
23414,10323,738,2,19896.87,15.0
23415,10323,57,3,8529.28,5.0
23416,10323,400,2,19421.92,10.0
23417,10324,132,1,7609.15,10.0
23418,10324,802,1,4116.0,0.0
23419,10324,687,5,14696.63,0.0
23420,10324,624,5,15309.66,0.0
23421,10325,283,3,11626.55,15.0
23422,10325,787,1,18758.34,0.0
23423,10325,212,3,23358.43,0.0
23424,10325,411,3,17450.18,15.0
23425,10326,355,2,3894.18,10.0
23426,10327,31,2,16628.09,5.0
23427,10327,467,3,24009.79,0.0
23428,10328,228,1,5918.99,0.0
23429,10329,95,5,18635.44,0.0
23430,10330,143,1,7946.56,10.0
23431,10331,217,4,4337.11,0.0
23432,10331,621,1,6617.04,10.0
23433,10332,71,2,13770.82,0.0
23434,10333,609,5,8508.77,15.0
23435,10333,27,3,10463.86,0.0
23436,10334,793,4,4803.54,0.0
23437,10334,384,4,5638.85,10.0
23438,10334,619,1,12004.29,0.0
23439,10335,749,4,20244.79,0.0
23440,10335,623,4,5372.41,15.0
23441,10335,692,1,11530.12,0.0
23442,10335,774,3,10265.71,20.0
23443,10336,448,3,4391.49,15.0
23444,10336,500,3,6694.37,20.0
23445,10337,885,4,7089.39,0.0
23446,10337,150,5,5234.7,0.0
23447,10337,228,4,5918.99,5.0
23448,10338,208,4,7812.53,5.0
23449,10338,288,2,6504.36,0.0
23450,10339,698,4,4293.78,20.0
23451,10339,788,3,5720.07,0.0
23452,10339,609,5,8508.77,0.0
23453,10339,610,5,2359.37,15.0
23454,10340,806,3,11627.22,10.0
23455,10340,455,2,6876.9,0.0
23456,10340,187,2,17579.96,10.0
23457,10341,342,5,15719.78,0.0
23458,10341,321,2,9347.28,0.0
23459,10341,730,1,11885.24,5.0
23460,10341,675,2,12507.1,10.0
23461,10341,494,3,2526.78,0.0
23462,10342,339,5,13518.37,0.0
23463,10342,512,1,14169.19,20.0
23464,10343,871,2,8110.39,0.0
23465,10343,555,5,1454.57,20.0
23466,10344,502,2,8596.35,0.0
23467,10344,887,3,9495.11,0.0
23468,10345,298,5,15463.87,10.0
23469,10345,413,4,347.03,0.0
23470,10345,444,1,17486.46,20.0
23471,10345,266,4,20675.58,20.0
23472,10346,244,3,7472.45,20.0
23473,10346,399,4,20674.86,0.0
23474,10346,30,1,18303.29,20.0
23475,10347,750,4,3277.38,20.0
23476,10347,317,5,14112.86,0.0
23477,10347,534,5,10869.74,0.0
23478,10347,300,1,6061.57,0.0
23479,10347,630,1,16772.79,0.0
23480,10348,322,3,14630.46,20.0
23481,10348,66,3,13143.99,20.0
23482,10348,83,3,7572.59,0.0
23483,10349,289,5,10379.0,0.0
23484,10350,556,3,13361.23,15.0
23485,10350,792,5,2850.88,5.0
23486,10350,758,1,305.37,0.0
23487,10350,728,4,1177.36,0.0
23488,10351,127,5,14981.11,10.0
23489,10352,857,2,9589.19,15.0
23490,10352,135,2,4472.34,15.0
23491,10352,149,1,10169.3,20.0
23492,10353,189,3,2064.84,5.0
23493,10354,758,2,305.37,0.0
23494,10354,794,3,20250.02,10.0
23495,10355,885,4,7089.39,0.0
23496,10355,289,1,10379.0,0.0
23497,10355,414,5,166.83,0.0
23498,10355,711,1,16182.19,5.0
23499,10355,873,1,1014.59,20.0
23500,10356,551,4,23156.44,0.0
23501,10357,527,3,4372.63,5.0
23502,10358,805,2,15525.28,0.0
23503,10358,41,1,22568.02,10.0
23504,10359,179,2,3471.92,0.0
23505,10359,320,4,9179.45,0.0
23506,10360,746,4,6075.54,0.0
23507,10360,483,3,7695.04,5.0
23508,10361,887,4,9495.11,0.0
23509,10361,85,3,4996.1,10.0
23510,10362,99,3,20609.05,10.0
23511,10362,91,4,11076.97,10.0
23512,10362,726,1,5419.14,15.0
23513,10362,857,4,9589.19,0.0
23514,10363,701,3,621.06,10.0
23515,10364,491,4,11018.52,5.0
23516,10365,409,1,19362.42,10.0
23517,10366,276,1,6116.22,20.0
23518,10367,115,5,14046.49,10.0
23519,10367,108,1,23388.45,20.0
23520,10367,268,2,3037.03,0.0
23521,10368,172,4,6290.87,10.0
23522,10368,588,3,4546.5,0.0
23523,10369,555,4,1454.57,20.0
23524,10369,542,4,3615.52,0.0
23525,10369,252,1,14825.98,10.0
23526,10370,658,4,25361.82,10.0
23527,10371,879,3,13227.2,10.0
23528,10372,383,4,11935.37,20.0
23529,10373,479,1,8268.21,15.0
23530,10374,472,1,15859.32,0.0
23531,10375,195,4,1306.46,15.0
23532,10376,769,5,19111.37,15.0
23533,10376,863,1,10272.35,5.0
23534,10377,598,5,16464.93,0.0
23535,10378,457,3,19959.82,0.0
23536,10378,703,1,14544.45,20.0
23537,10379,218,1,25840.61,0.0
23538,10379,292,4,15961.49,15.0
23539,10380,752,2,16802.42,0.0
23540,10380,119,5,21039.52,10.0
23541,10381,533,3,20970.41,15.0
23542,10381,852,3,3347.58,0.0
23543,10381,645,3,15208.69,0.0
23544,10381,181,3,11885.47,5.0
23545,10382,309,2,10625.07,10.0
23546,10383,545,5,16977.96,5.0
23547,10383,774,5,10265.71,5.0
23548,10384,76,5,8195.06,0.0
23549,10385,674,1,11510.75,0.0
23550,10385,503,2,955.23,20.0
23551,10386,533,1,20970.41,5.0
23552,10386,861,2,8502.27,0.0
23553,10387,591,3,6697.37,0.0
23554,10388,74,1,21546.9,0.0
23555,10389,399,3,20674.86,0.0
23556,10389,871,4,8110.39,20.0
23557,10390,328,4,15690.65,10.0
23558,10391,541,5,12029.72,15.0
23559,10391,824,5,297.67,20.0
23560,10391,554,3,19734.11,15.0
23561,10391,295,3,18202.38,0.0
23562,10391,463,5,8811.92,0.0
23563,10392,199,5,10359.07,0.0
23564,10392,158,4,20098.55,10.0
23565,10392,318,3,7031.86,20.0
23566,10392,712,5,13003.78,0.0
23567,10392,339,3,13518.37,0.0
23568,10393,124,1,13452.12,20.0
23569,10394,549,3,16311.06,0.0
23570,10394,186,2,9740.85,0.0
23571,10395,362,3,17099.97,0.0
23572,10395,509,3,8432.77,10.0
23573,10395,550,4,9953.79,20.0
23574,10395,828,1,25138.47,0.0
23575,10395,788,1,5720.07,5.0
23576,10396,566,2,1155.19,10.0
23577,10397,327,4,15380.04,0.0
23578,10397,415,4,7434.55,0.0
23579,10397,205,3,16137.25,20.0
23580,10398,104,5,1617.45,20.0
23581,10398,248,1,19406.63,0.0
23582,10398,448,5,4391.49,0.0
23583,10398,344,3,5524.58,10.0
23584,10399,147,3,2349.15,5.0
23585,10400,456,3,6661.55,5.0
23586,10400,140,5,10101.86,10.0
23587,10401,451,4,15015.83,10.0
23588,10401,191,1,12145.42,20.0
23589,10402,194,4,2770.23,0.0
23590,10403,445,1,1123.05,20.0
23591,10403,117,2,4942.41,5.0
23592,10404,555,4,1454.57,10.0
23593,10405,493,4,7964.23,10.0
23594,10406,61,5,6502.87,5.0
23595,10407,734,5,13296.98,5.0
23596,10408,670,5,12689.21,0.0
23597,10408,477,4,17806.82,0.0
23598,10409,607,3,9557.3,15.0
23599,10410,701,5,621.06,10.0
23600,10411,318,4,7031.86,15.0
23601,10411,217,4,4337.11,5.0
23602,10411,308,2,6864.25,10.0
23603,10411,694,5,11604.18,5.0
23604,10412,678,4,2508.38,15.0
23605,10412,760,4,779.87,0.0
23606,10413,204,3,1265.16,0.0
23607,10413,815,2,20541.91,0.0
23608,10413,34,2,1148.2,0.0
23609,10413,24,4,18317.93,5.0
23610,10414,352,4,11635.83,15.0
23611,10414,235,2,4664.57,20.0
23612,10415,837,3,264.26,0.0
23613,10416,699,2,4909.23,20.0
23614,10416,258,4,17700.95,5.0
23615,10416,740,5,7772.66,20.0
23616,10417,409,3,19362.42,0.0
23617,10417,270,2,16271.78,0.0
23618,10417,10,2,7250.5,15.0
23619,10418,376,5,10430.96,0.0
23620,10418,466,5,10734.42,0.0
23621,10418,281,1,2023.57,0.0
23622,10419,687,5,14696.63,0.0
23623,10420,237,3,11209.85,0.0
23624,10420,739,2,22380.63,0.0
23625,10420,448,4,4391.49,0.0
23626,10420,735,4,9036.58,15.0
23627,10421,280,2,14095.63,10.0
23628,10421,654,2,16228.87,15.0
23629,10421,888,5,2244.3,5.0
23630,10422,600,2,13416.18,5.0
23631,10422,127,2,14981.11,15.0
23632,10423,435,4,13058.88,20.0
23633,10424,105,3,9554.98,20.0
23634,10424,818,1,10237.03,0.0
23635,10425,167,2,14506.97,10.0
23636,10425,542,3,3615.52,0.0
23637,10426,880,1,18151.13,15.0
23638,10426,603,4,7330.01,5.0
23639,10427,699,4,4909.23,10.0
23640,10428,564,2,2009.4,0.0
23641,10428,830,2,3011.17,0.0
23642,10429,244,3,7472.45,0.0
23643,10430,633,5,15843.65,15.0
23644,10430,492,2,9662.3,5.0
23645,10431,658,4,25361.82,15.0
23646,10432,791,4,11554.95,5.0
23647,10433,384,3,5638.85,0.0
23648,10433,16,4,19747.45,0.0
23649,10433,345,4,7900.55,10.0
23650,10434,872,1,15107.17,0.0
23651,10434,549,3,16311.06,5.0
23652,10434,38,4,4730.75,15.0
23653,10434,91,3,11076.97,10.0
23654,10434,277,2,13719.42,0.0
23655,10435,539,1,249.52,0.0
23656,10435,39,5,7958.95,5.0
23657,10436,487,1,1420.39,0.0
23658,10436,746,1,6075.54,0.0
23659,10436,156,4,963.21,0.0
23660,10437,593,4,17278.87,0.0
23661,10438,824,1,297.67,15.0
23662,10438,599,3,442.03,5.0
23663,10438,227,3,2720.12,15.0
23664,10438,455,2,6876.9,10.0
23665,10439,553,5,11099.68,0.0
23666,10440,540,2,2472.01,0.0
23667,10441,31,3,16628.09,15.0
23668,10442,624,2,15309.66,5.0
23669,10442,503,4,955.23,15.0
23670,10442,766,5,10014.02,20.0
23671,10443,819,4,14434.49,20.0
23672,10443,733,4,10948.51,0.0
23673,10444,57,2,8529.28,10.0
23674,10445,165,4,19157.23,0.0
23675,10445,754,4,12241.6,10.0
23676,10446,510,3,19375.24,5.0
23677,10446,725,4,8996.66,10.0
23678,10447,41,1,22568.02,10.0
23679,10447,285,4,16720.01,15.0
23680,10447,343,3,15859.82,15.0
23681,10447,885,4,7089.39,5.0
23682,10448,886,5,7687.78,5.0
23683,10448,101,2,20043.36,10.0
23684,10449,528,4,939.25,0.0
23685,10450,441,4,11305.42,10.0
23686,10450,158,5,20098.55,10.0
23687,10451,22,3,11230.85,10.0
23688,10451,696,5,2491.11,0.0
23689,10452,755,1,144.02,0.0
23690,10453,358,3,5722.36,0.0
23691,10454,678,5,2508.38,0.0
23692,10454,246,2,3854.15,20.0
23693,10454,809,4,24052.5,0.0
23694,10454,447,2,10631.16,10.0
23695,10455,862,1,4517.96,0.0
23696,10456,307,1,21906.91,10.0
23697,10457,794,5,20250.02,0.0
23698,10457,791,3,11554.95,0.0
23699,10458,331,5,6973.28,0.0
23700,10458,698,1,4293.78,0.0
23701,10459,49,1,12463.05,15.0
23702,10460,351,1,15160.62,10.0
23703,10460,220,5,12963.27,20.0
23704,10461,363,5,16290.66,20.0
23705,10461,306,1,9467.51,10.0
23706,10462,565,5,11175.66,0.0
23707,10462,2,1,21248.93,20.0
23708,10462,712,3,13003.78,0.0
23709,10463,873,3,1014.59,5.0
23710,10464,411,5,17450.18,20.0
23711,10465,504,1,13358.18,10.0
23712,10465,3,3,16184.82,0.0
23713,10465,92,3,18578.14,10.0
23714,10466,253,1,17161.82,0.0
23715,10466,887,2,9495.11,0.0
23716,10466,649,2,14601.66,15.0
23717,10466,714,1,26202.05,0.0
23718,10467,548,2,17776.31,20.0
23719,10467,871,2,8110.39,10.0
23720,10468,347,4,9249.35,20.0
23721,10469,784,4,8066.19,10.0
23722,10469,899,2,21905.82,0.0
23723,10469,82,1,14774.58,0.0
23724,10470,363,1,16290.66,0.0
23725,10471,296,5,15359.82,15.0
23726,10471,37,1,14064.14,0.0
23727,10471,534,1,10869.74,0.0
23728,10471,219,2,5457.35,0.0
23729,10471,46,1,6966.04,15.0
23730,10472,184,3,14178.66,0.0
23731,10472,696,5,2491.11,15.0
23732,10472,121,3,10353.6,0.0
23733,10472,453,1,11216.79,15.0
23734,10473,783,2,803.8,0.0
23735,10473,556,4,13361.23,0.0
23736,10473,301,3,21720.03,5.0
23737,10473,68,1,21790.7,15.0
23738,10473,419,5,4421.89,5.0
23739,10474,291,1,3444.93,0.0
23740,10474,158,5,20098.55,20.0
23741,10475,307,1,21906.91,20.0
23742,10475,862,2,4517.96,0.0
23743,10475,285,5,16720.01,20.0
23744,10476,403,1,7812.31,15.0
23745,10476,115,3,14046.49,0.0
23746,10477,207,4,21338.76,0.0
23747,10478,236,2,4832.52,0.0
23748,10479,175,1,8473.93,5.0
23749,10479,292,2,15961.49,0.0
23750,10479,220,2,12963.27,10.0
23751,10480,24,4,18317.93,15.0
23752,10481,851,1,6264.06,0.0
23753,10482,836,5,17573.65,5.0
23754,10482,801,1,3589.73,15.0
23755,10482,7,5,19612.77,0.0
23756,10482,818,3,10237.03,20.0
23757,10482,213,2,18912.24,5.0
23758,10483,24,4,18317.93,0.0
23759,10483,866,1,3834.44,5.0
23760,10483,749,2,20244.79,20.0
23761,10483,356,2,4711.26,10.0
23762,10484,844,3,8306.97,15.0
23763,10484,879,4,13227.2,0.0
23764,10484,103,5,8717.09,15.0
23765,10485,838,1,19410.6,5.0
23766,10486,351,3,15160.62,10.0
23767,10486,320,2,9179.45,0.0
23768,10487,779,1,19107.25,5.0
23769,10488,836,1,17573.65,5.0
23770,10489,593,3,17278.87,10.0
23771,10489,657,1,11502.62,0.0
23772,10489,361,4,10596.43,0.0
23773,10490,375,1,192.08,15.0
23774,10491,305,2,2031.07,10.0
23775,10492,879,4,13227.2,10.0
23776,10492,337,2,1562.71,5.0
23777,10492,507,5,12654.25,10.0
23778,10493,842,1,4816.41,0.0
23779,10493,658,1,25361.82,0.0
23780,10494,836,5,17573.65,20.0
23781,10495,202,3,18119.01,15.0
23782,10496,683,2,16086.04,20.0
23783,10496,707,2,1274.87,0.0
23784,10496,497,2,15989.14,0.0
23785,10497,104,5,1617.45,5.0
23786,10497,899,5,21905.82,0.0
23787,10498,397,4,8299.19,5.0
23788,10498,683,5,16086.04,20.0
23789,10499,879,1,13227.2,0.0
23790,10500,127,1,14981.11,0.0
23791,10500,628,4,8593.46,10.0
23792,10500,179,2,3471.92,15.0
23793,10500,385,4,12324.69,0.0
23794,10501,96,2,14288.15,0.0
23795,10501,511,4,16710.62,5.0
23796,10501,867,4,3837.28,0.0
23797,10501,632,5,10665.66,0.0
23798,10502,453,1,11216.79,15.0
23799,10502,115,4,14046.49,0.0
23800,10502,716,3,4599.1,0.0
23801,10503,676,4,14315.33,0.0
23802,10504,242,5,15852.16,15.0
23803,10504,676,2,14315.33,0.0
23804,10505,138,3,25438.29,5.0
23805,10505,336,3,226.24,20.0
23806,10506,392,3,956.75,0.0
23807,10506,715,5,11935.81,20.0
23808,10506,638,5,17008.83,0.0
23809,10507,517,2,17350.23,0.0
23810,10508,504,2,13358.18,20.0
23811,10508,125,1,2129.68,0.0
23812,10508,33,1,2593.22,20.0
23813,10509,654,3,16228.87,0.0
23814,10509,146,5,15804.83,15.0
23815,10510,562,5,6895.25,0.0
23816,10510,113,4,21843.22,5.0
23817,10511,379,3,1624.86,15.0
23818,10511,860,5,11880.54,0.0
23819,10512,137,5,10885.94,15.0
23820,10513,544,3,14987.27,10.0
23821,10513,477,4,17806.82,20.0
23822,10514,879,3,13227.2,5.0
23823,10515,789,1,12946.63,0.0
23824,10516,258,5,17700.95,15.0
23825,10517,193,4,20867.37,20.0
23826,10517,82,4,14774.58,15.0
23827,10518,810,5,15563.4,20.0
23828,10519,214,5,17220.63,15.0
23829,10520,132,4,7609.15,0.0
23830,10521,747,5,15965.2,20.0
23831,10522,482,1,2192.85,5.0
23832,10522,871,4,8110.39,20.0
23833,10523,83,1,7572.59,0.0
23834,10523,311,2,11362.72,10.0
23835,10523,574,5,6143.25,0.0
23836,10523,72,3,9041.77,20.0
23837,10523,1,5,23380.27,0.0
23838,10524,310,4,20036.92,0.0
23839,10524,372,5,9597.28,15.0
23840,10525,233,1,12825.71,0.0
23841,10525,700,3,14408.43,10.0
23842,10525,307,2,21906.91,0.0
23843,10525,866,3,3834.44,5.0
23844,10526,518,4,2509.06,0.0
23845,10526,584,2,8995.37,10.0
23846,10526,339,3,13518.37,10.0
23847,10526,403,1,7812.31,10.0
23848,10527,102,2,7542.37,0.0
23849,10527,813,4,5532.46,0.0
23850,10527,444,4,17486.46,0.0
23851,10527,13,5,478.72,15.0
23852,10527,26,2,12446.22,15.0
23853,10528,593,2,17278.87,20.0
23854,10528,451,5,15015.83,0.0
23855,10529,427,2,16845.82,0.0
23856,10530,845,5,24202.98,0.0
23857,10530,327,2,15380.04,15.0
23858,10531,72,5,9041.77,15.0
23859,10531,17,5,19447.69,10.0
23860,10532,490,1,6372.79,0.0
23861,10532,735,3,9036.58,10.0
23862,10533,681,4,17950.56,0.0
23863,10533,308,1,6864.25,20.0
23864,10533,397,5,8299.19,10.0
23865,10533,411,1,17450.18,10.0
23866,10534,829,3,21989.77,0.0
23867,10535,117,5,4942.41,0.0
23868,10536,358,4,5722.36,0.0
23869,10537,108,1,23388.45,0.0
23870,10537,402,2,789.81,20.0
23871,10538,528,1,939.25,0.0
23872,10538,280,4,14095.63,0.0
23873,10538,455,3,6876.9,0.0
23874,10539,790,4,1388.1,15.0
23875,10540,483,3,7695.04,20.0
23876,10541,65,2,16507.63,5.0
23877,10541,357,1,10102.76,0.0
23878,10542,654,3,16228.87,0.0
23879,10542,388,1,15425.62,15.0
23880,10543,88,2,25475.34,15.0
23881,10543,357,5,10102.76,10.0
23882,10544,739,4,22380.63,0.0
23883,10544,229,4,5530.88,15.0
23884,10544,95,3,18635.44,0.0
23885,10544,405,3,6628.43,10.0
23886,10545,67,2,18601.02,0.0
23887,10545,144,2,19819.04,5.0
23888,10545,103,4,8717.09,0.0
23889,10546,544,1,14987.27,10.0
23890,10547,898,5,9944.45,5.0
23891,10547,404,4,653.1,0.0
23892,10547,513,4,10655.97,0.0
23893,10548,225,1,6873.83,5.0
23894,10549,701,2,621.06,5.0
23895,10549,790,5,1388.1,20.0
23896,10550,433,4,8284.46,0.0
23897,10550,732,1,8129.26,15.0
23898,10551,746,5,6075.54,0.0
23899,10552,337,5,1562.71,0.0
23900,10552,642,1,12368.27,0.0
23901,10553,109,2,10740.23,0.0
23902,10553,132,2,7609.15,5.0
23903,10554,703,1,14544.45,5.0
23904,10554,134,1,17132.5,0.0
23905,10554,156,1,963.21,0.0
23906,10555,845,4,24202.98,20.0
23907,10556,48,1,5117.57,5.0
23908,10556,259,5,20724.65,5.0
23909,10557,252,2,14825.98,0.0
23910,10557,193,1,20867.37,15.0
23911,10558,357,4,10102.76,0.0
23912,10559,32,1,1527.01,0.0
23913,10559,828,1,25138.47,15.0
23914,10559,451,3,15015.83,5.0
23915,10559,219,5,5457.35,20.0
23916,10560,97,4,12470.7,0.0
23917,10560,401,1,3916.76,0.0
23918,10560,649,2,14601.66,20.0
23919,10561,253,5,17161.82,0.0
23920,10562,299,4,7106.85,5.0
23921,10563,558,4,13963.41,0.0
23922,10564,357,4,10102.76,10.0
23923,10565,649,3,14601.66,10.0
23924,10565,654,5,16228.87,0.0
23925,10566,722,3,2404.11,5.0
23926,10566,286,3,239.57,20.0
23927,10567,604,5,11660.05,10.0
23928,10567,607,5,9557.3,5.0
23929,10567,900,1,17425.46,0.0
23930,10567,458,3,706.12,20.0
23931,10567,16,3,19747.45,10.0
23932,10568,897,5,966.91,0.0
23933,10568,398,5,13400.93,0.0
23934,10568,834,1,11307.94,0.0
23935,10569,243,1,176.76,20.0
23936,10569,413,1,347.03,15.0
23937,10570,704,5,16292.88,0.0
23938,10570,346,3,8215.18,15.0
23939,10571,87,1,19036.03,20.0
23940,10572,412,1,17012.64,5.0
23941,10573,819,2,14434.49,0.0
23942,10573,786,1,14084.23,0.0
23943,10573,813,4,5532.46,20.0
23944,10574,620,1,12173.09,0.0
23945,10574,32,5,1527.01,15.0
23946,10574,611,1,6171.82,5.0
23947,10574,778,1,20152.02,5.0
23948,10575,231,5,18449.85,0.0
23949,10575,712,2,13003.78,0.0
23950,10575,700,3,14408.43,5.0
23951,10575,290,4,12993.94,0.0
23952,10576,781,5,15990.77,0.0
23953,10577,172,4,6290.87,0.0
23954,10577,767,3,12752.82,0.0
23955,10578,451,2,15015.83,15.0
23956,10579,586,5,15918.44,10.0
23957,10579,507,5,12654.25,15.0
23958,10579,173,3,7108.82,20.0
23959,10580,367,3,14113.51,10.0
23960,10581,497,4,15989.14,0.0
23961,10582,158,2,20098.55,0.0
23962,10582,817,2,14780.14,20.0
23963,10583,476,3,19019.08,10.0
23964,10583,590,3,9869.32,15.0
23965,10584,458,2,706.12,20.0
23966,10584,786,2,14084.23,5.0
23967,10585,303,5,18231.15,0.0
23968,10586,388,2,15425.62,0.0
23969,10587,208,2,7812.53,0.0
23970,10588,727,5,19119.71,0.0
23971,10588,427,2,16845.82,0.0
23972,10589,498,5,21474.1,10.0
23973,10590,685,4,120.67,0.0
23974,10591,776,5,20110.05,20.0
23975,10592,452,1,22746.4,0.0
23976,10592,822,3,4952.16,20.0
23977,10592,810,1,15563.4,20.0
23978,10593,94,1,15069.27,5.0
23979,10593,9,5,17153.33,5.0
23980,10593,11,2,19969.24,0.0
23981,10594,609,4,8508.77,20.0
23982,10594,555,2,1454.57,0.0
23983,10595,467,4,24009.79,10.0
23984,10595,211,1,5660.73,0.0
23985,10596,780,2,2481.3,15.0
23986,10596,191,5,12145.42,0.0
23987,10597,4,5,3406.7,0.0
23988,10597,818,5,10237.03,15.0
23989,10597,763,4,19381.27,0.0
23990,10598,707,4,1274.87,0.0
23991,10598,104,4,1617.45,10.0
23992,10599,335,1,10357.5,0.0
23993,10599,247,3,1089.6,0.0
23994,10600,476,5,19019.08,5.0
23995,10600,327,3,15380.04,0.0
23996,10601,2,5,21248.93,10.0
23997,10602,203,3,12755.01,0.0
23998,10602,118,2,22241.66,20.0
23999,10603,503,3,955.23,0.0
24000,10604,716,4,4599.1,0.0
24001,10605,550,5,9953.79,15.0
24002,10605,224,1,2233.05,0.0
24003,10605,541,5,12029.72,5.0
24004,10605,321,1,9347.28,0.0
24005,10606,29,5,2346.21,0.0
24006,10607,672,5,5939.35,0.0
24007,10607,739,1,22380.63,0.0
24008,10608,772,2,18195.11,20.0
24009,10608,248,3,19406.63,5.0
24010,10608,627,2,14763.79,0.0
24011,10608,138,1,25438.29,0.0
24012,10609,828,4,25138.47,20.0
24013,10609,211,2,5660.73,20.0
24014,10610,567,1,14958.32,10.0
24015,10611,859,2,1089.58,5.0
24016,10612,510,4,19375.24,5.0
24017,10613,534,4,10869.74,0.0
24018,10614,558,3,13963.41,0.0
24019,10614,886,2,7687.78,0.0
24020,10614,791,1,11554.95,0.0
24021,10615,370,2,2983.33,15.0
24022,10616,274,4,8564.4,20.0
24023,10616,651,2,6091.61,15.0
24024,10617,465,2,2006.55,5.0
24025,10617,436,2,6536.15,0.0
24026,10617,470,1,14455.32,0.0
24027,10618,271,1,20542.32,15.0
24028,10618,861,5,8502.27,0.0
24029,10619,807,3,15923.26,0.0
24030,10619,180,5,1628.95,5.0
24031,10620,358,2,5722.36,20.0
24032,10620,763,1,19381.27,0.0
24033,10620,845,1,24202.98,20.0
24034,10621,450,2,5004.29,0.0
24035,10622,763,4,19381.27,0.0
24036,10622,121,2,10353.6,5.0
24037,10623,571,2,10334.44,0.0
24038,10623,830,4,3011.17,0.0
24039,10624,231,1,18449.85,15.0
24040,10624,508,5,4967.5,0.0
24041,10625,727,4,19119.71,0.0
24042,10625,642,3,12368.27,20.0
24043,10625,160,4,20635.35,0.0
24044,10626,437,1,10772.97,0.0
24045,10626,347,5,9249.35,10.0
24046,10627,768,3,16413.87,0.0
24047,10627,214,3,17220.63,0.0
24048,10627,293,3,282.61,0.0
24049,10627,569,2,17022.92,10.0
24050,10627,621,5,6617.04,5.0
24051,10628,741,1,16605.12,10.0
24052,10628,14,2,10692.32,0.0
24053,10628,156,2,963.21,15.0
24054,10629,293,1,282.61,10.0
24055,10630,356,4,4711.26,20.0
24056,10630,518,1,2509.06,0.0
24057,10631,567,1,14958.32,20.0
24058,10631,28,3,15441.58,20.0
24059,10632,792,5,2850.88,0.0
24060,10633,852,5,3347.58,5.0
24061,10634,452,4,22746.4,5.0
24062,10634,833,5,16884.14,20.0
24063,10635,752,2,16802.42,10.0
24064,10635,430,5,19127.25,5.0
24065,10635,773,1,8183.79,0.0
24066,10635,54,5,12660.77,5.0
24067,10635,184,1,14178.66,0.0
24068,10636,559,1,10518.45,10.0
24069,10637,519,2,18767.62,15.0
24070,10637,303,2,18231.15,5.0
24071,10637,547,5,5521.08,0.0
24072,10637,224,2,2233.05,0.0
24073,10637,889,3,15442.59,0.0
24074,10638,523,1,13665.96,5.0
24075,10638,725,1,8996.66,0.0
24076,10639,797,3,13841.65,5.0
24077,10639,593,4,17278.87,10.0
24078,10639,818,2,10237.03,0.0
24079,10639,495,2,16857.86,0.0
24080,10640,298,3,15463.87,0.0
24081,10641,455,5,6876.9,0.0
24082,10641,258,3,17700.95,5.0
24083,10642,272,2,8968.84,10.0
24084,10642,664,2,9991.3,0.0
24085,10643,457,2,19959.82,5.0
24086,10643,146,3,15804.83,0.0
24087,10643,864,2,2259.89,20.0
24088,10644,208,4,7812.53,0.0
24089,10644,766,3,10014.02,20.0
24090,10645,164,4,25966.48,0.0
24091,10645,25,5,14978.82,15.0
24092,10646,752,4,16802.42,20.0
24093,10646,632,1,10665.66,0.0
24094,10647,322,4,14630.46,0.0
24095,10648,541,3,12029.72,20.0
24096,10649,462,3,19988.3,15.0
24097,10650,390,4,3964.49,15.0
24098,10650,537,2,17211.68,5.0
24099,10651,786,1,14084.23,0.0
24100,10651,590,5,9869.32,10.0
24101,10652,628,4,8593.46,0.0
24102,10653,391,4,12976.53,5.0
24103,10653,432,4,23302.07,15.0
24104,10653,347,4,9249.35,10.0
24105,10654,153,3,1446.08,10.0
24106,10655,456,1,6661.55,0.0
24107,10656,643,1,1936.54,0.0
24108,10657,643,1,1936.54,10.0
24109,10657,348,4,19662.84,20.0
24110,10658,620,4,12173.09,0.0
24111,10659,731,2,960.03,0.0
24112,10659,686,5,354.18,0.0
24113,10659,241,4,11844.31,5.0
24114,10660,65,2,16507.63,0.0
24115,10660,144,3,19819.04,5.0
24116,10661,472,2,15859.32,20.0
24117,10661,403,2,7812.31,10.0
24118,10661,685,3,120.67,20.0
24119,10661,799,3,8448.77,0.0
24120,10661,628,4,8593.46,10.0
24121,10662,82,3,14774.58,20.0
24122,10663,31,2,16628.09,5.0
24123,10664,254,1,21957.69,5.0
24124,10665,322,1,14630.46,0.0
24125,10665,176,3,10671.88,0.0
24126,10666,643,3,1936.54,5.0
24127,10667,55,4,2583.6,0.0
24128,10668,526,1,14453.05,0.0
24129,10668,782,3,19248.75,0.0
24130,10669,98,4,17528.8,10.0
24131,10669,446,4,18287.32,0.0
24132,10669,742,1,12611.2,0.0
24133,10670,833,5,16884.14,20.0
24134,10671,172,1,6290.87,0.0
24135,10671,511,2,16710.62,10.0
24136,10672,290,2,12993.94,0.0
24137,10672,460,1,20514.31,0.0
24138,10672,878,2,13434.69,15.0
24139,10673,28,5,15441.58,15.0
24140,10674,386,1,14759.78,5.0
24141,10674,873,4,1014.59,0.0
24142,10674,492,5,9662.3,0.0
24143,10675,652,4,6638.78,0.0
24144,10676,187,5,17579.96,0.0
24145,10676,146,2,15804.83,15.0
24146,10676,365,4,22789.3,0.0
24147,10676,599,2,442.03,10.0
24148,10677,301,1,21720.03,20.0
24149,10677,299,1,7106.85,20.0
24150,10678,308,2,6864.25,0.0
24151,10678,333,4,6422.47,0.0
24152,10678,54,3,12660.77,5.0
24153,10679,252,5,14825.98,10.0
24154,10680,152,1,11106.45,5.0
24155,10680,592,2,4181.43,20.0
24156,10680,58,2,2190.76,10.0
24157,10680,421,1,4302.81,20.0
24158,10680,242,3,15852.16,5.0
24159,10681,120,2,9678.0,0.0
24160,10681,732,3,8129.26,0.0
24161,10681,39,3,7958.95,0.0
24162,10681,758,2,305.37,0.0
24163,10682,527,2,4372.63,20.0
24164,10682,91,2,11076.97,20.0
24165,10682,87,5,19036.03,10.0
24166,10682,22,5,11230.85,0.0
24167,10683,771,2,2696.54,0.0
24168,10683,646,3,5805.21,0.0
24169,10684,247,2,1089.6,0.0
24170,10684,404,3,653.1,10.0
24171,10685,474,1,10258.52,20.0
24172,10686,366,5,16239.91,0.0
24173,10686,89,4,18350.27,15.0
24174,10686,395,5,16130.97,20.0
24175,10686,109,3,10740.23,5.0
24176,10687,796,5,15083.08,10.0
24177,10687,373,3,9954.9,20.0
24178,10688,712,1,13003.78,0.0
24179,10689,28,3,15441.58,0.0
24180,10689,401,1,3916.76,20.0
24181,10690,37,5,14064.14,10.0
24182,10691,777,1,7013.52,0.0
24183,10691,292,3,15961.49,15.0
24184,10691,345,2,7900.55,0.0
24185,10691,537,5,17211.68,0.0
24186,10692,675,2,12507.1,0.0
24187,10692,706,3,12213.81,0.0
24188,10693,183,2,23501.6,5.0
24189,10693,102,1,7542.37,0.0
24190,10694,191,1,12145.42,10.0
24191,10694,88,1,25475.34,20.0
24192,10695,683,1,16086.04,20.0
24193,10696,355,1,3894.18,20.0
24194,10697,310,4,20036.92,5.0
24195,10697,400,3,19421.92,15.0
24196,10697,570,2,15355.66,0.0
24197,10697,728,3,1177.36,5.0
24198,10697,223,2,13128.85,20.0
24199,10698,793,1,4803.54,0.0
24200,10699,541,4,12029.72,10.0
24201,10699,610,1,2359.37,5.0
24202,10700,93,1,7632.26,0.0
24203,10701,283,4,11626.55,5.0
24204,10701,742,2,12611.2,15.0
24205,10702,535,1,5770.15,0.0
24206,10702,329,2,10046.75,5.0
24207,10702,545,2,16977.96,0.0
24208,10703,35,3,21434.65,15.0
24209,10704,12,5,10935.76,5.0
24210,10704,827,3,17333.78,20.0
24211,10704,589,5,326.42,0.0
24212,10705,823,2,16691.74,5.0
24213,10706,207,2,21338.76,0.0
24214,10706,132,4,7609.15,10.0
24215,10706,57,2,8529.28,0.0
24216,10707,451,2,15015.83,10.0
24217,10707,134,4,17132.5,15.0
24218,10708,664,2,9991.3,0.0
24219,10709,825,2,14217.62,10.0
24220,10710,552,5,4733.75,15.0
24221,10711,138,4,25438.29,0.0
24222,10711,708,2,16924.57,0.0
24223,10711,466,4,10734.42,10.0
24224,10712,548,2,17776.31,0.0
24225,10712,780,3,2481.3,0.0
24226,10713,90,5,14228.88,5.0
24227,10713,609,5,8508.77,0.0
24228,10713,212,4,23358.43,5.0
24229,10714,859,1,1089.58,0.0
24230,10715,149,2,10169.3,10.0
24231,10715,393,4,8735.87,0.0
24232,10716,821,2,17002.37,5.0
24233,10717,472,3,15859.32,0.0
24234,10718,460,5,20514.31,0.0
24235,10718,476,5,19019.08,0.0
24236,10719,707,2,1274.87,0.0
24237,10719,285,1,16720.01,20.0
24238,10720,42,1,10082.43,0.0
24239,10721,152,1,11106.45,20.0
24240,10721,10,2,7250.5,20.0
24241,10722,347,3,9249.35,10.0
24242,10722,811,5,13234.53,15.0
24243,10723,189,1,2064.84,15.0
24244,10724,845,5,24202.98,0.0
24245,10724,311,2,11362.72,0.0
24246,10724,17,4,19447.69,15.0
24247,10724,36,4,8033.06,20.0
24248,10724,309,1,10625.07,5.0
24249,10725,170,3,12133.1,10.0
24250,10726,751,2,3818.67,15.0
24251,10726,847,4,13026.82,10.0
24252,10727,494,3,2526.78,0.0
24253,10728,545,2,16977.96,0.0
24254,10728,30,5,18303.29,0.0
24255,10728,426,4,9117.48,5.0
24256,10729,164,3,25966.48,0.0
24257,10730,665,4,4754.37,0.0
24258,10731,216,2,14201.95,20.0
24259,10731,742,2,12611.2,15.0
24260,10731,757,1,7147.34,15.0
24261,10731,766,3,10014.02,0.0
24262,10732,75,5,19138.34,10.0
24263,10732,350,4,2904.08,0.0
24264,10733,175,5,8473.93,20.0
24265,10734,873,1,1014.59,0.0
24266,10734,415,3,7434.55,5.0
24267,10735,217,2,4337.11,0.0
24268,10736,670,2,12689.21,5.0
24269,10736,414,4,166.83,20.0
24270,10736,415,1,7434.55,0.0
24271,10737,635,5,15794.51,10.0
24272,10738,239,4,15822.1,0.0
24273,10738,749,1,20244.79,20.0
24274,10738,680,5,2617.11,20.0
24275,10738,240,3,3443.85,0.0
24276,10738,434,1,16140.57,5.0
24277,10739,118,1,22241.66,5.0
24278,10739,332,3,25511.86,10.0
24279,10739,887,1,9495.11,10.0
24280,10739,292,3,15961.49,10.0
24281,10740,757,3,7147.34,10.0
24282,10740,577,4,20570.33,0.0
24283,10741,562,2,6895.25,0.0
24284,10742,750,2,3277.38,20.0
24285,10742,466,4,10734.42,5.0
24286,10742,614,5,21084.78,5.0
24287,10743,40,1,1150.22,10.0
24288,10743,128,4,13624.37,15.0
24289,10743,439,4,9511.48,10.0
24290,10743,832,5,9339.3,15.0
24291,10744,780,1,2481.3,5.0
24292,10745,881,2,21532.91,5.0
24293,10745,849,3,11044.19,0.0
24294,10745,494,3,2526.78,5.0
24295,10746,123,5,15484.22,15.0
24296,10747,302,2,16440.69,0.0
24297,10747,683,4,16086.04,15.0
24298,10748,787,2,18758.34,5.0
24299,10749,310,3,20036.92,0.0
24300,10749,737,2,16594.34,20.0
24301,10749,609,1,8508.77,5.0
24302,10750,162,1,13421.66,0.0
24303,10750,142,3,21163.93,20.0
24304,10750,503,2,955.23,5.0
24305,10751,302,4,16440.69,0.0
24306,10752,703,4,14544.45,10.0
24307,10752,775,5,23675.41,20.0
24308,10752,149,3,10169.3,5.0
24309,10753,687,3,14696.63,0.0
24310,10754,54,1,12660.77,20.0
24311,10754,761,5,16718.68,0.0
24312,10754,39,5,7958.95,15.0
24313,10755,124,2,13452.12,10.0
24314,10755,314,3,18006.61,0.0
24315,10755,836,1,17573.65,0.0
24316,10756,798,5,4100.19,0.0
24317,10756,371,1,1636.75,15.0
24318,10757,800,5,12138.75,0.0
24319,10758,102,5,7542.37,5.0
24320,10759,73,2,16451.55,20.0
24321,10759,307,2,21906.91,5.0
24322,10759,748,3,15319.21,0.0
24323,10760,788,3,5720.07,5.0
24324,10760,140,2,10101.86,0.0
24325,10761,740,3,7772.66,5.0
24326,10761,102,5,7542.37,5.0
24327,10761,485,3,12732.78,0.0
24328,10761,691,2,16753.29,10.0
24329,10762,523,1,13665.96,0.0
24330,10762,214,4,17220.63,5.0
24331,10762,71,1,13770.82,20.0
24332,10763,573,4,2928.56,10.0
24333,10763,776,2,20110.05,5.0
24334,10763,187,5,17579.96,20.0
24335,10763,529,5,8097.4,0.0
24336,10764,57,2,8529.28,0.0
24337,10764,623,5,5372.41,15.0
24338,10765,840,3,14874.45,20.0
24339,10766,134,4,17132.5,0.0
24340,10766,468,4,9057.22,0.0
24341,10766,777,2,7013.52,0.0
24342,10766,506,2,2449.21,0.0
24343,10767,111,3,8344.65,0.0
24344,10768,316,5,7282.96,10.0
24345,10769,411,3,17450.18,5.0
24346,10769,221,1,21061.36,20.0
24347,10770,39,1,7958.95,0.0
24348,10770,714,2,26202.05,5.0
24349,10770,880,1,18151.13,5.0
24350,10770,221,2,21061.36,0.0
24351,10771,594,3,13204.03,0.0
24352,10771,819,2,14434.49,0.0
24353,10772,652,2,6638.78,0.0
24354,10773,42,1,10082.43,10.0
24355,10773,547,3,5521.08,0.0
24356,10774,534,1,10869.74,0.0
24357,10774,99,4,20609.05,0.0
24358,10774,384,2,5638.85,0.0
24359,10775,103,5,8717.09,0.0
24360,10775,889,4,15442.59,15.0
24361,10775,546,4,16500.34,10.0
24362,10775,16,4,19747.45,20.0
24363,10776,360,5,11713.02,0.0
24364,10776,766,4,10014.02,15.0
24365,10776,85,1,4996.1,15.0
24366,10776,660,4,5178.7,0.0
24367,10776,795,5,21693.2,0.0
24368,10777,606,4,10207.96,5.0
24369,10777,537,3,17211.68,10.0
24370,10777,406,5,5693.41,5.0
24371,10777,772,3,18195.11,5.0
24372,10778,36,4,8033.06,0.0
24373,10778,110,3,20953.8,20.0
24374,10778,385,1,12324.69,0.0
24375,10778,119,1,21039.52,20.0
24376,10779,41,2,22568.02,0.0
24377,10779,603,1,7330.01,0.0
24378,10780,416,1,11392.81,0.0
24379,10781,890,5,10049.64,0.0
24380,10781,314,2,18006.61,10.0
24381,10781,395,1,16130.97,0.0
24382,10781,899,1,21905.82,0.0
24383,10782,400,3,19421.92,5.0
24384,10783,478,4,10570.88,15.0
24385,10783,871,5,8110.39,0.0
24386,10784,584,5,8995.37,20.0
24387,10784,419,4,4421.89,0.0
24388,10784,152,2,11106.45,5.0
24389,10784,765,1,810.63,10.0
24390,10784,52,3,12629.7,0.0
24391,10785,713,5,26684.64,0.0
24392,10786,819,5,14434.49,0.0
24393,10786,259,4,20724.65,20.0
24394,10787,406,2,5693.41,20.0
24395,10787,531,2,9020.83,0.0
24396,10788,637,4,9909.0,0.0
24397,10788,23,3,11954.03,10.0
24398,10788,636,2,7292.03,0.0
24399,10789,758,5,305.37,5.0
24400,10789,523,5,13665.96,15.0
24401,10790,891,1,12910.53,0.0
24402,10791,150,5,5234.7,0.0
24403,10791,845,3,24202.98,20.0
24404,10792,209,5,7178.41,0.0
24405,10792,743,4,10182.67,0.0
24406,10793,93,5,7632.26,20.0
24407,10793,654,2,16228.87,0.0
24408,10794,331,3,6973.28,10.0
24409,10795,439,1,9511.48,15.0
24410,10795,615,4,13741.69,10.0
24411,10796,308,4,6864.25,0.0
24412,10797,99,1,20609.05,5.0
24413,10798,765,2,810.63,5.0
24414,10799,386,1,14759.78,0.0
24415,10799,505,2,10404.05,15.0
24416,10800,113,4,21843.22,0.0
24417,10800,845,1,24202.98,5.0
24418,10800,164,1,25966.48,0.0
24419,10801,687,4,14696.63,0.0
24420,10801,470,2,14455.32,0.0
24421,10802,800,3,12138.75,0.0
24422,10802,876,1,6589.16,0.0
24423,10803,236,3,4832.52,0.0
24424,10803,503,1,955.23,0.0
24425,10803,878,2,13434.69,0.0
24426,10804,327,5,15380.04,20.0
24427,10804,596,3,3968.53,10.0
24428,10804,520,1,1057.04,0.0
24429,10805,461,3,14975.0,0.0
24430,10806,783,2,803.8,0.0
24431,10806,737,1,16594.34,0.0
24432,10806,138,5,25438.29,5.0
24433,10806,288,3,6504.36,0.0
24434,10807,714,5,26202.05,15.0
24435,10807,731,5,960.03,15.0
24436,10807,566,5,1155.19,15.0
24437,10807,862,3,4517.96,10.0
24438,10808,485,3,12732.78,5.0
24439,10808,57,3,8529.28,0.0
24440,10808,194,2,2770.23,0.0
24441,10808,529,4,8097.4,0.0
24442,10809,120,1,9678.0,20.0
24443,10809,231,4,18449.85,0.0
24444,10810,5,1,8313.51,0.0
24445,10810,366,3,16239.91,15.0
24446,10810,255,4,17032.48,10.0
24447,10810,240,3,3443.85,15.0
24448,10811,101,2,20043.36,0.0
24449,10811,191,2,12145.42,10.0
24450,10811,196,2,10265.86,5.0
24451,10811,449,3,1431.85,0.0
24452,10811,433,4,8284.46,10.0
24453,10812,191,2,12145.42,0.0
24454,10812,313,5,7494.19,5.0
24455,10812,830,2,3011.17,0.0
24456,10812,435,4,13058.88,20.0
24457,10813,646,2,5805.21,0.0
24458,10814,325,1,2187.51,0.0
24459,10815,893,1,17792.63,0.0
24460,10815,826,2,11073.3,0.0
24461,10815,709,4,7686.85,0.0
24462,10816,454,2,12204.15,5.0
24463,10816,723,3,4606.01,5.0
24464,10817,427,2,16845.82,15.0
24465,10817,847,5,13026.82,5.0
24466,10817,880,5,18151.13,20.0
24467,10817,89,3,18350.27,0.0
24468,10817,76,2,8195.06,0.0
24469,10818,173,4,7108.82,0.0
24470,10819,209,5,7178.41,5.0
24471,10820,500,5,6694.37,15.0
24472,10821,94,2,15069.27,0.0
24473,10821,879,4,13227.2,15.0
24474,10822,718,1,17963.95,0.0
24475,10822,328,4,15690.65,0.0
24476,10822,709,2,7686.85,10.0
24477,10823,245,1,13338.0,0.0
24478,10824,416,2,11392.81,10.0
24479,10825,90,2,14228.88,0.0
24480,10825,632,3,10665.66,5.0
24481,10826,506,3,2449.21,10.0
24482,10827,504,1,13358.18,0.0
24483,10827,332,2,25511.86,0.0
24484,10828,506,5,2449.21,20.0
24485,10828,221,3,21061.36,0.0
24486,10828,635,4,15794.51,5.0
24487,10828,812,3,2387.49,0.0
24488,10829,883,2,1769.58,5.0
24489,10829,45,3,19804.2,10.0
24490,10830,558,3,13963.41,10.0
24491,10830,862,5,4517.96,0.0
24492,10831,590,5,9869.32,20.0
24493,10832,784,3,8066.19,10.0
24494,10832,248,2,19406.63,0.0
24495,10832,730,2,11885.24,20.0
24496,10832,735,5,9036.58,0.0
24497,10832,850,4,22317.22,0.0
24498,10833,370,3,2983.33,5.0
24499,10834,660,2,5178.7,5.0
24500,10835,299,1,7106.85,20.0
24501,10836,751,1,3818.67,20.0
24502,10836,554,2,19734.11,10.0
24503,10836,389,5,3509.61,10.0
24504,10837,623,3,5372.41,0.0
24505,10837,119,5,21039.52,0.0
24506,10838,720,3,21429.07,20.0
24507,10838,2,2,21248.93,15.0
24508,10838,449,5,1431.85,15.0
24509,10839,681,3,17950.56,10.0
24510,10839,533,2,20970.41,0.0
24511,10840,464,4,7633.05,0.0
24512,10841,561,5,863.13,5.0
24513,10841,150,1,5234.7,0.0
24514,10841,555,3,1454.57,0.0
24515,10841,531,1,9020.83,5.0
24516,10842,885,2,7089.39,20.0
24517,10843,398,4,13400.93,0.0
24518,10844,101,2,20043.36,0.0
24519,10844,835,4,13235.32,10.0
24520,10844,804,3,21201.2,15.0
24521,10845,62,1,13136.19,20.0
24522,10846,666,4,16085.16,5.0
24523,10846,305,4,2031.07,0.0
24524,10846,35,1,21434.65,20.0
24525,10847,518,5,2509.06,0.0
24526,10848,877,2,10559.02,0.0
24527,10848,489,2,7785.34,15.0
24528,10849,349,1,2689.14,20.0
24529,10850,740,1,7772.66,0.0
24530,10850,401,4,3916.76,0.0
24531,10850,273,2,19263.38,20.0
24532,10851,214,4,17220.63,10.0
24533,10852,380,3,10068.31,5.0
24534,10853,761,5,16718.68,20.0
24535,10853,444,1,17486.46,0.0
24536,10853,879,3,13227.2,10.0
24537,10854,762,5,15418.59,15.0
24538,10854,625,3,7044.62,0.0
24539,10854,403,3,7812.31,0.0
24540,10855,361,3,10596.43,20.0
24541,10855,172,1,6290.87,15.0
24542,10855,618,2,13048.71,0.0
24543,10856,334,4,14837.25,0.0
24544,10856,697,5,2018.95,0.0
24545,10857,417,3,1519.73,20.0
24546,10857,836,2,17573.65,0.0
24547,10858,497,3,15989.14,10.0
24548,10858,223,2,13128.85,5.0
24549,10858,488,5,13455.56,0.0
24550,10859,68,2,21790.7,20.0
24551,10859,515,5,19735.52,15.0
24552,10860,328,4,15690.65,0.0
24553,10861,627,4,14763.79,0.0
24554,10861,316,1,7282.96,0.0
24555,10862,781,5,15990.77,15.0
24556,10863,802,4,4116.0,0.0
24557,10864,162,1,13421.66,0.0
24558,10864,300,1,6061.57,5.0
24559,10865,702,1,1292.78,0.0
24560,10866,336,4,226.24,15.0
24561,10866,323,1,920.73,5.0
24562,10867,805,4,15525.28,10.0
24563,10867,897,5,966.91,0.0
24564,10868,560,2,6942.79,0.0
24565,10869,330,5,12351.31,0.0
24566,10869,31,2,16628.09,20.0
24567,10869,342,1,15719.78,20.0
24568,10869,623,3,5372.41,0.0
24569,10870,320,5,9179.45,0.0
24570,10870,303,2,18231.15,0.0
24571,10870,828,4,25138.47,15.0
24572,10871,121,5,10353.6,0.0
24573,10871,268,4,3037.03,20.0
24574,10872,773,3,8183.79,20.0
24575,10873,36,5,8033.06,5.0
24576,10873,105,4,9554.98,20.0
24577,10873,35,3,21434.65,20.0
24578,10873,294,4,10981.7,0.0
24579,10874,720,3,21429.07,0.0
24580,10874,135,3,4472.34,0.0
24581,10875,124,5,13452.12,15.0
24582,10876,285,2,16720.01,0.0
24583,10877,114,1,7286.84,0.0
24584,10877,517,5,17350.23,0.0
24585,10877,634,5,17957.51,20.0
24586,10877,824,1,297.67,0.0
24587,10878,585,5,10944.6,5.0
24588,10878,776,1,20110.05,0.0
24589,10878,775,3,23675.41,0.0
24590,10878,355,4,3894.18,0.0
24591,10879,53,1,7934.72,20.0
24592,10880,99,4,20609.05,20.0
24593,10881,675,1,12507.1,15.0
24594,10881,770,1,5579.14,15.0
24595,10881,544,1,14987.27,0.0
24596,10881,746,4,6075.54,0.0
24597,10881,324,4,3772.01,0.0
24598,10882,14,4,10692.32,20.0
24599,10882,751,3,3818.67,5.0
24600,10882,8,3,19040.64,0.0
24601,10882,637,5,9909.0,5.0
24602,10883,137,2,10885.94,5.0
24603,10883,274,4,8564.4,15.0
24604,10884,616,1,18315.38,0.0
24605,10884,406,4,5693.41,0.0
24606,10884,832,1,9339.3,5.0
24607,10885,213,5,18912.24,0.0
24608,10885,372,5,9597.28,0.0
24609,10886,553,4,11099.68,20.0
24610,10886,774,4,10265.71,0.0
24611,10887,39,1,7958.95,15.0
24612,10887,685,2,120.67,10.0
24613,10887,518,5,2509.06,15.0
24614,10887,664,5,9991.3,5.0
24615,10888,175,4,8473.93,5.0
24616,10888,351,2,15160.62,5.0
24617,10889,362,4,17099.97,0.0
24618,10889,726,1,5419.14,0.0
24619,10889,627,2,14763.79,20.0
24620,10890,94,1,15069.27,20.0
24621,10890,360,5,11713.02,5.0
24622,10890,836,3,17573.65,10.0
24623,10890,241,4,11844.31,0.0
24624,10891,442,1,11650.88,0.0
24625,10891,329,2,10046.75,0.0
24626,10891,407,3,7770.71,0.0
24627,10891,395,4,16130.97,0.0
24628,10892,373,1,9954.9,5.0
24629,10893,516,1,4294.23,0.0
24630,10893,622,3,8757.16,0.0
24631,10894,78,4,18768.02,0.0
24632,10894,508,3,4967.5,0.0
24633,10894,404,1,653.1,10.0
24634,10894,146,3,15804.83,5.0
24635,10895,282,4,19801.39,15.0
24636,10896,465,3,2006.55,0.0
24637,10896,812,1,2387.49,5.0
24638,10896,668,2,11556.92,5.0
24639,10897,432,2,23302.07,0.0
24640,10897,2,3,21248.93,5.0
24641,10897,52,4,12629.7,5.0
24642,10897,893,3,17792.63,0.0
24643,10897,635,2,15794.51,20.0
24644,10898,64,2,18539.77,0.0
24645,10899,464,1,7633.05,0.0
24646,10899,572,1,19015.09,15.0
24647,10900,507,5,12654.25,20.0
24648,10901,424,1,17174.37,0.0
24649,10901,266,4,20675.58,0.0
24650,10902,444,3,17486.46,15.0
24651,10902,539,4,249.52,5.0
24652,10902,262,1,4228.73,10.0
24653,10903,657,5,11502.62,20.0
24654,10903,405,2,6628.43,15.0
24655,10904,592,2,4181.43,0.0
24656,10905,297,3,17238.41,0.0
24657,10905,376,2,10430.96,15.0
24658,10905,332,1,25511.86,15.0
24659,10905,362,3,17099.97,0.0
24660,10905,751,4,3818.67,5.0
24661,10906,554,5,19734.11,20.0
24662,10906,528,3,939.25,15.0
24663,10906,843,4,11008.41,20.0
24664,10906,162,4,13421.66,20.0
24665,10906,634,3,17957.51,15.0
24666,10907,807,5,15923.26,5.0
24667,10908,209,1,7178.41,15.0
24668,10908,651,4,6091.61,20.0
24669,10908,445,3,1123.05,0.0
24670,10908,210,3,12962.87,0.0
24671,10909,650,4,6904.93,15.0
24672,10909,211,4,5660.73,15.0
24673,10909,694,4,11604.18,0.0
24674,10910,856,1,836.93,20.0
24675,10910,33,1,2593.22,20.0
24676,10910,789,3,12946.63,10.0
24677,10911,866,1,3834.44,10.0
24678,10912,718,5,17963.95,10.0
24679,10912,183,4,23501.6,10.0
24680,10912,763,2,19381.27,0.0
24681,10913,65,2,16507.63,5.0
24682,10913,458,1,706.12,10.0
24683,10914,362,2,17099.97,0.0
24684,10914,717,5,3248.01,5.0
24685,10915,295,4,18202.38,5.0
24686,10916,167,3,14506.97,10.0
24687,10916,871,5,8110.39,5.0
24688,10916,26,4,12446.22,20.0
24689,10917,626,1,12352.87,0.0
24690,10918,106,4,10629.26,0.0
24691,10919,146,3,15804.83,0.0
24692,10919,90,5,14228.88,15.0
24693,10919,547,3,5521.08,10.0
24694,10919,867,4,3837.28,0.0
24695,10919,628,2,8593.46,0.0
24696,10920,380,3,10068.31,15.0
24697,10920,226,2,13594.3,10.0
24698,10920,310,3,20036.92,10.0
24699,10920,725,4,8996.66,0.0
24700,10921,525,2,14333.71,10.0
24701,10921,33,2,2593.22,15.0
24702,10922,444,1,17486.46,15.0
24703,10923,268,3,3037.03,5.0
24704,10923,753,3,7182.61,5.0
24705,10924,475,3,6938.61,20.0
24706,10925,325,3,2187.51,15.0
24707,10926,282,2,19801.39,20.0
24708,10926,329,5,10046.75,10.0
24709,10927,593,4,17278.87,5.0
24710,10927,254,1,21957.69,20.0
24711,10927,746,1,6075.54,0.0
24712,10927,116,1,8610.05,0.0
24713,10928,438,1,12263.95,5.0
24714,10928,358,5,5722.36,0.0
24715,10928,823,1,16691.74,20.0
24716,10929,65,1,16507.63,20.0
24717,10929,124,4,13452.12,0.0
24718,10929,55,5,2583.6,0.0
24719,10930,267,3,16561.1,10.0
24720,10931,660,5,5178.7,15.0
24721,10931,754,2,12241.6,5.0
24722,10932,581,2,11564.32,5.0
24723,10933,568,3,1091.56,0.0
24724,10934,701,5,621.06,0.0
24725,10934,504,2,13358.18,10.0
24726,10934,195,2,1306.46,5.0
24727,10935,597,4,1518.2,0.0
24728,10936,871,2,8110.39,5.0
24729,10936,166,3,2581.81,0.0
24730,10937,554,1,19734.11,20.0
24731,10937,563,4,5661.49,5.0
24732,10937,98,5,17528.8,10.0
24733,10937,866,1,3834.44,5.0
24734,10938,896,2,24756.56,20.0
24735,10938,555,1,1454.57,20.0
24736,10939,471,2,13086.13,20.0
24737,10939,470,5,14455.32,0.0
24738,10939,777,3,7013.52,0.0
24739,10940,830,5,3011.17,10.0
24740,10940,553,5,11099.68,0.0
24741,10940,893,3,17792.63,20.0
24742,10941,223,2,13128.85,0.0
24743,10942,868,3,18520.33,0.0
24744,10943,4,5,3406.7,0.0
24745,10943,110,3,20953.8,15.0
24746,10944,552,1,4733.75,15.0
24747,10944,635,3,15794.51,0.0
24748,10944,221,1,21061.36,10.0
24749,10944,561,2,863.13,0.0
24750,10945,200,2,4522.92,10.0
24751,10945,750,3,3277.38,0.0
24752,10945,428,4,21239.63,0.0
24753,10946,130,3,12847.98,0.0
24754,10947,442,2,11650.88,10.0
24755,10948,88,5,25475.34,20.0
24756,10948,37,2,14064.14,5.0
24757,10948,719,2,7305.31,10.0
24758,10949,506,1,2449.21,0.0
24759,10950,868,1,18520.33,0.0
24760,10950,290,2,12993.94,5.0
24761,10951,62,1,13136.19,0.0
24762,10952,694,3,11604.18,0.0
24763,10953,234,5,10860.79,0.0
24764,10953,516,1,4294.23,15.0
24765,10954,14,5,10692.32,0.0
24766,10955,597,4,1518.2,10.0
24767,10955,233,3,12825.71,10.0
24768,10955,376,1,10430.96,0.0
24769,10956,839,3,14313.81,15.0
24770,10957,188,3,11495.49,20.0
24771,10957,647,3,8678.96,0.0
24772,10958,193,1,20867.37,0.0
24773,10959,52,5,12629.7,0.0
24774,10959,404,3,653.1,0.0
24775,10960,861,3,8502.27,20.0
24776,10961,539,1,249.52,20.0
24777,10962,648,1,5724.05,5.0
24778,10962,187,2,17579.96,10.0
24779,10962,556,4,13361.23,0.0
24780,10962,768,1,16413.87,0.0
24781,10963,158,5,20098.55,15.0
24782,10963,589,3,326.42,0.0
24783,10964,81,3,1166.71,15.0
24784,10964,297,2,17238.41,0.0
24785,10965,657,3,11502.62,20.0
24786,10966,578,2,17099.03,20.0
24787,10966,867,2,3837.28,0.0
24788,10967,685,1,120.67,0.0
24789,10967,57,5,8529.28,5.0
24790,10968,538,5,17194.4,20.0
24791,10969,527,5,4372.63,10.0
24792,10970,654,2,16228.87,5.0
24793,10971,480,5,11927.56,0.0
24794,10972,343,4,15859.82,0.0
24795,10972,440,1,21618.7,0.0
24796,10972,453,2,11216.79,10.0
24797,10972,101,2,20043.36,20.0
24798,10972,123,2,15484.22,0.0
24799,10973,665,1,4754.37,10.0
24800,10973,680,1,2617.11,10.0
24801,10973,349,5,2689.14,0.0
24802,10973,423,4,1984.71,5.0
24803,10974,401,2,3916.76,0.0
24804,10975,557,2,4875.77,0.0
24805,10975,872,2,15107.17,0.0
24806,10975,735,4,9036.58,5.0
24807,10975,875,3,9752.68,0.0
24808,10976,790,3,1388.1,15.0
24809,10976,260,5,7198.0,0.0
24810,10977,838,2,19410.6,0.0
24811,10977,18,1,4419.93,10.0
24812,10977,453,3,11216.79,0.0
24813,10977,106,1,10629.26,5.0
24814,10977,712,4,13003.78,20.0
24815,10978,702,4,1292.78,10.0
24816,10979,504,5,13358.18,5.0
24817,10979,673,4,690.26,15.0
24818,10979,898,1,9944.45,15.0
24819,10979,626,3,12352.87,0.0
24820,10979,843,1,11008.41,20.0
24821,10980,388,3,15425.62,10.0
24822,10980,523,3,13665.96,20.0
24823,10981,117,1,4942.41,10.0
24824,10981,252,3,14825.98,0.0
24825,10982,890,4,10049.64,0.0
24826,10983,6,2,22533.66,0.0
24827,10984,370,3,2983.33,20.0
24828,10985,257,5,13045.67,5.0
24829,10985,823,5,16691.74,5.0
24830,10986,71,4,13770.82,0.0
24831,10986,226,2,13594.3,15.0
24832,10987,266,1,20675.58,20.0
24833,10988,465,4,2006.55,15.0
24834,10989,702,4,1292.78,15.0
24835,10989,641,2,12480.0,0.0
24836,10989,751,3,3818.67,0.0
24837,10990,124,5,13452.12,15.0
24838,10990,159,4,19350.16,10.0
24839,10990,715,2,11935.81,0.0
24840,10990,218,5,25840.61,10.0
24841,10991,183,3,23501.6,0.0
24842,10991,853,5,13558.97,15.0
24843,10991,456,3,6661.55,5.0
24844,10992,474,5,10258.52,20.0
24845,10992,42,3,10082.43,5.0
24846,10993,5,2,8313.51,10.0
24847,10993,488,3,13455.56,0.0
24848,10993,484,3,19113.34,0.0
24849,10994,715,1,11935.81,10.0
24850,10994,296,1,15359.82,5.0
24851,10995,641,5,12480.0,0.0
24852,10996,550,5,9953.79,5.0
24853,10996,489,1,7785.34,0.0
24854,10996,76,2,8195.06,10.0
24855,10996,817,5,14780.14,0.0
24856,10997,719,1,7305.31,20.0
24857,10998,664,2,9991.3,5.0
24858,10998,703,3,14544.45,20.0
24859,10998,474,2,10258.52,20.0
24860,10998,54,3,12660.77,0.0
24861,10999,71,3,13770.82,15.0
24862,10999,499,3,21718.63,0.0
24863,10999,624,3,15309.66,0.0
24864,10999,873,2,1014.59,0.0
24865,11000,20,2,377.42,15.0
24866,11000,8,4,19040.64,10.0
24867,11001,796,3,15083.08,0.0
24868,11001,609,2,8508.77,15.0
24869,11002,605,4,7517.98,15.0
24870,11002,104,4,1617.45,10.0
24871,11003,77,2,13954.67,15.0
24872,11003,249,3,19528.8,0.0
24873,11004,386,2,14759.78,15.0
24874,11004,736,1,6120.5,10.0
24875,11005,255,5,17032.48,0.0
24876,11005,537,4,17211.68,0.0
24877,11005,707,2,1274.87,0.0
24878,11005,152,2,11106.45,15.0
24879,11005,577,2,20570.33,20.0
24880,11006,351,1,15160.62,0.0
24881,11006,190,4,7595.13,5.0
24882,11006,835,4,13235.32,0.0
24883,11007,523,3,13665.96,5.0
24884,11008,763,3,19381.27,0.0
24885,11008,852,1,3347.58,15.0
24886,11009,889,4,15442.59,10.0
24887,11009,107,2,11842.72,0.0
24888,11010,396,2,751.13,10.0
24889,11010,643,2,1936.54,5.0
24890,11010,677,5,13881.44,20.0
24891,11011,169,3,16308.93,20.0
24892,11011,748,4,15319.21,10.0
24893,11012,348,5,19662.84,20.0
24894,11012,601,2,17591.52,20.0
24895,11013,21,1,20625.3,15.0
24896,11013,388,4,15425.62,15.0
24897,11013,49,3,12463.05,15.0
24898,11013,104,5,1617.45,0.0
24899,11014,229,4,5530.88,15.0
24900,11015,221,4,21061.36,0.0
24901,11016,254,5,21957.69,10.0
24902,11016,262,5,4228.73,10.0
24903,11016,362,4,17099.97,0.0
24904,11017,581,5,11564.32,0.0
24905,11018,611,4,6171.82,10.0
24906,11018,471,1,13086.13,0.0
24907,11019,741,4,16605.12,20.0
24908,11020,402,3,789.81,20.0
24909,11020,675,4,12507.1,0.0
24910,11020,619,1,12004.29,0.0
24911,11021,860,3,11880.54,20.0
24912,11022,849,5,11044.19,0.0
24913,11022,712,4,13003.78,0.0
24914,11023,409,1,19362.42,10.0
24915,11024,153,1,1446.08,5.0
24916,11024,720,4,21429.07,5.0
24917,11025,451,5,15015.83,0.0
24918,11025,299,5,7106.85,5.0
24919,11025,675,5,12507.1,0.0
24920,11026,663,4,11192.43,20.0
24921,11026,604,1,11660.05,0.0
24922,11027,733,1,10948.51,15.0
24923,11027,126,4,9886.31,15.0
24924,11027,632,4,10665.66,5.0
24925,11028,840,3,14874.45,0.0
24926,11028,454,2,12204.15,0.0
24927,11028,549,4,16311.06,0.0
24928,11028,87,2,19036.03,15.0
24929,11029,654,1,16228.87,15.0
24930,11029,498,4,21474.1,0.0
24931,11030,206,2,5960.03,10.0
24932,11030,530,1,18098.15,0.0
24933,11031,660,5,5178.7,5.0
24934,11031,71,1,13770.82,5.0
24935,11031,285,4,16720.01,15.0
24936,11032,585,1,10944.6,0.0
24937,11032,263,4,3234.93,10.0
24938,11032,60,2,12772.87,5.0
24939,11032,838,2,19410.6,0.0
24940,11032,49,3,12463.05,5.0
24941,11033,825,1,14217.62,5.0
24942,11034,482,1,2192.85,5.0
24943,11035,221,2,21061.36,0.0
24944,11035,763,2,19381.27,0.0
24945,11035,633,1,15843.65,5.0
24946,11035,382,2,9206.05,0.0
24947,11035,354,2,17320.16,5.0
24948,11036,349,4,2689.14,10.0
24949,11036,41,5,22568.02,20.0
24950,11037,614,2,21084.78,0.0
24951,11037,795,1,21693.2,20.0
24952,11037,98,1,17528.8,15.0
24953,11037,338,1,17040.27,10.0
24954,11037,93,4,7632.26,0.0
24955,11038,719,2,7305.31,0.0
24956,11038,234,4,10860.79,5.0
24957,11039,702,3,1292.78,0.0
24958,11040,570,3,15355.66,0.0
24959,11040,619,4,12004.29,10.0
24960,11040,291,1,3444.93,0.0
24961,11040,553,2,11099.68,0.0
24962,11040,237,3,11209.85,0.0
24963,11041,863,1,10272.35,5.0
24964,11042,246,1,3854.15,10.0
24965,11042,1,3,23380.27,0.0
24966,11042,624,3,15309.66,0.0
24967,11043,90,2,14228.88,0.0
24968,11043,383,5,11935.37,0.0
24969,11043,237,2,11209.85,0.0
24970,11043,698,4,4293.78,15.0
24971,11044,560,3,6942.79,10.0
24972,11044,664,4,9991.3,5.0
24973,11045,109,5,10740.23,10.0
24974,11045,213,3,18912.24,0.0
24975,11045,834,4,11307.94,10.0
24976,11046,373,3,9954.9,15.0
24977,11046,284,4,15548.25,0.0
24978,11047,779,4,19107.25,0.0
24979,11047,773,3,8183.79,15.0
24980,11048,503,4,955.23,0.0
24981,11048,637,3,9909.0,0.0
24982,11048,586,1,15918.44,20.0
24983,11049,120,2,9678.0,15.0
24984,11049,791,3,11554.95,5.0
24985,11049,724,2,11703.57,0.0
24986,11050,227,5,2720.12,0.0
24987,11051,320,5,9179.45,0.0
24988,11051,868,2,18520.33,0.0
24989,11052,361,4,10596.43,20.0
24990,11052,456,3,6661.55,10.0
24991,11052,145,2,12067.47,0.0
24992,11052,844,5,8306.97,0.0
24993,11052,337,1,1562.71,10.0
24994,11053,566,2,1155.19,0.0
24995,11054,62,3,13136.19,15.0
24996,11054,120,5,9678.0,0.0
24997,11054,655,5,8938.91,0.0
24998,11055,431,5,24437.6,0.0
24999,11055,414,1,166.83,10.0
25000,11055,71,3,13770.82,5.0
25001,11056,345,1,7900.55,0.0
25002,11056,78,5,18768.02,15.0
25003,11056,212,5,23358.43,0.0
25004,11056,69,1,7716.81,0.0
25005,11057,483,1,7695.04,5.0
25006,11057,645,5,15208.69,20.0
25007,11057,481,1,11306.0,0.0
25008,11058,129,3,10907.63,15.0
25009,11059,659,4,2808.44,0.0
25010,11060,773,3,8183.79,0.0
25011,11060,725,3,8996.66,15.0
25012,11060,528,3,939.25,0.0
25013,11060,800,5,12138.75,15.0
25014,11061,696,2,2491.11,0.0
25015,11061,201,3,11298.96,5.0
25016,11062,420,5,9360.46,0.0
25017,11063,689,3,13071.47,20.0
25018,11063,644,4,12974.58,20.0
25019,11064,393,4,8735.87,0.0
25020,11064,431,5,24437.6,0.0
25021,11065,448,2,4391.49,5.0
25022,11066,822,3,4952.16,5.0
25023,11066,427,2,16845.82,5.0
25024,11067,166,1,2581.81,0.0
25025,11068,738,3,19896.87,0.0
25026,11068,664,1,9991.3,0.0
25027,11068,594,3,13204.03,20.0
25028,11068,452,2,22746.4,15.0
25029,11069,606,1,10207.96,0.0
25030,11070,470,5,14455.32,0.0
25031,11070,857,5,9589.19,5.0
25032,11070,383,1,11935.37,0.0
25033,11071,819,2,14434.49,10.0
25034,11072,344,5,5524.58,0.0
25035,11072,501,2,14745.03,0.0
25036,11072,26,1,12446.22,0.0
25037,11072,867,5,3837.28,0.0
25038,11072,814,5,3387.53,0.0
25039,11073,589,3,326.42,10.0
25040,11073,638,5,17008.83,0.0
25041,11074,589,5,326.42,5.0
25042,11075,837,4,264.26,10.0
25043,11075,702,1,1292.78,0.0
25044,11076,794,2,20250.02,0.0
25045,11076,32,2,1527.01,5.0
25046,11077,839,2,14313.81,5.0
25047,11077,94,1,15069.27,0.0
25048,11077,863,3,10272.35,0.0
25049,11078,419,1,4421.89,0.0
25050,11078,562,4,6895.25,20.0
25051,11079,422,1,189.31,15.0
25052,11079,18,4,4419.93,0.0
25053,11079,251,2,13337.74,20.0
25054,11080,706,4,12213.81,10.0
25055,11080,246,2,3854.15,0.0
25056,11080,219,2,5457.35,20.0
25057,11081,790,3,1388.1,10.0
25058,11081,261,3,21999.28,0.0
25059,11082,98,1,17528.8,5.0
25060,11082,656,2,23607.08,0.0
25061,11083,600,1,13416.18,10.0
25062,11083,815,2,20541.91,0.0
25063,11083,442,1,11650.88,15.0
25064,11083,595,2,16876.57,0.0
25065,11083,647,5,8678.96,0.0
25066,11084,836,1,17573.65,0.0
25067,11084,610,1,2359.37,5.0
25068,11084,271,3,20542.32,10.0
25069,11084,591,2,6697.37,15.0
25070,11084,629,1,12346.5,10.0
25071,11085,199,2,10359.07,0.0
25072,11086,33,5,2593.22,0.0
25073,11087,459,1,1008.42,10.0
25074,11088,786,3,14084.23,0.0
25075,11088,200,5,4522.92,0.0
25076,11089,396,5,751.13,15.0
25077,11089,615,5,13741.69,20.0
25078,11089,596,4,3968.53,0.0
25079,11090,225,4,6873.83,20.0
25080,11090,201,5,11298.96,0.0
25081,11091,564,5,2009.4,15.0
25082,11091,125,3,2129.68,10.0
25083,11091,393,1,8735.87,5.0
25084,11091,261,2,21999.28,0.0
25085,11092,570,4,15355.66,15.0
25086,11093,97,2,12470.7,15.0
25087,11093,51,5,11484.39,0.0
25088,11094,20,3,377.42,5.0
25089,11094,645,4,15208.69,0.0
25090,11095,620,3,12173.09,20.0
25091,11095,433,4,8284.46,5.0
25092,11096,451,4,15015.83,0.0
25093,11096,355,1,3894.18,15.0
25094,11096,314,4,18006.61,0.0
25095,11097,750,1,3277.38,15.0
25096,11097,305,3,2031.07,0.0
25097,11098,226,4,13594.3,10.0
25098,11098,616,3,18315.38,0.0
25099,11098,865,2,1829.62,20.0
25100,11099,821,4,17002.37,5.0
25101,11099,509,4,8432.77,0.0
25102,11100,68,3,21790.7,0.0
25103,11100,388,4,15425.62,0.0
25104,11101,368,5,9973.43,20.0
25105,11101,879,3,13227.2,5.0
25106,11101,242,5,15852.16,0.0
25107,11101,53,1,7934.72,0.0
25108,11102,109,2,10740.23,0.0
25109,11102,844,1,8306.97,20.0
25110,11103,36,3,8033.06,0.0
25111,11103,209,3,7178.41,0.0
25112,11104,325,4,2187.51,0.0
25113,11104,344,3,5524.58,0.0
25114,11105,161,5,15289.65,0.0
25115,11105,404,3,653.1,0.0
25116,11106,732,1,8129.26,0.0
25117,11106,572,2,19015.09,15.0
25118,11107,805,5,15525.28,0.0
25119,11108,864,3,2259.89,20.0
25120,11109,845,5,24202.98,0.0
25121,11110,60,2,12772.87,5.0
25122,11111,227,1,2720.12,20.0
25123,11111,740,3,7772.66,0.0
25124,11111,732,4,8129.26,15.0
25125,11111,484,2,19113.34,0.0
25126,11111,285,1,16720.01,0.0
25127,11112,649,1,14601.66,5.0
25128,11112,386,1,14759.78,10.0
25129,11113,890,4,10049.64,0.0
25130,11114,452,1,22746.4,5.0
25131,11114,612,1,5006.24,10.0
25132,11114,262,5,4228.73,20.0
25133,11114,706,1,12213.81,0.0
25134,11115,763,2,19381.27,15.0
25135,11116,131,4,18666.46,15.0
25136,11116,109,1,10740.23,0.0
25137,11116,889,5,15442.59,5.0
25138,11116,642,2,12368.27,10.0
25139,11117,875,4,9752.68,0.0
25140,11118,879,4,13227.2,10.0
25141,11119,188,4,11495.49,20.0
25142,11119,399,2,20674.86,0.0
25143,11120,292,1,15961.49,0.0
25144,11120,456,4,6661.55,0.0
25145,11120,377,2,23965.45,5.0
25146,11120,552,4,4733.75,0.0
25147,11120,273,4,19263.38,15.0
25148,11121,771,5,2696.54,15.0
25149,11121,310,3,20036.92,0.0
25150,11122,433,1,8284.46,20.0
25151,11122,561,4,863.13,0.0
25152,11123,255,4,17032.48,10.0
25153,11124,618,5,13048.71,5.0
25154,11125,706,2,12213.81,20.0
25155,11126,681,1,17950.56,15.0
25156,11126,45,3,19804.2,0.0
25157,11127,63,4,13615.65,15.0
25158,11127,405,3,6628.43,0.0
25159,11127,883,5,1769.58,20.0
25160,11128,891,4,12910.53,0.0
25161,11128,371,5,1636.75,0.0
25162,11129,152,1,11106.45,0.0
25163,11129,300,4,6061.57,0.0
25164,11129,116,3,8610.05,20.0
25165,11130,825,4,14217.62,20.0
25166,11131,827,2,17333.78,10.0
25167,11131,730,2,11885.24,5.0
25168,11131,799,3,8448.77,5.0
25169,11131,842,3,4816.41,0.0
25170,11132,15,2,9257.31,20.0
25171,11133,204,3,1265.16,0.0
25172,11134,646,4,5805.21,10.0
25173,11134,205,2,16137.25,20.0
25174,11134,837,3,264.26,15.0
25175,11134,223,1,13128.85,10.0
25176,11135,555,3,1454.57,10.0
25177,11136,460,1,20514.31,5.0
25178,11137,582,3,19075.76,0.0
25179,11138,115,4,14046.49,15.0
25180,11139,256,2,6510.46,20.0
25181,11139,397,3,8299.19,15.0
25182,11140,54,4,12660.77,15.0
25183,11140,210,5,12962.87,0.0
25184,11140,845,5,24202.98,0.0
25185,11140,243,5,176.76,0.0
25186,11140,289,3,10379.0,0.0
25187,11141,38,1,4730.75,5.0
25188,11141,712,1,13003.78,0.0
25189,11141,9,5,17153.33,0.0
25190,11141,155,1,3485.16,0.0
25191,11142,11,3,19969.24,10.0
25192,11142,235,3,4664.57,0.0
25193,11142,505,1,10404.05,10.0
25194,11143,884,4,15919.32,0.0
25195,11144,212,2,23358.43,10.0
25196,11144,735,3,9036.58,20.0
25197,11145,172,5,6290.87,0.0
25198,11146,149,3,10169.3,20.0
25199,11147,548,5,17776.31,5.0
25200,11148,390,2,3964.49,10.0
25201,11148,648,2,5724.05,15.0
25202,11149,754,2,12241.6,0.0
25203,11150,240,1,3443.85,0.0
25204,11151,180,1,1628.95,5.0
25205,11152,757,2,7147.34,5.0
25206,11152,643,2,1936.54,0.0
25207,11152,764,3,3971.86,5.0
25208,11153,202,5,18119.01,5.0
25209,11153,737,1,16594.34,0.0
25210,11153,780,4,2481.3,5.0
25211,11153,101,5,20043.36,0.0
25212,11154,177,4,9631.34,0.0
25213,11155,807,4,15923.26,5.0
25214,11156,553,2,11099.68,5.0
25215,11157,589,5,326.42,10.0
25216,11157,173,5,7108.82,5.0
25217,11157,60,1,12772.87,0.0
25218,11158,502,4,8596.35,0.0
25219,11159,247,3,1089.6,10.0
25220,11160,812,5,2387.49,0.0
25221,11161,562,5,6895.25,0.0
25222,11162,848,5,15587.71,10.0
25223,11162,212,5,23358.43,0.0
25224,11162,723,2,4606.01,20.0
25225,11162,178,3,14238.81,10.0
25226,11162,648,4,5724.05,15.0
25227,11163,144,4,19819.04,20.0
25228,11163,452,1,22746.4,0.0
25229,11163,111,4,8344.65,5.0
25230,11163,219,5,5457.35,15.0
25231,11163,176,4,10671.88,5.0
25232,11164,667,4,11155.15,20.0
25233,11165,238,5,4482.75,20.0
25234,11166,101,5,20043.36,0.0
25235,11166,182,4,16329.46,10.0
25236,11167,523,1,13665.96,10.0
25237,11168,418,4,9194.68,0.0
25238,11168,283,3,11626.55,0.0
25239,11168,371,3,1636.75,0.0
25240,11169,3,5,16184.82,5.0
25241,11169,156,2,963.21,15.0
25242,11169,98,1,17528.8,10.0
25243,11170,492,2,9662.3,0.0
25244,11170,392,2,956.75,0.0
25245,11170,709,3,7686.85,5.0
25246,11170,155,4,3485.16,5.0
25247,11171,492,5,9662.3,20.0
25248,11171,358,2,5722.36,0.0
25249,11172,254,1,21957.69,10.0
25250,11172,848,4,15587.71,0.0
25251,11173,771,5,2696.54,0.0
25252,11173,73,3,16451.55,15.0
25253,11174,87,5,19036.03,10.0
25254,11174,745,2,11543.63,15.0
25255,11175,262,3,4228.73,10.0
25256,11175,786,3,14084.23,0.0
25257,11176,804,2,21201.2,20.0
25258,11176,382,2,9206.05,5.0
25259,11177,488,5,13455.56,15.0
25260,11177,869,2,4059.75,0.0
25261,11178,473,5,2408.3,0.0
25262,11178,771,5,2696.54,5.0
25263,11179,684,4,8576.21,5.0
25264,11180,138,1,25438.29,20.0
25265,11181,853,5,13558.97,20.0
25266,11182,732,2,8129.26,10.0
25267,11182,767,3,12752.82,0.0
25268,11183,682,5,9240.58,5.0
25269,11183,326,2,16274.68,15.0
25270,11184,192,1,18707.42,15.0
25271,11184,391,5,12976.53,5.0
25272,11185,499,4,21718.63,20.0
25273,11185,369,2,6953.46,0.0
25274,11186,740,4,7772.66,0.0
25275,11186,251,5,13337.74,0.0
25276,11186,509,5,8432.77,0.0
25277,11187,777,1,7013.52,0.0
25278,11187,845,3,24202.98,10.0
25279,11187,66,4,13143.99,5.0
25280,11188,550,3,9953.79,5.0
25281,11188,864,4,2259.89,20.0
25282,11188,375,5,192.08,10.0
25283,11188,235,2,4664.57,0.0
25284,11189,382,4,9206.05,5.0
25285,11190,755,2,144.02,10.0
25286,11190,41,3,22568.02,10.0
25287,11191,20,4,377.42,20.0
25288,11191,754,1,12241.6,15.0
25289,11191,103,1,8717.09,20.0
25290,11191,744,4,6614.57,10.0
25291,11192,317,1,14112.86,0.0
25292,11192,701,5,621.06,10.0
25293,11193,715,1,11935.81,0.0
25294,11194,645,1,15208.69,5.0
25295,11194,38,2,4730.75,15.0
25296,11195,821,3,17002.37,0.0
25297,11195,342,4,15719.78,10.0
25298,11195,40,2,1150.22,0.0
25299,11195,137,4,10885.94,5.0
25300,11196,711,3,16182.19,0.0
25301,11196,482,4,2192.85,0.0
25302,11196,328,3,15690.65,0.0
25303,11197,312,1,13798.25,0.0
25304,11197,793,3,4803.54,15.0
25305,11197,99,3,20609.05,0.0
25306,11197,717,4,3248.01,0.0
25307,11198,435,2,13058.88,0.0
25308,11198,419,2,4421.89,15.0
25309,11198,553,5,11099.68,0.0
25310,11199,844,2,8306.97,0.0
25311,11200,383,5,11935.37,15.0
25312,11200,399,4,20674.86,15.0
25313,11201,330,4,12351.31,15.0
25314,11201,258,1,17700.95,0.0
25315,11202,487,2,1420.39,0.0
25316,11202,67,3,18601.02,20.0
25317,11203,299,2,7106.85,0.0
25318,11204,470,1,14455.32,10.0
25319,11205,354,2,17320.16,10.0
25320,11205,105,4,9554.98,0.0
25321,11205,735,1,9036.58,15.0
25322,11206,449,5,1431.85,10.0
25323,11206,781,4,15990.77,0.0
25324,11207,529,2,8097.4,20.0
25325,11207,646,4,5805.21,5.0
25326,11208,225,3,6873.83,20.0
25327,11208,193,2,20867.37,0.0
25328,11209,448,5,4391.49,0.0
25329,11210,679,5,5924.78,20.0
25330,11210,835,2,13235.32,0.0
25331,11211,842,2,4816.41,5.0
25332,11212,824,2,297.67,0.0
25333,11212,62,3,13136.19,5.0
25334,11213,371,3,1636.75,20.0
25335,11213,690,3,12791.5,0.0
25336,11213,69,3,7716.81,5.0
25337,11213,582,1,19075.76,20.0
25338,11213,139,2,7956.39,0.0
25339,11214,577,5,20570.33,0.0
25340,11214,675,1,12507.1,20.0
25341,11214,857,4,9589.19,0.0
25342,11214,716,4,4599.1,0.0
25343,11215,45,5,19804.2,0.0
25344,11215,322,2,14630.46,10.0
25345,11215,289,4,10379.0,15.0
25346,11215,469,3,5321.69,0.0
25347,11216,867,3,3837.28,0.0
25348,11216,269,3,11513.31,5.0
25349,11217,95,3,18635.44,0.0
25350,11218,501,3,14745.03,0.0
25351,11219,806,2,11627.22,0.0
25352,11220,465,1,2006.55,15.0
25353,11221,480,3,11927.56,0.0
25354,11221,209,1,7178.41,0.0
25355,11221,435,4,13058.88,15.0
25356,11221,775,5,23675.41,0.0
25357,11222,391,4,12976.53,5.0
25358,11222,672,1,5939.35,10.0
25359,11222,413,3,347.03,0.0
25360,11223,172,5,6290.87,0.0
25361,11223,347,4,9249.35,15.0
25362,11224,607,3,9557.3,0.0
25363,11224,317,2,14112.86,15.0
25364,11225,377,4,23965.45,15.0
25365,11225,254,5,21957.69,5.0
25366,11225,391,3,12976.53,0.0
25367,11226,324,3,3772.01,5.0
25368,11227,684,1,8576.21,10.0
25369,11227,823,3,16691.74,5.0
25370,11227,846,5,806.68,15.0
25371,11228,503,2,955.23,10.0
25372,11228,101,1,20043.36,10.0
25373,11229,735,1,9036.58,10.0
25374,11229,676,5,14315.33,15.0
25375,11229,291,4,3444.93,5.0
25376,11230,252,1,14825.98,0.0
25377,11231,68,2,21790.7,0.0
25378,11231,480,5,11927.56,0.0
25379,11231,268,3,3037.03,5.0
25380,11232,558,1,13963.41,10.0
25381,11233,407,1,7770.71,20.0
25382,11233,823,1,16691.74,20.0
25383,11233,587,1,3058.79,0.0
25384,11234,55,1,2583.6,0.0
25385,11234,81,5,1166.71,0.0
25386,11234,245,4,13338.0,20.0
25387,11234,545,5,16977.96,5.0
25388,11235,887,2,9495.11,15.0
25389,11236,882,1,8433.14,0.0
25390,11236,306,1,9467.51,5.0
25391,11236,390,5,3964.49,20.0
25392,11237,32,4,1527.01,0.0
25393,11237,800,3,12138.75,0.0
25394,11238,832,1,9339.3,15.0
25395,11239,212,3,23358.43,5.0
25396,11239,592,1,4181.43,0.0
25397,11239,712,4,13003.78,0.0
25398,11240,825,3,14217.62,0.0
25399,11241,502,3,8596.35,0.0
25400,11242,295,4,18202.38,10.0
25401,11243,714,1,26202.05,0.0
25402,11243,701,3,621.06,20.0
25403,11243,14,4,10692.32,20.0
25404,11243,737,4,16594.34,20.0
25405,11244,97,2,12470.7,0.0
25406,11245,149,2,10169.3,15.0
25407,11245,99,4,20609.05,20.0
25408,11246,756,1,8569.79,0.0
25409,11246,209,1,7178.41,15.0
25410,11246,793,1,4803.54,20.0
25411,11247,29,2,2346.21,10.0
25412,11247,631,4,24606.76,0.0
25413,11247,801,2,3589.73,15.0
25414,11248,159,3,19350.16,10.0
25415,11249,44,3,8591.33,20.0
25416,11249,25,1,14978.82,5.0
25417,11249,510,4,19375.24,0.0
25418,11250,389,3,3509.61,0.0
25419,11250,436,4,6536.15,10.0
25420,11250,144,4,19819.04,15.0
25421,11250,727,2,19119.71,0.0
25422,11251,477,2,17806.82,0.0
25423,11251,369,4,6953.46,5.0
25424,11251,74,1,21546.9,5.0
25425,11252,38,1,4730.75,0.0
25426,11253,584,3,8995.37,20.0
25427,11254,29,1,2346.21,15.0
25428,11254,46,4,6966.04,0.0
25429,11255,626,1,12352.87,10.0
25430,11255,398,5,13400.93,0.0
25431,11256,70,1,24783.28,20.0
25432,11256,798,4,4100.19,20.0
25433,11257,75,3,19138.34,20.0
25434,11258,614,4,21084.78,15.0
25435,11258,4,5,3406.7,0.0
25436,11259,86,3,17346.97,0.0
25437,11260,158,5,20098.55,0.0
25438,11260,849,3,11044.19,0.0
25439,11260,893,4,17792.63,20.0
25440,11261,789,4,12946.63,20.0
25441,11261,38,5,4730.75,15.0
25442,11261,794,3,20250.02,0.0
25443,11261,704,3,16292.88,10.0
25444,11262,823,4,16691.74,15.0
25445,11262,333,1,6422.47,0.0
25446,11263,149,1,10169.3,0.0
25447,11263,622,5,8757.16,0.0
25448,11264,804,3,21201.2,0.0
25449,11264,531,1,9020.83,10.0
25450,11264,886,4,7687.78,0.0
25451,11265,734,4,13296.98,5.0
25452,11265,106,3,10629.26,0.0
25453,11266,26,2,12446.22,0.0
25454,11267,560,5,6942.79,0.0
25455,11267,547,1,5521.08,5.0
25456,11267,38,1,4730.75,0.0
25457,11267,7,1,19612.77,20.0
25458,11268,789,1,12946.63,0.0
25459,11268,725,4,8996.66,0.0
25460,11268,810,3,15563.4,0.0
25461,11269,468,1,9057.22,10.0
25462,11270,664,5,9991.3,15.0
25463,11271,768,2,16413.87,0.0
25464,11272,555,4,1454.57,20.0
25465,11272,468,3,9057.22,0.0
25466,11272,435,4,13058.88,0.0
25467,11272,66,1,13143.99,0.0
25468,11273,181,5,11885.47,0.0
25469,11273,855,1,2959.91,10.0
25470,11273,324,4,3772.01,0.0
25471,11274,489,4,7785.34,0.0
25472,11275,596,4,3968.53,5.0
25473,11276,62,5,13136.19,15.0
25474,11276,181,2,11885.47,20.0
25475,11276,797,1,13841.65,20.0
25476,11277,477,5,17806.82,0.0
25477,11278,281,5,2023.57,20.0
25478,11278,6,4,22533.66,5.0
25479,11279,5,4,8313.51,0.0
25480,11279,384,3,5638.85,5.0
25481,11280,147,3,2349.15,0.0
25482,11280,665,5,4754.37,0.0
25483,11281,658,2,25361.82,5.0
25484,11281,72,3,9041.77,0.0
25485,11281,283,4,11626.55,5.0
25486,11282,49,4,12463.05,20.0
25487,11282,609,4,8508.77,10.0
25488,11282,405,5,6628.43,0.0
25489,11282,524,2,10408.88,5.0
25490,11282,240,4,3443.85,0.0
25491,11283,157,4,10768.54,0.0
25492,11284,434,4,16140.57,0.0
25493,11284,417,1,1519.73,20.0
25494,11284,354,5,17320.16,5.0
25495,11285,181,4,11885.47,0.0
25496,11286,839,2,14313.81,5.0
25497,11286,585,1,10944.6,15.0
25498,11286,704,3,16292.88,0.0
25499,11287,720,4,21429.07,0.0
25500,11287,57,4,8529.28,0.0
25501,11287,378,5,1654.61,0.0
25502,11287,9,5,17153.33,5.0
25503,11287,614,1,21084.78,20.0
25504,11288,597,5,1518.2,0.0
25505,11289,609,2,8508.77,10.0
25506,11289,601,3,17591.52,10.0
25507,11289,510,1,19375.24,15.0
25508,11289,868,3,18520.33,0.0
25509,11290,791,1,11554.95,5.0
25510,11290,804,2,21201.2,0.0
25511,11290,546,4,16500.34,20.0
25512,11290,758,4,305.37,0.0
25513,11291,803,4,7424.51,0.0
25514,11292,278,5,8494.62,5.0
25515,11292,764,5,3971.86,5.0
25516,11293,740,1,7772.66,0.0
25517,11293,83,2,7572.59,0.0
25518,11294,730,5,11885.24,0.0
25519,11294,483,4,7695.04,10.0
25520,11295,721,2,18878.1,0.0
25521,11296,261,4,21999.28,0.0
25522,11296,114,3,7286.84,0.0
25523,11296,143,3,7946.56,0.0
25524,11297,442,1,11650.88,15.0
25525,11297,662,4,6806.59,0.0
25526,11297,250,5,5445.45,0.0
25527,11298,447,5,10631.16,5.0
25528,11298,351,2,15160.62,0.0
25529,11298,836,4,17573.65,20.0
25530,11299,785,1,16279.21,0.0
25531,11299,146,4,15804.83,0.0
25532,11299,885,3,7089.39,0.0
25533,11300,638,2,17008.83,10.0
25534,11301,891,4,12910.53,10.0
25535,11302,791,3,11554.95,15.0
25536,11302,56,3,18137.71,15.0
25537,11303,103,5,8717.09,20.0
25538,11303,283,1,11626.55,0.0
25539,11304,858,5,23207.14,20.0
25540,11304,388,3,15425.62,20.0
25541,11304,537,5,17211.68,20.0
25542,11304,684,1,8576.21,0.0
25543,11304,184,4,14178.66,0.0
25544,11305,466,2,10734.42,0.0
25545,11305,445,3,1123.05,0.0
25546,11306,844,4,8306.97,10.0
25547,11306,595,4,16876.57,0.0
25548,11307,245,3,13338.0,0.0
25549,11308,666,1,16085.16,5.0
25550,11308,208,3,7812.53,5.0
25551,11309,160,3,20635.35,5.0
25552,11309,643,4,1936.54,20.0
25553,11310,727,4,19119.71,0.0
25554,11311,360,3,11713.02,0.0
25555,11311,187,2,17579.96,10.0
25556,11312,862,2,4517.96,0.0
25557,11312,66,2,13143.99,0.0
25558,11313,661,3,13705.81,20.0
25559,11314,447,5,10631.16,0.0
25560,11315,515,4,19735.52,20.0
25561,11316,512,4,14169.19,0.0
25562,11316,525,5,14333.71,15.0
25563,11316,835,5,13235.32,5.0
25564,11316,629,5,12346.5,15.0
25565,11316,847,2,13026.82,0.0
25566,11317,437,4,10772.97,0.0
25567,11317,420,5,9360.46,0.0
25568,11318,702,2,1292.78,0.0
25569,11319,659,4,2808.44,0.0
25570,11319,199,4,10359.07,10.0
25571,11320,306,1,9467.51,15.0
25572,11320,831,5,6625.61,5.0
25573,11320,836,4,17573.65,10.0
25574,11320,272,3,8968.84,10.0
25575,11321,692,1,11530.12,0.0
25576,11321,187,4,17579.96,15.0
25577,11322,90,2,14228.88,0.0
25578,11322,112,3,12897.57,0.0
25579,11323,616,3,18315.38,15.0
25580,11323,378,1,1654.61,0.0
25581,11323,437,3,10772.97,20.0
25582,11324,321,2,9347.28,0.0
25583,11325,163,3,10971.24,20.0
25584,11326,71,5,13770.82,0.0
25585,11326,168,5,2987.62,10.0
25586,11326,213,1,18912.24,0.0
25587,11326,562,1,6895.25,0.0
25588,11326,870,1,4993.59,10.0
25589,11327,778,3,20152.02,10.0
25590,11327,29,2,2346.21,0.0
25591,11327,687,4,14696.63,5.0
25592,11327,741,5,16605.12,0.0
25593,11327,70,2,24783.28,10.0
25594,11328,32,4,1527.01,0.0
25595,11328,442,2,11650.88,0.0
25596,11328,113,4,21843.22,15.0
25597,11329,465,3,2006.55,0.0
25598,11329,816,1,13450.11,0.0
25599,11330,442,1,11650.88,5.0
25600,11331,619,3,12004.29,10.0
25601,11331,363,4,16290.66,0.0
25602,11332,648,3,5724.05,0.0
25603,11333,802,2,4116.0,10.0
25604,11333,389,1,3509.61,15.0
25605,11334,259,4,20724.65,0.0
25606,11334,671,3,16938.7,20.0
25607,11335,645,5,15208.69,5.0
25608,11335,884,5,15919.32,0.0
25609,11336,297,5,17238.41,0.0
25610,11336,623,1,5372.41,0.0
25611,11337,809,2,24052.5,0.0
25612,11338,254,4,21957.69,5.0
25613,11339,290,1,12993.94,15.0
25614,11339,574,2,6143.25,20.0
25615,11339,851,2,6264.06,20.0
25616,11339,312,3,13798.25,0.0
25617,11340,340,3,3550.22,15.0
25618,11341,371,4,1636.75,10.0
25619,11341,722,3,2404.11,15.0
25620,11341,814,2,3387.53,15.0
25621,11342,808,3,376.7,0.0
25622,11342,380,3,10068.31,0.0
25623,11343,404,5,653.1,5.0
25624,11343,414,3,166.83,0.0
25625,11343,633,1,15843.65,0.0
25626,11343,454,1,12204.15,0.0
25627,11344,450,1,5004.29,0.0
25628,11344,212,5,23358.43,0.0
25629,11344,97,3,12470.7,0.0
25630,11344,364,2,18476.31,0.0
25631,11344,657,3,11502.62,5.0
25632,11345,588,2,4546.5,20.0
25633,11345,850,4,22317.22,0.0
25634,11346,535,1,5770.15,0.0
25635,11346,22,1,11230.85,0.0
25636,11346,319,4,9389.36,0.0
25637,11347,44,3,8591.33,0.0
25638,11347,382,1,9206.05,5.0
25639,11347,10,1,7250.5,0.0
25640,11348,130,4,12847.98,0.0
25641,11348,372,5,9597.28,10.0
25642,11348,564,1,2009.4,15.0
25643,11349,131,1,18666.46,0.0
25644,11349,848,4,15587.71,5.0
25645,11350,686,2,354.18,20.0
25646,11351,473,2,2408.3,10.0
25647,11351,596,3,3968.53,0.0
25648,11351,65,5,16507.63,0.0
25649,11352,174,2,11611.6,20.0
25650,11353,69,4,7716.81,20.0
25651,11353,102,4,7542.37,10.0
25652,11354,611,2,6171.82,5.0
25653,11355,415,3,7434.55,10.0
25654,11355,900,5,17425.46,0.0
25655,11356,674,3,11510.75,20.0
25656,11356,621,5,6617.04,0.0
25657,11357,371,2,1636.75,0.0
25658,11357,129,1,10907.63,0.0
25659,11358,338,2,17040.27,20.0
25660,11358,497,2,15989.14,5.0
25661,11359,175,5,8473.93,20.0
25662,11360,788,1,5720.07,10.0
25663,11360,328,3,15690.65,15.0
25664,11361,782,2,19248.75,20.0
25665,11361,517,5,17350.23,0.0
25666,11361,897,4,966.91,10.0
25667,11361,646,1,5805.21,5.0
25668,11361,843,1,11008.41,15.0
25669,11362,231,2,18449.85,0.0
25670,11362,584,5,8995.37,20.0
25671,11363,245,1,13338.0,0.0
25672,11364,827,3,17333.78,10.0
25673,11364,248,4,19406.63,0.0
25674,11364,94,3,15069.27,0.0
25675,11365,389,4,3509.61,0.0
25676,11365,11,4,19969.24,5.0
25677,11365,374,3,276.26,0.0
25678,11365,826,5,11073.3,0.0
25679,11365,593,4,17278.87,0.0
25680,11366,605,3,7517.98,20.0
25681,11366,765,2,810.63,0.0
25682,11366,609,3,8508.77,15.0
25683,11366,225,3,6873.83,10.0
25684,11367,770,4,5579.14,0.0
25685,11367,225,5,6873.83,0.0
25686,11367,659,4,2808.44,20.0
25687,11367,607,4,9557.3,0.0
25688,11368,127,5,14981.11,5.0
25689,11369,894,2,7760.97,20.0
25690,11370,267,1,16561.1,0.0
25691,11370,15,1,9257.31,5.0
25692,11370,638,1,17008.83,5.0
25693,11370,208,4,7812.53,20.0
25694,11371,500,5,6694.37,0.0
25695,11371,900,3,17425.46,10.0
25696,11372,20,4,377.42,5.0
25697,11372,239,4,15822.1,5.0
25698,11372,495,5,16857.86,0.0
25699,11373,360,2,11713.02,10.0
25700,11374,445,2,1123.05,5.0
25701,11374,359,3,14548.05,10.0
25702,11375,798,5,4100.19,5.0
25703,11376,470,5,14455.32,0.0
25704,11376,187,2,17579.96,5.0
25705,11376,354,3,17320.16,0.0
25706,11377,363,4,16290.66,0.0
25707,11377,657,1,11502.62,5.0
25708,11377,896,5,24756.56,10.0
25709,11378,381,5,17535.49,15.0
25710,11378,896,3,24756.56,10.0
25711,11378,640,2,12833.48,10.0
25712,11379,682,3,9240.58,0.0
25713,11379,271,4,20542.32,0.0
25714,11379,652,1,6638.78,15.0
25715,11379,637,4,9909.0,0.0
25716,11380,60,5,12772.87,0.0
25717,11380,745,1,11543.63,20.0
25718,11381,407,1,7770.71,5.0
25719,11381,181,1,11885.47,0.0
25720,11381,589,5,326.42,10.0
25721,11381,568,5,1091.56,15.0
25722,11382,329,1,10046.75,0.0
25723,11382,203,3,12755.01,15.0
25724,11383,603,2,7330.01,20.0
25725,11383,686,4,354.18,15.0
25726,11383,123,2,15484.22,0.0
25727,11383,172,5,6290.87,0.0
25728,11383,746,4,6075.54,15.0
25729,11384,319,4,9389.36,15.0
25730,11384,400,3,19421.92,10.0
25731,11384,485,2,12732.78,0.0
25732,11385,736,1,6120.5,0.0
25733,11385,368,2,9973.43,15.0
25734,11386,546,5,16500.34,20.0
25735,11386,653,2,10229.17,0.0
25736,11386,259,2,20724.65,5.0
25737,11387,512,5,14169.19,0.0
25738,11388,376,5,10430.96,5.0
25739,11389,287,4,4169.74,0.0
25740,11389,83,4,7572.59,15.0
25741,11389,141,3,1692.85,0.0
25742,11390,405,4,6628.43,10.0
25743,11390,352,1,11635.83,5.0
25744,11391,788,3,5720.07,0.0
25745,11391,823,4,16691.74,0.0
25746,11391,343,1,15859.82,0.0
25747,11392,743,1,10182.67,15.0
25748,11392,779,2,19107.25,10.0
25749,11392,839,4,14313.81,0.0
25750,11392,3,1,16184.82,0.0
25751,11393,296,5,15359.82,20.0
25752,11393,505,3,10404.05,0.0
25753,11393,642,4,12368.27,20.0
25754,11394,125,1,2129.68,5.0
25755,11395,236,4,4832.52,15.0
25756,11396,771,4,2696.54,5.0
25757,11396,103,1,8717.09,20.0
25758,11397,677,1,13881.44,0.0
25759,11397,623,5,5372.41,15.0
25760,11397,611,5,6171.82,0.0
25761,11398,88,4,25475.34,20.0
25762,11399,386,5,14759.78,15.0
25763,11399,292,5,15961.49,15.0
25764,11400,563,4,5661.49,20.0
25765,11400,621,2,6617.04,10.0
25766,11401,827,4,17333.78,0.0
25767,11402,432,1,23302.07,20.0
25768,11402,724,1,11703.57,0.0
25769,11403,296,1,15359.82,5.0
25770,11404,220,5,12963.27,15.0
25771,11404,619,4,12004.29,10.0
25772,11405,713,4,26684.64,5.0
25773,11405,6,3,22533.66,0.0
25774,11405,760,2,779.87,0.0
25775,11406,831,3,6625.61,0.0
25776,11407,626,1,12352.87,0.0
25777,11407,143,3,7946.56,10.0
25778,11408,426,1,9117.48,20.0
25779,11408,248,1,19406.63,5.0
25780,11409,336,4,226.24,0.0
25781,11410,831,1,6625.61,10.0
25782,11410,854,1,16327.56,0.0
25783,11410,830,3,3011.17,0.0
25784,11410,485,3,12732.78,5.0
25785,11410,747,3,15965.2,0.0
25786,11411,359,5,14548.05,20.0
25787,11412,65,3,16507.63,0.0
25788,11413,734,1,13296.98,0.0
25789,11413,802,5,4116.0,0.0
25790,11413,239,5,15822.1,0.0
25791,11413,267,5,16561.1,0.0
25792,11413,96,5,14288.15,0.0
25793,11414,703,3,14544.45,15.0
25794,11414,498,4,21474.1,20.0
25795,11415,846,2,806.68,0.0
25796,11415,183,2,23501.6,0.0
25797,11416,167,2,14506.97,10.0
25798,11416,387,2,22309.26,0.0
25799,11416,214,2,17220.63,0.0
25800,11417,758,1,305.37,15.0
25801,11417,858,3,23207.14,0.0
25802,11417,557,4,4875.77,0.0
25803,11418,6,5,22533.66,0.0
25804,11418,324,4,3772.01,5.0
25805,11418,99,1,20609.05,15.0
25806,11419,376,3,10430.96,15.0
25807,11420,226,3,13594.3,0.0
25808,11421,822,4,4952.16,10.0
25809,11422,407,5,7770.71,15.0
25810,11422,865,2,1829.62,0.0
25811,11423,209,3,7178.41,5.0
25812,11423,481,1,11306.0,0.0
25813,11423,108,1,23388.45,5.0
25814,11423,313,5,7494.19,20.0
25815,11424,660,4,5178.7,0.0
25816,11424,673,2,690.26,0.0
25817,11425,815,3,20541.91,5.0
25818,11425,550,2,9953.79,0.0
25819,11425,81,2,1166.71,5.0
25820,11426,519,5,18767.62,15.0
25821,11426,488,4,13455.56,20.0
25822,11426,564,1,2009.4,10.0
25823,11426,269,3,11513.31,0.0
25824,11427,29,5,2346.21,20.0
25825,11427,895,2,7754.62,20.0
25826,11427,455,4,6876.9,20.0
25827,11427,322,4,14630.46,15.0
25828,11428,686,1,354.18,10.0
25829,11429,834,3,11307.94,0.0
25830,11430,253,3,17161.82,5.0
25831,11431,124,2,13452.12,10.0
25832,11431,398,3,13400.93,20.0
25833,11432,345,5,7900.55,0.0
25834,11432,382,2,9206.05,10.0
25835,11432,756,2,8569.79,0.0
25836,11433,474,1,10258.52,5.0
25837,11433,61,4,6502.87,10.0
25838,11434,865,5,1829.62,0.0
25839,11434,573,5,2928.56,0.0
25840,11434,699,2,4909.23,10.0
25841,11434,634,3,17957.51,10.0
25842,11435,670,4,12689.21,15.0
25843,11435,345,3,7900.55,5.0
25844,11436,774,2,10265.71,0.0
25845,11436,636,1,7292.03,0.0
25846,11436,171,2,18491.26,0.0
25847,11437,778,5,20152.02,10.0
25848,11437,310,3,20036.92,15.0
25849,11438,774,1,10265.71,0.0
25850,11438,277,1,13719.42,0.0
25851,11438,772,4,18195.11,5.0
25852,11438,526,2,14453.05,0.0
25853,11439,193,2,20867.37,10.0
25854,11439,692,1,11530.12,20.0
25855,11440,735,2,9036.58,0.0
25856,11440,698,4,4293.78,15.0
25857,11440,555,5,1454.57,0.0
25858,11441,684,2,8576.21,0.0
25859,11441,867,3,3837.28,5.0
25860,11442,319,4,9389.36,5.0
25861,11442,57,3,8529.28,5.0
25862,11442,665,3,4754.37,0.0
25863,11442,83,2,7572.59,5.0
25864,11442,686,4,354.18,0.0
25865,11443,238,5,4482.75,0.0
25866,11443,846,3,806.68,10.0
25867,11443,266,5,20675.58,5.0
25868,11443,263,4,3234.93,0.0
25869,11444,290,5,12993.94,20.0
25870,11445,649,3,14601.66,0.0
25871,11445,823,1,16691.74,0.0
25872,11445,436,4,6536.15,15.0
25873,11446,807,2,15923.26,0.0
25874,11446,377,1,23965.45,15.0
25875,11446,36,5,8033.06,0.0
25876,11446,153,5,1446.08,20.0
25877,11447,578,5,17099.03,0.0
25878,11447,403,1,7812.31,20.0
25879,11447,560,5,6942.79,5.0
25880,11448,151,2,21510.83,0.0
25881,11448,627,1,14763.79,0.0
25882,11448,686,5,354.18,0.0
25883,11448,505,3,10404.05,5.0
25884,11448,462,1,19988.3,10.0
25885,11449,227,3,2720.12,0.0
25886,11449,188,5,11495.49,0.0
25887,11450,318,5,7031.86,10.0
25888,11450,711,2,16182.19,5.0
25889,11451,246,5,3854.15,10.0
25890,11451,231,1,18449.85,15.0
25891,11451,456,2,6661.55,0.0
25892,11451,881,3,21532.91,20.0
25893,11451,823,1,16691.74,0.0
25894,11452,669,4,17245.4,0.0
25895,11453,82,1,14774.58,20.0
25896,11454,159,1,19350.16,0.0
25897,11454,373,1,9954.9,20.0
25898,11455,277,5,13719.42,15.0
25899,11456,108,1,23388.45,0.0
25900,11456,220,4,12963.27,0.0
25901,11456,805,1,15525.28,15.0
25902,11457,103,5,8717.09,5.0
25903,11457,656,2,23607.08,20.0
25904,11457,872,3,15107.17,15.0
25905,11457,371,3,1636.75,20.0
25906,11458,485,3,12732.78,15.0
25907,11459,740,3,7772.66,10.0
25908,11459,352,1,11635.83,15.0
25909,11459,713,5,26684.64,15.0
25910,11460,48,2,5117.57,20.0
25911,11460,652,4,6638.78,5.0
25912,11460,377,3,23965.45,15.0
25913,11461,773,3,8183.79,0.0
25914,11461,45,3,19804.2,20.0
25915,11462,756,2,8569.79,0.0
25916,11462,804,5,21201.2,10.0
25917,11462,64,2,18539.77,0.0
25918,11463,336,5,226.24,20.0
25919,11463,893,4,17792.63,10.0
25920,11464,132,3,7609.15,20.0
25921,11465,600,5,13416.18,5.0
25922,11465,16,5,19747.45,0.0
25923,11466,128,5,13624.37,10.0
25924,11467,782,4,19248.75,0.0
25925,11467,407,4,7770.71,15.0
25926,11467,840,1,14874.45,20.0
25927,11468,618,3,13048.71,0.0
25928,11468,49,5,12463.05,20.0
25929,11469,508,1,4967.5,10.0
25930,11469,881,1,21532.91,20.0
25931,11470,503,5,955.23,0.0
25932,11470,104,2,1617.45,0.0
25933,11470,219,3,5457.35,5.0
25934,11471,708,4,16924.57,10.0
25935,11471,760,4,779.87,0.0
25936,11472,720,2,21429.07,10.0
25937,11472,563,5,5661.49,10.0
25938,11472,868,3,18520.33,5.0
25939,11473,265,2,4344.64,5.0
25940,11474,744,5,6614.57,20.0
25941,11475,120,2,9678.0,20.0
25942,11475,284,3,15548.25,10.0
25943,11476,337,5,1562.71,0.0
25944,11476,424,2,17174.37,10.0
25945,11476,338,5,17040.27,15.0
25946,11477,40,4,1150.22,20.0
25947,11477,564,4,2009.4,0.0
25948,11477,829,3,21989.77,10.0
25949,11477,475,5,6938.61,10.0
25950,11477,745,1,11543.63,0.0
25951,11478,356,2,4711.26,0.0
25952,11478,404,3,653.1,10.0
25953,11479,89,3,18350.27,15.0
25954,11479,332,1,25511.86,0.0
25955,11480,83,4,7572.59,5.0
25956,11480,831,5,6625.61,5.0
25957,11481,156,2,963.21,0.0
25958,11482,425,3,4926.04,10.0
25959,11482,854,2,16327.56,0.0
25960,11483,798,1,4100.19,0.0
25961,11484,824,1,297.67,0.0
25962,11485,688,5,3002.55,0.0
25963,11485,390,4,3964.49,15.0
25964,11486,266,5,20675.58,20.0
25965,11487,514,5,25746.27,0.0
25966,11487,44,1,8591.33,0.0
25967,11488,547,4,5521.08,5.0
25968,11488,231,2,18449.85,20.0
25969,11489,217,1,4337.11,15.0
25970,11489,97,2,12470.7,0.0
25971,11489,498,1,21474.1,0.0
25972,11489,160,4,20635.35,5.0
25973,11490,260,2,7198.0,20.0
25974,11491,190,2,7595.13,10.0
25975,11491,717,2,3248.01,0.0
25976,11491,647,3,8678.96,0.0
25977,11492,635,1,15794.51,0.0
25978,11492,11,3,19969.24,0.0
25979,11492,684,3,8576.21,15.0
25980,11493,682,5,9240.58,5.0
25981,11494,542,1,3615.52,5.0
25982,11494,523,5,13665.96,0.0
25983,11494,158,5,20098.55,0.0
25984,11495,73,4,16451.55,15.0
25985,11495,5,4,8313.51,10.0
25986,11495,67,2,18601.02,15.0
25987,11496,499,2,21718.63,15.0
25988,11496,298,4,15463.87,5.0
25989,11497,40,4,1150.22,5.0
25990,11498,264,3,19387.68,15.0
25991,11499,735,4,9036.58,0.0
25992,11499,407,1,7770.71,10.0
25993,11499,494,2,2526.78,20.0
25994,11499,127,4,14981.11,5.0
25995,11500,608,5,622.02,0.0
25996,11500,434,1,16140.57,0.0
25997,11500,515,4,19735.52,20.0
25998,11500,246,1,3854.15,5.0
25999,11501,43,2,18751.29,5.0
26000,11502,142,3,21163.93,5.0
26001,11503,657,4,11502.62,0.0
26002,11503,133,1,18760.28,10.0
26003,11503,595,2,16876.57,15.0
26004,11503,472,3,15859.32,0.0
26005,11504,325,4,2187.51,0.0
26006,11504,528,5,939.25,15.0
26007,11505,625,1,7044.62,0.0
26008,11505,133,5,18760.28,15.0
26009,11505,626,1,12352.87,10.0
26010,11505,480,3,11927.56,0.0
26011,11506,369,1,6953.46,10.0
26012,11506,231,3,18449.85,20.0
26013,11506,704,3,16292.88,0.0
26014,11506,498,2,21474.1,0.0
26015,11506,706,2,12213.81,15.0
26016,11507,763,2,19381.27,15.0
26017,11507,703,5,14544.45,10.0
26018,11507,717,3,3248.01,15.0
26019,11507,652,4,6638.78,0.0
26020,11508,175,3,8473.93,0.0
26021,11509,845,5,24202.98,10.0
26022,11509,181,1,11885.47,15.0
26023,11510,471,2,13086.13,5.0
26024,11511,733,5,10948.51,0.0
26025,11512,519,3,18767.62,0.0
26026,11513,515,5,19735.52,5.0
26027,11513,263,2,3234.93,20.0
26028,11513,605,4,7517.98,0.0
26029,11513,132,3,7609.15,0.0
26030,11514,609,5,8508.77,0.0
26031,11514,842,3,4816.41,15.0
26032,11515,849,4,11044.19,15.0
26033,11516,502,3,8596.35,15.0
26034,11516,417,3,1519.73,0.0
26035,11517,437,1,10772.97,0.0
26036,11518,332,1,25511.86,0.0
26037,11519,675,3,12507.1,0.0
26038,11519,556,5,13361.23,0.0
26039,11519,811,3,13234.53,10.0
26040,11519,233,5,12825.71,0.0
26041,11520,616,4,18315.38,20.0
26042,11521,69,2,7716.81,0.0
26043,11521,860,1,11880.54,0.0
26044,11521,283,4,11626.55,0.0
26045,11521,780,5,2481.3,20.0
26046,11521,78,2,18768.02,5.0
26047,11522,869,4,4059.75,0.0
26048,11522,41,1,22568.02,0.0
26049,11523,843,1,11008.41,0.0
26050,11523,467,2,24009.79,0.0
26051,11523,375,3,192.08,20.0
26052,11523,630,2,16772.79,5.0
26053,11523,329,1,10046.75,0.0
26054,11524,432,2,23302.07,0.0
26055,11525,645,2,15208.69,0.0
26056,11525,262,2,4228.73,20.0
26057,11525,385,2,12324.69,0.0
26058,11526,400,5,19421.92,20.0
26059,11526,409,4,19362.42,10.0
26060,11526,441,3,11305.42,5.0
26061,11527,91,2,11076.97,0.0
26062,11527,665,1,4754.37,15.0
26063,11527,17,1,19447.69,0.0
26064,11528,158,2,20098.55,0.0
26065,11528,600,5,13416.18,0.0
26066,11528,252,3,14825.98,20.0
26067,11529,698,3,4293.78,5.0
26068,11529,552,2,4733.75,0.0
26069,11529,294,5,10981.7,5.0
26070,11530,674,4,11510.75,5.0
26071,11530,569,1,17022.92,20.0
26072,11530,654,2,16228.87,0.0
26073,11530,794,2,20250.02,15.0
26074,11530,754,1,12241.6,10.0
26075,11531,21,3,20625.3,15.0
26076,11532,633,4,15843.65,5.0
26077,11532,868,3,18520.33,5.0
26078,11533,232,1,12332.61,5.0
26079,11533,898,5,9944.45,20.0
26080,11534,636,3,7292.03,20.0
26081,11534,362,4,17099.97,15.0
26082,11535,849,3,11044.19,0.0
26083,11535,442,4,11650.88,0.0
26084,11535,707,2,1274.87,20.0
26085,11536,290,3,12993.94,0.0
26086,11537,409,4,19362.42,5.0
26087,11537,437,5,10772.97,5.0
26088,11538,729,4,12919.83,5.0
26089,11539,79,5,15602.76,15.0
26090,11540,787,5,18758.34,0.0
26091,11540,246,2,3854.15,0.0
26092,11540,848,1,15587.71,0.0
26093,11541,878,2,13434.69,0.0
26094,11541,651,1,6091.61,5.0
26095,11542,722,2,2404.11,20.0
26096,11542,402,1,789.81,0.0
26097,11543,127,3,14981.11,0.0
26098,11543,591,1,6697.37,15.0
26099,11544,727,2,19119.71,10.0
26100,11545,523,2,13665.96,5.0
26101,11546,790,3,1388.1,20.0
26102,11546,423,5,1984.71,10.0
26103,11547,453,5,11216.79,0.0
26104,11548,30,1,18303.29,20.0
26105,11549,530,5,18098.15,0.0
26106,11550,777,5,7013.52,5.0
26107,11551,568,4,1091.56,20.0
26108,11551,872,1,15107.17,20.0
26109,11552,391,2,12976.53,20.0
26110,11552,235,5,4664.57,0.0
26111,11552,723,2,4606.01,20.0
26112,11553,269,4,11513.31,0.0
26113,11553,486,4,18912.84,10.0
26114,11553,823,5,16691.74,10.0
26115,11553,862,2,4517.96,5.0
26116,11554,304,5,23466.92,0.0
26117,11554,394,2,15875.45,20.0
26118,11555,516,1,4294.23,0.0
26119,11555,357,1,10102.76,0.0
26120,11555,10,2,7250.5,0.0
26121,11556,88,5,25475.34,15.0
26122,11556,486,2,18912.84,20.0
26123,11557,616,2,18315.38,20.0
26124,11558,73,2,16451.55,15.0
26125,11558,363,5,16290.66,10.0
26126,11558,195,3,1306.46,10.0
26127,11558,801,2,3589.73,0.0
26128,11558,419,2,4421.89,0.0
26129,11559,270,2,16271.78,0.0
26130,11559,209,4,7178.41,5.0
26131,11560,673,5,690.26,5.0
26132,11560,854,1,16327.56,15.0
26133,11561,325,2,2187.51,0.0
26134,11561,814,4,3387.53,15.0
26135,11561,200,4,4522.92,15.0
26136,11562,517,5,17350.23,0.0
26137,11562,8,4,19040.64,15.0
26138,11562,631,5,24606.76,15.0
26139,11563,618,1,13048.71,0.0
26140,11563,873,4,1014.59,5.0
26141,11563,800,3,12138.75,5.0
26142,11563,451,3,15015.83,0.0
26143,11563,254,5,21957.69,0.0
26144,11564,234,2,10860.79,5.0
26145,11564,468,3,9057.22,5.0
26146,11564,221,3,21061.36,5.0
26147,11565,617,3,17544.22,0.0
26148,11566,543,5,9638.42,0.0
26149,11567,445,2,1123.05,20.0
26150,11567,295,3,18202.38,5.0
26151,11568,383,5,11935.37,20.0
26152,11569,899,1,21905.82,0.0
26153,11569,673,1,690.26,0.0
26154,11570,79,2,15602.76,0.0
26155,11571,602,1,9166.77,0.0
26156,11572,487,1,1420.39,0.0
26157,11572,227,4,2720.12,5.0
26158,11573,132,2,7609.15,0.0
26159,11573,827,3,17333.78,0.0
26160,11573,376,3,10430.96,0.0
26161,11574,54,4,12660.77,0.0
26162,11574,292,4,15961.49,0.0
26163,11575,800,4,12138.75,0.0
26164,11576,246,5,3854.15,0.0
26165,11576,40,2,1150.22,0.0
26166,11576,350,5,2904.08,15.0
26167,11577,199,4,10359.07,10.0
26168,11577,327,2,15380.04,0.0
26169,11578,228,5,5918.99,0.0
26170,11578,611,2,6171.82,0.0
26171,11579,210,4,12962.87,0.0
26172,11579,685,1,120.67,0.0
26173,11580,251,5,13337.74,15.0
26174,11580,636,3,7292.03,20.0
26175,11580,330,5,12351.31,5.0
26176,11580,256,3,6510.46,15.0
26177,11581,183,1,23501.6,20.0
26178,11581,623,2,5372.41,0.0
26179,11582,821,1,17002.37,15.0
26180,11583,846,4,806.68,0.0
26181,11584,495,2,16857.86,0.0
26182,11584,256,1,6510.46,0.0
26183,11584,202,2,18119.01,20.0
26184,11585,763,3,19381.27,0.0
26185,11585,745,3,11543.63,10.0
26186,11586,196,3,10265.86,10.0
26187,11587,416,2,11392.81,10.0
26188,11587,485,3,12732.78,10.0
26189,11588,643,3,1936.54,0.0
26190,11588,170,5,12133.1,15.0
26191,11589,277,1,13719.42,10.0
26192,11589,533,2,20970.41,0.0
26193,11590,624,5,15309.66,10.0
26194,11590,646,2,5805.21,0.0
26195,11590,452,2,22746.4,5.0
26196,11590,1,5,23380.27,0.0
26197,11591,382,5,9206.05,20.0
26198,11592,35,5,21434.65,0.0
26199,11593,12,4,10935.76,10.0
26200,11594,694,1,11604.18,0.0
26201,11594,81,4,1166.71,0.0
26202,11594,121,3,10353.6,0.0
26203,11594,93,4,7632.26,0.0
26204,11594,166,2,2581.81,0.0
26205,11595,462,2,19988.3,5.0
26206,11596,252,1,14825.98,5.0
26207,11597,780,1,2481.3,20.0
26208,11597,430,4,19127.25,15.0
26209,11597,602,5,9166.77,5.0
26210,11597,880,4,18151.13,0.0
26211,11598,273,3,19263.38,10.0
26212,11598,204,1,1265.16,10.0
26213,11598,143,2,7946.56,15.0
26214,11598,727,3,19119.71,10.0
26215,11599,899,4,21905.82,0.0
26216,11599,558,2,13963.41,10.0
26217,11600,462,4,19988.3,10.0
26218,11600,517,2,17350.23,0.0
26219,11600,49,5,12463.05,5.0
26220,11601,79,4,15602.76,0.0
26221,11601,442,5,11650.88,15.0
26222,11602,764,5,3971.86,0.0
26223,11602,79,4,15602.76,20.0
26224,11602,75,2,19138.34,0.0
26225,11602,606,1,10207.96,0.0
26226,11603,866,3,3834.44,0.0
26227,11603,75,4,19138.34,20.0
26228,11604,503,5,955.23,0.0
26229,11605,744,2,6614.57,10.0
26230,11606,593,1,17278.87,15.0
26231,11606,785,3,16279.21,20.0
26232,11606,480,3,11927.56,5.0
26233,11606,217,2,4337.11,5.0
26234,11607,777,5,7013.52,0.0
26235,11607,632,1,10665.66,15.0
26236,11608,241,3,11844.31,0.0
26237,11608,864,5,2259.89,0.0
26238,11608,409,4,19362.42,0.0
26239,11609,696,5,2491.11,0.0
26240,11610,459,5,1008.42,10.0
26241,11611,361,4,10596.43,0.0
26242,11612,821,1,17002.37,0.0
26243,11613,215,1,4666.45,10.0
26244,11613,877,5,10559.02,0.0
26245,11614,623,5,5372.41,0.0
26246,11614,491,2,11018.52,5.0
26247,11615,600,1,13416.18,0.0
26248,11615,775,5,23675.41,15.0
26249,11616,879,2,13227.2,10.0
26250,11617,72,2,9041.77,0.0
26251,11617,479,5,8268.21,0.0
26252,11617,524,5,10408.88,0.0
26253,11617,50,5,17835.15,10.0
26254,11618,396,3,751.13,5.0
26255,11618,63,4,13615.65,0.0
26256,11618,809,4,24052.5,0.0
26257,11618,636,4,7292.03,15.0
26258,11619,280,2,14095.63,0.0
26259,11620,281,3,2023.57,0.0
26260,11620,5,5,8313.51,20.0
26261,11620,631,4,24606.76,15.0
26262,11621,616,1,18315.38,20.0
26263,11622,302,3,16440.69,20.0
26264,11622,355,1,3894.18,20.0
26265,11622,395,1,16130.97,20.0
26266,11622,312,3,13798.25,0.0
26267,11622,127,4,14981.11,10.0
26268,11623,222,1,7009.13,15.0
26269,11623,178,1,14238.81,20.0
26270,11624,487,4,1420.39,0.0
26271,11624,70,4,24783.28,15.0
26272,11625,719,5,7305.31,20.0
26273,11625,597,4,1518.2,5.0
26274,11626,688,4,3002.55,0.0
26275,11627,373,4,9954.9,0.0
26276,11628,350,3,2904.08,15.0
26277,11629,298,1,15463.87,20.0
26278,11629,405,5,6628.43,20.0
26279,11629,782,2,19248.75,0.0
26280,11630,352,1,11635.83,0.0
26281,11630,207,4,21338.76,0.0
26282,11630,641,2,12480.0,0.0
26283,11631,9,5,17153.33,5.0
26284,11632,523,4,13665.96,15.0
26285,11632,705,1,4673.98,0.0
26286,11633,112,5,12897.57,15.0
26287,11633,795,1,21693.2,0.0
26288,11633,550,3,9953.79,10.0
26289,11633,332,2,25511.86,20.0
26290,11634,33,3,2593.22,20.0
26291,11635,725,5,8996.66,5.0
26292,11635,330,3,12351.31,0.0
26293,11635,623,5,5372.41,0.0
26294,11636,574,5,6143.25,5.0
26295,11636,370,5,2983.33,15.0
26296,11636,319,1,9389.36,0.0
26297,11636,568,4,1091.56,10.0
26298,11637,277,4,13719.42,15.0
26299,11638,56,1,18137.71,0.0
26300,11638,684,4,8576.21,10.0
26301,11639,358,5,5722.36,0.0
26302,11639,412,5,17012.64,15.0
26303,11639,807,5,15923.26,0.0
26304,11639,843,3,11008.41,0.0
26305,11640,812,3,2387.49,0.0
26306,11640,160,5,20635.35,20.0
26307,11640,696,2,2491.11,20.0
26308,11640,357,2,10102.76,15.0
26309,11641,683,3,16086.04,5.0
26310,11641,639,5,2960.19,10.0
26311,11641,511,4,16710.62,10.0
26312,11641,661,3,13705.81,0.0
26313,11642,860,4,11880.54,5.0
26314,11642,17,2,19447.69,15.0
26315,11643,814,3,3387.53,0.0
26316,11644,530,2,18098.15,20.0
26317,11644,817,3,14780.14,0.0
26318,11644,398,1,13400.93,15.0
26319,11644,33,2,2593.22,10.0
26320,11645,344,2,5524.58,10.0
26321,11645,693,5,14898.91,15.0
26322,11646,667,5,11155.15,0.0
26323,11646,563,2,5661.49,0.0
26324,11646,508,1,4967.5,5.0
26325,11646,652,2,6638.78,15.0
26326,11647,408,1,11218.26,15.0
26327,11647,713,5,26684.64,0.0
26328,11647,679,1,5924.78,20.0
26329,11648,294,2,10981.7,5.0
26330,11649,433,1,8284.46,15.0
26331,11650,423,4,1984.71,20.0
26332,11650,774,2,10265.71,0.0
26333,11651,436,4,6536.15,0.0
26334,11651,728,2,1177.36,15.0
26335,11652,444,3,17486.46,20.0
26336,11653,207,5,21338.76,5.0
26337,11653,203,1,12755.01,15.0
26338,11653,684,3,8576.21,0.0
26339,11654,828,1,25138.47,5.0
26340,11654,699,4,4909.23,5.0
26341,11654,412,5,17012.64,15.0
26342,11654,373,1,9954.9,5.0
26343,11655,334,2,14837.25,0.0
26344,11656,382,4,9206.05,0.0
26345,11656,584,3,8995.37,20.0
26346,11657,159,3,19350.16,0.0
26347,11657,476,2,19019.08,5.0
26348,11657,339,2,13518.37,0.0
26349,11657,410,3,15870.26,5.0
26350,11658,193,5,20867.37,10.0
26351,11658,828,3,25138.47,0.0
26352,11658,784,5,8066.19,5.0
26353,11659,13,4,478.72,0.0
26354,11659,71,4,13770.82,10.0
26355,11659,150,2,5234.7,5.0
26356,11659,340,2,3550.22,0.0
26357,11659,134,4,17132.5,15.0
26358,11660,747,1,15965.2,15.0
26359,11661,831,5,6625.61,0.0
26360,11662,767,5,12752.82,10.0
26361,11662,600,3,13416.18,0.0
26362,11662,132,4,7609.15,0.0
26363,11663,35,4,21434.65,0.0
26364,11663,724,4,11703.57,10.0
26365,11663,457,3,19959.82,0.0
26366,11663,211,5,5660.73,20.0
26367,11663,867,4,3837.28,0.0
26368,11664,68,5,21790.7,10.0
26369,11664,135,5,4472.34,0.0
26370,11665,741,5,16605.12,10.0
26371,11665,411,4,17450.18,20.0
26372,11665,766,3,10014.02,0.0
26373,11666,300,1,6061.57,0.0
26374,11667,606,4,10207.96,0.0
26375,11667,808,1,376.7,0.0
26376,11668,362,4,17099.97,0.0
26377,11668,305,1,2031.07,5.0
26378,11669,354,4,17320.16,15.0
26379,11669,40,3,1150.22,15.0
26380,11670,120,2,9678.0,20.0
26381,11670,170,5,12133.1,20.0
26382,11671,490,3,6372.79,0.0
26383,11671,632,1,10665.66,15.0
26384,11672,462,3,19988.3,5.0
26385,11673,421,2,4302.81,15.0
26386,11673,259,3,20724.65,0.0
26387,11674,531,3,9020.83,15.0
26388,11674,375,1,192.08,0.0
26389,11674,893,4,17792.63,10.0
26390,11674,578,5,17099.03,0.0
26391,11675,550,2,9953.79,0.0
26392,11676,703,5,14544.45,10.0
26393,11676,479,1,8268.21,0.0
26394,11676,877,1,10559.02,10.0
26395,11677,582,3,19075.76,0.0
26396,11678,319,5,9389.36,0.0
26397,11679,285,2,16720.01,0.0
26398,11680,654,5,16228.87,0.0
26399,11680,730,2,11885.24,0.0
26400,11680,394,4,15875.45,15.0
26401,11680,496,1,19499.77,10.0
26402,11681,448,2,4391.49,20.0
26403,11681,345,3,7900.55,0.0
26404,11681,894,1,7760.97,20.0
26405,11682,538,5,17194.4,0.0
26406,11682,177,2,9631.34,5.0
26407,11683,116,4,8610.05,0.0
26408,11684,227,5,2720.12,0.0
26409,11685,482,2,2192.85,0.0
26410,11685,743,1,10182.67,10.0
26411,11685,659,4,2808.44,0.0
26412,11686,586,5,15918.44,0.0
26413,11686,888,2,2244.3,5.0
26414,11687,238,2,4482.75,0.0
26415,11687,38,2,4730.75,15.0
26416,11687,683,2,16086.04,0.0
26417,11688,673,2,690.26,10.0
26418,11689,36,4,8033.06,0.0
26419,11689,707,3,1274.87,10.0
26420,11690,844,1,8306.97,10.0
26421,11691,250,2,5445.45,10.0
26422,11691,303,2,18231.15,0.0
26423,11691,155,1,3485.16,20.0
26424,11692,499,5,21718.63,5.0
26425,11693,412,3,17012.64,20.0
26426,11693,591,5,6697.37,0.0
26427,11693,84,3,16076.18,0.0
26428,11694,543,1,9638.42,0.0
26429,11694,75,5,19138.34,15.0
26430,11695,249,4,19528.8,0.0
26431,11695,592,3,4181.43,15.0
26432,11695,481,4,11306.0,0.0
26433,11695,68,2,21790.7,0.0
26434,11695,16,5,19747.45,5.0
26435,11696,66,5,13143.99,20.0
26436,11696,123,4,15484.22,15.0
26437,11696,823,3,16691.74,10.0
26438,11697,711,1,16182.19,5.0
26439,11697,21,4,20625.3,15.0
26440,11697,530,3,18098.15,15.0
26441,11697,254,2,21957.69,20.0
26442,11698,351,1,15160.62,20.0
26443,11698,220,5,12963.27,10.0
26444,11699,479,2,8268.21,5.0
26445,11699,729,4,12919.83,5.0
26446,11699,641,2,12480.0,0.0
26447,11699,367,3,14113.51,0.0
26448,11700,554,1,19734.11,10.0
26449,11700,227,2,2720.12,0.0
26450,11701,739,3,22380.63,0.0
26451,11702,720,3,21429.07,0.0
26452,11702,674,4,11510.75,15.0
26453,11703,184,2,14178.66,15.0
26454,11703,414,4,166.83,5.0
26455,11703,93,4,7632.26,5.0
26456,11703,178,4,14238.81,20.0
26457,11703,100,3,14472.84,20.0
26458,11704,134,2,17132.5,15.0
26459,11705,781,2,15990.77,0.0
26460,11705,352,5,11635.83,0.0
26461,11706,598,5,16464.93,20.0
26462,11707,351,4,15160.62,20.0
26463,11707,307,2,21906.91,5.0
26464,11707,624,2,15309.66,0.0
26465,11708,741,2,16605.12,5.0
26466,11709,428,2,21239.63,5.0
26467,11709,717,5,3248.01,0.0
26468,11710,547,4,5521.08,15.0
26469,11710,85,2,4996.1,0.0
26470,11710,247,3,1089.6,10.0
26471,11711,799,3,8448.77,20.0
26472,11711,127,1,14981.11,15.0
26473,11712,118,3,22241.66,15.0
26474,11713,568,3,1091.56,0.0
26475,11713,289,1,10379.0,20.0
26476,11714,802,3,4116.0,15.0
26477,11714,875,4,9752.68,0.0
26478,11715,428,2,21239.63,0.0
26479,11716,366,5,16239.91,0.0
26480,11716,728,3,1177.36,20.0
26481,11717,100,1,14472.84,15.0
26482,11718,640,3,12833.48,10.0
26483,11718,185,5,6278.2,20.0
26484,11718,533,2,20970.41,15.0
26485,11718,316,5,7282.96,20.0
26486,11718,711,4,16182.19,0.0
26487,11719,89,3,18350.27,20.0
26488,11719,388,2,15425.62,0.0
26489,11720,476,3,19019.08,0.0
26490,11721,519,1,18767.62,10.0
26491,11722,717,2,3248.01,5.0
26492,11723,246,4,3854.15,20.0
26493,11723,778,2,20152.02,0.0
26494,11723,172,2,6290.87,0.0
26495,11723,225,5,6873.83,0.0
26496,11723,15,1,9257.31,5.0
26497,11724,636,5,7292.03,20.0
26498,11724,827,2,17333.78,15.0
26499,11724,473,1,2408.3,15.0
26500,11724,200,2,4522.92,0.0
26501,11724,94,3,15069.27,0.0
26502,11725,810,2,15563.4,15.0
26503,11725,493,4,7964.23,0.0
26504,11725,224,3,2233.05,10.0
26505,11726,739,5,22380.63,10.0
26506,11726,395,5,16130.97,0.0
26507,11726,675,2,12507.1,10.0
26508,11726,454,3,12204.15,0.0
26509,11727,792,2,2850.88,0.0
26510,11727,55,1,2583.6,0.0
26511,11727,420,4,9360.46,0.0
26512,11728,179,3,3471.92,0.0
26513,11728,376,1,10430.96,10.0
26514,11728,42,2,10082.43,10.0
26515,11729,307,1,21906.91,0.0
26516,11729,862,5,4517.96,0.0
26517,11729,703,1,14544.45,20.0
26518,11729,304,5,23466.92,20.0
26519,11729,604,4,11660.05,0.0
26520,11730,454,2,12204.15,15.0
26521,11730,548,2,17776.31,15.0
26522,11730,860,1,11880.54,0.0
26523,11731,349,2,2689.14,15.0
26524,11731,154,1,1144.63,20.0
26525,11732,754,3,12241.6,0.0
26526,11732,237,4,11209.85,10.0
26527,11732,393,2,8735.87,0.0
26528,11733,706,5,12213.81,20.0
26529,11733,806,4,11627.22,0.0
26530,11733,679,3,5924.78,0.0
26531,11734,726,5,5419.14,5.0
26532,11734,481,1,11306.0,20.0
26533,11735,126,5,9886.31,20.0
26534,11735,645,5,15208.69,15.0
26535,11735,29,2,2346.21,20.0
26536,11736,879,4,13227.2,5.0
26537,11736,575,5,13808.3,20.0
26538,11737,758,4,305.37,0.0
26539,11737,5,5,8313.51,20.0
26540,11737,597,3,1518.2,0.0
26541,11738,813,5,5532.46,15.0
26542,11738,163,1,10971.24,0.0
26543,11739,303,2,18231.15,10.0
26544,11739,185,4,6278.2,20.0
26545,11739,657,1,11502.62,5.0
26546,11739,790,4,1388.1,0.0
26547,11740,214,5,17220.63,20.0
26548,11740,3,3,16184.82,0.0
26549,11741,728,2,1177.36,20.0
26550,11741,485,2,12732.78,15.0
26551,11742,305,3,2031.07,15.0
26552,11742,889,4,15442.59,0.0
26553,11742,811,4,13234.53,5.0
26554,11742,786,3,14084.23,20.0
26555,11743,866,2,3834.44,0.0
26556,11743,11,3,19969.24,20.0
26557,11743,377,4,23965.45,5.0
26558,11743,851,2,6264.06,10.0
26559,11743,730,3,11885.24,20.0
26560,11744,705,5,4673.98,0.0
26561,11744,649,5,14601.66,10.0
26562,11744,454,3,12204.15,0.0
26563,11745,58,3,2190.76,15.0
26564,11745,250,5,5445.45,5.0
26565,11746,658,5,25361.82,10.0
26566,11747,597,2,1518.2,5.0
26567,11747,266,1,20675.58,10.0
26568,11747,271,1,20542.32,20.0
26569,11748,582,5,19075.76,0.0
26570,11749,89,4,18350.27,5.0
26571,11749,611,1,6171.82,20.0
26572,11750,403,5,7812.31,15.0
26573,11751,395,4,16130.97,15.0
26574,11752,14,1,10692.32,0.0
26575,11752,11,5,19969.24,20.0
26576,11753,141,3,1692.85,0.0
26577,11754,182,5,16329.46,15.0
26578,11754,171,3,18491.26,0.0
26579,11755,872,4,15107.17,0.0
26580,11755,868,2,18520.33,0.0
26581,11755,805,2,15525.28,5.0
26582,11755,419,3,4421.89,10.0
26583,11756,713,1,26684.64,20.0
26584,11756,313,5,7494.19,20.0
26585,11757,309,2,10625.07,0.0
26586,11758,664,2,9991.3,0.0
26587,11758,329,5,10046.75,0.0
26588,11758,569,1,17022.92,20.0
26589,11758,485,3,12732.78,5.0
26590,11759,294,1,10981.7,10.0
26591,11760,652,1,6638.78,20.0
26592,11760,750,2,3277.38,15.0
26593,11761,112,3,12897.57,0.0
26594,11762,136,1,8942.91,0.0
26595,11762,831,1,6625.61,20.0
26596,11762,884,1,15919.32,5.0
26597,11763,751,4,3818.67,5.0
26598,11764,555,2,1454.57,5.0
26599,11764,437,5,10772.97,10.0
26600,11765,553,4,11099.68,5.0
26601,11765,198,4,12806.33,0.0
26602,11765,268,1,3037.03,5.0
26603,11765,874,4,12083.32,10.0
26604,11765,479,1,8268.21,20.0
26605,11766,164,3,25966.48,0.0
26606,11766,745,5,11543.63,0.0
26607,11766,894,3,7760.97,0.0
26608,11766,828,2,25138.47,0.0
26609,11766,188,2,11495.49,10.0
26610,11767,181,1,11885.47,10.0
26611,11768,286,4,239.57,10.0
26612,11768,538,3,17194.4,0.0
26613,11768,98,2,17528.8,0.0
26614,11769,262,5,4228.73,0.0
26615,11769,659,5,2808.44,15.0
26616,11770,655,4,8938.91,0.0
26617,11770,896,4,24756.56,0.0
26618,11771,641,4,12480.0,0.0
26619,11771,857,4,9589.19,20.0
26620,11771,125,2,2129.68,10.0
26621,11771,593,4,17278.87,5.0
26622,11771,396,4,751.13,0.0
26623,11772,635,5,15794.51,20.0
26624,11772,598,5,16464.93,0.0
26625,11773,226,3,13594.3,5.0
26626,11774,631,2,24606.76,20.0
26627,11774,477,5,17806.82,0.0
26628,11775,482,4,2192.85,0.0
26629,11775,743,1,10182.67,15.0
26630,11776,372,3,9597.28,20.0
26631,11777,651,5,6091.61,0.0
26632,11777,269,3,11513.31,0.0
26633,11777,747,3,15965.2,0.0
26634,11778,113,4,21843.22,5.0
26635,11778,841,4,15195.61,0.0
26636,11779,62,2,13136.19,0.0
26637,11779,354,4,17320.16,20.0
26638,11779,306,4,9467.51,15.0
26639,11780,322,4,14630.46,0.0
26640,11780,295,2,18202.38,0.0
26641,11781,118,1,22241.66,15.0
26642,11781,731,2,960.03,0.0
26643,11781,297,1,17238.41,10.0
26644,11782,22,4,11230.85,10.0
26645,11783,398,1,13400.93,15.0
26646,11783,268,5,3037.03,0.0
26647,11784,454,1,12204.15,15.0
26648,11784,176,4,10671.88,5.0
26649,11784,648,2,5724.05,5.0
26650,11785,610,4,2359.37,0.0
26651,11785,314,2,18006.61,0.0
26652,11785,812,2,2387.49,10.0
26653,11786,105,5,9554.98,5.0
26654,11787,557,1,4875.77,20.0
26655,11787,181,1,11885.47,0.0
26656,11787,615,3,13741.69,20.0
26657,11787,793,4,4803.54,10.0
26658,11788,172,1,6290.87,0.0
26659,11788,34,4,1148.2,20.0
26660,11789,557,1,4875.77,0.0
26661,11790,266,5,20675.58,5.0
26662,11791,154,3,1144.63,0.0
26663,11791,584,4,8995.37,0.0
26664,11791,419,2,4421.89,0.0
26665,11792,151,3,21510.83,15.0
26666,11793,97,3,12470.7,0.0
26667,11793,181,1,11885.47,20.0
26668,11793,243,3,176.76,0.0
26669,11794,555,2,1454.57,15.0
26670,11794,637,4,9909.0,0.0
26671,11794,128,3,13624.37,0.0
26672,11794,704,3,16292.88,15.0
26673,11795,774,1,10265.71,10.0
26674,11795,489,2,7785.34,20.0
26675,11796,340,1,3550.22,0.0
26676,11796,549,5,16311.06,0.0
26677,11796,269,3,11513.31,20.0
26678,11796,56,5,18137.71,10.0
26679,11796,1,2,23380.27,10.0
26680,11797,231,5,18449.85,20.0
26681,11798,486,3,18912.84,0.0
26682,11798,841,4,15195.61,0.0
26683,11799,485,2,12732.78,10.0
26684,11800,867,5,3837.28,0.0
26685,11800,833,5,16884.14,0.0
26686,11800,861,1,8502.27,10.0
26687,11801,747,2,15965.2,20.0
26688,11801,459,2,1008.42,10.0
26689,11802,187,5,17579.96,0.0
26690,11803,792,4,2850.88,0.0
26691,11803,53,1,7934.72,15.0
26692,11804,593,2,17278.87,0.0
26693,11804,614,2,21084.78,0.0
26694,11804,366,2,16239.91,0.0
26695,11804,289,3,10379.0,10.0
26696,11804,569,5,17022.92,0.0
26697,11805,203,5,12755.01,0.0
26698,11805,522,1,14877.94,5.0
26699,11805,108,4,23388.45,5.0
26700,11806,843,4,11008.41,0.0
26701,11806,318,2,7031.86,0.0
26702,11806,730,3,11885.24,10.0
26703,11807,729,1,12919.83,0.0
26704,11807,323,2,920.73,15.0
26705,11808,482,1,2192.85,5.0
26706,11808,604,1,11660.05,0.0
26707,11809,47,5,7909.38,0.0
26708,11809,296,1,15359.82,0.0
26709,11810,706,4,12213.81,10.0
26710,11810,180,4,1628.95,5.0
26711,11811,738,5,19896.87,0.0
26712,11811,117,4,4942.41,15.0
26713,11811,289,4,10379.0,5.0
26714,11812,295,2,18202.38,20.0
26715,11812,394,2,15875.45,20.0
26716,11812,623,4,5372.41,0.0
26717,11812,286,5,239.57,15.0
26718,11813,891,2,12910.53,15.0
26719,11814,825,4,14217.62,0.0
26720,11815,555,1,1454.57,0.0
26721,11816,567,3,14958.32,15.0
26722,11816,328,4,15690.65,5.0
26723,11817,767,5,12752.82,0.0
26724,11818,583,4,20840.66,0.0
26725,11818,463,5,8811.92,0.0
26726,11819,233,3,12825.71,20.0
26727,11819,613,3,5929.69,0.0
26728,11819,813,1,5532.46,0.0
26729,11819,165,4,19157.23,20.0
26730,11819,518,1,2509.06,20.0
26731,11820,785,4,16279.21,0.0
26732,11820,589,5,326.42,5.0
26733,11820,299,2,7106.85,0.0
26734,11821,554,4,19734.11,20.0
26735,11822,412,1,17012.64,15.0
26736,11822,241,3,11844.31,20.0
26737,11822,602,5,9166.77,10.0
26738,11822,715,1,11935.81,15.0
26739,11823,217,2,4337.11,0.0
26740,11823,258,5,17700.95,15.0
26741,11823,205,4,16137.25,5.0
26742,11824,541,3,12029.72,10.0
26743,11824,157,5,10768.54,15.0
26744,11825,54,4,12660.77,0.0
26745,11825,879,3,13227.2,0.0
26746,11825,249,2,19528.8,5.0
26747,11825,62,4,13136.19,0.0
26748,11825,124,1,13452.12,15.0
26749,11826,315,1,14818.85,5.0
26750,11827,225,2,6873.83,0.0
26751,11828,432,5,23302.07,0.0
26752,11829,827,4,17333.78,0.0
26753,11829,881,1,21532.91,10.0
26754,11830,790,4,1388.1,0.0
26755,11831,451,4,15015.83,5.0
26756,11832,123,4,15484.22,20.0
26757,11832,730,3,11885.24,5.0
26758,11832,416,1,11392.81,0.0
26759,11832,841,4,15195.61,15.0
26760,11833,571,3,10334.44,10.0
26761,11834,815,5,20541.91,0.0
26762,11834,220,4,12963.27,0.0
26763,11834,742,1,12611.2,15.0
26764,11834,566,2,1155.19,0.0
26765,11835,577,4,20570.33,10.0
26766,11835,586,4,15918.44,15.0
26767,11835,232,2,12332.61,0.0
26768,11835,501,1,14745.03,10.0
26769,11836,622,3,8757.16,0.0
26770,11836,852,1,3347.58,10.0
26771,11837,94,5,15069.27,10.0
26772,11838,776,2,20110.05,10.0
26773,11838,638,3,17008.83,0.0
26774,11838,420,1,9360.46,5.0
26775,11839,540,3,2472.01,0.0
26776,11839,638,2,17008.83,15.0
26777,11839,269,1,11513.31,0.0
26778,11840,352,5,11635.83,0.0
26779,11840,31,2,16628.09,5.0
26780,11841,321,1,9347.28,15.0
26781,11841,47,1,7909.38,15.0
26782,11841,816,1,13450.11,15.0
26783,11841,823,3,16691.74,0.0
26784,11842,710,4,11261.29,20.0
26785,11842,645,3,15208.69,0.0
26786,11842,363,2,16290.66,0.0
26787,11842,2,1,21248.93,5.0
26788,11843,701,4,621.06,20.0
26789,11843,549,3,16311.06,20.0
26790,11843,497,2,15989.14,0.0
26791,11844,612,5,5006.24,0.0
26792,11844,780,1,2481.3,0.0
26793,11844,478,5,10570.88,20.0
26794,11845,176,5,10671.88,15.0
26795,11845,789,5,12946.63,15.0
26796,11845,64,5,18539.77,0.0
26797,11845,522,2,14877.94,20.0
26798,11846,857,4,9589.19,0.0
26799,11846,693,4,14898.91,10.0
26800,11847,333,5,6422.47,0.0
26801,11848,766,5,10014.02,0.0
26802,11848,869,4,4059.75,20.0
26803,11849,81,1,1166.71,20.0
26804,11849,101,3,20043.36,0.0
26805,11850,421,3,4302.81,5.0
26806,11851,429,2,8645.08,15.0
26807,11851,24,4,18317.93,0.0
26808,11852,547,5,5521.08,0.0
26809,11852,217,2,4337.11,0.0
26810,11852,128,2,13624.37,5.0
26811,11853,142,3,21163.93,0.0
26812,11853,194,5,2770.23,0.0
26813,11854,290,1,12993.94,10.0
26814,11854,330,4,12351.31,0.0
26815,11854,164,1,25966.48,0.0
26816,11855,661,2,13705.81,0.0
26817,11856,370,1,2983.33,15.0
26818,11856,207,1,21338.76,10.0
26819,11857,310,2,20036.92,5.0
26820,11858,136,5,8942.91,20.0
26821,11858,344,4,5524.58,0.0
26822,11859,282,3,19801.39,20.0
26823,11860,604,1,11660.05,0.0
26824,11861,495,5,16857.86,20.0
26825,11861,299,2,7106.85,0.0
26826,11861,292,5,15961.49,15.0
26827,11861,723,3,4606.01,0.0
26828,11862,769,3,19111.37,5.0
26829,11862,598,5,16464.93,0.0
26830,11862,149,1,10169.3,20.0
26831,11862,839,5,14313.81,0.0
26832,11862,310,3,20036.92,0.0
26833,11863,5,2,8313.51,10.0
26834,11864,52,4,12629.7,20.0
26835,11864,368,4,9973.43,5.0
26836,11864,693,2,14898.91,15.0
26837,11865,701,3,621.06,5.0
26838,11865,20,5,377.42,0.0
26839,11865,606,1,10207.96,10.0
26840,11865,464,1,7633.05,15.0
26841,11866,166,1,2581.81,5.0
26842,11867,577,5,20570.33,5.0
26843,11868,701,2,621.06,0.0
26844,11868,145,5,12067.47,5.0
26845,11869,851,1,6264.06,5.0
26846,11870,335,4,10357.5,0.0
26847,11871,159,2,19350.16,0.0
26848,11871,841,1,15195.61,15.0
26849,11871,575,1,13808.3,0.0
26850,11872,225,2,6873.83,0.0
26851,11873,408,5,11218.26,20.0
26852,11873,265,1,4344.64,20.0
26853,11873,267,4,16561.1,10.0
26854,11874,760,2,779.87,5.0
26855,11875,478,1,10570.88,0.0
26856,11875,569,4,17022.92,0.0
26857,11876,630,3,16772.79,10.0
26858,11877,225,1,6873.83,0.0
26859,11877,376,4,10430.96,20.0
26860,11878,424,4,17174.37,15.0
26861,11878,657,5,11502.62,10.0
26862,11879,841,1,15195.61,20.0
26863,11879,847,4,13026.82,0.0
26864,11879,784,5,8066.19,15.0
26865,11879,164,4,25966.48,20.0
26866,11880,255,2,17032.48,15.0
26867,11881,293,3,282.61,20.0
26868,11881,709,2,7686.85,10.0
26869,11882,838,4,19410.6,20.0
26870,11882,454,4,12204.15,0.0
26871,11882,660,5,5178.7,0.0
26872,11883,403,1,7812.31,0.0
26873,11883,498,1,21474.1,0.0
26874,11883,353,1,7643.82,20.0
26875,11884,484,4,19113.34,0.0
26876,11885,13,5,478.72,15.0
26877,11885,791,3,11554.95,15.0
26878,11886,184,4,14178.66,0.0
26879,11886,362,1,17099.97,15.0
26880,11886,410,5,15870.26,0.0
26881,11887,528,1,939.25,15.0
26882,11888,694,1,11604.18,10.0
26883,11889,793,3,4803.54,5.0
26884,11889,196,4,10265.86,0.0
26885,11890,825,2,14217.62,10.0
26886,11890,764,5,3971.86,0.0
26887,11890,408,5,11218.26,0.0
26888,11891,99,5,20609.05,0.0
26889,11891,475,2,6938.61,15.0
26890,11891,856,2,836.93,20.0
26891,11891,598,1,16464.93,0.0
26892,11891,518,2,2509.06,0.0
26893,11892,710,5,11261.29,20.0
26894,11892,286,2,239.57,0.0
26895,11893,6,4,22533.66,5.0
26896,11893,656,2,23607.08,0.0
26897,11894,320,3,9179.45,0.0
26898,11894,650,4,6904.93,0.0
26899,11895,195,3,1306.46,5.0
26900,11895,46,4,6966.04,15.0
26901,11895,585,5,10944.6,0.0
26902,11895,513,5,10655.97,20.0
26903,11895,670,1,12689.21,0.0
26904,11896,873,5,1014.59,5.0
26905,11896,121,4,10353.6,0.0
26906,11897,806,4,11627.22,0.0
26907,11898,791,3,11554.95,0.0
26908,11898,496,3,19499.77,0.0
26909,11898,359,4,14548.05,15.0
26910,11899,46,5,6966.04,0.0
26911,11899,49,5,12463.05,0.0
26912,11899,179,3,3471.92,5.0
26913,11899,154,4,1144.63,10.0
26914,11899,90,1,14228.88,5.0
26915,11900,475,5,6938.61,0.0
26916,11900,544,5,14987.27,10.0
26917,11901,69,1,7716.81,0.0
26918,11901,649,1,14601.66,5.0
26919,11902,733,4,10948.51,15.0
26920,11902,59,4,5569.5,0.0
26921,11902,363,3,16290.66,0.0
26922,11903,136,5,8942.91,15.0
26923,11904,828,5,25138.47,20.0
26924,11904,32,1,1527.01,0.0
26925,11904,540,3,2472.01,0.0
26926,11905,530,1,18098.15,15.0
26927,11905,325,1,2187.51,15.0
26928,11905,213,5,18912.24,10.0
26929,11905,277,5,13719.42,0.0
26930,11905,792,4,2850.88,0.0
26931,11906,667,1,11155.15,10.0
26932,11906,9,1,17153.33,10.0
26933,11906,408,3,11218.26,10.0
26934,11907,815,3,20541.91,5.0
26935,11908,500,5,6694.37,10.0
26936,11908,428,2,21239.63,0.0
26937,11909,511,3,16710.62,5.0
26938,11910,719,2,7305.31,0.0
26939,11910,147,1,2349.15,20.0
26940,11910,398,2,13400.93,15.0
26941,11910,868,4,18520.33,5.0
26942,11910,219,3,5457.35,10.0
26943,11911,574,3,6143.25,10.0
26944,11911,76,5,8195.06,20.0
26945,11911,71,1,13770.82,10.0
26946,11912,368,3,9973.43,0.0
26947,11912,349,2,2689.14,10.0
26948,11912,228,3,5918.99,0.0
26949,11913,552,1,4733.75,0.0
26950,11914,49,2,12463.05,5.0
26951,11915,512,5,14169.19,20.0
26952,11916,557,5,4875.77,20.0
26953,11917,706,3,12213.81,15.0
26954,11917,278,2,8494.62,5.0
26955,11917,415,3,7434.55,20.0
26956,11918,355,5,3894.18,0.0
26957,11918,595,3,16876.57,0.0
26958,11919,203,5,12755.01,0.0
26959,11920,521,4,20156.83,15.0
26960,11920,229,3,5530.88,10.0
26961,11920,542,4,3615.52,10.0
26962,11920,533,3,20970.41,0.0
26963,11921,864,4,2259.89,20.0
26964,11921,87,1,19036.03,15.0
26965,11921,297,3,17238.41,0.0
26966,11922,640,4,12833.48,0.0
26967,11922,74,4,21546.9,0.0
26968,11922,410,3,15870.26,0.0
26969,11922,699,5,4909.23,0.0
26970,11922,633,2,15843.65,5.0
26971,11923,50,1,17835.15,0.0
26972,11923,522,1,14877.94,0.0
26973,11923,772,4,18195.11,0.0
26974,11923,597,5,1518.2,0.0
26975,11924,389,5,3509.61,0.0
26976,11924,837,4,264.26,15.0
26977,11924,195,3,1306.46,5.0
26978,11924,202,2,18119.01,20.0
26979,11924,214,1,17220.63,0.0
26980,11925,733,4,10948.51,0.0
26981,11926,775,5,23675.41,10.0
26982,11926,427,1,16845.82,0.0
26983,11927,296,4,15359.82,20.0
26984,11927,90,2,14228.88,0.0
26985,11927,238,3,4482.75,0.0
26986,11928,738,1,19896.87,5.0
26987,11929,121,3,10353.6,10.0
26988,11929,137,5,10885.94,0.0
26989,11929,213,2,18912.24,10.0
26990,11929,591,2,6697.37,0.0
26991,11930,31,5,16628.09,0.0
26992,11930,358,5,5722.36,20.0
26993,11931,148,4,17262.89,0.0
26994,11931,451,2,15015.83,0.0
26995,11931,849,5,11044.19,0.0
26996,11931,515,1,19735.52,20.0
26997,11932,480,1,11927.56,15.0
26998,11932,186,1,9740.85,0.0
26999,11932,182,3,16329.46,5.0
27000,11932,43,1,18751.29,10.0
27001,11932,747,3,15965.2,0.0
27002,11933,731,5,960.03,15.0
27003,11933,500,5,6694.37,5.0
27004,11933,682,1,9240.58,15.0
27005,11933,341,4,22578.93,10.0
27006,11934,58,4,2190.76,15.0
27007,11935,745,1,11543.63,0.0
27008,11935,242,5,15852.16,0.0
27009,11935,511,3,16710.62,10.0
27010,11935,265,2,4344.64,0.0
27011,11936,378,2,1654.61,10.0
27012,11936,708,3,16924.57,5.0
27013,11937,72,5,9041.77,0.0
27014,11937,608,3,622.02,15.0
27015,11937,373,3,9954.9,0.0
27016,11938,789,2,12946.63,20.0
27017,11938,836,5,17573.65,5.0
27018,11938,35,5,21434.65,10.0
27019,11938,393,4,8735.87,0.0
27020,11939,208,3,7812.53,15.0
27021,11940,209,5,7178.41,0.0
27022,11941,71,4,13770.82,20.0
27023,11941,348,4,19662.84,15.0
27024,11941,37,4,14064.14,5.0
27025,11942,304,3,23466.92,20.0
27026,11943,286,2,239.57,0.0
27027,11943,292,1,15961.49,5.0
27028,11944,21,4,20625.3,15.0
27029,11945,55,2,2583.6,0.0
27030,11946,626,5,12352.87,10.0
27031,11946,56,5,18137.71,20.0
27032,11946,777,5,7013.52,5.0
27033,11946,39,4,7958.95,5.0
27034,11947,496,5,19499.77,15.0
27035,11947,664,1,9991.3,0.0
27036,11948,593,4,17278.87,0.0
27037,11949,599,2,442.03,0.0
27038,11949,826,2,11073.3,20.0
27039,11949,301,2,21720.03,15.0
27040,11950,656,5,23607.08,5.0
27041,11950,17,3,19447.69,15.0
27042,11951,522,3,14877.94,20.0
27043,11951,669,5,17245.4,0.0
27044,11952,807,1,15923.26,20.0
27045,11953,55,1,2583.6,20.0
27046,11953,781,3,15990.77,5.0
27047,11954,530,1,18098.15,20.0
27048,11954,883,5,1769.58,0.0
27049,11954,638,3,17008.83,10.0
27050,11955,879,4,13227.2,0.0
27051,11955,498,3,21474.1,0.0
27052,11956,879,5,13227.2,0.0
27053,11956,779,4,19107.25,15.0
27054,11956,369,5,6953.46,20.0
27055,11956,741,3,16605.12,20.0
27056,11956,272,2,8968.84,15.0
27057,11957,755,5,144.02,15.0
27058,11957,764,1,3971.86,0.0
27059,11957,677,1,13881.44,0.0
27060,11958,215,1,4666.45,10.0
27061,11958,575,5,13808.3,10.0
27062,11958,571,5,10334.44,0.0
27063,11959,532,3,14811.49,10.0
27064,11959,439,2,9511.48,0.0
27065,11959,900,5,17425.46,15.0
27066,11959,177,4,9631.34,10.0
27067,11960,886,3,7687.78,10.0
27068,11960,364,1,18476.31,0.0
27069,11960,17,3,19447.69,5.0
27070,11961,695,2,17246.64,0.0
27071,11961,638,5,17008.83,0.0
27072,11961,18,3,4419.93,5.0
27073,11962,190,5,7595.13,5.0
27074,11962,695,1,17246.64,10.0
27075,11963,155,2,3485.16,0.0
27076,11964,425,2,4926.04,20.0
27077,11964,673,3,690.26,15.0
27078,11965,846,5,806.68,0.0
27079,11965,323,5,920.73,0.0
27080,11966,108,2,23388.45,0.0
27081,11966,845,2,24202.98,10.0
27082,11966,584,2,8995.37,15.0
27083,11966,26,5,12446.22,15.0
27084,11966,406,2,5693.41,20.0
27085,11967,98,3,17528.8,10.0
27086,11967,492,3,9662.3,0.0
27087,11967,753,4,7182.61,0.0
27088,11968,722,5,2404.11,5.0
27089,11968,199,2,10359.07,15.0
27090,11969,198,3,12806.33,0.0
27091,11969,496,1,19499.77,20.0
27092,11970,328,3,15690.65,0.0
27093,11970,832,3,9339.3,5.0
27094,11970,439,3,9511.48,0.0
27095,11971,654,4,16228.87,10.0
27096,11971,781,1,15990.77,0.0
27097,11972,661,5,13705.81,0.0
27098,11972,245,4,13338.0,5.0
27099,11973,759,3,15948.11,20.0
27100,11974,377,3,23965.45,0.0
27101,11975,242,3,15852.16,20.0
27102,11975,778,5,20152.02,20.0
27103,11976,854,4,16327.56,0.0
27104,11977,129,3,10907.63,0.0
27105,11977,295,2,18202.38,0.0
27106,11977,582,2,19075.76,0.0
27107,11978,346,1,8215.18,0.0
27108,11978,276,1,6116.22,15.0
27109,11979,617,4,17544.22,20.0
27110,11980,657,3,11502.62,15.0
27111,11980,783,2,803.8,15.0
27112,11980,552,1,4733.75,20.0
27113,11980,862,3,4517.96,15.0
27114,11981,371,3,1636.75,0.0
27115,11981,99,5,20609.05,0.0
27116,11982,107,5,11842.72,20.0
27117,11983,898,4,9944.45,15.0
27118,11983,632,2,10665.66,10.0
27119,11984,370,5,2983.33,5.0
27120,11985,405,1,6628.43,0.0
27121,11985,54,5,12660.77,20.0
27122,11986,163,2,10971.24,10.0
27123,11986,662,1,6806.59,5.0
27124,11986,542,1,3615.52,0.0
27125,11987,216,3,14201.95,20.0
27126,11988,297,5,17238.41,10.0
27127,11988,899,1,21905.82,10.0
27128,11989,701,1,621.06,0.0
27129,11989,337,3,1562.71,0.0
27130,11989,354,1,17320.16,5.0
27131,11990,127,5,14981.11,0.0
27132,11990,144,4,19819.04,0.0
27133,11990,245,4,13338.0,20.0
27134,11991,267,4,16561.1,5.0
27135,11991,390,3,3964.49,20.0
27136,11991,495,1,16857.86,15.0
27137,11992,8,4,19040.64,0.0
27138,11992,154,5,1144.63,5.0
27139,11993,590,1,9869.32,0.0
27140,11993,585,3,10944.6,20.0
27141,11994,501,4,14745.03,0.0
27142,11995,643,5,1936.54,0.0
27143,11995,588,5,4546.5,0.0
27144,11996,386,2,14759.78,15.0
27145,11996,722,5,2404.11,10.0
27146,11997,92,3,18578.14,0.0
27147,11998,317,4,14112.86,0.0
27148,11998,361,4,10596.43,5.0
27149,11998,499,3,21718.63,0.0
27150,11999,498,5,21474.1,20.0
27151,11999,80,1,7681.36,0.0
27152,12000,869,1,4059.75,20.0
27153,12001,174,2,11611.6,10.0
27154,12002,706,1,12213.81,10.0
27155,12002,530,4,18098.15,0.0
27156,12002,582,2,19075.76,15.0
27157,12002,766,5,10014.02,10.0
27158,12002,557,5,4875.77,20.0
27159,12003,855,5,2959.91,0.0
27160,12004,4,4,3406.7,5.0
27161,12005,275,2,10808.89,20.0
27162,12005,200,2,4522.92,10.0
27163,12005,633,4,15843.65,20.0
27164,12006,262,2,4228.73,20.0
27165,12006,830,3,3011.17,0.0
27166,12006,847,2,13026.82,15.0
27167,12006,711,1,16182.19,0.0
27168,12007,399,3,20674.86,20.0
27169,12007,781,3,15990.77,0.0
27170,12007,305,5,2031.07,0.0
27171,12008,587,1,3058.79,10.0
27172,12008,482,1,2192.85,15.0
27173,12008,132,3,7609.15,0.0
27174,12008,529,2,8097.4,20.0
27175,12009,828,3,25138.47,20.0
27176,12009,474,5,10258.52,5.0
27177,12010,233,3,12825.71,0.0
27178,12011,221,1,21061.36,0.0
27179,12012,381,3,17535.49,0.0
27180,12012,182,2,16329.46,20.0
27181,12013,695,1,17246.64,20.0
27182,12013,626,3,12352.87,15.0
27183,12014,163,5,10971.24,10.0
27184,12015,714,3,26202.05,0.0
27185,12015,802,4,4116.0,0.0
27186,12015,553,1,11099.68,15.0
27187,12015,809,4,24052.5,0.0
27188,12016,93,5,7632.26,5.0
27189,12017,480,1,11927.56,10.0
27190,12017,882,2,8433.14,20.0
27191,12018,290,3,12993.94,10.0
27192,12018,787,5,18758.34,0.0
27193,12018,861,5,8502.27,5.0
27194,12019,60,3,12772.87,0.0
27195,12020,238,4,4482.75,15.0
27196,12020,356,1,4711.26,5.0
27197,12021,28,1,15441.58,20.0
27198,12022,510,3,19375.24,20.0
27199,12022,678,4,2508.38,0.0
27200,12023,666,4,16085.16,5.0
27201,12023,603,1,7330.01,5.0
27202,12023,685,4,120.67,10.0
27203,12023,730,3,11885.24,20.0
27204,12024,169,2,16308.93,10.0
27205,12024,651,5,6091.61,5.0
27206,12024,274,5,8564.4,0.0
27207,12024,272,5,8968.84,15.0
27208,12025,73,3,16451.55,5.0
27209,12026,261,5,21999.28,5.0
27210,12026,472,3,15859.32,0.0
27211,12026,662,4,6806.59,20.0
27212,12026,892,3,7790.38,10.0
27213,12026,850,1,22317.22,0.0
27214,12027,72,3,9041.77,15.0
27215,12028,862,3,4517.96,0.0
27216,12029,643,3,1936.54,5.0
27217,12030,169,1,16308.93,15.0
27218,12030,591,1,6697.37,0.0
27219,12030,240,1,3443.85,5.0
27220,12030,81,5,1166.71,0.0
27221,12031,862,4,4517.96,10.0
27222,12031,256,3,6510.46,5.0
27223,12031,68,2,21790.7,20.0
27224,12031,733,3,10948.51,0.0
27225,12031,294,5,10981.7,0.0
27226,12032,628,2,8593.46,20.0
27227,12033,269,1,11513.31,10.0
27228,12033,151,3,21510.83,5.0
27229,12033,82,2,14774.58,20.0
27230,12034,435,1,13058.88,5.0
27231,12035,519,1,18767.62,10.0
27232,12035,668,4,11556.92,10.0
27233,12036,851,3,6264.06,15.0
27234,12036,669,2,17245.4,15.0
27235,12036,141,5,1692.85,5.0
27236,12036,431,3,24437.6,15.0
27237,12037,336,5,226.24,15.0
27238,12037,131,1,18666.46,0.0
27239,12037,216,4,14201.95,5.0
27240,12038,830,1,3011.17,0.0
27241,12038,478,5,10570.88,10.0
27242,12038,519,2,18767.62,5.0
27243,12039,803,2,7424.51,20.0
27244,12039,742,4,12611.2,5.0
27245,12039,693,2,14898.91,0.0
27246,12040,143,1,7946.56,15.0
27247,12040,296,5,15359.82,20.0
27248,12041,44,4,8591.33,10.0
27249,12041,828,1,25138.47,10.0
27250,12042,24,2,18317.93,0.0
27251,12043,360,4,11713.02,0.0
27252,12043,309,3,10625.07,20.0
27253,12043,790,5,1388.1,20.0
27254,12044,429,2,8645.08,10.0
27255,12045,322,5,14630.46,10.0
27256,12045,777,2,7013.52,0.0
27257,12045,229,5,5530.88,5.0
27258,12046,481,2,11306.0,20.0
27259,12047,93,1,7632.26,0.0
27260,12047,314,4,18006.61,0.0
27261,12047,111,2,8344.65,0.0
27262,12048,45,3,19804.2,15.0
27263,12048,783,4,803.8,10.0
27264,12048,293,4,282.61,15.0
27265,12049,789,5,12946.63,20.0
27266,12050,778,3,20152.02,0.0
27267,12051,438,2,12263.95,0.0
27268,12051,372,5,9597.28,5.0
27269,12051,6,4,22533.66,0.0
27270,12051,132,2,7609.15,0.0
27271,12051,747,2,15965.2,0.0
27272,12052,754,4,12241.6,15.0
27273,12053,624,2,15309.66,20.0
27274,12053,323,3,920.73,0.0
27275,12053,395,5,16130.97,10.0
27276,12053,332,4,25511.86,20.0
27277,12053,782,3,19248.75,15.0
27278,12054,495,4,16857.86,0.0
27279,12055,142,5,21163.93,10.0
27280,12055,152,4,11106.45,5.0
27281,12055,755,5,144.02,0.0
27282,12056,351,3,15160.62,0.0
27283,12056,139,2,7956.39,5.0
27284,12057,865,3,1829.62,0.0
27285,12058,748,5,15319.21,10.0
27286,12059,778,2,20152.02,20.0
27287,12060,371,2,1636.75,20.0
27288,12060,486,2,18912.84,0.0
27289,12061,576,4,3125.72,15.0
27290,12061,331,2,6973.28,0.0
27291,12062,14,3,10692.32,0.0
27292,12062,437,1,10772.97,10.0
27293,12063,20,2,377.42,15.0
27294,12064,432,4,23302.07,10.0
27295,12065,314,5,18006.61,15.0
27296,12066,170,4,12133.1,5.0
27297,12067,517,3,17350.23,0.0
27298,12067,607,3,9557.3,0.0
27299,12068,105,3,9554.98,20.0
27300,12069,428,3,21239.63,10.0
27301,12069,875,4,9752.68,20.0
27302,12069,535,2,5770.15,5.0
27303,12070,735,4,9036.58,0.0
27304,12070,634,2,17957.51,10.0
27305,12071,591,5,6697.37,0.0
27306,12072,680,3,2617.11,15.0
27307,12072,805,5,15525.28,15.0
27308,12072,160,5,20635.35,5.0
27309,12073,83,2,7572.59,5.0
27310,12073,61,1,6502.87,0.0
27311,12074,310,1,20036.92,0.0
27312,12075,687,5,14696.63,0.0
27313,12075,732,4,8129.26,15.0
27314,12076,101,3,20043.36,0.0
27315,12077,90,3,14228.88,15.0
27316,12077,258,3,17700.95,15.0
27317,12077,134,5,17132.5,15.0
27318,12078,844,3,8306.97,0.0
27319,12079,627,4,14763.79,0.0
27320,12080,698,5,4293.78,10.0
27321,12080,361,3,10596.43,10.0
27322,12080,707,2,1274.87,20.0
27323,12080,81,1,1166.71,15.0
27324,12081,297,4,17238.41,0.0
27325,12081,129,2,10907.63,5.0
27326,12081,361,5,10596.43,0.0
27327,12081,898,4,9944.45,5.0
27328,12082,623,2,5372.41,0.0
27329,12082,846,2,806.68,10.0
27330,12082,48,1,5117.57,20.0
27331,12082,166,4,2581.81,20.0
27332,12083,858,4,23207.14,0.0
27333,12084,251,2,13337.74,20.0
27334,12084,4,3,3406.7,5.0
27335,12085,460,5,20514.31,0.0
27336,12085,646,2,5805.21,10.0
27337,12085,125,3,2129.68,5.0
27338,12086,743,2,10182.67,5.0
27339,12086,142,3,21163.93,5.0
27340,12086,208,3,7812.53,15.0
27341,12087,718,1,17963.95,0.0
27342,12088,256,5,6510.46,20.0
27343,12088,134,4,17132.5,15.0
27344,12088,135,3,4472.34,0.0
27345,12089,569,2,17022.92,5.0
27346,12089,667,1,11155.15,5.0
27347,12089,53,4,7934.72,0.0
27348,12089,158,1,20098.55,20.0
27349,12090,317,3,14112.86,0.0
27350,12090,756,4,8569.79,5.0
27351,12090,135,5,4472.34,15.0
27352,12091,340,2,3550.22,0.0
27353,12091,668,5,11556.92,0.0
27354,12092,327,1,15380.04,0.0
27355,12092,323,3,920.73,5.0
27356,12092,102,5,7542.37,0.0
27357,12092,479,4,8268.21,15.0
27358,12092,603,5,7330.01,0.0
27359,12093,623,3,5372.41,0.0
27360,12093,576,4,3125.72,15.0
27361,12094,768,2,16413.87,0.0
27362,12095,53,2,7934.72,0.0
27363,12095,508,4,4967.5,0.0
27364,12095,827,2,17333.78,20.0
27365,12095,392,5,956.75,5.0
27366,12096,656,4,23607.08,10.0
27367,12097,568,5,1091.56,0.0
27368,12097,600,4,13416.18,15.0
27369,12097,471,1,13086.13,0.0
27370,12097,18,1,4419.93,0.0
27371,12097,778,4,20152.02,15.0
27372,12098,100,3,14472.84,0.0
27373,12099,351,5,15160.62,20.0
27374,12099,201,1,11298.96,20.0
27375,12100,130,4,12847.98,5.0
27376,12101,256,1,6510.46,20.0
27377,12102,17,2,19447.69,15.0
27378,12102,522,2,14877.94,0.0
27379,12103,669,4,17245.4,20.0
27380,12104,626,4,12352.87,0.0
27381,12104,240,5,3443.85,20.0
27382,12104,524,3,10408.88,0.0
27383,12104,404,5,653.1,0.0
27384,12105,194,5,2770.23,0.0
27385,12105,764,1,3971.86,10.0
27386,12105,874,1,12083.32,10.0
27387,12105,742,4,12611.2,0.0
27388,12106,90,3,14228.88,0.0
27389,12106,485,5,12732.78,15.0
27390,12107,149,3,10169.3,0.0
27391,12107,741,1,16605.12,0.0
27392,12108,811,5,13234.53,10.0
27393,12108,670,1,12689.21,20.0
27394,12108,285,1,16720.01,0.0
27395,12108,795,2,21693.2,15.0
27396,12108,588,5,4546.5,15.0
27397,12109,745,3,11543.63,5.0
27398,12109,863,4,10272.35,0.0
27399,12109,485,4,12732.78,10.0
27400,12109,150,2,5234.7,20.0
27401,12110,627,3,14763.79,0.0
27402,12110,135,1,4472.34,20.0
27403,12110,51,2,11484.39,20.0
27404,12110,686,5,354.18,15.0
27405,12110,480,4,11927.56,10.0
27406,12111,403,3,7812.31,5.0
27407,12111,675,4,12507.1,5.0
27408,12112,677,5,13881.44,15.0
27409,12113,112,5,12897.57,0.0
27410,12113,117,3,4942.41,20.0
27411,12114,889,5,15442.59,20.0
27412,12114,112,3,12897.57,15.0
27413,12115,342,2,15719.78,10.0
27414,12115,244,1,7472.45,0.0
27415,12116,428,3,21239.63,5.0
27416,12116,426,1,9117.48,10.0
27417,12117,9,1,17153.33,0.0
27418,12117,786,1,14084.23,0.0
27419,12117,657,4,11502.62,0.0
27420,12117,635,1,15794.51,0.0
27421,12118,87,4,19036.03,10.0
27422,12119,891,4,12910.53,15.0
27423,12120,172,2,6290.87,10.0
27424,12121,605,4,7517.98,0.0
27425,12121,70,5,24783.28,5.0
27426,12122,579,5,16420.05,0.0
27427,12122,422,4,189.31,20.0
27428,12122,497,4,15989.14,20.0
27429,12123,862,4,4517.96,5.0
27430,12123,709,1,7686.85,10.0
27431,12123,174,4,11611.6,0.0
27432,12124,294,5,10981.7,5.0
27433,12124,883,5,1769.58,0.0
27434,12125,711,1,16182.19,15.0
27435,12125,226,4,13594.3,20.0
27436,12125,24,3,18317.93,5.0
27437,12126,635,5,15794.51,5.0
27438,12126,156,4,963.21,15.0
27439,12126,717,3,3248.01,0.0
27440,12126,179,5,3471.92,5.0
27441,12126,50,4,17835.15,0.0
27442,12127,117,2,4942.41,0.0
27443,12128,802,4,4116.0,0.0
27444,12128,160,5,20635.35,5.0
27445,12128,177,4,9631.34,10.0
27446,12128,415,2,7434.55,5.0
27447,12128,175,3,8473.93,20.0
27448,12129,259,4,20724.65,0.0
27449,12130,620,1,12173.09,5.0
27450,12131,317,5,14112.86,0.0
27451,12131,203,1,12755.01,5.0
27452,12132,542,4,3615.52,15.0
27453,12132,652,3,6638.78,15.0
27454,12132,668,5,11556.92,20.0
27455,12132,360,5,11713.02,0.0
27456,12133,273,5,19263.38,0.0
27457,12133,478,1,10570.88,0.0
27458,12134,569,2,17022.92,5.0
27459,12135,777,1,7013.52,15.0
27460,12135,453,5,11216.79,0.0
27461,12136,487,2,1420.39,0.0
27462,12137,241,4,11844.31,15.0
27463,12137,113,2,21843.22,0.0
27464,12137,55,2,2583.6,0.0
27465,12137,236,2,4832.52,10.0
27466,12137,120,2,9678.0,5.0
27467,12138,576,1,3125.72,5.0
27468,12138,823,5,16691.74,15.0
27469,12139,755,1,144.02,20.0
27470,12139,329,3,10046.75,0.0
27471,12139,588,5,4546.5,0.0
27472,12140,633,1,15843.65,10.0
27473,12140,68,5,21790.7,0.0
27474,12141,181,4,11885.47,15.0
27475,12141,215,2,4666.45,0.0
27476,12142,617,5,17544.22,10.0
27477,12142,325,4,2187.51,0.0
27478,12142,510,2,19375.24,15.0
27479,12142,23,5,11954.03,5.0
27480,12142,177,2,9631.34,10.0
27481,12143,442,2,11650.88,0.0
27482,12143,818,3,10237.03,0.0
27483,12144,724,3,11703.57,15.0
27484,12145,92,5,18578.14,10.0
27485,12145,440,3,21618.7,15.0
27486,12145,607,1,9557.3,0.0
27487,12145,13,1,478.72,0.0
27488,12146,469,1,5321.69,15.0
27489,12147,531,1,9020.83,0.0
27490,12147,162,5,13421.66,5.0
27491,12148,726,1,5419.14,20.0
27492,12149,172,3,6290.87,0.0
27493,12150,458,3,706.12,15.0
27494,12150,286,3,239.57,0.0
27495,12151,151,4,21510.83,5.0
27496,12151,406,5,5693.41,0.0
27497,12152,716,4,4599.1,0.0
27498,12152,545,3,16977.96,15.0
27499,12153,607,4,9557.3,20.0
27500,12154,176,2,10671.88,0.0
27501,12154,774,5,10265.71,0.0
27502,12155,717,1,3248.01,0.0
27503,12155,97,2,12470.7,0.0
27504,12156,824,5,297.67,0.0
27505,12156,479,4,8268.21,20.0
27506,12156,513,1,10655.97,20.0
27507,12157,128,4,13624.37,20.0
27508,12158,4,2,3406.7,0.0
27509,12158,840,4,14874.45,15.0
27510,12158,182,1,16329.46,15.0
27511,12158,863,1,10272.35,15.0
27512,12159,396,5,751.13,0.0
27513,12160,737,1,16594.34,0.0
27514,12161,739,1,22380.63,15.0
27515,12161,77,4,13954.67,10.0
27516,12161,515,3,19735.52,10.0
27517,12162,99,3,20609.05,10.0
27518,12163,422,1,189.31,0.0
27519,12163,662,4,6806.59,20.0
27520,12163,888,2,2244.3,20.0
27521,12163,672,5,5939.35,15.0
27522,12164,275,1,10808.89,0.0
27523,12165,60,2,12772.87,20.0
27524,12166,702,3,1292.78,0.0
27525,12166,320,1,9179.45,15.0
27526,12166,719,2,7305.31,5.0
27527,12167,282,5,19801.39,5.0
27528,12167,378,4,1654.61,5.0
27529,12168,162,4,13421.66,5.0
27530,12168,577,3,20570.33,5.0
27531,12169,67,3,18601.02,10.0
27532,12169,301,5,21720.03,10.0
27533,12169,227,4,2720.12,0.0
27534,12170,96,2,14288.15,0.0
27535,12170,518,3,2509.06,20.0
27536,12170,844,2,8306.97,0.0
27537,12170,55,4,2583.6,0.0
27538,12171,875,2,9752.68,10.0
27539,12171,198,4,12806.33,0.0
27540,12171,99,1,20609.05,20.0
27541,12171,642,2,12368.27,0.0
27542,12172,238,5,4482.75,5.0
27543,12172,433,4,8284.46,0.0
27544,12172,747,3,15965.2,10.0
27545,12172,216,2,14201.95,0.0
27546,12172,584,3,8995.37,0.0
27547,12173,637,2,9909.0,20.0
27548,12174,62,4,13136.19,0.0
27549,12175,798,2,4100.19,15.0
27550,12175,631,1,24606.76,15.0
27551,12175,551,1,23156.44,0.0
27552,12176,48,2,5117.57,20.0
27553,12177,306,1,9467.51,5.0
27554,12177,883,5,1769.58,0.0
27555,12178,379,3,1624.86,0.0
27556,12178,463,5,8811.92,0.0
27557,12178,479,1,8268.21,0.0
27558,12179,531,1,9020.83,0.0
27559,12180,849,3,11044.19,0.0
27560,12180,332,2,25511.86,5.0
27561,12180,858,4,23207.14,20.0
27562,12180,187,3,17579.96,5.0
27563,12181,889,1,15442.59,15.0
27564,12182,188,1,11495.49,0.0
27565,12182,644,1,12974.58,0.0
27566,12183,676,2,14315.33,5.0
27567,12184,784,4,8066.19,10.0
27568,12184,165,2,19157.23,0.0
27569,12185,868,2,18520.33,0.0
27570,12185,192,5,18707.42,0.0
27571,12185,485,2,12732.78,0.0
27572,12186,672,4,5939.35,0.0
27573,12186,220,5,12963.27,20.0
27574,12187,701,2,621.06,15.0
27575,12188,729,2,12919.83,15.0
27576,12188,780,4,2481.3,15.0
27577,12188,771,2,2696.54,5.0
27578,12188,467,1,24009.79,0.0
27579,12188,434,5,16140.57,0.0
27580,12189,781,2,15990.77,0.0
27581,12190,742,2,12611.2,0.0
27582,12190,539,4,249.52,0.0
27583,12190,411,2,17450.18,0.0
27584,12190,119,4,21039.52,0.0
27585,12190,478,5,10570.88,0.0
27586,12191,512,2,14169.19,10.0
27587,12192,260,4,7198.0,0.0
27588,12192,682,5,9240.58,0.0
27589,12192,705,5,4673.98,10.0
27590,12192,527,4,4372.63,15.0
27591,12193,610,1,2359.37,0.0
27592,12193,804,4,21201.2,15.0
27593,12193,80,2,7681.36,15.0
27594,12194,656,4,23607.08,10.0
27595,12194,196,4,10265.86,20.0
27596,12195,782,3,19248.75,15.0
27597,12195,70,2,24783.28,20.0
27598,12195,797,5,13841.65,0.0
27599,12195,24,4,18317.93,0.0
27600,12196,105,3,9554.98,0.0
27601,12196,179,2,3471.92,0.0
27602,12196,584,5,8995.37,20.0
27603,12196,559,4,10518.45,15.0
27604,12197,328,4,15690.65,5.0
27605,12197,829,4,21989.77,5.0
27606,12198,49,2,12463.05,20.0
27607,12198,491,5,11018.52,10.0
27608,12198,615,5,13741.69,0.0
27609,12198,501,5,14745.03,5.0
27610,12199,859,3,1089.58,10.0
27611,12200,369,5,6953.46,0.0
27612,12201,274,3,8564.4,10.0
27613,12201,753,3,7182.61,0.0
27614,12202,310,2,20036.92,0.0
27615,12203,497,5,15989.14,20.0
27616,12203,537,5,17211.68,0.0
27617,12203,33,4,2593.22,0.0
27618,12203,158,2,20098.55,0.0
27619,12204,195,1,1306.46,5.0
27620,12204,222,1,7009.13,0.0
27621,12205,466,1,10734.42,0.0
27622,12206,887,1,9495.11,0.0
27623,12207,313,3,7494.19,20.0
27624,12208,494,2,2526.78,20.0
27625,12208,230,1,3957.6,5.0
27626,12209,860,4,11880.54,15.0
27627,12209,663,2,11192.43,10.0
27628,12210,114,5,7286.84,20.0
27629,12210,551,3,23156.44,15.0
27630,12211,444,3,17486.46,0.0
27631,12211,371,5,1636.75,10.0
27632,12211,331,3,6973.28,5.0
27633,12211,620,5,12173.09,0.0
27634,12212,190,4,7595.13,0.0
27635,12212,419,1,4421.89,0.0
27636,12212,824,2,297.67,15.0
27637,12213,430,4,19127.25,0.0
27638,12213,696,2,2491.11,0.0
27639,12213,1,1,23380.27,0.0
27640,12214,275,5,10808.89,15.0
27641,12214,541,4,12029.72,10.0
27642,12215,418,3,9194.68,10.0
27643,12215,457,4,19959.82,10.0
27644,12215,837,2,264.26,15.0
27645,12216,706,2,12213.81,0.0
27646,12216,55,5,2583.6,5.0
27647,12216,811,2,13234.53,15.0
27648,12217,98,2,17528.8,15.0
27649,12217,460,5,20514.31,10.0
27650,12217,128,5,13624.37,20.0
27651,12218,157,4,10768.54,0.0
27652,12219,66,1,13143.99,0.0
27653,12219,658,3,25361.82,0.0
27654,12220,559,5,10518.45,0.0
27655,12220,547,5,5521.08,0.0
27656,12220,26,3,12446.22,10.0
27657,12221,25,1,14978.82,0.0
27658,12221,338,1,17040.27,0.0
27659,12222,704,1,16292.88,0.0
27660,12223,126,3,9886.31,0.0
27661,12224,840,3,14874.45,15.0
27662,12225,454,4,12204.15,5.0
27663,12225,823,2,16691.74,20.0
27664,12226,211,5,5660.73,0.0
27665,12226,625,2,7044.62,5.0
27666,12226,168,4,2987.62,5.0
27667,12226,663,4,11192.43,5.0
27668,12226,361,1,10596.43,0.0
27669,12227,265,4,4344.64,10.0
27670,12227,898,1,9944.45,5.0
27671,12227,812,3,2387.49,20.0
27672,12227,518,5,2509.06,5.0
27673,12228,26,1,12446.22,0.0
27674,12228,37,2,14064.14,10.0
27675,12229,453,4,11216.79,5.0
27676,12230,82,4,14774.58,10.0
27677,12230,758,5,305.37,15.0
27678,12230,393,3,8735.87,0.0
27679,12231,219,3,5457.35,15.0
27680,12231,267,2,16561.1,0.0
27681,12232,679,5,5924.78,0.0
27682,12233,776,5,20110.05,15.0
27683,12233,207,1,21338.76,10.0
27684,12233,780,1,2481.3,20.0
27685,12234,700,4,14408.43,15.0
27686,12234,699,4,4909.23,0.0
27687,12235,843,4,11008.41,0.0
27688,12235,761,1,16718.68,20.0
27689,12236,291,1,3444.93,15.0
27690,12236,871,3,8110.39,0.0
27691,12237,199,1,10359.07,10.0
27692,12237,221,5,21061.36,0.0
27693,12237,714,5,26202.05,0.0
27694,12237,291,5,3444.93,0.0
27695,12238,898,5,9944.45,5.0
27696,12238,418,4,9194.68,20.0
27697,12239,671,3,16938.7,0.0
27698,12240,828,5,25138.47,0.0
27699,12240,544,2,14987.27,0.0
27700,12241,648,2,5724.05,15.0
27701,12241,38,2,4730.75,0.0
27702,12241,545,3,16977.96,0.0
27703,12241,875,2,9752.68,15.0
27704,12242,692,2,11530.12,10.0
27705,12242,162,3,13421.66,5.0
27706,12243,464,4,7633.05,20.0
27707,12244,475,4,6938.61,20.0
27708,12245,402,2,789.81,15.0
27709,12245,667,2,11155.15,15.0
27710,12245,282,4,19801.39,15.0
27711,12246,424,1,17174.37,0.0
27712,12246,222,4,7009.13,5.0
27713,12246,4,5,3406.7,15.0
27714,12247,788,2,5720.07,15.0
27715,12247,243,3,176.76,0.0
27716,12247,576,1,3125.72,15.0
27717,12247,595,3,16876.57,15.0
27718,12247,161,5,15289.65,0.0
27719,12248,315,3,14818.85,0.0
27720,12248,436,1,6536.15,5.0
27721,12249,35,2,21434.65,0.0
27722,12250,528,3,939.25,5.0
27723,12251,793,3,4803.54,0.0
27724,12252,745,1,11543.63,0.0
27725,12253,398,1,13400.93,0.0
27726,12253,274,4,8564.4,15.0
27727,12253,288,2,6504.36,0.0
27728,12253,468,5,9057.22,20.0
27729,12254,645,5,15208.69,15.0
27730,12255,511,2,16710.62,0.0
27731,12255,238,1,4482.75,15.0
27732,12255,696,2,2491.11,10.0
27733,12255,582,5,19075.76,5.0
27734,12255,506,5,2449.21,0.0
27735,12256,688,3,3002.55,0.0
27736,12257,831,1,6625.61,0.0
27737,12258,49,5,12463.05,0.0
27738,12258,90,1,14228.88,10.0
27739,12258,249,5,19528.8,20.0
27740,12259,231,3,18449.85,10.0
27741,12260,859,4,1089.58,0.0
27742,12260,363,2,16290.66,20.0
27743,12261,187,3,17579.96,0.0
27744,12261,573,2,2928.56,5.0
27745,12261,31,1,16628.09,5.0
27746,12262,603,1,7330.01,0.0
27747,12262,263,5,3234.93,20.0
27748,12262,252,1,14825.98,10.0
27749,12263,459,2,1008.42,0.0
27750,12264,395,3,16130.97,0.0
27751,12265,459,2,1008.42,5.0
27752,12265,193,5,20867.37,15.0
27753,12266,492,4,9662.3,0.0
27754,12266,634,2,17957.51,0.0
27755,12267,360,1,11713.02,20.0
27756,12267,62,1,13136.19,20.0
27757,12267,269,3,11513.31,0.0
27758,12267,552,5,4733.75,0.0
27759,12268,453,5,11216.79,0.0
27760,12269,84,2,16076.18,15.0
27761,12269,48,2,5117.57,10.0
27762,12270,470,2,14455.32,0.0
27763,12271,444,5,17486.46,20.0
27764,12271,680,1,2617.11,0.0
27765,12272,455,3,6876.9,20.0
27766,12272,671,2,16938.7,5.0
27767,12273,808,4,376.7,5.0
27768,12274,794,1,20250.02,20.0
27769,12275,886,2,7687.78,5.0
27770,12276,619,5,12004.29,0.0
27771,12276,381,2,17535.49,0.0
27772,12276,345,2,7900.55,0.0
27773,12276,878,2,13434.69,5.0
27774,12276,629,2,12346.5,10.0
27775,12277,51,1,11484.39,20.0
27776,12278,158,4,20098.55,20.0
27777,12278,646,3,5805.21,0.0
27778,12279,722,4,2404.11,5.0
27779,12279,817,2,14780.14,0.0
27780,12279,492,4,9662.3,0.0
27781,12279,146,4,15804.83,0.0
27782,12280,232,3,12332.61,0.0
27783,12280,340,3,3550.22,10.0
27784,12281,3,3,16184.82,0.0
27785,12282,93,1,7632.26,10.0
27786,12282,19,1,22067.03,0.0
27787,12282,852,5,3347.58,0.0
27788,12282,470,5,14455.32,0.0
27789,12283,3,4,16184.82,0.0
27790,12283,641,5,12480.0,5.0
27791,12283,480,4,11927.56,10.0
27792,12283,486,5,18912.84,0.0
27793,12284,475,5,6938.61,5.0
27794,12284,304,3,23466.92,20.0
27795,12285,827,5,17333.78,15.0
27796,12286,302,2,16440.69,0.0
27797,12286,119,2,21039.52,15.0
27798,12286,58,5,2190.76,5.0
27799,12286,735,3,9036.58,15.0
27800,12287,897,4,966.91,20.0
27801,12287,219,1,5457.35,0.0
27802,12287,287,5,4169.74,15.0
27803,12288,520,3,1057.04,20.0
27804,12288,797,2,13841.65,15.0
27805,12289,666,1,16085.16,20.0
27806,12289,189,4,2064.84,5.0
27807,12289,21,2,20625.3,0.0
27808,12290,783,5,803.8,0.0
27809,12291,130,5,12847.98,20.0
27810,12292,49,3,12463.05,20.0
27811,12293,642,4,12368.27,10.0
27812,12293,677,2,13881.44,10.0
27813,12294,177,2,9631.34,0.0
27814,12294,698,1,4293.78,20.0
27815,12294,50,2,17835.15,5.0
27816,12295,256,4,6510.46,15.0
27817,12296,241,4,11844.31,0.0
27818,12296,184,5,14178.66,10.0
27819,12296,102,4,7542.37,0.0
27820,12296,678,4,2508.38,0.0
27821,12296,521,4,20156.83,10.0
27822,12297,217,3,4337.11,10.0
27823,12297,552,2,4733.75,0.0
27824,12297,312,5,13798.25,5.0
27825,12298,383,5,11935.37,10.0
27826,12299,284,5,15548.25,15.0
27827,12299,785,2,16279.21,10.0
27828,12300,174,5,11611.6,5.0
27829,12300,317,4,14112.86,0.0
27830,12301,133,2,18760.28,15.0
27831,12302,246,5,3854.15,5.0
27832,12302,133,4,18760.28,0.0
27833,12302,558,5,13963.41,0.0
27834,12303,316,4,7282.96,20.0
27835,12303,352,1,11635.83,0.0
27836,12304,683,1,16086.04,15.0
27837,12304,549,3,16311.06,5.0
27838,12304,684,1,8576.21,10.0
27839,12304,383,5,11935.37,0.0
27840,12305,546,5,16500.34,5.0
27841,12305,169,5,16308.93,0.0
27842,12306,289,2,10379.0,0.0
27843,12306,415,2,7434.55,0.0
27844,12306,545,5,16977.96,15.0
27845,12307,82,3,14774.58,0.0
27846,12308,695,3,17246.64,20.0
27847,12308,442,3,11650.88,20.0
27848,12309,348,3,19662.84,5.0
27849,12310,394,1,15875.45,0.0
27850,12310,825,1,14217.62,0.0
27851,12311,245,5,13338.0,0.0
27852,12312,89,1,18350.27,0.0
27853,12313,399,5,20674.86,0.0
27854,12313,407,3,7770.71,10.0
27855,12314,194,5,2770.23,0.0
27856,12314,204,2,1265.16,15.0
27857,12315,219,5,5457.35,10.0
27858,12315,280,5,14095.63,20.0
27859,12315,876,1,6589.16,5.0
27860,12315,831,3,6625.61,10.0
27861,12316,397,2,8299.19,10.0
27862,12317,581,3,11564.32,10.0
27863,12317,2,2,21248.93,10.0
27864,12317,112,4,12897.57,20.0
27865,12318,756,5,8569.79,0.0
27866,12319,838,1,19410.6,20.0
27867,12320,285,5,16720.01,15.0
27868,12320,805,1,15525.28,0.0
27869,12321,321,1,9347.28,15.0
27870,12322,228,5,5918.99,15.0
27871,12323,745,1,11543.63,5.0
27872,12324,389,3,3509.61,0.0
27873,12324,769,4,19111.37,15.0
27874,12325,322,5,14630.46,10.0
27875,12325,807,4,15923.26,0.0
27876,12325,254,1,21957.69,20.0
27877,12326,228,1,5918.99,0.0
27878,12326,664,4,9991.3,10.0
27879,12326,316,2,7282.96,0.0
27880,12326,410,5,15870.26,0.0
27881,12327,791,3,11554.95,0.0
27882,12328,526,3,14453.05,20.0
27883,12328,872,4,15107.17,20.0
27884,12329,574,1,6143.25,0.0
27885,12330,436,2,6536.15,0.0
27886,12330,893,5,17792.63,15.0
27887,12331,693,1,14898.91,0.0
27888,12331,159,5,19350.16,15.0
27889,12331,890,1,10049.64,5.0
27890,12332,639,3,2960.19,5.0
27891,12332,264,2,19387.68,5.0
27892,12333,810,3,15563.4,15.0
27893,12333,246,2,3854.15,20.0
27894,12333,234,4,10860.79,0.0
27895,12334,637,2,9909.0,0.0
27896,12335,66,1,13143.99,20.0
27897,12336,780,2,2481.3,0.0
27898,12337,686,1,354.18,15.0
27899,12337,595,3,16876.57,0.0
27900,12338,502,3,8596.35,0.0
27901,12338,618,1,13048.71,20.0
27902,12339,279,3,3292.56,0.0
27903,12340,739,1,22380.63,0.0
27904,12340,406,1,5693.41,0.0
27905,12340,708,5,16924.57,0.0
27906,12340,144,3,19819.04,0.0
27907,12341,107,2,11842.72,5.0
27908,12342,688,5,3002.55,20.0
27909,12342,478,3,10570.88,10.0
27910,12342,595,1,16876.57,20.0
27911,12343,893,2,17792.63,20.0
27912,12343,184,2,14178.66,5.0
27913,12344,403,2,7812.31,20.0
27914,12345,791,2,11554.95,0.0
27915,12345,388,1,15425.62,0.0
27916,12345,200,1,4522.92,5.0
27917,12346,353,2,7643.82,0.0
27918,12346,867,4,3837.28,5.0
27919,12346,364,2,18476.31,10.0
27920,12347,53,3,7934.72,0.0
27921,12347,492,4,9662.3,0.0
27922,12348,416,3,11392.81,20.0
27923,12348,123,1,15484.22,5.0
27924,12348,307,1,21906.91,0.0
27925,12348,413,5,347.03,5.0
27926,12348,458,2,706.12,0.0
27927,12349,652,5,6638.78,20.0
27928,12350,614,3,21084.78,0.0
27929,12350,854,3,16327.56,5.0
27930,12350,897,1,966.91,15.0
27931,12350,845,3,24202.98,0.0
27932,12351,614,1,21084.78,20.0
27933,12351,746,3,6075.54,0.0
27934,12352,355,4,3894.18,20.0
27935,12352,357,2,10102.76,15.0
27936,12352,74,4,21546.9,15.0
27937,12353,131,4,18666.46,20.0
27938,12353,65,5,16507.63,10.0
27939,12354,772,3,18195.11,0.0
27940,12354,418,4,9194.68,0.0
27941,12355,576,5,3125.72,0.0
27942,12355,740,2,7772.66,0.0
27943,12355,38,1,4730.75,15.0
27944,12356,288,1,6504.36,0.0
27945,12356,484,5,19113.34,5.0
27946,12356,133,5,18760.28,10.0
27947,12356,845,5,24202.98,0.0
27948,12357,593,4,17278.87,0.0
27949,12357,417,4,1519.73,0.0
27950,12358,368,3,9973.43,0.0
27951,12359,578,4,17099.03,0.0
27952,12359,827,1,17333.78,5.0
27953,12359,871,3,8110.39,5.0
27954,12359,16,1,19747.45,0.0
27955,12360,363,3,16290.66,0.0
27956,12360,620,1,12173.09,5.0
27957,12361,388,4,15425.62,0.0
27958,12362,693,5,14898.91,10.0
27959,12363,437,3,10772.97,0.0
27960,12364,243,3,176.76,5.0
27961,12364,589,1,326.42,0.0
27962,12364,708,5,16924.57,0.0
27963,12364,536,3,24253.72,10.0
27964,12364,135,3,4472.34,10.0
27965,12365,146,5,15804.83,0.0
27966,12365,390,4,3964.49,0.0
27967,12365,640,5,12833.48,20.0
27968,12366,421,5,4302.81,5.0
27969,12366,338,2,17040.27,15.0
27970,12367,232,4,12332.61,20.0
27971,12367,164,3,25966.48,5.0
27972,12367,350,5,2904.08,5.0
27973,12368,414,3,166.83,15.0
27974,12369,498,3,21474.1,0.0
27975,12369,649,5,14601.66,5.0
27976,12369,356,2,4711.26,5.0
27977,12370,757,3,7147.34,15.0
27978,12371,45,5,19804.2,10.0
27979,12372,635,4,15794.51,0.0
27980,12373,549,1,16311.06,0.0
27981,12373,440,2,21618.7,0.0
27982,12373,641,3,12480.0,5.0
27983,12374,701,3,621.06,0.0
27984,12374,330,3,12351.31,15.0
27985,12375,857,3,9589.19,0.0
27986,12376,22,1,11230.85,10.0
27987,12377,655,3,8938.91,15.0
27988,12378,611,4,6171.82,5.0
27989,12379,18,1,4419.93,15.0
27990,12379,288,1,6504.36,0.0
27991,12379,94,4,15069.27,5.0
27992,12380,623,2,5372.41,5.0
27993,12380,406,1,5693.41,5.0
27994,12380,701,2,621.06,10.0
27995,12381,479,2,8268.21,15.0
27996,12382,306,4,9467.51,0.0
27997,12382,798,4,4100.19,5.0
27998,12382,15,1,9257.31,0.0
27999,12382,762,5,15418.59,0.0
28000,12382,463,4,8811.92,0.0
28001,12383,618,1,13048.71,20.0
28002,12383,8,4,19040.64,0.0
28003,12384,443,5,1560.39,5.0
28004,12384,372,5,9597.28,0.0
28005,12385,80,3,7681.36,10.0
28006,12385,282,4,19801.39,5.0
28007,12386,691,2,16753.29,0.0
28008,12387,30,2,18303.29,20.0
28009,12387,887,5,9495.11,10.0
28010,12387,295,5,18202.38,10.0
28011,12387,553,5,11099.68,5.0
28012,12387,431,1,24437.6,20.0
28013,12388,53,1,7934.72,5.0
28014,12389,816,4,13450.11,15.0
28015,12389,747,1,15965.2,0.0
28016,12389,310,3,20036.92,5.0
28017,12389,315,1,14818.85,5.0
28018,12390,72,1,9041.77,20.0
28019,12390,663,5,11192.43,10.0
28020,12390,9,5,17153.33,0.0
28021,12391,467,4,24009.79,0.0
28022,12391,227,1,2720.12,0.0
28023,12391,596,2,3968.53,0.0
28024,12392,536,2,24253.72,5.0
28025,12392,10,3,7250.5,5.0
28026,12392,678,1,2508.38,20.0
28027,12393,227,2,2720.12,10.0
28028,12393,421,1,4302.81,0.0
28029,12394,266,1,20675.58,0.0
28030,12394,595,5,16876.57,0.0
28031,12395,839,5,14313.81,20.0
28032,12396,44,4,8591.33,5.0
28033,12396,23,5,11954.03,5.0
28034,12396,654,1,16228.87,0.0
28035,12397,615,5,13741.69,20.0
28036,12398,287,4,4169.74,0.0
28037,12399,334,2,14837.25,5.0
28038,12399,553,5,11099.68,10.0
28039,12400,584,2,8995.37,5.0
28040,12400,310,2,20036.92,0.0
28041,12401,661,4,13705.81,20.0
28042,12401,828,4,25138.47,20.0
28043,12402,730,3,11885.24,20.0
28044,12402,733,2,10948.51,10.0
28045,12403,126,3,9886.31,0.0
28046,12404,853,2,13558.97,10.0
28047,12405,346,4,8215.18,15.0
28048,12405,214,4,17220.63,0.0
28049,12405,630,2,16772.79,0.0
28050,12406,184,3,14178.66,0.0
28051,12406,744,4,6614.57,5.0
28052,12406,201,2,11298.96,15.0
28053,12407,732,2,8129.26,15.0
28054,12407,794,4,20250.02,0.0
28055,12407,717,1,3248.01,0.0
28056,12407,355,3,3894.18,0.0
28057,12408,626,3,12352.87,0.0
28058,12409,85,5,4996.1,20.0
28059,12409,33,3,2593.22,20.0
28060,12410,279,3,3292.56,15.0
28061,12411,230,4,3957.6,5.0
28062,12411,34,4,1148.2,15.0
28063,12412,684,5,8576.21,0.0
28064,12412,483,3,7695.04,10.0
28065,12413,725,2,8996.66,5.0
28066,12414,876,3,6589.16,15.0
28067,12414,332,1,25511.86,0.0
28068,12415,646,4,5805.21,0.0
28069,12415,409,1,19362.42,15.0
28070,12415,790,2,1388.1,0.0
28071,12416,550,4,9953.79,20.0
28072,12416,536,1,24253.72,15.0
28073,12416,7,1,19612.77,0.0
28074,12416,852,2,3347.58,0.0
28075,12416,177,4,9631.34,20.0
28076,12417,368,4,9973.43,20.0
28077,12417,615,5,13741.69,0.0
28078,12417,99,3,20609.05,15.0
28079,12418,852,4,3347.58,15.0
28080,12418,256,4,6510.46,0.0
28081,12418,129,2,10907.63,20.0
28082,12418,128,5,13624.37,5.0
28083,12419,567,4,14958.32,10.0
28084,12419,690,1,12791.5,0.0
28085,12420,641,2,12480.0,20.0
28086,12420,727,2,19119.71,5.0
28087,12420,500,4,6694.37,5.0
28088,12421,768,5,16413.87,0.0
28089,12422,754,1,12241.6,0.0
28090,12422,435,3,13058.88,5.0
28091,12423,778,3,20152.02,0.0
28092,12424,418,1,9194.68,0.0
28093,12424,312,3,13798.25,0.0
28094,12424,399,4,20674.86,5.0
28095,12425,817,4,14780.14,0.0
28096,12426,827,3,17333.78,20.0
28097,12426,578,2,17099.03,0.0
28098,12427,458,1,706.12,20.0
28099,12427,659,1,2808.44,0.0
28100,12427,109,2,10740.23,0.0
28101,12427,738,2,19896.87,0.0
28102,12428,261,3,21999.28,5.0
28103,12429,849,1,11044.19,15.0
28104,12430,671,5,16938.7,0.0
28105,12431,780,3,2481.3,20.0
28106,12432,475,1,6938.61,20.0
28107,12432,239,2,15822.1,15.0
28108,12433,817,5,14780.14,0.0
28109,12434,374,1,276.26,5.0
28110,12434,542,1,3615.52,0.0
28111,12435,299,5,7106.85,20.0
28112,12435,289,3,10379.0,0.0
28113,12435,450,2,5004.29,0.0
28114,12435,477,4,17806.82,0.0
28115,12436,423,5,1984.71,10.0
28116,12436,599,5,442.03,0.0
28117,12436,133,1,18760.28,20.0
28118,12436,97,3,12470.7,15.0
28119,12437,897,5,966.91,0.0
28120,12437,377,2,23965.45,0.0
28121,12437,337,3,1562.71,10.0
28122,12438,408,3,11218.26,0.0
28123,12438,524,5,10408.88,0.0
28124,12439,64,5,18539.77,20.0
28125,12439,734,4,13296.98,15.0
28126,12440,315,3,14818.85,15.0
28127,12441,458,3,706.12,0.0
28128,12442,154,3,1144.63,10.0
28129,12443,863,3,10272.35,15.0
28130,12443,586,1,15918.44,0.0
28131,12443,288,3,6504.36,5.0
28132,12443,387,4,22309.26,10.0
28133,12444,431,4,24437.6,5.0
28134,12445,789,3,12946.63,0.0
28135,12446,867,2,3837.28,10.0
28136,12446,376,4,10430.96,5.0
28137,12447,763,1,19381.27,10.0
28138,12447,159,1,19350.16,10.0
28139,12448,558,4,13963.41,10.0
28140,12448,194,5,2770.23,0.0
28141,12448,409,5,19362.42,15.0
28142,12448,345,1,7900.55,5.0
28143,12449,501,5,14745.03,0.0
28144,12450,884,5,15919.32,15.0
28145,12450,14,2,10692.32,15.0
28146,12451,390,2,3964.49,15.0
28147,12451,100,4,14472.84,15.0
28148,12452,477,5,17806.82,15.0
28149,12452,457,5,19959.82,20.0
28150,12452,346,1,8215.18,20.0
28151,12452,868,1,18520.33,10.0
28152,12453,848,4,15587.71,0.0
28153,12453,514,5,25746.27,0.0
28154,12454,253,3,17161.82,5.0
28155,12454,488,3,13455.56,0.0
28156,12455,382,3,9206.05,0.0
28157,12456,768,5,16413.87,10.0
28158,12456,720,2,21429.07,20.0
28159,12457,424,3,17174.37,0.0
28160,12457,574,4,6143.25,10.0
28161,12457,275,1,10808.89,20.0
28162,12457,200,1,4522.92,5.0
28163,12457,421,2,4302.81,5.0
28164,12458,162,5,13421.66,5.0
28165,12458,195,2,1306.46,0.0
28166,12459,870,4,4993.59,0.0
28167,12459,836,4,17573.65,10.0
28168,12459,425,4,4926.04,0.0
28169,12460,742,3,12611.2,0.0
28170,12460,26,1,12446.22,15.0
28171,12461,34,4,1148.2,10.0
28172,12461,9,3,17153.33,0.0
28173,12462,567,2,14958.32,0.0
28174,12462,239,4,15822.1,0.0
28175,12462,130,1,12847.98,10.0
28176,12463,288,2,6504.36,20.0
28177,12463,420,4,9360.46,20.0
28178,12463,657,2,11502.62,0.0
28179,12464,542,2,3615.52,0.0
28180,12464,285,3,16720.01,5.0
28181,12465,307,2,21906.91,20.0
28182,12466,264,3,19387.68,15.0
28183,12467,265,5,4344.64,5.0
28184,12468,409,4,19362.42,0.0
28185,12468,182,5,16329.46,5.0
28186,12468,343,3,15859.82,5.0
28187,12468,627,4,14763.79,0.0
28188,12468,587,4,3058.79,10.0
28189,12469,333,5,6422.47,20.0
28190,12469,127,3,14981.11,0.0
28191,12469,67,5,18601.02,10.0
28192,12469,779,4,19107.25,0.0
28193,12470,477,4,17806.82,0.0
28194,12470,348,2,19662.84,10.0
28195,12470,590,5,9869.32,5.0
28196,12471,849,2,11044.19,0.0
28197,12471,220,4,12963.27,0.0
28198,12471,369,1,6953.46,0.0
28199,12472,820,1,20062.61,0.0
28200,12472,387,4,22309.26,0.0
28201,12472,34,2,1148.2,15.0
28202,12473,605,1,7517.98,10.0
28203,12474,171,1,18491.26,0.0
28204,12475,748,3,15319.21,0.0
28205,12475,817,1,14780.14,20.0
28206,12476,641,5,12480.0,0.0
28207,12477,184,4,14178.66,5.0
28208,12477,8,5,19040.64,0.0
28209,12478,524,2,10408.88,5.0
28210,12478,585,5,10944.6,0.0
28211,12478,320,5,9179.45,0.0
28212,12478,121,2,10353.6,10.0
28213,12479,582,2,19075.76,0.0
28214,12479,294,5,10981.7,15.0
28215,12479,655,1,8938.91,10.0
28216,12479,219,4,5457.35,0.0
28217,12480,386,4,14759.78,5.0
28218,12480,681,4,17950.56,0.0
28219,12481,719,4,7305.31,20.0
28220,12482,370,2,2983.33,0.0
28221,12482,229,3,5530.88,5.0
28222,12482,1,4,23380.27,5.0
28223,12482,37,4,14064.14,20.0
28224,12483,275,3,10808.89,0.0
28225,12483,361,5,10596.43,0.0
28226,12483,721,3,18878.1,0.0
28227,12483,634,4,17957.51,0.0
28228,12484,595,4,16876.57,0.0
28229,12485,199,5,10359.07,20.0
28230,12485,47,2,7909.38,20.0
28231,12486,686,5,354.18,15.0
28232,12487,453,5,11216.79,10.0
28233,12487,408,3,11218.26,0.0
28234,12488,104,3,1617.45,0.0
28235,12488,897,4,966.91,20.0
28236,12488,354,2,17320.16,10.0
28237,12489,395,5,16130.97,0.0
28238,12489,352,4,11635.83,0.0
28239,12489,183,5,23501.6,10.0
28240,12490,454,4,12204.15,5.0
28241,12491,643,1,1936.54,5.0
28242,12491,122,5,17327.18,10.0
28243,12491,577,3,20570.33,0.0
28244,12492,693,4,14898.91,0.0
28245,12492,378,2,1654.61,20.0
28246,12493,787,2,18758.34,0.0
28247,12494,195,4,1306.46,20.0
28248,12494,671,5,16938.7,5.0
28249,12494,280,1,14095.63,10.0
28250,12494,672,5,5939.35,15.0
28251,12495,145,5,12067.47,15.0
28252,12495,344,4,5524.58,10.0
28253,12495,331,5,6973.28,0.0
28254,12496,412,4,17012.64,15.0
28255,12496,328,4,15690.65,20.0
28256,12497,613,1,5929.69,0.0
28257,12498,540,4,2472.01,10.0
28258,12498,409,5,19362.42,15.0
28259,12498,178,3,14238.81,15.0
28260,12499,899,4,21905.82,0.0
28261,12499,426,1,9117.48,20.0
28262,12499,359,2,14548.05,0.0
28263,12500,270,5,16271.78,0.0
28264,12501,682,4,9240.58,15.0
28265,12502,634,3,17957.51,0.0
28266,12502,395,3,16130.97,0.0
28267,12502,220,1,12963.27,0.0
28268,12503,757,5,7147.34,0.0
28269,12503,167,1,14506.97,0.0
28270,12504,345,5,7900.55,20.0
28271,12504,600,3,13416.18,5.0
28272,12505,436,2,6536.15,5.0
28273,12505,611,1,6171.82,10.0
28274,12505,510,1,19375.24,20.0
28275,12506,225,1,6873.83,10.0
28276,12506,258,5,17700.95,0.0
28277,12506,267,1,16561.1,5.0
28278,12507,749,2,20244.79,10.0
28279,12507,800,5,12138.75,10.0
28280,12508,624,3,15309.66,0.0
28281,12509,881,5,21532.91,20.0
28282,12509,234,4,10860.79,0.0
28283,12509,501,2,14745.03,0.0
28284,12509,544,4,14987.27,15.0
28285,12509,588,1,4546.5,15.0
28286,12510,223,2,13128.85,0.0
28287,12510,416,5,11392.81,20.0
28288,12510,15,5,9257.31,10.0
28289,12511,125,5,2129.68,5.0
28290,12512,467,2,24009.79,0.0
28291,12512,609,5,8508.77,10.0
28292,12512,697,3,2018.95,5.0
28293,12513,632,3,10665.66,0.0
28294,12514,600,5,13416.18,0.0
28295,12514,518,3,2509.06,15.0
28296,12514,749,4,20244.79,10.0
28297,12514,576,2,3125.72,0.0
28298,12515,540,5,2472.01,10.0
28299,12516,10,4,7250.5,0.0
28300,12516,266,4,20675.58,0.0
28301,12517,207,5,21338.76,5.0
28302,12518,804,4,21201.2,0.0
28303,12519,390,5,3964.49,15.0
28304,12520,510,4,19375.24,0.0
28305,12521,698,5,4293.78,0.0
28306,12521,322,2,14630.46,0.0
28307,12522,786,4,14084.23,0.0
28308,12522,536,3,24253.72,0.0
28309,12522,236,5,4832.52,5.0
28310,12522,684,3,8576.21,0.0
28311,12523,437,4,10772.97,0.0
28312,12523,36,5,8033.06,0.0
28313,12523,200,3,4522.92,0.0
28314,12523,790,3,1388.1,5.0
28315,12523,442,1,11650.88,15.0
28316,12524,260,3,7198.0,0.0
28317,12524,656,2,23607.08,0.0
28318,12524,827,2,17333.78,20.0
28319,12525,257,1,13045.67,0.0
28320,12525,699,1,4909.23,0.0
28321,12526,218,5,25840.61,15.0
28322,12527,100,4,14472.84,10.0
28323,12527,357,4,10102.76,0.0
28324,12528,114,5,7286.84,5.0
28325,12528,507,4,12654.25,0.0
28326,12528,465,1,2006.55,15.0
28327,12529,874,3,12083.32,15.0
28328,12530,384,1,5638.85,5.0
28329,12530,488,4,13455.56,0.0
28330,12530,729,5,12919.83,10.0
28331,12531,382,3,9206.05,20.0
28332,12531,460,4,20514.31,0.0
28333,12532,79,5,15602.76,20.0
28334,12532,316,5,7282.96,20.0
28335,12533,675,4,12507.1,20.0
28336,12533,805,1,15525.28,0.0
28337,12534,181,3,11885.47,20.0
28338,12535,550,1,9953.79,0.0
28339,12535,459,1,1008.42,0.0
28340,12536,489,5,7785.34,0.0
28341,12536,660,5,5178.7,20.0
28342,12536,174,3,11611.6,0.0
28343,12537,191,5,12145.42,15.0
28344,12537,59,1,5569.5,0.0
28345,12537,307,5,21906.91,0.0
28346,12538,446,3,18287.32,20.0
28347,12538,529,5,8097.4,20.0
28348,12539,78,1,18768.02,5.0
28349,12540,560,2,6942.79,0.0
28350,12540,316,2,7282.96,20.0
28351,12541,676,4,14315.33,0.0
28352,12541,716,5,4599.1,5.0
28353,12541,90,4,14228.88,10.0
28354,12541,888,5,2244.3,10.0
28355,12542,563,2,5661.49,0.0
28356,12543,122,1,17327.18,0.0
28357,12544,383,5,11935.37,20.0
28358,12545,579,1,16420.05,0.0
28359,12545,877,1,10559.02,0.0
28360,12545,48,4,5117.57,0.0
28361,12545,548,5,17776.31,15.0
28362,12545,589,1,326.42,10.0
28363,12546,394,1,15875.45,0.0
28364,12546,23,3,11954.03,0.0
28365,12547,791,5,11554.95,15.0
28366,12548,94,2,15069.27,0.0
28367,12549,669,5,17245.4,20.0
28368,12549,155,5,3485.16,0.0
28369,12549,97,1,12470.7,15.0
28370,12550,254,4,21957.69,0.0
28371,12550,153,3,1446.08,0.0
28372,12551,305,5,2031.07,15.0
28373,12552,596,4,3968.53,5.0
28374,12553,809,3,24052.5,0.0
28375,12553,352,5,11635.83,0.0
28376,12553,198,2,12806.33,0.0
28377,12554,387,4,22309.26,0.0
28378,12555,553,2,11099.68,0.0
28379,12555,485,2,12732.78,0.0
28380,12556,234,4,10860.79,0.0
28381,12556,339,1,13518.37,10.0
28382,12557,356,5,4711.26,15.0
28383,12558,325,4,2187.51,20.0
28384,12558,321,5,9347.28,15.0
28385,12558,30,5,18303.29,15.0
28386,12559,795,1,21693.2,20.0
28387,12559,125,1,2129.68,0.0
28388,12559,166,4,2581.81,15.0
28389,12560,569,4,17022.92,0.0
28390,12560,789,4,12946.63,0.0
28391,12561,642,2,12368.27,0.0
28392,12562,338,1,17040.27,0.0
28393,12563,195,3,1306.46,20.0
28394,12564,580,4,17938.87,5.0
28395,12564,184,3,14178.66,10.0
28396,12564,506,3,2449.21,0.0
28397,12565,728,3,1177.36,10.0
28398,12566,870,1,4993.59,15.0
28399,12566,475,3,6938.61,20.0
28400,12566,136,1,8942.91,10.0
28401,12567,624,1,15309.66,0.0
28402,12568,671,1,16938.7,10.0
28403,12568,568,5,1091.56,0.0
28404,12569,515,1,19735.52,20.0
28405,12569,812,5,2387.49,0.0
28406,12570,726,2,5419.14,0.0
28407,12571,56,5,18137.71,0.0
28408,12571,3,2,16184.82,15.0
28409,12572,358,2,5722.36,0.0
28410,12572,836,2,17573.65,0.0
28411,12572,306,2,9467.51,0.0
28412,12573,617,4,17544.22,15.0
28413,12573,112,3,12897.57,10.0
28414,12574,891,5,12910.53,15.0
28415,12575,160,1,20635.35,0.0
28416,12576,207,4,21338.76,10.0
28417,12577,471,4,13086.13,0.0
28418,12577,68,5,21790.7,15.0
28419,12577,269,2,11513.31,15.0
28420,12578,191,5,12145.42,0.0
28421,12579,663,2,11192.43,0.0
28422,12580,366,3,16239.91,0.0
28423,12581,433,2,8284.46,20.0
28424,12581,363,4,16290.66,0.0
28425,12581,572,1,19015.09,15.0
28426,12581,740,4,7772.66,10.0
28427,12582,248,4,19406.63,0.0
28428,12583,17,5,19447.69,0.0
28429,12583,681,5,17950.56,0.0
28430,12584,33,1,2593.22,15.0
28431,12584,95,5,18635.44,0.0
28432,12584,558,4,13963.41,0.0
28433,12585,562,3,6895.25,10.0
28434,12585,279,3,3292.56,0.0
28435,12585,537,2,17211.68,20.0
28436,12585,220,5,12963.27,0.0
28437,12586,285,3,16720.01,20.0
28438,12587,627,5,14763.79,20.0
28439,12587,385,5,12324.69,10.0
28440,12587,751,2,3818.67,15.0
28441,12587,263,1,3234.93,0.0
28442,12588,848,2,15587.71,5.0
28443,12588,2,3,21248.93,0.0
28444,12588,229,3,5530.88,0.0
28445,12589,307,4,21906.91,15.0
28446,12589,36,3,8033.06,10.0
28447,12589,627,3,14763.79,15.0
28448,12589,713,3,26684.64,5.0
28449,12590,830,1,3011.17,20.0
28450,12590,691,4,16753.29,15.0
28451,12590,245,2,13338.0,20.0
28452,12590,756,4,8569.79,0.0
28453,12590,555,2,1454.57,0.0
28454,12591,615,4,13741.69,5.0
28455,12591,352,4,11635.83,5.0
28456,12592,290,5,12993.94,0.0
28457,12592,493,3,7964.23,5.0
28458,12592,549,5,16311.06,5.0
28459,12593,553,2,11099.68,0.0
28460,12593,816,2,13450.11,15.0
28461,12594,704,4,16292.88,0.0
28462,12594,252,2,14825.98,15.0
28463,12594,296,2,15359.82,20.0
28464,12594,135,3,4472.34,15.0
28465,12595,336,5,226.24,0.0
28466,12595,123,3,15484.22,0.0
28467,12595,783,4,803.8,5.0
28468,12595,56,3,18137.71,0.0
28469,12595,844,2,8306.97,10.0
28470,12596,712,3,13003.78,0.0
28471,12596,72,4,9041.77,0.0
28472,12597,202,2,18119.01,15.0
28473,12597,677,5,13881.44,20.0
28474,12597,255,5,17032.48,0.0
28475,12598,744,5,6614.57,0.0
28476,12598,138,1,25438.29,10.0
28477,12598,100,1,14472.84,20.0
28478,12599,405,2,6628.43,20.0
28479,12599,617,2,17544.22,5.0
28480,12599,341,4,22578.93,10.0
28481,12600,522,3,14877.94,15.0
28482,12601,188,5,11495.49,15.0
28483,12601,136,2,8942.91,0.0
28484,12601,249,4,19528.8,15.0
28485,12602,74,3,21546.9,10.0
28486,12603,8,3,19040.64,0.0
28487,12604,171,2,18491.26,10.0
28488,12605,541,4,12029.72,15.0
28489,12605,760,2,779.87,0.0
28490,12605,502,2,8596.35,5.0
28491,12606,823,2,16691.74,5.0
28492,12606,7,1,19612.77,0.0
28493,12606,596,1,3968.53,0.0
28494,12606,209,2,7178.41,5.0
28495,12607,830,2,3011.17,5.0
28496,12607,102,5,7542.37,20.0
28497,12607,140,2,10101.86,5.0
28498,12608,529,4,8097.4,20.0
28499,12608,143,2,7946.56,0.0
28500,12609,513,3,10655.97,0.0
28501,12610,534,5,10869.74,0.0
28502,12610,899,3,21905.82,0.0
28503,12611,412,1,17012.64,0.0
28504,12611,678,5,2508.38,0.0
28505,12611,104,1,1617.45,20.0
28506,12612,38,5,4730.75,0.0
28507,12612,277,3,13719.42,5.0
28508,12613,566,5,1155.19,10.0
28509,12613,541,1,12029.72,0.0
28510,12613,30,5,18303.29,0.0
28511,12614,603,2,7330.01,15.0
28512,12614,888,4,2244.3,10.0
28513,12615,253,4,17161.82,0.0
28514,12616,47,2,7909.38,20.0
28515,12616,824,4,297.67,15.0
28516,12616,151,1,21510.83,15.0
28517,12617,522,4,14877.94,5.0
28518,12617,506,4,2449.21,0.0
28519,12618,630,1,16772.79,5.0
28520,12619,299,3,7106.85,20.0
28521,12619,871,2,8110.39,0.0
28522,12620,123,4,15484.22,0.0
28523,12621,753,1,7182.61,0.0
28524,12622,446,5,18287.32,5.0
28525,12622,272,1,8968.84,15.0
28526,12623,825,4,14217.62,0.0
28527,12623,118,2,22241.66,10.0
28528,12624,132,5,7609.15,10.0
28529,12624,52,4,12629.7,10.0
28530,12625,872,2,15107.17,20.0
28531,12625,146,3,15804.83,10.0
28532,12626,764,5,3971.86,0.0
28533,12626,67,4,18601.02,15.0
28534,12626,881,5,21532.91,0.0
28535,12627,212,3,23358.43,5.0
28536,12627,729,2,12919.83,0.0
28537,12627,487,4,1420.39,10.0
28538,12628,804,5,21201.2,15.0
28539,12628,424,5,17174.37,15.0
28540,12628,539,5,249.52,10.0
28541,12628,506,5,2449.21,20.0
28542,12628,243,2,176.76,0.0
28543,12629,265,5,4344.64,20.0
28544,12629,253,5,17161.82,0.0
28545,12630,62,2,13136.19,5.0
28546,12630,789,3,12946.63,15.0
28547,12631,428,1,21239.63,15.0
28548,12632,3,5,16184.82,0.0
28549,12632,737,1,16594.34,0.0
28550,12633,806,4,11627.22,10.0
28551,12633,53,4,7934.72,0.0
28552,12634,223,2,13128.85,15.0
28553,12634,553,1,11099.68,0.0
28554,12634,708,4,16924.57,15.0
28555,12635,788,3,5720.07,0.0
28556,12635,706,2,12213.81,0.0
28557,12635,692,2,11530.12,20.0
28558,12635,229,1,5530.88,20.0
28559,12635,417,1,1519.73,0.0
28560,12636,45,2,19804.2,20.0
28561,12636,605,3,7517.98,0.0
28562,12636,802,3,4116.0,15.0
28563,12636,241,1,11844.31,5.0
28564,12636,210,4,12962.87,0.0
28565,12637,634,2,17957.51,20.0
28566,12637,507,4,12654.25,20.0
28567,12637,53,1,7934.72,0.0
28568,12637,843,1,11008.41,0.0
28569,12638,861,2,8502.27,0.0
28570,12639,744,3,6614.57,10.0
28571,12639,460,2,20514.31,5.0
28572,12639,376,3,10430.96,0.0
28573,12640,39,1,7958.95,20.0
28574,12641,607,1,9557.3,0.0
28575,12641,816,4,13450.11,0.0
28576,12642,220,3,12963.27,0.0
28577,12642,187,3,17579.96,0.0
28578,12642,642,3,12368.27,20.0
28579,12642,526,1,14453.05,20.0
28580,12643,861,5,8502.27,10.0
28581,12643,381,4,17535.49,10.0
28582,12643,656,5,23607.08,0.0
28583,12644,217,3,4337.11,0.0
28584,12644,354,2,17320.16,20.0
28585,12644,504,1,13358.18,20.0
28586,12645,190,4,7595.13,0.0
28587,12645,371,1,1636.75,15.0
28588,12645,681,4,17950.56,5.0
28589,12645,244,2,7472.45,0.0
28590,12646,31,3,16628.09,0.0
28591,12647,766,2,10014.02,0.0
28592,12647,824,2,297.67,15.0
28593,12648,896,5,24756.56,10.0
28594,12649,801,4,3589.73,15.0
28595,12649,236,2,4832.52,20.0
28596,12650,746,2,6075.54,0.0
28597,12651,591,1,6697.37,15.0
28598,12652,563,5,5661.49,0.0
28599,12652,353,3,7643.82,0.0
28600,12652,367,1,14113.51,0.0
28601,12653,38,5,4730.75,20.0
28602,12654,735,1,9036.58,20.0
28603,12654,379,3,1624.86,20.0
28604,12654,668,1,11556.92,20.0
28605,12654,680,5,2617.11,0.0
28606,12654,423,2,1984.71,0.0
28607,12655,146,4,15804.83,0.0
28608,12655,779,1,19107.25,5.0
28609,12656,628,3,8593.46,0.0
28610,12656,838,4,19410.6,15.0
28611,12656,450,2,5004.29,20.0
28612,12656,87,5,19036.03,10.0
28613,12656,594,4,13204.03,5.0
28614,12657,376,5,10430.96,5.0
28615,12658,464,3,7633.05,20.0
28616,12658,728,1,1177.36,0.0
28617,12659,882,1,8433.14,10.0
28618,12660,322,1,14630.46,20.0
28619,12661,628,2,8593.46,5.0
28620,12661,73,5,16451.55,0.0
28621,12661,253,3,17161.82,20.0
28622,12662,828,1,25138.47,5.0
28623,12662,216,5,14201.95,0.0
28624,12662,611,2,6171.82,5.0
28625,12663,18,3,4419.93,20.0
28626,12663,658,5,25361.82,5.0
28627,12663,387,3,22309.26,15.0
28628,12663,45,1,19804.2,5.0
28629,12663,767,4,12752.82,20.0
28630,12664,30,4,18303.29,10.0
28631,12664,92,2,18578.14,0.0
28632,12665,397,3,8299.19,0.0
28633,12666,641,2,12480.0,0.0
28634,12667,355,3,3894.18,0.0
28635,12668,286,3,239.57,0.0
28636,12669,522,2,14877.94,0.0
28637,12670,552,5,4733.75,15.0
28638,12670,668,5,11556.92,15.0
28639,12670,7,1,19612.77,10.0
28640,12670,815,4,20541.91,0.0
28641,12671,771,1,2696.54,0.0
28642,12671,306,2,9467.51,20.0
28643,12671,75,3,19138.34,0.0
28644,12672,166,1,2581.81,20.0
28645,12672,47,5,7909.38,15.0
28646,12672,77,2,13954.67,0.0
28647,12673,58,2,2190.76,10.0
28648,12673,29,4,2346.21,20.0
28649,12674,377,2,23965.45,20.0
28650,12674,82,2,14774.58,10.0
28651,12675,877,4,10559.02,0.0
28652,12675,285,5,16720.01,0.0
28653,12675,347,5,9249.35,15.0
28654,12676,138,1,25438.29,15.0
28655,12677,321,1,9347.28,10.0
28656,12677,659,2,2808.44,5.0
28657,12678,758,1,305.37,0.0
28658,12678,243,4,176.76,10.0
28659,12679,661,4,13705.81,20.0
28660,12680,423,5,1984.71,20.0
28661,12680,123,5,15484.22,0.0
28662,12681,648,3,5724.05,15.0
28663,12682,533,1,20970.41,10.0
28664,12682,646,2,5805.21,0.0
28665,12682,433,4,8284.46,5.0
28666,12683,565,4,11175.66,15.0
28667,12684,684,4,8576.21,5.0
28668,12684,362,2,17099.97,5.0
28669,12685,619,3,12004.29,20.0
28670,12685,48,1,5117.57,15.0
28671,12686,384,3,5638.85,0.0
28672,12686,785,3,16279.21,10.0
28673,12686,639,5,2960.19,0.0
28674,12687,19,4,22067.03,5.0
28675,12688,710,4,11261.29,15.0
28676,12688,128,5,13624.37,15.0
28677,12689,353,3,7643.82,0.0
28678,12689,69,5,7716.81,10.0
28679,12689,277,2,13719.42,15.0
28680,12689,30,5,18303.29,5.0
28681,12689,355,3,3894.18,15.0
28682,12690,32,3,1527.01,0.0
28683,12691,880,5,18151.13,10.0
28684,12692,243,3,176.76,10.0
28685,12692,683,4,16086.04,20.0
28686,12692,792,2,2850.88,15.0
28687,12692,632,3,10665.66,0.0
28688,12693,593,3,17278.87,0.0
28689,12693,627,2,14763.79,0.0
28690,12694,604,2,11660.05,0.0
28691,12695,661,4,13705.81,10.0
28692,12696,81,2,1166.71,0.0
28693,12697,267,1,16561.1,15.0
28694,12697,683,5,16086.04,5.0
28695,12697,659,4,2808.44,0.0
28696,12698,706,3,12213.81,5.0
28697,12699,174,3,11611.6,0.0
28698,12700,563,2,5661.49,0.0
28699,12700,101,2,20043.36,0.0
28700,12700,393,3,8735.87,0.0
28701,12700,643,1,1936.54,0.0
28702,12701,137,3,10885.94,5.0
28703,12701,434,4,16140.57,10.0
28704,12701,540,5,2472.01,15.0
28705,12702,659,1,2808.44,0.0
28706,12702,626,1,12352.87,20.0
28707,12702,414,2,166.83,15.0
28708,12702,525,5,14333.71,10.0
28709,12702,676,2,14315.33,0.0
28710,12703,799,5,8448.77,0.0
28711,12704,504,1,13358.18,0.0
28712,12704,379,2,1624.86,0.0
28713,12705,555,3,1454.57,0.0
28714,12705,24,2,18317.93,5.0
28715,12705,288,1,6504.36,20.0
28716,12705,813,2,5532.46,0.0
28717,12706,743,3,10182.67,0.0
28718,12707,123,4,15484.22,0.0
28719,12707,205,5,16137.25,5.0
28720,12707,895,5,7754.62,20.0
28721,12707,672,1,5939.35,15.0
28722,12708,113,3,21843.22,10.0
28723,12708,162,4,13421.66,0.0
28724,12708,257,4,13045.67,10.0
28725,12709,656,4,23607.08,15.0
28726,12710,279,4,3292.56,0.0
28727,12711,620,1,12173.09,0.0
28728,12711,796,4,15083.08,15.0
28729,12712,405,1,6628.43,20.0
28730,12713,327,5,15380.04,0.0
28731,12714,461,2,14975.0,15.0
28732,12714,282,3,19801.39,15.0
28733,12714,514,4,25746.27,0.0
28734,12715,820,4,20062.61,0.0
28735,12716,104,5,1617.45,5.0
28736,12717,149,4,10169.3,15.0
28737,12718,708,2,16924.57,5.0
28738,12718,685,4,120.67,20.0
28739,12718,510,5,19375.24,10.0
28740,12719,663,3,11192.43,0.0
28741,12720,576,4,3125.72,20.0
28742,12721,754,1,12241.6,5.0
28743,12721,671,5,16938.7,0.0
28744,12722,380,3,10068.31,0.0
28745,12723,701,1,621.06,20.0
28746,12724,152,2,11106.45,5.0
28747,12725,875,4,9752.68,0.0
28748,12725,171,3,18491.26,15.0
28749,12725,147,2,2349.15,0.0
28750,12726,555,5,1454.57,15.0
28751,12727,102,3,7542.37,20.0
28752,12727,506,2,2449.21,5.0
28753,12727,251,5,13337.74,5.0
28754,12727,164,1,25966.48,20.0
28755,12728,285,5,16720.01,15.0
28756,12729,813,1,5532.46,0.0
28757,12729,882,2,8433.14,0.0
28758,12730,461,4,14975.0,0.0
28759,12731,691,1,16753.29,0.0
28760,12731,719,2,7305.31,5.0
28761,12731,729,2,12919.83,10.0
28762,12731,235,4,4664.57,15.0
28763,12732,506,3,2449.21,5.0
28764,12732,556,1,13361.23,0.0
28765,12733,852,4,3347.58,0.0
28766,12734,468,4,9057.22,0.0
28767,12735,168,5,2987.62,0.0
28768,12736,473,1,2408.3,0.0
28769,12737,85,3,4996.1,15.0
28770,12737,864,2,2259.89,0.0
28771,12738,506,2,2449.21,0.0
28772,12738,730,1,11885.24,20.0
28773,12738,135,4,4472.34,0.0
28774,12739,512,5,14169.19,0.0
28775,12739,285,4,16720.01,5.0
28776,12740,334,2,14837.25,5.0
28777,12740,722,2,2404.11,10.0
28778,12740,437,4,10772.97,5.0
28779,12740,751,4,3818.67,20.0
28780,12740,41,1,22568.02,0.0
28781,12741,143,4,7946.56,0.0
28782,12741,682,1,9240.58,5.0
28783,12742,809,1,24052.5,15.0
28784,12742,115,3,14046.49,0.0
28785,12743,829,5,21989.77,0.0
28786,12744,295,3,18202.38,0.0
28787,12744,615,1,13741.69,10.0
28788,12744,479,2,8268.21,0.0
28789,12745,865,1,1829.62,0.0
28790,12745,508,3,4967.5,5.0
28791,12745,161,5,15289.65,5.0
28792,12745,193,5,20867.37,0.0
28793,12746,689,2,13071.47,5.0
28794,12746,765,1,810.63,0.0
28795,12747,647,3,8678.96,20.0
28796,12747,164,1,25966.48,0.0
28797,12748,622,2,8757.16,0.0
28798,12749,806,1,11627.22,5.0
28799,12749,349,2,2689.14,15.0
28800,12749,504,3,13358.18,5.0
28801,12750,684,3,8576.21,0.0
28802,12750,380,3,10068.31,0.0
28803,12750,146,2,15804.83,10.0
28804,12750,505,2,10404.05,0.0
28805,12750,23,4,11954.03,0.0
28806,12751,372,3,9597.28,5.0
28807,12751,664,2,9991.3,0.0
28808,12752,141,1,1692.85,0.0
28809,12753,244,1,7472.45,0.0
28810,12753,42,4,10082.43,15.0
28811,12754,505,5,10404.05,20.0
28812,12754,392,1,956.75,5.0
28813,12754,174,5,11611.6,5.0
28814,12755,174,2,11611.6,0.0
28815,12755,299,5,7106.85,0.0
28816,12756,692,3,11530.12,20.0
28817,12756,538,4,17194.4,0.0
28818,12757,569,2,17022.92,0.0
28819,12758,795,3,21693.2,0.0
28820,12758,159,1,19350.16,15.0
28821,12758,194,5,2770.23,0.0
28822,12759,739,4,22380.63,5.0
28823,12759,882,4,8433.14,20.0
28824,12759,492,4,9662.3,15.0
28825,12759,781,2,15990.77,0.0
28826,12759,245,2,13338.0,10.0
28827,12760,252,4,14825.98,10.0
28828,12761,249,5,19528.8,5.0
28829,12761,630,1,16772.79,0.0
28830,12761,666,2,16085.16,10.0
28831,12762,13,2,478.72,10.0
28832,12762,414,2,166.83,10.0
28833,12762,809,3,24052.5,10.0
28834,12763,679,3,5924.78,20.0
28835,12764,331,3,6973.28,15.0
28836,12764,300,1,6061.57,15.0
28837,12765,849,3,11044.19,0.0
28838,12765,407,3,7770.71,5.0
28839,12765,35,4,21434.65,10.0
28840,12765,306,2,9467.51,0.0
28841,12765,660,4,5178.7,20.0
28842,12766,621,4,6617.04,20.0
28843,12767,857,5,9589.19,20.0
28844,12768,710,5,11261.29,0.0
28845,12769,755,2,144.02,0.0
28846,12770,60,3,12772.87,0.0
28847,12771,801,1,3589.73,20.0
28848,12772,865,3,1829.62,0.0
28849,12772,147,4,2349.15,0.0
28850,12772,168,1,2987.62,0.0
28851,12772,79,5,15602.76,0.0
28852,12772,798,3,4100.19,20.0
28853,12773,779,1,19107.25,0.0
28854,12774,121,3,10353.6,0.0
28855,12774,39,5,7958.95,0.0
28856,12774,221,5,21061.36,0.0
28857,12775,229,2,5530.88,5.0
28858,12775,817,5,14780.14,20.0
28859,12776,331,4,6973.28,15.0
28860,12777,435,3,13058.88,0.0
28861,12777,684,4,8576.21,0.0
28862,12777,741,4,16605.12,0.0
28863,12778,627,5,14763.79,10.0
28864,12778,824,5,297.67,5.0
28865,12779,292,4,15961.49,20.0
28866,12779,168,3,2987.62,20.0
28867,12780,855,4,2959.91,0.0
28868,12780,518,4,2509.06,5.0
28869,12781,787,2,18758.34,0.0
28870,12781,701,3,621.06,0.0
28871,12781,852,4,3347.58,0.0
28872,12782,149,1,10169.3,15.0
28873,12782,837,4,264.26,10.0
28874,12782,489,4,7785.34,10.0
28875,12782,246,1,3854.15,0.0
28876,12782,123,5,15484.22,20.0
28877,12783,192,1,18707.42,20.0
28878,12783,343,3,15859.82,0.0
28879,12784,630,4,16772.79,20.0
28880,12784,67,5,18601.02,0.0
28881,12785,860,4,11880.54,5.0
28882,12786,94,1,15069.27,0.0
28883,12786,729,5,12919.83,0.0
28884,12786,9,4,17153.33,10.0
28885,12786,16,1,19747.45,0.0
28886,12787,400,2,19421.92,0.0
28887,12787,813,5,5532.46,10.0
28888,12788,114,4,7286.84,0.0
28889,12788,796,3,15083.08,10.0
28890,12789,349,3,2689.14,0.0
28891,12790,473,2,2408.3,20.0
28892,12790,839,4,14313.81,10.0
28893,12791,610,2,2359.37,20.0
28894,12792,642,1,12368.27,15.0
28895,12792,175,2,8473.93,20.0
28896,12792,67,3,18601.02,15.0
28897,12792,572,1,19015.09,0.0
28898,12792,326,3,16274.68,0.0
28899,12793,619,4,12004.29,0.0
28900,12794,90,1,14228.88,0.0
28901,12795,400,3,19421.92,0.0
28902,12795,830,2,3011.17,0.0
28903,12795,132,2,7609.15,20.0
28904,12795,686,3,354.18,5.0
28905,12796,482,4,2192.85,20.0
28906,12796,258,5,17700.95,0.0
28907,12796,84,3,16076.18,15.0
28908,12797,447,1,10631.16,10.0
28909,12797,427,5,16845.82,5.0
28910,12797,186,3,9740.85,10.0
28911,12797,774,5,10265.71,5.0
28912,12798,568,4,1091.56,20.0
28913,12799,389,2,3509.61,5.0
28914,12800,312,5,13798.25,0.0
28915,12800,233,1,12825.71,10.0
28916,12800,535,2,5770.15,0.0
28917,12800,467,5,24009.79,0.0
28918,12800,406,1,5693.41,20.0
28919,12801,597,1,1518.2,20.0
28920,12802,864,5,2259.89,0.0
28921,12803,85,5,4996.1,10.0
28922,12803,148,1,17262.89,0.0
28923,12804,123,4,15484.22,0.0
28924,12804,887,5,9495.11,10.0
28925,12804,672,3,5939.35,0.0
28926,12804,626,4,12352.87,15.0
28927,12805,114,5,7286.84,10.0
28928,12806,409,3,19362.42,0.0
28929,12806,570,2,15355.66,10.0
28930,12807,775,1,23675.41,20.0
28931,12807,655,2,8938.91,0.0
28932,12808,182,5,16329.46,15.0
28933,12808,689,1,13071.47,20.0
28934,12808,88,3,25475.34,20.0
28935,12808,675,4,12507.1,0.0
28936,12808,335,3,10357.5,5.0
28937,12809,4,2,3406.7,15.0
28938,12810,711,5,16182.19,5.0
28939,12810,485,4,12732.78,0.0
28940,12810,95,2,18635.44,10.0
28941,12811,726,4,5419.14,10.0
28942,12812,14,5,10692.32,0.0
28943,12812,696,5,2491.11,0.0
28944,12813,896,5,24756.56,20.0
28945,12813,585,1,10944.6,15.0
28946,12813,683,3,16086.04,0.0
28947,12813,314,4,18006.61,10.0
28948,12814,707,2,1274.87,5.0
28949,12814,70,5,24783.28,15.0
28950,12815,630,2,16772.79,10.0
28951,12815,375,5,192.08,0.0
28952,12816,152,2,11106.45,15.0
28953,12817,868,1,18520.33,15.0
28954,12818,715,4,11935.81,5.0
28955,12818,478,1,10570.88,20.0
28956,12819,616,5,18315.38,0.0
28957,12819,505,1,10404.05,15.0
28958,12819,33,3,2593.22,20.0
28959,12819,741,1,16605.12,15.0
28960,12819,438,2,12263.95,0.0
28961,12820,632,2,10665.66,15.0
28962,12820,596,2,3968.53,0.0
28963,12820,119,4,21039.52,0.0
28964,12820,763,2,19381.27,0.0
28965,12820,228,4,5918.99,15.0
28966,12821,292,2,15961.49,5.0
28967,12822,485,3,12732.78,0.0
28968,12822,782,1,19248.75,10.0
28969,12822,276,2,6116.22,0.0
28970,12822,539,2,249.52,10.0
28971,12823,506,5,2449.21,15.0
28972,12824,92,1,18578.14,0.0
28973,12825,262,2,4228.73,15.0
28974,12826,354,5,17320.16,15.0
28975,12826,473,4,2408.3,0.0
28976,12826,864,5,2259.89,0.0
28977,12826,832,3,9339.3,0.0
28978,12826,726,1,5419.14,10.0
28979,12827,6,5,22533.66,5.0
28980,12827,637,3,9909.0,15.0
28981,12828,422,4,189.31,0.0
28982,12828,243,2,176.76,10.0
28983,12829,259,2,20724.65,20.0
28984,12829,131,5,18666.46,10.0
28985,12830,526,3,14453.05,20.0
28986,12830,376,4,10430.96,0.0
28987,12830,185,1,6278.2,5.0
28988,12830,154,5,1144.63,0.0
28989,12830,893,2,17792.63,0.0
28990,12831,778,4,20152.02,10.0
28991,12831,519,4,18767.62,15.0
28992,12832,310,5,20036.92,0.0
28993,12833,700,2,14408.43,0.0
28994,12834,533,1,20970.41,20.0
28995,12834,424,1,17174.37,0.0
28996,12835,734,1,13296.98,10.0
28997,12836,239,2,15822.1,0.0
28998,12836,700,5,14408.43,0.0
28999,12836,400,2,19421.92,20.0
29000,12836,276,5,6116.22,0.0
29001,12837,503,1,955.23,0.0
29002,12838,857,2,9589.19,5.0
29003,12838,859,1,1089.58,5.0
29004,12838,725,3,8996.66,0.0
29005,12839,3,1,16184.82,0.0
29006,12839,633,5,15843.65,0.0
29007,12839,81,5,1166.71,20.0
29008,12840,695,3,17246.64,20.0
29009,12840,195,5,1306.46,0.0
29010,12840,400,2,19421.92,5.0
29011,12841,66,2,13143.99,20.0
29012,12841,272,4,8968.84,20.0
29013,12841,528,5,939.25,20.0
29014,12842,34,4,1148.2,15.0
29015,12843,464,5,7633.05,0.0
29016,12844,491,2,11018.52,20.0
29017,12844,545,5,16977.96,0.0
29018,12844,588,1,4546.5,0.0
29019,12845,156,5,963.21,20.0
29020,12846,72,3,9041.77,0.0
29021,12847,167,1,14506.97,15.0
29022,12847,867,1,3837.28,15.0
29023,12848,239,5,15822.1,0.0
29024,12848,546,2,16500.34,20.0
29025,12849,437,2,10772.97,15.0
29026,12849,326,2,16274.68,15.0
29027,12850,615,1,13741.69,0.0
29028,12850,783,3,803.8,0.0
29029,12850,196,1,10265.86,15.0
29030,12851,541,5,12029.72,10.0
29031,12851,579,2,16420.05,0.0
29032,12851,596,1,3968.53,0.0
29033,12851,560,5,6942.79,5.0
29034,12851,534,3,10869.74,0.0
29035,12852,218,1,25840.61,15.0
29036,12853,339,1,13518.37,0.0
29037,12853,453,1,11216.79,10.0
29038,12853,804,4,21201.2,0.0
29039,12854,531,4,9020.83,10.0
29040,12854,658,5,25361.82,0.0
29041,12855,217,4,4337.11,0.0
29042,12855,215,4,4666.45,0.0
29043,12856,839,4,14313.81,15.0
29044,12856,850,5,22317.22,10.0
29045,12857,706,4,12213.81,0.0
29046,12857,555,4,1454.57,5.0
29047,12857,327,2,15380.04,15.0
29048,12857,259,3,20724.65,20.0
29049,12857,682,3,9240.58,15.0
29050,12858,110,5,20953.8,20.0
29051,12858,403,1,7812.31,5.0
29052,12859,691,3,16753.29,10.0
29053,12860,672,2,5939.35,10.0
29054,12860,220,2,12963.27,0.0
29055,12860,834,2,11307.94,20.0
29056,12860,817,1,14780.14,0.0
29057,12860,476,1,19019.08,0.0
29058,12861,709,2,7686.85,10.0
29059,12861,823,3,16691.74,10.0
29060,12861,126,2,9886.31,20.0
29061,12862,892,4,7790.38,0.0
29062,12863,599,4,442.03,5.0
29063,12863,530,3,18098.15,0.0
29064,12863,427,5,16845.82,0.0
29065,12863,462,3,19988.3,10.0
29066,12864,438,2,12263.95,20.0
29067,12865,92,5,18578.14,5.0
29068,12865,501,3,14745.03,0.0
29069,12866,454,1,12204.15,0.0
29070,12867,581,3,11564.32,0.0
29071,12867,376,1,10430.96,15.0
29072,12868,847,4,13026.82,0.0
29073,12869,657,2,11502.62,0.0
29074,12869,186,2,9740.85,0.0
29075,12869,898,3,9944.45,15.0
29076,12870,427,4,16845.82,0.0
29077,12870,409,3,19362.42,5.0
29078,12871,376,1,10430.96,20.0
29079,12871,684,1,8576.21,10.0
29080,12871,243,1,176.76,0.0
29081,12872,265,4,4344.64,5.0
29082,12872,891,1,12910.53,5.0
29083,12873,414,1,166.83,10.0
29084,12873,358,2,5722.36,20.0
29085,12874,130,5,12847.98,5.0
29086,12875,101,5,20043.36,5.0
29087,12875,124,2,13452.12,10.0
29088,12876,705,1,4673.98,10.0
29089,12876,461,4,14975.0,15.0
29090,12876,74,3,21546.9,0.0
29091,12877,57,5,8529.28,5.0
29092,12878,712,3,13003.78,20.0
29093,12878,415,4,7434.55,15.0
29094,12878,466,1,10734.42,15.0
29095,12878,582,5,19075.76,0.0
29096,12879,617,3,17544.22,20.0
29097,12879,411,5,17450.18,0.0
29098,12879,166,1,2581.81,20.0
29099,12880,352,1,11635.83,0.0
29100,12881,35,3,21434.65,15.0
29101,12881,194,3,2770.23,15.0
29102,12882,869,5,4059.75,20.0
29103,12882,378,4,1654.61,20.0
29104,12883,159,1,19350.16,0.0
29105,12883,398,3,13400.93,0.0
29106,12883,310,2,20036.92,0.0
29107,12883,192,5,18707.42,15.0
29108,12884,21,4,20625.3,0.0
29109,12884,273,3,19263.38,5.0
29110,12884,838,1,19410.6,0.0
29111,12885,883,2,1769.58,0.0
29112,12885,856,2,836.93,10.0
29113,12885,759,1,15948.11,20.0
29114,12885,734,1,13296.98,20.0
29115,12885,816,2,13450.11,5.0
29116,12886,333,1,6422.47,15.0
29117,12886,547,1,5521.08,0.0
29118,12886,838,2,19410.6,5.0
29119,12886,802,1,4116.0,15.0
29120,12886,520,5,1057.04,0.0
29121,12887,714,1,26202.05,5.0
29122,12887,535,1,5770.15,5.0
29123,12887,1,3,23380.27,20.0
29124,12888,485,2,12732.78,20.0
29125,12888,846,4,806.68,0.0
29126,12888,38,4,4730.75,0.0
29127,12889,503,1,955.23,0.0
29128,12889,513,3,10655.97,20.0
29129,12890,632,3,10665.66,0.0
29130,12891,553,1,11099.68,5.0
29131,12891,725,3,8996.66,10.0
29132,12892,493,3,7964.23,0.0
29133,12892,500,3,6694.37,0.0
29134,12892,61,5,6502.87,5.0
29135,12893,385,2,12324.69,0.0
29136,12893,567,5,14958.32,15.0
29137,12893,662,5,6806.59,5.0
29138,12893,331,3,6973.28,10.0
29139,12894,851,5,6264.06,0.0
29140,12895,274,2,8564.4,10.0
29141,12895,547,2,5521.08,0.0
29142,12896,718,2,17963.95,0.0
29143,12896,818,1,10237.03,10.0
29144,12896,200,2,4522.92,0.0
29145,12897,709,5,7686.85,5.0
29146,12897,186,3,9740.85,0.0
29147,12898,343,4,15859.82,15.0
29148,12898,412,2,17012.64,0.0
29149,12898,512,4,14169.19,20.0
29150,12898,40,3,1150.22,0.0
29151,12899,558,4,13963.41,10.0
29152,12899,348,4,19662.84,5.0
29153,12899,721,5,18878.1,15.0
29154,12900,374,4,276.26,15.0
29155,12901,877,2,10559.02,0.0
29156,12902,467,5,24009.79,0.0
29157,12902,315,4,14818.85,10.0
29158,12903,255,3,17032.48,0.0
29159,12904,61,2,6502.87,10.0
29160,12904,514,4,25746.27,0.0
29161,12905,467,4,24009.79,5.0
29162,12906,851,4,6264.06,5.0
29163,12907,22,5,11230.85,5.0
29164,12907,279,5,3292.56,20.0
29165,12907,649,3,14601.66,15.0
29166,12908,528,5,939.25,0.0
29167,12908,272,1,8968.84,10.0
29168,12908,691,4,16753.29,0.0
29169,12909,82,4,14774.58,10.0
29170,12910,590,3,9869.32,0.0
29171,12910,169,5,16308.93,15.0
29172,12911,98,4,17528.8,0.0
29173,12911,104,5,1617.45,10.0
29174,12911,743,1,10182.67,20.0
29175,12911,407,3,7770.71,20.0
29176,12911,369,1,6953.46,0.0
29177,12912,840,1,14874.45,20.0
29178,12912,398,2,13400.93,10.0
29179,12912,475,4,6938.61,0.0
29180,12912,444,3,17486.46,0.0
29181,12912,795,4,21693.2,0.0
29182,12913,366,3,16239.91,20.0
29183,12913,815,3,20541.91,15.0
29184,12913,437,2,10772.97,0.0
29185,12914,598,4,16464.93,15.0
29186,12915,645,3,15208.69,0.0
29187,12916,43,1,18751.29,10.0
29188,12916,746,4,6075.54,10.0
29189,12917,732,4,8129.26,5.0
29190,12918,751,4,3818.67,20.0
29191,12919,647,4,8678.96,0.0
29192,12919,681,2,17950.56,15.0
29193,12919,864,5,2259.89,5.0
29194,12920,492,4,9662.3,20.0
29195,12920,134,1,17132.5,15.0
29196,12920,620,2,12173.09,20.0
29197,12921,877,4,10559.02,15.0
29198,12921,128,2,13624.37,5.0
29199,12922,55,2,2583.6,10.0
29200,12922,105,1,9554.98,20.0
29201,12923,895,4,7754.62,5.0
29202,12923,42,1,10082.43,0.0
29203,12923,115,1,14046.49,15.0
29204,12924,529,2,8097.4,10.0
29205,12925,100,4,14472.84,0.0
29206,12925,190,5,7595.13,0.0
29207,12925,728,4,1177.36,20.0
29208,12925,184,5,14178.66,5.0
29209,12926,321,2,9347.28,15.0
29210,12926,295,3,18202.38,20.0
29211,12927,589,2,326.42,10.0
29212,12927,258,5,17700.95,0.0
29213,12928,895,4,7754.62,0.0
29214,12928,289,2,10379.0,20.0
29215,12928,551,5,23156.44,0.0
29216,12929,564,4,2009.4,0.0
29217,12929,862,1,4517.96,20.0
29218,12929,155,5,3485.16,0.0
29219,12929,175,5,8473.93,5.0
29220,12929,94,1,15069.27,10.0
29221,12930,221,5,21061.36,15.0
29222,12930,316,3,7282.96,0.0
29223,12931,340,3,3550.22,15.0
29224,12932,333,2,6422.47,10.0
29225,12932,474,1,10258.52,20.0
29226,12932,51,1,11484.39,10.0
29227,12933,646,2,5805.21,15.0
29228,12934,121,2,10353.6,0.0
29229,12935,37,4,14064.14,0.0
29230,12935,321,2,9347.28,0.0
29231,12935,533,5,20970.41,20.0
29232,12936,581,5,11564.32,0.0
29233,12936,607,3,9557.3,10.0
29234,12936,107,5,11842.72,15.0
29235,12936,407,3,7770.71,0.0
29236,12937,489,2,7785.34,10.0
29237,12938,618,5,13048.71,10.0
29238,12938,69,2,7716.81,5.0
29239,12938,462,3,19988.3,10.0
29240,12938,848,4,15587.71,15.0
29241,12939,390,3,3964.49,20.0
29242,12940,258,3,17700.95,15.0
29243,12940,405,3,6628.43,0.0
29244,12941,710,3,11261.29,15.0
29245,12942,309,3,10625.07,10.0
29246,12943,166,5,2581.81,10.0
29247,12943,892,4,7790.38,0.0
29248,12944,148,5,17262.89,0.0
29249,12945,404,3,653.1,0.0
29250,12945,58,3,2190.76,20.0
29251,12945,852,3,3347.58,0.0
29252,12945,418,5,9194.68,0.0
29253,12946,651,4,6091.61,5.0
29254,12946,753,3,7182.61,0.0
29255,12947,675,2,12507.1,0.0
29256,12947,818,2,10237.03,10.0
29257,12948,196,3,10265.86,0.0
29258,12948,883,4,1769.58,5.0
29259,12948,442,2,11650.88,5.0
29260,12948,199,5,10359.07,5.0
29261,12949,854,2,16327.56,20.0
29262,12949,891,1,12910.53,10.0
29263,12950,738,4,19896.87,0.0
29264,12951,127,4,14981.11,0.0
29265,12951,349,2,2689.14,15.0
29266,12952,81,2,1166.71,0.0
29267,12952,866,2,3834.44,0.0
29268,12953,76,1,8195.06,5.0
29269,12953,179,1,3471.92,0.0
29270,12954,161,1,15289.65,15.0
29271,12954,515,5,19735.52,15.0
29272,12954,219,5,5457.35,5.0
29273,12955,213,1,18912.24,20.0
29274,12956,289,4,10379.0,20.0
29275,12956,599,1,442.03,0.0
29276,12956,255,1,17032.48,20.0
29277,12957,162,3,13421.66,0.0
29278,12957,499,2,21718.63,0.0
29279,12957,76,1,8195.06,0.0
29280,12957,543,2,9638.42,0.0
29281,12958,216,1,14201.95,10.0
29282,12958,470,3,14455.32,0.0
29283,12958,109,3,10740.23,15.0
29284,12958,374,4,276.26,0.0
29285,12958,544,1,14987.27,10.0
29286,12959,499,3,21718.63,10.0
29287,12959,142,4,21163.93,15.0
29288,12959,894,3,7760.97,0.0
29289,12960,435,4,13058.88,20.0
29290,12961,20,4,377.42,15.0
29291,12961,700,4,14408.43,10.0
29292,12961,37,2,14064.14,5.0
29293,12961,331,2,6973.28,0.0
29294,12962,332,5,25511.86,5.0
29295,12962,255,4,17032.48,0.0
29296,12963,45,1,19804.2,5.0
29297,12963,696,3,2491.11,0.0
29298,12964,742,4,12611.2,20.0
29299,12964,20,3,377.42,15.0
29300,12964,711,5,16182.19,20.0
29301,12965,768,1,16413.87,10.0
29302,12965,533,5,20970.41,0.0
29303,12965,841,5,15195.61,0.0
29304,12965,174,3,11611.6,5.0
29305,12965,50,4,17835.15,5.0
29306,12966,4,3,3406.7,10.0
29307,12966,762,3,15418.59,0.0
29308,12967,130,5,12847.98,0.0
29309,12968,729,4,12919.83,0.0
29310,12969,645,4,15208.69,20.0
29311,12970,713,3,26684.64,15.0
29312,12971,447,2,10631.16,0.0
29313,12971,279,5,3292.56,10.0
29314,12971,192,1,18707.42,15.0
29315,12971,347,1,9249.35,0.0
29316,12972,276,3,6116.22,0.0
29317,12973,492,5,9662.3,5.0
29318,12973,475,3,6938.61,5.0
29319,12973,712,1,13003.78,0.0
29320,12973,224,1,2233.05,0.0
29321,12973,642,1,12368.27,0.0
29322,12974,781,1,15990.77,0.0
29323,12974,389,4,3509.61,15.0
29324,12974,61,5,6502.87,10.0
29325,12975,168,1,2987.62,20.0
29326,12975,274,5,8564.4,15.0
29327,12976,70,2,24783.28,5.0
29328,12977,458,1,706.12,0.0
29329,12977,140,1,10101.86,0.0
29330,12977,780,1,2481.3,10.0
29331,12978,447,2,10631.16,20.0
29332,12979,449,3,1431.85,0.0
29333,12979,310,1,20036.92,5.0
29334,12979,823,4,16691.74,0.0
29335,12980,536,3,24253.72,5.0
29336,12980,608,5,622.02,20.0
29337,12980,458,5,706.12,0.0
29338,12981,508,2,4967.5,0.0
29339,12982,79,3,15602.76,0.0
29340,12982,291,5,3444.93,0.0
29341,12983,491,5,11018.52,0.0
29342,12984,51,4,11484.39,5.0
29343,12984,594,2,13204.03,0.0
29344,12984,143,4,7946.56,0.0
29345,12985,110,3,20953.8,0.0
29346,12985,691,4,16753.29,15.0
29347,12985,343,4,15859.82,5.0
29348,12985,489,5,7785.34,0.0
29349,12985,705,2,4673.98,0.0
29350,12986,8,3,19040.64,5.0
29351,12986,483,5,7695.04,0.0
29352,12986,473,1,2408.3,10.0
29353,12986,153,3,1446.08,10.0
29354,12987,472,2,15859.32,15.0
29355,12987,343,1,15859.82,15.0
29356,12988,139,3,7956.39,0.0
29357,12988,564,5,2009.4,20.0
29358,12988,642,4,12368.27,0.0
29359,12988,370,2,2983.33,10.0
29360,12989,355,4,3894.18,0.0
29361,12989,262,4,4228.73,0.0
29362,12990,698,5,4293.78,5.0
29363,12990,343,5,15859.82,0.0
29364,12991,696,5,2491.11,0.0
29365,12991,197,2,20568.54,15.0
29366,12991,424,5,17174.37,0.0
29367,12991,204,3,1265.16,10.0
29368,12991,436,3,6536.15,0.0
29369,12992,579,2,16420.05,5.0
29370,12992,859,3,1089.58,10.0
29371,12993,775,5,23675.41,10.0
29372,12993,825,4,14217.62,0.0
29373,12994,44,5,8591.33,5.0
29374,12995,506,2,2449.21,0.0
29375,12995,860,1,11880.54,0.0
29376,12996,30,3,18303.29,15.0
29377,12996,211,4,5660.73,20.0
29378,12996,598,2,16464.93,10.0
29379,12997,611,4,6171.82,0.0
29380,12997,115,4,14046.49,15.0
29381,12997,147,4,2349.15,0.0
29382,12997,517,5,17350.23,0.0
29383,12998,423,2,1984.71,0.0
29384,12999,222,3,7009.13,10.0
29385,13000,186,4,9740.85,0.0
29386,13000,735,3,9036.58,0.0
29387,13000,857,1,9589.19,0.0
29388,13000,276,5,6116.22,20.0
29389,13000,16,1,19747.45,5.0
29390,13001,45,4,19804.2,0.0
29391,13002,400,3,19421.92,5.0
29392,13003,756,3,8569.79,5.0
29393,13003,325,4,2187.51,5.0
29394,13004,133,1,18760.28,0.0
29395,13005,879,5,13227.2,0.0
29396,13005,779,4,19107.25,15.0
29397,13005,369,5,6953.46,20.0
29398,13005,741,3,16605.12,20.0
29399,13005,272,2,8968.84,15.0
29400,13006,351,5,15160.62,5.0
29401,13006,190,5,7595.13,20.0
29402,13006,769,2,19111.37,0.0
29403,13007,315,3,14818.85,0.0
29404,13007,436,1,6536.15,5.0
29405,13008,358,1,5722.36,0.0
29406,13009,138,1,25438.29,0.0
29407,13009,509,5,8432.77,10.0
29408,13009,208,4,7812.53,10.0
29409,13010,364,2,18476.31,0.0
29410,13010,198,1,12806.33,0.0
29411,13010,258,2,17700.95,0.0
29412,13010,819,5,14434.49,5.0
29413,13010,260,4,7198.0,0.0
29414,13011,20,3,377.42,10.0
29415,13011,391,4,12976.53,0.0
29416,13011,515,4,19735.52,0.0
29417,13011,861,2,8502.27,20.0
29418,13011,736,1,6120.5,0.0
29419,13012,889,1,15442.59,15.0
29420,13013,687,5,14696.63,20.0
29421,13013,180,1,1628.95,0.0
29422,13013,565,4,11175.66,20.0
29423,13013,751,5,3818.67,0.0
29424,13014,409,2,19362.42,5.0
29425,13014,889,2,15442.59,5.0
29426,13014,86,3,17346.97,0.0
29427,13015,773,2,8183.79,5.0
29428,13015,153,2,1446.08,5.0
29429,13015,63,5,13615.65,0.0
29430,13016,748,1,15319.21,0.0
29431,13016,278,3,8494.62,10.0
29432,13017,56,3,18137.71,10.0
29433,13017,400,2,19421.92,5.0
29434,13018,308,3,6864.25,0.0
29435,13018,703,1,14544.45,0.0
29436,13018,178,2,14238.81,10.0
29437,13018,274,5,8564.4,0.0
29438,13019,121,4,10353.6,5.0
29439,13019,235,4,4664.57,20.0
29440,13019,82,1,14774.58,15.0
29441,13019,726,2,5419.14,10.0
29442,13019,24,4,18317.93,0.0
29443,13020,48,3,5117.57,0.0
29444,13021,435,2,13058.88,15.0
29445,13021,725,3,8996.66,0.0
29446,13022,594,2,13204.03,0.0
29447,13023,255,2,17032.48,0.0
29448,13023,899,3,21905.82,0.0
29449,13024,154,3,1144.63,10.0
29450,13025,213,1,18912.24,0.0
29451,13026,564,4,2009.4,5.0
29452,13027,202,2,18119.01,0.0
29453,13027,216,4,14201.95,5.0
29454,13028,425,1,4926.04,0.0
29455,13029,459,2,1008.42,0.0
29456,13030,488,1,13455.56,0.0
29457,13031,423,5,1984.71,20.0
29458,13031,123,5,15484.22,0.0
29459,13032,595,1,16876.57,0.0
29460,13032,28,4,15441.58,5.0
29461,13033,760,1,779.87,0.0
29462,13034,383,1,11935.37,0.0
29463,13034,257,2,13045.67,0.0
29464,13035,150,4,5234.7,0.0
29465,13036,245,5,13338.0,15.0
29466,13036,530,4,18098.15,0.0
29467,13037,654,3,16228.87,0.0
29468,13037,146,5,15804.83,15.0
29469,13038,651,4,6091.61,15.0
29470,13038,304,1,23466.92,0.0
29471,13039,445,2,1123.05,0.0
29472,13039,159,2,19350.16,0.0
29473,13040,590,1,9869.32,15.0
29474,13041,869,3,4059.75,20.0
29475,13041,820,2,20062.61,20.0
29476,13041,252,5,14825.98,0.0
29477,13041,321,2,9347.28,5.0
29478,13042,681,5,17950.56,20.0
29479,13042,210,4,12962.87,15.0
29480,13042,649,1,14601.66,0.0
29481,13043,852,1,3347.58,5.0
29482,13043,301,2,21720.03,0.0
29483,13044,883,2,1769.58,5.0
29484,13044,45,3,19804.2,10.0
29485,13045,709,1,7686.85,15.0
29486,13045,614,5,21084.78,20.0
29487,13045,55,4,2583.6,20.0
29488,13046,188,4,11495.49,15.0
29489,13046,888,2,2244.3,5.0
29490,13046,655,4,8938.91,15.0
29491,13046,379,2,1624.86,0.0
29492,13047,327,1,15380.04,0.0
29493,13048,538,4,17194.4,0.0
29494,13048,828,4,25138.47,0.0
29495,13048,7,2,19612.77,0.0
29496,13048,275,5,10808.89,15.0
29497,13049,450,2,5004.29,0.0
29498,13050,621,4,6617.04,0.0
29499,13050,303,5,18231.15,20.0
29500,13051,741,3,16605.12,0.0
29501,13051,47,2,7909.38,0.0
29502,13051,35,3,21434.65,0.0
29503,13052,184,2,14178.66,0.0
29504,13052,483,3,7695.04,15.0
29505,13052,784,5,8066.19,0.0
29506,13053,713,1,26684.64,0.0
29507,13053,357,2,10102.76,5.0
29508,13054,271,4,20542.32,0.0
29509,13054,656,3,23607.08,10.0
29510,13055,491,5,11018.52,0.0
29511,13056,676,2,14315.33,5.0
29512,13057,406,2,5693.41,0.0
29513,13057,315,5,14818.85,0.0
29514,13058,85,5,4996.1,5.0
29515,13058,478,2,10570.88,0.0
29516,13059,174,3,11611.6,0.0
29517,13059,363,2,16290.66,0.0
29518,13059,724,2,11703.57,15.0
29519,13060,835,3,13235.32,20.0
29520,13061,221,4,21061.36,0.0
29521,13062,249,3,19528.8,20.0
29522,13062,670,2,12689.21,0.0
29523,13062,66,2,13143.99,10.0
29524,13063,90,3,14228.88,15.0
29525,13063,801,2,3589.73,0.0
29526,13063,117,5,4942.41,15.0
29527,13063,209,3,7178.41,5.0
29528,13064,54,3,12660.77,0.0
29529,13064,890,5,10049.64,0.0
29530,13064,616,3,18315.38,0.0
29531,13064,422,1,189.31,15.0
29532,13065,522,2,14877.94,0.0
29533,13066,205,1,16137.25,0.0
29534,13067,149,2,10169.3,10.0
29535,13067,393,4,8735.87,0.0
29536,13068,162,1,13421.66,0.0
29537,13068,300,1,6061.57,5.0
29538,13069,487,1,1420.39,10.0
29539,13070,843,1,11008.41,0.0
29540,13070,162,5,13421.66,5.0
29541,13070,636,1,7292.03,20.0
29542,13070,7,5,19612.77,0.0
29543,13070,212,5,23358.43,15.0
29544,13071,735,1,9036.58,15.0
29545,13071,424,5,17174.37,10.0
29546,13071,642,5,12368.27,0.0
29547,13072,113,4,21843.22,0.0
29548,13072,845,1,24202.98,5.0
29549,13072,164,1,25966.48,0.0
29550,13073,336,5,226.24,0.0
29551,13073,123,3,15484.22,0.0
29552,13073,783,4,803.8,5.0
29553,13073,56,3,18137.71,0.0
29554,13073,844,2,8306.97,10.0
29555,13074,837,4,264.26,0.0
29556,13074,91,5,11076.97,10.0
29557,13075,640,1,12833.48,5.0
29558,13075,752,3,16802.42,0.0
29559,13076,81,5,1166.71,0.0
29560,13077,814,3,3387.53,0.0
29561,13078,640,3,12833.48,20.0
29562,13078,768,1,16413.87,15.0
29563,13079,748,2,15319.21,5.0
29564,13079,167,1,14506.97,10.0
29565,13079,70,1,24783.28,5.0
29566,13079,750,1,3277.38,10.0
29567,13080,315,5,14818.85,0.0
29568,13080,802,5,4116.0,0.0
29569,13081,15,3,9257.31,0.0
29570,13081,241,5,11844.31,20.0
29571,13081,55,5,2583.6,20.0
29572,13081,659,3,2808.44,0.0
29573,13081,507,3,12654.25,0.0
29574,13082,528,4,939.25,0.0
29575,13083,477,5,17806.82,5.0
29576,13084,608,5,622.02,0.0
29577,13084,444,1,17486.46,20.0
29578,13084,554,3,19734.11,0.0
29579,13085,246,1,3854.15,20.0
29580,13085,643,4,1936.54,20.0
29581,13085,17,5,19447.69,15.0
29582,13086,659,4,2808.44,0.0
29583,13086,199,4,10359.07,10.0
29584,13087,288,4,6504.36,10.0
29585,13087,302,5,16440.69,20.0
29586,13087,634,3,17957.51,10.0
29587,13087,836,2,17573.65,0.0
29588,13088,177,5,9631.34,5.0
29589,13088,878,1,13434.69,0.0
29590,13089,146,3,15804.83,20.0
29591,13089,26,3,12446.22,15.0
29592,13089,339,3,13518.37,15.0
29593,13089,698,4,4293.78,20.0
29594,13090,217,2,4337.11,10.0
29595,13090,574,5,6143.25,0.0
29596,13090,357,5,10102.76,0.0
29597,13090,897,3,966.91,20.0
29598,13090,313,5,7494.19,0.0
29599,13091,543,1,9638.42,0.0
29600,13091,583,5,20840.66,5.0
29601,13091,684,2,8576.21,0.0
29602,13091,533,2,20970.41,0.0
29603,13091,572,3,19015.09,0.0
29604,13092,875,4,9752.68,0.0
29605,13093,467,3,24009.79,10.0
29606,13094,793,3,4803.54,5.0
29607,13094,196,4,10265.86,0.0
29608,13095,169,3,16308.93,20.0
29609,13096,568,1,1091.56,5.0
29610,13096,316,1,7282.96,20.0
29611,13097,395,5,16130.97,0.0
29612,13097,352,4,11635.83,0.0
29613,13097,183,5,23501.6,10.0
29614,13098,603,5,7330.01,0.0
29615,13098,82,1,14774.58,10.0
29616,13098,111,5,8344.65,20.0
29617,13098,312,1,13798.25,0.0
29618,13099,318,2,7031.86,0.0
29619,13099,420,4,9360.46,0.0
29620,13099,610,5,2359.37,10.0
29621,13099,274,2,8564.4,0.0
29622,13100,26,2,12446.22,0.0
29623,13101,684,4,8576.21,20.0
29624,13101,74,3,21546.9,10.0
29625,13102,334,2,14837.25,20.0
29626,13103,57,4,8529.28,20.0
29627,13103,554,3,19734.11,20.0
29628,13104,829,3,21989.77,0.0
29629,13105,188,5,11495.49,5.0
29630,13105,290,1,12993.94,5.0
29631,13105,8,2,19040.64,10.0
29632,13105,699,2,4909.23,0.0
29633,13106,291,3,3444.93,0.0
29634,13106,646,4,5805.21,0.0
29635,13106,656,5,23607.08,10.0
29636,13107,128,4,13624.37,5.0
29637,13107,643,1,1936.54,20.0
29638,13108,539,5,249.52,5.0
29639,13108,560,3,6942.79,5.0
29640,13108,51,3,11484.39,20.0
29641,13109,779,5,19107.25,15.0
29642,13110,760,1,779.87,0.0
29643,13111,687,5,14696.63,20.0
29644,13111,180,1,1628.95,0.0
29645,13111,565,4,11175.66,20.0
29646,13111,751,5,3818.67,0.0
29647,13112,479,2,8268.21,0.0
29648,13112,120,4,9678.0,0.0
29649,13112,822,4,4952.16,0.0
29650,13113,127,4,14981.11,0.0
29651,13113,643,4,1936.54,0.0
29652,13113,582,2,19075.76,0.0
29653,13113,298,1,15463.87,10.0
29654,13113,576,1,3125.72,0.0
29655,13114,736,4,6120.5,20.0
29656,13115,341,1,22578.93,0.0
29657,13115,45,2,19804.2,0.0
29658,13115,649,3,14601.66,10.0
29659,13115,875,4,9752.68,10.0
29660,13116,422,1,189.31,5.0
29661,13116,773,1,8183.79,20.0
29662,13116,588,4,4546.5,0.0
29663,13117,174,3,11611.6,0.0
29664,13117,363,2,16290.66,0.0
29665,13117,724,2,11703.57,15.0
29666,13118,338,5,17040.27,15.0
29667,13118,757,1,7147.34,0.0
29668,13119,142,5,21163.93,10.0
29669,13119,152,4,11106.45,5.0
29670,13119,755,5,144.02,0.0
29671,13120,556,1,13361.23,10.0
29672,13121,777,5,7013.52,5.0
29673,13122,7,1,19612.77,20.0
29674,13122,512,1,14169.19,0.0
29675,13123,871,2,8110.39,10.0
29676,13124,498,3,21474.1,0.0
29677,13124,649,5,14601.66,5.0
29678,13124,356,2,4711.26,5.0
29679,13125,466,1,10734.42,0.0
29680,13125,560,4,6942.79,20.0
29681,13126,397,2,8299.19,10.0
29682,13127,605,3,7517.98,20.0
29683,13127,765,2,810.63,0.0
29684,13127,609,3,8508.77,15.0
29685,13127,225,3,6873.83,10.0
29686,13128,387,1,22309.26,0.0
29687,13129,137,1,10885.94,5.0
29688,13129,327,3,15380.04,0.0
29689,13129,735,2,9036.58,0.0
29690,13129,513,2,10655.97,0.0
29691,13130,50,1,17835.15,0.0
29692,13130,522,1,14877.94,0.0
29693,13130,772,4,18195.11,0.0
29694,13130,597,5,1518.2,0.0
29695,13131,466,2,10734.42,10.0
29696,13132,711,5,16182.19,5.0
29697,13132,485,4,12732.78,0.0
29698,13132,95,2,18635.44,10.0
29699,13133,30,1,18303.29,5.0
29700,13134,484,3,19113.34,0.0
29701,13134,346,3,8215.18,5.0
29702,13135,685,3,120.67,5.0
29703,13135,347,5,9249.35,10.0
29704,13135,398,3,13400.93,15.0
29705,13135,141,3,1692.85,0.0
29706,13136,307,4,21906.91,15.0
29707,13136,36,3,8033.06,10.0
29708,13136,627,3,14763.79,15.0
29709,13136,713,3,26684.64,5.0
29710,13137,244,4,7472.45,15.0
29711,13138,133,5,18760.28,10.0
29712,13138,874,5,12083.32,5.0
29713,13139,67,3,18601.02,10.0
29714,13139,301,5,21720.03,10.0
29715,13139,227,4,2720.12,0.0
29716,13140,364,1,18476.31,0.0
29717,13141,888,2,2244.3,0.0
29718,13141,153,3,1446.08,10.0
29719,13142,515,2,19735.52,0.0
29720,13142,459,4,1008.42,20.0
29721,13143,749,2,20244.79,10.0
29722,13143,800,5,12138.75,10.0
29723,13144,883,2,1769.58,5.0
29724,13144,45,3,19804.2,10.0
29725,13145,552,1,4733.75,20.0
29726,13145,249,2,19528.8,0.0
29727,13145,180,1,1628.95,0.0
29728,13145,730,1,11885.24,10.0
29729,13146,97,5,12470.7,20.0
29730,13146,417,3,1519.73,0.0
29731,13147,218,4,25840.61,15.0
29732,13148,550,4,9953.79,20.0
29733,13148,536,1,24253.72,15.0
29734,13148,7,1,19612.77,0.0
29735,13148,852,2,3347.58,0.0
29736,13148,177,4,9631.34,20.0
29737,13149,582,3,19075.76,10.0
29738,13149,501,3,14745.03,20.0
29739,13149,808,3,376.7,0.0
29740,13149,784,2,8066.19,15.0
29741,13150,573,3,2928.56,0.0
29742,13150,56,2,18137.71,0.0
29743,13150,237,4,11209.85,0.0
29744,13150,77,5,13954.67,0.0
29745,13151,221,5,21061.36,15.0
29746,13151,316,3,7282.96,0.0
29747,13152,461,5,14975.0,0.0
29748,13153,406,3,5693.41,5.0
29749,13154,800,2,12138.75,20.0
29750,13154,144,3,19819.04,15.0
29751,13155,563,2,5661.49,15.0
29752,13155,518,4,2509.06,20.0
29753,13155,866,1,3834.44,20.0
29754,13156,724,3,11703.57,20.0
29755,13156,263,3,3234.93,0.0
29756,13156,319,3,9389.36,5.0
29757,13157,233,4,12825.71,0.0
29758,13158,890,3,10049.64,5.0
29759,13159,421,2,4302.81,0.0
29760,13160,623,5,5372.41,0.0
29761,13160,277,3,13719.42,0.0
29762,13161,857,4,9589.19,0.0
29763,13161,693,4,14898.91,10.0
29764,13162,3,3,16184.82,10.0
29765,13162,800,3,12138.75,0.0
29766,13163,390,4,3964.49,0.0
29767,13163,419,5,4421.89,15.0
29768,13164,509,1,8432.77,0.0
29769,13165,67,3,18601.02,10.0
29770,13165,301,5,21720.03,10.0
29771,13165,227,4,2720.12,0.0
29772,13166,442,2,11650.88,0.0
29773,13167,474,1,10258.52,5.0
29774,13167,61,4,6502.87,10.0
29775,13168,323,3,920.73,0.0
29776,13168,815,4,20541.91,10.0
29777,13168,148,1,17262.89,0.0
29778,13169,706,4,12213.81,10.0
29779,13169,115,2,14046.49,0.0
29780,13169,91,1,11076.97,0.0
29781,13169,504,2,13358.18,0.0
29782,13170,810,3,15563.4,15.0
29783,13170,246,2,3854.15,20.0
29784,13170,234,4,10860.79,0.0
29785,13171,798,5,4100.19,0.0
29786,13171,371,1,1636.75,15.0
29787,13172,656,2,23607.08,10.0
29788,13172,550,2,9953.79,20.0
29789,13173,470,5,14455.32,0.0
29790,13174,500,2,6694.37,15.0
29791,13175,592,1,4181.43,0.0
29792,13175,328,3,15690.65,0.0
29793,13175,858,2,23207.14,10.0
29794,13176,241,5,11844.31,0.0
29795,13177,310,5,20036.92,0.0
29796,13178,247,2,1089.6,0.0
29797,13178,404,3,653.1,10.0
29798,13179,639,5,2960.19,10.0
29799,13180,839,4,14313.81,0.0
29800,13181,61,2,6502.87,10.0
29801,13181,514,4,25746.27,0.0
29802,13182,297,2,17238.41,10.0
29803,13182,420,4,9360.46,0.0
29804,13182,409,3,19362.42,15.0
29805,13183,609,1,8508.77,15.0
29806,13183,102,2,7542.37,0.0
29807,13183,262,1,4228.73,15.0
29808,13183,446,3,18287.32,0.0
29809,13184,346,5,8215.18,20.0
29810,13184,1,2,23380.27,5.0
29811,13185,719,1,7305.31,20.0
29812,13186,171,4,18491.26,20.0
29813,13187,836,2,17573.65,5.0
29814,13188,26,4,12446.22,0.0
29815,13189,21,5,20625.3,15.0
29816,13190,661,5,13705.81,0.0
29817,13190,245,4,13338.0,5.0
29818,13191,278,2,8494.62,15.0
29819,13192,317,3,14112.86,10.0
29820,13192,92,2,18578.14,0.0
29821,13193,139,1,7956.39,20.0
29822,13193,782,2,19248.75,0.0
29823,13194,20,4,377.42,20.0
29824,13194,754,1,12241.6,15.0
29825,13194,103,1,8717.09,20.0
29826,13194,744,4,6614.57,10.0
29827,13195,705,4,4673.98,0.0
29828,13195,654,2,16228.87,10.0
