order_id,customer_id,employee_id,order_date,order_status
1,451,20,2023-03-06,Delivered
2,3599,44,2025-11-07,Returned
3,481,8,2022-10-19,Delivered
4,1414,54,2025-10-15,Delivered
5,1615,23,2023-08-23,Delivered
6,1409,23,2024-01-03,Delivered
7,510,27,2024-07-22,Delivered
8,665,55,2022-06-27,Returned
9,3557,56,2022-12-08,Pending
10,2384,51,2025-09-03,Delivered
11,2946,16,2022-02-11,Pending
12,3063,10,2022-09-14,Returned
13,2591,34,2022-03-20,Delivered
14,3282,26,2023-09-02,Delivered
15,200,7,2023-05-20,Delivered
16,867,39,2025-06-02,Delivered
17,760,41,2023-06-14,Delivered
18,3985,11,2025-09-22,Cancelled
19,3679,44,2024-08-15,Cancelled
20,919,14,2022-11-28,Cancelled
21,3468,4,2024-10-28,Delivered
22,1237,26,2025-03-07,Delivered
23,3033,44,2024-07-13,Delivered
24,3454,40,2022-06-15,Delivered
25,1131,36,2024-10-09,Cancelled
26,1295,33,2024-03-29,Delivered
27,3221,30,2025-10-23,Delivered
28,1115,51,2024-05-18,Cancelled
29,3218,5,2022-04-10,Pending
30,3075,7,2023-04-27,Cancelled
31,64,57,2025-10-08,Delivered
32,1525,37,2025-10-17,Returned
33,2766,46,2023-09-20,Returned
34,1247,45,2022-07-24,Pending
35,3788,18,2025-02-22,Delivered
36,1344,6,2022-08-14,Pending
37,819,27,2025-05-25,Delivered
38,543,39,2023-01-17,Delivered
39,2339,33,2024-04-30,Pending
40,506,9,2024-04-02,Pending
41,917,35,2024-12-10,Delivered
42,1374,57,2024-02-20,Delivered
43,1945,27,2022-07-18,Returned
44,2000,15,2022-08-19,Cancelled
45,3921,17,2024-03-06,Delivered
46,708,1,2022-02-27,Delivered
47,3222,54,2022-06-11,Pending
48,2774,8,2025-09-16,Returned
49,1293,5,2022-03-31,Delivered
50,3065,29,2022-12-15,Delivered
51,3679,29,2025-11-27,Cancelled
52,3391,34,2025-09-05,Delivered
53,524,18,2025-01-23,Pending
54,3096,7,2022-01-20,Delivered
55,453,27,2023-02-14,Pending
56,2088,53,2022-12-31,Returned
57,3253,34,2025-11-13,Returned
58,539,49,2023-03-01,Returned
59,3744,45,2023-02-03,Delivered
60,1436,45,2025-05-18,Pending
61,1368,24,2024-11-22,Pending
62,3822,56,2023-04-26,Returned
63,186,39,2025-07-18,Delivered
64,1258,5,2025-05-14,Returned
65,842,58,2022-08-06,Pending
66,2788,23,2023-06-13,Delivered
67,2607,39,2023-05-12,Delivered
68,1415,24,2025-04-01,Cancelled
69,3276,7,2024-08-01,Delivered
70,174,14,2025-06-27,Delivered
71,645,8,2024-09-07,Returned
72,1414,9,2025-08-25,Delivered
73,3911,47,2023-04-16,Pending
74,451,58,2025-01-19,Delivered
75,3973,18,2022-11-15,Returned
76,2402,28,2025-09-08,Delivered
77,902,30,2022-03-21,Delivered
78,447,44,2025-07-21,Cancelled
79,3116,58,2022-05-25,Delivered
80,2773,12,2022-03-14,Returned
81,850,6,2025-03-10,Delivered
82,2844,44,2022-02-03,Pending
83,702,19,2022-01-05,Delivered
84,1280,44,2024-11-25,Cancelled
85,3441,34,2024-02-20,Delivered
86,827,25,2025-06-24,Delivered
87,106,37,2023-12-13,Delivered
88,2825,56,2024-05-14,Delivered
89,2192,26,2023-11-04,Delivered
90,2081,49,2025-04-27,Pending
91,1317,48,2025-06-04,Returned
92,2704,17,2024-07-24,Delivered
93,2788,40,2024-06-20,Delivered
94,3712,46,2024-07-06,Delivered
95,1506,1,2025-08-29,Delivered
96,3206,7,2024-02-27,Delivered
97,2993,28,2025-03-24,Cancelled
98,3019,22,2024-04-17,Delivered
99,1011,38,2022-12-10,Delivered
100,3517,28,2022-12-20,Pending
101,3524,16,2024-11-25,Returned
102,250,43,2024-02-29,Delivered
103,408,2,2022-06-12,Pending
104,1790,42,2024-10-28,Pending
105,2213,4,2023-03-19,Delivered
106,1010,17,2023-09-15,Returned
107,3641,39,2024-02-13,Returned
108,1958,6,2024-09-03,Returned
109,2929,57,2022-10-06,Delivered
110,3111,33,2025-06-11,Cancelled
111,3273,19,2024-10-25,Returned
112,923,51,2023-06-04,Pending
113,110,56,2024-09-10,Delivered
114,3648,21,2024-08-22,Pending
115,279,51,2022-03-08,Returned
116,708,16,2023-08-18,Returned
117,2939,24,2023-05-19,Delivered
118,1590,48,2023-05-18,Pending
119,380,39,2025-11-12,Pending
120,3160,44,2023-10-14,Cancelled
121,1443,47,2023-09-20,Delivered
122,3485,47,2025-04-10,Delivered
123,3453,24,2025-12-29,Delivered
124,322,18,2022-12-03,Returned
125,1690,32,2024-05-15,Delivered
126,1593,14,2022-06-30,Cancelled
127,2129,17,2024-07-18,Returned
128,2791,19,2022-07-31,Delivered
129,3519,56,2024-04-12,Delivered
130,3754,6,2023-02-21,Delivered
131,3033,24,2023-02-05,Delivered
132,3240,8,2024-09-28,Cancelled
133,2440,20,2025-12-16,Returned
134,525,25,2024-08-01,Delivered
135,2667,6,2025-01-26,Returned
136,3218,20,2022-11-18,Delivered
137,486,12,2022-05-10,Cancelled
138,3661,19,2024-04-02,Delivered
139,917,55,2022-04-21,Delivered
140,1374,1,2024-07-10,Delivered
141,2869,36,2023-09-13,Returned
142,3461,12,2025-05-08,Cancelled
143,1234,22,2022-11-09,Delivered
144,498,59,2025-11-23,Returned
145,3914,55,2025-12-09,Returned
146,1938,53,2024-10-28,Delivered
147,1868,11,2025-08-24,Pending
148,3310,32,2025-03-19,Pending
149,238,46,2023-02-17,Delivered
150,802,40,2024-10-07,Returned
151,583,10,2025-06-03,Delivered
152,1529,44,2024-11-14,Pending
153,1333,36,2022-02-28,Delivered
154,3428,45,2025-05-28,Delivered
155,2967,33,2025-04-11,Cancelled
156,3419,22,2025-07-08,Pending
157,2381,29,2024-02-20,Delivered
158,252,27,2025-08-18,Delivered
159,1280,43,2024-07-04,Delivered
160,1187,55,2024-12-03,Cancelled
161,1637,17,2024-07-30,Pending
162,2748,23,2022-07-10,Returned
163,601,43,2024-03-17,Delivered
164,2413,26,2025-07-07,Cancelled
165,3094,35,2025-09-20,Delivered
166,2441,58,2024-11-10,Cancelled
167,1964,32,2024-04-18,Returned
168,2236,18,2023-07-29,Cancelled
169,708,23,2025-07-26,Delivered
170,3304,22,2025-05-13,Returned
171,1945,18,2022-06-28,Returned
172,735,28,2024-06-27,Delivered
173,3772,18,2025-06-09,Delivered
174,2856,26,2024-06-21,Cancelled
175,1620,48,2024-10-29,Pending
176,3899,3,2022-06-25,Pending
177,2552,51,2023-03-17,Delivered
178,1176,28,2025-09-03,Returned
179,3754,13,2023-09-07,Cancelled
180,3788,24,2024-12-15,Delivered
181,3605,23,2023-05-17,Cancelled
182,2261,55,2023-07-02,Returned
183,1280,40,2025-03-20,Delivered
184,1609,27,2024-06-29,Returned
185,1655,21,2025-08-22,Pending
186,3698,6,2022-11-22,Delivered
187,2226,42,2024-11-14,Delivered
188,3623,54,2022-02-15,Pending
189,309,30,2024-09-16,Delivered
190,1678,22,2023-02-26,Returned
191,211,34,2025-08-12,Delivered
192,2244,2,2024-01-11,Delivered
193,983,41,2023-09-19,Delivered
194,3580,40,2022-04-21,Delivered
195,2974,30,2022-09-13,Delivered
196,2791,16,2025-09-20,Delivered
197,2333,22,2024-04-01,Delivered
198,2964,32,2023-09-25,Delivered
199,716,16,2022-10-24,Cancelled
200,1586,32,2025-05-09,Delivered
201,3623,13,2024-04-20,Delivered
202,22,30,2022-07-28,Delivered
203,3360,52,2025-11-21,Delivered
204,3610,13,2025-05-31,Pending
205,1059,49,2022-08-03,Delivered
206,836,34,2023-10-03,Delivered
207,3692,60,2025-04-13,Delivered
208,1704,57,2025-10-11,Pending
209,631,35,2025-01-07,Delivered
210,3821,7,2023-02-02,Cancelled
211,3992,20,2022-12-04,Delivered
212,3599,47,2025-03-08,Delivered
213,3978,58,2025-09-29,Delivered
214,3795,10,2024-03-09,Pending
215,3127,27,2023-05-01,Returned
216,1814,28,2025-04-09,Delivered
217,781,5,2023-06-25,Returned
218,2647,52,2022-10-28,Pending
219,3539,21,2024-07-13,Delivered
220,3816,21,2023-07-28,Delivered
221,85,44,2023-11-24,Delivered
222,1013,29,2024-05-28,Cancelled
223,2318,6,2023-06-17,Delivered
224,1590,58,2022-07-19,Delivered
225,56,13,2022-01-04,Cancelled
226,51,27,2025-09-16,Returned
227,2370,1,2024-09-16,Delivered
228,3045,55,2024-11-23,Delivered
229,217,15,2025-10-06,Delivered
230,2173,20,2022-08-12,Cancelled
231,1798,51,2023-05-28,Pending
232,3679,46,2025-05-05,Delivered
233,672,38,2024-03-12,Delivered
234,19,9,2022-12-23,Delivered
235,1277,33,2022-01-22,Delivered
236,2903,41,2022-06-19,Delivered
237,1244,25,2025-03-21,Delivered
238,710,59,2025-01-17,Delivered
239,2968,38,2025-12-17,Delivered
240,3008,6,2024-09-22,Returned
241,273,58,2025-03-19,Delivered
242,1374,17,2025-01-12,Pending
243,3273,29,2024-02-28,Cancelled
244,1874,30,2024-08-09,Pending
245,2740,52,2024-07-20,Returned
246,1728,15,2022-12-29,Delivered
247,1569,8,2022-01-01,Delivered
248,2042,47,2023-03-21,Pending
249,286,55,2023-08-16,Delivered
250,3746,31,2024-04-26,Pending
251,2687,31,2024-03-14,Delivered
252,782,25,2025-10-31,Cancelled
253,3176,2,2023-02-21,Cancelled
254,3996,23,2024-05-03,Delivered
255,2220,3,2025-07-03,Pending
256,1747,15,2024-10-14,Delivered
257,3542,16,2024-01-03,Delivered
258,24,27,2025-01-10,Returned
259,1169,18,2024-02-16,Delivered
260,1853,40,2023-12-06,Returned
261,1494,50,2022-10-15,Cancelled
262,40,3,2024-02-23,Pending
263,3730,34,2022-01-21,Delivered
264,31,21,2023-05-23,Delivered
265,1972,36,2024-12-21,Returned
266,446,40,2023-10-30,Cancelled
267,1449,37,2024-12-10,Pending
268,3757,20,2025-03-08,Delivered
269,3597,16,2023-02-03,Pending
270,92,21,2022-06-10,Returned
271,65,10,2022-02-13,Delivered
272,318,26,2023-07-19,Cancelled
273,2170,21,2025-08-24,Returned
274,3177,37,2024-07-05,Delivered
275,1851,4,2024-09-12,Cancelled
276,3217,36,2023-03-19,Delivered
277,2964,39,2022-11-11,Delivered
278,2483,22,2024-10-21,Returned
279,3624,47,2022-08-07,Cancelled
280,1617,5,2025-03-16,Delivered
281,3363,23,2022-09-16,Delivered
282,3874,18,2025-03-24,Returned
283,372,28,2023-03-09,Pending
284,2171,22,2024-07-30,Delivered
285,1390,11,2024-02-29,Delivered
286,2619,12,2023-09-08,Returned
287,2239,11,2023-06-13,Delivered
288,1409,40,2024-08-05,Cancelled
289,1898,49,2025-12-27,Pending
290,40,49,2023-04-09,Delivered
291,760,1,2025-05-16,Delivered
292,143,26,2024-02-22,Returned
293,708,4,2025-05-04,Pending
294,700,30,2023-05-11,Delivered
295,3089,41,2022-05-15,Cancelled
296,2853,34,2023-07-13,Delivered
297,1929,59,2025-11-21,Delivered
298,767,48,2023-09-09,Delivered
299,2081,46,2025-07-26,Delivered
300,1994,32,2023-05-26,Pending
301,2301,39,2022-10-22,Returned
302,708,44,2025-03-22,Delivered
303,807,12,2024-11-17,Delivered
304,2383,7,2023-03-30,Delivered
305,3762,4,2023-01-06,Delivered
306,1174,2,2025-07-21,Cancelled
307,3624,21,2022-05-29,Delivered
308,3611,32,2025-12-22,Delivered
309,1233,41,2025-12-01,Delivered
310,337,6,2025-04-30,Cancelled
311,3351,15,2024-11-11,Pending
312,1593,58,2022-02-13,Delivered
313,2192,8,2023-11-14,Returned
314,1074,12,2024-11-20,Returned
315,636,55,2022-06-02,Returned
316,2131,28,2022-05-30,Delivered
317,3082,25,2024-10-22,Pending
318,3255,45,2024-05-15,Delivered
319,3114,47,2023-03-20,Cancelled
320,472,35,2025-05-01,Delivered
321,3282,36,2024-12-07,Delivered
322,3200,23,2024-05-11,Cancelled
323,1541,26,2025-02-14,Cancelled
324,3839,1,2025-07-31,Cancelled
325,2204,30,2023-03-08,Delivered
326,3428,39,2024-06-27,Cancelled
327,1913,30,2022-06-12,Delivered
328,1940,29,2024-02-03,Delivered
329,1692,53,2024-04-03,Delivered
330,1596,28,2023-11-10,Pending
331,3212,36,2024-09-12,Delivered
332,3144,10,2022-01-26,Pending
333,3812,19,2023-11-22,Delivered
334,152,33,2022-03-16,Returned
335,1102,34,2024-11-10,Delivered
336,3751,52,2023-08-01,Delivered
337,3772,21,2022-11-19,Cancelled
338,3331,18,2022-08-06,Delivered
339,1864,11,2022-10-25,Delivered
340,22,11,2022-09-18,Delivered
341,3468,30,2024-07-13,Pending
342,3964,41,2022-12-06,Pending
343,3688,32,2024-12-15,Cancelled
344,2722,36,2024-02-21,Pending
345,2856,21,2025-02-03,Pending
346,3241,36,2022-11-02,Delivered
347,1093,30,2022-06-07,Delivered
348,3400,41,2025-04-17,Pending
349,3128,37,2024-04-17,Delivered
350,3883,48,2022-09-12,Pending
351,3947,25,2025-09-09,Returned
352,988,19,2022-05-10,Delivered
353,2619,34,2022-08-01,Delivered
354,3122,1,2023-09-27,Delivered
355,40,52,2024-03-02,Delivered
356,328,2,2023-02-10,Delivered
357,1256,21,2024-08-28,Delivered
358,3045,29,2022-01-08,Cancelled
359,80,15,2022-12-10,Delivered
360,1844,16,2022-06-29,Returned
361,2399,3,2024-03-06,Delivered
362,1858,30,2025-05-12,Delivered
363,3090,58,2025-08-23,Delivered
364,2068,32,2023-03-31,Returned
365,178,29,2024-12-16,Delivered
366,3540,28,2022-04-17,Delivered
367,1790,6,2024-01-01,Delivered
368,1736,11,2023-04-14,Cancelled
369,2722,12,2024-02-27,Returned
370,3027,54,2024-07-23,Delivered
371,3560,28,2025-11-23,Delivered
372,3785,36,2023-12-16,Pending
373,3079,52,2024-03-05,Cancelled
374,1639,58,2024-09-13,Cancelled
375,2226,56,2023-04-14,Pending
376,578,25,2022-10-07,Delivered
377,1719,49,2023-06-23,Delivered
378,2084,1,2022-07-28,Delivered
379,1160,43,2022-09-28,Delivered
380,563,22,2022-02-18,Cancelled
381,1086,55,2025-04-13,Delivered
382,2931,33,2022-06-17,Delivered
383,247,49,2025-10-25,Returned
384,928,41,2023-05-17,Returned
385,3254,49,2022-06-17,Cancelled
386,668,27,2023-06-21,Pending
387,3534,13,2023-10-11,Returned
388,695,15,2025-03-28,Returned
389,3363,9,2024-12-28,Delivered
390,2919,37,2023-10-20,Pending
391,1151,52,2025-07-13,Delivered
392,1031,3,2024-05-22,Delivered
393,1477,31,2022-06-24,Pending
394,3645,45,2022-04-25,Pending
395,2848,4,2022-12-18,Delivered
396,2177,11,2022-08-27,Delivered
397,1013,10,2023-01-25,Delivered
398,3004,30,2023-04-11,Returned
399,1461,49,2023-12-11,Delivered
400,349,5,2024-09-08,Returned
401,486,28,2022-10-31,Delivered
402,2589,19,2022-11-25,Delivered
403,3935,16,2022-03-07,Returned
404,1449,44,2024-12-04,Cancelled
405,1634,49,2023-08-19,Cancelled
406,2614,40,2024-07-08,Pending
407,3864,44,2022-05-23,Delivered
408,1818,23,2023-11-11,Delivered
409,3584,17,2025-12-25,Delivered
410,62,14,2024-05-06,Delivered
411,3824,13,2024-07-24,Delivered
412,3305,26,2023-03-29,Delivered
413,1414,1,2023-05-25,Delivered
414,148,44,2025-01-24,Delivered
415,1821,47,2025-09-05,Delivered
416,2666,19,2022-07-16,Delivered
417,2673,46,2024-05-01,Delivered
418,211,45,2022-11-30,Delivered
419,1408,16,2023-12-18,Delivered
420,928,39,2024-01-16,Delivered
421,852,30,2024-07-01,Returned
422,1277,35,2025-04-18,Delivered
423,3930,20,2022-09-26,Delivered
424,2785,57,2023-01-06,Delivered
425,1486,29,2024-10-12,Cancelled
426,2766,52,2025-01-27,Delivered
427,674,29,2023-05-28,Delivered
428,188,52,2022-08-12,Delivered
429,291,1,2024-11-18,Delivered
430,2971,37,2024-11-23,Cancelled
431,3486,16,2025-03-17,Cancelled
432,236,59,2023-03-28,Delivered
433,313,47,2025-08-09,Cancelled
434,247,46,2025-03-10,Delivered
435,2858,55,2025-08-31,Pending
436,3004,43,2023-06-02,Pending
437,1793,41,2023-12-05,Delivered
438,3422,17,2023-05-26,Delivered
439,2648,48,2022-04-21,Delivered
440,1041,60,2025-10-08,Delivered
441,2457,20,2023-03-23,Delivered
442,2168,30,2024-03-05,Delivered
443,1674,10,2023-01-26,Delivered
444,617,36,2023-11-14,Returned
445,1945,16,2023-10-05,Returned
446,883,9,2022-09-20,Delivered
447,2861,22,2022-03-10,Cancelled
448,919,3,2022-11-01,Delivered
449,3444,20,2023-06-28,Pending
450,511,36,2025-02-28,Delivered
451,493,58,2022-11-12,Delivered
452,3135,1,2023-06-10,Delivered
453,993,46,2023-11-13,Delivered
454,3743,44,2023-10-01,Pending
455,899,37,2025-05-15,Delivered
456,2196,45,2023-05-16,Delivered
457,1177,10,2022-05-08,Cancelled
458,179,28,2025-08-10,Delivered
459,809,3,2022-04-25,Delivered
460,2217,58,2022-12-02,Delivered
461,708,38,2025-07-24,Pending
462,589,11,2022-12-21,Delivered
463,2383,15,2025-08-29,Delivered
464,3862,32,2025-01-13,Cancelled
465,3464,2,2022-06-12,Delivered
466,1694,33,2025-04-02,Delivered
467,1393,53,2025-11-19,Pending
468,1247,59,2023-12-03,Delivered
469,2504,17,2022-01-29,Delivered
470,2231,30,2024-07-27,Pending
471,294,51,2025-05-11,Delivered
472,3610,1,2023-12-01,Delivered
473,355,45,2025-08-06,Delivered
474,928,38,2024-12-08,Delivered
475,3695,2,2022-06-23,Cancelled
476,3276,8,2024-08-23,Delivered
477,3033,7,2022-04-23,Delivered
478,1762,29,2025-12-03,Delivered
479,439,3,2025-03-14,Delivered
480,3380,2,2022-12-28,Delivered
481,2931,15,2025-12-11,Returned
482,2193,24,2025-07-02,Pending
483,2939,21,2025-05-03,Pending
484,3177,40,2023-06-13,Returned
485,3253,29,2023-08-21,Delivered
486,3505,26,2025-03-20,Pending
487,1583,32,2022-07-01,Pending
488,2409,33,2022-06-11,Delivered
489,2849,33,2024-03-31,Delivered
490,1822,2,2025-03-02,Cancelled
491,630,29,2025-04-25,Delivered
492,3270,34,2024-02-01,Pending
493,3390,21,2025-05-06,Delivered
494,2112,47,2025-11-23,Delivered
495,1225,10,2023-12-10,Cancelled
496,487,46,2025-06-02,Delivered
497,2119,7,2024-09-13,Returned
498,65,30,2023-01-11,Delivered
499,2903,54,2023-01-06,Delivered
500,2754,35,2024-12-10,Delivered
501,2711,45,2023-03-13,Delivered
502,2408,39,2022-02-25,Delivered
503,2231,39,2023-05-12,Delivered
504,3288,9,2025-12-07,Delivered
505,2079,9,2025-12-18,Delivered
506,3153,12,2025-08-25,Returned
507,1629,27,2023-01-21,Pending
508,980,35,2025-12-01,Delivered
509,1838,27,2022-06-08,Delivered
510,1507,46,2023-08-31,Delivered
511,3648,11,2025-09-19,Cancelled
512,2829,34,2023-09-28,Delivered
513,3624,16,2022-06-12,Returned
514,2589,56,2024-07-31,Delivered
515,1775,34,2024-06-12,Delivered
516,1986,35,2025-12-09,Returned
517,2486,29,2025-02-23,Delivered
518,3527,41,2025-12-13,Delivered
519,3910,29,2024-10-20,Returned
520,1021,4,2022-09-15,Pending
521,3778,29,2022-02-16,Delivered
522,3388,51,2025-12-05,Returned
523,1356,7,2022-08-01,Delivered
524,1320,26,2025-08-13,Delivered
525,1375,18,2024-11-20,Returned
526,3221,11,2023-08-04,Cancelled
527,2939,58,2022-11-28,Delivered
528,2929,2,2025-07-26,Cancelled
529,1135,37,2024-11-13,Delivered
530,3964,36,2025-07-03,Delivered
531,80,8,2024-01-20,Pending
532,1507,26,2024-07-27,Delivered
533,923,5,2023-10-15,Delivered
534,3119,58,2023-08-29,Delivered
535,2953,6,2024-06-26,Delivered
536,2917,23,2022-11-25,Returned
537,295,30,2025-10-01,Pending
538,2850,41,2025-12-24,Delivered
539,2303,21,2022-11-02,Delivered
540,125,33,2025-01-25,Delivered
541,3189,55,2023-05-11,Delivered
542,2441,15,2023-08-17,Returned
543,775,23,2024-09-06,Cancelled
544,2992,39,2023-06-02,Delivered
545,2925,1,2022-06-26,Cancelled
546,3254,39,2025-11-05,Cancelled
547,3273,19,2022-09-21,Delivered
548,3772,3,2022-07-08,Delivered
549,245,36,2025-01-21,Returned
550,742,13,2022-08-28,Pending
551,186,13,2023-10-20,Delivered
552,3315,57,2025-11-25,Delivered
553,2234,19,2022-03-15,Delivered
554,1220,38,2024-01-24,Delivered
555,2213,50,2024-03-11,Delivered
556,645,23,2025-12-19,Pending
557,3093,32,2025-08-08,Cancelled
558,2674,40,2024-02-16,Pending
559,3935,26,2025-11-06,Cancelled
560,3485,4,2022-03-01,Delivered
561,3644,2,2025-04-02,Delivered
562,3729,49,2024-04-11,Delivered
563,2801,47,2022-01-11,Pending
564,669,44,2024-02-05,Cancelled
565,2425,56,2022-12-05,Pending
566,2622,54,2025-07-24,Delivered
567,3783,27,2023-06-07,Delivered
568,2236,46,2023-06-29,Delivered
569,1945,22,2023-12-08,Delivered
570,24,33,2022-07-31,Delivered
571,3314,14,2025-12-10,Delivered
572,986,39,2022-12-07,Delivered
573,3935,33,2023-05-21,Delivered
574,3764,2,2023-02-11,Delivered
575,43,15,2022-01-15,Pending
576,718,32,2022-11-03,Delivered
577,3076,51,2022-04-24,Cancelled
578,2733,13,2023-06-14,Delivered
579,1390,52,2025-11-20,Pending
580,486,41,2023-05-31,Cancelled
581,74,45,2024-05-10,Delivered
582,1180,19,2025-06-09,Returned
583,2218,54,2025-11-25,Returned
584,3485,38,2025-09-18,Pending
585,1294,44,2022-08-29,Pending
586,3033,39,2024-09-23,Returned
587,3090,30,2025-02-13,Delivered
588,1557,29,2024-04-09,Delivered
589,1273,12,2025-07-05,Returned
590,3559,52,2024-08-24,Returned
591,232,59,2022-10-11,Delivered
592,310,54,2024-12-10,Pending
593,1280,60,2024-04-01,Delivered
594,3988,33,2023-05-09,Delivered
595,3793,50,2025-10-05,Cancelled
596,3396,32,2024-07-27,Delivered
597,1571,16,2022-12-20,Delivered
598,290,40,2024-04-17,Returned
599,3931,14,2025-01-29,Delivered
600,3583,46,2022-01-03,Pending
601,3492,38,2022-02-13,Delivered
602,2464,41,2024-11-14,Pending
603,3917,51,2025-12-17,Delivered
604,1414,32,2023-09-16,Cancelled
605,2990,52,2023-08-10,Returned
606,2378,11,2024-10-25,Delivered
607,1059,13,2023-09-22,Delivered
608,2152,55,2024-03-07,Returned
609,1546,6,2024-06-05,Cancelled
610,3474,31,2024-01-24,Delivered
611,2960,37,2025-04-30,Delivered
612,981,26,2024-04-15,Cancelled
613,3667,54,2023-03-25,Delivered
614,1449,53,2025-12-02,Returned
615,668,15,2023-02-07,Returned
616,2491,18,2024-01-22,Delivered
617,61,18,2024-08-09,Delivered
618,2665,43,2024-02-29,Cancelled
619,3291,23,2023-09-22,Delivered
620,740,28,2023-08-16,Delivered
621,927,42,2025-05-18,Delivered
622,1000,41,2025-03-17,Delivered
623,3161,44,2024-11-26,Pending
624,1106,11,2022-07-13,Cancelled
625,3099,9,2023-11-11,Delivered
626,1042,20,2024-10-09,Delivered
627,3893,47,2025-06-14,Delivered
628,306,37,2024-03-31,Delivered
629,1702,36,2025-02-26,Delivered
630,3631,43,2025-08-30,Delivered
631,152,4,2022-11-03,Returned
632,3071,51,2024-08-02,Delivered
633,2617,28,2025-09-29,Delivered
634,3089,20,2025-01-28,Cancelled
635,3479,10,2024-04-26,Delivered
636,2663,41,2025-11-15,Delivered
637,3669,53,2025-06-16,Returned
638,1354,59,2025-12-19,Returned
639,751,27,2024-06-10,Cancelled
640,2671,2,2025-09-12,Delivered
641,1403,48,2024-07-09,Delivered
642,2963,18,2023-05-18,Pending
643,1476,40,2023-03-15,Cancelled
644,1065,33,2025-03-14,Returned
645,1212,20,2023-04-21,Delivered
646,3167,12,2022-07-29,Returned
647,1021,3,2023-03-06,Delivered
648,241,30,2024-05-31,Returned
649,1105,47,2025-03-22,Pending
650,333,41,2025-02-27,Returned
651,1212,14,2023-03-20,Delivered
652,1862,1,2022-07-25,Pending
653,3610,11,2025-04-15,Delivered
654,3780,23,2024-08-11,Delivered
655,3378,24,2022-03-16,Delivered
656,3780,38,2023-04-01,Pending
657,2850,10,2025-05-08,Pending
658,3949,60,2024-01-19,Delivered
659,1028,14,2022-10-15,Delivered
660,3851,14,2024-09-05,Pending
661,2524,1,2024-03-06,Delivered
662,3454,9,2022-03-09,Returned
663,1716,5,2024-05-29,Delivered
664,2614,35,2022-06-17,Delivered
665,3224,21,2024-01-02,Cancelled
666,286,39,2024-05-31,Cancelled
667,1898,56,2025-01-26,Delivered
668,1266,50,2022-07-31,Returned
669,1188,3,2025-02-04,Pending
670,306,2,2024-04-07,Delivered
671,626,45,2024-07-24,Delivered
672,1021,59,2023-12-15,Cancelled
673,76,19,2025-06-24,Delivered
674,3149,49,2025-07-08,Cancelled
675,3878,13,2022-04-02,Delivered
676,2186,19,2025-10-08,Returned
677,1800,9,2025-05-31,Pending
678,3063,26,2024-06-10,Delivered
679,3153,27,2024-09-16,Returned
680,2501,48,2024-10-02,Pending
681,696,21,2022-10-31,Delivered
682,3419,54,2022-03-11,Delivered
683,300,29,2023-01-04,Delivered
684,3416,58,2023-04-12,Delivered
685,751,24,2024-04-27,Delivered
686,2174,16,2022-11-03,Delivered
687,1055,47,2022-08-12,Pending
688,1039,17,2025-11-23,Pending
689,1985,60,2024-12-23,Delivered
690,3182,58,2024-11-24,Delivered
691,2314,11,2024-04-16,Delivered
692,1599,56,2022-09-19,Delivered
693,2490,10,2023-02-05,Returned
694,947,21,2022-08-28,Delivered
695,2583,48,2024-12-15,Delivered
696,1764,59,2024-02-15,Returned
697,1387,21,2025-12-18,Returned
698,3828,14,2024-03-09,Cancelled
699,2079,31,2023-08-29,Returned
700,2759,51,2025-05-08,Delivered
701,1057,15,2023-05-13,Delivered
702,1065,48,2023-02-26,Pending
703,3315,35,2025-12-06,Delivered
704,2219,33,2024-04-06,Delivered
705,1273,38,2022-04-03,Delivered
706,3351,17,2025-02-14,Delivered
707,2139,31,2024-10-13,Delivered
708,3556,23,2024-04-03,Delivered
709,1673,8,2023-01-06,Pending
710,2508,11,2024-09-11,Cancelled
711,1388,47,2024-01-08,Returned
712,1846,3,2023-07-14,Cancelled
713,963,22,2024-12-03,Pending
714,1622,7,2022-11-12,Delivered
715,79,31,2025-12-20,Delivered
716,2927,34,2022-07-14,Delivered
717,784,5,2025-06-29,Delivered
718,1831,22,2025-03-26,Delivered
719,2219,32,2024-01-20,Cancelled
720,777,6,2024-09-21,Delivered
721,618,13,2023-02-15,Cancelled
722,133,3,2022-07-12,Delivered
723,2562,20,2023-08-03,Delivered
724,3075,56,2024-12-10,Delivered
725,2828,2,2023-10-01,Pending
726,2244,15,2024-12-22,Returned
727,559,3,2023-01-07,Pending
728,3218,4,2024-01-16,Cancelled
729,3510,42,2024-01-16,Delivered
730,458,54,2024-08-13,Returned
731,2737,28,2024-11-06,Delivered
732,170,60,2024-12-08,Delivered
733,3253,59,2023-02-03,Pending
734,2399,54,2024-10-06,Returned
735,1221,48,2023-11-17,Cancelled
736,1226,29,2022-06-10,Delivered
737,3028,3,2025-07-31,Delivered
738,795,39,2025-08-18,Delivered
739,3001,40,2023-06-14,Delivered
740,2754,35,2023-03-19,Delivered
741,1403,48,2024-12-10,Delivered
742,1270,6,2023-12-22,Delivered
743,668,27,2024-01-10,Cancelled
744,964,13,2023-08-20,Delivered
745,179,16,2023-03-24,Pending
746,3302,49,2025-03-24,Delivered
747,3559,8,2025-10-28,Pending
748,2217,37,2025-07-22,Delivered
749,1985,6,2023-06-24,Delivered
750,1247,46,2024-08-26,Cancelled
751,2999,44,2023-01-11,Delivered
752,2465,31,2023-11-16,Delivered
753,3428,60,2022-07-14,Pending
754,1174,24,2025-05-10,Returned
755,2334,29,2022-01-19,Delivered
756,3815,28,2023-07-02,Delivered
757,2053,34,2023-07-05,Cancelled
758,2791,40,2022-09-22,Delivered
759,919,36,2024-11-02,Delivered
760,3480,40,2024-10-26,Pending
761,3080,37,2023-10-09,Returned
762,1722,28,2022-01-11,Pending
763,2081,58,2022-09-24,Cancelled
764,3075,16,2022-03-02,Delivered
765,2974,14,2022-12-01,Delivered
766,1818,1,2022-02-15,Delivered
767,3534,45,2024-02-27,Cancelled
768,3646,45,2022-03-08,Cancelled
769,3303,29,2023-03-22,Cancelled
770,2454,48,2022-11-04,Delivered
771,154,49,2024-11-21,Pending
772,473,33,2023-12-05,Delivered
773,2762,3,2023-05-15,Delivered
774,3555,19,2024-11-15,Cancelled
775,3439,2,2024-11-11,Cancelled
776,197,16,2023-11-12,Delivered
777,3257,52,2023-03-07,Delivered
778,2964,50,2024-07-14,Returned
779,2143,9,2023-03-21,Cancelled
780,2877,3,2022-02-04,Delivered
781,1315,36,2023-09-28,Cancelled
782,3676,27,2025-09-11,Pending
783,792,50,2024-07-11,Delivered
784,3618,10,2024-10-02,Delivered
785,3114,4,2023-11-26,Delivered
786,3099,14,2023-02-21,Delivered
787,1649,49,2022-01-16,Delivered
788,2607,21,2022-11-21,Delivered
789,223,50,2025-06-15,Returned
790,1344,51,2025-02-04,Delivered
791,1898,19,2022-04-10,Delivered
792,2331,38,2022-03-29,Delivered
793,988,34,2023-09-01,Delivered
794,2756,20,2024-11-15,Returned
795,2020,19,2024-09-11,Delivered
796,3099,17,2024-08-06,Returned
797,1889,16,2024-06-24,Cancelled
798,792,20,2024-03-05,Cancelled
799,2654,40,2025-12-11,Delivered
800,1873,20,2025-08-31,Delivered
801,3697,51,2025-04-09,Pending
802,3572,38,2024-03-06,Delivered
803,2689,51,2022-10-26,Delivered
804,2607,15,2024-08-15,Delivered
805,3732,44,2025-12-29,Delivered
806,2432,21,2024-10-12,Cancelled
807,3207,52,2023-10-29,Returned
808,259,57,2023-12-24,Delivered
809,2233,42,2024-05-19,Delivered
810,1702,27,2022-08-08,Delivered
811,478,56,2024-01-26,Delivered
812,2666,34,2023-12-13,Returned
813,154,59,2023-01-16,Pending
814,1967,27,2025-12-25,Delivered
815,3634,18,2022-09-21,Delivered
816,3020,40,2022-06-08,Returned
817,2303,38,2024-04-12,Delivered
818,3457,7,2022-08-20,Pending
819,2314,56,2022-01-13,Returned
820,52,39,2022-11-10,Delivered
821,1702,53,2024-07-30,Delivered
822,247,16,2022-06-19,Cancelled
823,2929,28,2024-04-22,Delivered
824,1648,22,2024-11-10,Delivered
825,2969,9,2022-04-21,Returned
826,2968,47,2023-10-06,Delivered
827,1981,38,2022-01-06,Delivered
828,3958,25,2024-07-18,Pending
829,1078,2,2025-07-13,Pending
830,1943,22,2024-08-26,Pending
831,3677,46,2024-12-17,Delivered
832,1915,48,2024-12-18,Pending
833,23,10,2022-03-12,Delivered
834,2539,33,2022-03-09,Pending
835,1374,50,2024-01-18,Returned
836,1295,31,2025-12-22,Pending
837,2521,58,2023-08-01,Delivered
838,458,51,2024-08-05,Delivered
839,3175,54,2023-04-04,Pending
840,2090,42,2025-01-09,Delivered
841,84,32,2023-04-30,Returned
842,3613,25,2025-05-27,Pending
843,1745,19,2025-08-11,Delivered
844,3412,23,2025-12-13,Returned
845,105,43,2024-10-15,Pending
846,3224,29,2022-08-15,Cancelled
847,2392,56,2022-02-10,Returned
848,2743,42,2022-05-20,Cancelled
849,3056,30,2022-04-11,Delivered
850,2313,51,2022-04-12,Delivered
851,2364,9,2022-07-25,Delivered
852,3517,29,2023-02-19,Returned
853,2623,44,2022-08-18,Cancelled
854,3885,37,2025-09-19,Delivered
855,1973,30,2023-06-29,Pending
856,2288,47,2024-10-14,Delivered
857,2870,60,2025-06-29,Returned
858,2756,31,2022-09-12,Delivered
859,1177,28,2025-08-04,Cancelled
860,2651,27,2025-04-13,Cancelled
861,64,16,2025-02-10,Delivered
862,3377,51,2024-09-04,Delivered
863,805,4,2022-10-06,Cancelled
864,1872,38,2025-09-22,Cancelled
865,2662,11,2022-09-19,Delivered
866,40,51,2023-05-16,Cancelled
867,2310,47,2024-09-15,Pending
868,1994,60,2025-11-25,Delivered
869,115,58,2024-07-29,Delivered
870,882,25,2025-04-26,Returned
871,3851,51,2024-08-01,Delivered
872,2703,42,2023-07-13,Delivered
873,2210,17,2025-06-28,Delivered
874,2562,7,2024-12-10,Pending
875,2908,42,2022-08-21,Delivered
876,79,21,2024-10-19,Delivered
877,3360,59,2023-10-25,Delivered
878,3700,25,2025-06-29,Returned
879,3112,19,2023-04-15,Delivered
880,3363,43,2022-04-14,Delivered
881,371,4,2024-06-23,Cancelled
882,1116,32,2023-11-24,Delivered
883,1244,43,2022-06-25,Cancelled
884,60,9,2024-11-26,Delivered
885,1590,46,2023-11-06,Delivered
886,3042,19,2022-11-24,Cancelled
887,589,14,2024-11-17,Delivered
888,1546,58,2022-09-05,Pending
889,207,10,2022-04-16,Cancelled
890,2537,5,2025-11-16,Cancelled
891,3412,30,2025-09-30,Delivered
892,2615,34,2023-10-07,Delivered
893,3579,11,2023-04-28,Delivered
894,2776,26,2022-12-23,Delivered
895,1449,16,2023-06-03,Delivered
896,917,31,2024-02-28,Delivered
897,1011,32,2025-08-03,Returned
898,802,12,2023-08-22,Pending
899,3008,59,2022-10-24,Delivered
900,3781,43,2024-12-25,Cancelled
901,1026,36,2025-09-08,Delivered
902,3624,54,2024-07-29,Cancelled
903,2123,50,2025-08-25,Delivered
904,335,53,2022-06-15,Returned
905,726,20,2025-12-19,Delivered
906,2816,37,2023-08-02,Returned
907,1932,46,2024-04-29,Delivered
908,2576,18,2024-01-06,Delivered
909,1818,40,2022-05-18,Delivered
910,1639,8,2025-12-12,Delivered
911,2754,56,2024-05-28,Delivered
912,2617,32,2023-05-02,Delivered
913,190,46,2023-02-11,Pending
914,3046,53,2025-06-28,Returned
915,567,5,2022-11-27,Delivered
916,964,16,2022-08-04,Delivered
917,457,33,2022-02-08,Delivered
918,1410,5,2025-12-17,Delivered
919,2791,28,2022-05-09,Delivered
920,1300,37,2025-05-27,Cancelled
921,2314,43,2024-10-11,Delivered
922,3624,27,2024-01-10,Delivered
923,313,22,2024-07-21,Cancelled
924,692,44,2025-10-26,Delivered
925,3311,34,2025-05-13,Pending
926,2293,28,2024-09-02,Returned
927,369,9,2023-03-13,Cancelled
928,755,3,2023-07-23,Cancelled
929,2505,27,2024-11-10,Pending
930,3203,2,2024-10-18,Cancelled
931,1822,40,2023-01-30,Cancelled
932,3360,9,2022-03-09,Delivered
933,1390,15,2024-11-23,Delivered
934,873,4,2025-11-07,Delivered
935,2294,60,2022-03-15,Delivered
936,3745,38,2022-12-04,Returned
937,3171,43,2022-01-19,Delivered
938,323,8,2022-12-22,Delivered
939,1290,7,2022-02-17,Returned
940,2322,4,2025-11-25,Delivered
941,2169,50,2022-01-29,Delivered
942,760,43,2023-08-25,Delivered
943,2868,56,2024-09-15,Returned
944,2918,39,2024-10-21,Cancelled
945,486,8,2022-08-04,Returned
946,1335,16,2022-10-06,Delivered
947,1722,7,2024-11-10,Pending
948,2990,4,2022-02-14,Delivered
949,1673,23,2024-02-20,Pending
950,3138,10,2023-02-25,Delivered
951,538,38,2022-02-25,Returned
952,868,42,2025-04-09,Delivered
953,3648,44,2023-09-26,Delivered
954,3058,16,2024-01-19,Pending
955,567,8,2024-04-18,Delivered
956,1455,14,2024-06-17,Pending
957,1116,18,2025-06-07,Cancelled
958,2771,15,2023-12-14,Cancelled
959,2015,2,2023-11-20,Delivered
960,2783,51,2023-08-27,Delivered
961,3824,37,2024-03-10,Delivered
962,2486,56,2024-11-12,Delivered
963,3744,14,2024-10-14,Delivered
964,98,38,2022-07-26,Delivered
965,1669,17,2023-12-27,Returned
966,290,37,2025-06-12,Pending
967,3704,7,2025-12-18,Delivered
968,1130,24,2022-05-01,Returned
969,1199,18,2022-11-13,Delivered
970,2761,59,2023-06-26,Cancelled
971,3926,30,2024-11-04,Delivered
972,1273,44,2025-09-11,Pending
973,630,60,2025-10-30,Delivered
974,1251,46,2022-03-04,Pending
975,1078,33,2022-06-12,Delivered
976,3700,60,2024-12-13,Returned
977,2125,13,2022-09-30,Returned
978,3878,8,2022-03-26,Delivered
979,322,17,2023-02-01,Returned
980,1583,14,2024-10-14,Delivered
981,156,5,2025-02-12,Delivered
982,1203,54,2023-04-23,Delivered
983,1273,6,2023-09-30,Cancelled
984,3129,59,2024-02-04,Cancelled
985,2,39,2022-05-01,Delivered
986,411,56,2022-11-17,Pending
987,3862,37,2024-04-26,Pending
988,3780,40,2025-07-01,Cancelled
989,3046,35,2022-04-27,Pending
990,2805,8,2023-03-29,Delivered
991,1612,34,2025-12-05,Pending
992,1621,20,2023-11-18,Delivered
993,1816,27,2025-06-27,Delivered
994,2157,3,2023-09-24,Pending
995,2303,39,2023-02-17,Pending
996,2079,29,2025-02-12,Returned
997,3251,58,2024-01-08,Cancelled
998,414,4,2024-03-20,Returned
999,3054,38,2024-07-10,Cancelled
1000,1287,37,2023-03-12,Pending
1001,2791,34,2022-10-29,Delivered
1002,2081,24,2024-03-17,Pending
1003,3626,15,2025-09-30,Returned
1004,667,24,2024-03-08,Delivered
1005,671,46,2023-09-17,Delivered
1006,3063,51,2022-01-02,Pending
1007,2829,3,2025-11-30,Delivered
1008,1139,53,2025-07-28,Delivered
1009,2013,47,2025-01-02,Delivered
1010,3436,32,2022-03-31,Delivered
1011,2288,51,2023-05-06,Delivered
1012,3085,47,2025-07-28,Pending
1013,1395,54,2022-01-13,Returned
1014,2444,10,2023-08-18,Pending
1015,1089,41,2022-05-11,Delivered
1016,811,27,2023-03-01,Returned
1017,646,14,2023-03-25,Cancelled
1018,989,56,2022-10-11,Returned
1019,1684,54,2025-09-27,Delivered
1020,1295,27,2025-01-27,Cancelled
1021,1727,53,2024-08-28,Returned
1022,598,1,2024-10-21,Returned
1023,335,32,2024-01-15,Delivered
1024,637,38,2025-02-17,Cancelled
1025,2946,5,2025-11-07,Returned
1026,2174,51,2025-10-23,Delivered
1027,661,20,2024-04-29,Pending
1028,1111,16,2022-02-10,Delivered
1029,1860,23,2023-05-31,Cancelled
1030,1647,10,2025-03-12,Delivered
1031,2127,60,2023-06-03,Delivered
1032,934,42,2024-10-24,Delivered
1033,1146,43,2023-02-21,Pending
1034,3732,58,2022-04-05,Returned
1035,3429,28,2022-09-22,Delivered
1036,3045,56,2024-01-12,Pending
1037,2632,47,2025-05-26,Delivered
1038,3807,55,2024-10-09,Pending
1039,2898,21,2025-10-16,Pending
1040,2113,11,2022-07-26,Delivered
1041,3111,41,2023-07-16,Delivered
1042,1374,22,2024-05-20,Delivered
1043,306,3,2024-12-04,Delivered
1044,3788,44,2025-01-07,Delivered
1045,2294,34,2023-09-02,Delivered
1046,1143,12,2024-11-21,Delivered
1047,23,59,2025-06-23,Delivered
1048,3788,60,2022-09-22,Pending
1049,2063,23,2024-09-01,Delivered
1050,1621,12,2024-03-08,Delivered
1051,3475,56,2022-09-19,Cancelled
1052,2619,23,2022-05-01,Returned
1053,3114,28,2022-11-19,Delivered
1054,1273,52,2024-07-03,Delivered
1055,2814,56,2025-05-21,Pending
1056,699,29,2023-12-11,Cancelled
1057,420,19,2023-01-06,Delivered
1058,3143,21,2025-05-09,Delivered
1059,863,17,2023-03-18,Delivered
1060,3444,38,2022-07-10,Delivered
1061,2174,11,2024-06-23,Delivered
1062,1479,43,2024-09-14,Delivered
1063,1020,3,2022-01-30,Delivered
1064,1972,42,2024-09-01,Delivered
1065,1120,19,2023-07-16,Pending
1066,3032,51,2025-10-04,Delivered
1067,1294,32,2023-02-22,Delivered
1068,1897,21,2024-04-23,Delivered
1069,1295,10,2023-01-09,Cancelled
1070,1767,22,2023-12-25,Delivered
1071,247,10,2024-05-29,Delivered
1072,2542,5,2023-03-28,Pending
1073,936,24,2025-07-31,Pending
1074,2367,3,2022-06-28,Returned
1075,2545,30,2025-01-07,Delivered
1076,3980,33,2022-11-16,Delivered
1077,3213,36,2023-03-31,Delivered
1078,1818,22,2025-04-01,Delivered
1079,3699,12,2024-02-12,Delivered
1080,3798,11,2024-09-26,Delivered
1081,563,47,2025-10-28,Delivered
1082,501,3,2023-12-25,Delivered
1083,3480,34,2025-11-25,Cancelled
1084,1937,52,2022-06-27,Delivered
1085,1237,35,2022-02-26,Delivered
1086,112,42,2023-02-21,Delivered
1087,313,12,2022-03-05,Delivered
1088,156,16,2024-03-19,Returned
1089,440,3,2023-01-11,Delivered
1090,3167,12,2025-06-28,Delivered
1091,1853,58,2025-03-24,Returned
1092,1580,54,2023-03-12,Pending
1093,1728,59,2022-05-29,Delivered
1094,538,30,2025-07-06,Delivered
1095,200,43,2024-11-30,Delivered
1096,61,2,2024-02-07,Pending
1097,304,12,2025-12-27,Delivered
1098,2441,30,2025-03-01,Delivered
1099,402,26,2024-07-02,Cancelled
1100,3461,35,2024-04-22,Returned
1101,2845,13,2024-11-04,Delivered
1102,2486,44,2023-11-24,Delivered
1103,1297,50,2022-06-02,Delivered
1104,1788,27,2024-09-29,Delivered
1105,919,40,2024-10-04,Delivered
1106,1059,22,2024-11-10,Delivered
1107,767,29,2022-12-09,Delivered
1108,1023,59,2023-04-29,Delivered
1109,2204,17,2022-02-26,Delivered
1110,1295,5,2022-05-16,Returned
1111,79,30,2022-04-11,Returned
1112,915,41,2025-09-08,Delivered
1113,23,20,2025-07-23,Delivered
1114,593,7,2023-07-16,Pending
1115,3428,48,2022-03-01,Delivered
1116,2486,56,2024-08-13,Pending
1117,3020,56,2022-11-29,Delivered
1118,1635,41,2025-04-19,Returned
1119,2327,12,2024-07-28,Delivered
1120,3197,41,2022-02-02,Delivered
1121,3331,39,2024-12-18,Delivered
1122,863,51,2025-10-18,Delivered
1123,2578,27,2025-09-16,Delivered
1124,3783,55,2023-10-01,Delivered
1125,440,24,2024-03-26,Returned
1126,1930,14,2024-04-01,Delivered
1127,1768,24,2024-01-14,Pending
1128,802,17,2025-03-25,Delivered
1129,783,49,2022-06-15,Returned
1130,95,58,2024-01-22,Delivered
1131,3517,42,2025-06-04,Delivered
1132,3254,42,2025-06-27,Cancelled
1133,3075,4,2024-08-09,Delivered
1134,830,59,2025-11-08,Delivered
1135,1183,5,2022-02-22,Returned
1136,2994,44,2024-02-26,Delivered
1137,1241,41,2024-05-01,Delivered
1138,2929,16,2024-07-02,Delivered
1139,2939,3,2024-03-01,Delivered
1140,3597,7,2022-08-09,Delivered
1141,8,59,2023-06-05,Pending
1142,2901,35,2024-05-01,Pending
1143,1344,3,2024-08-04,Cancelled
1144,771,3,2022-05-07,Returned
1145,1247,26,2022-01-29,Returned
1146,3378,38,2024-01-25,Delivered
1147,1497,43,2024-08-21,Returned
1148,286,21,2024-10-18,Delivered
1149,1813,29,2024-06-08,Delivered
1150,751,47,2025-10-09,Cancelled
1151,2658,4,2023-04-30,Delivered
1152,989,23,2023-09-22,Returned
1153,2100,6,2024-10-21,Delivered
1154,760,59,2022-08-01,Cancelled
1155,1790,4,2024-10-24,Delivered
1156,2758,22,2022-03-19,Pending
1157,2268,57,2023-06-01,Cancelled
1158,3473,36,2023-08-18,Delivered
1159,1167,55,2022-11-20,Pending
1160,3949,28,2023-11-03,Delivered
1161,1583,10,2022-05-04,Pending
1162,2562,4,2025-02-21,Delivered
1163,2190,57,2023-10-18,Delivered
1164,247,27,2022-05-25,Delivered
1165,2000,23,2022-10-16,Delivered
1166,2324,34,2024-10-12,Delivered
1167,186,45,2024-11-05,Delivered
1168,3753,57,2024-02-27,Delivered
1169,3444,42,2024-05-30,Delivered
1170,3412,11,2025-11-02,Delivered
1171,3374,60,2024-04-26,Delivered
1172,974,17,2024-10-29,Delivered
1173,526,7,2022-04-14,Delivered
1174,2509,40,2022-10-05,Delivered
1175,2429,21,2023-11-20,Returned
1176,68,25,2024-06-20,Delivered
1177,886,19,2025-02-25,Delivered
1178,2294,4,2024-06-13,Cancelled
1179,2079,11,2023-04-14,Returned
1180,847,35,2023-06-26,Cancelled
1181,3267,38,2023-07-20,Delivered
1182,3646,24,2022-12-14,Delivered
1183,3671,5,2024-10-25,Cancelled
1184,1395,25,2024-07-13,Delivered
1185,2352,45,2022-02-27,Delivered
1186,2939,3,2025-10-10,Delivered
1187,3002,38,2025-06-19,Delivered
1188,2196,46,2024-10-26,Returned
1189,1966,59,2024-03-12,Cancelled
1190,2715,58,2023-09-10,Delivered
1191,1576,37,2024-01-29,Delivered
1192,1024,14,2025-04-17,Delivered
1193,1731,26,2025-05-28,Delivered
1194,1996,58,2025-03-08,Delivered
1195,2368,41,2025-05-27,Delivered
1196,3754,25,2025-03-14,Pending
1197,3351,50,2022-01-21,Delivered
1198,1976,16,2024-08-13,Returned
1199,2204,1,2024-04-26,Delivered
1200,2289,30,2024-02-05,Delivered
1201,2816,57,2022-01-18,Pending
1202,1769,14,2023-10-28,Delivered
1203,62,16,2025-01-11,Delivered
1204,2619,22,2023-02-14,Returned
1205,1790,26,2023-04-14,Delivered
1206,3955,21,2025-04-05,Cancelled
1207,2294,40,2022-04-11,Returned
1208,150,54,2023-04-06,Delivered
1209,2776,48,2023-12-04,Delivered
1210,2340,30,2025-02-11,Delivered
1211,2909,19,2025-01-14,Cancelled
1212,2359,16,2024-11-05,Cancelled
1213,1139,26,2022-06-23,Delivered
1214,747,46,2025-02-28,Returned
1215,3474,53,2023-06-09,Returned
1216,2923,22,2022-02-03,Pending
1217,2062,33,2023-01-20,Delivered
1218,645,41,2024-07-30,Delivered
1219,1509,32,2024-12-31,Delivered
1220,1407,26,2024-09-03,Delivered
1221,2140,41,2022-07-26,Cancelled
1222,3909,56,2023-02-01,Cancelled
1223,2806,16,2022-06-05,Delivered
1224,1576,18,2024-05-21,Cancelled
1225,279,55,2022-11-26,Delivered
1226,1964,54,2024-05-09,Delivered
1227,2628,21,2024-11-22,Delivered
1228,1637,54,2023-10-09,Cancelled
1229,2424,33,2023-10-18,Delivered
1230,1131,55,2024-04-03,Pending
1231,1116,37,2024-12-23,Delivered
1232,1684,23,2025-07-14,Delivered
1233,2807,20,2022-01-30,Cancelled
1234,3223,21,2025-03-02,Delivered
1235,1144,36,2025-01-15,Returned
1236,1800,54,2022-12-05,Pending
1237,2192,36,2023-03-23,Cancelled
1238,1893,16,2022-11-26,Returned
1239,1776,16,2024-11-10,Delivered
1240,375,53,2024-08-20,Cancelled
1241,112,46,2025-09-23,Cancelled
1242,2479,29,2023-10-17,Pending
1243,62,14,2024-05-05,Delivered
1244,1231,49,2025-05-07,Delivered
1245,2417,31,2023-06-14,Returned
1246,834,23,2024-06-27,Returned
1247,3836,34,2024-12-25,Delivered
1248,3816,8,2023-10-07,Returned
1249,3457,19,2024-05-11,Delivered
1250,3862,45,2022-05-04,Delivered
1251,3788,55,2023-02-28,Pending
1252,3351,29,2022-04-20,Delivered
1253,2478,41,2022-10-01,Delivered
1254,3751,11,2023-07-06,Returned
1255,2000,59,2025-07-18,Delivered
1256,1010,41,2024-08-19,Delivered
1257,2188,36,2024-06-28,Pending
1258,1295,6,2025-12-30,Delivered
1259,1576,24,2023-07-24,Delivered
1260,136,13,2022-11-21,Cancelled
1261,2861,1,2023-09-24,Delivered
1262,3700,33,2025-04-11,Returned
1263,809,55,2025-01-10,Delivered
1264,2513,12,2023-03-08,Delivered
1265,3044,41,2023-08-16,Delivered
1266,1131,2,2025-02-08,Delivered
1267,68,16,2023-03-01,Returned
1268,1113,17,2025-08-28,Returned
1269,293,46,2025-11-13,Delivered
1270,2446,18,2024-01-14,Pending
1271,1822,30,2025-06-14,Pending
1272,3611,27,2022-03-31,Returned
1273,2057,17,2025-06-08,Returned
1274,3355,25,2022-10-02,Delivered
1275,2545,35,2023-08-13,Delivered
1276,914,23,2023-06-29,Returned
1277,1593,42,2022-02-01,Returned
1278,3610,23,2025-08-01,Returned
1279,3063,22,2023-04-25,Delivered
1280,2617,11,2025-02-26,Pending
1281,3056,12,2022-04-08,Cancelled
1282,19,8,2022-11-20,Delivered
1283,1728,46,2022-10-06,Delivered
1284,3500,11,2024-01-19,Delivered
1285,2294,19,2022-04-07,Pending
1286,3892,48,2024-12-10,Delivered
1287,3825,7,2023-08-12,Cancelled
1288,3095,22,2022-04-28,Pending
1289,557,36,2022-09-14,Delivered
1290,1247,31,2025-03-18,Returned
1291,2776,55,2022-01-21,Delivered
1292,2354,45,2023-07-22,Cancelled
1293,1864,26,2024-02-12,Delivered
1294,1958,17,2022-08-01,Delivered
1295,986,39,2023-03-08,Cancelled
1296,2922,19,2022-01-10,Delivered
1297,648,26,2025-05-29,Pending
1298,248,14,2025-09-26,Returned
1299,2139,21,2022-11-03,Delivered
1300,1028,1,2023-03-05,Cancelled
1301,1595,13,2023-01-06,Cancelled
1302,2812,32,2023-09-16,Delivered
1303,2134,35,2022-05-19,Cancelled
1304,1969,29,2023-04-23,Cancelled
1305,174,59,2024-04-02,Cancelled
1306,2990,18,2023-03-16,Delivered
1307,2122,43,2024-07-18,Pending
1308,1799,21,2024-11-02,Delivered
1309,561,3,2023-06-25,Cancelled
1310,1593,36,2022-10-22,Pending
1311,3032,11,2023-06-13,Cancelled
1312,1728,4,2025-12-17,Pending
1313,3351,24,2025-03-04,Delivered
1314,751,3,2024-06-29,Delivered
1315,194,29,2025-05-28,Delivered
1316,1994,43,2023-11-08,Returned
1317,2799,10,2024-02-07,Delivered
1318,1697,33,2024-08-03,Pending
1319,3911,45,2023-10-23,Delivered
1320,10,50,2025-07-24,Delivered
1321,3701,4,2022-04-06,Delivered
1322,2307,30,2023-12-23,Delivered
1323,3429,45,2024-08-17,Delivered
1324,1367,12,2025-11-27,Delivered
1325,985,33,2025-01-26,Returned
1326,788,55,2024-06-16,Delivered
1327,1843,41,2023-04-21,Cancelled
1328,2486,9,2023-11-19,Delivered
1329,2390,11,2025-08-31,Delivered
1330,867,26,2022-05-13,Delivered
1331,1056,6,2022-10-04,Delivered
1332,1546,21,2023-04-25,Returned
1333,3360,15,2025-12-07,Delivered
1334,877,8,2023-04-03,Delivered
1335,1899,8,2023-10-08,Delivered
1336,2322,1,2024-01-16,Delivered
1337,1234,19,2022-07-09,Delivered
1338,789,36,2024-03-24,Cancelled
1339,170,25,2025-08-20,Delivered
1340,2964,45,2024-01-14,Delivered
1341,1235,49,2023-05-30,Pending
1342,428,26,2023-07-22,Returned
1343,115,9,2025-10-14,Pending
1344,2380,7,2022-01-05,Delivered
1345,2059,5,2025-06-14,Cancelled
1346,3690,20,2025-02-08,Returned
1347,2808,16,2022-01-17,Returned
1348,3761,38,2025-05-30,Pending
1349,1237,2,2023-01-30,Delivered
1350,2578,54,2022-08-19,Returned
1351,2756,3,2025-07-23,Delivered
1352,3863,28,2023-06-13,Delivered
1353,139,4,2024-07-25,Pending
1354,3218,25,2022-01-10,Pending
1355,1938,44,2023-12-26,Delivered
1356,3096,19,2025-03-22,Cancelled
1357,2658,44,2024-03-22,Delivered
1358,3862,13,2022-09-24,Pending
1359,1253,58,2025-02-05,Delivered
1360,1687,53,2024-01-14,Delivered
1361,64,45,2023-10-24,Pending
1362,2962,53,2023-07-26,Pending
1363,2632,35,2024-11-10,Delivered
1364,835,24,2025-09-22,Cancelled
1365,1525,16,2022-06-19,Pending
1366,174,40,2025-05-28,Returned
1367,3652,60,2022-10-02,Cancelled
1368,3610,27,2022-09-24,Cancelled
1369,3086,49,2025-03-16,Delivered
1370,84,57,2025-08-08,Delivered
1371,3904,43,2024-05-24,Delivered
1372,1621,6,2025-09-17,Pending
1373,1144,48,2024-08-17,Pending
1374,2217,51,2025-06-25,Pending
1375,1305,10,2022-09-30,Delivered
1376,3688,24,2024-10-05,Delivered
1377,231,11,2022-08-07,Returned
1378,169,15,2025-12-27,Delivered
1379,3572,35,2024-09-28,Cancelled
1380,1706,43,2024-10-27,Pending
1381,3369,54,2023-05-16,Returned
1382,1469,20,2024-04-14,Delivered
1383,324,34,2025-03-12,Cancelled
1384,1344,50,2025-07-29,Delivered
1385,2142,14,2024-10-09,Delivered
1386,1634,19,2025-02-26,Cancelled
1387,589,2,2022-03-03,Delivered
1388,589,21,2024-09-27,Delivered
1389,2072,7,2025-07-19,Returned
1390,2402,45,2024-09-17,Delivered
1391,2998,19,2025-11-18,Cancelled
1392,3466,22,2022-05-11,Delivered
1393,3174,31,2024-10-16,Delivered
1394,3585,22,2024-12-25,Pending
1395,2035,39,2022-07-08,Delivered
1396,2935,12,2024-11-10,Delivered
1397,2212,10,2022-07-04,Delivered
1398,3419,28,2024-10-21,Returned
1399,3949,59,2025-03-19,Delivered
1400,2212,36,2022-07-11,Returned
1401,3050,39,2023-09-02,Pending
1402,423,17,2025-06-02,Returned
1403,1837,12,2024-06-22,Delivered
1404,2849,26,2024-04-01,Delivered
1405,2149,56,2025-12-29,Pending
1406,1686,49,2023-02-05,Pending
1407,2538,26,2024-06-21,Delivered
1408,3592,3,2024-08-29,Delivered
1409,1237,14,2025-11-25,Pending
1410,2196,53,2023-06-21,Delivered
1411,3934,35,2023-08-12,Delivered
1412,809,45,2025-07-04,Returned
1413,2441,43,2024-01-17,Delivered
1414,3225,35,2023-10-24,Cancelled
1415,3580,10,2025-01-25,Pending
1416,156,23,2025-05-10,Returned
1417,1230,27,2023-07-22,Returned
1418,586,36,2023-12-25,Returned
1419,1618,49,2022-02-22,Returned
1420,3001,36,2025-10-25,Pending
1421,3253,29,2024-12-24,Pending
1422,1124,60,2023-03-26,Delivered
1423,1897,15,2023-02-11,Delivered
1424,2879,60,2022-06-02,Delivered
1425,1477,16,2023-08-14,Delivered
1426,2325,59,2025-07-21,Delivered
1427,3000,37,2024-05-24,Delivered
1428,1904,25,2022-02-02,Cancelled
1429,2816,32,2023-04-20,Delivered
1430,2095,52,2023-09-06,Cancelled
1431,2500,17,2023-06-22,Delivered
1432,1102,29,2025-08-04,Delivered
1433,2068,24,2024-02-25,Pending
1434,3524,37,2024-11-29,Delivered
1435,3952,15,2022-09-17,Returned
1436,286,21,2025-04-21,Delivered
1437,3351,36,2024-01-17,Delivered
1438,1281,20,2023-01-14,Delivered
1439,1144,57,2022-04-24,Pending
1440,3780,11,2024-10-28,Delivered
1441,2960,31,2024-10-29,Returned
1442,2119,15,2025-04-04,Returned
1443,2657,32,2024-10-27,Pending
1444,264,44,2025-08-09,Delivered
1445,2805,26,2022-11-18,Cancelled
1446,1881,23,2022-10-30,Delivered
1447,3133,6,2023-12-21,Delivered
1448,3593,47,2024-06-24,Delivered
1449,923,43,2022-03-12,Cancelled
1450,12,24,2023-02-05,Returned
1451,2367,3,2024-07-17,Returned
1452,310,50,2022-09-21,Cancelled
1453,3644,2,2023-01-11,Delivered
1454,1435,6,2023-04-02,Delivered
1455,3216,13,2025-03-05,Delivered
1456,955,56,2024-05-20,Pending
1457,1615,37,2023-12-30,Delivered
1458,3529,41,2025-10-02,Delivered
1459,3557,42,2025-06-13,Returned
1460,988,22,2024-09-19,Cancelled
1461,3046,2,2022-11-10,Delivered
1462,2143,28,2025-10-25,Pending
1463,2028,6,2023-04-19,Returned
1464,1650,3,2022-03-28,Delivered
1465,2662,40,2025-10-28,Delivered
1466,3036,53,2024-11-02,Delivered
1467,3380,21,2024-11-10,Returned
1468,809,5,2023-08-31,Pending
1469,1891,26,2025-12-09,Delivered
1470,1262,45,2025-01-31,Pending
1471,1862,8,2024-06-15,Delivered
1472,2505,8,2024-03-26,Delivered
1473,849,17,2023-10-29,Delivered
1474,1896,38,2024-10-22,Delivered
1475,3695,48,2025-08-01,Cancelled
1476,429,49,2023-11-21,Pending
1477,1244,29,2022-06-29,Delivered
1478,1714,12,2024-05-30,Delivered
1479,2800,58,2024-04-28,Returned
1480,3892,15,2024-08-06,Cancelled
1481,641,2,2025-05-19,Delivered
1482,3807,31,2025-10-04,Delivered
1483,576,20,2024-06-13,Delivered
1484,286,25,2022-06-26,Cancelled
1485,79,14,2024-12-28,Delivered
1486,32,24,2024-04-03,Cancelled
1487,2040,11,2024-08-22,Delivered
1488,1177,43,2025-06-20,Delivered
1489,1237,16,2022-11-13,Delivered
1490,3360,59,2024-11-03,Pending
1491,2995,46,2024-07-26,Pending
1492,156,51,2022-05-30,Delivered
1493,3305,53,2025-05-21,Delivered
1494,3327,46,2023-02-27,Pending
1495,2302,3,2023-03-01,Cancelled
1496,3935,26,2023-07-27,Cancelled
1497,2338,34,2025-11-20,Returned
1498,1665,32,2023-05-19,Delivered
1499,3942,12,2023-04-28,Returned
1500,3052,12,2022-10-21,Delivered
1501,1981,42,2022-07-23,Pending
1502,1969,55,2025-06-10,Cancelled
1503,2992,42,2023-12-26,Delivered
1504,3774,44,2022-12-02,Delivered
1505,258,34,2025-11-05,Delivered
1506,3089,39,2022-11-14,Delivered
1507,247,32,2023-08-08,Cancelled
1508,708,11,2024-08-03,Delivered
1509,2968,43,2025-10-22,Delivered
1510,1011,26,2023-09-30,Delivered
1511,3866,37,2022-12-22,Returned
1512,2849,35,2023-05-15,Cancelled
1513,260,47,2023-01-21,Delivered
1514,2743,46,2024-10-21,Delivered
1515,1739,44,2024-05-11,Cancelled
1516,1702,59,2023-03-04,Delivered
1517,3774,25,2022-04-22,Returned
1518,1057,15,2022-08-28,Delivered
1519,522,5,2024-08-31,Delivered
1520,95,39,2025-09-25,Returned
1521,3529,53,2023-11-13,Delivered
1522,2199,52,2024-06-04,Delivered
1523,3760,60,2024-12-15,Pending
1524,143,13,2024-01-21,Delivered
1525,2325,22,2023-01-28,Delivered
1526,2303,45,2025-10-19,Pending
1527,2440,40,2025-12-11,Pending
1528,3679,6,2022-05-17,Delivered
1529,2505,20,2024-01-17,Delivered
1530,1435,58,2023-10-13,Returned
1531,900,17,2022-01-16,Delivered
1532,3071,14,2025-08-24,Delivered
1533,1212,55,2022-07-05,Returned
1534,2614,37,2022-05-11,Returned
1535,3980,36,2022-11-01,Pending
1536,3310,49,2025-11-11,Delivered
1537,2987,21,2023-08-21,Returned
1538,2615,42,2024-05-21,Delivered
1539,1211,26,2022-04-23,Delivered
1540,2288,59,2025-11-12,Delivered
1541,2756,7,2024-06-06,Pending
1542,2217,60,2025-08-30,Delivered
1543,1991,37,2025-11-02,Returned
1544,3046,15,2022-01-29,Delivered
1545,1285,41,2023-08-04,Delivered
1546,3772,24,2025-09-02,Pending
1547,2346,50,2024-01-08,Delivered
1548,399,59,2022-08-25,Cancelled
1549,1241,42,2022-02-06,Returned
1550,2253,59,2025-03-14,Delivered
1551,241,26,2023-02-25,Returned
1552,3364,47,2025-07-27,Pending
1553,708,43,2022-08-30,Delivered
1554,1597,1,2025-11-14,Returned
1555,2288,51,2022-12-24,Delivered
1556,1111,44,2023-09-26,Returned
1557,3273,58,2024-09-12,Delivered
1558,1273,10,2023-12-03,Delivered
1559,3737,46,2025-05-27,Delivered
1560,2111,10,2023-04-01,Cancelled
1561,3160,43,2025-07-27,Delivered
1562,1821,13,2024-02-03,Pending
1563,494,11,2023-03-09,Delivered
1564,3282,56,2024-08-29,Delivered
1565,959,31,2025-06-19,Delivered
1566,2582,12,2022-10-15,Delivered
1567,1727,7,2025-07-03,Delivered
1568,3065,36,2023-05-20,Cancelled
1569,3453,52,2023-04-19,Cancelled
1570,2776,37,2023-06-30,Delivered
1571,1933,55,2024-09-26,Delivered
1572,2369,34,2022-09-24,Pending
1573,1639,50,2024-11-12,Delivered
1574,1294,32,2024-09-12,Cancelled
1575,1093,14,2022-03-10,Delivered
1576,2619,46,2024-06-01,Returned
1577,1211,2,2025-05-03,Delivered
1578,2909,5,2024-08-13,Delivered
1579,2607,58,2022-01-30,Delivered
1580,3310,60,2024-09-06,Delivered
1581,1518,54,2022-10-03,Cancelled
1582,3987,11,2022-03-12,Cancelled
1583,1452,45,2025-12-08,Delivered
1584,3743,51,2024-04-28,Cancelled
1585,1220,19,2023-01-15,Delivered
1586,1634,47,2024-03-17,Returned
1587,116,5,2023-04-04,Delivered
1588,3927,17,2023-07-11,Delivered
1589,181,2,2023-08-23,Returned
1590,987,19,2025-01-01,Pending
1591,671,56,2023-08-01,Delivered
1592,3252,31,2025-05-18,Delivered
1593,1344,4,2025-02-14,Returned
1594,3788,7,2023-11-24,Delivered
1595,1412,44,2023-07-17,Delivered
1596,1945,26,2024-08-24,Delivered
1597,1176,59,2023-08-23,Delivered
1598,844,17,2025-10-31,Delivered
1599,1593,56,2022-06-30,Pending
1600,3309,11,2025-03-30,Delivered
1601,1546,37,2025-09-14,Delivered
1602,3710,38,2022-11-13,Returned
1603,3935,43,2025-07-31,Returned
1604,3824,55,2022-10-31,Delivered
1605,2152,55,2025-01-07,Cancelled
1606,3513,4,2025-11-18,Cancelled
1607,769,25,2023-06-03,Delivered
1608,1414,56,2025-04-01,Delivered
1609,3051,28,2023-03-12,Pending
1610,2244,59,2022-08-16,Delivered
1611,264,9,2024-01-18,Returned
1612,1185,40,2023-08-01,Delivered
1613,628,24,2024-03-08,Returned
1614,1654,22,2023-11-21,Returned
1615,1177,1,2025-12-22,Delivered
1616,3204,29,2022-11-25,Delivered
1617,3345,36,2025-04-05,Delivered
1618,151,51,2025-07-26,Delivered
1619,1320,13,2025-11-18,Delivered
1620,490,28,2023-12-28,Delivered
1621,3517,7,2024-05-10,Delivered
1622,1539,2,2025-11-07,Delivered
1623,2990,34,2022-05-07,Delivered
1624,921,14,2023-09-23,Pending
1625,822,49,2023-07-25,Cancelled
1626,3142,37,2025-08-01,Delivered
1627,2530,10,2025-02-07,Delivered
1628,3493,4,2024-01-23,Cancelled
1629,3157,48,2023-08-11,Delivered
1630,3865,4,2023-05-14,Delivered
1631,3796,5,2024-04-01,Delivered
1632,2832,10,2023-07-24,Pending
1633,2751,57,2023-05-08,Returned
1634,3740,11,2024-12-14,Delivered
1635,2881,6,2022-04-17,Delivered
1636,2899,51,2024-02-20,Delivered
1637,2268,15,2022-06-02,Returned
1638,39,30,2022-07-29,Cancelled
1639,1151,30,2022-04-26,Delivered
1640,3893,21,2022-03-03,Delivered
1641,3356,21,2024-11-12,Delivered
1642,1065,47,2025-11-29,Returned
1643,441,58,2024-07-12,Delivered
1644,3290,60,2025-12-05,Pending
1645,1674,59,2022-11-23,Returned
1646,1407,60,2024-04-05,Delivered
1647,3310,16,2023-12-01,Cancelled
1648,3666,3,2023-09-13,Delivered
1649,2668,21,2025-06-05,Pending
1650,3728,57,2025-12-10,Pending
1651,1937,4,2023-11-02,Delivered
1652,1208,49,2022-04-27,Delivered
1653,2298,22,2023-06-13,Delivered
1654,463,25,2022-04-24,Delivered
1655,1507,57,2022-04-06,Delivered
1656,1288,48,2022-10-09,Cancelled
1657,1639,15,2024-06-16,Returned
1658,2067,3,2023-08-24,Delivered
1659,1363,10,2022-01-12,Delivered
1660,3138,60,2023-04-08,Cancelled
1661,923,51,2022-06-21,Delivered
1662,1945,23,2022-08-16,Returned
1663,1681,30,2024-06-13,Delivered
1664,623,45,2022-07-09,Cancelled
1665,174,1,2025-07-24,Cancelled
1666,2939,54,2024-08-07,Delivered
1667,3770,18,2023-08-10,Returned
1668,434,12,2025-10-06,Pending
1669,3557,14,2024-04-29,Delivered
1670,1896,56,2025-08-22,Delivered
1671,2909,7,2023-10-14,Delivered
1672,1887,57,2023-12-13,Cancelled
1673,3774,4,2025-06-21,Delivered
1674,3095,25,2025-06-12,Delivered
1675,3818,14,2025-08-23,Pending
1676,246,41,2022-01-10,Delivered
1677,3772,51,2025-02-28,Delivered
1678,2636,56,2025-10-31,Delivered
1679,246,41,2023-10-07,Returned
1680,2474,37,2022-02-18,Delivered
1681,1515,59,2024-10-02,Delivered
1682,2528,19,2023-01-04,Delivered
1683,3865,51,2022-01-06,Delivered
1684,3698,35,2024-01-09,Delivered
1685,1674,17,2024-08-16,Delivered
1686,3549,50,2023-12-09,Delivered
1687,1661,48,2022-07-09,Pending
1688,18,32,2023-06-13,Returned
1689,2921,10,2024-02-23,Cancelled
1690,949,3,2025-03-07,Delivered
1691,1065,29,2022-06-15,Delivered
1692,2848,55,2023-09-01,Cancelled
1693,330,37,2023-03-31,Delivered
1694,1615,44,2025-11-20,Delivered
1695,3696,18,2024-02-03,Delivered
1696,3677,59,2023-08-25,Delivered
1697,3643,15,2023-05-07,Returned
1698,2953,49,2023-05-06,Delivered
1699,1546,2,2023-09-28,Delivered
1700,720,25,2022-03-29,Returned
1701,1943,28,2023-02-19,Delivered
1702,3613,34,2022-10-29,Delivered
1703,447,39,2025-04-04,Cancelled
1704,2171,24,2022-07-23,Cancelled
1705,923,34,2025-11-05,Delivered
1706,1864,50,2024-03-28,Pending
1707,1712,11,2025-01-19,Returned
1708,3621,5,2025-10-19,Delivered
1709,2822,29,2022-01-18,Delivered
1710,1546,40,2025-01-23,Pending
1711,2120,36,2025-03-20,Delivered
1712,1111,14,2022-05-24,Returned
1713,2481,32,2025-02-12,Delivered
1714,2456,34,2024-10-13,Delivered
1715,2271,35,2025-07-27,Delivered
1716,1313,53,2022-12-09,Delivered
1717,95,32,2025-01-20,Delivered
1718,640,3,2024-12-17,Delivered
1719,1361,27,2024-03-01,Delivered
1720,3924,28,2023-12-04,Returned
1721,2939,26,2024-07-19,Delivered
1722,1950,31,2025-06-15,Delivered
1723,2788,7,2023-04-12,Cancelled
1724,2509,34,2023-03-24,Delivered
1725,730,23,2025-08-17,Delivered
1726,417,4,2023-04-10,Delivered
1727,65,46,2023-09-18,Pending
1728,64,10,2024-05-26,Delivered
1729,404,1,2022-04-07,Cancelled
1730,1494,20,2023-11-27,Delivered
1731,3225,11,2022-01-09,Returned
1732,2566,37,2024-11-03,Delivered
1733,1732,53,2024-03-29,Cancelled
1734,1000,43,2023-06-02,Delivered
1735,1945,27,2023-06-11,Delivered
1736,1561,9,2024-06-01,Returned
1737,384,6,2024-04-22,Delivered
1738,1525,47,2024-10-17,Delivered
1739,2788,47,2022-05-23,Returned
1740,3441,51,2022-12-04,Pending
1741,1265,47,2023-04-19,Delivered
1742,686,38,2025-12-09,Delivered
1743,2327,45,2025-08-10,Returned
1744,2202,30,2022-09-23,Delivered
1745,3680,48,2024-11-10,Delivered
1746,2448,36,2023-08-21,Delivered
1747,2362,23,2025-05-22,Delivered
1748,1677,50,2024-12-18,Returned
1749,553,42,2022-10-29,Pending
1750,929,45,2022-02-24,Cancelled
1751,1109,21,2024-07-10,Cancelled
1752,3397,54,2022-09-10,Delivered
1753,2980,10,2022-07-13,Returned
1754,1017,50,2024-08-09,Returned
1755,1017,12,2024-06-27,Delivered
1756,2107,10,2022-01-07,Pending
1757,2903,51,2025-08-05,Delivered
1758,3047,13,2025-06-24,Cancelled
1759,2015,20,2024-01-12,Delivered
1760,2366,59,2024-01-13,Delivered
1761,1451,11,2024-09-13,Delivered
1762,3772,13,2023-02-24,Delivered
1763,454,55,2024-08-09,Delivered
1764,3624,11,2024-10-18,Cancelled
1765,2160,4,2022-01-11,Delivered
1766,3047,4,2025-08-23,Pending
1767,1783,39,2023-03-03,Delivered
1768,2399,59,2024-11-21,Returned
1769,3543,51,2023-02-27,Cancelled
1770,3419,7,2023-09-28,Pending
1771,1460,44,2025-03-22,Pending
1772,3342,54,2022-10-16,Pending
1773,2465,22,2022-01-12,Returned
1774,2143,51,2022-03-04,Delivered
1775,22,31,2023-12-29,Cancelled
1776,372,40,2024-04-15,Pending
1777,261,46,2023-07-08,Delivered
1778,1824,42,2024-02-01,Delivered
1779,3588,54,2024-03-19,Delivered
1780,1556,1,2024-06-06,Cancelled
1781,2816,58,2024-05-22,Pending
1782,1862,54,2023-11-16,Delivered
1783,3517,46,2024-12-17,Delivered
1784,3747,42,2024-02-13,Delivered
1785,1847,39,2022-04-22,Delivered
1786,1121,30,2025-09-07,Pending
1787,495,39,2025-03-24,Delivered
1788,2878,27,2022-05-22,Pending
1789,3004,35,2024-11-24,Delivered
1790,809,40,2024-04-05,Cancelled
1791,1568,37,2025-12-31,Delivered
1792,2757,23,2022-02-02,Delivered
1793,313,54,2023-11-02,Delivered
1794,3559,12,2023-08-25,Pending
1795,3130,41,2022-12-10,Returned
1796,413,51,2023-04-02,Delivered
1797,241,58,2024-06-20,Cancelled
1798,288,50,2023-12-12,Returned
1799,2632,57,2022-07-10,Pending
1800,3932,28,2025-10-20,Delivered
1801,1993,58,2025-08-01,Delivered
1802,2184,4,2025-02-14,Delivered
1803,3089,17,2025-06-30,Returned
1804,1317,1,2022-03-10,Delivered
1805,2428,56,2024-04-27,Delivered
1806,777,40,2023-09-15,Returned
1807,3380,5,2025-05-11,Cancelled
1808,1873,15,2023-03-11,Delivered
1809,1093,40,2025-09-11,Returned
1810,853,6,2023-05-09,Cancelled
1811,1278,50,2022-07-24,Returned
1812,3011,16,2022-08-29,Delivered
1813,3345,15,2022-10-29,Delivered
1814,2654,23,2024-09-15,Pending
1815,1040,24,2022-02-08,Delivered
1816,1411,51,2024-11-27,Delivered
1817,878,24,2023-12-13,Cancelled
1818,3509,11,2025-07-14,Returned
1819,306,35,2022-09-30,Pending
1820,305,6,2024-01-28,Delivered
1821,1556,49,2024-02-17,Pending
1822,2745,35,2024-08-25,Delivered
1823,2720,36,2022-06-04,Pending
1824,1814,52,2023-11-08,Delivered
1825,1818,60,2024-02-25,Delivered
1826,2746,37,2025-11-08,Returned
1827,1746,3,2024-06-04,Cancelled
1828,850,43,2024-12-19,Delivered
1829,2409,47,2024-02-13,Delivered
1830,2312,51,2022-08-05,Pending
1831,1862,39,2023-11-14,Returned
1832,486,35,2025-06-12,Cancelled
1833,3075,30,2022-07-23,Delivered
1834,2385,2,2024-11-05,Returned
1835,751,14,2024-09-26,Delivered
1836,3644,15,2022-05-29,Returned
1837,1375,45,2023-05-08,Delivered
1838,1637,36,2022-03-09,Delivered
1839,1064,7,2022-09-09,Delivered
1840,537,29,2022-02-04,Delivered
1841,2456,35,2025-02-03,Delivered
1842,618,56,2024-07-17,Delivered
1843,3223,49,2023-10-26,Delivered
1844,22,5,2023-03-17,Returned
1845,3948,6,2025-05-07,Delivered
1846,398,56,2025-12-13,Delivered
1847,522,28,2023-02-24,Returned
1848,1130,21,2022-05-20,Delivered
1849,565,32,2023-05-16,Delivered
1850,263,56,2025-04-16,Pending
1851,3114,15,2024-02-26,Delivered
1852,3020,2,2025-12-09,Delivered
1853,3183,25,2024-09-26,Delivered
1854,3031,8,2023-07-03,Delivered
1855,1715,56,2024-01-09,Cancelled
1856,1116,49,2025-08-15,Cancelled
1857,809,7,2025-05-13,Cancelled
1858,3968,32,2023-12-16,Delivered
1859,2206,41,2023-12-27,Pending
1860,3092,10,2025-10-11,Returned
1861,2328,51,2022-12-04,Delivered
1862,2590,32,2022-06-14,Delivered
1863,1244,19,2022-10-20,Returned
1864,2610,4,2022-04-12,Delivered
1865,1295,28,2023-06-05,Delivered
1866,2850,2,2025-03-04,Cancelled
1867,2303,8,2024-10-04,Delivered
1868,882,17,2022-07-11,Delivered
1869,2297,24,2023-06-29,Returned
1870,1620,50,2025-01-30,Delivered
1871,1898,40,2025-07-15,Delivered
1872,1967,42,2025-09-15,Delivered
1873,3363,27,2024-09-09,Delivered
1874,40,36,2023-06-20,Delivered
1875,1415,16,2025-03-20,Cancelled
1876,566,1,2022-10-23,Cancelled
1877,645,21,2025-10-31,Delivered
1878,2527,49,2024-04-18,Delivered
1879,3111,55,2023-11-25,Delivered
1880,3424,43,2025-01-13,Delivered
1881,3693,26,2025-04-28,Delivered
1882,485,38,2024-07-27,Delivered
1883,2760,8,2023-09-26,Delivered
1884,1634,50,2025-11-17,Returned
1885,2842,21,2025-05-12,Delivered
1886,2990,14,2022-12-09,Delivered
1887,519,60,2023-06-28,Delivered
1888,3637,33,2024-06-28,Delivered
1889,522,11,2025-10-26,Delivered
1890,2776,47,2025-09-16,Delivered
1891,905,19,2022-06-03,Delivered
1892,2441,48,2025-02-24,Delivered
1893,3754,17,2024-08-02,Cancelled
1894,3862,60,2023-12-16,Pending
1895,22,1,2025-01-22,Pending
1896,1023,43,2024-01-20,Delivered
1897,227,57,2025-10-20,Pending
1898,174,17,2025-11-19,Delivered
1899,1414,54,2023-02-17,Delivered
1900,919,59,2022-10-01,Pending
1901,33,20,2023-11-27,Delivered
1902,3061,6,2024-04-02,Delivered
1903,1892,36,2022-07-16,Delivered
1904,972,43,2025-04-02,Delivered
1905,3002,5,2024-04-15,Delivered
1906,727,33,2024-10-06,Delivered
1907,20,22,2025-11-24,Delivered
1908,814,34,2024-11-11,Returned
1909,1520,58,2025-07-22,Cancelled
1910,730,51,2023-01-12,Pending
1911,789,16,2024-05-13,Cancelled
1912,3797,33,2024-04-28,Delivered
1913,2805,25,2024-10-03,Delivered
1914,609,19,2025-01-28,Delivered
1915,917,35,2025-08-17,Cancelled
1916,1893,2,2025-12-11,Delivered
1917,3603,31,2023-08-21,Delivered
1918,1344,27,2022-06-25,Pending
1919,2448,24,2025-02-26,Delivered
1920,1788,20,2025-01-13,Cancelled
1921,3948,25,2024-10-13,Returned
1922,2887,22,2025-04-18,Cancelled
1923,1910,14,2022-11-28,Cancelled
1924,150,20,2023-03-15,Delivered
1925,3829,36,2022-01-20,Cancelled
1926,2150,59,2022-01-07,Pending
1927,65,16,2022-09-19,Cancelled
1928,1345,12,2024-01-06,Delivered
1929,1478,31,2023-09-10,Cancelled
1930,2312,43,2022-01-07,Pending
1931,2443,46,2025-07-05,Pending
1932,65,29,2024-02-15,Delivered
1933,2370,25,2025-05-15,Delivered
1934,2101,22,2024-07-27,Delivered
1935,156,16,2024-12-10,Cancelled
1936,2021,38,2024-03-30,Delivered
1937,1335,7,2023-08-16,Returned
1938,1205,22,2022-08-04,Delivered
1939,3762,57,2022-02-15,Cancelled
1940,1270,55,2025-12-31,Delivered
1941,196,31,2023-01-15,Delivered
1942,1203,27,2023-12-15,Delivered
1943,1764,32,2025-05-26,Delivered
1944,1781,31,2023-03-23,Delivered
1945,919,38,2022-08-31,Pending
1946,23,60,2022-12-01,Cancelled
1947,1874,37,2023-07-26,Delivered
1948,1021,34,2024-05-23,Pending
1949,2420,28,2023-04-21,Cancelled
1950,3686,19,2023-06-18,Delivered
1951,1280,18,2023-12-05,Returned
1952,3360,17,2024-07-31,Pending
1953,2868,16,2025-06-05,Delivered
1954,3157,58,2022-02-08,Cancelled
1955,668,37,2025-09-01,Returned
1956,2102,54,2025-06-07,Delivered
1957,2422,26,2023-01-07,Delivered
1958,3710,15,2025-02-24,Delivered
1959,671,10,2024-04-19,Delivered
1960,132,40,2023-06-02,Delivered
1961,1294,15,2024-03-18,Delivered
1962,2849,19,2022-07-31,Delivered
1963,3063,42,2022-03-06,Pending
1964,221,59,2024-11-05,Delivered
1965,3412,21,2022-02-23,Delivered
1966,65,39,2022-12-13,Delivered
1967,69,18,2022-09-09,Delivered
1968,1938,55,2022-07-10,Returned
1969,1821,28,2025-06-14,Delivered
1970,3345,43,2022-12-25,Cancelled
1971,3002,57,2023-05-19,Returned
1972,221,41,2024-05-26,Delivered
1973,1911,30,2025-10-15,Delivered
1974,2886,12,2025-12-15,Cancelled
1975,3814,28,2022-09-14,Pending
1976,3646,16,2023-06-11,Pending
1977,789,2,2024-02-06,Returned
1978,868,40,2022-02-17,Returned
1979,1022,41,2024-06-19,Delivered
1980,3559,18,2024-02-15,Delivered
1981,3688,36,2022-02-03,Returned
1982,776,50,2023-03-08,Delivered
1983,1578,44,2023-01-22,Cancelled
1984,1203,12,2025-06-29,Delivered
1985,3020,20,2025-05-28,Delivered
1986,1068,39,2023-05-13,Cancelled
1987,2518,33,2024-11-07,Delivered
1988,1569,31,2023-01-04,Returned
1989,1675,41,2025-08-10,Cancelled
1990,3170,48,2024-02-12,Returned
1991,2081,23,2024-12-01,Delivered
1992,3096,59,2022-09-17,Delivered
1993,1330,14,2025-04-04,Delivered
1994,143,3,2022-11-02,Delivered
1995,2677,31,2022-06-15,Cancelled
1996,843,40,2025-10-26,Returned
1997,597,58,2024-06-06,Delivered
1998,1951,24,2022-10-04,Returned
1999,2450,15,2023-01-01,Delivered
2000,2299,19,2022-05-23,Pending
2001,700,36,2025-09-20,Delivered
2002,1280,25,2023-06-01,Delivered
2003,3012,16,2024-10-03,Delivered
2004,1590,30,2022-11-26,Pending
2005,2490,47,2022-04-06,Returned
2006,3579,26,2023-07-10,Delivered
2007,2093,38,2022-02-13,Delivered
2008,1290,50,2024-09-28,Cancelled
2009,1868,21,2022-11-29,Delivered
2010,3065,12,2022-02-23,Pending
2011,1556,17,2024-07-03,Delivered
2012,3686,46,2022-07-03,Delivered
2013,115,53,2025-07-23,Delivered
2014,2990,52,2022-12-25,Delivered
2015,143,50,2024-01-23,Cancelled
2016,1474,44,2024-08-09,Delivered
2017,1898,34,2022-08-05,Delivered
2018,612,6,2023-11-15,Delivered
2019,1946,48,2023-09-22,Delivered
2020,1439,28,2025-01-29,Cancelled
2021,1581,12,2023-10-13,Delivered
2022,3345,31,2023-03-29,Returned
2023,3070,31,2022-03-03,Delivered
2024,3022,4,2025-10-22,Delivered
2025,2822,32,2024-10-03,Delivered
2026,1675,41,2025-08-08,Cancelled
2027,3612,2,2024-06-08,Delivered
2028,2204,2,2025-03-25,Cancelled
2029,1702,18,2025-03-08,Delivered
2030,2942,59,2023-05-25,Delivered
2031,452,52,2025-01-04,Delivered
2032,663,26,2024-12-17,Delivered
2033,792,36,2025-12-24,Cancelled
2034,727,25,2022-10-14,Delivered
2035,620,43,2025-02-21,Delivered
2036,2448,56,2023-06-01,Delivered
2037,1529,49,2022-08-24,Delivered
2038,2677,41,2025-02-07,Delivered
2039,3886,21,2022-01-15,Returned
2040,3304,34,2022-03-31,Delivered
2041,726,8,2023-01-02,Delivered
2042,1172,41,2022-09-19,Delivered
2043,3099,13,2024-01-17,Pending
2044,1633,20,2024-04-14,Delivered
2045,2150,56,2023-04-01,Cancelled
2046,1095,52,2023-10-04,Cancelled
2047,1945,31,2022-05-31,Delivered
2048,459,44,2024-07-12,Delivered
2049,10,43,2023-01-29,Delivered
2050,1896,17,2022-07-18,Cancelled
2051,211,30,2024-05-11,Delivered
2052,919,9,2024-12-10,Delivered
2053,2537,2,2025-10-02,Pending
2054,1237,1,2022-01-01,Delivered
2055,3947,41,2022-11-13,Delivered
2056,929,25,2025-08-19,Delivered
2057,1593,38,2025-02-23,Delivered
2058,3877,53,2025-11-23,Cancelled
2059,1014,22,2025-01-06,Pending
2060,79,4,2025-06-02,Delivered
2061,701,58,2024-11-21,Returned
2062,2845,7,2024-06-09,Delivered
2063,2740,27,2022-06-26,Delivered
2064,1515,41,2025-09-10,Delivered
2065,2552,6,2022-05-26,Cancelled
2066,3624,37,2022-12-23,Delivered
2067,3063,54,2022-02-15,Delivered
2068,2501,19,2023-03-07,Pending
2069,3255,49,2024-02-05,Pending
2070,64,1,2022-08-01,Delivered
2071,3191,19,2024-09-17,Returned
2072,191,26,2025-08-25,Delivered
2073,2488,31,2024-09-19,Delivered
2074,1011,39,2022-03-02,Cancelled
2075,3863,27,2023-05-27,Delivered
2076,2157,3,2025-10-20,Delivered
2077,2221,57,2023-12-07,Delivered
2078,3502,12,2024-10-23,Pending
2079,975,27,2025-02-15,Delivered
2080,2380,31,2022-08-17,Delivered
2081,1883,42,2023-06-27,Delivered
2082,522,19,2022-08-31,Returned
2083,1544,42,2022-08-05,Pending
2084,926,35,2025-08-13,Delivered
2085,1140,57,2025-08-19,Delivered
2086,2148,47,2022-06-28,Delivered
2087,909,25,2022-04-16,Pending
2088,1532,39,2022-11-14,Delivered
2089,3588,18,2024-08-21,Delivered
2090,434,45,2024-12-14,Returned
2091,2519,19,2023-01-23,Delivered
2092,175,41,2022-02-26,Pending
2093,95,24,2023-10-15,Returned
2094,2055,28,2025-03-19,Delivered
2095,1059,3,2024-10-12,Cancelled
2096,3245,45,2023-05-11,Delivered
2097,1211,21,2025-04-08,Returned
2098,3492,12,2023-08-15,Delivered
2099,840,52,2025-12-03,Delivered
2100,1308,39,2022-09-15,Cancelled
2101,163,9,2024-12-10,Returned
2102,2261,25,2023-04-21,Pending
2103,10,12,2025-08-23,Returned
2104,2986,12,2025-04-28,Pending
2105,3368,57,2022-06-30,Delivered
2106,2368,24,2022-03-31,Delivered
2107,670,53,2023-05-19,Delivered
2108,2325,60,2024-01-08,Pending
2109,313,42,2024-12-23,Cancelled
2110,3534,32,2022-03-15,Pending
2111,1865,16,2024-11-08,Delivered
2112,3628,29,2023-09-01,Cancelled
2113,976,53,2023-02-19,Cancelled
2114,5,37,2025-10-11,Delivered
2115,2968,52,2023-10-07,Delivered
2116,2407,39,2025-06-07,Returned
2117,3273,2,2022-05-06,Delivered
2118,3850,28,2025-02-28,Delivered
2119,120,54,2022-04-12,Pending
2120,1012,11,2025-02-08,Delivered
2121,630,17,2025-05-02,Delivered
2122,1130,50,2025-12-09,Delivered
2123,2817,11,2025-01-20,Returned
2124,2756,22,2023-04-17,Pending
2125,2262,27,2023-01-12,Cancelled
2126,2277,52,2024-02-09,Delivered
2127,2784,56,2024-07-19,Delivered
2128,2,42,2024-08-10,Delivered
2129,880,59,2022-09-07,Returned
2130,1021,37,2024-08-21,Returned
2131,1994,10,2022-05-12,Delivered
2132,922,34,2022-06-19,Delivered
2133,1790,10,2024-09-20,Returned
2134,3355,44,2022-07-16,Delivered
2135,871,38,2022-11-14,Delivered
2136,809,3,2023-07-27,Delivered
2137,2756,14,2024-12-05,Delivered
2138,24,38,2025-08-01,Returned
2139,283,33,2025-12-03,Delivered
2140,668,1,2022-01-12,Delivered
2141,3793,20,2024-10-27,Pending
2142,2946,49,2023-12-18,Delivered
2143,2591,41,2024-02-20,Cancelled
2144,3086,1,2022-12-20,Delivered
2145,3500,56,2024-01-24,Delivered
2146,3016,33,2022-02-23,Pending
2147,2257,3,2023-05-24,Delivered
2148,1673,2,2024-05-30,Delivered
2149,2964,5,2023-08-28,Delivered
2150,2174,57,2025-12-27,Delivered
2151,1390,35,2023-05-22,Returned
2152,1300,29,2025-01-29,Delivered
2153,3534,27,2025-07-08,Pending
2154,3427,3,2022-05-22,Returned
2155,2445,50,2022-01-19,Delivered
2156,1422,46,2025-04-15,Returned
2157,1583,43,2022-05-07,Delivered
2158,1357,59,2025-03-13,Delivered
2159,1268,44,2023-02-28,Delivered
2160,79,24,2024-12-05,Cancelled
2161,3776,23,2025-08-19,Delivered
2162,1086,22,2024-04-05,Delivered
2163,311,22,2023-04-17,Cancelled
2164,3382,31,2022-07-17,Delivered
2165,1568,26,2022-08-04,Returned
2166,3648,12,2022-10-26,Delivered
2167,3486,12,2023-09-08,Delivered
2168,610,21,2023-04-17,Pending
2169,200,51,2022-06-02,Pending
2170,919,46,2022-08-15,Pending
2171,1415,47,2022-06-07,Delivered
2172,3824,3,2022-11-01,Delivered
2173,2780,55,2024-03-17,Pending
2174,657,37,2025-08-04,Returned
2175,886,2,2024-05-22,Delivered
2176,317,1,2024-10-07,Delivered
2177,3893,6,2025-11-23,Pending
2178,1412,25,2022-06-21,Pending
2179,3698,25,2025-08-12,Pending
2180,3273,40,2022-02-25,Returned
2181,98,50,2024-12-18,Delivered
2182,2782,42,2023-12-11,Delivered
2183,1638,2,2024-12-13,Returned
2184,3170,39,2022-04-20,Cancelled
2185,3229,46,2025-04-24,Pending
2186,2729,37,2023-08-13,Pending
2187,1825,4,2024-02-01,Delivered
2188,3556,41,2024-10-30,Delivered
2189,1102,9,2022-07-11,Delivered
2190,1721,2,2025-11-20,Returned
2191,1639,42,2025-09-23,Pending
2192,1525,16,2025-02-18,Delivered
2193,3011,19,2025-02-11,Delivered
2194,358,57,2023-10-09,Delivered
2195,112,32,2022-01-03,Cancelled
2196,3610,14,2024-10-05,Cancelled
2197,2677,52,2022-01-12,Cancelled
2198,1882,1,2025-05-08,Returned
2199,1636,8,2024-03-31,Delivered
2200,1768,58,2025-05-12,Delivered
2201,3292,58,2024-03-27,Returned
2202,2169,45,2024-06-28,Delivered
2203,92,48,2023-01-04,Cancelled
2204,2129,46,2024-12-22,Cancelled
2205,1158,56,2025-07-03,Cancelled
2206,2552,19,2025-02-13,Delivered
2207,3948,15,2025-10-03,Returned
2208,929,39,2023-09-19,Delivered
2209,3605,1,2022-11-21,Delivered
2210,749,8,2024-05-23,Delivered
2211,1864,58,2024-05-24,Pending
2212,3290,20,2022-09-23,Returned
2213,1523,17,2025-12-09,Returned
2214,671,48,2023-06-04,Delivered
2215,1527,15,2023-01-11,Returned
2216,2169,58,2025-05-15,Pending
2217,2980,52,2023-04-08,Delivered
2218,3661,33,2023-03-04,Delivered
2219,114,30,2023-09-24,Delivered
2220,3041,46,2022-04-24,Delivered
2221,892,48,2023-10-15,Delivered
2222,977,14,2024-03-07,Delivered
2223,3892,49,2022-07-10,Pending
2224,2999,18,2024-11-07,Pending
2225,2963,34,2022-11-28,Returned
2226,324,17,2024-03-11,Delivered
2227,1864,20,2022-02-22,Returned
2228,2000,51,2023-02-19,Pending
2229,1779,22,2023-06-18,Delivered
2230,3878,8,2023-01-31,Delivered
2231,653,27,2023-12-31,Pending
2232,839,30,2024-01-28,Pending
2233,2309,38,2025-07-22,Cancelled
2234,1383,41,2022-12-14,Delivered
2235,1658,33,2025-12-22,Returned
2236,3399,42,2024-08-17,Delivered
2237,3372,10,2024-11-29,Delivered
2238,1087,18,2025-08-27,Returned
2239,3310,56,2022-12-28,Pending
2240,1011,49,2022-01-16,Delivered
2241,2100,26,2023-02-13,Pending
2242,3980,52,2024-08-11,Delivered
2243,1011,6,2023-12-01,Delivered
2244,989,25,2024-08-28,Pending
2245,303,19,2022-02-11,Returned
2246,3614,46,2022-09-04,Delivered
2247,2441,47,2025-03-28,Returned
2248,2943,41,2023-01-07,Delivered
2249,3209,30,2022-07-29,Delivered
2250,808,13,2023-10-09,Delivered
2251,2448,16,2023-05-30,Delivered
2252,3525,7,2022-05-15,Delivered
2253,2562,29,2022-02-23,Delivered
2254,1374,58,2023-09-02,Delivered
2255,757,23,2023-10-23,Delivered
2256,2099,21,2025-05-05,Delivered
2257,3559,55,2024-07-08,Delivered
2258,2489,43,2022-09-15,Delivered
2259,3732,52,2023-01-31,Pending
2260,1095,27,2025-07-19,Pending
2261,2087,49,2023-01-31,Cancelled
2262,112,18,2022-10-15,Pending
2263,3003,49,2025-07-15,Delivered
2264,286,37,2025-03-31,Returned
2265,1649,60,2022-02-07,Delivered
2266,2783,57,2022-03-25,Delivered
2267,1980,6,2024-06-09,Cancelled
2268,80,6,2025-12-06,Pending
2269,1933,1,2024-01-03,Delivered
2270,566,59,2023-12-06,Delivered
2271,2210,39,2022-08-09,Cancelled
2272,314,32,2025-08-10,Delivered
2273,2365,37,2023-09-12,Cancelled
2274,2428,1,2022-08-08,Pending
2275,2917,25,2023-08-21,Delivered
2276,601,4,2022-01-07,Pending
2277,3691,2,2024-01-05,Delivered
2278,1426,44,2025-02-22,Cancelled
2279,241,36,2025-12-06,Delivered
2280,764,46,2023-08-03,Delivered
2281,2931,1,2023-04-26,Cancelled
2282,129,40,2025-10-20,Delivered
2283,1760,34,2022-03-29,Delivered
2284,2740,10,2023-10-31,Pending
2285,919,31,2023-02-27,Pending
2286,1903,37,2025-08-08,Returned
2287,1244,34,2024-07-28,Cancelled
2288,1609,45,2025-09-01,Delivered
2289,241,33,2024-01-03,Delivered
2290,41,56,2025-04-08,Delivered
2291,2003,6,2023-07-11,Delivered
2292,300,59,2022-04-30,Cancelled
2293,221,7,2024-10-13,Pending
2294,2081,39,2024-04-11,Returned
2295,368,9,2022-09-10,Delivered
2296,1678,46,2023-03-01,Delivered
2297,3025,52,2023-01-29,Delivered
2298,820,52,2024-10-31,Delivered
2299,1580,47,2025-06-10,Delivered
2300,326,28,2025-01-17,Delivered
2301,2289,12,2024-08-14,Delivered
2302,2314,38,2024-01-02,Returned
2303,1767,50,2024-12-10,Delivered
2304,807,25,2023-10-06,Pending
2305,24,20,2025-07-04,Delivered
2306,1590,57,2022-10-11,Delivered
2307,726,30,2025-08-08,Delivered
2308,2884,9,2022-09-30,Delivered
2309,2093,45,2023-01-12,Delivered
2310,917,45,2024-06-08,Pending
2311,2964,46,2024-04-05,Delivered
2312,2060,8,2022-08-06,Cancelled
2313,3676,54,2024-09-17,Pending
2314,655,14,2025-02-04,Delivered
2315,3166,20,2024-04-26,Cancelled
2316,1526,58,2022-05-20,Pending
2317,610,16,2025-04-08,Delivered
2318,2196,47,2023-09-12,Delivered
2319,2805,30,2025-08-17,Cancelled
2320,2138,41,2022-05-15,Delivered
2321,1206,50,2024-11-08,Cancelled
2322,3847,14,2024-04-11,Delivered
2323,2133,8,2022-09-02,Cancelled
2324,1029,19,2024-07-01,Delivered
2325,1739,45,2022-09-14,Delivered
2326,3981,19,2022-09-05,Pending
2327,2960,23,2023-12-05,Returned
2328,292,31,2024-06-24,Returned
2329,130,2,2022-05-26,Delivered
2330,3218,23,2025-04-18,Delivered
2331,1776,29,2025-11-15,Delivered
2332,2930,11,2023-10-31,Pending
2333,3542,57,2023-07-07,Delivered
2334,2607,18,2022-05-30,Delivered
2335,2615,54,2025-11-07,Delivered
2336,2079,4,2025-03-20,Delivered
2337,2650,25,2025-07-10,Delivered
2338,2776,38,2023-06-26,Delivered
2339,657,3,2025-01-06,Cancelled
2340,1135,12,2022-07-17,Pending
2341,2756,51,2023-01-02,Cancelled
2342,3170,51,2023-03-10,Delivered
2343,928,17,2025-06-19,Cancelled
2344,1374,57,2025-11-16,Returned
2345,275,8,2022-08-01,Delivered
2346,1678,10,2023-03-07,Delivered
2347,3788,41,2023-01-19,Delivered
2348,1904,3,2023-07-25,Pending
2349,313,21,2025-07-16,Delivered
2350,2663,31,2022-04-25,Delivered
2351,2862,54,2022-03-13,Delivered
2352,3533,42,2025-08-22,Delivered
2353,1767,13,2024-09-29,Delivered
2354,790,16,2024-07-12,Pending
2355,3598,21,2024-03-24,Delivered
2356,24,59,2024-04-08,Delivered
2357,371,53,2024-10-03,Cancelled
2358,3182,30,2023-01-01,Pending
2359,3689,56,2024-09-06,Delivered
2360,750,43,2023-06-14,Pending
2361,1094,43,2023-08-02,Delivered
2362,2971,8,2023-12-22,Pending
2363,2417,2,2025-01-15,Delivered
2364,2677,32,2024-01-17,Delivered
2365,1673,36,2022-03-15,Delivered
2366,1728,38,2022-12-26,Returned
2367,1818,17,2022-11-20,Delivered
2368,1004,10,2023-09-26,Delivered
2369,2949,59,2025-09-28,Delivered
2370,3762,15,2024-03-17,Returned
2371,3688,12,2024-09-18,Delivered
2372,3292,31,2023-01-03,Delivered
2373,3625,56,2023-01-16,Cancelled
2374,1503,57,2022-08-06,Delivered
2375,3431,22,2024-08-08,Delivered
2376,638,43,2022-01-08,Delivered
2377,419,35,2023-06-23,Delivered
2378,1017,28,2025-04-03,Returned
2379,1643,40,2025-06-21,Pending
2380,1177,9,2023-02-09,Delivered
2381,3725,23,2025-11-06,Delivered
2382,1997,13,2022-09-03,Delivered
2383,1690,44,2023-09-10,Delivered
2384,1818,7,2022-03-06,Returned
2385,1511,1,2024-11-02,Returned
2386,1294,14,2023-10-23,Delivered
2387,1183,49,2023-12-15,Delivered
2388,1127,60,2025-08-01,Returned
2389,2665,10,2025-11-12,Returned
2390,3016,38,2023-06-06,Delivered
2391,2672,44,2022-07-24,Pending
2392,2787,39,2023-02-05,Delivered
2393,928,45,2023-08-19,Pending
2394,704,29,2025-10-28,Delivered
2395,2783,31,2022-01-09,Delivered
2396,486,53,2025-05-03,Delivered
2397,2946,11,2025-06-09,Delivered
2398,2063,36,2025-07-19,Delivered
2399,2294,17,2022-01-30,Pending
2400,1374,54,2022-07-30,Delivered
2401,1256,4,2023-04-10,Cancelled
2402,1790,6,2023-06-13,Delivered
2403,563,14,2024-11-09,Delivered
2404,701,40,2025-06-23,Delivered
2405,3135,24,2025-06-18,Cancelled
2406,1145,33,2024-01-12,Cancelled
2407,2501,7,2022-06-07,Delivered
2408,2828,18,2024-01-27,Pending
2409,2348,50,2025-09-08,Delivered
2410,2147,46,2022-11-05,Cancelled
2411,956,45,2025-06-16,Delivered
2412,161,38,2024-04-02,Delivered
2413,3229,32,2025-07-27,Returned
2414,3794,52,2023-04-20,Delivered
2415,473,40,2023-08-03,Delivered
2416,200,18,2022-08-31,Returned
2417,789,6,2025-12-04,Delivered
2418,3667,20,2024-06-22,Delivered
2419,3020,13,2025-11-22,Cancelled
2420,3589,19,2023-10-04,Delivered
2421,3408,56,2024-04-28,Delivered
2422,1702,51,2022-04-19,Cancelled
2423,3114,26,2025-09-17,Pending
2424,2640,16,2023-08-19,Delivered
2425,3877,7,2025-07-05,Pending
2426,2654,11,2023-03-27,Delivered
2427,132,35,2022-05-05,Delivered
2428,1464,16,2024-01-03,Delivered
2429,3182,13,2023-12-16,Delivered
2430,1674,15,2024-10-25,Returned
2431,2990,41,2023-12-08,Cancelled
2432,23,42,2023-01-27,Cancelled
2433,79,2,2024-02-24,Pending
2434,2303,35,2025-10-03,Delivered
2435,3380,22,2023-01-09,Delivered
2436,3234,60,2025-10-24,Delivered
2437,3310,4,2024-01-21,Delivered
2438,919,30,2023-11-04,Cancelled
2439,3648,2,2023-03-04,Delivered
2440,3002,9,2024-11-06,Pending
2441,286,53,2024-07-06,Delivered
2442,809,7,2024-08-14,Delivered
2443,2283,19,2024-05-05,Delivered
2444,3343,23,2025-02-24,Delivered
2445,802,39,2023-10-30,Pending
2446,2325,24,2023-03-03,Pending
2447,821,23,2024-05-04,Delivered
2448,1496,44,2024-10-14,Delivered
2449,3404,50,2025-04-05,Delivered
2450,14,20,2022-12-06,Delivered
2451,3951,47,2025-01-22,Delivered
2452,3647,53,2023-01-11,Cancelled
2453,1,55,2025-07-13,Returned
2454,1684,8,2023-01-13,Pending
2455,3008,25,2023-05-14,Delivered
2456,3788,47,2025-01-23,Delivered
2457,3087,19,2025-03-14,Cancelled
2458,1040,23,2025-08-14,Returned
2459,383,9,2022-01-15,Cancelled
2460,2614,8,2022-06-12,Delivered
2461,1301,44,2023-10-22,Cancelled
2462,3380,40,2024-10-02,Delivered
2463,1280,11,2022-02-04,Returned
2464,1892,21,2023-07-10,Cancelled
2465,1821,3,2025-12-17,Delivered
2466,3754,30,2024-01-28,Pending
2467,144,55,2025-10-28,Delivered
2468,3253,49,2024-01-18,Pending
2469,2593,14,2024-02-17,Pending
2470,2261,30,2022-05-07,Returned
2471,524,53,2024-02-07,Delivered
2472,3016,12,2024-10-15,Delivered
2473,64,43,2022-10-09,Delivered
2474,2806,17,2023-02-03,Cancelled
2475,3893,37,2024-11-14,Returned
2476,14,8,2025-02-23,Cancelled
2477,1089,51,2024-08-27,Cancelled
2478,1768,16,2022-12-07,Delivered
2479,3538,49,2022-07-21,Delivered
2480,2264,49,2025-06-16,Returned
2481,807,12,2022-04-14,Pending
2482,3273,56,2023-10-14,Delivered
2483,2217,8,2022-03-12,Pending
2484,70,46,2025-07-18,Delivered
2485,1639,35,2025-08-31,Pending
2486,3446,43,2024-08-26,Cancelled
2487,211,59,2023-12-13,Cancelled
2488,226,6,2025-07-10,Delivered
2489,2102,1,2025-07-22,Delivered
2490,1864,28,2023-08-06,Returned
2491,549,49,2025-11-26,Delivered
2492,3822,38,2023-10-31,Delivered
2493,2733,60,2025-04-30,Delivered
2494,1790,30,2022-10-28,Returned
2495,2562,17,2024-02-26,Delivered
2496,3380,32,2023-09-26,Cancelled
2497,2000,49,2024-11-12,Cancelled
2498,1158,16,2022-06-18,Delivered
2499,1569,17,2024-12-15,Delivered
2500,3380,17,2022-11-07,Delivered
2501,8,46,2023-02-21,Pending
2502,2754,56,2024-07-21,Delivered
2503,1013,53,2024-09-04,Delivered
2504,2562,34,2023-12-01,Cancelled
2505,2546,58,2023-01-03,Delivered
2506,3120,6,2024-12-16,Delivered
2507,10,27,2023-06-07,Delivered
2508,777,13,2023-01-20,Delivered
2509,3090,18,2022-04-14,Pending
2510,75,44,2024-07-30,Delivered
2511,1728,1,2025-09-08,Cancelled
2512,3437,2,2024-09-22,Delivered
2513,3167,37,2024-10-27,Pending
2514,2081,29,2024-02-26,Cancelled
2515,2974,32,2024-11-03,Cancelled
2516,232,4,2024-02-02,Delivered
2517,283,8,2025-09-24,Pending
2518,1449,24,2022-07-08,Delivered
2519,3310,55,2024-07-12,Returned
2520,228,60,2022-12-28,Delivered
2521,2925,13,2024-08-29,Delivered
2522,2434,60,2022-03-06,Returned
2523,2114,44,2023-08-27,Cancelled
2524,863,22,2025-12-12,Returned
2525,3667,20,2024-01-29,Delivered
2526,221,28,2024-05-18,Delivered
2527,58,18,2023-12-30,Pending
2528,801,45,2022-03-30,Delivered
2529,253,25,2023-07-11,Delivered
2530,3749,33,2025-06-28,Delivered
2531,440,7,2025-08-02,Returned
2532,3902,36,2022-02-24,Cancelled
2533,2791,41,2025-02-24,Delivered
2534,1788,60,2022-11-28,Returned
2535,2992,21,2024-04-06,Cancelled
2536,919,34,2025-08-05,Pending
2537,2000,7,2023-11-15,Cancelled
2538,3627,60,2025-05-04,Delivered
2539,1456,5,2025-08-15,Returned
2540,1116,2,2022-01-18,Returned
2541,2861,42,2024-02-29,Delivered
2542,2105,4,2024-01-21,Delivered
2543,2925,18,2022-08-10,Cancelled
2544,3359,15,2022-11-11,Returned
2545,668,57,2022-03-11,Pending
2546,485,34,2023-06-26,Delivered
2547,3706,10,2024-07-05,Delivered
2548,3428,41,2025-06-01,Returned
2549,2367,41,2025-10-15,Returned
2550,1562,51,2023-05-15,Pending
2551,2174,49,2022-10-15,Delivered
2552,1568,8,2022-06-06,Pending
2553,2154,28,2025-06-15,Cancelled
2554,2605,10,2022-11-07,Delivered
2555,1821,33,2025-07-16,Delivered
2556,440,2,2022-11-16,Pending
2557,1815,21,2023-11-01,Delivered
2558,928,23,2025-06-19,Pending
2559,1994,29,2024-10-16,Delivered
2560,3045,27,2024-07-09,Delivered
2561,156,40,2022-05-07,Delivered
2562,818,37,2024-02-14,Delivered
2563,2619,59,2025-07-29,Delivered
2564,1380,53,2025-05-04,Delivered
2565,1136,45,2025-07-20,Delivered
2566,3481,38,2023-03-10,Returned
2567,1190,49,2024-12-30,Returned
2568,3728,19,2024-05-27,Returned
2569,3099,47,2022-02-27,Delivered
2570,2627,19,2024-01-06,Delivered
2571,1536,47,2023-05-17,Delivered
2572,1130,50,2024-12-08,Cancelled
2573,3919,45,2025-06-13,Cancelled
2574,2988,26,2022-05-30,Pending
2575,428,8,2022-06-11,Delivered
2576,751,11,2025-01-28,Delivered
2577,1557,3,2025-03-27,Pending
2578,1688,2,2024-01-26,Delivered
2579,2594,54,2022-07-09,Delivered
2580,1568,9,2024-07-29,Delivered
2581,1846,37,2023-08-16,Delivered
2582,811,25,2023-02-09,Delivered
2583,802,15,2025-05-07,Cancelled
2584,1862,43,2023-06-11,Returned
2585,2363,56,2022-05-10,Delivered
2586,1448,59,2023-09-29,Pending
2587,1140,36,2025-04-10,Delivered
2588,3047,20,2023-11-15,Pending
2589,1332,22,2023-12-08,Returned
2590,3597,8,2023-09-07,Returned
2591,3734,18,2024-02-01,Delivered
2592,2549,25,2024-02-27,Delivered
2593,304,13,2025-05-03,Delivered
2594,3893,11,2023-09-30,Delivered
2595,553,5,2024-06-30,Delivered
2596,1911,10,2023-08-26,Pending
2597,1441,15,2025-02-06,Delivered
2598,270,59,2023-12-18,Pending
2599,3665,18,2023-02-12,Returned
2600,886,43,2024-12-28,Returned
2601,3935,43,2024-06-19,Pending
2602,3490,23,2022-03-15,Pending
2603,3983,48,2024-03-21,Cancelled
2604,760,53,2025-03-17,Delivered
2605,2552,21,2023-10-02,Delivered
2606,1828,46,2025-11-20,Returned
2607,3865,56,2022-12-18,Delivered
2608,296,54,2024-06-20,Returned
2609,3310,20,2023-02-12,Delivered
2610,3987,48,2024-09-27,Delivered
2611,1684,57,2024-01-22,Delivered
2612,267,30,2022-04-30,Delivered
2613,2684,42,2025-10-11,Delivered
2614,40,27,2024-11-16,Cancelled
2615,2316,18,2022-08-08,Returned
2616,2402,55,2023-03-07,Delivered
2617,3207,10,2022-01-16,Cancelled
2618,3311,44,2025-04-06,Returned
2619,1029,36,2022-08-05,Cancelled
2620,3045,5,2024-08-11,Returned
2621,2002,46,2024-06-19,Returned
2622,1048,11,2024-11-11,Delivered
2623,923,58,2023-08-17,Cancelled
2624,3700,48,2024-09-28,Returned
2625,607,21,2024-06-14,Pending
2626,1167,35,2025-11-20,Delivered
2627,114,13,2023-02-18,Delivered
2628,2358,29,2023-10-30,Delivered
2629,1410,46,2023-06-03,Cancelled
2630,2600,43,2022-12-29,Delivered
2631,1019,50,2022-05-14,Delivered
2632,2417,21,2025-11-20,Delivered
2633,1969,57,2024-10-04,Delivered
2634,2999,52,2024-11-28,Pending
2635,3852,58,2022-10-05,Cancelled
2636,1955,53,2024-10-18,Returned
2637,1862,29,2025-10-24,Delivered
2638,1958,58,2022-09-07,Returned
2639,1137,22,2024-11-12,Delivered
2640,255,14,2022-06-13,Returned
2641,3275,24,2022-07-17,Pending
2642,2295,40,2023-12-30,Delivered
2643,1935,5,2025-08-18,Pending
2644,3747,23,2022-07-17,Delivered
2645,1849,26,2024-12-01,Pending
2646,2754,12,2024-02-29,Pending
2647,661,17,2022-07-12,Delivered
2648,1892,24,2022-07-14,Pending
2649,2803,24,2024-09-02,Delivered
2650,335,2,2025-01-10,Delivered
2651,964,34,2024-05-18,Cancelled
2652,538,41,2023-02-06,Delivered
2653,2805,47,2023-04-10,Pending
2654,2931,13,2025-11-01,Delivered
2655,1135,60,2022-05-16,Delivered
2656,3071,44,2024-07-12,Delivered
2657,3723,32,2023-05-24,Delivered
2658,1933,8,2024-11-15,Cancelled
2659,1172,7,2022-03-13,Pending
2660,633,6,2025-12-22,Delivered
2661,1590,43,2023-07-17,Cancelled
2662,1824,11,2024-09-12,Delivered
2663,3557,58,2025-11-12,Delivered
2664,2974,8,2022-12-31,Delivered
2665,3465,31,2022-01-03,Returned
2666,2849,12,2024-06-25,Cancelled
2667,1570,54,2025-03-01,Delivered
2668,2270,45,2023-07-11,Cancelled
2669,1870,33,2024-08-22,Delivered
2670,3997,19,2023-11-03,Delivered
2671,3020,8,2023-04-01,Delivered
2672,3648,9,2022-12-02,Delivered
2673,1295,24,2025-08-17,Returned
2674,1244,32,2024-06-16,Delivered
2675,2347,4,2024-09-12,Delivered
2676,3938,46,2024-12-17,Returned
2677,2862,31,2025-05-20,Delivered
2678,3380,13,2024-12-15,Delivered
2679,1594,33,2022-09-09,Delivered
2680,1864,23,2023-01-05,Returned
2681,2968,39,2025-12-26,Returned
2682,2532,2,2024-02-11,Cancelled
2683,976,60,2023-08-16,Delivered
2684,2159,10,2022-11-12,Delivered
2685,2067,52,2025-01-07,Pending
2686,1593,39,2022-04-03,Delivered
2687,3255,45,2024-09-22,Delivered
2688,2143,4,2025-12-23,Delivered
2689,881,25,2023-12-19,Delivered
2690,3517,26,2022-06-16,Delivered
2691,819,31,2023-01-09,Delivered
2692,3768,26,2025-09-14,Returned
2693,3930,15,2024-11-06,Returned
2694,3208,60,2025-12-04,Cancelled
2695,1449,45,2022-02-03,Delivered
2696,929,48,2023-04-03,Delivered
2697,3918,19,2025-06-20,Cancelled
2698,2122,10,2022-11-03,Delivered
2699,3408,44,2022-06-23,Pending
2700,2856,31,2025-11-20,Delivered
2701,1752,42,2025-05-02,Returned
2702,2081,32,2023-12-02,Pending
2703,2887,44,2022-06-15,Delivered
2704,2677,56,2023-06-14,Delivered
2705,3688,7,2023-09-14,Returned
2706,976,4,2023-05-04,Cancelled
2707,199,31,2022-01-28,Delivered
2708,1911,58,2022-08-18,Returned
2709,2968,53,2023-01-26,Delivered
2710,1021,29,2024-11-29,Cancelled
2711,1092,1,2025-08-07,Delivered
2712,850,56,2022-04-17,Cancelled
2713,1593,36,2023-07-11,Delivered
2714,1174,33,2024-07-25,Delivered
2715,40,54,2024-01-31,Delivered
2716,2399,41,2024-02-07,Pending
2717,2000,55,2024-01-09,Returned
2718,2990,37,2025-12-03,Delivered
2719,3111,46,2023-01-26,Delivered
2720,2939,59,2023-07-12,Delivered
2721,1728,11,2022-06-15,Delivered
2722,1393,49,2025-10-11,Delivered
2723,518,51,2023-03-25,Pending
2724,3582,51,2022-01-27,Delivered
2725,2403,29,2023-06-26,Returned
2726,2576,26,2024-04-27,Pending
2727,1334,59,2025-02-13,Cancelled
2728,444,55,2023-10-06,Delivered
2729,2610,41,2022-04-12,Delivered
2730,1509,34,2022-08-23,Delivered
2731,3075,39,2023-11-30,Delivered
2732,1890,59,2024-01-15,Delivered
2733,2964,44,2024-03-28,Delivered
2734,1629,40,2025-05-12,Delivered
2735,3720,9,2023-04-23,Pending
2736,2381,55,2023-09-27,Cancelled
2737,2561,34,2023-04-24,Delivered
2738,3506,14,2023-02-16,Delivered
2739,2067,58,2022-01-10,Delivered
2740,2697,51,2023-01-28,Delivered
2741,3760,48,2022-08-14,Delivered
2742,3112,34,2023-07-14,Returned
2743,2312,20,2022-01-31,Cancelled
2744,715,37,2025-07-11,Delivered
2745,440,38,2025-03-16,Pending
2746,1207,22,2023-10-04,Delivered
2747,2006,16,2023-09-30,Cancelled
2748,3133,29,2022-04-09,Pending
2749,1612,54,2023-01-03,Delivered
2750,1414,44,2022-08-12,Delivered
2751,79,13,2023-07-02,Delivered
2752,2370,31,2025-08-08,Delivered
2753,3046,23,2023-11-01,Cancelled
2754,1982,47,2022-06-09,Pending
2755,3329,11,2023-02-05,Returned
2756,3096,43,2022-01-15,Delivered
2757,3538,31,2023-04-18,Delivered
2758,1111,46,2022-10-12,Pending
2759,1794,57,2022-04-02,Delivered
2760,773,27,2025-09-07,Delivered
2761,1585,56,2023-03-05,Cancelled
2762,807,52,2025-06-12,Cancelled
2763,3610,40,2025-02-24,Cancelled
2764,541,59,2024-03-03,Delivered
2765,3271,13,2024-06-08,Delivered
2766,811,28,2022-03-25,Delivered
2767,2783,14,2024-01-08,Pending
2768,1393,24,2025-02-25,Cancelled
2769,2269,21,2022-12-27,Cancelled
2770,1455,7,2022-11-29,Cancelled
2771,3603,30,2022-04-30,Delivered
2772,1086,16,2023-04-05,Returned
2773,1273,48,2024-11-13,Delivered
2774,2939,15,2025-06-20,Delivered
2775,1576,45,2023-05-25,Pending
2776,3176,19,2024-02-17,Delivered
2777,1485,27,2022-08-04,Delivered
2778,2196,57,2022-07-30,Returned
2779,1621,56,2024-05-05,Cancelled
2780,2152,60,2022-12-03,Delivered
2781,505,22,2025-08-16,Delivered
2782,2049,32,2025-02-01,Cancelled
2783,2939,35,2023-09-04,Delivered
2784,747,27,2025-06-04,Returned
2785,3290,13,2022-06-27,Delivered
2786,1571,22,2022-10-09,Delivered
2787,2720,15,2022-01-30,Cancelled
2788,1731,1,2024-09-13,Returned
2789,3119,34,2022-08-10,Cancelled
2790,2129,24,2023-11-21,Delivered
2791,3751,11,2024-08-27,Delivered
2792,2017,33,2024-06-05,Pending
2793,3241,26,2023-12-28,Pending
2794,3492,13,2022-06-10,Delivered
2795,958,44,2022-04-23,Returned
2796,2557,25,2025-06-02,Delivered
2797,883,7,2023-06-21,Cancelled
2798,3878,46,2025-01-27,Delivered
2799,2389,7,2025-02-03,Delivered
2800,3476,7,2023-08-21,Delivered
2801,1768,31,2025-07-12,Delivered
2802,1390,20,2024-07-15,Delivered
2803,837,19,2023-11-29,Delivered
2804,1011,6,2024-07-17,Delivered
2805,2104,51,2024-06-04,Cancelled
2806,2783,57,2022-11-23,Pending
2807,2740,46,2022-02-01,Cancelled
2808,1958,22,2025-08-22,Delivered
2809,1616,58,2023-02-22,Delivered
2810,1097,30,2024-09-07,Delivered
2811,172,44,2022-08-24,Delivered
2812,1690,22,2024-02-23,Cancelled
2813,2350,15,2025-06-03,Delivered
2814,2873,2,2023-02-27,Returned
2815,2309,27,2025-12-16,Delivered
2816,3033,49,2025-08-01,Delivered
2817,3351,47,2023-01-18,Pending
2818,2121,21,2025-01-30,Delivered
2819,64,21,2023-07-30,Delivered
2820,919,57,2023-11-16,Delivered
2821,889,42,2023-07-06,Cancelled
2822,3400,39,2025-07-11,Delivered
2823,720,47,2022-06-01,Delivered
2824,2233,43,2023-09-19,Delivered
2825,24,58,2022-07-02,Returned
2826,2614,48,2025-01-31,Delivered
2827,1790,5,2023-08-31,Pending
2828,1640,28,2022-09-10,Delivered
2829,3444,33,2023-01-12,Pending
2830,1896,5,2023-09-21,Pending
2831,3141,60,2024-01-25,Cancelled
2832,919,34,2025-05-11,Delivered
2833,2251,48,2022-05-26,Delivered
2834,3698,58,2023-04-25,Pending
2835,464,45,2025-11-08,Delivered
2836,3754,16,2024-02-01,Returned
2837,502,45,2022-09-03,Delivered
2838,1945,39,2022-11-19,Delivered
2839,2968,36,2023-08-24,Delivered
2840,3950,54,2024-04-15,Delivered
2841,1562,30,2023-07-09,Delivered
2842,486,5,2023-09-26,Returned
2843,2043,10,2022-04-14,Delivered
2844,3832,58,2022-06-22,Cancelled
2845,7,30,2023-07-27,Cancelled
2846,1296,42,2023-06-25,Pending
2847,2427,48,2024-12-13,Pending
2848,1084,9,2023-05-08,Cancelled
2849,1790,5,2022-03-19,Delivered
2850,1818,9,2024-01-08,Pending
2851,986,5,2022-08-31,Delivered
2852,3832,33,2023-07-17,Pending
2853,481,50,2022-05-01,Delivered
2854,1121,53,2022-04-19,Delivered
2855,1718,16,2023-11-23,Returned
2856,3955,9,2025-11-20,Delivered
2857,1779,26,2022-04-11,Delivered
2858,2586,36,2023-07-17,Pending
2859,930,55,2024-12-25,Delivered
2860,79,1,2025-08-20,Pending
2861,84,14,2022-08-21,Returned
2862,3667,54,2023-09-09,Returned
2863,2162,35,2025-07-07,Cancelled
2864,1392,38,2022-02-02,Pending
2865,3359,47,2025-06-01,Delivered
2866,819,6,2025-09-27,Delivered
2867,1809,55,2024-03-10,Delivered
2868,3981,27,2023-09-29,Pending
2869,2532,59,2022-05-26,Cancelled
2870,1056,50,2023-07-30,Delivered
2871,1389,55,2023-02-06,Returned
2872,3611,5,2024-06-17,Delivered
2873,1021,51,2024-01-14,Pending
2874,3501,42,2022-04-15,Pending
2875,1804,23,2024-02-26,Pending
2876,532,6,2022-09-01,Delivered
2877,3072,2,2025-11-19,Delivered
2878,2951,38,2023-01-16,Pending
2879,3538,42,2023-06-13,Cancelled
2880,3140,49,2025-10-02,Returned
2881,630,11,2025-04-28,Cancelled
2882,2538,37,2023-03-21,Delivered
2883,1590,36,2023-09-26,Pending
2884,2562,10,2023-12-22,Delivered
2885,675,44,2024-08-02,Returned
2886,3627,39,2025-03-24,Delivered
2887,880,25,2022-09-30,Delivered
2888,3138,31,2022-05-17,Delivered
2889,476,23,2023-07-12,Returned
2890,460,45,2022-10-11,Delivered
2891,172,24,2022-03-20,Pending
2892,2303,54,2024-12-30,Delivered
2893,2762,46,2024-01-24,Pending
2894,938,34,2024-08-02,Delivered
2895,241,54,2025-06-30,Pending
2896,3419,12,2023-10-01,Delivered
2897,3509,12,2023-03-18,Delivered
2898,2303,20,2024-03-23,Returned
2899,201,56,2025-05-01,Delivered
2900,2273,30,2025-09-24,Delivered
2901,365,45,2025-03-15,Cancelled
2902,324,30,2022-02-09,Cancelled
2903,764,21,2024-09-15,Returned
2904,2968,49,2025-04-24,Returned
2905,1247,20,2023-07-16,Delivered
2906,2370,47,2024-07-08,Delivered
2907,2523,37,2023-01-02,Pending
2908,1825,45,2022-03-01,Returned
2909,907,54,2022-10-16,Delivered
2910,1745,25,2025-01-21,Delivered
2911,1358,33,2023-08-03,Delivered
2912,2219,56,2025-07-21,Delivered
2913,3828,20,2024-01-21,Delivered
2914,606,55,2025-08-29,Cancelled
2915,973,21,2022-08-09,Delivered
2916,247,36,2024-09-06,Returned
2917,3364,5,2022-02-07,Delivered
2918,3822,12,2024-10-15,Delivered
2919,44,22,2025-11-06,Returned
2920,1369,26,2022-12-26,Delivered
2921,3679,23,2023-04-22,Delivered
2922,3319,34,2022-09-14,Returned
2923,3415,28,2025-09-15,Cancelled
2924,3160,32,2022-01-29,Pending
2925,1712,45,2022-12-04,Delivered
2926,1334,46,2024-09-22,Cancelled
2927,1546,53,2023-01-04,Delivered
2928,2288,39,2024-11-28,Delivered
2929,3203,21,2023-11-13,Delivered
2930,1066,57,2025-05-26,Delivered
2931,2967,16,2024-05-01,Delivered
2932,2999,1,2024-12-09,Delivered
2933,2108,58,2023-10-09,Cancelled
2934,3028,13,2024-08-12,Delivered
2935,2552,40,2022-03-01,Cancelled
2936,3045,13,2022-04-22,Pending
2937,2641,38,2025-02-07,Delivered
2938,3282,6,2022-10-19,Returned
2939,2133,20,2025-04-14,Delivered
2940,3646,22,2025-09-05,Delivered
2941,1532,11,2023-04-16,Delivered
2942,2324,31,2024-02-01,Delivered
2943,2217,16,2023-08-11,Pending
2944,1024,5,2022-05-07,Pending
2945,2018,57,2024-09-12,Delivered
2946,372,40,2024-05-15,Returned
2947,701,9,2023-07-10,Delivered
2948,1694,33,2024-10-24,Cancelled
2949,565,18,2022-08-16,Delivered
2950,3357,42,2025-08-19,Delivered
2951,95,24,2025-11-21,Delivered
2952,1368,21,2025-05-16,Returned
2953,3766,1,2025-03-18,Delivered
2954,2990,9,2024-02-14,Delivered
2955,2309,12,2022-08-15,Returned
2956,762,60,2024-11-23,Pending
2957,200,25,2025-08-21,Cancelled
2958,1235,15,2025-09-17,Returned
2959,3676,2,2022-12-19,Delivered
2960,563,23,2023-04-28,Delivered
2961,147,19,2024-05-19,Delivered
2962,441,19,2024-08-20,Pending
2963,478,50,2022-09-07,Delivered
2964,1896,33,2024-12-23,Returned
2965,3095,16,2023-12-15,Delivered
2966,932,9,2024-08-06,Pending
2967,3467,21,2024-06-02,Delivered
2968,567,18,2022-12-06,Returned
2969,990,49,2024-06-27,Delivered
2970,81,49,2024-08-30,Delivered
2971,3096,44,2025-01-15,Returned
2972,774,42,2022-10-17,Pending
2973,3798,28,2022-06-10,Delivered
2974,763,42,2023-07-04,Delivered
2975,2698,6,2023-08-08,Delivered
2976,2325,45,2023-12-13,Returned
2977,1561,30,2023-11-04,Delivered
2978,2986,21,2022-02-03,Delivered
2979,777,12,2025-06-15,Delivered
2980,314,31,2024-07-08,Delivered
2981,40,28,2024-01-11,Delivered
2982,1086,6,2025-07-08,Delivered
2983,2562,28,2025-11-24,Delivered
2984,51,40,2024-01-07,Delivered
2985,616,56,2022-06-28,Returned
2986,1025,24,2025-02-25,Pending
2987,671,45,2024-02-12,Delivered
2988,638,33,2025-07-13,Cancelled
2989,1479,42,2024-03-19,Cancelled
2990,3117,44,2022-12-14,Delivered
2991,722,22,2023-12-04,Cancelled
2992,1886,41,2023-05-19,Delivered
2993,2548,16,2022-06-24,Cancelled
2994,3203,41,2023-01-20,Delivered
2995,3517,56,2023-03-25,Delivered
2996,1211,7,2024-08-28,Returned
2997,1555,57,2022-07-04,Delivered
2998,1023,38,2022-02-07,Delivered
2999,377,38,2022-11-04,Delivered
3000,3648,34,2023-09-28,Delivered
3001,1517,40,2024-06-26,Delivered
3002,3212,8,2025-05-20,Delivered
3003,1745,23,2024-05-14,Delivered
3004,1896,27,2025-10-31,Cancelled
3005,1945,56,2024-07-16,Returned
3006,3249,51,2024-02-11,Delivered
3007,2093,29,2025-09-21,Delivered
3008,3758,41,2024-11-04,Delivered
3009,1912,34,2022-09-30,Delivered
3010,1305,45,2022-07-11,Returned
3011,3065,58,2024-01-24,Delivered
3012,2845,33,2024-06-17,Returned
3013,3618,44,2022-11-17,Cancelled
3014,2509,14,2024-10-17,Pending
3015,1938,9,2023-01-21,Returned
3016,2298,20,2024-07-19,Delivered
3017,3518,50,2022-11-21,Delivered
3018,2370,54,2022-04-07,Cancelled
3019,3242,50,2024-03-13,Delivered
3020,2609,43,2024-10-05,Delivered
3021,1725,56,2024-03-26,Delivered
3022,95,1,2023-07-03,Pending
3023,3341,57,2022-04-03,Delivered
3024,3935,3,2023-10-04,Delivered
3025,2964,6,2024-08-28,Delivered
3026,3878,24,2023-09-07,Delivered
3027,286,24,2025-04-17,Delivered
3028,908,2,2025-11-14,Delivered
3029,91,4,2024-07-03,Delivered
3030,2562,5,2025-03-06,Delivered
3031,2021,40,2024-05-24,Pending
3032,3363,10,2023-07-16,Pending
3033,3201,53,2023-10-10,Delivered
3034,920,23,2022-06-05,Pending
3035,2978,47,2024-04-07,Delivered
3036,2079,20,2025-06-20,Returned
3037,986,17,2024-08-24,Returned
3038,744,42,2022-02-05,Delivered
3039,1111,37,2025-10-16,Returned
3040,566,8,2025-11-23,Pending
3041,3273,49,2024-12-25,Delivered
3042,2661,6,2024-10-07,Delivered
3043,411,7,2024-08-25,Delivered
3044,1203,24,2023-02-27,Delivered
3045,2963,2,2023-07-13,Returned
3046,1525,12,2022-06-08,Cancelled
3047,3002,1,2023-03-11,Cancelled
3048,3698,9,2023-06-01,Delivered
3049,3363,9,2024-12-03,Pending
3050,2783,30,2023-08-03,Returned
3051,64,1,2023-12-06,Delivered
3052,1015,12,2025-03-31,Delivered
3053,2370,8,2025-03-27,Cancelled
3054,3773,17,2024-10-08,Delivered
3055,2562,7,2025-12-16,Delivered
3056,2776,38,2022-09-22,Delivered
3057,3167,16,2022-01-12,Delivered
3058,2987,42,2024-10-25,Pending
3059,1568,38,2022-09-22,Delivered
3060,2772,18,2022-10-23,Delivered
3061,1674,32,2025-04-04,Delivered
3062,143,11,2024-09-08,Cancelled
3063,2662,54,2024-11-15,Cancelled
3064,3116,17,2023-03-10,Delivered
3065,1546,55,2025-08-21,Delivered
3066,3669,23,2022-04-11,Delivered
3067,2619,51,2025-04-14,Delivered
3068,2000,27,2024-02-24,Delivered
3069,3220,19,2025-03-29,Delivered
3070,2197,9,2025-11-28,Delivered
3071,1407,33,2023-07-26,Cancelled
3072,1547,20,2025-09-07,Pending
3073,1567,44,2025-06-25,Cancelled
3074,2318,4,2022-04-02,Delivered
3075,1958,12,2023-02-18,Delivered
3076,3065,42,2024-06-07,Delivered
3077,928,4,2024-02-08,Delivered
3078,547,8,2025-11-28,Cancelled
3079,3412,21,2025-10-07,Cancelled
3080,1813,28,2023-09-18,Cancelled
3081,1221,2,2022-01-02,Returned
3082,24,58,2024-04-19,Delivered
3083,1767,59,2025-03-10,Pending
3084,3101,22,2023-10-30,Delivered
3085,2493,39,2023-02-24,Delivered
3086,2814,35,2025-12-07,Delivered
3087,3538,11,2024-03-08,Pending
3088,2849,37,2025-03-22,Cancelled
3089,289,25,2024-07-05,Delivered
3090,471,2,2023-10-30,Cancelled
3091,1008,47,2024-10-18,Delivered
3092,410,34,2024-01-17,Pending
3093,3585,27,2024-11-25,Cancelled
3094,3287,41,2025-10-07,Delivered
3095,186,2,2024-10-01,Returned
3096,1509,35,2022-08-22,Delivered
3097,2154,27,2022-07-21,Delivered
3098,92,4,2023-06-05,Pending
3099,1247,20,2023-12-18,Cancelled
3100,1633,6,2025-05-03,Delivered
3101,318,54,2025-09-12,Returned
3102,1280,20,2025-03-16,Delivered
3103,1955,23,2023-05-20,Cancelled
3104,2268,23,2025-12-07,Delivered
3105,1600,51,2025-02-15,Delivered
3106,3711,31,2024-06-15,Cancelled
3107,2916,27,2024-11-13,Delivered
3108,3223,58,2024-05-09,Delivered
3109,1583,22,2024-10-31,Delivered
3110,397,43,2025-02-02,Delivered
3111,276,4,2022-12-07,Delivered
3112,3713,24,2023-03-27,Delivered
3113,3534,15,2023-10-26,Pending
3114,3623,33,2023-06-14,Cancelled
3115,2172,49,2022-05-10,Delivered
3116,756,7,2024-06-07,Pending
3117,3835,44,2022-06-29,Delivered
3118,344,38,2023-09-15,Delivered
3119,489,32,2022-09-09,Returned
3120,2236,45,2023-07-04,Delivered
3121,974,1,2022-04-07,Delivered
3122,2094,6,2024-04-04,Delivered
3123,3240,23,2022-06-23,Pending
3124,2188,29,2022-01-18,Pending
3125,598,4,2025-07-23,Returned
3126,3679,2,2025-10-26,Pending
3127,1065,20,2025-04-13,Delivered
3128,2790,23,2023-03-08,Delivered
3129,3254,12,2023-09-22,Delivered
3130,3311,28,2024-01-01,Delivered
3131,773,36,2025-03-06,Delivered
3132,3596,19,2023-12-03,Returned
3133,314,5,2024-04-11,Delivered
3134,1768,44,2023-07-10,Returned
3135,3378,51,2025-09-23,Delivered
3136,2365,30,2022-10-15,Cancelled
3137,589,18,2023-04-25,Cancelled
3138,3573,9,2023-03-10,Returned
3139,3629,8,2023-03-02,Delivered
3140,2987,56,2025-09-28,Delivered
3141,3254,17,2024-03-30,Cancelled
3142,3661,49,2025-09-12,Pending
3143,1203,57,2023-10-19,Delivered
3144,1568,26,2024-11-09,Delivered
3145,2142,33,2023-11-15,Delivered
3146,2754,53,2024-11-01,Pending
3147,3846,23,2022-06-20,Returned
3148,3065,17,2023-10-21,Delivered
3149,115,9,2022-05-31,Cancelled
3150,2430,40,2025-12-30,Delivered
3151,715,46,2022-03-23,Delivered
3152,1896,56,2024-12-22,Delivered
3153,87,43,2022-01-15,Cancelled
3154,668,6,2023-03-22,Delivered
3155,1212,17,2025-11-03,Delivered
3156,2990,41,2023-11-04,Delivered
3157,3033,12,2023-01-11,Delivered
3158,3008,12,2022-02-08,Pending
3159,3865,57,2023-12-22,Delivered
3160,66,23,2024-12-06,Pending
3161,1994,19,2025-03-30,Cancelled
3162,2486,41,2025-02-18,Returned
3163,3167,22,2023-01-04,Cancelled
3164,3253,48,2024-05-20,Delivered
3165,3611,3,2025-09-11,Pending
3166,24,57,2024-06-25,Cancelled
3167,227,60,2023-06-22,Cancelled
3168,2303,36,2024-07-04,Cancelled
3169,2329,7,2023-06-18,Delivered
3170,64,21,2025-11-30,Delivered
3171,2079,41,2022-05-10,Delivered
3172,1097,15,2022-01-24,Pending
3173,1294,42,2025-03-26,Delivered
3174,2849,16,2024-06-29,Delivered
3175,1593,42,2025-12-16,Delivered
3176,1721,57,2022-10-11,Delivered
3177,1394,32,2025-01-26,Delivered
3178,953,12,2023-10-27,Delivered
3179,2532,13,2025-11-21,Delivered
3180,220,52,2022-06-17,Returned
3181,3208,31,2025-03-10,Delivered
3182,2505,4,2023-01-17,Returned
3183,726,17,2024-09-05,Returned
3184,2145,34,2025-08-11,Pending
3185,2196,44,2023-09-27,Returned
3186,1352,26,2024-04-10,Delivered
3187,625,51,2023-04-28,Returned
3188,1907,45,2023-05-09,Delivered
3189,225,36,2022-12-20,Cancelled
3190,645,29,2024-11-25,Delivered
3191,517,44,2025-10-21,Delivered
3192,3517,41,2025-05-25,Delivered
3193,614,16,2025-10-31,Cancelled
3194,807,39,2024-08-25,Cancelled
3195,658,41,2023-07-04,Delivered
3196,704,12,2022-12-15,Delivered
3197,957,51,2023-10-18,Pending
3198,2677,15,2023-09-17,Delivered
3199,3254,36,2024-12-11,Returned
3200,1678,14,2025-11-05,Delivered
3201,1838,8,2025-05-17,Cancelled
3202,922,10,2022-08-16,Delivered
3203,1591,43,2024-01-02,Pending
3204,3333,4,2023-06-25,Cancelled
3205,2105,13,2022-03-07,Delivered
3206,3980,54,2023-07-05,Pending
3207,251,26,2025-09-11,Delivered
3208,2423,29,2024-09-23,Delivered
3209,2081,12,2023-05-21,Cancelled
3210,1764,49,2022-08-03,Cancelled
3211,3624,30,2025-05-25,Returned
3212,2791,43,2022-09-30,Pending
3213,65,31,2025-11-20,Pending
3214,3444,30,2023-09-14,Pending
3215,2371,37,2022-03-28,Pending
3216,1678,19,2025-03-24,Pending
3217,1046,20,2022-09-05,Cancelled
3218,3772,13,2025-06-17,Returned
3219,48,13,2024-01-27,Delivered
3220,519,10,2025-12-27,Cancelled
3221,3418,35,2022-08-10,Pending
3222,1172,42,2025-04-09,Delivered
3223,84,41,2022-03-21,Delivered
3224,1926,59,2023-02-07,Delivered
3225,189,30,2025-08-22,Delivered
3226,396,3,2022-08-05,Delivered
3227,1493,22,2024-07-29,Delivered
3228,3011,9,2023-11-23,Cancelled
3229,2990,60,2023-01-04,Delivered
3230,3404,60,2025-09-27,Delivered
3231,1273,5,2024-03-01,Delivered
3232,975,45,2023-07-18,Delivered
3233,1530,41,2024-06-20,Delivered
3234,1985,45,2023-08-18,Pending
3235,10,59,2025-01-18,Delivered
3236,3278,31,2025-01-11,Delivered
3237,973,59,2023-01-11,Delivered
3238,1075,40,2025-10-12,Delivered
3239,2367,17,2025-09-13,Returned
3240,2307,46,2025-05-13,Pending
3241,3206,30,2022-06-05,Delivered
3242,2651,50,2025-03-29,Returned
3243,573,14,2024-08-25,Delivered
3244,1130,21,2025-05-24,Pending
3245,370,12,2022-06-18,Delivered
3246,1807,11,2022-12-16,Returned
3247,789,27,2022-09-25,Pending
3248,788,23,2025-11-28,Delivered
3249,2619,35,2022-11-17,Cancelled
3250,3088,30,2024-11-16,Delivered
3251,1232,4,2025-06-13,Cancelled
3252,2417,57,2025-10-29,Cancelled
3253,1818,5,2025-07-01,Delivered
3254,1616,16,2024-11-16,Delivered
3255,1872,35,2023-08-17,Pending
3256,1685,56,2022-12-24,Cancelled
3257,1567,31,2025-09-10,Returned
3258,3349,52,2022-08-29,Returned
3259,747,57,2023-08-08,Returned
3260,1525,17,2024-05-26,Delivered
3261,1861,28,2023-01-06,Delivered
3262,112,11,2025-06-18,Returned
3263,3428,5,2023-08-09,Returned
3264,1536,2,2025-09-24,Pending
3265,3310,37,2023-01-03,Pending
3266,3304,9,2022-10-04,Pending
3267,2000,41,2024-04-11,Delivered
3268,163,31,2022-01-13,Returned
3269,2079,35,2025-10-11,Pending
3270,2776,29,2025-10-29,Cancelled
3271,912,57,2024-08-26,Cancelled
3272,2403,41,2022-03-30,Cancelled
3273,3012,20,2025-12-15,Delivered
3274,2374,49,2023-10-24,Delivered
3275,1845,3,2024-12-02,Pending
3276,3063,51,2024-02-04,Pending
3277,398,5,2023-10-21,Delivered
3278,1781,11,2024-03-09,Delivered
3279,3865,17,2024-03-26,Delivered
3280,1430,37,2023-02-16,Pending
3281,2515,14,2024-11-21,Cancelled
3282,1219,38,2023-05-25,Returned
3283,1678,33,2025-07-14,Delivered
3284,3257,50,2022-06-29,Delivered
3285,143,48,2024-05-06,Delivered
3286,1888,51,2023-06-10,Delivered
3287,19,10,2025-06-01,Pending
3288,589,10,2022-09-30,Pending
3289,1838,48,2024-03-18,Delivered
3290,520,53,2025-10-02,Delivered
3291,2517,15,2023-08-30,Cancelled
3292,2325,55,2025-10-29,Delivered
3293,3004,19,2022-05-27,Returned
3294,2816,7,2024-02-17,Delivered
3295,668,40,2024-07-18,Returned
3296,1919,14,2024-01-07,Delivered
3297,2765,46,2025-04-22,Delivered
3298,36,6,2025-03-18,Delivered
3299,1341,17,2024-01-09,Returned
3300,957,33,2025-01-21,Returned
3301,625,5,2022-10-17,Delivered
3302,1059,58,2022-05-04,Cancelled
3303,1822,46,2024-06-06,Returned
3304,3009,21,2023-06-30,Delivered
3305,2897,14,2025-11-30,Pending
3306,3021,32,2022-10-18,Returned
3307,3534,47,2023-01-20,Cancelled
3308,260,20,2024-08-09,Delivered
3309,3210,29,2024-03-11,Delivered
3310,2140,54,2023-09-21,Delivered
3311,2100,28,2023-03-03,Delivered
3312,1390,17,2024-05-18,Delivered
3313,1510,48,2023-08-28,Delivered
3314,3624,53,2022-09-05,Returned
3315,1389,45,2022-02-10,Delivered
3316,1404,10,2022-11-30,Delivered
3317,2176,22,2024-01-21,Returned
3318,1573,2,2022-06-27,Cancelled
3319,3842,29,2023-10-02,Cancelled
3320,432,28,2024-02-29,Delivered
3321,2094,5,2025-11-12,Delivered
3322,1477,29,2025-06-29,Delivered
3323,2416,25,2025-12-27,Delivered
3324,1020,47,2024-08-14,Delivered
3325,2017,21,2025-01-03,Delivered
3326,1804,55,2025-06-27,Cancelled
3327,491,59,2023-07-04,Returned
3328,1897,35,2024-08-15,Delivered
3329,2399,6,2022-07-23,Returned
3330,210,32,2023-09-05,Pending
3331,1770,57,2022-08-02,Delivered
3332,2039,54,2022-09-16,Cancelled
3333,3001,8,2023-12-31,Pending
3334,2619,50,2022-07-17,Delivered
3335,3203,55,2024-04-10,Cancelled
3336,7,45,2022-09-26,Returned
3337,3254,31,2023-05-20,Delivered
3338,571,12,2023-05-07,Pending
3339,3558,53,2025-07-27,Delivered
3340,75,29,2022-10-09,Pending
3341,1593,37,2025-01-05,Delivered
3342,1677,40,2023-01-24,Delivered
3343,1477,13,2023-06-09,Pending
3344,522,29,2024-04-23,Delivered
3345,899,27,2025-01-27,Returned
3346,1090,49,2025-06-14,Delivered
3347,1933,49,2024-12-25,Pending
3348,2302,4,2022-12-29,Delivered
3349,615,7,2025-02-08,Delivered
3350,900,49,2023-08-05,Delivered
3351,38,55,2025-02-14,Delivered
3352,3004,7,2022-02-09,Returned
3353,3273,22,2023-03-08,Returned
3354,2435,27,2024-12-01,Cancelled
3355,1211,42,2024-03-21,Returned
3356,2992,57,2022-01-20,Delivered
3357,1612,55,2025-10-30,Returned
3358,227,13,2023-04-09,Returned
3359,3703,4,2022-09-14,Delivered
3360,1871,25,2024-04-30,Cancelled
3361,2369,25,2025-06-29,Delivered
3362,3912,15,2025-12-24,Returned
3363,1458,38,2023-10-01,Pending
3364,1280,12,2024-11-14,Pending
3365,3167,25,2024-11-11,Delivered
3366,3892,44,2023-06-15,Returned
3367,2306,26,2023-12-25,Delivered
3368,1207,60,2024-01-19,Delivered
3369,3865,28,2023-11-09,Delivered
3370,1001,55,2022-04-18,Cancelled
3371,3816,24,2025-10-04,Pending
3372,1383,17,2022-07-19,Delivered
3373,1722,44,2022-12-04,Pending
3374,2991,42,2025-09-09,Delivered
3375,3081,33,2024-05-13,Delivered
3376,3075,30,2022-05-10,Cancelled
3377,3679,43,2025-01-28,Delivered
3378,3679,22,2023-04-13,Returned
3379,372,37,2022-05-13,Cancelled
3380,3945,8,2024-09-12,Delivered
3381,2963,20,2022-02-28,Delivered
3382,3742,33,2025-03-04,Returned
3383,1276,15,2022-06-28,Cancelled
3384,1568,54,2022-09-04,Pending
3385,39,36,2024-06-09,Delivered
3386,2089,39,2022-02-07,Delivered
3387,1252,10,2025-08-30,Cancelled
3388,1292,52,2024-12-27,Cancelled
3389,389,10,2023-05-03,Delivered
3390,3291,26,2022-10-27,Delivered
3391,1203,25,2022-07-02,Delivered
3392,3351,31,2022-07-30,Pending
3393,1401,33,2024-10-06,Delivered
3394,2401,16,2024-11-15,Pending
3395,2045,34,2025-05-20,Delivered
3396,1550,52,2023-03-18,Cancelled
3397,2662,37,2023-03-04,Delivered
3398,3365,29,2025-08-08,Pending
3399,1412,21,2025-01-07,Cancelled
3400,120,3,2023-05-30,Pending
3401,3412,48,2023-03-06,Delivered
3402,977,59,2025-06-21,Delivered
3403,3517,39,2025-03-14,Cancelled
3404,3527,6,2022-12-24,Delivered
3405,3785,60,2023-03-22,Returned
3406,2666,38,2025-10-24,Cancelled
3407,2963,1,2023-08-09,Delivered
3408,391,15,2025-05-21,Delivered
3409,3273,35,2022-10-30,Pending
3410,186,16,2025-02-25,Delivered
3411,1923,5,2025-05-25,Delivered
3412,2847,39,2023-08-14,Returned
3413,1581,46,2025-10-17,Cancelled
3414,1069,10,2022-10-18,Returned
3415,3550,20,2023-07-02,Delivered
3416,1245,17,2022-11-07,Delivered
3417,1391,6,2024-10-12,Cancelled
3418,731,14,2025-04-10,Delivered
3419,325,39,2022-07-11,Delivered
3420,3282,52,2022-12-25,Delivered
3421,1862,49,2022-11-19,Delivered
3422,3221,31,2024-05-25,Returned
3423,1396,11,2025-04-16,Delivered
3424,1428,5,2022-04-07,Returned
3425,2970,12,2023-03-10,Delivered
3426,1503,58,2022-09-01,Delivered
3427,116,24,2022-03-30,Cancelled
3428,3661,31,2022-01-30,Delivered
3429,3096,57,2024-12-08,Pending
3430,1678,56,2024-12-05,Pending
3431,1488,36,2025-08-28,Delivered
3432,2552,9,2023-02-11,Delivered
3433,3655,24,2024-08-27,Delivered
3434,704,22,2023-07-27,Delivered
3435,1295,29,2023-08-10,Returned
3436,3605,14,2022-04-01,Returned
3437,3075,55,2024-05-30,Delivered
3438,3750,39,2023-07-20,Cancelled
3439,1183,16,2023-03-14,Delivered
3440,1509,25,2023-12-24,Delivered
3441,3557,2,2024-02-06,Delivered
3442,2367,5,2023-03-11,Pending
3443,1021,13,2025-10-31,Delivered
3444,2754,58,2024-11-03,Delivered
3445,361,52,2025-11-08,Returned
3446,1933,52,2023-05-10,Delivered
3447,2161,56,2023-10-19,Delivered
3448,3843,35,2024-02-09,Delivered
3449,2306,54,2025-12-22,Delivered
3450,1509,38,2024-10-02,Delivered
3451,850,8,2025-07-26,Delivered
3452,3305,18,2023-08-08,Delivered
3453,3911,53,2023-02-12,Cancelled
3454,27,51,2023-05-30,Pending
3455,751,36,2022-08-17,Delivered
3456,965,8,2023-06-23,Returned
3457,1280,1,2024-10-03,Delivered
3458,1393,59,2023-03-17,Delivered
3459,2788,60,2025-07-22,Delivered
3460,3052,6,2025-04-05,Delivered
3461,3400,15,2023-12-16,Delivered
3462,3807,27,2023-03-16,Pending
3463,3507,9,2024-09-13,Delivered
3464,3243,19,2022-02-28,Delivered
3465,244,11,2023-04-28,Returned
3466,115,53,2023-10-30,Returned
3467,3897,18,2025-03-30,Delivered
3468,2999,50,2022-05-16,Returned
3469,1889,10,2022-05-27,Returned
3470,2788,29,2023-01-23,Pending
3471,1121,58,2023-06-28,Delivered
3472,154,40,2024-05-28,Delivered
3473,2562,33,2023-01-05,Pending
3474,893,15,2024-08-30,Pending
3475,863,16,2022-04-19,Delivered
3476,2478,14,2022-02-12,Delivered
3477,3273,5,2022-04-12,Delivered
3478,2815,13,2024-03-21,Delivered
3479,1065,11,2024-11-05,Cancelled
3480,2729,14,2023-06-30,Cancelled
3481,3771,56,2023-11-20,Pending
3482,633,54,2024-04-27,Delivered
3483,1916,25,2024-06-18,Delivered
3484,2128,42,2024-07-06,Delivered
3485,116,50,2023-07-28,Delivered
3486,2749,51,2024-07-23,Cancelled
3487,3696,53,2023-07-14,Delivered
3488,2753,34,2022-12-21,Delivered
3489,3104,41,2024-01-18,Pending
3490,3514,7,2024-02-26,Delivered
3491,1634,60,2022-04-09,Delivered
3492,177,40,2023-08-26,Delivered
3493,1852,50,2025-08-26,Delivered
3494,2674,57,2022-09-29,Cancelled
3495,1074,40,2024-02-08,Delivered
3496,3089,2,2024-07-16,Delivered
3497,2000,15,2024-10-22,Cancelled
3498,3703,35,2025-08-15,Delivered
3499,2501,31,2025-08-06,Cancelled
3500,1924,28,2023-06-19,Delivered
3501,2011,6,2025-11-27,Delivered
3502,1902,12,2024-04-06,Delivered
3503,2143,12,2024-03-20,Cancelled
3504,2084,29,2023-08-31,Delivered
3505,3176,57,2024-07-24,Delivered
3506,1804,45,2023-11-02,Pending
3507,1163,58,2024-08-23,Delivered
3508,3334,8,2022-04-05,Delivered
3509,1157,45,2025-12-05,Delivered
3510,726,22,2023-10-17,Delivered
3511,2788,22,2025-09-02,Returned
3512,3792,42,2022-02-23,Cancelled
3513,1538,17,2023-12-14,Delivered
3514,1478,27,2025-06-10,Cancelled
3515,1172,27,2022-10-30,Cancelled
3516,3982,1,2024-04-10,Delivered
3517,1696,34,2025-03-28,Cancelled
3518,105,27,2025-05-09,Cancelled
3519,2308,38,2022-05-01,Delivered
3520,1971,35,2025-06-12,Delivered
3521,923,51,2024-09-18,Cancelled
3522,3243,54,2025-06-30,Delivered
3523,2694,29,2025-08-06,Delivered
3524,2304,13,2023-04-21,Cancelled
3525,156,11,2025-08-30,Pending
3526,2157,14,2022-10-16,Delivered
3527,1741,12,2025-11-27,Returned
3528,319,40,2023-04-15,Delivered
3529,2776,7,2023-11-14,Delivered
3530,2174,8,2025-04-05,Delivered
3531,235,15,2023-11-02,Returned
3532,2284,14,2023-07-10,Delivered
3533,855,25,2023-02-02,Returned
3534,626,9,2025-06-10,Cancelled
3535,3772,14,2024-08-09,Delivered
3536,2400,27,2022-02-02,Delivered
3537,2353,30,2023-01-20,Pending
3538,551,40,2024-06-23,Returned
3539,565,25,2022-03-23,Returned
3540,1509,54,2022-04-24,Delivered
3541,2787,49,2023-11-10,Delivered
3542,1816,31,2025-02-07,Returned
3543,3679,54,2022-09-25,Cancelled
3544,1167,55,2023-03-12,Cancelled
3545,3217,54,2024-01-03,Delivered
3546,1023,31,2024-11-20,Cancelled
3547,1410,50,2023-07-28,Pending
3548,3524,60,2022-03-13,Cancelled
3549,2458,37,2025-06-18,Delivered
3550,247,35,2024-10-27,Delivered
3551,3751,25,2024-08-10,Delivered
3552,1635,15,2025-01-12,Delivered
3553,2746,41,2022-08-01,Pending
3554,3893,34,2025-02-22,Cancelled
3555,1649,7,2022-09-21,Returned
3556,687,44,2023-09-04,Pending
3557,2309,7,2023-05-21,Delivered
3558,1544,7,2025-12-15,Delivered
3559,273,20,2022-03-23,Delivered
3560,490,11,2022-06-04,Delivered
3561,1265,22,2024-01-17,Pending
3562,1612,59,2022-11-23,Cancelled
3563,3203,3,2025-03-10,Delivered
3564,2562,45,2024-12-11,Delivered
3565,3419,30,2025-01-07,Pending
3566,3611,33,2024-11-25,Returned
3567,1390,54,2025-03-15,Delivered
3568,1678,39,2022-12-06,Returned
3569,1829,5,2024-11-24,Delivered
3570,2367,2,2024-01-21,Returned
3571,933,18,2023-04-01,Returned
3572,1374,11,2022-06-20,Cancelled
3573,1768,7,2023-08-15,Delivered
3574,2816,16,2022-02-24,Returned
3575,1799,45,2022-01-21,Delivered
3576,2226,25,2024-02-17,Pending
3577,825,58,2023-06-11,Delivered
3578,1915,50,2022-08-06,Delivered
3579,2581,30,2024-07-07,Cancelled
3580,179,27,2025-12-18,Cancelled
3581,432,47,2022-01-22,Delivered
3582,146,25,2022-11-24,Delivered
3583,3260,51,2025-01-01,Returned
3584,3688,33,2022-02-23,Returned
3585,1862,9,2022-02-03,Returned
3586,3099,26,2024-01-31,Pending
3587,2521,38,2023-11-09,Delivered
3588,1021,52,2025-03-04,Pending
3589,40,22,2022-03-22,Delivered
3590,107,47,2024-03-28,Returned
3591,2652,11,2025-08-06,Delivered
3592,3046,41,2024-11-13,Delivered
3593,1116,27,2025-01-16,Returned
3594,3268,12,2024-12-10,Pending
3595,1615,57,2024-06-08,Pending
3596,2576,45,2023-01-21,Delivered
3597,2991,55,2023-09-18,Delivered
3598,115,28,2024-08-11,Cancelled
3599,3017,5,2024-04-17,Delivered
3600,1988,27,2022-02-26,Pending
3601,3491,41,2024-08-22,Delivered
3602,2969,39,2024-10-16,Returned
3603,2727,20,2024-03-20,Pending
3604,3050,26,2023-10-06,Cancelled
3605,2619,19,2023-09-14,Pending
3606,2440,18,2022-08-06,Pending
3607,3436,52,2024-07-19,Delivered
3608,2184,42,2022-09-26,Cancelled
3609,596,51,2025-07-08,Delivered
3610,3987,26,2024-12-07,Delivered
3611,3148,60,2024-09-14,Delivered
3612,1020,53,2023-08-03,Pending
3613,1111,57,2024-02-24,Pending
3614,3676,33,2025-11-27,Pending
3615,817,20,2023-02-01,Delivered
3616,3215,40,2024-07-08,Delivered
3617,929,52,2022-01-31,Delivered
3618,3580,38,2023-06-08,Returned
3619,510,23,2022-03-28,Delivered
3620,1702,4,2022-03-06,Delivered
3621,3735,22,2025-06-20,Delivered
3622,252,2,2024-02-28,Pending
3623,1415,42,2022-08-25,Delivered
3624,13,14,2023-08-08,Delivered
3625,810,5,2024-10-20,Delivered
3626,2202,42,2022-02-26,Returned
3627,2256,7,2022-10-28,Delivered
3628,3935,52,2024-01-18,Cancelled
3629,3192,7,2023-04-06,Delivered
3630,3611,9,2022-07-25,Delivered
3631,1790,34,2025-01-25,Delivered
3632,929,37,2025-11-15,Pending
3633,3167,43,2024-08-14,Pending
3634,1212,11,2023-04-28,Cancelled
3635,1994,46,2022-01-10,Cancelled
3636,3079,5,2022-08-23,Cancelled
3637,296,39,2022-02-07,Delivered
3638,2191,54,2023-01-18,Cancelled
3639,751,31,2023-04-11,Delivered
3640,1910,32,2023-01-16,Delivered
3641,3394,2,2025-12-03,Delivered
3642,1254,17,2023-06-24,Delivered
3643,3517,53,2024-02-28,Returned
3644,2849,45,2025-04-19,Delivered
3645,2486,11,2023-07-27,Delivered
3646,2081,36,2024-04-27,Delivered
3647,3351,20,2024-06-24,Pending
3648,3226,23,2024-08-08,Delivered
3649,877,51,2024-09-08,Pending
3650,3475,40,2025-01-06,Pending
3651,3378,5,2024-02-24,Delivered
3652,257,10,2022-10-24,Returned
3653,3605,35,2023-02-27,Delivered
3654,704,41,2022-09-08,Pending
3655,1237,6,2025-10-19,Delivered
3656,3485,10,2025-03-08,Cancelled
3657,1059,20,2022-10-16,Pending
3658,3458,38,2022-01-15,Delivered
3659,2123,48,2022-03-12,Cancelled
3660,323,15,2022-09-08,Pending
3661,1171,18,2022-12-16,Returned
3662,3534,24,2023-11-10,Delivered
3663,493,29,2022-07-16,Delivered
3664,3935,45,2022-01-23,Cancelled
3665,2000,49,2025-01-25,Delivered
3666,3767,54,2022-08-18,Delivered
3667,1318,27,2025-04-04,Pending
3668,2956,18,2023-07-24,Delivered
3669,847,16,2022-02-21,Delivered
3670,1357,11,2023-10-18,Delivered
3671,299,25,2025-08-25,Pending
3672,3592,34,2024-09-08,Delivered
3673,751,14,2023-11-06,Returned
3674,1389,48,2025-05-08,Delivered
3675,2573,34,2023-02-04,Returned
3676,3538,36,2025-10-22,Delivered
3677,2919,28,2023-10-10,Delivered
3678,653,34,2023-06-19,Delivered
3679,2417,39,2025-04-26,Returned
3680,1845,38,2023-04-21,Delivered
3681,3605,59,2022-12-03,Delivered
3682,588,27,2022-04-08,Delivered
3683,3946,49,2024-06-02,Returned
3684,3063,3,2024-01-10,Returned
3685,2392,51,2024-12-19,Delivered
3686,3046,21,2023-12-28,Delivered
3687,3394,51,2022-07-09,Delivered
3688,2676,5,2023-05-23,Delivered
3689,2432,6,2023-06-28,Delivered
3690,3299,29,2024-04-07,Cancelled
3691,1265,21,2024-11-02,Delivered
3692,3089,3,2023-04-02,Returned
3693,3787,57,2022-11-07,Delivered
3694,1065,8,2022-09-15,Returned
3695,516,6,2022-10-06,Cancelled
3696,488,35,2024-10-10,Returned
3697,2081,41,2023-06-18,Pending
3698,2370,16,2023-10-20,Delivered
3699,1881,25,2022-03-14,Delivered
3700,1767,7,2025-05-27,Delivered
3701,1718,40,2023-09-01,Delivered
3702,2018,1,2025-02-04,Delivered
3703,2640,53,2024-08-14,Delivered
3704,75,49,2025-11-29,Delivered
3705,79,23,2022-02-22,Delivered
3706,3677,30,2022-10-07,Pending
3707,1690,2,2024-11-26,Delivered
3708,3059,24,2024-08-06,Delivered
3709,2969,15,2023-10-08,Delivered
3710,2963,30,2023-06-05,Cancelled
3711,2325,56,2023-05-21,Pending
3712,1295,18,2022-08-04,Delivered
3713,605,57,2023-08-11,Delivered
3714,1878,47,2022-03-08,Delivered
3715,1532,45,2024-09-21,Cancelled
3716,2431,19,2023-11-12,Delivered
3717,847,59,2025-05-20,Delivered
3718,1177,31,2024-04-21,Returned
3719,1294,4,2023-12-29,Delivered
3720,3160,4,2022-09-12,Delivered
3721,3751,28,2025-03-25,Delivered
3722,807,20,2025-03-14,Cancelled
3723,1334,13,2023-09-20,Returned
3724,1639,27,2024-02-09,Pending
3725,892,55,2025-03-23,Delivered
3726,874,52,2023-03-31,Delivered
3727,3206,5,2022-04-06,Cancelled
3728,2197,13,2025-01-27,Delivered
3729,2107,59,2022-01-23,Returned
3730,2552,14,2023-04-07,Cancelled
3731,2832,48,2022-04-02,Delivered
3732,2230,43,2023-05-18,Cancelled
3733,2849,50,2023-04-21,Returned
3734,1763,43,2025-01-02,Pending
3735,819,24,2023-12-26,Delivered
3736,2170,55,2025-10-17,Delivered
3737,79,6,2022-02-02,Cancelled
3738,1274,40,2022-07-31,Delivered
3739,3473,14,2022-07-04,Delivered
3740,3893,27,2023-12-06,Delivered
3741,898,55,2023-09-22,Cancelled
3742,1172,2,2022-05-28,Pending
3743,3935,57,2022-09-30,Delivered
3744,1994,20,2024-10-23,Delivered
3745,3587,58,2025-07-16,Delivered
3746,1273,56,2024-08-26,Cancelled
3747,2452,19,2025-04-19,Returned
3748,2101,57,2025-05-02,Delivered
3749,1111,56,2023-03-09,Delivered
3750,3493,10,2024-10-13,Delivered
3751,2309,53,2024-03-09,Delivered
3752,2646,6,2022-01-30,Delivered
3753,1183,28,2025-02-22,Cancelled
3754,1344,7,2022-05-27,Delivered
3755,978,6,2024-08-19,Delivered
3756,1958,4,2024-09-11,Delivered
3757,3772,29,2024-01-04,Delivered
3758,2791,54,2024-11-05,Delivered
3759,1954,26,2023-12-25,Delivered
3760,64,50,2023-03-20,Delivered
3761,2486,59,2022-11-24,Delivered
3762,1469,6,2024-02-27,Delivered
3763,136,34,2023-10-28,Returned
3764,1262,50,2022-11-23,Delivered
3765,2974,38,2025-01-14,Pending
3766,1477,2,2025-09-20,Cancelled
3767,3181,8,2024-05-14,Pending
3768,1998,28,2024-10-05,Pending
3769,1695,30,2025-06-07,Delivered
3770,3659,38,2025-02-15,Delivered
3771,3400,44,2024-09-30,Pending
3772,1244,40,2024-04-06,Pending
3773,23,9,2023-01-29,Delivered
3774,3792,58,2025-07-24,Returned
3775,1353,23,2022-05-15,Returned
3776,816,15,2024-11-29,Pending
3777,2303,47,2024-08-11,Delivered
3778,1654,13,2024-06-24,Delivered
3779,3989,24,2023-02-13,Delivered
3780,1267,57,2025-04-06,Returned
3781,1117,30,2023-10-25,Returned
3782,3848,45,2022-05-05,Cancelled
3783,2448,60,2022-04-16,Delivered
3784,993,29,2025-11-21,Cancelled
3785,1509,60,2025-01-06,Cancelled
3786,328,21,2025-09-29,Delivered
3787,453,2,2023-03-16,Delivered
3788,1571,53,2025-09-27,Returned
3789,1008,7,2025-11-17,Pending
3790,2969,7,2023-09-11,Pending
3791,1593,2,2025-01-30,Delivered
3792,1293,33,2025-02-03,Returned
3793,1525,26,2023-06-05,Delivered
3794,3380,53,2025-01-19,Cancelled
3795,3779,7,2022-11-18,Pending
3796,1389,4,2024-07-23,Delivered
3797,1857,40,2025-08-22,Returned
3798,1254,31,2023-01-05,Returned
3799,2314,5,2022-03-13,Cancelled
3800,3483,58,2023-09-01,Delivered
3801,3475,8,2025-12-20,Delivered
3802,3517,44,2023-03-04,Delivered
3803,3419,10,2022-02-05,Delivered
3804,3115,28,2025-10-24,Delivered
3805,1177,10,2022-07-07,Delivered
3806,708,28,2025-09-20,Delivered
3807,3954,37,2023-08-21,Delivered
3808,2100,27,2025-09-28,Delivered
3809,1345,4,2022-02-27,Delivered
3810,3279,46,2025-11-21,Delivered
3811,201,54,2022-07-04,Delivered
3812,2895,18,2025-05-08,Delivered
3813,1760,43,2024-05-14,Delivered
3814,2000,7,2024-03-15,Cancelled
3815,221,48,2023-12-25,Delivered
3816,3605,19,2025-03-17,Cancelled
3817,1994,7,2025-06-19,Cancelled
3818,2100,21,2025-05-04,Returned
3819,2895,30,2025-03-26,Pending
3820,221,6,2022-02-04,Cancelled
3821,3253,21,2023-07-12,Delivered
3822,2816,12,2022-11-02,Returned
3823,1621,24,2023-11-21,Cancelled
3824,3980,8,2024-06-06,Delivered
3825,558,35,2022-06-26,Delivered
3826,714,45,2023-12-29,Delivered
3827,734,53,2022-05-25,Returned
3828,1361,58,2024-04-16,Cancelled
3829,810,8,2024-02-07,Delivered
3830,3935,60,2024-08-02,Delivered
3831,3648,47,2023-01-14,Delivered
3832,609,54,2025-05-23,Delivered
3833,1946,47,2022-08-20,Returned
3834,1298,17,2024-07-14,Delivered
3835,2303,34,2022-08-12,Delivered
3836,3099,44,2022-01-07,Delivered
3837,1407,36,2024-02-09,Delivered
3838,2848,1,2023-11-24,Delivered
3839,2776,44,2025-10-09,Cancelled
3840,2056,13,2022-07-20,Delivered
3841,2134,22,2023-09-23,Delivered
3842,1183,55,2025-12-26,Delivered
3843,2963,11,2024-11-14,Pending
3844,3768,25,2022-01-29,Delivered
3845,2974,59,2022-02-08,Delivered
3846,2532,60,2022-11-21,Cancelled
3847,1237,38,2023-04-02,Returned
3848,696,15,2025-06-24,Delivered
3849,1287,23,2023-06-10,Pending
3850,2552,27,2024-10-29,Pending
3851,539,53,2025-07-16,Delivered
3852,617,30,2024-10-11,Delivered
3853,1219,8,2023-04-11,Delivered
3854,1621,8,2025-01-15,Cancelled
3855,1751,8,2024-08-24,Returned
3856,2409,17,2025-11-09,Delivered
3857,2531,56,2025-05-29,Cancelled
3858,1736,28,2023-04-15,Delivered
3859,2186,2,2023-09-13,Delivered
3860,588,42,2025-11-10,Delivered
3861,36,60,2023-03-25,Pending
3862,1767,24,2022-11-03,Delivered
3863,1086,53,2024-01-14,Cancelled
3864,1454,50,2024-01-04,Delivered
3865,1643,36,2023-10-17,Delivered
3866,3020,43,2025-11-11,Returned
3867,1097,30,2022-02-28,Pending
3868,2049,6,2025-05-31,Pending
3869,3034,54,2022-09-02,Delivered
3870,3806,32,2022-04-15,Delivered
3871,258,9,2024-03-01,Returned
3872,95,22,2023-04-09,Pending
3873,3865,12,2023-01-17,Cancelled
3874,1393,4,2022-01-22,Delivered
3875,79,31,2022-06-26,Cancelled
3876,3095,39,2024-09-03,Delivered
3877,2994,12,2025-10-25,Delivered
3878,1821,41,2023-11-16,Delivered
3879,542,15,2022-03-03,Cancelled
3880,959,17,2023-11-02,Pending
3881,186,32,2024-02-25,Delivered
3882,3363,46,2022-05-03,Returned
3883,241,2,2025-11-29,Returned
3884,97,18,2023-02-18,Cancelled
3885,1659,11,2022-11-14,Delivered
3886,2563,37,2022-09-30,Pending
3887,1389,51,2024-10-22,Cancelled
3888,1898,33,2025-07-12,Pending
3889,75,40,2024-02-07,Delivered
3890,1131,39,2023-06-02,Pending
3891,25,30,2025-08-28,Returned
3892,296,48,2022-12-12,Pending
3893,24,42,2025-10-14,Delivered
3894,3890,40,2022-05-18,Delivered
3895,1024,31,2024-12-17,Delivered
3896,747,18,2025-11-30,Pending
3897,3146,9,2023-12-16,Delivered
3898,416,1,2025-03-09,Delivered
3899,630,5,2024-04-12,Delivered
3900,3557,33,2025-01-15,Returned
3901,2963,11,2022-11-24,Delivered
3902,1288,37,2023-04-20,Delivered
3903,3008,13,2022-10-21,Delivered
3904,917,31,2024-07-13,Delivered
3905,3223,52,2023-01-31,Pending
3906,1451,8,2025-11-23,Delivered
3907,3962,31,2022-10-03,Delivered
3908,2357,10,2022-07-17,Pending
3909,3772,45,2024-06-16,Delivered
3910,1253,38,2024-03-14,Delivered
3911,1023,41,2024-08-19,Delivered
3912,3139,58,2024-03-01,Cancelled
3913,281,42,2023-06-28,Delivered
3914,1896,33,2024-12-15,Cancelled
3915,1111,10,2022-05-25,Cancelled
3916,1284,20,2022-09-17,Delivered
3917,2776,56,2023-12-18,Returned
3918,777,44,2025-08-22,Delivered
3919,3605,17,2024-06-21,Delivered
3920,2334,2,2025-11-21,Pending
3921,2712,7,2025-07-08,Delivered
3922,666,18,2022-11-04,Delivered
3923,715,25,2025-05-10,Delivered
3924,2026,4,2022-07-02,Returned
3925,2589,21,2023-07-10,Cancelled
3926,2501,51,2025-04-12,Delivered
3927,1999,33,2023-05-08,Pending
3928,1457,17,2024-08-05,Delivered
3929,2925,14,2023-06-04,Cancelled
3930,2845,16,2025-08-10,Returned
3931,2516,32,2025-11-20,Delivered
3932,1755,6,2022-02-26,Pending
3933,3534,55,2022-05-20,Pending
3934,2002,21,2023-01-31,Delivered
3935,1394,49,2025-12-31,Delivered
3936,3084,53,2024-03-03,Delivered
3937,993,35,2024-07-20,Delivered
3938,3037,11,2024-11-01,Cancelled
3939,2146,24,2024-06-11,Returned
3940,1969,9,2023-11-23,Cancelled
3941,1178,47,2023-10-17,Delivered
3942,221,52,2022-09-14,Delivered
3943,948,10,2023-12-21,Delivered
3944,3254,1,2023-12-14,Delivered
3945,3282,32,2022-10-14,Delivered
3946,594,14,2024-01-29,Returned
3947,3099,37,2025-01-29,Delivered
3948,3834,5,2023-01-21,Cancelled
3949,2000,10,2025-02-24,Cancelled
3950,3783,14,2023-10-13,Returned
3951,2532,34,2024-07-14,Delivered
3952,837,18,2023-08-05,Delivered
3953,1509,47,2025-07-21,Returned
3954,2199,2,2022-10-25,Cancelled
3955,3712,54,2022-11-10,Returned
3956,2974,25,2025-01-12,Cancelled
3957,2834,49,2022-08-09,Delivered
3958,3310,35,2023-06-01,Delivered
3959,334,5,2024-08-28,Delivered
3960,3738,60,2025-12-29,Delivered
3961,1555,12,2022-12-08,Returned
3962,1940,1,2024-02-12,Delivered
3963,1679,2,2025-05-04,Returned
3964,1254,35,2024-11-18,Pending
3965,1896,34,2022-09-24,Delivered
3966,1090,42,2022-04-07,Delivered
3967,3774,17,2023-03-17,Delivered
3968,257,21,2023-11-24,Delivered
3969,1060,48,2022-07-02,Pending
3970,3247,15,2022-07-17,Cancelled
3971,3203,25,2023-03-02,Delivered
3972,3689,34,2025-12-17,Returned
3973,3661,6,2024-11-27,Delivered
3974,223,6,2024-11-09,Cancelled
3975,3373,17,2022-08-10,Cancelled
3976,95,38,2023-07-09,Cancelled
3977,2417,45,2023-03-25,Delivered
3978,2964,47,2022-08-02,Cancelled
3979,3902,30,2023-08-08,Delivered
3980,3471,30,2025-05-04,Delivered
3981,3646,9,2023-05-23,Delivered
3982,3721,49,2022-11-24,Pending
3983,2103,43,2025-12-07,Delivered
3984,2522,35,2024-04-27,Delivered
3985,24,26,2023-05-12,Delivered
3986,3075,51,2025-11-04,Cancelled
3987,23,5,2025-10-22,Cancelled
3988,1690,32,2025-01-05,Returned
3989,3792,2,2024-10-20,Returned
3990,1294,1,2024-11-04,Returned
3991,3337,46,2024-02-15,Delivered
3992,836,10,2025-08-12,Returned
3993,3437,34,2024-12-02,Pending
3994,849,1,2022-02-28,Delivered
3995,3091,29,2022-07-12,Delivered
3996,3084,18,2025-05-29,Delivered
3997,1947,21,2024-10-03,Delivered
3998,58,32,2022-10-08,Delivered
3999,1177,10,2023-07-06,Delivered
4000,1525,20,2022-01-22,Cancelled
4001,2739,13,2022-12-25,Pending
4002,3930,7,2022-01-01,Cancelled
4003,1894,17,2022-01-04,Pending
4004,1273,8,2023-04-05,Returned
4005,156,57,2022-11-20,Returned
4006,3218,9,2022-07-24,Returned
4007,446,4,2025-11-14,Pending
4008,115,6,2022-01-01,Delivered
4009,3092,35,2022-07-01,Pending
4010,1121,46,2025-08-29,Cancelled
4011,3676,35,2022-06-27,Delivered
4012,1203,47,2022-08-22,Pending
4013,7,60,2023-09-10,Returned
4014,1023,13,2025-07-18,Delivered
4015,2152,4,2025-07-29,Delivered
4016,3917,5,2022-10-19,Delivered
4017,3987,9,2023-10-20,Pending
4018,2720,30,2022-03-31,Delivered
4019,3854,8,2025-03-22,Delivered
4020,3419,51,2024-11-30,Returned
4021,1412,48,2025-08-29,Delivered
4022,2910,49,2022-02-06,Delivered
4023,3980,36,2022-05-14,Delivered
4024,2713,8,2022-12-15,Delivered
4025,3065,20,2023-03-03,Delivered
4026,979,8,2022-04-14,Returned
4027,645,3,2025-08-09,Delivered
4028,286,35,2024-01-04,Delivered
4029,1190,45,2023-05-15,Pending
4030,3265,37,2022-10-14,Pending
4031,986,5,2022-07-20,Pending
4032,863,54,2024-11-17,Delivered
4033,2136,56,2023-08-30,Delivered
4034,2874,55,2023-10-19,Pending
4035,3308,19,2022-05-18,Delivered
4036,305,1,2023-11-20,Returned
4037,3071,6,2024-06-07,Delivered
4038,40,60,2025-10-24,Delivered
4039,62,30,2025-09-26,Returned
4040,3419,47,2024-06-26,Delivered
4041,3886,40,2024-02-24,Pending
4042,3266,7,2025-09-06,Delivered
4043,3211,26,2023-10-09,Delivered
4044,1374,8,2024-07-05,Delivered
4045,2662,25,2025-05-12,Delivered
4046,247,13,2024-05-16,Cancelled
4047,1340,5,2024-10-20,Returned
4048,267,8,2022-04-19,Delivered
4049,478,28,2025-10-09,Returned
4050,518,33,2023-10-01,Delivered
4051,2532,43,2024-01-30,Pending
4052,948,43,2022-12-13,Delivered
4053,1477,7,2025-06-27,Returned
4054,1552,28,2024-05-07,Delivered
4055,3620,54,2022-04-01,Delivered
4056,2783,30,2025-12-01,Delivered
4057,1674,11,2024-03-19,Delivered
4058,2791,39,2022-06-28,Delivered
4059,2975,5,2022-02-22,Cancelled
4060,2015,41,2022-02-04,Delivered
4061,3128,3,2024-12-27,Pending
4062,1792,4,2024-03-24,Cancelled
4063,2667,6,2022-05-11,Delivered
4064,137,60,2023-06-14,Delivered
4065,1847,13,2023-11-03,Delivered
4066,3667,2,2024-11-20,Cancelled
4067,3647,47,2022-04-20,Delivered
4068,3851,14,2025-01-07,Cancelled
4069,3525,56,2023-06-23,Returned
4070,2886,2,2023-12-02,Pending
4071,3648,50,2023-07-22,Returned
4072,1865,28,2023-04-13,Delivered
4073,405,27,2023-02-05,Pending
4074,671,56,2025-02-20,Pending
4075,2082,3,2025-07-19,Delivered
4076,939,47,2023-10-21,Delivered
4077,1112,24,2024-07-04,Delivered
4078,1975,1,2024-02-18,Cancelled
4079,2000,29,2022-03-10,Delivered
4080,3099,1,2025-10-11,Cancelled
4081,3862,52,2025-04-15,Pending
4082,3143,8,2024-01-13,Returned
4083,392,2,2025-11-27,Returned
4084,668,2,2023-04-12,Delivered
4085,1910,39,2022-03-28,Delivered
4086,630,33,2025-06-03,Delivered
4087,2946,34,2025-02-17,Returned
4088,2314,51,2023-05-20,Returned
4089,3467,44,2023-06-26,Delivered
4090,3610,48,2024-09-26,Delivered
4091,3955,18,2023-04-21,Cancelled
4092,3526,22,2023-12-15,Delivered
4093,2235,41,2023-06-05,Delivered
4094,217,23,2023-07-31,Returned
4095,1121,34,2024-05-21,Pending
4096,1702,51,2023-03-27,Cancelled
4097,3575,25,2024-07-13,Pending
4098,1113,39,2024-04-22,Pending
4099,1910,15,2023-05-31,Delivered
4100,2066,42,2025-09-24,Pending
4101,2708,7,2023-08-11,Cancelled
4102,462,42,2024-11-03,Cancelled
4103,2241,25,2024-12-02,Delivered
4104,1477,5,2023-06-17,Delivered
4105,616,27,2023-01-01,Pending
4106,1569,59,2025-10-31,Returned
4107,137,15,2022-10-25,Pending
4108,3457,6,2024-01-04,Delivered
4109,316,39,2025-05-02,Delivered
4110,3877,35,2025-04-20,Returned
4111,2370,38,2024-05-07,Delivered
4112,3004,60,2023-10-09,Cancelled
4113,3474,55,2024-07-02,Delivered
4114,564,25,2023-02-19,Delivered
4115,3641,8,2022-07-11,Cancelled
4116,2013,42,2022-04-04,Returned
4117,1302,41,2025-08-03,Delivered
4118,1342,11,2022-01-03,Delivered
4119,2176,43,2023-11-26,Delivered
4120,1443,22,2025-08-14,Delivered
4121,2278,14,2023-01-21,Pending
4122,1621,39,2025-07-25,Delivered
4123,688,2,2024-12-02,Delivered
4124,519,37,2022-09-19,Delivered
4125,1191,46,2023-07-20,Returned
4126,1294,10,2025-10-14,Cancelled
4127,1983,49,2024-02-03,Delivered
4128,2417,52,2022-11-10,Pending
4129,2417,57,2025-08-09,Returned
4130,2607,37,2024-02-07,Returned
4131,3667,7,2024-08-31,Returned
4132,1449,54,2025-01-24,Delivered
4133,1121,34,2025-07-15,Delivered
4134,273,33,2025-08-19,Delivered
4135,868,54,2022-12-29,Pending
4136,3295,51,2022-05-24,Pending
4137,3749,38,2022-03-20,Pending
4138,304,60,2023-09-12,Delivered
4139,3033,28,2022-10-10,Delivered
4140,3667,10,2024-03-17,Returned
4141,738,40,2022-09-21,Delivered
4142,1082,19,2022-10-17,Pending
4143,1067,2,2022-10-29,Returned
4144,1121,38,2024-03-11,Returned
4145,2356,12,2025-10-11,Delivered
4146,2443,56,2025-12-04,Cancelled
4147,3676,32,2022-11-01,Delivered
4148,3754,57,2024-12-21,Delivered
4149,3360,45,2023-09-01,Delivered
4150,941,27,2025-06-22,Delivered
4151,3071,1,2025-11-14,Delivered
4152,50,1,2023-07-20,Pending
4153,1073,30,2023-03-16,Delivered
4154,3987,10,2023-06-08,Delivered
4155,1753,59,2025-04-26,Delivered
4156,2314,48,2022-04-15,Delivered
4157,3293,39,2024-08-24,Delivered
4158,2289,25,2025-05-31,Delivered
4159,2665,41,2025-05-13,Returned
4160,3623,32,2025-06-01,Delivered
4161,1822,27,2025-07-21,Pending
4162,1134,29,2022-11-02,Cancelled
4163,3071,14,2022-06-03,Pending
4164,3220,42,2025-04-22,Cancelled
4165,3890,30,2022-01-04,Delivered
4166,3659,9,2025-02-04,Returned
4167,908,4,2025-11-07,Delivered
4168,3850,42,2022-07-12,Delivered
4169,921,54,2022-01-14,Delivered
4170,3457,32,2022-12-19,Cancelled
4171,3367,49,2024-11-12,Returned
4172,3061,48,2022-11-11,Pending
4173,2055,30,2022-12-24,Cancelled
4174,701,54,2023-11-02,Delivered
4175,1133,59,2022-02-03,Delivered
4176,64,41,2022-10-18,Delivered
4177,3185,51,2024-04-30,Delivered
4178,65,5,2025-05-29,Returned
4179,303,54,2023-10-24,Delivered
4180,2353,30,2023-11-10,Delivered
4181,1315,39,2023-05-08,Delivered
4182,3702,8,2024-10-10,Delivered
4183,1565,60,2025-05-05,Delivered
4184,3467,4,2023-12-26,Delivered
4185,2486,36,2023-01-31,Delivered
4186,2362,36,2022-05-30,Delivered
4187,2100,24,2024-08-25,Delivered
4188,809,15,2025-02-24,Delivered
4189,2504,2,2022-01-20,Returned
4190,298,53,2024-12-02,Delivered
4191,3980,20,2024-12-10,Delivered
4192,1295,27,2025-05-18,Delivered
4193,3252,34,2022-08-09,Returned
4194,2849,58,2023-01-05,Cancelled
4195,3559,40,2025-05-23,Pending
4196,1634,16,2025-10-10,Returned
4197,3301,34,2025-08-05,Pending
4198,2098,31,2022-10-16,Pending
4199,2830,42,2022-01-11,Pending
4200,850,43,2024-03-19,Delivered
4201,128,60,2023-01-09,Pending
4202,2788,30,2023-02-09,Delivered
4203,2712,2,2022-12-22,Delivered
4204,2048,49,2023-04-15,Delivered
4205,2188,22,2022-09-12,Pending
4206,3987,59,2023-08-25,Returned
4207,1864,23,2022-04-17,Delivered
4208,2000,10,2024-06-12,Cancelled
4209,3677,59,2023-10-15,Pending
4210,3173,50,2024-05-21,Returned
4211,2360,28,2025-05-13,Pending
4212,3009,46,2025-04-08,Delivered
4213,65,52,2024-10-07,Cancelled
4214,2891,4,2025-04-25,Returned
4215,2258,27,2024-01-09,Cancelled
4216,3378,22,2025-11-11,Delivered
4217,1946,18,2022-04-30,Pending
4218,986,34,2023-11-17,Returned
4219,6,54,2023-02-03,Pending
4220,953,36,2025-11-03,Delivered
4221,1637,9,2024-03-17,Pending
4222,2963,27,2022-07-04,Cancelled
4223,3160,2,2025-07-03,Cancelled
4224,1548,9,2023-01-05,Pending
4225,2025,23,2024-05-04,Delivered
4226,1007,53,2024-06-25,Delivered
4227,349,11,2022-06-11,Returned
4228,2008,41,2023-09-09,Delivered
4229,312,45,2025-06-26,Delivered
4230,3271,57,2022-04-08,Delivered
4231,2311,52,2022-06-22,Pending
4232,1333,39,2022-10-16,Delivered
4233,3832,22,2024-07-13,Delivered
4234,1684,58,2025-01-17,Delivered
4235,3882,19,2023-07-11,Delivered
4236,3874,12,2023-07-12,Delivered
4237,3076,24,2023-10-22,Returned
4238,2506,3,2024-02-19,Pending
4239,1822,45,2024-09-13,Delivered
4240,2694,7,2025-02-02,Delivered
4241,3028,49,2023-09-27,Cancelled
4242,3593,8,2022-05-17,Pending
4243,3275,2,2024-05-15,Delivered
4244,1843,16,2024-10-17,Pending
4245,1344,3,2025-02-22,Delivered
4246,3363,19,2024-03-09,Delivered
4247,657,53,2023-09-26,Delivered
4248,3987,36,2022-08-24,Delivered
4249,1334,16,2023-02-01,Cancelled
4250,726,53,2023-05-09,Cancelled
4251,1168,15,2022-10-21,Delivered
4252,3772,43,2024-09-23,Delivered
4253,656,38,2023-07-26,Delivered
4254,211,15,2023-09-17,Returned
4255,3207,44,2023-03-21,Delivered
4256,2327,42,2023-12-26,Cancelled
4257,3820,30,2023-03-25,Delivered
4258,2677,19,2025-09-12,Delivered
4259,1056,23,2025-05-18,Delivered
4260,1029,38,2024-09-30,Pending
4261,1172,40,2023-04-18,Delivered
4262,2314,19,2023-07-14,Returned
4263,1039,32,2022-10-28,Delivered
4264,440,44,2023-12-24,Delivered
4265,1810,22,2023-03-18,Delivered
4266,3244,48,2025-06-14,Delivered
4267,1969,6,2024-01-11,Cancelled
4268,784,50,2025-07-18,Returned
4269,3295,47,2023-05-13,Returned
4270,3698,2,2025-09-17,Returned
4271,190,52,2024-03-23,Cancelled
4272,78,40,2025-06-28,Delivered
4273,2613,7,2025-03-25,Delivered
4274,612,40,2024-12-12,Delivered
4275,690,60,2024-06-26,Delivered
4276,2505,48,2024-03-22,Delivered
4277,1183,13,2022-12-18,Delivered
4278,1766,20,2025-10-29,Pending
4279,1792,19,2025-12-08,Pending
4280,2778,31,2025-02-23,Delivered
4281,931,12,2022-11-25,Delivered
4282,2482,20,2025-09-13,Delivered
4283,3018,43,2025-05-14,Delivered
4284,751,11,2024-10-26,Pending
4285,2903,59,2024-10-04,Delivered
4286,3810,41,2022-07-13,Delivered
4287,226,55,2025-05-12,Delivered
4288,3984,30,2025-10-10,Delivered
4289,3995,51,2025-12-22,Returned
4290,3273,11,2024-08-26,Delivered
4291,3011,44,2023-12-10,Delivered
4292,1945,59,2024-02-02,Delivered
4293,3635,51,2025-09-25,Delivered
4294,2212,48,2025-12-28,Delivered
4295,717,54,2025-09-08,Delivered
4296,2066,53,2022-03-08,Delivered
4297,2448,36,2024-11-30,Delivered
4298,3979,56,2023-11-21,Cancelled
4299,3553,9,2022-10-23,Delivered
4300,3734,10,2023-01-29,Delivered
4301,3396,49,2024-04-07,Delivered
4302,1639,2,2025-01-13,Delivered
4303,2623,57,2023-02-14,Returned
4304,3106,56,2025-02-10,Delivered
4305,490,29,2024-05-18,Returned
4306,3457,37,2022-11-19,Delivered
4307,2116,45,2023-09-02,Delivered
4308,1294,30,2024-02-16,Delivered
4309,803,3,2022-04-08,Delivered
4310,139,47,2025-10-12,Cancelled
4311,1065,19,2024-05-09,Returned
4312,2849,52,2024-08-31,Delivered
4313,228,10,2022-04-11,Delivered
4314,2267,30,2025-03-02,Pending
4315,3914,24,2023-02-04,Delivered
4316,2859,22,2024-01-29,Delivered
4317,1637,36,2022-09-10,Delivered
4318,258,28,2024-03-07,Delivered
4319,809,6,2022-09-29,Delivered
4320,2251,3,2023-07-13,Delivered
4321,3740,49,2024-12-18,Delivered
4322,2790,14,2023-11-29,Returned
4323,3862,54,2023-09-01,Returned
4324,2074,16,2024-08-20,Delivered
4325,1555,18,2024-02-27,Returned
4326,2288,37,2023-01-21,Delivered
4327,1807,6,2024-01-16,Cancelled
4328,2616,57,2022-11-08,Delivered
4329,3355,23,2025-07-20,Pending
4330,122,15,2024-05-01,Delivered
4331,378,59,2024-05-02,Cancelled
4332,1348,21,2022-12-20,Cancelled
4333,3412,17,2023-07-23,Delivered
4334,743,41,2024-10-29,Delivered
4335,22,41,2024-09-23,Returned
4336,2552,7,2022-10-13,Delivered
4337,697,17,2025-01-31,Cancelled
4338,3758,2,2025-10-12,Returned
4339,2098,40,2024-07-01,Pending
4340,397,26,2023-11-30,Delivered
4341,2929,38,2023-12-12,Delivered
4342,642,33,2025-07-13,Delivered
4343,3792,34,2025-09-19,Delivered
4344,486,5,2025-05-28,Delivered
4345,3476,41,2025-08-22,Delivered
4346,1598,34,2024-10-25,Returned
4347,3580,45,2023-03-07,Delivered
4348,751,40,2023-11-23,Delivered
4349,769,9,2022-12-07,Cancelled
4350,383,6,2024-01-13,Pending
4351,378,51,2025-12-26,Delivered
4352,2717,22,2023-09-27,Delivered
4353,978,35,2024-07-27,Returned
4354,75,17,2024-12-16,Delivered
4355,251,54,2022-07-27,Cancelled
4356,923,10,2025-03-14,Delivered
4357,3708,3,2024-08-08,Delivered
4358,2001,27,2023-12-19,Returned
4359,1087,18,2022-02-17,Delivered
4360,1470,15,2025-10-14,Cancelled
4361,1288,50,2022-12-19,Returned
4362,1768,27,2025-02-03,Cancelled
4363,1011,24,2024-08-06,Delivered
4364,3259,28,2024-04-02,Delivered
4365,2645,3,2023-01-26,Delivered
4366,342,30,2024-02-27,Delivered
4367,1851,13,2023-12-07,Cancelled
4368,2817,7,2022-12-24,Cancelled
4369,1818,59,2024-11-30,Delivered
4370,1244,46,2023-12-01,Pending
4371,1490,16,2023-10-30,Returned
4372,1787,12,2023-01-29,Pending
4373,3907,23,2024-09-06,Pending
4374,2310,57,2025-01-12,Delivered
4375,1344,45,2023-09-13,Delivered
4376,1037,5,2022-05-07,Delivered
4377,824,24,2023-12-18,Delivered
4378,1158,18,2024-07-13,Delivered
4379,3816,60,2024-05-04,Cancelled
4380,3912,52,2022-11-02,Delivered
4381,3042,48,2025-04-10,Returned
4382,1933,7,2023-10-03,Delivered
4383,777,43,2022-09-25,Returned
4384,3391,17,2025-07-01,Returned
4385,3266,54,2025-12-26,Delivered
4386,348,49,2024-04-28,Cancelled
4387,2200,18,2024-03-08,Delivered
4388,2267,54,2025-02-09,Delivered
4389,136,46,2022-04-24,Delivered
4390,2448,60,2024-03-03,Delivered
4391,1273,47,2025-06-07,Delivered
4392,3832,20,2023-04-05,Delivered
4393,1795,5,2023-02-20,Delivered
4394,3301,19,2024-05-31,Delivered
4395,3533,46,2022-08-11,Cancelled
4396,2523,52,2023-06-05,Cancelled
4397,504,5,2024-01-06,Returned
4398,2100,52,2024-03-25,Pending
4399,3006,33,2022-07-15,Returned
4400,3610,31,2023-04-15,Delivered
4401,2700,29,2025-04-22,Delivered
4402,3310,5,2024-06-06,Pending
4403,3255,60,2022-11-27,Delivered
4404,3518,10,2024-07-28,Delivered
4405,2647,40,2022-11-03,Cancelled
4406,2552,23,2025-08-24,Delivered
4407,2390,53,2024-09-02,Delivered
4408,3270,45,2024-01-22,Cancelled
4409,3402,10,2025-11-08,Delivered
4410,3379,43,2025-03-30,Delivered
4411,2157,46,2024-03-11,Delivered
4412,3718,36,2025-12-10,Delivered
4413,990,2,2022-06-28,Delivered
4414,2128,5,2025-12-04,Returned
4415,2997,21,2024-02-26,Delivered
4416,1539,8,2023-02-19,Returned
4417,3711,34,2022-01-30,Delivered
4418,3208,1,2023-02-22,Returned
4419,106,22,2025-07-17,Delivered
4420,2246,36,2023-07-16,Delivered
4421,3255,4,2022-10-23,Delivered
4422,1917,29,2023-09-18,Delivered
4423,2961,35,2024-10-11,Returned
4424,3896,42,2024-01-28,Delivered
4425,3620,37,2023-01-10,Delivered
4426,781,55,2023-07-19,Returned
4427,3933,28,2022-04-14,Delivered
4428,2785,40,2022-11-18,Delivered
4429,3073,5,2023-09-11,Cancelled
4430,717,43,2022-08-27,Returned
4431,2513,30,2024-01-13,Delivered
4432,2208,28,2024-09-21,Delivered
4433,2607,17,2022-03-17,Cancelled
4434,3545,52,2023-04-20,Delivered
4435,1612,39,2022-06-20,Returned
4436,3360,15,2023-11-18,Delivered
4437,835,43,2022-04-03,Delivered
4438,2867,1,2025-12-21,Delivered
4439,2143,41,2022-09-27,Delivered
4440,431,56,2023-11-18,Delivered
4441,646,56,2024-12-03,Cancelled
4442,2889,2,2025-12-20,Returned
4443,1547,46,2022-08-12,Returned
4444,1116,7,2022-09-19,Delivered
4445,1066,27,2024-05-16,Cancelled
4446,3065,22,2025-02-28,Returned
4447,1597,27,2022-10-13,Cancelled
4448,1981,3,2025-12-31,Pending
4449,3396,51,2025-07-29,Delivered
4450,41,58,2022-01-15,Delivered
4451,43,40,2024-05-08,Cancelled
4452,1793,9,2025-11-14,Delivered
4453,2881,5,2023-08-01,Pending
4454,3100,47,2022-01-15,Cancelled
4455,1294,39,2025-06-21,Pending
4456,819,55,2023-05-24,Delivered
4457,1277,27,2024-09-18,Delivered
4458,26,28,2023-08-25,Delivered
4459,38,31,2025-09-05,Delivered
4460,917,3,2023-02-20,Delivered
4461,370,43,2022-04-13,Delivered
4462,2927,3,2023-11-17,Cancelled
4463,1296,16,2025-07-05,Delivered
4464,2849,14,2025-02-28,Cancelled
4465,648,23,2024-05-07,Delivered
4466,1593,19,2022-05-05,Pending
4467,826,30,2022-10-17,Delivered
4468,2965,10,2025-10-28,Delivered
4469,559,24,2023-12-22,Returned
4470,3702,19,2022-11-18,Pending
4471,3697,55,2025-04-03,Returned
4472,2697,38,2024-10-11,Delivered
4473,23,52,2023-05-08,Returned
4474,3597,43,2024-08-25,Pending
4475,2284,3,2025-05-29,Delivered
4476,2371,50,2024-01-16,Delivered
4477,1130,48,2023-01-28,Cancelled
4478,860,10,2024-01-16,Delivered
4479,45,31,2023-09-12,Delivered
4480,769,39,2025-10-03,Returned
4481,3042,8,2022-12-05,Pending
4482,3090,58,2025-11-10,Pending
4483,200,5,2024-08-20,Delivered
4484,3022,51,2024-08-12,Pending
4485,1244,44,2023-05-27,Returned
4486,1393,20,2025-04-09,Delivered
4487,3630,44,2025-07-20,Returned
4488,3056,18,2025-06-27,Cancelled
4489,932,47,2024-08-26,Delivered
4490,1766,19,2025-01-28,Delivered
4491,1326,47,2025-10-10,Delivered
4492,3380,58,2023-12-29,Delivered
4493,299,15,2023-07-03,Delivered
4494,2586,22,2023-03-10,Returned
4495,3755,35,2023-03-02,Delivered
4496,3543,51,2025-03-22,Delivered
4497,986,41,2023-05-24,Delivered
4498,2234,5,2022-01-20,Delivered
4499,3771,36,2022-04-19,Delivered
4500,3762,40,2023-05-24,Delivered
4501,1203,25,2023-07-20,Pending
4502,3247,60,2025-02-27,Pending
4503,1679,4,2024-08-15,Delivered
4504,3089,42,2025-06-22,Returned
4505,611,24,2023-01-17,Delivered
4506,112,50,2022-03-18,Delivered
4507,3351,38,2025-06-17,Delivered
4508,1085,35,2024-03-21,Delivered
4509,2589,54,2022-03-22,Delivered
4510,3457,24,2022-03-09,Delivered
4511,1684,13,2025-08-03,Cancelled
4512,1028,20,2022-04-10,Delivered
4513,1843,20,2023-09-25,Delivered
4514,2963,19,2023-11-25,Cancelled
4515,2455,59,2024-12-09,Returned
4516,3046,49,2022-05-14,Delivered
4517,1621,21,2022-10-11,Delivered
4518,3217,51,2024-08-12,Delivered
4519,2338,50,2023-03-05,Returned
4520,3457,30,2023-07-10,Delivered
4521,2042,47,2023-10-11,Delivered
4522,2384,34,2022-01-27,Returned
4523,1274,11,2025-03-02,Delivered
4524,2558,47,2024-03-07,Returned
4525,292,58,2024-07-22,Cancelled
4526,1504,55,2023-10-18,Cancelled
4527,1317,42,2022-09-01,Cancelled
4528,3783,29,2022-10-15,Pending
4529,1657,6,2023-02-05,Delivered
4530,304,40,2022-12-13,Returned
4531,166,55,2025-02-07,Delivered
4532,963,4,2024-10-14,Cancelled
4533,306,42,2024-09-27,Cancelled
4534,248,35,2025-12-31,Cancelled
4535,3661,19,2022-02-14,Pending
4536,2374,52,2022-01-31,Pending
4537,2171,58,2024-09-28,Cancelled
4538,3127,43,2022-06-24,Returned
4539,3824,11,2024-08-31,Delivered
4540,321,45,2023-06-06,Delivered
4541,1612,59,2022-02-16,Delivered
4542,874,1,2022-02-20,Returned
4543,1743,7,2025-05-06,Delivered
4544,2196,39,2024-11-27,Pending
4545,3912,16,2025-12-28,Delivered
4546,2204,52,2025-12-20,Delivered
4547,1616,9,2023-06-25,Cancelled
4548,3090,49,2022-07-29,Delivered
4549,2619,7,2025-12-10,Delivered
4550,648,47,2025-03-16,Pending
4551,499,28,2023-04-22,Returned
4552,1443,37,2022-03-02,Cancelled
4553,509,21,2023-11-16,Delivered
4554,3203,46,2023-06-21,Pending
4555,3557,39,2025-06-09,Delivered
4556,2951,11,2024-03-05,Delivered
4557,92,53,2023-08-03,Cancelled
4558,686,5,2024-07-11,Pending
4559,3820,40,2024-06-29,Delivered
4560,3428,50,2024-08-31,Pending
4561,2654,29,2022-12-28,Pending
4562,3788,51,2023-08-16,Delivered
4563,3267,14,2023-07-20,Delivered
4564,3199,36,2025-05-02,Delivered
4565,632,43,2025-07-10,Delivered
4566,3046,52,2022-11-17,Delivered
4567,2007,18,2023-03-28,Delivered
4568,769,56,2025-03-16,Delivered
4569,2963,13,2024-02-29,Delivered
4570,2288,30,2022-01-25,Pending
4571,2005,10,2023-04-22,Cancelled
4572,3148,52,2024-01-17,Delivered
4573,1947,54,2023-10-19,Returned
4574,97,31,2023-07-24,Delivered
4575,47,31,2025-08-31,Delivered
4576,1280,17,2025-02-08,Delivered
4577,1449,5,2022-03-17,Delivered
4578,583,35,2024-06-02,Cancelled
4579,2845,50,2024-10-19,Returned
4580,1704,36,2024-12-21,Delivered
4581,1024,9,2023-04-23,Returned
4582,2417,9,2023-01-23,Pending
4583,3999,48,2025-03-06,Pending
4584,982,29,2025-10-23,Cancelled
4585,2188,40,2025-07-12,Pending
4586,1496,40,2023-11-16,Delivered
4587,633,55,2023-01-10,Delivered
4588,2154,3,2023-07-24,Pending
4589,2524,58,2025-06-02,Delivered
4590,2969,32,2025-05-18,Cancelled
4591,1997,56,2022-01-23,Delivered
4592,1822,30,2025-04-01,Pending
4593,781,53,2023-01-08,Delivered
4594,2157,5,2022-08-28,Delivered
4595,2201,1,2025-06-15,Pending
4596,2314,11,2023-06-02,Delivered
4597,2081,23,2023-02-13,Returned
4598,315,50,2022-04-13,Delivered
4599,2754,43,2022-02-24,Pending
4600,1491,55,2023-05-26,Returned
4601,2772,37,2022-06-10,Delivered
4602,2188,47,2022-10-13,Delivered
4603,929,8,2024-02-18,Cancelled
4604,3046,7,2024-10-05,Cancelled
4605,3351,1,2023-01-20,Delivered
4606,1634,60,2025-12-13,Pending
4607,1837,6,2023-09-27,Delivered
4608,2275,39,2025-01-28,Delivered
4609,2906,6,2022-08-14,Delivered
4610,522,2,2024-05-17,Cancelled
4611,3001,19,2022-11-24,Delivered
4612,653,19,2023-11-20,Delivered
4613,2448,21,2022-10-24,Delivered
4614,3445,57,2022-10-03,Delivered
4615,540,42,2025-12-08,Delivered
4616,1161,36,2023-03-13,Delivered
4617,43,8,2024-07-05,Delivered
4618,809,3,2023-03-28,Returned
4619,897,28,2024-05-27,Delivered
4620,3095,56,2024-12-21,Returned
4621,2592,33,2023-11-18,Delivered
4622,2674,14,2022-02-25,Delivered
4623,1477,15,2025-02-01,Delivered
4624,1074,51,2023-08-31,Delivered
4625,1203,46,2022-12-17,Pending
4626,486,15,2024-01-13,Delivered
4627,146,58,2024-08-23,Returned
4628,2677,16,2025-10-21,Returned
4629,2493,39,2024-08-28,Pending
4630,306,9,2022-05-06,Delivered
4631,2210,44,2025-08-09,Delivered
4632,3105,41,2024-09-18,Delivered
4633,1021,22,2025-12-30,Pending
4634,2043,48,2023-08-27,Pending
4635,3034,35,2024-06-11,Cancelled
4636,3987,50,2023-10-18,Returned
4637,95,59,2022-03-11,Delivered
4638,2819,9,2024-10-02,Delivered
4639,1986,42,2023-06-13,Cancelled
4640,3648,28,2024-12-16,Cancelled
4641,1612,35,2023-12-16,Delivered
4642,986,32,2022-02-16,Delivered
4643,2211,40,2023-01-09,Delivered
4644,1151,26,2022-10-27,Delivered
4645,3114,45,2024-08-04,Delivered
4646,3732,33,2023-11-27,Delivered
4647,2157,17,2023-02-22,Returned
4648,938,52,2023-06-05,Delivered
4649,1203,1,2023-05-30,Delivered
4650,3658,57,2022-12-13,Cancelled
4651,913,20,2023-11-25,Returned
4652,1623,21,2022-03-18,Delivered
4653,3178,19,2022-11-12,Delivered
4654,2675,28,2024-03-19,Pending
4655,3310,30,2024-06-23,Pending
4656,1407,8,2023-01-08,Delivered
4657,143,23,2022-06-24,Returned
4658,1883,10,2023-06-14,Returned
4659,1023,58,2023-02-12,Cancelled
4660,2159,36,2024-03-02,Returned
4661,3945,21,2022-06-16,Delivered
4662,1071,56,2024-05-05,Cancelled
4663,3002,20,2024-08-08,Delivered
4664,2725,43,2024-09-05,Pending
4665,95,5,2022-05-08,Delivered
4666,3547,25,2023-08-17,Delivered
4667,1637,3,2024-06-17,Pending
4668,2963,30,2023-01-26,Returned
4669,433,11,2024-09-11,Pending
4670,273,40,2025-06-01,Pending
4671,1659,22,2023-10-02,Returned
4672,2556,30,2022-03-30,Pending
4673,171,6,2022-01-19,Cancelled
4674,1649,56,2024-07-08,Cancelled
4675,2374,35,2024-04-15,Delivered
4676,3776,39,2023-06-20,Delivered
4677,1152,11,2025-09-19,Returned
4678,2417,46,2025-01-09,Delivered
4679,2152,45,2023-07-02,Delivered
4680,2716,60,2023-01-03,Delivered
4681,3370,55,2025-03-10,Delivered
4682,2015,21,2025-11-10,Cancelled
4683,1408,34,2024-09-01,Cancelled
4684,3090,48,2024-02-08,Delivered
4685,244,24,2024-12-30,Delivered
4686,2578,34,2022-02-13,Returned
4687,1132,59,2025-09-22,Cancelled
4688,2120,3,2024-03-25,Delivered
4689,788,56,2024-04-06,Delivered
4690,2845,51,2023-10-30,Delivered
4691,156,28,2024-10-01,Returned
4692,79,50,2022-12-15,Delivered
4693,457,40,2025-05-01,Pending
4694,1125,15,2023-07-26,Pending
4695,1481,19,2024-06-13,Cancelled
4696,1995,9,2023-06-12,Delivered
4697,917,18,2022-09-27,Returned
4698,486,57,2022-02-25,Delivered
4699,3854,49,2025-10-21,Returned
4700,1811,8,2022-11-24,Delivered
4701,2805,43,2025-08-31,Cancelled
4702,713,23,2022-02-13,Pending
4703,3282,48,2022-02-02,Cancelled
4704,1374,20,2023-08-21,Delivered
4705,1547,36,2023-04-05,Pending
4706,3049,51,2024-12-28,Cancelled
4707,3768,4,2023-05-21,Pending
4708,3440,3,2024-02-21,Returned
4709,3698,27,2024-09-20,Delivered
4710,3343,29,2024-10-13,Delivered
4711,3220,32,2025-12-19,Delivered
4712,3982,51,2023-02-13,Returned
4713,142,22,2024-04-21,Delivered
4714,1805,23,2022-12-28,Cancelled
4715,3605,58,2023-07-05,Returned
4716,286,1,2022-04-06,Cancelled
4717,1939,58,2024-07-22,Delivered
4718,2321,47,2022-11-19,Delivered
4719,3865,35,2025-04-19,Delivered
4720,3865,6,2025-03-22,Cancelled
4721,95,51,2024-03-21,Delivered
4722,3857,40,2023-09-13,Delivered
4723,1994,1,2025-10-22,Returned
4724,185,43,2022-11-08,Delivered
4725,3515,45,2024-11-24,Cancelled
4726,219,35,2024-09-06,Cancelled
4727,3071,1,2025-04-16,Cancelled
4728,2464,35,2025-09-18,Returned
4729,2220,18,2022-10-14,Delivered
4730,1467,20,2025-05-01,Returned
4731,1362,40,2023-06-09,Returned
4732,3211,43,2025-08-07,Pending
4733,3046,8,2025-12-03,Delivered
4734,2271,9,2024-06-03,Delivered
4735,272,42,2024-05-20,Delivered
4736,3471,46,2023-08-13,Delivered
4737,2250,51,2022-10-14,Cancelled
4738,523,55,2024-05-15,Delivered
4739,3709,10,2023-10-09,Pending
4740,1023,14,2024-10-19,Delivered
4741,3634,14,2025-01-27,Cancelled
4742,1783,48,2024-06-18,Pending
4743,3500,39,2025-07-10,Pending
4744,2202,9,2023-11-07,Delivered
4745,1477,42,2024-05-14,Delivered
4746,120,40,2023-08-07,Pending
4747,3002,25,2025-05-12,Cancelled
4748,726,44,2023-02-19,Returned
4749,2004,2,2022-05-18,Delivered
4750,3251,40,2024-03-15,Delivered
4751,3811,20,2022-06-22,Cancelled
4752,3611,21,2023-05-21,Delivered
4753,3485,26,2025-04-17,Returned
4754,2946,18,2023-11-22,Pending
4755,2849,18,2023-12-08,Returned
4756,3089,23,2023-10-06,Pending
4757,1931,60,2025-02-18,Cancelled
4758,3052,9,2022-02-20,Pending
4759,3991,17,2022-04-09,Pending
4760,139,48,2025-02-16,Cancelled
4761,1898,49,2025-01-23,Delivered
4762,716,60,2022-01-22,Delivered
4763,3485,32,2023-03-23,Delivered
4764,887,31,2025-01-20,Returned
4765,1260,2,2025-11-21,Delivered
4766,2367,14,2022-08-09,Delivered
4767,2486,42,2025-07-17,Returned
4768,2238,6,2022-03-14,Cancelled
4769,268,14,2023-02-20,Delivered
4770,987,25,2024-06-25,Pending
4771,24,44,2025-01-19,Delivered
4772,666,49,2023-04-21,Returned
4773,3136,18,2024-07-14,Delivered
4774,3568,11,2024-11-10,Delivered
4775,2708,58,2024-08-24,Delivered
4776,2361,21,2022-05-04,Delivered
4777,1078,25,2025-09-29,Delivered
4778,1744,5,2022-09-25,Delivered
4779,3224,35,2025-08-30,Returned
4780,3895,41,2025-09-03,Cancelled
4781,2354,4,2022-12-29,Delivered
4782,3021,11,2022-07-27,Returned
4783,3167,36,2023-09-02,Returned
4784,59,50,2025-06-24,Cancelled
4785,884,34,2022-04-08,Delivered
4786,2776,54,2023-12-10,Delivered
4787,3351,17,2025-07-05,Delivered
4788,2174,38,2023-01-16,Delivered
4789,3074,29,2023-01-24,Delivered
4790,1168,41,2022-01-11,Delivered
4791,3026,28,2024-02-29,Cancelled
4792,3661,10,2023-07-15,Pending
4793,728,57,2022-03-01,Pending
4794,986,34,2022-05-25,Pending
4795,3343,57,2023-10-12,Returned
4796,1458,4,2024-07-30,Returned
4797,2305,29,2023-09-16,Pending
4798,2946,33,2023-07-11,Delivered
4799,3370,28,2024-01-16,Delivered
4800,533,43,2024-10-29,Pending
4801,3556,32,2022-04-29,Pending
4802,1217,59,2024-05-10,Delivered
4803,1212,28,2023-02-14,Pending
4804,2834,29,2025-05-15,Pending
4805,3111,37,2024-06-07,Delivered
4806,2127,2,2023-05-12,Pending
4807,708,35,2023-05-01,Cancelled
4808,3004,59,2022-08-18,Delivered
4809,2593,58,2025-12-22,Delivered
4810,156,29,2023-07-03,Delivered
4811,83,35,2022-06-24,Cancelled
4812,873,55,2022-12-16,Delivered
4813,1455,31,2025-06-15,Returned
4814,2143,56,2024-08-07,Delivered
4815,1273,10,2025-02-02,Delivered
4816,2816,11,2025-07-25,Returned
4817,2935,36,2024-07-05,Returned
4818,2015,10,2025-06-07,Delivered
4819,1700,44,2025-03-18,Returned
4820,3046,60,2024-03-27,Delivered
4821,2367,36,2022-07-30,Pending
4822,3553,31,2024-09-10,Returned
4823,1001,35,2022-03-12,Delivered
4824,540,1,2025-05-20,Returned
4825,2689,7,2024-02-25,Delivered
4826,151,18,2024-09-13,Delivered
4827,156,2,2025-06-09,Delivered
4828,874,1,2022-04-18,Returned
4829,2702,1,2022-04-27,Returned
4830,681,15,2022-09-26,Delivered
4831,657,44,2023-03-08,Delivered
4832,3751,16,2025-11-18,Delivered
4833,3517,58,2024-05-15,Returned
4834,3061,56,2023-04-16,Delivered
4835,2995,47,2025-02-13,Delivered
4836,671,19,2025-07-30,Returned
4837,2390,20,2023-03-25,Delivered
4838,3191,3,2023-02-12,Delivered
4839,1448,4,2023-03-28,Delivered
4840,1916,52,2022-12-11,Delivered
4841,3688,26,2025-06-17,Cancelled
4842,2160,2,2022-09-24,Delivered
4843,2619,1,2023-01-17,Cancelled
4844,3689,37,2024-04-25,Delivered
4845,3453,23,2025-05-26,Returned
4846,143,7,2023-03-11,Cancelled
4847,3282,57,2023-04-17,Pending
4848,779,40,2023-11-09,Delivered
4849,2562,38,2023-11-24,Pending
4850,722,4,2022-02-10,Pending
4851,760,15,2025-07-30,Pending
4852,708,32,2023-05-18,Delivered
4853,2079,48,2025-04-16,Delivered
4854,2836,29,2024-03-01,Delivered
4855,300,51,2023-09-26,Delivered
4856,486,36,2024-08-23,Returned
4857,493,33,2025-04-15,Delivered
4858,1036,33,2022-01-17,Delivered
4859,1768,60,2025-02-09,Pending
4860,2222,53,2022-03-06,Delivered
4861,2554,34,2023-07-27,Delivered
4862,3242,3,2024-05-21,Cancelled
4863,1787,56,2022-10-27,Delivered
4864,3457,22,2024-01-16,Delivered
4865,3821,52,2023-04-15,Delivered
4866,2779,44,2023-01-16,Delivered
4867,2288,25,2022-07-21,Delivered
4868,2333,19,2023-08-19,Delivered
4869,3099,10,2025-07-26,Cancelled
4870,3610,28,2023-08-30,Cancelled
4871,3892,44,2024-11-07,Delivered
4872,3932,7,2023-08-06,Cancelled
4873,3871,22,2023-06-21,Delivered
4874,398,16,2025-02-13,Delivered
4875,1390,28,2024-06-27,Cancelled
4876,3935,15,2024-07-10,Cancelled
4877,522,58,2022-06-14,Pending
4878,2063,2,2024-06-06,Delivered
4879,2069,10,2025-12-22,Delivered
4880,2617,22,2025-09-08,Returned
4881,1172,44,2025-01-08,Delivered
4882,3363,39,2022-08-11,Returned
4883,405,18,2022-12-13,Delivered
4884,186,35,2022-10-31,Delivered
4885,3572,38,2022-09-17,Delivered
4886,357,24,2025-04-27,Delivered
4887,986,16,2023-12-24,Pending
4888,1348,10,2023-04-20,Delivered
4889,2126,38,2022-11-08,Pending
4890,863,1,2025-06-26,Delivered
4891,657,54,2022-03-19,Cancelled
4892,2129,23,2022-12-15,Delivered
4893,3859,32,2022-09-09,Delivered
4894,3412,41,2025-09-22,Delivered
4895,2417,60,2022-11-24,Cancelled
4896,1593,34,2024-08-20,Delivered
4897,2143,15,2023-05-14,Delivered
4898,760,21,2023-09-27,Delivered
4899,429,2,2023-05-05,Delivered
4900,2562,11,2025-06-15,Delivered
4901,1203,49,2022-03-02,Returned
4902,3096,3,2023-12-06,Delivered
4903,1296,3,2025-02-15,Cancelled
4904,1462,35,2025-08-21,Delivered
4905,1590,55,2024-02-25,Pending
4906,217,19,2023-03-04,Cancelled
4907,3576,23,2022-02-27,Delivered
4908,2013,39,2022-05-02,Delivered
4909,2454,39,2022-10-10,Delivered
4910,3042,54,2025-08-06,Delivered
4911,172,15,2023-04-25,Cancelled
4912,789,21,2025-10-22,Delivered
4913,1864,24,2024-06-22,Delivered
4914,3089,33,2025-07-07,Delivered
4915,617,40,2023-11-17,Delivered
4916,2736,49,2023-05-12,Delivered
4917,3484,32,2024-01-04,Delivered
4918,1384,42,2022-04-25,Delivered
4919,3754,5,2023-12-25,Delivered
4920,893,20,2025-11-09,Cancelled
4921,1821,26,2022-05-21,Delivered
4922,877,50,2024-01-06,Delivered
4923,706,17,2025-10-12,Returned
4924,1177,21,2025-03-18,Cancelled
4925,1122,59,2025-03-20,Pending
4926,3295,48,2024-11-08,Returned
4927,1422,57,2024-01-12,Delivered
4928,2597,26,2025-04-08,Delivered
4929,2946,33,2022-11-25,Delivered
4930,3751,12,2025-08-02,Delivered
4931,1203,51,2022-02-07,Delivered
4932,790,41,2024-03-27,Delivered
4933,1738,51,2025-04-16,Cancelled
4934,1018,51,2025-03-16,Pending
4935,2188,1,2024-08-23,Delivered
4936,3657,33,2025-05-13,Pending
4937,231,7,2023-12-08,Returned
4938,2552,51,2022-07-10,Delivered
4939,2174,37,2022-07-26,Cancelled
4940,2974,13,2022-08-13,Delivered
4941,3857,16,2025-07-13,Delivered
4942,1244,50,2022-01-01,Pending
4943,1477,5,2025-06-24,Cancelled
4944,3477,5,2023-08-15,Delivered
4945,3116,14,2022-12-22,Pending
4946,3197,21,2022-03-02,Delivered
4947,1451,2,2023-09-05,Delivered
4948,213,5,2024-07-13,Pending
4949,2772,3,2025-05-14,Delivered
4950,3268,20,2025-08-06,Delivered
4951,2302,40,2024-02-18,Delivered
4952,2599,16,2022-05-25,Returned
4953,746,9,2022-06-25,Cancelled
4954,3878,5,2024-03-21,Cancelled
4955,3624,52,2022-10-12,Returned
4956,3991,37,2022-07-27,Returned
4957,1295,52,2022-09-26,Returned
4958,2779,13,2023-01-25,Returned
4959,2380,19,2023-11-21,Pending
4960,2401,21,2024-07-04,Delivered
4961,2929,12,2022-01-16,Pending
4962,2325,5,2023-05-12,Delivered
4963,2324,49,2024-10-03,Delivered
4964,1526,9,2024-09-20,Delivered
4965,491,38,2024-01-01,Pending
4966,3862,17,2025-03-22,Delivered
4967,563,42,2025-06-13,Cancelled
4968,3970,29,2022-04-28,Pending
4969,2836,52,2022-01-26,Delivered
4970,2367,28,2024-08-09,Delivered
4971,3378,58,2022-03-01,Delivered
4972,789,51,2024-01-31,Cancelled
4973,1681,44,2025-09-27,Delivered
4974,3638,31,2023-03-14,Pending
4975,1130,49,2025-06-30,Delivered
4976,1516,15,2024-11-12,Delivered
4977,1407,27,2024-06-01,Delivered
4978,3762,14,2023-04-22,Delivered
4979,3892,45,2024-08-27,Delivered
4980,1916,44,2022-12-25,Delivered
4981,3675,7,2025-12-20,Delivered
4982,3150,60,2023-08-02,Delivered
4983,736,12,2025-06-01,Pending
4984,33,39,2022-05-20,Pending
4985,3676,8,2024-07-24,Cancelled
4986,2614,29,2024-03-23,Delivered
4987,3457,19,2023-06-13,Delivered
4988,1004,57,2024-09-12,Delivered
4989,3223,40,2025-11-06,Delivered
4990,3419,17,2022-03-13,Pending
4991,3111,17,2024-06-02,Returned
4992,1485,18,2023-03-09,Delivered
4993,645,49,2025-04-16,Delivered
4994,3062,60,2022-03-10,Cancelled
4995,3810,59,2022-06-20,Returned
4996,3203,23,2025-11-30,Delivered
4997,3223,11,2023-05-04,Delivered
4998,1618,32,2022-02-23,Delivered
4999,3402,56,2025-01-01,Delivered
5000,868,10,2025-07-31,Pending
5001,548,31,2025-02-07,Pending
5002,3503,25,2025-01-31,Delivered
5003,3108,50,2023-12-23,Returned
5004,755,43,2025-06-07,Delivered
5005,1116,7,2024-09-30,Delivered
5006,3740,31,2023-04-17,Delivered
5007,2974,47,2022-01-08,Delivered
5008,269,41,2022-06-13,Delivered
5009,2231,8,2025-04-06,Delivered
5010,802,56,2025-01-30,Returned
5011,751,47,2025-06-16,Returned
5012,3486,19,2023-10-10,Delivered
5013,1957,29,2023-05-02,Delivered
5014,928,54,2025-01-09,Delivered
5015,1005,20,2023-10-30,Cancelled
5016,1748,33,2025-02-09,Delivered
5017,1177,34,2024-11-30,Returned
5018,3224,31,2022-12-27,Delivered
5019,1247,1,2025-12-23,Cancelled
5020,2929,8,2023-12-12,Returned
5021,898,16,2025-12-23,Delivered
5022,2188,50,2023-08-04,Pending
5023,2946,17,2025-10-27,Delivered
5024,2095,19,2025-04-09,Delivered
5025,908,51,2025-05-31,Delivered
5026,1343,12,2023-07-05,Pending
5027,2766,38,2023-03-05,Delivered
5028,1412,36,2025-12-30,Delivered
5029,1250,2,2024-12-07,Returned
5030,1945,48,2022-05-31,Delivered
5031,1187,4,2024-12-16,Delivered
5032,2452,22,2024-07-10,Returned
5033,1815,19,2022-12-04,Returned
5034,2453,11,2025-11-07,Pending
5035,395,42,2022-10-08,Delivered
5036,886,59,2025-04-29,Delivered
5037,250,45,2023-11-07,Delivered
5038,3227,27,2023-11-26,Delivered
5039,844,5,2025-04-21,Delivered
5040,3011,27,2022-04-30,Cancelled
5041,1449,51,2024-06-14,Cancelled
5042,802,37,2023-04-18,Delivered
5043,2925,35,2022-05-04,Delivered
5044,1813,24,2023-02-17,Delivered
5045,2208,17,2022-09-19,Pending
5046,3788,19,2023-05-03,Returned
5047,2788,5,2024-02-23,Returned
5048,1095,9,2024-09-18,Delivered
5049,3071,51,2022-09-04,Delivered
5050,3865,31,2023-09-17,Cancelled
5051,2607,41,2024-02-12,Pending
5052,2458,22,2023-12-20,Delivered
5053,2828,46,2023-05-27,Cancelled
5054,3254,22,2022-01-14,Delivered
5055,2383,9,2022-03-06,Delivered
5056,2760,27,2025-12-17,Cancelled
5057,2783,1,2022-07-22,Delivered
5058,3351,49,2025-11-27,Delivered
5059,2278,17,2022-01-20,Returned
5060,1131,29,2025-01-28,Delivered
5061,65,57,2023-02-18,Delivered
5062,964,12,2024-07-15,Cancelled
5063,1901,32,2022-09-01,Delivered
5064,3037,46,2023-05-20,Delivered
5065,666,14,2025-10-06,Returned
5066,3437,5,2023-04-16,Delivered
5067,2711,29,2025-05-12,Delivered
5068,3649,15,2025-06-15,Pending
5069,2607,14,2023-10-11,Delivered
5070,2783,60,2024-05-04,Cancelled
5071,3045,28,2023-02-12,Returned
5072,477,30,2024-03-25,Delivered
5073,335,27,2023-07-16,Pending
5074,3262,30,2025-09-08,Delivered
5075,1568,18,2023-05-16,Pending
5076,120,53,2023-06-04,Delivered
5077,1935,50,2024-05-09,Returned
5078,85,39,2025-06-08,Delivered
5079,84,17,2025-04-12,Delivered
5080,2848,55,2024-04-02,Delivered
5081,3603,54,2024-05-28,Delivered
5082,143,29,2025-10-12,Delivered
5083,194,1,2025-11-10,Delivered
5084,2939,43,2024-02-21,Returned
5085,626,14,2025-07-26,Delivered
5086,2788,38,2023-02-06,Delivered
5087,3224,17,2022-01-26,Delivered
5088,3647,20,2023-02-17,Delivered
5089,113,38,2025-08-24,Delivered
5090,90,60,2024-03-12,Delivered
5091,244,1,2022-10-08,Cancelled
5092,2303,22,2023-11-03,Pending
5093,2708,44,2023-07-15,Delivered
5094,1821,28,2024-12-22,Cancelled
5095,3835,26,2025-04-07,Delivered
5096,3918,19,2024-10-21,Pending
5097,1870,3,2024-01-08,Returned
5098,1334,5,2023-01-03,Delivered
5099,789,55,2024-11-27,Delivered
5100,1092,52,2022-11-04,Returned
5101,2196,10,2023-01-13,Delivered
5102,3305,34,2024-12-02,Pending
5103,182,47,2024-05-06,Delivered
5104,922,2,2022-10-02,Returned
5105,40,40,2022-11-12,Delivered
5106,3849,11,2024-09-21,Delivered
5107,1337,41,2024-09-05,Pending
5108,3552,49,2024-01-09,Pending
5109,2000,26,2023-06-18,Delivered
5110,1389,49,2023-05-19,Cancelled
5111,3597,41,2023-04-02,Delivered
5112,1334,13,2025-05-08,Delivered
5113,17,41,2024-05-05,Returned
5114,2297,52,2023-05-21,Cancelled
5115,478,48,2022-06-24,Returned
5116,3253,43,2022-11-23,Delivered
5117,1475,14,2024-05-30,Returned
5118,778,17,2023-10-06,Cancelled
5119,3376,48,2025-12-05,Returned
5120,1945,38,2023-01-25,Cancelled
5121,3838,24,2023-02-14,Returned
5122,296,46,2025-06-17,Delivered
5123,1822,1,2025-12-13,Delivered
5124,1393,17,2024-12-15,Delivered
5125,3704,38,2025-04-06,Delivered
5126,2012,13,2024-12-17,Cancelled
5127,2863,13,2022-04-21,Delivered
5128,3689,11,2023-08-13,Cancelled
5129,433,58,2024-11-19,Delivered
5130,2399,51,2025-05-01,Delivered
5131,533,16,2024-06-07,Cancelled
5132,3892,55,2022-04-09,Delivered
5133,462,57,2024-09-10,Delivered
5134,1477,31,2024-09-10,Pending
5135,1255,53,2022-11-07,Delivered
5136,747,16,2022-01-29,Returned
5137,1164,53,2023-02-10,Delivered
5138,761,58,2022-10-28,Delivered
5139,3042,54,2023-08-27,Returned
5140,2480,16,2023-06-27,Delivered
5141,1426,57,2022-02-22,Delivered
5142,969,38,2023-01-05,Pending
5143,2081,25,2023-06-13,Delivered
5144,3167,34,2025-10-30,Delivered
5145,2727,2,2025-09-11,Delivered
5146,1020,23,2025-05-03,Returned
5147,3172,41,2023-05-23,Delivered
5148,986,40,2022-02-11,Delivered
5149,1172,31,2025-01-18,Delivered
5150,2552,45,2024-02-11,Cancelled
5151,1583,48,2022-07-15,Delivered
5152,3380,32,2022-01-25,Pending
5153,79,54,2023-07-24,Delivered
5154,797,10,2023-12-28,Pending
5155,2691,2,2023-12-07,Delivered
5156,2354,45,2022-03-13,Returned
5157,3647,10,2024-03-27,Delivered
5158,3910,36,2022-11-21,Delivered
5159,631,10,2022-04-09,Delivered
5160,3698,28,2024-11-27,Delivered
5161,928,26,2023-05-23,Delivered
5162,3376,15,2022-08-01,Returned
5163,948,22,2023-01-02,Delivered
5164,3459,42,2025-11-03,Pending
5165,3378,7,2023-03-20,Delivered
5166,2667,59,2023-05-31,Delivered
5167,1140,40,2023-03-11,Delivered
5168,2925,45,2023-01-06,Returned
5169,1847,49,2023-06-29,Delivered
5170,1044,31,2023-10-09,Delivered
5171,3004,48,2022-03-30,Delivered
5172,3004,26,2024-11-28,Delivered
5173,3981,38,2025-09-02,Cancelled
5174,3980,52,2023-06-04,Returned
5175,2288,34,2025-03-03,Cancelled
5176,3090,17,2023-08-05,Delivered
5177,1449,3,2024-07-03,Returned
5178,1945,41,2023-01-23,Delivered
5179,725,48,2022-06-24,Delivered
5180,2455,4,2022-09-03,Pending
5181,2816,7,2022-12-23,Returned
5182,3538,25,2022-05-31,Pending
5183,1790,35,2024-12-31,Delivered
5184,156,50,2024-05-29,Delivered
5185,1684,23,2022-07-29,Delivered
5186,1945,10,2023-01-24,Cancelled
5187,313,44,2022-03-18,Delivered
5188,934,54,2025-08-31,Returned
5189,2144,26,2024-01-23,Cancelled
5190,1386,50,2025-12-20,Returned
5191,1313,50,2024-11-11,Delivered
5192,886,20,2022-06-21,Delivered
5193,1355,23,2025-02-07,Pending
5194,268,11,2024-02-15,Delivered
5195,2614,49,2025-02-14,Delivered
5196,2562,29,2025-09-06,Delivered
5197,1344,35,2025-07-13,Cancelled
5198,3830,14,2025-06-10,Returned
5199,2382,15,2022-01-20,Delivered
5200,1568,5,2025-04-30,Delivered
5201,810,16,2023-12-05,Delivered
5202,1307,32,2023-11-02,Delivered
5203,3892,22,2023-03-05,Delivered
5204,938,22,2024-03-13,Delivered
5205,2775,26,2024-01-22,Delivered
5206,2367,26,2023-09-13,Pending
5207,3914,17,2022-10-21,Delivered
5208,3306,17,2025-04-25,Returned
5209,1021,56,2022-03-28,Delivered
5210,2936,39,2022-06-25,Returned
5211,2743,54,2024-05-28,Pending
5212,3517,54,2024-12-11,Delivered
5213,2399,8,2023-11-11,Returned
5214,2079,57,2025-06-30,Delivered
5215,2163,2,2022-03-11,Cancelled
5216,3689,19,2024-02-08,Delivered
5217,2126,28,2022-12-10,Delivered
5218,2325,37,2023-04-16,Delivered
5219,2054,5,2025-04-23,Cancelled
5220,64,17,2023-08-29,Pending
5221,3167,47,2022-08-06,Pending
5222,3224,29,2025-06-07,Delivered
5223,400,1,2023-04-15,Cancelled
5224,2990,20,2022-09-23,Delivered
5225,1334,48,2024-09-03,Pending
5226,3063,4,2024-03-10,Delivered
5227,1690,40,2024-10-06,Delivered
5228,791,21,2022-04-13,Cancelled
5229,2143,11,2022-07-14,Returned
5230,304,20,2024-08-16,Delivered
5231,3893,42,2023-08-24,Delivered
5232,3450,40,2023-01-11,Delivered
5233,3808,2,2023-11-08,Returned
5234,1885,41,2024-08-02,Delivered
5235,1725,7,2022-03-31,Delivered
5236,1021,19,2025-07-11,Delivered
5237,522,57,2025-06-14,Delivered
5238,2589,49,2022-03-20,Delivered
5239,26,26,2023-01-23,Delivered
5240,2741,37,2022-12-03,Delivered
5241,2171,29,2024-04-12,Delivered
5242,1422,30,2024-02-06,Delivered
5243,3762,45,2025-11-24,Delivered
5244,3114,51,2022-07-31,Pending
5245,1116,41,2023-12-28,Returned
5246,2367,5,2022-07-31,Delivered
5247,1802,27,2024-02-03,Cancelled
5248,1023,47,2022-07-20,Delivered
5249,3661,31,2023-09-21,Delivered
5250,1767,43,2025-05-26,Returned
5251,917,26,2025-03-10,Delivered
5252,129,48,2022-05-30,Delivered
5253,1939,16,2023-11-20,Delivered
5254,2949,22,2023-04-01,Delivered
5255,1591,42,2025-03-31,Cancelled
5256,3066,23,2022-07-03,Pending
5257,3315,7,2024-02-25,Delivered
5258,2929,1,2023-11-15,Returned
5259,1258,26,2024-02-07,Delivered
5260,2797,3,2022-11-19,Pending
5261,1919,51,2025-01-05,Delivered
5262,1059,35,2024-10-19,Returned
5263,3902,27,2023-11-13,Returned
5264,3994,36,2022-11-22,Delivered
5265,601,52,2022-04-19,Delivered
5266,1083,31,2024-11-07,Delivered
5267,3980,10,2024-06-23,Delivered
5268,2299,49,2024-08-03,Cancelled
5269,2465,9,2024-06-18,Delivered
5270,748,50,2025-12-17,Cancelled
5271,2364,60,2022-03-30,Delivered
5272,759,21,2025-03-13,Cancelled
5273,1656,19,2022-09-11,Returned
5274,3905,12,2024-12-30,Cancelled
5275,1533,55,2023-11-20,Delivered
5276,311,18,2023-02-14,Delivered
5277,3921,16,2022-08-05,Pending
5278,1767,50,2024-01-25,Delivered
5279,2819,7,2024-10-06,Delivered
5280,2916,30,2023-11-04,Returned
5281,3419,9,2023-09-07,Pending
5282,2628,15,2023-07-15,Delivered
5283,205,4,2023-09-01,Delivered
5284,2780,34,2023-09-22,Delivered
5285,2208,39,2023-01-31,Delivered
5286,2990,2,2024-06-25,Cancelled
5287,1291,5,2022-08-18,Cancelled
5288,3628,25,2024-12-16,Delivered
5289,2321,52,2023-09-04,Delivered
5290,3597,3,2022-05-09,Cancelled
5291,3692,25,2025-01-02,Cancelled
5292,765,16,2022-11-03,Delivered
5293,1227,50,2022-03-10,Returned
5294,599,1,2022-12-08,Delivered
5295,886,60,2022-09-08,Returned
5296,3363,30,2024-09-10,Delivered
5297,760,45,2023-10-29,Returned
5298,1982,41,2025-08-17,Cancelled
5299,2976,26,2024-12-31,Pending
5300,1547,56,2024-07-21,Delivered
5301,668,42,2023-04-11,Delivered
5302,886,45,2022-06-09,Delivered
5303,802,22,2024-07-05,Delivered
5304,2367,53,2025-03-20,Delivered
5305,1803,23,2025-07-01,Pending
5306,3412,38,2025-04-06,Delivered
5307,2309,55,2025-04-01,Pending
5308,2338,15,2023-02-01,Cancelled
5309,1704,19,2023-06-13,Cancelled
5310,2491,35,2022-12-15,Delivered
5311,2075,3,2024-10-25,Returned
5312,2470,10,2025-02-19,Delivered
5313,2584,49,2022-05-21,Delivered
5314,2505,25,2025-10-12,Delivered
5315,726,42,2024-02-08,Delivered
5316,2783,54,2024-02-02,Delivered
5317,1700,4,2025-11-19,Delivered
5318,3485,53,2022-06-02,Cancelled
5319,1137,22,2025-09-13,Delivered
5320,2569,32,2025-11-29,Cancelled
5321,3760,33,2022-05-25,Delivered
5322,980,33,2025-02-16,Delivered
5323,1765,28,2025-01-08,Cancelled
5324,156,13,2022-10-02,Delivered
5325,2581,2,2024-08-07,Delivered
5326,3468,59,2023-06-28,Returned
5327,251,52,2023-11-09,Delivered
5328,3111,36,2025-07-15,Delivered
5329,2196,57,2025-08-28,Delivered
5330,2532,60,2025-01-19,Returned
5331,157,4,2022-10-20,Delivered
5332,2357,46,2024-06-28,Pending
5333,3082,1,2024-07-12,Pending
5334,3688,49,2022-01-08,Delivered
5335,1718,44,2025-03-18,Cancelled
5336,2505,21,2022-08-28,Delivered
5337,3648,57,2022-07-27,Returned
5338,2393,39,2023-07-30,Delivered
5339,919,21,2025-09-07,Delivered
5340,2325,43,2022-01-19,Cancelled
5341,1227,29,2025-11-16,Pending
5342,645,10,2024-10-23,Cancelled
5343,1969,42,2025-12-07,Returned
5344,3042,36,2025-05-24,Delivered
5345,936,3,2022-12-01,Pending
5346,369,36,2025-03-31,Pending
5347,389,17,2024-12-01,Delivered
5348,3878,7,2022-03-01,Pending
5349,31,17,2025-01-16,Returned
5350,610,55,2024-10-06,Returned
5351,427,24,2024-06-10,Pending
5352,1572,30,2025-12-09,Cancelled
5353,485,57,2022-10-31,Delivered
5354,2717,26,2023-07-20,Cancelled
5355,3679,20,2023-10-18,Delivered
5356,3579,57,2022-05-23,Delivered
5357,3075,47,2024-04-21,Returned
5358,538,28,2024-02-22,Delivered
5359,835,21,2025-02-28,Delivered
5360,3504,31,2022-10-13,Cancelled
5361,1994,7,2024-03-13,Returned
5362,1116,20,2025-02-07,Delivered
5363,3272,31,2024-03-26,Delivered
5364,3802,23,2023-09-28,Delivered
5365,3412,37,2025-06-25,Delivered
5366,2574,49,2023-06-29,Delivered
5367,1309,20,2023-06-15,Delivered
5368,589,10,2023-06-23,Returned
5369,1767,9,2025-10-24,Delivered
5370,2552,10,2024-09-14,Delivered
5371,936,39,2025-11-24,Delivered
5372,22,19,2024-12-11,Cancelled
5373,3688,36,2023-03-17,Pending
5374,2184,14,2023-04-19,Cancelled
5375,789,32,2022-02-20,Pending
5376,143,23,2024-09-29,Pending
5377,1637,31,2023-11-05,Delivered
5378,1634,53,2024-12-14,Pending
5379,3033,42,2023-01-21,Delivered
5380,972,1,2022-04-15,Returned
5381,75,21,2025-02-07,Cancelled
5382,1021,30,2023-10-12,Returned
5383,3064,16,2025-10-06,Cancelled
5384,3517,16,2025-07-28,Delivered
5385,418,5,2022-02-01,Cancelled
5386,154,16,2024-05-28,Delivered
5387,3492,57,2025-05-23,Pending
5388,1114,55,2025-12-12,Delivered
5389,223,51,2023-02-23,Delivered
5390,1788,12,2025-03-25,Delivered
5391,3358,38,2025-10-31,Delivered
5392,819,9,2025-11-21,Pending
5393,3212,50,2023-03-28,Delivered
5394,3952,29,2023-07-27,Cancelled
5395,303,52,2025-08-14,Cancelled
5396,3458,60,2022-10-14,Delivered
5397,3780,24,2025-01-06,Returned
5398,357,30,2023-08-04,Returned
5399,2925,35,2024-05-09,Delivered
5400,1229,5,2024-02-02,Delivered
5401,3017,60,2022-05-07,Pending
5402,863,46,2024-03-31,Delivered
5403,1304,29,2025-06-27,Cancelled
5404,850,33,2025-11-26,Delivered
5405,164,16,2022-03-17,Delivered
5406,3251,40,2025-08-05,Delivered
5407,1748,16,2025-08-21,Delivered
5408,330,12,2023-05-17,Delivered
5409,3798,29,2025-09-27,Returned
5410,2498,47,2022-04-08,Returned
5411,3062,38,2025-03-13,Delivered
5412,1571,25,2024-09-25,Pending
5413,2392,58,2023-08-29,Delivered
5414,1581,57,2024-03-29,Pending
5415,1220,53,2023-03-30,Delivered
5416,402,30,2023-10-07,Cancelled
5417,1833,3,2022-12-09,Pending
5418,3679,1,2022-12-18,Delivered
5419,23,41,2025-03-20,Delivered
5420,3458,60,2025-05-07,Returned
5421,1036,43,2022-04-17,Pending
5422,1493,11,2022-09-03,Delivered
5423,3310,7,2024-09-16,Delivered
5424,1160,30,2025-11-15,Delivered
5425,2157,26,2025-04-14,Returned
5426,875,2,2025-07-26,Delivered
5427,2293,11,2023-11-10,Delivered
5428,252,5,2023-01-17,Delivered
5429,928,10,2025-08-20,Delivered
5430,3549,50,2024-12-25,Delivered
5431,112,15,2024-06-11,Delivered
5432,901,46,2025-07-26,Delivered
5433,630,42,2022-05-02,Delivered
5434,3600,33,2025-06-05,Delivered
5435,3590,31,2025-12-07,Delivered
5436,3111,2,2022-12-17,Pending
5437,3589,30,2025-02-18,Cancelled
5438,139,31,2023-01-26,Returned
5439,281,4,2022-01-18,Returned
5440,2615,36,2022-04-11,Delivered
5441,20,13,2025-01-18,Pending
5442,264,52,2022-06-10,Pending
5443,1705,59,2023-03-31,Cancelled
5444,1684,59,2025-12-24,Returned
5445,1522,20,2023-06-06,Pending
5446,1823,26,2022-04-29,Delivered
5447,3901,40,2022-02-17,Delivered
5448,191,5,2024-06-07,Returned
5449,3035,3,2023-06-06,Returned
5450,2879,14,2023-12-15,Delivered
5451,304,32,2023-08-04,Delivered
5452,1172,44,2025-01-15,Returned
5453,2683,1,2023-10-30,Delivered
5454,3360,53,2024-10-09,Delivered
5455,1970,9,2025-02-11,Delivered
5456,1788,43,2022-08-31,Cancelled
5457,1479,37,2023-04-15,Delivered
5458,1238,50,2025-07-18,Delivered
5459,3095,1,2024-03-11,Pending
5460,2603,60,2023-09-05,Delivered
5461,740,34,2024-04-27,Delivered
5462,2591,33,2022-04-30,Delivered
5463,1488,57,2025-02-14,Delivered
5464,2666,5,2023-09-12,Returned
5465,2614,39,2023-01-15,Returned
5466,919,12,2024-05-25,Returned
5467,3818,8,2025-03-13,Returned
5468,2849,59,2022-11-23,Delivered
5469,1821,3,2024-12-22,Delivered
5470,3643,35,2022-02-06,Pending
5471,291,16,2025-07-07,Delivered
5472,2735,20,2025-08-02,Delivered
5473,1449,40,2024-12-08,Cancelled
5474,3135,22,2024-05-27,Returned
5475,3345,38,2025-03-09,Pending
5476,1451,43,2022-05-01,Cancelled
5477,1374,17,2023-07-26,Pending
5478,3610,54,2023-05-24,Delivered
5479,209,34,2022-11-22,Delivered
5480,3490,33,2025-11-05,Cancelled
5481,2312,27,2025-01-14,Delivered
5482,2677,41,2022-08-16,Delivered
5483,3203,1,2022-01-15,Pending
5484,306,39,2023-09-30,Returned
5485,523,10,2022-08-24,Delivered
5486,2788,44,2023-07-29,Delivered
5487,2786,8,2024-07-13,Delivered
5488,2793,47,2023-10-25,Pending
5489,2754,58,2024-02-11,Returned
5490,1007,2,2024-03-14,Pending
5491,3610,47,2025-07-22,Cancelled
5492,1928,52,2024-07-09,Delivered
5493,2129,20,2022-12-19,Delivered
5494,2204,39,2024-01-01,Delivered
5495,221,10,2023-10-15,Pending
5496,2489,27,2022-10-19,Delivered
5497,2399,43,2025-05-16,Delivered
5498,966,7,2022-01-31,Delivered
5499,2212,50,2025-08-15,Delivered
5500,2,58,2022-05-19,Returned
5501,2841,4,2024-05-09,Delivered
5502,3819,13,2022-03-18,Delivered
5503,1336,33,2022-02-10,Returned
5504,3772,50,2022-09-23,Delivered
5505,3441,35,2023-01-07,Delivered
5506,2325,30,2024-03-18,Cancelled
5507,2617,45,2023-09-01,Pending
5508,1986,53,2025-05-02,Returned
5509,1212,50,2022-06-27,Returned
5510,2918,29,2023-08-11,Delivered
5511,3625,2,2025-04-02,Delivered
5512,3202,21,2025-03-24,Delivered
5513,2143,33,2025-12-03,Delivered
5514,2868,32,2025-11-17,Delivered
5515,79,30,2024-09-23,Delivered
5516,1683,60,2025-12-26,Delivered
5517,2671,4,2022-04-29,Delivered
5518,2700,57,2022-07-05,Delivered
5519,1810,25,2025-04-22,Delivered
5520,3829,30,2025-10-02,Cancelled
5521,1233,34,2022-07-09,Delivered
5522,3099,23,2023-08-18,Delivered
5523,3788,53,2022-06-24,Returned
5524,3841,47,2023-06-19,Delivered
5525,3868,53,2025-02-17,Returned
5526,3096,15,2025-10-05,Pending
5527,1822,24,2022-07-25,Delivered
5528,3485,10,2025-12-25,Delivered
5529,3688,4,2023-09-25,Delivered
5530,1590,52,2024-08-23,Delivered
5531,2867,18,2025-07-13,Delivered
5532,3578,57,2025-03-25,Delivered
5533,3421,3,2022-03-05,Pending
5534,3517,2,2023-04-03,Delivered
5535,283,31,2025-05-11,Returned
5536,3576,40,2022-09-11,Cancelled
5537,1316,32,2024-06-30,Delivered
5538,919,41,2023-03-23,Delivered
5539,1406,13,2025-03-24,Delivered
5540,647,11,2024-07-21,Delivered
5541,3058,4,2025-03-14,Delivered
5542,44,28,2025-02-26,Pending
5543,3210,40,2025-07-30,Returned
5544,2604,48,2025-01-06,Delivered
5545,2361,32,2022-07-20,Returned
5546,3645,31,2024-07-15,Pending
5547,2367,5,2024-04-14,Delivered
5548,2057,44,2022-08-24,Delivered
5549,3559,1,2025-06-14,Cancelled
5550,2658,36,2025-09-02,Cancelled
5551,1564,53,2025-07-17,Delivered
5552,2862,28,2025-04-10,Delivered
5553,3754,2,2025-06-24,Delivered
5554,3011,28,2022-12-28,Delivered
5555,3342,59,2024-09-09,Returned
5556,3020,26,2025-06-19,Pending
5557,22,20,2022-08-31,Delivered
5558,286,4,2022-02-25,Delivered
5559,1590,14,2025-02-11,Pending
5560,917,54,2022-11-02,Delivered
5561,495,16,2022-03-04,Delivered
5562,3065,5,2024-02-09,Delivered
5563,2123,50,2022-12-20,Delivered
5564,3634,16,2024-03-03,Delivered
5565,3046,56,2022-11-10,Delivered
5566,791,43,2023-03-09,Delivered
5567,3646,16,2023-11-26,Pending
5568,3775,22,2023-10-13,Pending
5569,3857,14,2023-12-18,Pending
5570,929,60,2022-12-19,Cancelled
5571,247,15,2022-08-15,Returned
5572,1226,5,2025-11-02,Delivered
5573,1116,49,2022-10-08,Delivered
5574,3787,20,2024-11-20,Pending
5575,1015,24,2025-09-15,Returned
5576,1116,20,2022-06-10,Delivered
5577,1582,40,2025-01-03,Cancelled
5578,440,48,2025-10-05,Delivered
5579,65,15,2024-04-30,Cancelled
5580,3090,24,2024-07-19,Pending
5581,2367,49,2024-11-15,Cancelled
5582,694,18,2022-05-21,Delivered
5583,1167,12,2025-06-18,Returned
5584,2581,15,2023-12-24,Delivered
5585,1738,52,2023-11-19,Returned
5586,2844,47,2025-08-28,Delivered
5587,23,18,2022-03-26,Delivered
5588,2294,8,2022-01-22,Delivered
5589,3698,25,2023-05-11,Delivered
5590,2479,26,2024-09-15,Delivered
5591,868,3,2023-10-11,Delivered
5592,1191,47,2025-09-17,Pending
5593,1390,29,2022-01-30,Cancelled
5594,79,56,2023-11-25,Delivered
5595,1414,18,2024-05-26,Delivered
5596,186,5,2023-09-23,Returned
5597,2665,3,2025-11-27,Returned
5598,2000,39,2022-11-24,Pending
5599,745,7,2023-11-17,Delivered
5600,3307,31,2025-12-31,Returned
5601,2766,16,2024-09-15,Delivered
5602,112,6,2024-07-29,Delivered
5603,2617,14,2023-06-06,Delivered
5604,1804,37,2022-07-21,Pending
5605,1842,56,2025-04-20,Delivered
5606,2666,31,2022-08-04,Delivered
5607,3009,32,2024-12-30,Pending
5608,1089,5,2024-10-21,Delivered
5609,2040,40,2025-09-14,Delivered
5610,1969,43,2024-02-19,Cancelled
5611,3583,40,2024-04-22,Returned
5612,2143,26,2022-01-25,Delivered
5613,3004,28,2023-07-09,Returned
5614,3783,20,2022-07-14,Delivered
5615,2262,49,2025-07-29,Pending
5616,3095,33,2023-01-06,Pending
5617,3289,40,2023-08-17,Delivered
5618,2607,16,2024-02-05,Delivered
5619,1167,32,2022-11-25,Returned
5620,1450,41,2025-12-10,Delivered
5621,1332,37,2024-02-18,Delivered
5622,3832,47,2024-04-09,Returned
5623,1821,54,2024-09-29,Cancelled
5624,1449,41,2023-05-03,Delivered
5625,2835,34,2025-07-17,Delivered
5626,3341,48,2023-04-23,Delivered
5627,1473,8,2022-06-04,Delivered
5628,802,11,2024-04-30,Delivered
5629,3357,57,2025-06-14,Cancelled
5630,1466,10,2024-02-18,Pending
5631,1863,37,2023-08-07,Delivered
5632,2780,40,2022-06-15,Returned
5633,1177,23,2025-12-12,Cancelled
5634,1921,21,2022-05-21,Delivered
5635,1831,39,2022-08-04,Delivered
5636,1649,25,2025-01-18,Delivered
5637,2809,34,2023-10-12,Delivered
5638,2687,17,2023-01-01,Delivered
5639,3772,2,2025-01-15,Delivered
5640,801,21,2025-06-02,Delivered
5641,2025,39,2022-06-29,Delivered
5642,3534,18,2024-04-25,Pending
5643,679,29,2022-08-17,Cancelled
5644,2939,24,2023-12-09,Returned
5645,3363,9,2025-12-17,Delivered
5646,2015,7,2025-09-11,Delivered
5647,3878,50,2023-12-03,Returned
5648,3315,39,2025-02-01,Delivered
5649,2667,28,2025-02-01,Delivered
5650,1176,2,2024-03-02,Delivered
5651,2849,1,2025-03-24,Delivered
5652,17,49,2024-06-01,Returned
5653,1011,58,2022-12-28,Pending
5654,1295,36,2023-06-29,Cancelled
5655,3317,49,2022-11-17,Pending
5656,1477,41,2025-04-13,Delivered
5657,653,53,2025-12-26,Delivered
5658,3611,50,2025-08-12,Pending
5659,2132,54,2022-12-19,Cancelled
5660,584,53,2023-10-12,Delivered
5661,235,30,2022-10-10,Pending
5662,1523,42,2025-05-26,Delivered
5663,2220,49,2022-03-14,Delivered
5664,1528,1,2024-01-28,Cancelled
5665,2133,50,2022-04-09,Returned
5666,1715,42,2022-10-30,Delivered
5667,2073,54,2022-12-16,Pending
5668,982,12,2022-09-15,Pending
5669,23,1,2023-07-14,Delivered
5670,868,53,2022-12-13,Delivered
5671,3188,2,2023-06-28,Pending
5672,2365,37,2025-05-22,Delivered
5673,2299,28,2025-07-17,Returned
5674,95,26,2025-02-28,Delivered
5675,3351,55,2024-03-28,Returned
5676,3611,32,2024-05-23,Returned
5677,1105,47,2022-05-03,Cancelled
5678,3896,22,2024-09-11,Pending
5679,3215,20,2022-12-06,Delivered
5680,1933,60,2022-03-24,Delivered
5681,3485,20,2023-07-10,Cancelled
5682,1821,5,2025-01-20,Returned
5683,1295,23,2022-01-12,Pending
5684,2165,18,2025-02-09,Pending
5685,3398,33,2022-10-23,Delivered
5686,1435,9,2024-10-20,Delivered
5687,1690,54,2025-07-29,Delivered
5688,112,3,2023-07-13,Delivered
5689,2417,55,2023-04-17,Returned
5690,1680,33,2023-12-01,Delivered
5691,3555,58,2025-03-24,Delivered
5692,2489,34,2025-07-04,Returned
5693,808,38,2022-06-16,Returned
5694,3167,53,2022-01-04,Delivered
5695,2288,18,2022-09-15,Returned
5696,1300,40,2024-02-28,Delivered
5697,317,16,2025-12-05,Delivered
5698,3478,2,2023-07-21,Delivered
5699,247,17,2022-06-30,Delivered
5700,3099,8,2022-08-04,Cancelled
5701,112,32,2022-03-24,Delivered
5702,1164,3,2023-01-09,Delivered
5703,1634,1,2022-04-12,Cancelled
5704,3253,24,2025-10-01,Delivered
5705,3890,19,2025-03-01,Delivered
5706,3115,47,2025-04-02,Returned
5707,1197,25,2024-02-22,Delivered
5708,2047,33,2025-08-06,Pending
5709,415,26,2024-05-31,Delivered
5710,1768,51,2022-08-19,Delivered
5711,893,11,2024-07-11,Delivered
5712,3811,48,2023-11-11,Cancelled
5713,2174,25,2025-10-17,Delivered
5714,1931,13,2023-09-21,Returned
5715,706,2,2022-08-14,Delivered
5716,1878,21,2025-07-17,Delivered
5717,2571,54,2022-02-04,Delivered
5718,992,39,2022-02-13,Pending
5719,1748,32,2025-09-27,Pending
5720,3752,41,2025-06-24,Delivered
5721,3090,9,2022-09-07,Pending
5722,2946,45,2022-01-03,Pending
5723,668,51,2025-04-25,Pending
5724,156,15,2022-06-19,Delivered
5725,927,55,2022-08-25,Delivered
5726,1408,58,2025-05-02,Returned
5727,2584,22,2023-12-02,Delivered
5728,1407,18,2022-02-28,Returned
5729,258,47,2023-07-02,Delivered
5730,726,31,2024-09-10,Cancelled
5731,2666,32,2024-08-06,Delivered
5732,3578,25,2023-11-28,Delivered
5733,977,24,2023-08-04,Cancelled
5734,1546,10,2022-05-25,Delivered
5735,2756,7,2023-11-25,Cancelled
5736,3650,37,2024-09-14,Pending
5737,2702,8,2025-02-16,Returned
5738,3114,15,2024-12-16,Cancelled
5739,1728,32,2023-07-20,Cancelled
5740,1788,51,2024-05-29,Cancelled
5741,3788,29,2025-04-05,Returned
5742,392,57,2025-05-23,Delivered
5743,1203,43,2022-04-22,Pending
5744,166,22,2023-10-24,Pending
5745,3071,58,2022-05-18,Returned
5746,1790,44,2022-12-10,Returned
5747,1727,35,2023-06-27,Cancelled
5748,3845,20,2023-01-11,Delivered
5749,1790,54,2024-04-10,Delivered
5750,405,28,2022-09-01,Delivered
5751,3838,9,2023-02-28,Delivered
5752,437,21,2024-09-23,Delivered
5753,211,53,2025-09-11,Pending
5754,2105,42,2025-06-24,Returned
5755,1167,2,2022-03-26,Cancelled
5756,1360,9,2025-05-10,Delivered
5757,2754,46,2023-03-05,Delivered
5758,3218,41,2024-08-11,Delivered
5759,1707,7,2024-06-07,Returned
5760,886,38,2023-03-28,Pending
5761,1428,26,2023-06-01,Cancelled
5762,2736,55,2023-11-09,Returned
5763,944,57,2025-10-05,Pending
5764,3167,32,2023-07-24,Pending
5765,688,8,2025-01-13,Delivered
5766,1469,56,2023-01-26,Returned
5767,3945,6,2024-05-20,Returned
5768,1993,8,2025-09-18,Delivered
5769,2349,28,2022-09-14,Delivered
5770,2196,10,2022-09-02,Delivered
5771,2615,41,2025-04-20,Delivered
5772,1300,32,2024-01-01,Cancelled
5773,3033,3,2022-07-23,Cancelled
5774,2043,30,2025-04-27,Delivered
5775,1479,4,2024-02-03,Delivered
5776,1412,15,2024-06-30,Delivered
5777,690,19,2025-01-06,Cancelled
5778,1963,19,2023-03-16,Cancelled
5779,1937,4,2025-11-21,Delivered
5780,3096,22,2022-11-26,Delivered
5781,3987,48,2022-01-29,Delivered
5782,112,56,2022-11-27,Pending
5783,1862,32,2023-02-02,Cancelled
5784,1788,40,2024-11-25,Delivered
5785,227,14,2024-04-10,Delivered
5786,3742,35,2024-08-23,Delivered
5787,923,6,2025-05-21,Pending
5788,3052,21,2025-06-11,Delivered
5789,3007,44,2025-08-18,Delivered
5790,2617,46,2023-06-07,Delivered
5791,3661,20,2024-07-09,Delivered
5792,3843,45,2024-02-23,Delivered
5793,2311,48,2023-03-30,Returned
5794,3011,3,2024-10-11,Delivered
5795,288,4,2022-11-10,Cancelled
5796,2129,38,2024-12-07,Delivered
5797,3963,22,2024-01-13,Delivered
5798,3129,29,2022-09-29,Delivered
5799,2488,34,2024-07-01,Delivered
5800,3105,2,2024-09-14,Returned
5801,1681,42,2024-12-27,Delivered
5802,3632,50,2025-05-01,Pending
5803,1555,18,2023-12-08,Delivered
5804,1159,13,2023-09-02,Delivered
5805,1023,11,2022-08-01,Pending
5806,1843,6,2024-07-13,Returned
5807,2534,48,2025-12-27,Delivered
5808,407,45,2023-01-11,Delivered
5809,1319,54,2022-01-09,Cancelled
5810,3307,19,2024-10-06,Pending
5811,1065,28,2025-05-06,Delivered
5812,728,43,2025-09-01,Cancelled
5813,3099,54,2024-05-02,Cancelled
5814,75,30,2022-09-13,Pending
5815,1237,8,2024-06-27,Delivered
5816,3065,54,2022-03-19,Delivered
5817,1386,60,2022-01-09,Cancelled
5818,2929,29,2022-03-01,Delivered
5819,289,12,2023-01-11,Delivered
5820,975,54,2023-08-06,Returned
5821,3729,14,2025-02-27,Cancelled
5822,3754,41,2025-08-15,Delivered
5823,163,40,2025-08-08,Delivered
5824,3845,26,2025-01-07,Delivered
5825,3852,9,2023-11-08,Delivered
5826,2948,36,2025-08-05,Pending
5827,3576,1,2023-07-20,Returned
5828,589,35,2022-07-22,Pending
5829,2515,56,2025-01-05,Cancelled
5830,1105,40,2022-12-07,Delivered
5831,31,9,2022-08-29,Pending
5832,433,29,2024-07-16,Cancelled
5833,2968,45,2024-10-16,Delivered
5834,553,54,2023-08-19,Cancelled
5835,2987,41,2024-04-12,Returned
5836,3149,7,2025-12-30,Cancelled
5837,197,4,2023-12-23,Delivered
5838,3104,4,2022-05-10,Delivered
5839,872,40,2022-04-08,Delivered
5840,281,23,2024-05-01,Delivered
5841,1245,20,2022-11-24,Returned
5842,3732,49,2025-09-14,Pending
5843,3011,30,2022-12-17,Delivered
5844,3286,52,2025-11-05,Delivered
5845,1898,40,2025-04-07,Returned
5846,3611,35,2025-05-09,Delivered
5847,438,60,2024-12-29,Cancelled
5848,807,11,2023-03-01,Pending
5849,2149,48,2025-03-10,Returned
5850,2929,45,2022-12-03,Cancelled
5851,1916,21,2023-07-22,Delivered
5852,1862,52,2023-06-19,Delivered
5853,2256,29,2025-05-02,Delivered
5854,3055,25,2024-02-10,Delivered
5855,133,37,2022-05-14,Delivered
5856,23,51,2022-11-23,Returned
5857,2323,25,2023-01-02,Delivered
5858,3203,44,2023-09-07,Pending
5859,1183,41,2022-06-17,Delivered
5860,2163,24,2023-09-25,Returned
5861,2196,20,2024-09-29,Delivered
5862,1203,59,2023-08-06,Delivered
5863,1140,53,2024-05-18,Delivered
5864,889,13,2024-11-26,Cancelled
5865,1053,7,2025-07-18,Delivered
5866,1821,40,2022-03-17,Delivered
5867,3909,46,2025-12-25,Pending
5868,70,33,2024-08-18,Pending
5869,95,54,2022-08-20,Pending
5870,2365,42,2024-10-23,Delivered
5871,3303,40,2025-01-28,Cancelled
5872,154,41,2022-07-13,Delivered
5873,807,5,2022-09-28,Pending
5874,630,44,2023-06-18,Pending
5875,2964,6,2025-08-16,Delivered
5876,2646,34,2022-03-26,Returned
5877,689,55,2025-03-26,Pending
5878,668,10,2025-01-30,Cancelled
5879,2615,35,2022-04-19,Delivered
5880,3253,28,2024-05-31,Pending
5881,1412,16,2024-12-04,Delivered
5882,2110,57,2023-10-14,Delivered
5883,1728,2,2022-03-20,Delivered
5884,3406,39,2022-08-19,Delivered
5885,3437,25,2022-09-10,Delivered
5886,1294,44,2024-05-07,Delivered
5887,3111,5,2022-10-22,Delivered
5888,3008,23,2022-03-02,Delivered
5889,1612,20,2025-06-16,Cancelled
5890,2462,48,2024-03-02,Delivered
5891,292,19,2023-10-07,Delivered
5892,3366,10,2024-06-19,Delivered
5893,2309,11,2022-07-24,Delivered
5894,3996,34,2022-09-24,Delivered
5895,115,40,2025-10-26,Delivered
5896,2186,10,2023-04-06,Pending
5897,1244,57,2023-06-12,Delivered
5898,2084,56,2023-07-31,Returned
5899,59,3,2024-01-03,Delivered
5900,253,37,2025-12-08,Cancelled
5901,143,34,2023-01-10,Pending
5902,805,26,2025-08-01,Delivered
5903,604,42,2022-07-01,Delivered
5904,3915,4,2023-09-21,Delivered
5905,1183,1,2025-11-01,Pending
5906,3485,42,2023-04-28,Delivered
5907,3636,2,2024-05-16,Delivered
5908,850,29,2025-08-01,Pending
5909,218,57,2024-12-15,Delivered
5910,2015,12,2022-09-20,Cancelled
5911,1941,20,2023-07-10,Delivered
5912,748,39,2022-07-22,Returned
5913,1393,51,2022-05-27,Pending
5914,2399,29,2024-12-12,Pending
5915,3282,13,2025-08-30,Returned
5916,2367,28,2022-11-05,Cancelled
5917,328,23,2025-01-18,Returned
5918,3089,16,2024-05-27,Delivered
5919,1069,15,2024-09-29,Delivered
5920,334,46,2023-12-11,Cancelled
5921,2196,45,2023-04-13,Returned
5922,1525,52,2024-08-16,Returned
5923,1956,47,2024-10-24,Returned
5924,1992,19,2024-10-22,Cancelled
5925,933,36,2023-07-31,Delivered
5926,1337,38,2022-02-09,Delivered
5927,66,7,2023-01-03,Delivered
5928,2709,22,2025-04-15,Cancelled
5929,1060,52,2025-05-27,Delivered
5930,3707,55,2024-12-24,Delivered
5931,3810,16,2022-01-03,Delivered
5932,889,56,2023-01-21,Returned
5933,3360,45,2022-07-13,Cancelled
5934,760,45,2025-01-29,Delivered
5935,33,14,2023-02-04,Delivered
5936,1361,41,2023-05-19,Delivered
5937,3788,12,2022-05-04,Returned
5938,3254,31,2025-03-21,Delivered
5939,2100,20,2025-04-19,Delivered
5940,2242,44,2022-08-17,Returned
5941,3646,43,2024-07-31,Pending
5942,3043,33,2025-01-24,Delivered
5943,3999,30,2023-11-30,Pending
5944,3644,30,2025-06-10,Delivered
5945,2783,47,2024-01-28,Delivered
5946,3203,36,2025-06-23,Delivered
5947,2906,20,2024-04-18,Delivered
5948,3580,22,2023-10-14,Pending
5949,809,29,2022-02-02,Cancelled
5950,2365,21,2023-10-21,Delivered
5951,2224,20,2024-09-18,Cancelled
5952,3323,28,2025-01-12,Cancelled
5953,3464,24,2024-06-15,Returned
5954,79,52,2024-12-11,Delivered
5955,3796,36,2025-01-29,Delivered
5956,2126,30,2022-12-23,Delivered
5957,1065,11,2022-04-12,Delivered
5958,929,9,2022-09-24,Delivered
5959,2738,27,2025-11-05,Returned
5960,928,37,2025-05-18,Delivered
5961,684,26,2022-01-03,Pending
5962,3755,6,2025-03-18,Delivered
5963,2709,50,2025-08-07,Delivered
5964,1344,33,2025-12-08,Delivered
5965,3033,37,2023-11-28,Delivered
5966,1821,24,2022-10-11,Cancelled
5967,3014,39,2022-04-02,Delivered
5968,2964,34,2022-05-07,Cancelled
5969,258,22,2022-09-30,Cancelled
5970,2517,25,2023-04-17,Pending
5971,882,8,2022-08-11,Delivered
5972,3893,56,2025-01-16,Returned
5973,1314,8,2022-08-04,Cancelled
5974,1831,56,2023-06-11,Delivered
5975,1021,54,2024-07-04,Delivered
5976,247,3,2023-10-19,Delivered
5977,3127,46,2023-07-06,Cancelled
5978,1833,46,2022-05-15,Pending
5979,1617,29,2023-03-31,Delivered
5980,1684,9,2023-07-25,Cancelled
5981,777,24,2022-02-04,Delivered
5982,3929,39,2023-11-03,Delivered
5983,3226,22,2025-05-13,Pending
5984,645,35,2022-12-06,Delivered
5985,3049,40,2024-11-04,Returned
5986,406,7,2023-07-20,Returned
5987,84,37,2025-06-03,Delivered
5988,226,48,2023-12-15,Delivered
5989,1079,38,2025-09-04,Pending
5990,3666,22,2024-04-25,Delivered
5991,1160,32,2025-10-07,Delivered
5992,1257,30,2022-09-19,Returned
5993,1890,41,2024-01-11,Returned
5994,2531,20,2024-06-30,Delivered
5995,3732,52,2022-07-18,Pending
5996,3932,34,2023-01-07,Delivered
5997,2776,1,2022-09-26,Returned
5998,2138,38,2024-02-06,Delivered
5999,868,9,2025-05-08,Delivered
6000,2532,30,2025-02-07,Delivered
6001,201,1,2023-05-26,Pending
6002,1174,17,2023-02-03,Delivered
6003,2062,9,2023-07-31,Delivered
6004,2727,34,2025-03-03,Delivered
6005,663,33,2022-09-27,Delivered
6006,2776,39,2024-11-23,Delivered
6007,3329,58,2022-03-05,Delivered
6008,1126,50,2022-08-02,Pending
6009,2855,45,2022-07-14,Delivered
6010,2204,13,2023-12-24,Delivered
6011,1431,41,2024-05-30,Delivered
6012,1407,60,2023-04-10,Returned
6013,211,37,2023-05-31,Delivered
6014,1743,7,2023-08-04,Delivered
6015,1781,32,2022-06-06,Returned
6016,1797,11,2025-04-08,Delivered
6017,660,31,2023-10-10,Delivered
6018,2845,32,2022-03-01,Delivered
6019,3063,41,2025-09-08,Returned
6020,3964,49,2024-04-22,Returned
6021,2788,27,2022-06-13,Delivered
6022,535,59,2023-07-22,Pending
6023,1621,12,2022-08-23,Pending
6024,1178,27,2025-07-29,Delivered
6025,112,26,2023-02-23,Delivered
6026,3042,42,2022-10-17,Delivered
6027,1212,20,2024-12-23,Delivered
6028,2441,44,2025-02-04,Returned
6029,3605,9,2022-05-10,Delivered
6030,3068,25,2023-11-24,Delivered
6031,24,38,2023-11-01,Cancelled
6032,1769,29,2022-03-10,Delivered
6033,3599,23,2025-01-20,Delivered
6034,1380,38,2022-05-09,Delivered
6035,85,23,2023-01-07,Delivered
6036,2354,40,2022-10-17,Delivered
6037,3798,4,2022-01-18,Cancelled
6038,22,31,2023-07-18,Cancelled
6039,2978,1,2022-09-10,Delivered
6040,2370,38,2024-07-25,Returned
6041,1902,29,2023-08-27,Delivered
6042,2254,17,2023-01-12,Delivered
6043,3772,56,2025-05-28,Pending
6044,1669,15,2022-03-07,Delivered
6045,967,2,2023-06-03,Pending
6046,3224,27,2024-10-30,Pending
6047,3037,15,2024-05-10,Delivered
6048,2310,35,2024-09-26,Delivered
6049,1407,10,2022-04-09,Delivered
6050,2377,3,2022-04-17,Delivered
6051,2947,13,2022-02-08,Returned
6052,1781,25,2025-02-22,Delivered
6053,3569,27,2023-11-11,Delivered
6054,408,8,2025-05-17,Cancelled
6055,2167,19,2025-05-01,Delivered
6056,3783,25,2025-03-31,Pending
6057,2152,6,2022-03-02,Cancelled
6058,3308,48,2022-04-23,Delivered
6059,2447,38,2023-12-29,Returned
6060,2684,1,2025-07-30,Delivered
6061,2448,52,2025-06-15,Returned
6062,2081,7,2024-10-28,Returned
6063,677,29,2025-12-13,Delivered
6064,2501,14,2023-09-24,Pending
6065,807,49,2024-03-03,Delivered
6066,2167,27,2022-09-15,Delivered
6067,346,45,2024-08-16,Cancelled
6068,739,4,2023-02-27,Delivered
6069,3310,31,2022-06-09,Delivered
6070,2514,27,2023-05-23,Cancelled
6071,2944,27,2024-12-29,Delivered
6072,3688,51,2025-01-02,Delivered
6073,2773,54,2022-08-04,Returned
6074,3273,19,2023-11-29,Delivered
6075,2796,34,2022-06-19,Returned
6076,1508,39,2025-09-24,Cancelled
6077,1583,55,2025-07-11,Delivered
6078,3045,36,2025-06-06,Delivered
6079,3824,13,2024-10-05,Delivered
6080,1552,9,2023-02-20,Returned
6081,2061,13,2023-02-20,Pending
6082,3597,35,2023-11-15,Delivered
6083,1617,14,2022-04-02,Returned
6084,3022,51,2024-09-23,Pending
6085,2666,13,2025-10-26,Delivered
6086,2059,50,2022-04-12,Delivered
6087,3905,6,2022-04-08,Delivered
6088,917,58,2025-05-27,Delivered
6089,1989,43,2025-05-20,Delivered
6090,2530,48,2023-05-26,Delivered
6091,671,41,2023-02-22,Returned
6092,3550,46,2024-05-27,Returned
6093,2955,39,2024-01-11,Delivered
6094,2015,58,2024-09-01,Pending
6095,3688,20,2025-08-21,Delivered
6096,3346,23,2024-02-10,Delivered
6097,2377,46,2025-11-01,Cancelled
6098,2677,54,2023-03-12,Cancelled
6099,227,39,2025-01-01,Delivered
6100,726,43,2023-11-18,Delivered
6101,1930,22,2025-03-25,Delivered
6102,3640,43,2024-08-03,Delivered
6103,2470,46,2024-08-11,Delivered
6104,2495,26,2023-07-31,Returned
6105,1678,38,2022-02-25,Delivered
6106,1936,42,2023-05-15,Delivered
6107,2808,51,2025-07-16,Delivered
6108,3378,9,2025-02-21,Delivered
6109,3255,22,2022-09-30,Cancelled
6110,2226,40,2024-03-04,Returned
6111,1638,37,2024-11-29,Cancelled
6112,2677,46,2023-09-15,Pending
6113,2486,3,2022-08-18,Cancelled
6114,3042,57,2025-11-06,Delivered
6115,158,7,2025-09-04,Delivered
6116,1939,18,2022-10-03,Delivered
6117,3203,52,2022-10-09,Pending
6118,3783,44,2022-10-13,Delivered
6119,2666,56,2024-09-05,Delivered
6120,1612,8,2022-10-08,Delivered
6121,2849,48,2024-11-16,Delivered
6122,3915,19,2022-02-02,Delivered
6123,3446,54,2024-11-21,Delivered
6124,3064,50,2022-12-17,Delivered
6125,3832,19,2024-05-11,Pending
6126,1244,31,2022-03-09,Delivered
6127,1116,45,2025-11-23,Returned
6128,3020,24,2023-12-10,Delivered
6129,3691,15,2022-03-10,Delivered
6130,2396,16,2022-11-12,Cancelled
6131,1390,33,2025-08-11,Delivered
6132,1077,28,2023-08-28,Pending
6133,2206,42,2023-12-04,Pending
6134,2364,42,2024-02-13,Delivered
6135,1947,14,2025-01-01,Delivered
6136,2173,37,2023-12-14,Cancelled
6137,2204,44,2025-02-01,Delivered
6138,2574,6,2024-09-15,Cancelled
6139,1593,8,2023-07-26,Returned
6140,1866,57,2025-10-15,Delivered
6141,1883,9,2023-09-15,Returned
6142,3657,36,2023-04-17,Cancelled
6143,2617,54,2022-08-07,Cancelled
6144,1981,16,2023-06-03,Returned
6145,3751,9,2025-08-30,Delivered
6146,3095,41,2025-03-31,Cancelled
6147,3751,47,2025-10-16,Cancelled
6148,1599,55,2023-04-05,Delivered
6149,243,59,2023-03-07,Delivered
6150,2782,25,2022-10-20,Delivered
6151,3043,31,2023-12-30,Delivered
6152,3892,37,2025-02-16,Delivered
6153,1927,9,2023-03-15,Delivered
6154,1958,5,2024-04-12,Delivered
6155,263,54,2022-10-01,Cancelled
6156,2188,12,2024-06-01,Delivered
6157,221,7,2024-07-15,Delivered
6158,850,23,2024-01-12,Delivered
6159,2366,10,2023-02-19,Cancelled
6160,3345,51,2023-02-10,Delivered
6161,2860,18,2023-02-11,Delivered
6162,2750,44,2025-10-18,Pending
6163,704,35,2024-08-11,Delivered
6164,120,12,2022-08-18,Pending
6165,1719,14,2024-08-18,Pending
6166,425,39,2023-06-29,Returned
6167,2204,51,2022-06-29,Cancelled
6168,3830,33,2022-11-26,Delivered
6169,3806,26,2024-09-15,Delivered
6170,3860,2,2022-05-03,Delivered
6171,1649,9,2025-11-09,Cancelled
6172,2152,17,2024-10-05,Delivered
6173,1407,46,2023-09-20,Delivered
6174,1885,49,2025-11-21,Delivered
6175,3276,39,2025-11-17,Cancelled
6176,3406,13,2025-03-08,Delivered
6177,668,3,2023-07-08,Pending
6178,3848,17,2023-01-25,Cancelled
6179,1555,60,2024-09-29,Delivered
6180,1203,39,2024-06-12,Pending
6181,2816,46,2025-09-11,Pending
6182,2143,4,2024-07-18,Delivered
6183,784,32,2025-10-21,Cancelled
6184,616,11,2024-11-26,Cancelled
6185,212,56,2025-12-27,Pending
6186,3132,29,2025-08-04,Cancelled
6187,650,35,2022-09-01,Cancelled
6188,3865,52,2022-02-20,Returned
6189,2992,38,2022-06-06,Delivered
6190,2549,11,2025-06-07,Cancelled
6191,3762,35,2022-02-14,Returned
6192,1568,25,2025-07-25,Pending
6193,939,34,2025-07-29,Pending
6194,1919,16,2025-12-27,Delivered
6195,3549,60,2022-09-21,Delivered
6196,1222,23,2022-04-29,Delivered
6197,3688,37,2025-02-02,Returned
6198,2359,23,2025-03-02,Delivered
6199,1119,44,2024-09-20,Delivered
6200,782,37,2022-07-01,Returned
6201,3389,50,2023-05-21,Delivered
6202,1976,41,2025-07-28,Delivered
6203,3485,60,2022-02-24,Delivered
6204,3157,11,2023-04-25,Delivered
6205,809,52,2024-03-14,Delivered
6206,3075,24,2024-09-29,Pending
6207,3517,8,2023-01-01,Delivered
6208,3852,48,2025-09-09,Cancelled
6209,790,29,2022-10-13,Delivered
6210,2993,48,2023-01-02,Delivered
6211,2562,36,2023-08-16,Cancelled
6212,3020,56,2022-09-22,Pending
6213,3865,12,2023-10-02,Delivered
6214,627,57,2022-06-16,Delivered
6215,2157,60,2022-01-22,Delivered
6216,2448,5,2025-08-27,Delivered
6217,315,35,2025-04-27,Delivered
6218,1183,44,2025-08-15,Returned
6219,3902,8,2023-02-01,Delivered
6220,1846,41,2023-08-11,Delivered
6221,209,40,2022-06-10,Delivered
6222,923,47,2025-11-22,Delivered
6223,596,23,2024-04-23,Returned
6224,3380,26,2023-11-27,Delivered
6225,3824,47,2023-10-06,Delivered
6226,2242,6,2022-05-18,Delivered
6227,3906,36,2022-03-19,Delivered
6228,2552,4,2022-02-19,Delivered
6229,1648,46,2025-05-08,Pending
6230,615,19,2023-12-14,Returned
6231,1098,48,2022-06-09,Delivered
6232,498,43,2022-03-08,Delivered
6233,937,18,2025-03-05,Returned
6234,3093,20,2025-07-31,Delivered
6235,2677,45,2023-08-16,Delivered
6236,3935,24,2024-09-03,Delivered
6237,2809,34,2023-09-26,Delivered
6238,356,57,2023-06-10,Delivered
6239,3368,49,2025-08-19,Delivered
6240,1089,47,2023-09-13,Delivered
6241,3517,16,2025-07-18,Cancelled
6242,2571,29,2022-03-16,Delivered
6243,1509,16,2022-09-28,Delivered
6244,1211,23,2025-11-23,Cancelled
6245,3605,11,2022-09-12,Returned
6246,2586,5,2022-12-05,Returned
6247,2963,22,2025-06-19,Delivered
6248,1509,44,2022-01-19,Cancelled
6249,2486,5,2024-11-15,Delivered
6250,2487,45,2022-08-08,Delivered
6251,1673,59,2024-09-15,Delivered
6252,747,14,2023-10-27,Returned
6253,3641,53,2023-08-21,Cancelled
6254,2761,11,2023-07-27,Cancelled
6255,2091,29,2023-02-07,Delivered
6256,195,35,2022-04-27,Delivered
6257,2987,55,2025-05-24,Delivered
6258,1477,33,2022-11-29,Delivered
6259,1680,15,2024-06-28,Delivered
6260,3197,46,2025-05-10,Cancelled
6261,2131,5,2024-12-02,Cancelled
6262,3308,11,2022-10-30,Delivered
6263,1956,22,2023-09-26,Delivered
6264,2862,54,2025-09-16,Delivered
6265,3122,6,2022-11-05,Pending
6266,3538,42,2025-08-20,Delivered
6267,751,16,2023-08-25,Delivered
6268,79,29,2024-06-30,Delivered
6269,3698,31,2024-06-09,Returned
6270,782,36,2023-04-20,Pending
6271,3602,57,2023-06-06,Cancelled
6272,2323,36,2024-09-03,Delivered
6273,2075,45,2024-10-13,Delivered
6274,3487,51,2024-10-18,Delivered
6275,2921,29,2025-06-04,Delivered
6276,2039,28,2025-08-15,Delivered
6277,881,59,2022-06-18,Cancelled
6278,3809,55,2024-09-18,Delivered
6279,2615,57,2025-05-21,Cancelled
6280,1183,8,2024-11-17,Delivered
6281,2562,38,2022-03-18,Returned
6282,980,25,2025-12-02,Delivered
6283,3090,28,2024-12-01,Delivered
6284,3751,22,2022-10-14,Pending
6285,3665,29,2022-04-29,Delivered
6286,3173,28,2025-04-04,Delivered
6287,2616,39,2024-03-18,Cancelled
6288,1300,40,2022-08-03,Delivered
6289,3597,22,2025-01-13,Returned
6290,306,54,2025-06-10,Pending
6291,3325,25,2024-12-29,Delivered
6292,747,53,2024-02-04,Pending
6293,1183,39,2024-01-17,Pending
6294,3483,6,2025-07-27,Pending
6295,1183,35,2024-06-11,Delivered
6296,2464,18,2022-04-29,Delivered
6297,2083,36,2022-12-29,Delivered
6298,3964,55,2023-02-13,Delivered
6299,3445,34,2025-07-15,Delivered
6300,2453,59,2024-06-23,Delivered
6301,708,6,2025-12-10,Delivered
6302,3096,2,2024-07-17,Cancelled
6303,1637,20,2025-07-04,Delivered
6304,1011,51,2023-10-19,Delivered
6305,3581,1,2024-06-03,Delivered
6306,1179,27,2025-05-07,Delivered
6307,1021,55,2024-08-26,Cancelled
6308,1768,25,2024-01-24,Delivered
6309,769,24,2025-05-15,Returned
6310,1768,36,2025-04-16,Delivered
6311,756,42,2022-05-06,Pending
6312,3562,45,2024-09-09,Returned
6313,2805,60,2024-10-10,Returned
6314,1402,56,2023-04-09,Returned
6315,2246,4,2025-10-03,Delivered
6316,1234,9,2025-02-14,Pending
6317,2399,50,2024-02-28,Delivered
6318,1111,46,2023-07-02,Delivered
6319,3935,23,2023-01-20,Delivered
6320,1023,40,2023-10-24,Delivered
6321,2410,43,2022-10-08,Delivered
6322,3134,30,2024-09-23,Delivered
6323,1656,28,2023-08-25,Returned
6324,990,20,2023-01-02,Delivered
6325,2776,58,2023-04-11,Delivered
6326,3255,28,2025-05-20,Delivered
6327,477,43,2023-05-17,Pending
6328,3526,45,2022-03-07,Pending
6329,3363,3,2025-11-11,Pending
6330,228,48,2025-01-15,Delivered
6331,3958,10,2023-07-30,Pending
6332,1467,17,2025-02-20,Cancelled
6333,2152,5,2025-08-25,Pending
6334,2095,33,2022-05-10,Delivered
6335,1506,43,2023-12-04,Cancelled
6336,3998,20,2022-12-19,Cancelled
6337,1973,55,2024-09-15,Delivered
6338,2263,15,2023-11-18,Cancelled
6339,2224,55,2025-07-08,Pending
6340,175,12,2022-05-20,Delivered
6341,75,42,2023-07-13,Returned
6342,2833,37,2023-04-05,Delivered
6343,563,28,2024-10-11,Pending
6344,3433,48,2024-07-21,Cancelled
6345,2607,35,2022-12-17,Delivered
6346,3830,42,2024-06-30,Returned
6347,3711,55,2024-06-11,Pending
6348,3309,28,2024-04-13,Delivered
6349,2198,24,2024-12-23,Returned
6350,2520,16,2022-08-14,Delivered
6351,1224,34,2025-09-28,Cancelled
6352,539,14,2025-04-21,Delivered
6353,65,26,2025-09-13,Delivered
6354,2388,56,2022-05-27,Pending
6355,704,49,2025-01-25,Cancelled
6356,2868,40,2023-11-02,Delivered
6357,2644,28,2023-02-01,Delivered
6358,1127,13,2022-06-08,Delivered
6359,244,6,2022-03-08,Delivered
6360,3181,31,2023-02-13,Delivered
6361,1637,53,2025-02-17,Cancelled
6362,2303,30,2022-06-21,Delivered
6363,1314,36,2025-04-02,Delivered
6364,2844,52,2022-03-05,Delivered
6365,3754,59,2022-05-24,Returned
6366,3158,7,2022-10-23,Cancelled
6367,3071,40,2024-12-19,Delivered
6368,3114,3,2025-04-24,Delivered
6369,1111,1,2025-08-14,Delivered
6370,3071,26,2023-08-19,Delivered
6371,1647,14,2022-03-21,Cancelled
6372,1788,22,2022-11-15,Pending
6373,1389,5,2024-03-06,Delivered
6374,2666,28,2023-04-07,Delivered
6375,3474,27,2023-02-24,Delivered
6376,1412,14,2024-01-29,Pending
6377,3823,11,2024-07-25,Returned
6378,3575,51,2022-04-06,Pending
6379,2619,29,2024-06-01,Delivered
6380,3273,36,2023-06-11,Cancelled
6381,671,57,2024-08-27,Delivered
6382,734,59,2024-11-10,Delivered
6383,3234,43,2025-09-29,Delivered
6384,3176,41,2023-02-06,Delivered
6385,2442,1,2023-06-09,Delivered
6386,1998,60,2025-03-30,Delivered
6387,979,46,2022-04-16,Delivered
6388,3251,30,2023-04-06,Cancelled
6389,3129,37,2023-11-12,Delivered
6390,802,53,2022-05-28,Delivered
6391,2370,56,2023-09-05,Delivered
6392,304,23,2022-02-05,Delivered
6393,3556,43,2022-02-14,Returned
6394,3624,54,2022-12-13,Delivered
6395,917,48,2024-06-24,Delivered
6396,2929,38,2025-05-25,Delivered
6397,993,10,2025-05-24,Delivered
6398,1280,29,2025-05-28,Pending
6399,2964,7,2025-01-03,Cancelled
6400,1821,18,2025-07-25,Cancelled
6401,45,44,2024-02-18,Delivered
6402,2845,1,2024-11-28,Delivered
6403,186,23,2023-11-18,Pending
6404,2969,19,2024-09-08,Delivered
6405,1478,32,2024-03-01,Delivered
6406,1094,13,2022-06-18,Pending
6407,928,54,2022-04-18,Pending
6408,186,60,2025-03-31,Delivered
6409,794,58,2025-10-24,Returned
6410,3640,37,2025-08-01,Delivered
6411,2311,20,2023-10-27,Delivered
6412,2802,23,2025-06-08,Pending
6413,3561,45,2022-05-30,Cancelled
6414,1023,37,2023-09-14,Returned
6415,1760,11,2022-06-20,Returned
6416,1435,57,2022-12-09,Delivered
6417,2669,45,2025-09-01,Pending
6418,1057,1,2024-12-04,Delivered
6419,3892,6,2023-05-10,Pending
6420,3485,7,2023-02-23,Returned
6421,85,34,2022-08-20,Returned
6422,487,29,2025-03-23,Delivered
6423,1295,49,2024-02-17,Delivered
6424,3163,5,2024-01-08,Pending
6425,1374,1,2025-01-08,Pending
6426,3806,24,2023-10-03,Pending
6427,1649,9,2022-05-18,Delivered
6428,2896,42,2025-09-17,Delivered
6429,143,31,2023-07-17,Delivered
6430,3378,17,2025-11-25,Pending
6431,1247,31,2024-03-31,Delivered
6432,2582,13,2024-11-25,Cancelled
6433,2666,46,2023-07-24,Delivered
6434,923,44,2023-11-07,Delivered
6435,1211,47,2023-05-20,Delivered
6436,1741,54,2024-10-18,Delivered
6437,3107,57,2024-10-28,Delivered
6438,3690,36,2022-07-30,Delivered
6439,880,10,2023-11-16,Delivered
6440,1086,58,2023-10-21,Cancelled
6441,1029,49,2023-08-22,Delivered
6442,1509,12,2023-04-16,Delivered
6443,1655,11,2025-08-04,Delivered
6444,2009,25,2022-12-12,Pending
6445,849,40,2024-10-04,Cancelled
6446,2908,27,2022-11-07,Delivered
6447,576,41,2024-02-09,Returned
6448,115,35,2022-05-17,Delivered
6449,546,23,2024-03-21,Pending
6450,3824,43,2022-08-22,Returned
6451,3008,29,2024-06-04,Delivered
6452,76,47,2025-01-08,Delivered
6453,1665,36,2022-01-11,Delivered
6454,1762,45,2024-06-14,Delivered
6455,2619,40,2022-04-16,Pending
6456,3046,45,2022-03-04,Delivered
6457,3313,22,2023-03-31,Delivered
6458,1912,56,2022-07-13,Pending
6459,938,45,2025-09-07,Cancelled
6460,1074,10,2024-08-15,Returned
6461,120,7,2023-06-06,Delivered
6462,2766,48,2024-04-02,Returned
6463,2012,37,2023-07-06,Delivered
6464,1594,29,2025-02-22,Delivered
6465,1389,16,2024-03-15,Delivered
6466,1964,36,2025-10-04,Returned
6467,2743,59,2024-10-14,Delivered
6468,821,4,2023-09-23,Delivered
6469,3509,21,2022-10-18,Returned
6470,3848,34,2025-11-07,Delivered
6471,2969,5,2024-08-10,Cancelled
6472,1328,13,2022-05-11,Delivered
6473,975,4,2025-08-07,Delivered
6474,2895,25,2024-03-27,Pending
6475,778,4,2025-09-15,Delivered
6476,96,48,2024-12-27,Cancelled
6477,1790,20,2023-11-10,Delivered
6478,2661,57,2022-04-30,Delivered
6479,2699,21,2022-01-31,Delivered
6480,3419,45,2024-03-05,Cancelled
6481,2801,36,2025-03-28,Cancelled
6482,1167,15,2024-02-09,Delivered
6483,3264,29,2022-06-01,Delivered
6484,3472,8,2024-08-12,Cancelled
6485,1427,36,2024-07-09,Pending
6486,1958,12,2024-02-15,Delivered
6487,112,23,2025-10-12,Delivered
6488,7,10,2023-12-02,Returned
6489,2578,53,2023-08-07,Delivered
6490,3991,24,2022-01-30,Delivered
6491,1767,49,2024-01-07,Delivered
6492,1634,59,2023-05-25,Pending
6493,3888,41,2024-05-20,Returned
6494,2487,58,2025-09-29,Delivered
6495,304,30,2025-11-26,Returned
6496,1309,19,2022-04-14,Pending
6497,2586,34,2024-06-16,Cancelled
6498,1696,26,2025-02-16,Returned
6499,2000,25,2024-08-01,Pending
6500,800,20,2024-09-26,Returned
6501,2174,11,2024-10-12,Pending
6502,777,12,2023-12-05,Cancelled
6503,3071,54,2023-01-06,Delivered
6504,941,29,2023-06-20,Returned
6505,2309,9,2023-05-12,Cancelled
6506,3847,14,2024-08-11,Delivered
6507,78,25,2025-07-27,Delivered
6508,1557,47,2025-08-19,Delivered
6509,3677,45,2023-05-31,Delivered
6510,179,38,2025-04-13,Cancelled
6511,2516,35,2025-11-05,Pending
6512,2707,5,2025-04-25,Delivered
6513,2103,44,2022-10-07,Delivered
6514,1111,32,2022-08-05,Cancelled
6515,209,15,2025-12-15,Delivered
6516,1449,8,2023-07-17,Cancelled
6517,3171,15,2025-10-12,Delivered
6518,2782,43,2022-08-19,Delivered
6519,112,35,2025-12-10,Pending
6520,3419,59,2024-03-01,Delivered
6521,1878,57,2022-10-19,Delivered
6522,3749,6,2025-10-28,Delivered
6523,1334,7,2023-05-16,Delivered
6524,688,13,2023-08-11,Delivered
6525,3107,55,2024-05-15,Delivered
6526,1939,1,2023-11-07,Cancelled
6527,720,39,2024-03-10,Delivered
6528,2672,24,2025-08-30,Pending
6529,3749,22,2025-05-07,Pending
6530,1509,59,2024-08-26,Cancelled
6531,1536,56,2025-10-13,Delivered
6532,2969,38,2025-08-20,Returned
6533,286,14,2024-11-14,Delivered
6534,1190,7,2022-08-12,Pending
6535,24,46,2023-08-22,Delivered
6536,3089,33,2022-12-28,Cancelled
6537,3180,45,2023-11-07,Delivered
6538,3400,14,2024-02-17,Pending
6539,3857,6,2024-04-12,Cancelled
6540,3092,13,2025-06-26,Returned
6541,3315,43,2024-11-03,Delivered
6542,1690,23,2025-09-01,Delivered
6543,2835,58,2024-01-18,Delivered
6544,537,20,2023-10-25,Delivered
6545,1601,52,2023-08-05,Delivered
6546,1116,16,2023-08-24,Cancelled
6547,2505,57,2023-05-03,Delivered
6548,1247,8,2022-08-05,Delivered
6549,1674,34,2024-09-30,Pending
6550,1515,31,2023-07-10,Delivered
6551,1011,38,2024-03-28,Delivered
6552,3004,19,2025-12-19,Delivered
6553,1280,50,2023-05-02,Returned
6554,2569,59,2025-08-26,Cancelled
6555,3576,56,2024-02-13,Cancelled
6556,3372,47,2024-04-20,Returned
6557,1798,33,2022-06-16,Returned
6558,2048,51,2025-04-21,Delivered
6559,1665,52,2023-05-10,Delivered
6560,1004,34,2023-11-25,Cancelled
6561,868,29,2025-04-04,Delivered
6562,3011,23,2025-06-01,Delivered
6563,2196,52,2022-03-23,Delivered
6564,260,11,2023-03-28,Returned
6565,1503,38,2022-11-08,Cancelled
6566,3961,1,2022-07-01,Delivered
6567,1254,44,2022-11-02,Delivered
6568,2420,37,2022-10-05,Delivered
6569,1300,59,2024-03-13,Delivered
6570,3890,57,2024-05-10,Delivered
6571,3743,54,2024-07-03,Delivered
6572,1632,24,2022-04-15,Returned
6573,1021,30,2025-12-13,Delivered
6574,1792,45,2025-03-31,Delivered
6575,2047,32,2022-06-20,Delivered
6576,135,25,2022-09-04,Returned
6577,3661,43,2025-08-11,Delivered
6578,3648,7,2023-11-12,Cancelled
6579,2225,57,2023-08-08,Delivered
6580,1634,2,2023-09-17,Returned
6581,2196,59,2024-07-31,Delivered
6582,1674,49,2023-10-12,Delivered
6583,330,20,2023-12-29,Delivered
6584,2532,46,2025-01-23,Delivered
6585,3740,60,2024-02-14,Delivered
6586,2791,2,2024-04-08,Pending
6587,3561,60,2025-04-26,Delivered
6588,985,24,2024-08-10,Delivered
6589,985,41,2023-06-16,Delivered
6590,1125,19,2023-12-26,Delivered
6591,1211,36,2024-07-05,Delivered
6592,1262,25,2024-03-14,Pending
6593,3677,15,2023-01-10,Delivered
6594,3994,29,2024-12-30,Delivered
6595,809,24,2025-09-04,Delivered
6596,169,8,2025-05-27,Delivered
6597,2946,24,2025-11-14,Cancelled
6598,1259,42,2022-10-03,Delivered
6599,1212,57,2024-12-19,Delivered
6600,2168,43,2025-10-08,Delivered
6601,3121,50,2025-06-14,Cancelled
6602,1011,7,2025-03-16,Delivered
6603,2619,44,2022-03-24,Cancelled
6604,2981,55,2023-05-04,Delivered
6605,1203,49,2022-03-19,Delivered
6606,2607,10,2022-11-12,Delivered
6607,3109,12,2025-11-26,Delivered
6608,65,46,2025-09-22,Cancelled
6609,1009,4,2024-11-05,Delivered
6610,809,27,2023-05-30,Delivered
6611,3824,31,2023-07-26,Pending
6612,2240,16,2025-01-29,Delivered
6613,2416,2,2025-10-28,Pending
6614,1431,41,2023-10-02,Delivered
6615,2963,22,2024-10-11,Cancelled
6616,1121,28,2023-07-30,Cancelled
6617,2651,28,2024-02-16,Delivered
6618,2964,11,2025-01-15,Delivered
6619,1014,7,2025-02-14,Pending
6620,928,5,2023-04-04,Delivered
6621,1309,26,2022-10-10,Delivered
6622,1390,37,2022-07-30,Cancelled
6623,1273,6,2023-10-06,Pending
6624,3801,51,2023-09-30,Delivered
6625,1800,37,2025-09-22,Delivered
6626,2352,39,2022-04-21,Cancelled
6627,1358,4,2023-02-17,Delivered
6628,2488,23,2025-12-10,Cancelled
6629,2804,24,2024-07-20,Delivered
6630,1393,38,2024-08-01,Delivered
6631,3181,49,2023-03-27,Delivered
6632,3849,38,2024-02-03,Pending
6633,2849,5,2023-10-08,Delivered
6634,3751,38,2024-03-07,Delivered
6635,645,23,2024-04-26,Returned
6636,513,31,2022-04-11,Pending
6637,1222,30,2025-11-17,Returned
6638,785,23,2025-01-18,Returned
6639,1636,17,2022-11-05,Returned
6640,2015,10,2025-08-18,Cancelled
6641,3310,35,2023-02-22,Cancelled
6642,3372,21,2025-10-19,Delivered
6643,1244,9,2025-07-01,Cancelled
6644,3340,54,2025-05-28,Delivered
6645,247,41,2024-09-16,Delivered
6646,3444,31,2023-11-11,Cancelled
6647,563,46,2025-10-05,Cancelled
6648,2297,57,2022-04-28,Returned
6649,270,19,2023-04-15,Delivered
6650,3224,51,2023-07-30,Cancelled
6651,3223,27,2022-12-29,Delivered
6652,3218,46,2022-10-14,Cancelled
6653,1781,35,2024-01-12,Delivered
6654,2010,36,2022-04-19,Returned
6655,3253,30,2024-08-03,Delivered
6656,3751,21,2025-01-02,Delivered
6657,1167,4,2024-07-29,Delivered
6658,696,40,2024-08-19,Delivered
6659,915,54,2022-11-09,Cancelled
6660,2393,54,2024-12-31,Returned
6661,1215,32,2023-01-04,Delivered
6662,2913,1,2025-01-23,Delivered
6663,3333,25,2025-05-28,Delivered
6664,1604,36,2025-05-28,Cancelled
6665,120,9,2024-11-30,Cancelled
6666,295,5,2022-04-07,Delivered
6667,2665,39,2024-06-27,Pending
6668,1836,55,2025-07-20,Delivered
6669,3762,26,2022-09-18,Cancelled
6670,597,35,2025-05-10,Delivered
6671,2470,8,2022-10-20,Returned
6672,2495,22,2023-03-25,Pending
6673,2038,44,2025-01-13,Returned
6674,622,21,2024-03-16,Delivered
6675,177,16,2025-11-15,Cancelled
6676,2076,43,2025-07-07,Delivered
6677,1778,50,2022-11-27,Delivered
6678,2542,25,2023-04-02,Returned
6679,819,21,2023-09-13,Pending
6680,2448,8,2022-12-12,Cancelled
6681,3360,33,2024-11-18,Delivered
6682,708,48,2023-05-25,Delivered
6683,699,3,2025-02-08,Returned
6684,251,1,2022-07-18,Delivered
6685,3011,9,2023-04-01,Delivered
6686,736,57,2024-04-06,Pending
6687,3262,18,2025-03-29,Pending
6688,1736,39,2022-08-22,Cancelled
6689,2366,59,2022-10-19,Delivered
6690,1634,27,2025-08-05,Returned
6691,747,27,2023-09-16,Pending
6692,680,46,2023-11-28,Delivered
6693,3868,19,2023-04-23,Delivered
6694,2236,32,2022-10-03,Delivered
6695,1035,13,2023-01-11,Delivered
6696,3597,28,2025-06-06,Returned
6697,2278,11,2023-07-13,Pending
6698,3095,49,2022-03-30,Pending
6699,1649,47,2023-04-26,Pending
6700,3547,23,2022-08-15,Delivered
6701,1105,53,2024-02-02,Pending
6702,2946,16,2022-12-03,Delivered
6703,177,57,2024-07-15,Delivered
6704,3363,8,2025-10-13,Pending
6705,2157,15,2022-07-22,Delivered
6706,64,53,2024-10-07,Delivered
6707,264,31,2022-07-12,Returned
6708,807,33,2024-08-27,Delivered
6709,3282,37,2024-09-15,Returned
6710,3766,4,2024-01-27,Pending
6711,3635,20,2024-05-29,Pending
6712,1218,16,2022-10-30,Delivered
6713,3360,7,2024-02-07,Delivered
6714,863,47,2024-03-19,Delivered
6715,3596,1,2025-06-29,Delivered
6716,2314,51,2023-02-16,Delivered
6717,2530,9,2024-08-19,Delivered
6718,3977,13,2025-07-22,Delivered
6719,2411,16,2023-11-24,Returned
6720,1678,24,2025-05-07,Delivered
6721,982,40,2024-02-09,Delivered
6722,1359,50,2025-03-31,Delivered
6723,308,48,2023-04-26,Delivered
6724,1498,45,2022-03-04,Returned
6725,2473,50,2025-01-20,Cancelled
6726,2204,15,2024-03-28,Pending
6727,491,7,2025-09-18,Pending
6728,3936,5,2022-09-10,Delivered
6729,2677,50,2025-12-16,Delivered
6730,3255,51,2024-04-04,Delivered
6731,1686,31,2024-08-29,Cancelled
6732,3444,24,2022-08-20,Pending
6733,3795,60,2022-08-10,Delivered
6734,751,6,2024-11-14,Delivered
6735,1167,49,2022-03-22,Delivered
6736,3020,42,2024-12-23,Pending
6737,1887,4,2022-01-06,Delivered
6738,2251,3,2024-03-07,Delivered
6739,2704,24,2022-05-12,Delivered
6740,3369,4,2025-07-06,Returned
6741,1021,50,2025-02-02,Delivered
6742,2288,56,2023-12-07,Returned
6743,2365,47,2024-01-28,Returned
6744,143,10,2024-07-13,Cancelled
6745,513,41,2024-11-27,Delivered
6746,975,13,2023-10-02,Delivered
6747,1167,5,2023-08-05,Returned
6748,1317,14,2025-05-19,Returned
6749,3426,36,2023-06-15,Delivered
6750,3739,18,2025-08-28,Delivered
6751,2430,9,2023-02-13,Delivered
6752,1256,47,2022-10-30,Returned
6753,2129,31,2025-12-15,Delivered
6754,3042,8,2023-09-24,Delivered
6755,3071,16,2025-11-08,Delivered
6756,3688,47,2023-08-26,Delivered
6757,2607,34,2022-09-30,Delivered
6758,1020,5,2022-07-21,Delivered
6759,3367,1,2023-01-24,Delivered
6760,986,8,2023-12-18,Pending
6761,3687,52,2025-07-19,Delivered
6762,704,33,2025-03-27,Delivered
6763,3788,56,2023-11-11,Cancelled
6764,43,57,2023-07-30,Delivered
6765,2100,1,2022-04-09,Delivered
6766,1800,45,2022-03-23,Delivered
6767,3434,26,2022-05-28,Delivered
6768,2543,37,2023-05-26,Pending
6769,3559,19,2022-07-04,Pending
6770,1673,53,2023-06-30,Delivered
6771,1655,37,2023-10-25,Delivered
6772,2910,27,2025-09-10,Delivered
6773,843,34,2022-09-10,Delivered
6774,3893,9,2022-11-03,Delivered
6775,2419,20,2025-11-12,Returned
6776,1930,58,2024-06-13,Cancelled
6777,1064,13,2025-02-09,Delivered
6778,2000,23,2025-11-06,Returned
6779,1609,53,2025-09-26,Delivered
6780,2946,28,2022-05-11,Delivered
6781,3433,45,2022-01-05,Delivered
6782,58,28,2024-08-17,Returned
6783,1678,55,2022-04-30,Returned
6784,2599,41,2022-05-08,Returned
6785,3751,10,2023-08-23,Returned
6786,49,45,2023-04-08,Delivered
6787,1086,56,2025-07-25,Delivered
6788,2957,27,2022-04-13,Cancelled
6789,3004,29,2023-05-29,Delivered
6790,2718,4,2022-06-23,Delivered
6791,261,9,2023-10-08,Delivered
6792,2406,42,2023-08-04,Delivered
6793,2692,47,2022-05-20,Returned
6794,2867,23,2022-02-10,Delivered
6795,95,59,2023-01-04,Pending
6796,2074,23,2023-10-22,Cancelled
6797,1452,3,2022-11-01,Delivered
6798,1945,58,2023-06-11,Delivered
6799,3685,38,2022-09-01,Delivered
6800,1348,12,2023-01-16,Pending
6801,3893,56,2022-01-03,Returned
6802,3565,10,2025-08-11,Pending
6803,1896,6,2025-01-29,Delivered
6804,2821,49,2023-04-19,Delivered
6805,3934,9,2024-04-28,Pending
6806,285,41,2022-04-16,Returned
6807,861,41,2022-08-14,Delivered
6808,1089,8,2022-03-31,Delivered
6809,97,13,2023-06-01,Delivered
6810,34,32,2023-12-28,Delivered
6811,868,19,2024-03-12,Delivered
6812,1156,57,2023-07-13,Delivered
6813,1211,24,2024-09-28,Pending
6814,3873,52,2022-01-10,Cancelled
6815,2754,14,2022-10-18,Cancelled
6816,2074,14,2025-05-22,Returned
6817,3480,57,2025-10-30,Delivered
6818,3358,16,2022-02-18,Returned
6819,2000,41,2023-07-17,Delivered
6820,298,16,2024-05-30,Delivered
6821,1121,10,2024-08-11,Delivered
6822,1215,51,2023-06-26,Pending
6823,3412,56,2023-03-26,Delivered
6824,2768,59,2022-06-25,Delivered
6825,3924,7,2024-01-23,Delivered
6826,336,45,2025-01-16,Delivered
6827,2143,55,2024-03-27,Pending
6828,989,41,2024-05-06,Pending
6829,3385,6,2025-03-09,Delivered
6830,84,59,2022-04-03,Pending
6831,1822,27,2024-08-26,Cancelled
6832,3572,47,2022-04-18,Delivered
6833,1019,18,2025-09-17,Delivered
6834,1070,39,2023-03-04,Delivered
6835,2817,60,2024-10-27,Pending
6836,2458,22,2023-02-16,Delivered
6837,3173,40,2024-08-06,Returned
6838,1583,8,2023-07-19,Cancelled
6839,1239,30,2022-12-06,Delivered
6840,802,30,2024-08-03,Pending
6841,3677,15,2024-02-21,Delivered
6842,1344,57,2022-10-15,Cancelled
6843,393,20,2025-06-07,Delivered
6844,2329,51,2023-09-30,Returned
6845,1313,14,2022-05-06,Delivered
6846,1997,60,2025-08-28,Cancelled
6847,1895,32,2025-09-13,Delivered
6848,2565,2,2022-02-14,Delivered
6849,1568,1,2025-06-08,Cancelled
6850,1639,42,2024-04-12,Delivered
6851,3951,31,2022-05-10,Delivered
6852,1393,22,2022-12-02,Cancelled
6853,1031,56,2023-02-21,Returned
6854,2515,30,2025-04-06,Delivered
6855,154,52,2025-10-03,Returned
6856,2348,18,2025-07-20,Delivered
6857,3273,43,2022-06-01,Delivered
6858,1851,3,2024-08-28,Returned
6859,40,25,2022-05-31,Delivered
6860,3224,33,2024-12-09,Returned
6861,2607,19,2022-04-10,Delivered
6862,1344,11,2025-01-10,Cancelled
6863,3119,21,2024-10-05,Delivered
6864,3011,51,2024-07-13,Delivered
6865,1821,14,2022-02-02,Delivered
6866,2152,45,2022-08-20,Delivered
6867,863,23,2024-11-24,Returned
6868,3026,12,2022-07-23,Delivered
6869,2079,35,2024-12-31,Delivered
6870,2558,58,2022-04-11,Cancelled
6871,687,33,2025-10-28,Pending
6872,3450,2,2023-12-25,Delivered
6873,2518,25,2025-07-13,Delivered
6874,1650,59,2025-10-03,Pending
6875,3892,12,2023-05-17,Pending
6876,322,37,2023-07-18,Delivered
6877,3324,34,2022-05-19,Delivered
6878,1360,57,2023-02-13,Delivered
6879,2845,49,2023-07-25,Delivered
6880,1275,51,2025-06-06,Delivered
6881,2615,42,2022-03-03,Cancelled
6882,3824,7,2022-06-30,Delivered
6883,3144,5,2024-01-02,Returned
6884,2552,13,2022-07-10,Delivered
6885,2271,47,2022-11-12,Returned
6886,3305,15,2022-07-22,Delivered
6887,1207,8,2023-01-22,Cancelled
6888,1555,58,2025-02-09,Returned
6889,3564,13,2023-12-04,Delivered
6890,1111,24,2025-07-16,Pending
6891,3785,25,2025-02-15,Delivered
6892,3315,24,2022-09-03,Delivered
6893,2462,18,2023-09-28,Cancelled
6894,3070,31,2025-11-07,Delivered
6895,416,39,2022-11-16,Cancelled
6896,844,19,2024-12-24,Delivered
6897,807,38,2025-10-23,Delivered
6898,760,4,2022-10-18,Delivered
6899,2413,14,2022-12-13,Delivered
6900,3661,24,2022-11-30,Delivered
6901,454,42,2024-06-20,Pending
6902,39,51,2024-08-10,Delivered
6903,2433,18,2024-01-10,Cancelled
6904,1025,51,2025-02-02,Cancelled
6905,2439,45,2025-06-08,Pending
6906,1000,48,2025-07-28,Cancelled
6907,3046,27,2022-01-01,Returned
6908,849,13,2022-07-30,Delivered
6909,3131,27,2024-08-29,Returned
6910,2589,24,2025-09-27,Delivered
6911,3020,12,2024-09-13,Delivered
6912,1655,33,2024-12-24,Delivered
6913,2788,18,2024-01-21,Delivered
6914,1634,36,2024-02-02,Delivered
6915,2946,33,2024-02-04,Delivered
6916,221,8,2022-02-15,Delivered
6917,1450,42,2023-07-23,Returned
6918,3717,17,2023-08-29,Returned
6919,1390,60,2025-08-17,Delivered
6920,3090,56,2025-05-20,Delivered
6921,75,19,2025-03-14,Delivered
6922,1212,37,2024-04-26,Delivered
6923,2184,43,2022-03-26,Cancelled
6924,263,55,2022-02-13,Returned
6925,1279,34,2023-08-05,Delivered
6926,2453,15,2025-04-18,Delivered
6927,23,12,2024-11-20,Delivered
6928,419,58,2025-03-08,Pending
6929,3004,54,2023-02-22,Pending
6930,860,6,2022-01-02,Delivered
6931,1477,14,2025-10-19,Delivered
6932,2052,32,2025-05-01,Delivered
6933,1793,53,2022-01-11,Pending
6934,2751,49,2025-11-26,Pending
6935,975,58,2023-06-23,Pending
6936,3760,32,2022-10-01,Returned
6937,3653,44,2024-12-23,Cancelled
6938,1952,23,2025-08-12,Pending
6939,2372,4,2024-06-24,Delivered
6940,2822,17,2025-12-23,Pending
6941,3256,54,2024-09-20,Cancelled
6942,1958,46,2022-07-09,Delivered
6943,2677,27,2023-04-30,Delivered
6944,79,46,2023-01-23,Pending
6945,819,27,2022-11-17,Delivered
6946,1199,54,2022-10-07,Delivered
6947,1995,15,2024-06-17,Pending
6948,2157,10,2023-01-11,Returned
6949,917,37,2025-02-03,Returned
6950,2615,31,2024-04-17,Cancelled
6951,2811,11,2023-01-25,Delivered
6952,1204,29,2024-08-14,Delivered
6953,450,7,2024-09-13,Pending
6954,3534,49,2024-03-24,Cancelled
6955,669,3,2024-03-29,Returned
6956,3471,12,2024-12-11,Delivered
6957,1606,25,2024-01-02,Delivered
6958,1821,50,2025-11-21,Delivered
6959,1639,34,2024-12-23,Pending
6960,247,19,2022-08-20,Cancelled
6961,824,22,2025-04-13,Delivered
6962,1392,19,2022-10-03,Delivered
6963,2370,3,2023-06-10,Pending
6964,200,4,2024-02-11,Delivered
6965,1947,47,2025-03-24,Delivered
6966,1344,1,2023-01-10,Delivered
6967,1077,31,2024-12-27,Cancelled
6968,1964,28,2024-10-30,Delivered
6969,1412,28,2023-10-03,Cancelled
6970,1673,11,2025-09-27,Delivered
6971,1690,24,2025-10-25,Delivered
6972,84,60,2025-03-23,Delivered
6973,3586,34,2022-03-13,Cancelled
6974,1945,57,2025-10-16,Delivered
6975,2964,48,2025-05-02,Delivered
6976,389,26,2024-06-08,Delivered
6977,3648,31,2024-11-24,Delivered
6978,3360,32,2024-01-24,Returned
6979,1846,53,2024-04-04,Pending
6980,3175,11,2022-07-18,Cancelled
6981,513,2,2025-01-18,Cancelled
6982,817,6,2023-06-25,Delivered
6983,548,1,2025-06-06,Delivered
6984,2674,26,2022-02-12,Cancelled
6985,2188,29,2024-05-18,Delivered
6986,3677,16,2025-09-14,Delivered
6987,178,16,2022-08-18,Delivered
6988,1795,2,2024-01-14,Delivered
6989,2381,46,2024-03-31,Delivered
6990,2657,49,2025-02-13,Delivered
6991,1555,1,2024-04-08,Delivered
6992,751,56,2023-04-29,Cancelled
6993,2034,7,2024-03-29,Delivered
6994,2434,50,2025-04-13,Delivered
6995,2991,21,2023-08-22,Returned
6996,2160,39,2023-11-26,Delivered
6997,2552,41,2022-08-11,Returned
6998,2314,31,2023-05-08,Delivered
6999,751,26,2022-06-29,Delivered
7000,3850,14,2022-10-03,Delivered
7001,286,20,2024-09-18,Cancelled
7002,3263,7,2025-02-16,Returned
7003,348,10,2023-06-24,Delivered
7004,1190,52,2022-03-07,Delivered
7005,645,6,2023-06-25,Delivered
7006,3065,47,2022-05-05,Delivered
7007,2593,36,2024-05-22,Delivered
7008,1690,28,2024-11-16,Delivered
7009,899,35,2025-09-07,Delivered
7010,411,53,2025-10-29,Delivered
7011,343,6,2022-04-20,Delivered
7012,2452,17,2022-03-14,Delivered
7013,1255,28,2022-03-08,Pending
7014,789,1,2023-02-23,Delivered
7015,526,42,2023-08-05,Delivered
7016,1021,58,2024-05-13,Returned
7017,3167,10,2025-03-03,Delivered
7018,183,16,2024-02-04,Delivered
7019,1741,29,2023-01-14,Cancelled
7020,982,18,2022-10-13,Delivered
7021,3698,2,2023-11-04,Cancelled
7022,3376,15,2022-01-08,Delivered
7023,1064,12,2024-12-07,Delivered
7024,2411,31,2025-03-10,Cancelled
7025,653,33,2025-01-31,Delivered
7026,3878,45,2025-05-26,Delivered
7027,304,25,2023-10-23,Pending
7028,2793,41,2022-12-18,Delivered
7029,2953,7,2025-04-18,Delivered
7030,2848,8,2024-08-14,Delivered
7031,1958,3,2023-01-06,Delivered
7032,1591,29,2023-08-21,Delivered
7033,2370,49,2024-10-25,Delivered
7034,700,33,2025-12-17,Pending
7035,3892,43,2022-04-07,Delivered
7036,20,32,2024-10-09,Returned
7037,147,24,2025-05-22,Returned
7038,3266,1,2024-11-04,Returned
7039,1929,25,2025-02-22,Delivered
7040,3980,27,2025-03-06,Delivered
7041,281,14,2023-11-11,Delivered
7042,1233,16,2024-08-23,Delivered
7043,1481,15,2025-06-08,Delivered
7044,210,26,2023-02-14,Pending
7045,109,20,2024-01-12,Delivered
7046,1133,53,2024-07-20,Delivered
7047,1766,48,2023-05-10,Delivered
7048,2927,32,2022-02-07,Delivered
7049,1120,6,2023-09-24,Delivered
7050,2862,18,2025-05-05,Cancelled
7051,2895,24,2023-04-05,Delivered
7052,458,14,2022-07-13,Delivered
7053,704,11,2023-08-02,Delivered
7054,3688,60,2023-09-08,Delivered
7055,2636,33,2024-06-12,Cancelled
7056,1015,23,2023-02-21,Returned
7057,3382,39,2024-04-30,Delivered
7058,3464,37,2022-06-08,Delivered
7059,3687,34,2023-03-15,Delivered
7060,500,2,2023-05-03,Returned
7061,1480,38,2023-07-16,Delivered
7062,504,38,2024-07-16,Delivered
7063,3661,39,2022-05-06,Delivered
7064,1284,26,2022-11-10,Cancelled
7065,325,53,2025-07-14,Cancelled
7066,3456,19,2024-11-21,Delivered
7067,3075,57,2025-11-19,Pending
7068,3812,28,2024-09-03,Delivered
7069,1279,22,2025-06-01,Returned
7070,2276,47,2025-04-21,Cancelled
7071,1598,39,2023-10-11,Returned
7072,3167,57,2023-07-04,Pending
7073,1621,47,2025-02-24,Delivered
7074,3142,34,2024-04-28,Delivered
7075,2753,3,2022-03-04,Returned
7076,247,5,2025-01-16,Delivered
7077,1116,49,2024-01-19,Delivered
7078,1678,59,2023-03-22,Pending
7079,1555,58,2022-12-10,Pending
7080,2448,43,2024-03-05,Delivered
7081,3175,46,2025-02-02,Cancelled
7082,3824,59,2024-02-17,Delivered
7083,2974,23,2024-01-04,Returned
7084,1883,31,2025-11-13,Delivered
7085,1244,30,2022-12-04,Delivered
7086,1973,52,2022-05-04,Delivered
7087,2890,25,2025-07-10,Delivered
7088,3987,7,2023-06-01,Delivered
7089,1814,29,2025-01-04,Delivered
7090,836,23,2024-09-11,Delivered
7091,3762,26,2022-12-14,Delivered
7092,2552,37,2023-12-16,Delivered
7093,3893,37,2022-04-11,Delivered
7094,3096,11,2023-07-02,Cancelled
7095,3517,27,2023-10-21,Delivered
7096,773,25,2024-09-11,Delivered
7097,138,19,2025-10-21,Delivered
7098,623,33,2024-03-27,Returned
7099,1969,46,2025-12-30,Delivered
7100,3921,41,2024-11-27,Cancelled
7101,1818,52,2024-06-07,Delivered
7102,2862,18,2023-12-26,Cancelled
7103,3160,54,2023-08-19,Returned
7104,3167,17,2024-02-21,Delivered
7105,2944,14,2024-10-06,Pending
7106,929,26,2024-05-21,Delivered
7107,3824,46,2023-01-25,Delivered
7108,3824,41,2024-05-27,Delivered
7109,1945,5,2024-11-02,Cancelled
7110,3054,50,2022-09-15,Delivered
7111,3871,26,2023-04-11,Delivered
7112,3419,33,2024-02-28,Delivered
7113,1583,41,2024-12-05,Delivered
7114,2997,13,2025-11-04,Delivered
7115,1313,23,2024-10-11,Delivered
7116,2419,32,2022-02-12,Pending
7117,1183,9,2025-06-05,Delivered
7118,990,36,2025-01-19,Delivered
7119,2303,39,2024-10-06,Returned
7120,2698,19,2025-02-19,Delivered
7121,1551,27,2024-12-31,Pending
7122,2164,53,2025-12-04,Cancelled
7123,171,40,2025-08-30,Pending
7124,3178,49,2024-01-07,Cancelled
7125,40,37,2025-03-25,Cancelled
7126,898,31,2022-02-08,Returned
7127,104,48,2023-01-02,Cancelled
7128,2393,21,2022-06-20,Pending
7129,2895,7,2025-08-19,Cancelled
7130,3134,15,2025-05-24,Cancelled
7131,3549,11,2023-07-22,Delivered
7132,563,49,2022-03-03,Delivered
7133,143,26,2023-07-16,Delivered
7134,3696,34,2023-12-05,Delivered
7135,1945,47,2024-07-06,Delivered
7136,3160,28,2024-01-07,Delivered
7137,2157,42,2022-03-15,Pending
7138,221,17,2022-12-29,Delivered
7139,2486,16,2022-07-18,Pending
7140,1928,48,2024-12-13,Delivered
7141,3878,48,2024-06-09,Cancelled
7142,1583,13,2022-02-28,Pending
7143,1981,32,2024-06-01,Cancelled
7144,1684,52,2023-05-14,Delivered
7145,75,1,2025-02-21,Cancelled
7146,1059,58,2024-08-08,Delivered
7147,154,26,2023-10-27,Delivered
7148,3935,43,2024-10-24,Returned
7149,2325,11,2024-03-27,Pending
7150,3428,1,2022-01-23,Cancelled
7151,3508,3,2022-03-02,Returned
7152,2568,45,2023-07-01,Delivered
7153,154,31,2025-09-16,Pending
7154,1683,28,2023-11-05,Delivered
7155,1821,60,2023-06-17,Pending
7156,802,6,2024-06-17,Delivered
7157,304,23,2023-05-19,Delivered
7158,1530,5,2025-04-03,Returned
7159,2230,1,2023-11-10,Cancelled
7160,3223,36,2023-04-06,Delivered
7161,760,32,2025-12-23,Delivered
7162,1546,48,2024-04-01,Delivered
7163,2938,55,2024-11-07,Delivered
7164,1933,36,2023-01-30,Pending
7165,1560,31,2022-07-25,Delivered
7166,3641,44,2023-12-15,Pending
7167,710,32,2023-05-05,Delivered
7168,2906,49,2022-07-13,Delivered
7169,1095,36,2022-06-10,Delivered
7170,2284,20,2023-01-14,Delivered
7171,789,53,2025-06-16,Delivered
7172,23,27,2024-02-10,Delivered
7173,3964,57,2022-02-04,Pending
7174,1177,45,2023-09-15,Delivered
7175,3346,14,2025-01-22,Pending
7176,3090,15,2023-12-14,Delivered
7177,3610,53,2025-08-23,Delivered
7178,2334,33,2024-12-09,Delivered
7179,3751,16,2025-10-05,Pending
7180,3077,32,2024-02-13,Cancelled
7181,40,13,2024-12-31,Delivered
7182,2014,40,2022-03-04,Pending
7183,64,25,2024-07-10,Delivered
7184,1167,7,2025-02-21,Cancelled
7185,726,52,2024-11-08,Cancelled
7186,3483,45,2024-02-12,Returned
7187,837,26,2024-05-10,Delivered
7188,3351,31,2025-05-07,Pending
7189,1110,40,2022-07-20,Cancelled
7190,2833,37,2023-02-09,Cancelled
7191,2365,48,2023-06-19,Delivered
7192,3310,48,2023-12-05,Pending
7193,3851,51,2022-01-22,Delivered
7194,1177,3,2024-07-28,Returned
7195,3200,57,2024-09-29,Delivered
7196,1292,56,2022-03-24,Cancelled
7197,3273,12,2022-12-25,Pending
7198,2552,53,2022-09-05,Delivered
7199,476,54,2022-07-16,Returned
7200,1689,7,2025-11-16,Returned
7201,3784,14,2023-04-11,Cancelled
7202,3091,5,2024-12-04,Returned
7203,3419,44,2022-10-28,Cancelled
7204,2294,60,2024-09-12,Cancelled
7205,2533,45,2023-09-16,Delivered
7206,3110,18,2024-10-07,Delivered
7207,1193,53,2025-07-30,Delivered
7208,3648,58,2022-01-06,Delivered
7209,2324,59,2025-02-16,Returned
7210,690,40,2025-10-30,Pending
7211,1925,21,2022-04-15,Delivered
7212,440,13,2022-03-04,Cancelled
7213,1412,37,2022-07-16,Delivered
7214,2294,25,2023-09-20,Delivered
7215,440,57,2023-09-16,Delivered
7216,2968,58,2022-12-19,Pending
7217,1593,16,2023-07-14,Delivered
7218,3089,42,2022-08-07,Delivered
7219,1407,20,2022-02-27,Delivered
7220,1137,42,2022-05-19,Delivered
7221,3762,53,2023-09-19,Delivered
7222,978,23,2023-07-22,Delivered
7223,3033,6,2025-02-17,Delivered
7224,902,12,2025-06-07,Returned
7225,960,23,2022-08-25,Delivered
7226,2532,45,2024-03-26,Delivered
7227,732,44,2024-02-23,Cancelled
7228,3109,53,2025-08-22,Delivered
7229,3800,41,2022-06-10,Returned
7230,2773,39,2025-01-31,Cancelled
7231,3047,20,2024-10-22,Pending
7232,1499,52,2024-01-13,Delivered
7233,762,34,2024-11-25,Delivered
7234,3878,21,2023-05-30,Delivered
7235,1769,33,2022-07-16,Returned
7236,3457,25,2025-01-27,Delivered
7237,593,57,2024-02-22,Delivered
7238,628,14,2023-08-23,Delivered
7239,736,58,2024-06-06,Cancelled
7240,1068,3,2025-03-14,Delivered
7241,1634,17,2023-11-19,Delivered
7242,488,55,2025-04-06,Returned
7243,2505,4,2023-07-18,Delivered
7244,2561,12,2023-03-08,Pending
7245,952,6,2025-08-11,Delivered
7246,1813,55,2023-07-21,Delivered
7247,564,58,2023-09-29,Cancelled
7248,313,4,2025-11-19,Delivered
7249,3042,33,2022-11-07,Returned
7250,2793,43,2024-02-23,Delivered
7251,1656,58,2025-11-13,Returned
7252,1487,39,2023-09-18,Delivered
7253,2202,42,2023-04-11,Delivered
7254,1039,4,2025-08-27,Returned
7255,2047,10,2025-07-23,Delivered
7256,2770,51,2023-07-22,Pending
7257,3611,31,2023-06-11,Cancelled
7258,3090,57,2024-12-19,Delivered
7259,3253,4,2024-02-24,Pending
7260,112,43,2023-06-16,Delivered
7261,927,2,2024-02-26,Delivered
7262,919,22,2023-10-15,Delivered
7263,2006,15,2025-04-24,Delivered
7264,3611,30,2023-12-16,Delivered
7265,2925,42,2022-01-12,Delivered
7266,1287,10,2022-10-20,Delivered
7267,3096,46,2023-12-04,Returned
7268,3249,35,2023-01-15,Cancelled
7269,863,56,2023-09-27,Delivered
7270,2945,59,2025-11-29,Cancelled
7271,1086,13,2022-09-15,Delivered
7272,2564,17,2024-09-11,Delivered
7273,990,58,2022-07-17,Delivered
7274,863,12,2023-12-08,Delivered
7275,2123,44,2023-05-31,Returned
7276,3421,29,2025-01-21,Pending
7277,1779,22,2025-04-15,Delivered
7278,3273,21,2025-09-09,Returned
7279,313,52,2022-10-31,Delivered
7280,2988,22,2025-01-15,Returned
7281,2998,34,2022-09-24,Returned
7282,3987,39,2022-08-22,Cancelled
7283,143,10,2022-12-19,Returned
7284,1918,4,2022-01-28,Pending
7285,3020,25,2024-11-03,Cancelled
7286,2295,12,2024-10-28,Cancelled
7287,2962,16,2025-07-14,Cancelled
7288,2239,13,2022-01-24,Pending
7289,2397,22,2022-06-19,Delivered
7290,3688,32,2025-07-30,Delivered
7291,1412,6,2025-06-04,Delivered
7292,1917,30,2025-05-23,Delivered
7293,2913,57,2023-02-01,Delivered
7294,2552,19,2023-04-14,Pending
7295,1132,40,2024-06-26,Delivered
7296,3125,53,2025-03-11,Delivered
7297,2748,7,2023-08-04,Delivered
7298,294,17,2022-12-23,Delivered
7299,1412,7,2022-10-31,Delivered
7300,2929,9,2024-06-01,Delivered
7301,2015,42,2025-04-07,Cancelled
7302,3012,55,2024-03-11,Cancelled
7303,246,60,2024-06-26,Delivered
7304,3646,49,2022-09-01,Pending
7305,2044,13,2024-03-30,Pending
7306,3021,31,2022-04-06,Returned
7307,2712,24,2022-01-06,Returned
7308,1116,47,2025-11-13,Delivered
7309,249,51,2023-12-13,Delivered
7310,1481,8,2022-09-15,Delivered
7311,3360,49,2023-03-26,Delivered
7312,14,29,2024-01-28,Delivered
7313,3282,46,2022-09-29,Pending
7314,138,32,2023-03-25,Cancelled
7315,3135,52,2023-11-11,Delivered
7316,2358,46,2022-09-19,Delivered
7317,2081,29,2025-12-19,Pending
7318,1130,33,2024-01-10,Returned
7319,1763,27,2022-06-22,Pending
7320,2365,55,2025-05-21,Delivered
7321,3080,17,2025-09-25,Delivered
7322,1215,59,2024-09-20,Delivered
7323,1333,12,2022-11-28,Returned
7324,386,4,2024-12-26,Pending
7325,3824,12,2023-03-16,Delivered
7326,2543,28,2023-10-29,Cancelled
7327,2209,39,2023-08-04,Pending
7328,1172,6,2023-01-24,Delivered
7329,3147,2,2025-09-12,Returned
7330,3766,60,2024-01-08,Delivered
7331,974,54,2023-04-09,Cancelled
7332,1021,10,2025-12-03,Delivered
7333,751,3,2023-10-05,Delivered
7334,657,27,2023-11-27,Cancelled
7335,1098,54,2024-09-15,Delivered
7336,884,56,2022-12-21,Cancelled
7337,3518,19,2024-05-17,Returned
7338,3757,30,2022-10-21,Delivered
7339,2987,1,2024-04-07,Returned
7340,2325,47,2024-11-04,Delivered
7341,1172,32,2022-03-26,Delivered
7342,3218,17,2023-10-03,Cancelled
7343,1702,57,2025-11-27,Cancelled
7344,2170,55,2024-01-27,Delivered
7345,1377,1,2022-11-05,Delivered
7346,2937,17,2024-03-17,Delivered
7347,561,58,2023-07-30,Delivered
7348,531,9,2023-03-31,Delivered
7349,3313,50,2024-01-31,Returned
7350,2092,52,2025-10-27,Cancelled
7351,1868,24,2025-11-30,Cancelled
7352,3824,36,2022-09-07,Returned
7353,907,38,2024-05-26,Delivered
7354,3457,48,2023-08-09,Cancelled
7355,1197,19,2025-06-09,Delivered
7356,1059,30,2023-10-12,Cancelled
7357,314,51,2022-10-22,Returned
7358,2503,53,2023-04-20,Pending
7359,2995,23,2022-04-19,Delivered
7360,2457,46,2024-08-08,Pending
7361,120,43,2023-02-23,Delivered
7362,1433,53,2024-02-25,Delivered
7363,2213,7,2024-08-22,Returned
7364,2600,9,2022-06-10,Delivered
7365,1167,59,2024-04-10,Delivered
7366,919,58,2025-03-24,Cancelled
7367,2799,31,2023-03-22,Delivered
7368,2231,39,2025-06-25,Delivered
7369,3002,59,2023-03-23,Returned
7370,2357,25,2022-12-02,Delivered
7371,773,30,2023-05-01,Delivered
7372,3987,51,2023-09-03,Delivered
7373,2036,37,2023-03-26,Delivered
7374,972,19,2025-12-24,Delivered
7375,1011,30,2022-12-03,Delivered
7376,2617,11,2025-06-12,Delivered
7377,2043,3,2023-03-14,Returned
7378,664,26,2023-03-31,Cancelled
7379,707,4,2022-01-04,Cancelled
7380,2188,33,2025-03-26,Returned
7381,3976,39,2022-07-20,Returned
7382,819,3,2023-01-21,Delivered
7383,3002,60,2025-02-22,Returned
7384,2303,54,2024-10-11,Delivered
7385,929,1,2025-04-11,Delivered
7386,223,33,2025-07-23,Delivered
7387,2009,29,2023-03-02,Returned
7388,3400,49,2022-07-15,Delivered
7389,819,43,2022-07-18,Returned
7390,1826,57,2024-03-01,Delivered
7391,3273,5,2025-05-09,Delivered
7392,3511,36,2024-10-08,Delivered
7393,2472,30,2022-03-29,Delivered
7394,884,39,2024-11-27,Pending
7395,3033,26,2022-03-25,Delivered
7396,486,22,2022-04-19,Pending
7397,1928,18,2025-08-12,Delivered
7398,2746,31,2023-06-22,Pending
7399,3559,26,2025-11-12,Delivered
7400,2505,16,2022-05-02,Returned
7401,704,42,2025-06-14,Delivered
7402,640,8,2023-05-04,Returned
7403,2612,55,2022-03-23,Returned
7404,3888,24,2025-03-27,Cancelled
7405,1364,42,2022-11-20,Delivered
7406,554,29,2023-10-16,Returned
7407,2783,60,2022-12-12,Delivered
7408,1790,52,2023-03-27,Delivered
7409,2118,47,2025-11-19,Returned
7410,987,4,2022-02-07,Returned
7411,221,20,2023-05-31,Cancelled
7412,3742,39,2024-07-30,Cancelled
7413,221,9,2022-12-09,Pending
7414,3346,55,2024-04-14,Delivered
7415,1111,28,2022-12-02,Returned
7416,849,5,2025-10-19,Delivered
7417,3593,60,2025-03-09,Delivered
7418,24,33,2025-06-11,Delivered
7419,1822,41,2023-11-04,Cancelled
7420,2239,16,2023-08-09,Delivered
7421,3167,9,2025-11-25,Delivered
7422,2499,32,2022-02-26,Pending
7423,1767,53,2024-05-11,Cancelled
7424,921,13,2023-07-10,Returned
7425,1983,39,2023-04-23,Pending
7426,1496,12,2025-04-24,Delivered
7427,1562,35,2024-06-09,Delivered
7428,1360,1,2022-01-03,Delivered
7429,2421,1,2024-04-06,Delivered
7430,3422,56,2023-09-17,Returned
7431,815,59,2023-10-05,Delivered
7432,3280,29,2025-06-13,Pending
7433,1678,57,2024-08-04,Cancelled
7434,3033,6,2023-07-18,Delivered
7435,2558,10,2024-10-23,Delivered
7436,2472,31,2022-04-23,Delivered
7437,1160,39,2022-06-15,Cancelled
7438,2964,20,2023-12-29,Returned
7439,2761,20,2022-09-29,Pending
7440,3671,5,2022-12-12,Delivered
7441,3262,37,2024-11-30,Delivered
7442,340,2,2022-08-30,Delivered
7443,1121,26,2024-09-21,Cancelled
7444,2448,4,2022-06-25,Delivered
7445,3987,11,2025-03-21,Delivered
7446,716,57,2023-01-16,Delivered
7447,174,3,2025-04-14,Returned
7448,3749,9,2022-07-28,Delivered
7449,3772,50,2024-04-30,Returned
7450,3964,10,2025-06-13,Delivered
7451,1767,9,2023-01-10,Delivered
7452,3739,59,2022-11-10,Delivered
7453,2756,45,2024-03-25,Delivered
7454,2188,4,2023-02-16,Delivered
7455,2010,22,2025-03-12,Returned
7456,2231,38,2022-09-26,Pending
7457,3223,10,2025-12-18,Delivered
7458,2615,6,2025-07-28,Delivered
7459,743,50,2025-05-28,Delivered
7460,3620,51,2025-10-02,Cancelled
7461,3754,42,2024-02-19,Cancelled
7462,2754,19,2022-09-07,Delivered
7463,2620,7,2024-10-09,Delivered
7464,2987,19,2024-08-30,Pending
7465,1474,24,2023-04-03,Delivered
7466,3075,53,2022-05-07,Returned
7467,723,36,2024-10-22,Delivered
7468,1623,51,2023-12-11,Delivered
7469,440,42,2025-05-15,Pending
7470,2805,46,2023-06-19,Cancelled
7471,3624,51,2024-11-02,Returned
7472,2263,37,2024-09-19,Cancelled
7473,2015,13,2022-05-28,Returned
7474,523,18,2024-09-16,Delivered
7475,3282,21,2023-02-18,Delivered
7476,671,47,2024-09-08,Returned
7477,1188,8,2025-01-20,Delivered
7478,3419,32,2024-06-26,Delivered
7479,1237,25,2024-06-21,Delivered
7480,3470,31,2023-03-07,Delivered
7481,704,14,2023-08-24,Returned
7482,2607,1,2023-09-09,Delivered
7483,1735,9,2022-03-07,Delivered
7484,2617,50,2022-08-17,Delivered
7485,3114,36,2025-07-19,Delivered
7486,727,19,2022-03-01,Returned
7487,2559,43,2024-10-13,Cancelled
7488,2634,16,2022-10-29,Cancelled
7489,2922,11,2025-05-19,Cancelled
7490,1546,49,2025-11-27,Delivered
7491,1923,48,2025-06-12,Delivered
7492,1827,48,2024-10-13,Delivered
7493,1148,25,2022-11-11,Delivered
7494,1123,2,2023-09-10,Cancelled
7495,3617,51,2023-09-03,Cancelled
7496,3653,28,2025-08-17,Delivered
7497,707,39,2024-12-25,Delivered
7498,863,37,2023-06-10,Delivered
7499,64,21,2022-09-21,Delivered
7500,2294,50,2022-01-26,Delivered
7501,3679,47,2025-02-09,Returned
7502,3099,2,2023-09-18,Delivered
7503,268,26,2024-09-29,Cancelled
7504,1153,19,2025-12-09,Delivered
7505,1295,48,2024-03-31,Pending
7506,1403,48,2024-09-19,Cancelled
7507,2022,11,2024-11-25,Delivered
7508,3421,35,2023-03-16,Delivered
7509,350,43,2025-05-31,Cancelled
7510,3233,17,2022-06-19,Delivered
7511,3808,42,2025-11-07,Delivered
7512,3772,18,2025-12-17,Delivered
7513,1503,26,2022-04-03,Delivered
7514,2365,35,2023-01-05,Returned
7515,1637,12,2024-02-06,Returned
7516,2692,17,2025-10-28,Returned
7517,497,59,2023-08-10,Returned
7518,735,3,2025-05-02,Delivered
7519,2340,16,2023-06-17,Cancelled
7520,3640,60,2025-08-20,Delivered
7521,1678,60,2023-10-25,Returned
7522,2399,38,2024-06-20,Returned
7523,2925,55,2024-12-06,Delivered
7524,1466,13,2025-06-17,Delivered
7525,789,58,2024-04-27,Delivered
7526,1948,40,2024-10-23,Delivered
7527,1841,2,2025-12-01,Pending
7528,819,49,2024-10-29,Delivered
7529,868,26,2023-01-01,Delivered
7530,933,42,2022-01-12,Delivered
7531,3160,51,2025-03-07,Delivered
7532,3942,23,2023-02-27,Returned
7533,1121,50,2025-03-03,Delivered
7534,1023,8,2022-12-12,Delivered
7535,244,37,2023-06-28,Delivered
7536,3186,13,2024-05-18,Delivered
7537,3063,13,2024-03-02,Delivered
7538,3020,50,2022-01-23,Returned
7539,928,24,2025-08-09,Cancelled
7540,1590,17,2022-03-26,Delivered
7541,456,22,2025-09-21,Delivered
7542,57,44,2024-07-06,Delivered
7543,2417,30,2022-08-31,Pending
7544,2715,30,2022-08-15,Returned
7545,1426,53,2025-07-17,Delivered
7546,2921,49,2024-02-06,Delivered
7547,3262,54,2023-10-31,Delivered
7548,2147,6,2025-04-07,Returned
7549,1326,56,2023-09-09,Delivered
7550,975,39,2022-01-12,Delivered
7551,3428,7,2023-08-11,Cancelled
7552,874,21,2022-06-07,Delivered
7553,3745,40,2024-03-15,Delivered
7554,3661,15,2022-02-27,Returned
7555,753,14,2025-11-28,Pending
7556,207,3,2023-12-08,Returned
7557,1421,56,2023-12-31,Delivered
7558,966,26,2024-03-17,Cancelled
7559,2102,50,2023-05-17,Delivered
7560,3882,36,2025-09-09,Delivered
7561,3757,56,2022-09-20,Delivered
7562,793,44,2024-02-16,Pending
7563,1361,60,2025-06-13,Pending
7564,996,1,2022-10-17,Delivered
7565,938,33,2023-12-28,Delivered
7566,534,17,2022-01-28,Pending
7567,2399,4,2025-09-18,Delivered
7568,855,6,2022-10-16,Delivered
7569,1237,10,2023-07-04,Cancelled
7570,1568,51,2024-08-09,Delivered
7571,405,29,2023-07-25,Delivered
7572,1293,36,2024-06-15,Returned
7573,3114,17,2024-06-28,Delivered
7574,3089,43,2022-06-11,Pending
7575,3116,10,2025-01-23,Delivered
7576,3357,18,2023-08-02,Cancelled
7577,3254,18,2024-04-07,Delivered
7578,3253,46,2024-06-11,Cancelled
7579,868,12,2022-05-08,Delivered
7580,2066,49,2022-08-29,Returned
7581,927,60,2022-07-30,Delivered
7582,225,52,2022-08-24,Returned
7583,3095,29,2025-12-17,Delivered
7584,1067,16,2025-11-07,Delivered
7585,3964,1,2022-07-15,Returned
7586,3154,13,2024-03-11,Cancelled
7587,3782,30,2024-05-23,Delivered
7588,3346,45,2023-06-17,Pending
7589,3679,27,2023-10-09,Delivered
7590,1793,43,2023-02-25,Returned
7591,1922,32,2024-06-30,Delivered
7592,1382,37,2025-12-13,Cancelled
7593,3655,16,2024-12-10,Returned
7594,3414,1,2023-08-14,Returned
7595,522,56,2024-05-20,Delivered
7596,850,29,2024-02-25,Delivered
7597,247,31,2023-09-19,Cancelled
7598,2939,31,2022-06-15,Returned
7599,1116,8,2025-08-06,Pending
7600,3363,35,2022-08-31,Cancelled
7601,807,8,2024-07-08,Delivered
7602,3892,13,2022-12-30,Delivered
7603,3772,33,2022-05-08,Cancelled
7604,3380,16,2025-10-06,Cancelled
7605,104,41,2025-04-13,Cancelled
7606,3363,47,2024-02-20,Delivered
7607,3111,35,2022-05-14,Delivered
7608,668,47,2025-04-02,Returned
7609,1389,53,2023-08-28,Cancelled
7610,3020,17,2025-12-01,Delivered
7611,563,51,2024-05-23,Pending
7612,2805,59,2023-12-08,Delivered
7613,3690,16,2022-03-16,Pending
7614,2951,36,2024-07-06,Delivered
7615,2505,13,2022-04-08,Returned
7616,1690,5,2024-12-12,Delivered
7617,2370,41,2024-07-01,Delivered
7618,3063,1,2024-10-22,Delivered
7619,3940,15,2023-11-29,Delivered
7620,3987,7,2024-03-10,Delivered
7621,269,3,2023-11-06,Delivered
7622,3836,51,2024-08-15,Pending
7623,917,26,2024-01-16,Returned
7624,1211,56,2024-11-22,Delivered
7625,2242,4,2024-06-15,Cancelled
7626,306,43,2022-11-14,Delivered
7627,1301,20,2023-04-05,Delivered
7628,3390,17,2022-03-05,Pending
7629,131,23,2023-02-27,Returned
7630,3033,11,2025-06-17,Delivered
7631,742,49,2024-05-06,Delivered
7632,150,33,2023-01-19,Pending
7633,758,38,2022-01-10,Delivered
7634,330,48,2023-09-05,Delivered
7635,3111,54,2025-10-11,Delivered
7636,3700,7,2025-10-07,Delivered
7637,3295,45,2023-12-05,Pending
7638,125,19,2022-05-28,Delivered
7639,1916,17,2025-09-14,Delivered
7640,3089,7,2025-05-13,Delivered
7641,308,14,2025-08-14,Cancelled
7642,1410,16,2024-04-23,Delivered
7643,1066,13,2024-07-25,Cancelled
7644,2943,56,2022-09-26,Returned
7645,2551,7,2023-05-26,Returned
7646,2791,37,2025-12-05,Returned
7647,3293,13,2022-09-25,Pending
7648,1244,10,2023-12-23,Delivered
7649,546,55,2023-12-25,Cancelled
7650,1673,49,2022-12-20,Delivered
7651,2367,41,2024-12-14,Returned
7652,3224,17,2023-05-13,Delivered
7653,263,36,2023-02-26,Cancelled
7654,2845,13,2023-01-04,Delivered
7655,2314,26,2025-08-28,Returned
7656,533,4,2022-11-07,Delivered
7657,417,15,2022-12-10,Delivered
7658,808,59,2025-01-07,Pending
7659,917,55,2022-03-16,Delivered
7660,487,6,2022-09-17,Returned
7661,486,31,2023-08-13,Delivered
7662,2526,6,2025-01-13,Pending
7663,474,50,2024-10-17,Delivered
7664,3224,3,2024-06-19,Cancelled
7665,717,10,2022-03-18,Delivered
7666,1673,28,2023-04-12,Delivered
7667,3706,42,2023-11-05,Delivered
7668,704,8,2023-10-07,Delivered
7669,3788,50,2025-03-09,Pending
7670,971,29,2025-11-09,Delivered
7671,2152,15,2025-10-08,Delivered
7672,3935,52,2023-06-10,Delivered
7673,3533,47,2025-09-02,Delivered
7674,3762,58,2022-10-04,Returned
7675,880,3,2023-01-21,Delivered
7676,174,33,2024-08-23,Cancelled
7677,1455,45,2024-03-10,Delivered
7678,668,58,2024-05-15,Cancelled
7679,3499,34,2025-01-23,Delivered
7680,221,39,2024-06-15,Delivered
7681,117,6,2024-10-15,Cancelled
7682,2677,39,2023-03-05,Delivered
7683,1546,42,2023-06-05,Pending
7684,864,8,2025-12-12,Pending
7685,2710,43,2024-03-10,Cancelled
7686,2925,12,2022-08-10,Delivered
7687,3041,33,2024-04-23,Returned
7688,949,16,2022-06-24,Cancelled
7689,3364,13,2024-09-22,Delivered
7690,3223,4,2024-06-13,Delivered
7691,2677,8,2023-09-17,Delivered
7692,273,20,2023-05-20,Cancelled
7693,1278,54,2024-01-14,Delivered
7694,1011,40,2024-01-06,Delivered
7695,1525,38,2025-05-29,Cancelled
7696,2569,17,2025-04-30,Delivered
7697,3099,5,2022-03-06,Delivered
7698,1635,17,2025-06-30,Cancelled
7699,3718,56,2022-05-12,Cancelled
7700,1857,43,2024-09-29,Returned
7701,186,21,2023-02-16,Pending
7702,3020,36,2023-01-18,Delivered
7703,244,55,2022-04-07,Delivered
7704,253,42,2024-07-30,Returned
7705,1383,10,2024-11-24,Delivered
7706,902,1,2025-03-09,Pending
7707,788,35,2023-05-04,Delivered
7708,3864,15,2024-08-01,Returned
7709,3171,6,2023-06-16,Delivered
7710,519,38,2022-10-14,Delivered
7711,1273,47,2025-11-13,Cancelled
7712,213,15,2025-06-20,Delivered
7713,1945,15,2025-03-19,Delivered
7714,2939,54,2024-05-23,Delivered
7715,589,11,2025-09-26,Delivered
7716,3562,38,2022-12-02,Pending
7717,1679,25,2025-01-24,Delivered
7718,2834,10,2024-10-05,Returned
7719,3292,14,2024-06-28,Pending
7720,105,26,2025-05-24,Delivered
7721,1436,49,2023-08-13,Pending
7722,377,4,2025-01-15,Delivered
7723,1597,19,2025-09-14,Returned
7724,1111,28,2023-11-13,Cancelled
7725,1390,38,2025-08-08,Delivered
7726,211,3,2023-10-03,Delivered
7727,3336,53,2025-03-02,Delivered
7728,2268,15,2025-04-20,Delivered
7729,906,32,2023-05-31,Delivered
7730,2100,53,2023-03-30,Returned
7731,3474,53,2023-05-23,Delivered
7732,881,34,2024-05-26,Delivered
7733,2969,7,2023-01-31,Delivered
7734,3661,12,2024-04-23,Delivered
7735,522,30,2023-11-22,Returned
7736,2074,19,2023-06-28,Delivered
7737,1684,56,2022-06-05,Delivered
7738,1653,3,2022-01-09,Delivered
7739,476,26,2022-09-14,Delivered
7740,1875,6,2024-06-05,Delivered
7741,3419,43,2023-06-16,Delivered
7742,1639,8,2024-03-26,Delivered
7743,3021,25,2023-10-29,Cancelled
7744,3935,27,2024-02-06,Delivered
7745,2078,6,2023-08-06,Delivered
7746,1634,42,2022-04-25,Cancelled
7747,3408,19,2023-06-18,Delivered
7748,2967,3,2022-04-10,Pending
7749,704,60,2024-09-22,Cancelled
7750,863,38,2024-04-18,Cancelled
7751,1153,38,2024-05-22,Delivered
7752,2356,41,2024-11-18,Delivered
7753,2105,41,2023-05-18,Delivered
7754,2665,7,2023-08-04,Pending
7755,3351,23,2025-10-18,Cancelled
7756,2501,26,2023-10-23,Returned
7757,1203,38,2023-01-26,Delivered
7758,2675,7,2023-11-01,Cancelled
7759,3907,24,2023-08-16,Delivered
7760,3900,59,2024-12-10,Cancelled
7761,2196,19,2025-06-12,Delivered
7762,1021,1,2023-11-13,Delivered
7763,809,34,2025-11-01,Pending
7764,286,8,2022-05-20,Cancelled
7765,2628,13,2024-07-02,Pending
7766,3661,53,2025-05-21,Returned
7767,1863,36,2022-05-24,Delivered
7768,3982,15,2025-05-30,Delivered
7769,2954,55,2023-02-02,Delivered
7770,3585,55,2023-09-24,Delivered
7771,1663,7,2025-07-19,Delivered
7772,414,40,2023-01-22,Cancelled
7773,1457,56,2022-11-10,Delivered
7774,3723,35,2025-08-22,Delivered
7775,277,15,2025-11-13,Pending
7776,2196,51,2023-11-05,Delivered
7777,2205,55,2022-10-13,Delivered
7778,40,15,2023-03-29,Delivered
7779,3517,6,2022-09-25,Delivered
7780,902,47,2022-11-08,Cancelled
7781,3444,38,2023-05-02,Delivered
7782,2149,36,2025-01-29,Pending
7783,2776,19,2023-09-06,Delivered
7784,1936,34,2025-06-23,Delivered
7785,1179,59,2025-12-02,Pending
7786,1054,54,2022-01-04,Delivered
7787,923,7,2024-06-01,Pending
7788,3046,35,2025-09-01,Delivered
7789,2446,32,2023-11-08,Delivered
7790,3360,36,2023-12-09,Delivered
7791,1985,7,2025-01-14,Returned
7792,2614,23,2022-04-14,Returned
7793,1103,48,2024-11-27,Cancelled
7794,1070,5,2025-07-12,Pending
7795,241,20,2025-12-25,Delivered
7796,3689,60,2022-03-31,Pending
7797,1848,34,2023-04-08,Delivered
7798,1164,41,2023-04-14,Delivered
7799,174,36,2024-08-29,Pending
7800,3762,12,2025-12-06,Delivered
7801,2370,43,2023-04-09,Delivered
7802,1612,45,2023-12-08,Delivered
7803,2267,43,2025-08-27,Returned
7804,3075,4,2025-10-07,Delivered
7805,1273,57,2023-09-19,Returned
7806,1599,16,2024-11-23,Delivered
7807,1086,15,2022-12-19,Returned
7808,660,33,2025-06-19,Pending
7809,3063,6,2025-10-19,Delivered
7810,545,44,2024-07-04,Delivered
7811,3809,42,2024-11-06,Pending
7812,1509,57,2025-03-20,Delivered
7813,3951,13,2023-07-22,Delivered
7814,1549,23,2023-08-22,Cancelled
7815,2946,47,2024-09-29,Delivered
7816,1023,30,2025-04-21,Returned
7817,3715,26,2024-10-08,Delivered
7818,3311,27,2023-11-22,Delivered
7819,3988,33,2024-07-27,Pending
7820,1702,2,2023-08-21,Delivered
7821,443,10,2022-05-28,Pending
7822,3433,28,2024-04-27,Returned
7823,1065,26,2024-11-29,Pending
7824,2620,49,2023-07-02,Delivered
7825,709,53,2023-09-03,Delivered
7826,1183,21,2024-01-27,Delivered
7827,3610,37,2025-11-27,Returned
7828,674,40,2023-11-05,Cancelled
7829,1023,53,2025-05-02,Returned
7830,2157,24,2024-08-30,Pending
7831,3595,58,2025-04-01,Delivered
7832,2869,6,2025-05-01,Pending
7833,2075,13,2023-11-17,Returned
7834,24,13,2022-09-06,Returned
7835,3523,1,2022-01-07,Pending
7836,3154,60,2025-09-08,Delivered
7837,1509,16,2024-09-27,Delivered
7838,3004,5,2024-09-06,Delivered
7839,1770,26,2023-03-28,Returned
7840,1542,17,2024-08-10,Delivered
7841,42,36,2025-11-06,Delivered
7842,1523,54,2024-01-29,Delivered
7843,2273,39,2024-12-01,Returned
7844,1519,48,2025-02-17,Pending
7845,607,13,2023-09-15,Delivered
7846,397,50,2024-12-02,Returned
7847,972,20,2023-02-12,Pending
7848,84,10,2022-08-28,Cancelled
7849,1224,50,2022-10-28,Delivered
7850,2052,11,2025-01-05,Pending
7851,3199,8,2022-02-13,Delivered
7852,3307,13,2025-05-14,Delivered
7853,3367,40,2022-01-19,Cancelled
7854,1121,13,2025-07-10,Cancelled
7855,1016,38,2022-11-25,Returned
7856,62,53,2025-04-07,Pending
7857,1414,51,2025-12-29,Returned
7858,508,26,2022-03-13,Delivered
7859,532,7,2023-03-31,Delivered
7860,2799,11,2025-06-07,Cancelled
7861,2925,60,2025-04-15,Delivered
7862,1065,30,2023-01-05,Delivered
7863,2497,56,2022-07-30,Delivered
7864,2666,54,2023-07-22,Delivered
7865,228,10,2024-05-10,Delivered
7866,1815,22,2022-11-21,Returned
7867,139,48,2023-06-24,Delivered
7868,3095,3,2024-04-04,Pending
7869,1574,36,2025-08-29,Returned
7870,2473,41,2022-10-21,Delivered
7871,3144,36,2022-03-13,Delivered
7872,1134,46,2022-09-17,Pending
7873,2143,7,2025-12-25,Delivered
7874,3065,15,2025-09-23,Delivered
7875,819,47,2025-12-20,Cancelled
7876,298,48,2022-02-26,Delivered
7877,919,36,2025-12-27,Pending
7878,3096,38,2023-09-06,Delivered
7879,2646,56,2022-02-12,Pending
7880,1152,9,2022-03-18,Delivered
7881,3287,30,2022-08-10,Delivered
7882,653,8,2023-08-17,Delivered
7883,2867,31,2025-02-11,Returned
7884,1177,52,2024-03-31,Delivered
7885,241,58,2022-01-07,Cancelled
7886,1203,25,2025-08-11,Delivered
7887,1120,58,2023-12-01,Delivered
7888,3178,58,2025-09-24,Pending
7889,3131,29,2023-06-23,Delivered
7890,1202,13,2022-11-21,Delivered
7891,1212,33,2023-03-26,Delivered
7892,1971,54,2025-02-21,Returned
7893,3065,1,2024-07-09,Delivered
7894,18,38,2022-08-24,Delivered
7895,3228,46,2024-03-18,Delivered
7896,2309,24,2025-01-08,Delivered
7897,3456,57,2022-11-21,Delivered
7898,612,46,2024-01-31,Pending
7899,3905,21,2023-08-02,Delivered
7900,2433,53,2025-08-01,Returned
7901,2619,3,2023-12-20,Delivered
7902,2754,55,2024-06-21,Delivered
7903,1456,30,2025-01-31,Delivered
7904,1690,41,2024-11-22,Pending
7905,3605,55,2022-09-27,Returned
7906,3223,26,2022-05-27,Cancelled
7907,3077,16,2024-10-13,Delivered
7908,1684,29,2023-03-28,Delivered
7909,450,50,2023-11-08,Delivered
7910,198,43,2022-12-11,Delivered
7911,1807,48,2022-12-01,Delivered
7912,61,13,2024-12-27,Cancelled
7913,751,31,2023-04-12,Cancelled
7914,2974,5,2024-12-13,Returned
7915,505,33,2025-01-12,Delivered
7916,143,30,2023-06-19,Delivered
7917,3769,34,2023-10-31,Returned
7918,1357,55,2024-09-04,Cancelled
7919,2024,27,2022-09-20,Delivered
7920,418,35,2025-08-06,Pending
7921,2196,17,2023-05-16,Cancelled
7922,2167,34,2022-11-23,Returned
7923,1473,45,2023-04-27,Pending
7924,648,6,2023-11-21,Delivered
7925,2350,46,2022-02-25,Delivered
7926,2112,17,2022-03-16,Pending
7927,3670,24,2025-09-10,Returned
7928,2294,54,2024-01-29,Delivered
7929,1268,43,2025-07-29,Returned
7930,3290,32,2023-05-08,Pending
7931,145,7,2023-02-24,Returned
7932,1616,30,2024-03-31,Delivered
7933,3099,28,2025-01-03,Delivered
7934,3050,19,2023-04-06,Delivered
7935,1443,29,2024-07-26,Returned
7936,3717,11,2023-01-31,Pending
7937,1011,29,2022-10-01,Cancelled
7938,1287,17,2022-04-02,Pending
7939,3218,51,2024-09-15,Pending
7940,1802,16,2023-08-22,Delivered
7941,1674,23,2023-09-11,Pending
7942,3253,59,2022-05-16,Delivered
7943,2830,58,2023-12-31,Delivered
7944,3409,41,2025-08-09,Delivered
7945,2777,51,2025-01-03,Cancelled
7946,1339,15,2023-06-24,Delivered
7947,3228,44,2023-01-04,Cancelled
7948,599,12,2025-09-13,Cancelled
7949,3567,32,2025-01-30,Returned
7950,855,2,2023-01-07,Delivered
7951,1927,21,2025-09-22,Delivered
7952,3936,22,2025-10-26,Pending
7953,2958,5,2023-04-16,Pending
7954,2849,24,2023-02-06,Cancelled
7955,3936,48,2025-04-03,Delivered
7956,356,38,2023-03-11,Cancelled
7957,3448,31,2022-06-13,Delivered
7958,1636,40,2023-06-21,Delivered
7959,3373,11,2022-09-04,Pending
7960,3089,20,2022-08-26,Delivered
7961,1621,45,2024-04-25,Delivered
7962,3387,6,2022-01-03,Returned
7963,549,9,2025-07-30,Delivered
7964,298,43,2022-02-28,Cancelled
7965,349,52,2022-07-31,Delivered
7966,3160,51,2024-11-04,Delivered
7967,127,53,2024-01-14,Delivered
7968,1414,3,2023-09-23,Delivered
7969,1170,3,2025-02-25,Delivered
7970,1963,18,2025-05-03,Delivered
7971,1285,19,2024-02-02,Delivered
7972,344,43,2025-12-29,Returned
7973,2771,7,2025-06-08,Pending
7974,2286,45,2022-08-14,Delivered
7975,370,58,2025-03-25,Delivered
7976,2954,32,2022-09-01,Delivered
7977,24,13,2024-01-30,Returned
7978,1265,33,2024-06-01,Cancelled
7979,3444,10,2023-04-24,Delivered
7980,1155,14,2022-10-08,Cancelled
7981,982,15,2023-01-21,Delivered
7982,1639,25,2022-11-12,Delivered
7983,2000,58,2025-07-25,Pending
7984,843,17,2022-10-01,Cancelled
7985,2105,15,2025-05-09,Pending
7986,859,41,2023-11-16,Delivered
7987,3667,56,2024-06-28,Pending
7988,3351,5,2025-11-30,Delivered
7989,589,57,2024-05-17,Delivered
7990,602,59,2024-04-21,Delivered
7991,3059,30,2024-11-19,Delivered
7992,1933,14,2025-05-29,Delivered
7993,3578,48,2025-02-19,Cancelled
7994,850,11,2024-04-23,Delivered
7995,421,37,2025-10-17,Cancelled
7996,479,32,2024-10-31,Delivered
7997,2325,14,2022-11-20,Pending
7998,3520,38,2022-09-02,Delivered
7999,241,50,2025-01-13,Pending
8000,412,45,2025-02-19,Delivered
8001,1390,34,2024-05-15,Delivered
8002,247,53,2023-09-05,Delivered
8003,2287,29,2022-12-12,Cancelled
8004,3824,32,2022-04-04,Delivered
8005,1060,54,2023-11-01,Cancelled
8006,1450,1,2023-07-17,Delivered
8007,2686,47,2025-01-21,Delivered
8008,3782,35,2023-11-25,Pending
8009,476,15,2024-01-03,Returned
8010,349,53,2022-09-29,Delivered
8011,1898,32,2024-01-09,Returned
8012,1821,33,2023-03-18,Delivered
8013,849,51,2025-10-25,Cancelled
8014,3045,29,2022-10-15,Cancelled
8015,1971,30,2025-03-26,Delivered
8016,549,29,2025-04-16,Returned
8017,1121,44,2024-04-15,Returned
8018,1211,5,2023-09-27,Delivered
8019,1247,55,2024-04-06,Pending
8020,1994,1,2024-11-26,Delivered
8021,923,59,2023-06-29,Delivered
8022,2129,48,2024-10-22,Cancelled
8023,2968,5,2023-07-07,Pending
8024,2103,18,2022-01-27,Delivered
8025,3342,36,2024-12-17,Delivered
8026,3893,22,2022-02-19,Cancelled
8027,1703,49,2025-06-07,Returned
8028,3155,36,2022-06-17,Delivered
8029,139,30,2022-05-23,Pending
8030,1132,35,2023-07-20,Delivered
8031,2100,17,2022-08-06,Delivered
8032,2854,23,2022-04-01,Delivered
8033,89,48,2022-05-13,Delivered
8034,1617,34,2022-11-02,Delivered
8035,2000,46,2025-12-31,Delivered
8036,220,57,2022-09-01,Cancelled
8037,3219,47,2022-11-02,Delivered
8038,3293,35,2023-04-27,Pending
8039,3751,37,2024-07-30,Returned
8040,747,6,2023-01-10,Delivered
8041,775,52,2023-12-26,Delivered
8042,2614,48,2025-04-27,Delivered
8043,1093,16,2025-09-03,Delivered
8044,3069,50,2022-11-03,Cancelled
8045,1021,10,2023-12-10,Returned
8046,3987,38,2025-11-28,Delivered
8047,2996,21,2022-03-24,Delivered
8048,3808,30,2025-06-18,Pending
8049,1456,52,2024-09-22,Cancelled
8050,3304,57,2023-04-18,Delivered
8051,588,40,2022-12-11,Delivered
8052,2365,36,2025-05-05,Delivered
8053,704,24,2024-07-04,Pending
8054,2316,1,2025-08-22,Delivered
8055,1295,58,2024-06-11,Delivered
8056,1847,51,2024-01-06,Cancelled
8057,1821,26,2025-09-11,Delivered
8058,47,20,2023-12-22,Cancelled
8059,3923,5,2024-07-04,Returned
8060,2612,9,2023-05-28,Returned
8061,2179,51,2023-07-06,Cancelled
8062,1790,28,2023-07-01,Pending
8063,1637,58,2022-03-28,Delivered
8064,708,26,2024-03-01,Delivered
8065,2532,17,2024-11-13,Delivered
8066,3500,24,2023-01-14,Pending
8067,3075,45,2024-01-18,Delivered
8068,1398,60,2024-03-31,Delivered
8069,3654,8,2023-11-17,Cancelled
8070,3255,55,2024-01-10,Pending
8071,3487,30,2022-04-20,Delivered
8072,3309,1,2023-01-07,Delivered
8073,152,9,2023-10-15,Pending
8074,2397,27,2023-02-27,Delivered
8075,196,50,2024-06-20,Delivered
8076,3614,30,2022-10-21,Cancelled
8077,2369,18,2025-01-02,Returned
8078,1729,55,2025-12-17,Delivered
8079,3980,13,2025-09-18,Delivered
8080,64,48,2022-07-10,Pending
8081,267,59,2024-10-27,Returned
8082,3689,34,2022-08-29,Delivered
8083,3557,11,2025-09-19,Delivered
8084,2686,58,2023-07-24,Delivered
8085,3374,32,2024-01-10,Delivered
8086,2689,59,2024-05-19,Delivered
8087,1639,47,2024-09-10,Cancelled
8088,2610,9,2025-08-24,Delivered
8089,2188,41,2024-02-02,Pending
8090,3373,3,2025-08-04,Delivered
8091,2287,17,2022-09-01,Delivered
8092,2217,33,2022-01-17,Pending
8093,2313,22,2023-09-30,Cancelled
8094,1412,57,2024-10-14,Delivered
8095,123,31,2022-10-01,Delivered
8096,802,10,2022-03-25,Returned
8097,3775,6,2025-01-30,Delivered
8098,3065,8,2025-02-12,Delivered
8099,2788,48,2025-02-16,Returned
8100,3254,5,2023-11-04,Returned
8101,2961,40,2023-01-10,Cancelled
8102,23,41,2025-05-12,Cancelled
8103,211,26,2023-08-01,Returned
8104,911,18,2023-06-19,Pending
8105,3125,7,2025-11-26,Returned
8106,975,9,2024-05-25,Returned
8107,1203,44,2022-01-11,Pending
8108,3987,44,2025-03-30,Returned
8109,1898,6,2023-11-24,Delivered
8110,1566,55,2022-01-14,Pending
8111,2631,55,2025-11-20,Cancelled
8112,378,11,2023-02-11,Delivered
8113,2677,49,2025-12-24,Pending
8114,120,30,2024-08-27,Returned
8115,256,44,2023-10-22,Delivered
8116,3805,52,2022-09-19,Returned
8117,2248,58,2022-07-19,Delivered
8118,235,37,2023-10-18,Returned
8119,1546,26,2024-08-25,Cancelled
8120,1456,56,2022-06-03,Returned
8121,708,16,2025-03-22,Delivered
8122,2900,46,2023-11-20,Delivered
8123,3276,23,2022-09-30,Delivered
8124,1798,49,2023-05-13,Cancelled
8125,1475,41,2022-05-21,Pending
8126,2009,30,2025-08-17,Delivered
8127,2062,36,2025-08-04,Cancelled
8128,3751,12,2022-03-04,Returned
8129,211,14,2024-07-15,Delivered
8130,2756,8,2024-05-31,Cancelled
8131,2365,10,2025-01-21,Delivered
8132,3183,46,2024-05-21,Delivered
8133,1086,7,2022-06-11,Returned
8134,3400,30,2025-06-29,Delivered
8135,1237,27,2025-07-31,Delivered
8136,1628,22,2025-10-19,Delivered
8137,2925,6,2023-11-16,Returned
8138,2969,12,2023-11-13,Delivered
8139,298,10,2025-11-29,Delivered
8140,2939,3,2023-03-07,Delivered
8141,2699,50,2022-12-13,Delivered
8142,488,33,2024-01-30,Pending
8143,2399,37,2022-10-09,Returned
8144,2253,44,2023-11-12,Delivered
8145,2324,35,2025-03-11,Delivered
8146,3577,26,2025-02-24,Cancelled
8147,107,13,2023-03-16,Delivered
8148,1683,48,2022-08-05,Delivered
8149,1512,51,2023-03-25,Delivered
8150,2974,42,2025-11-20,Delivered
8151,2225,52,2025-12-16,Delivered
8152,3033,21,2023-10-16,Delivered
8153,79,3,2025-09-06,Returned
8154,731,6,2025-03-26,Cancelled
8155,1639,56,2023-02-13,Delivered
8156,992,41,2022-04-03,Delivered
8157,819,33,2025-11-10,Delivered
8158,3224,5,2023-08-17,Delivered
8159,2925,10,2025-03-04,Returned
8160,637,58,2025-01-20,Delivered
8161,3290,49,2024-03-24,Pending
8162,1273,55,2025-11-16,Pending
8163,308,19,2025-10-19,Delivered
8164,293,29,2023-02-01,Delivered
8165,2298,7,2023-07-10,Pending
8166,2776,23,2024-11-03,Cancelled
8167,704,12,2024-10-01,Returned
8168,1770,43,2024-07-06,Delivered
8169,507,18,2023-12-31,Cancelled
8170,1414,51,2022-08-19,Delivered
8171,1300,59,2023-05-03,Delivered
8172,1767,14,2023-05-30,Pending
8173,919,17,2025-06-22,Cancelled
8174,3220,52,2022-03-05,Delivered
8175,918,11,2025-10-10,Pending
8176,850,29,2022-08-19,Delivered
8177,3721,33,2025-12-04,Delivered
8178,859,32,2022-09-07,Delivered
8179,3843,51,2025-12-01,Returned
8180,2854,25,2024-11-20,Delivered
8181,1864,45,2025-02-08,Pending
8182,3065,51,2022-09-27,Delivered
8183,3240,39,2023-11-05,Delivered
8184,3820,44,2023-02-05,Pending
8185,2294,5,2024-09-26,Pending
8186,2310,14,2022-02-05,Delivered
8187,928,14,2025-01-10,Returned
8188,596,10,2025-05-22,Delivered
8189,3453,7,2025-05-31,Delivered
8190,1316,9,2022-05-15,Delivered
8191,120,51,2025-06-19,Delivered
8192,395,29,2023-09-08,Delivered
8193,2204,5,2022-02-08,Delivered
8194,2923,4,2025-03-08,Cancelled
8195,1280,49,2024-09-14,Returned
8196,304,11,2024-10-10,Returned
8197,315,60,2023-04-06,Delivered
8198,1566,32,2023-03-07,Returned
8199,3277,17,2022-04-07,Delivered
8200,2583,16,2025-09-29,Cancelled
8201,1538,36,2025-05-24,Delivered
8202,1862,12,2023-12-22,Cancelled
8203,3063,4,2023-10-20,Returned
8204,3282,17,2025-02-14,Delivered
8205,796,22,2025-11-13,Cancelled
8206,1286,12,2022-05-04,Delivered
8207,2967,49,2023-09-17,Delivered
8208,326,54,2022-02-16,Returned
8209,802,60,2024-12-13,Cancelled
8210,1203,41,2023-10-18,Cancelled
8211,3464,11,2025-11-10,Pending
8212,1333,27,2024-06-13,Returned
8213,1012,11,2024-10-11,Delivered
8214,3757,54,2023-07-15,Delivered
8215,2946,54,2024-10-18,Delivered
8216,1568,19,2025-10-14,Cancelled
8217,2619,11,2025-06-20,Pending
8218,2441,11,2025-12-16,Delivered
8219,2776,2,2025-06-05,Delivered
8220,3378,27,2023-12-31,Delivered
8221,3355,23,2024-08-24,Delivered
8222,2494,49,2023-08-31,Delivered
8223,2964,46,2025-01-14,Delivered
8224,925,11,2023-12-07,Delivered
8225,1546,5,2025-12-22,Cancelled
8226,120,50,2024-05-27,Delivered
8227,1560,6,2025-02-23,Returned
8228,1260,15,2023-05-28,Delivered
8229,1006,6,2024-05-06,Pending
8230,3088,60,2025-01-14,Delivered
8231,1422,50,2025-03-18,Cancelled
8232,860,23,2023-09-16,Delivered
8233,2816,31,2024-06-17,Pending
8234,1172,9,2022-03-05,Delivered
8235,3015,19,2023-05-31,Delivered
8236,3008,58,2022-08-18,Pending
8237,190,32,2024-12-27,Pending
8238,2534,53,2024-09-20,Pending
8239,3434,34,2025-08-27,Delivered
8240,1057,56,2023-07-03,Cancelled
8241,3624,36,2025-04-27,Delivered
8242,1449,35,2025-09-24,Pending
8243,1896,2,2024-12-22,Cancelled
8244,701,55,2023-09-10,Returned
8245,228,11,2023-01-23,Pending
8246,3557,43,2025-06-15,Returned
8247,1592,37,2025-02-11,Cancelled
8248,2115,53,2025-03-31,Delivered
8249,1583,27,2023-05-02,Cancelled
8250,1282,26,2022-11-19,Delivered
8251,2791,43,2025-05-02,Pending
8252,2615,1,2022-11-22,Cancelled
8253,3225,57,2023-04-26,Cancelled
8254,3824,59,2022-08-01,Delivered
8255,1679,46,2023-09-19,Delivered
8256,79,26,2024-09-29,Delivered
8257,1520,6,2023-09-01,Pending
8258,2353,1,2024-11-03,Pending
8259,1539,60,2022-11-22,Pending
8260,2990,17,2025-01-06,Returned
8261,3132,33,2023-07-14,Pending
8262,3351,9,2025-03-04,Delivered
8263,1788,25,2022-11-04,Delivered
8264,995,53,2022-10-28,Delivered
8265,503,51,2023-03-23,Delivered
8266,3189,43,2024-11-08,Returned
8267,2117,28,2025-10-07,Delivered
8268,3480,14,2022-05-06,Delivered
8269,3779,8,2023-03-13,Cancelled
8270,657,13,2023-04-10,Delivered
8271,2367,16,2023-05-30,Delivered
8272,1527,3,2024-08-14,Pending
8273,3702,13,2024-06-10,Delivered
8274,3645,1,2023-03-15,Delivered
8275,3203,35,2025-09-28,Delivered
8276,1149,24,2023-07-05,Delivered
8277,1470,47,2024-12-21,Returned
8278,929,60,2023-07-02,Delivered
8279,2780,9,2024-03-17,Delivered
8280,3485,1,2022-05-17,Delivered
8281,3065,19,2025-03-24,Cancelled
8282,3699,46,2025-08-04,Delivered
8283,112,33,2022-12-13,Delivered
8284,2634,16,2023-07-22,Cancelled
8285,440,20,2025-08-29,Delivered
8286,2015,5,2022-01-20,Pending
8287,2385,47,2025-12-31,Delivered
8288,3089,21,2025-05-09,Delivered
8289,1390,12,2025-10-05,Delivered
8290,143,55,2025-10-10,Cancelled
8291,156,59,2023-08-25,Returned
8292,3412,57,2023-06-22,Delivered
8293,846,21,2024-04-19,Pending
8294,1013,31,2022-05-30,Returned
8295,542,1,2023-12-25,Delivered
8296,2450,10,2022-11-14,Delivered
8297,808,20,2024-02-22,Pending
8298,4,4,2025-08-03,Delivered
8299,2250,40,2024-01-31,Returned
8300,2269,30,2024-09-17,Cancelled
8301,3011,21,2025-11-30,Delivered
8302,3254,46,2023-12-01,Delivered
8303,266,57,2025-08-19,Pending
8304,3203,14,2024-05-21,Delivered
8305,2765,14,2025-03-16,Delivered
8306,2925,3,2022-12-09,Cancelled
8307,303,31,2022-02-12,Pending
8308,3539,53,2022-06-09,Cancelled
8309,2291,6,2023-04-14,Delivered
8310,190,26,2022-01-04,Delivered
8311,2582,14,2025-03-27,Delivered
8312,143,42,2025-09-06,Delivered
8313,3076,20,2025-11-06,Delivered
8314,2172,25,2022-02-23,Cancelled
8315,1768,59,2023-12-15,Delivered
8316,3380,58,2023-12-30,Delivered
8317,2371,24,2022-09-08,Delivered
8318,549,3,2025-05-05,Returned
8319,1994,55,2022-04-20,Delivered
8320,3111,4,2023-08-19,Delivered
8321,1939,8,2024-07-04,Delivered
8322,3683,45,2024-05-23,Delivered
8323,2898,21,2023-06-14,Delivered
8324,1822,15,2022-07-04,Delivered
8325,2085,36,2025-02-17,Delivered
8326,464,19,2022-05-15,Returned
8327,24,41,2024-10-30,Delivered
8328,2385,55,2025-06-24,Delivered
8329,100,42,2023-10-06,Cancelled
8330,3507,12,2025-06-15,Pending
8331,3922,36,2025-08-28,Returned
8332,139,42,2022-02-03,Pending
8333,3969,52,2022-08-03,Cancelled
8334,2607,56,2025-12-14,Delivered
8335,1863,45,2023-12-07,Delivered
8336,1797,53,2022-11-25,Delivered
8337,74,53,2023-03-29,Returned
8338,1539,52,2022-12-28,Delivered
8339,3485,2,2024-08-09,Cancelled
8340,3193,54,2025-03-20,Cancelled
8341,2486,13,2024-01-22,Cancelled
8342,3650,24,2024-08-17,Delivered
8343,3075,58,2025-08-27,Delivered
8344,1294,29,2024-08-05,Delivered
8345,822,32,2024-08-16,Delivered
8346,2849,43,2025-07-22,Delivered
8347,3021,7,2023-09-30,Cancelled
8348,1111,38,2024-03-19,Delivered
8349,146,2,2024-05-04,Cancelled
8350,2614,52,2022-01-19,Delivered
8351,2397,26,2025-10-24,Delivered
8352,1848,54,2025-02-24,Delivered
8353,2816,30,2022-03-17,Delivered
8354,2167,35,2025-04-22,Delivered
8355,630,54,2025-08-28,Delivered
8356,2703,45,2022-12-11,Delivered
8357,1821,58,2025-01-09,Pending
8358,1143,31,2023-06-10,Delivered
8359,24,7,2022-01-25,Pending
8360,809,49,2024-05-02,Delivered
8361,630,59,2022-04-29,Delivered
8362,3066,54,2024-02-09,Delivered
8363,630,24,2024-02-17,Delivered
8364,387,22,2023-04-30,Pending
8365,1790,36,2024-05-15,Delivered
8366,1720,51,2025-10-29,Returned
8367,3505,41,2024-10-28,Cancelled
8368,507,20,2025-05-26,Delivered
8369,1071,22,2023-05-13,Delivered
8370,286,28,2022-01-27,Cancelled
8371,1831,14,2023-02-24,Delivered
8372,429,12,2025-03-13,Delivered
8373,3805,2,2022-03-09,Delivered
8374,2619,6,2024-08-07,Returned
8375,919,58,2022-07-13,Delivered
8376,2503,20,2025-09-08,Delivered
8377,498,6,2022-03-07,Cancelled
8378,938,16,2024-10-18,Delivered
8379,1273,32,2024-09-12,Cancelled
8380,547,27,2025-12-16,Returned
8381,2423,30,2022-09-03,Cancelled
8382,1511,20,2023-10-06,Cancelled
8383,1510,8,2025-01-18,Cancelled
8384,863,40,2023-02-20,Delivered
8385,3363,23,2024-05-13,Delivered
8386,1158,4,2025-12-10,Delivered
8387,3160,45,2023-02-18,Pending
8388,1006,6,2025-05-16,Delivered
8389,1155,50,2025-09-22,Delivered
8390,1974,10,2022-11-15,Delivered
8391,2441,51,2024-07-11,Pending
8392,3363,51,2025-07-01,Cancelled
8393,1678,45,2024-04-11,Cancelled
8394,1296,25,2022-08-29,Returned
8395,3288,35,2023-01-03,Delivered
8396,3146,33,2025-04-16,Cancelled
8397,1168,36,2023-03-22,Delivered
8398,3430,6,2024-07-04,Pending
8399,2297,45,2022-06-18,Delivered
8400,3927,53,2022-08-17,Delivered
8401,691,60,2023-03-30,Returned
8402,929,7,2024-09-17,Cancelled
8403,1593,48,2022-08-21,Pending
8404,1768,53,2023-01-29,Returned
8405,1898,47,2024-12-15,Delivered
8406,2713,38,2024-08-02,Pending
8407,2877,47,2024-04-15,Delivered
8408,3629,44,2025-11-21,Delivered
8409,2083,28,2025-03-22,Delivered
8410,120,24,2023-11-04,Delivered
8411,2974,35,2022-05-03,Cancelled
8412,3298,17,2022-05-22,Delivered
8413,474,43,2022-01-22,Delivered
8414,2420,11,2023-04-13,Delivered
8415,1255,12,2024-09-14,Delivered
8416,1577,55,2022-04-01,Delivered
8417,3583,45,2024-12-28,Delivered
8418,973,18,2022-04-10,Delivered
8419,3444,58,2024-01-27,Delivered
8420,2363,1,2023-08-02,Delivered
8421,986,4,2023-10-13,Cancelled
8422,3707,47,2022-03-23,Pending
8423,589,22,2022-02-15,Delivered
8424,1170,43,2025-11-28,Delivered
8425,176,13,2022-09-23,Cancelled
8426,2267,32,2025-01-21,Delivered
8427,3105,10,2023-11-15,Delivered
8428,3224,13,2022-12-28,Delivered
8429,802,51,2023-08-28,Delivered
8430,3383,36,2025-03-05,Pending
8431,1731,8,2022-05-04,Pending
8432,917,10,2024-03-22,Delivered
8433,1334,44,2022-01-19,Cancelled
8434,1762,19,2024-06-04,Delivered
8435,1749,28,2023-01-11,Delivered
8436,2099,39,2022-08-20,Delivered
8437,3648,57,2024-10-14,Returned
8438,2935,28,2022-09-09,Delivered
8439,1252,6,2024-05-26,Cancelled
8440,636,39,2025-10-27,Returned
8441,2399,53,2023-03-02,Cancelled
8442,3467,44,2022-01-06,Delivered
8443,2788,4,2022-06-27,Delivered
8444,668,50,2023-02-01,Cancelled
8445,1007,49,2024-09-30,Cancelled
8446,3428,43,2023-11-08,Pending
8447,3542,7,2023-08-29,Delivered
8448,1570,5,2024-06-04,Delivered
8449,1096,26,2022-02-02,Delivered
8450,656,15,2024-02-22,Pending
8451,1779,1,2023-01-31,Returned
8452,3773,11,2022-06-12,Delivered
8453,3843,60,2022-10-18,Delivered
8454,1181,17,2025-12-24,Returned
8455,23,33,2023-08-07,Delivered
8456,889,36,2022-03-11,Cancelled
8457,23,35,2023-02-22,Delivered
8458,726,1,2022-05-06,Pending
8459,3489,22,2024-05-21,Delivered
8460,1280,45,2023-11-21,Pending
8461,1176,53,2023-08-20,Cancelled
8462,1271,59,2025-03-15,Delivered
8463,145,22,2022-12-22,Delivered
8464,3647,2,2022-01-22,Delivered
8465,3351,22,2024-12-09,Delivered
8466,2132,46,2022-05-13,Delivered
8467,1106,28,2025-06-06,Delivered
8468,2236,54,2025-04-13,Delivered
8469,1247,60,2025-02-10,Delivered
8470,1785,36,2022-08-21,Delivered
8471,436,29,2023-03-27,Delivered
8472,3360,57,2022-08-22,Delivered
8473,1071,20,2024-10-17,Delivered
8474,3685,14,2023-10-07,Delivered
8475,2044,17,2025-05-15,Delivered
8476,659,60,2022-07-09,Delivered
8477,3500,59,2022-06-25,Delivered
8478,944,1,2025-06-05,Delivered
8479,3045,7,2024-07-09,Returned
8480,22,28,2022-06-25,Pending
8481,3203,17,2022-07-02,Pending
8482,117,4,2024-07-15,Returned
8483,3688,51,2022-11-09,Delivered
8484,2163,11,2024-04-28,Delivered
8485,656,1,2024-03-05,Pending
8486,3011,14,2024-11-01,Delivered
8487,932,53,2025-02-14,Pending
8488,889,8,2025-02-08,Delivered
8489,3787,51,2023-08-22,Pending
8490,2787,43,2023-09-04,Returned
8491,3637,15,2025-02-18,Pending
8492,3859,4,2022-01-19,Returned
8493,1100,58,2024-04-27,Cancelled
8494,73,26,2025-01-03,Pending
8495,2192,33,2023-04-19,Returned
8496,1515,48,2024-07-22,Delivered
8497,2150,23,2025-11-09,Pending
8498,1690,47,2023-03-23,Delivered
8499,857,24,2022-09-13,Returned
8500,1637,19,2025-11-01,Delivered
8501,1649,53,2022-02-21,Delivered
8502,1087,57,2025-04-03,Returned
8503,1412,55,2024-09-03,Cancelled
8504,3305,12,2024-06-15,Delivered
8505,2694,19,2024-07-10,Cancelled
8506,1295,35,2025-08-23,Delivered
8507,1284,39,2022-05-27,Delivered
8508,3111,1,2025-08-06,Cancelled
8509,1982,18,2024-02-05,Pending
8510,312,49,2023-10-21,Delivered
8511,827,53,2023-08-25,Returned
8512,2614,18,2024-10-12,Returned
8513,1754,60,2023-01-19,Delivered
8514,1023,48,2023-04-14,Delivered
8515,3167,15,2023-08-02,Cancelled
8516,3996,51,2025-03-25,Returned
8517,1407,14,2025-04-29,Pending
8518,2771,55,2023-05-11,Delivered
8519,64,58,2025-01-12,Delivered
8520,340,23,2025-05-13,Pending
8521,3374,20,2022-12-12,Delivered
8522,2512,2,2025-06-10,Delivered
8523,3501,40,2025-10-08,Delivered
8524,3286,11,2024-07-11,Cancelled
8525,2271,3,2024-12-16,Delivered
8526,1237,47,2023-03-09,Delivered
8527,1639,4,2023-01-09,Delivered
8528,33,33,2025-08-20,Delivered
8529,2204,48,2024-02-19,Pending
8530,1674,22,2024-09-19,Cancelled
8531,3783,52,2022-06-30,Delivered
8532,1509,44,2024-06-19,Cancelled
8533,210,28,2024-06-02,Delivered
8534,1111,8,2024-08-26,Pending
8535,2684,51,2024-11-13,Delivered
8536,1568,28,2022-07-27,Delivered
8537,3086,8,2025-09-30,Delivered
8538,1621,19,2023-08-02,Pending
8539,1295,7,2024-10-03,Returned
8540,2339,11,2023-12-10,Pending
8541,1577,28,2023-03-19,Delivered
8542,2270,27,2024-07-19,Delivered
8543,3883,9,2024-02-04,Returned
8544,1307,60,2025-10-20,Cancelled
8545,633,35,2024-12-06,Delivered
8546,1232,21,2025-07-17,Delivered
8547,1011,6,2025-01-29,Delivered
8548,1736,5,2022-03-01,Delivered
8549,2308,54,2023-08-02,Delivered
8550,2174,3,2022-01-07,Delivered
8551,2384,21,2023-06-22,Pending
8552,3439,39,2024-08-24,Delivered
8553,852,31,2022-05-14,Returned
8554,1576,13,2024-06-27,Delivered
8555,1896,55,2022-11-15,Delivered
8556,1449,30,2023-06-17,Delivered
8557,2530,18,2024-03-29,Delivered
8558,3889,11,2022-10-26,Delivered
8559,2756,58,2024-06-07,Pending
8560,3148,58,2025-02-13,Pending
8561,1389,1,2025-01-13,Delivered
8562,3345,41,2024-01-10,Pending
8563,1991,19,2024-04-05,Pending
8564,3011,49,2025-04-23,Delivered
8565,2505,37,2022-07-10,Delivered
8566,2365,42,2024-07-02,Delivered
8567,2464,58,2024-06-16,Delivered
8568,694,55,2023-07-21,Delivered
8569,1273,14,2024-01-22,Delivered
8570,3203,26,2025-12-22,Returned
8571,1477,48,2022-08-15,Delivered
8572,428,33,2023-08-27,Delivered
8573,1788,35,2024-05-20,Delivered
8574,3445,17,2022-05-14,Pending
8575,3864,27,2022-06-27,Cancelled
8576,2822,57,2023-02-09,Delivered
8577,2455,53,2024-09-05,Delivered
8578,3039,16,2024-05-28,Delivered
8579,971,33,2022-12-15,Delivered
8580,3378,21,2024-08-27,Pending
8581,258,49,2024-07-16,Delivered
8582,3762,14,2024-08-20,Delivered
8583,3294,55,2025-01-11,Delivered
8584,2708,36,2023-10-31,Cancelled
8585,3363,18,2022-01-17,Cancelled
8586,3457,48,2023-05-08,Delivered
8587,1969,5,2025-03-17,Pending
8588,1012,26,2025-01-14,Cancelled
8589,315,24,2024-02-02,Returned
8590,3865,16,2024-10-21,Delivered
8591,1684,29,2023-11-13,Delivered
8592,272,51,2025-06-01,Delivered
8593,154,8,2022-12-28,Cancelled
8594,589,10,2022-09-19,Delivered
8595,3349,16,2025-03-10,Delivered
8596,1273,47,2024-04-06,Returned
8597,71,14,2025-11-21,Delivered
8598,776,34,2024-12-29,Delivered
8599,1685,25,2024-01-31,Delivered
8600,1623,35,2024-07-26,Returned
8601,1958,33,2025-11-26,Delivered
8602,3968,23,2025-06-16,Delivered
8603,2264,5,2023-09-13,Delivered
8604,3310,9,2024-05-10,Cancelled
8605,75,13,2025-01-22,Delivered
8606,1099,20,2022-06-02,Returned
8607,1273,11,2023-01-09,Pending
8608,557,27,2023-11-13,Delivered
8609,802,59,2023-08-21,Delivered
8610,1141,48,2022-02-09,Pending
8611,3310,10,2022-09-12,Delivered
8612,1821,40,2024-04-10,Pending
8613,3004,43,2022-03-19,Pending
8614,3378,59,2024-04-16,Delivered
8615,186,9,2025-10-07,Pending
8616,3873,43,2025-05-12,Delivered
8617,3210,18,2023-11-24,Pending
8618,464,24,2022-02-11,Delivered
8619,3865,13,2025-06-02,Cancelled
8620,2185,49,2025-07-13,Delivered
8621,3919,34,2023-12-17,Pending
8622,1872,9,2024-01-04,Delivered
8623,1963,58,2022-11-24,Returned
8624,2779,24,2025-05-25,Delivered
8625,3865,50,2023-07-08,Delivered
8626,688,15,2022-09-08,Delivered
8627,1735,31,2022-03-01,Delivered
8628,1690,40,2024-12-29,Returned
8629,3892,9,2022-04-10,Pending
8630,111,32,2023-10-16,Cancelled
8631,3117,9,2025-12-14,Delivered
8632,2351,45,2022-05-20,Delivered
8633,1273,59,2022-10-23,Delivered
8634,1167,3,2025-08-21,Returned
8635,1943,1,2022-08-15,Delivered
8636,2808,20,2022-01-12,Delivered
8637,2646,12,2024-01-29,Delivered
8638,2306,27,2022-08-25,Pending
8639,3020,6,2024-01-04,Returned
8640,3690,53,2023-08-09,Delivered
8641,392,20,2024-10-04,Returned
8642,3055,1,2022-11-13,Delivered
8643,3613,24,2025-07-22,Cancelled
8644,2486,52,2024-07-12,Returned
8645,1737,32,2022-03-13,Pending
8646,3071,30,2023-09-28,Returned
8647,3063,41,2022-04-06,Delivered
8648,2841,27,2024-04-20,Cancelled
8649,64,53,2022-12-21,Delivered
8650,2902,31,2024-01-03,Returned
8651,3667,8,2025-03-14,Cancelled
8652,2577,34,2023-02-27,Delivered
8653,2722,53,2024-12-12,Delivered
8654,1186,35,2024-06-12,Cancelled
8655,681,25,2025-12-01,Delivered
8656,489,51,2023-09-27,Pending
8657,1924,56,2024-09-18,Delivered
8658,1958,11,2023-11-07,Delivered
8659,2598,57,2022-12-09,Pending
8660,3282,12,2022-03-05,Delivered
8661,3210,40,2025-07-21,Pending
8662,2589,6,2023-12-09,Cancelled
8663,2136,6,2024-06-19,Delivered
8664,3282,24,2025-07-17,Cancelled
8665,3878,59,2023-03-12,Delivered
8666,1855,15,2025-10-10,Delivered
8667,2157,56,2025-03-29,Pending
8668,2022,44,2025-09-07,Pending
8669,2963,45,2024-06-19,Delivered
8670,1969,32,2022-03-17,Delivered
8671,3329,31,2025-09-28,Delivered
8672,1443,34,2025-09-26,Delivered
8673,1898,58,2024-06-12,Delivered
8674,3970,60,2022-08-25,Delivered
8675,760,43,2023-07-28,Returned
8676,668,23,2022-08-10,Delivered
8677,2718,10,2023-03-03,Delivered
8678,3952,54,2022-04-04,Delivered
8679,3081,30,2024-03-14,Delivered
8680,2971,48,2022-12-30,Delivered
8681,3554,56,2023-02-27,Delivered
8682,2987,1,2025-01-18,Delivered
8683,3640,30,2023-06-29,Pending
8684,2454,37,2025-01-24,Returned
8685,3033,52,2023-03-29,Delivered
8686,1735,36,2024-12-23,Cancelled
8687,1894,32,2024-04-14,Cancelled
8688,2308,4,2025-06-13,Pending
8689,3304,2,2022-10-03,Delivered
8690,1945,4,2022-08-04,Delivered
8691,168,39,2022-04-21,Pending
8692,2441,16,2023-06-01,Pending
8693,893,48,2025-04-12,Delivered
8694,1172,1,2024-08-10,Delivered
8695,2646,17,2023-08-12,Delivered
8696,486,27,2025-01-13,Cancelled
8697,1914,51,2022-07-04,Delivered
8698,863,10,2025-03-19,Delivered
8699,2483,2,2022-09-21,Pending
8700,2939,54,2024-12-17,Delivered
8701,3315,34,2025-12-15,Delivered
8702,3648,50,2025-04-07,Cancelled
8703,3310,10,2024-02-29,Delivered
8704,1969,29,2023-05-06,Delivered
8705,1994,60,2022-06-15,Cancelled
8706,2658,31,2024-01-25,Delivered
8707,794,9,2024-03-04,Cancelled
8708,2113,40,2025-11-02,Delivered
8709,2791,54,2023-03-19,Pending
8710,1803,59,2022-08-22,Cancelled
8711,3534,19,2025-05-18,Cancelled
8712,1639,45,2024-07-01,Delivered
8713,2520,35,2022-02-17,Delivered
8714,571,18,2024-04-09,Delivered
8715,473,31,2025-03-08,Delivered
8716,2815,43,2022-02-12,Delivered
8717,3412,56,2023-02-16,Delivered
8718,3807,54,2024-08-03,Delivered
8719,247,27,2022-02-06,Delivered
8720,2643,53,2022-05-27,Cancelled
8721,2849,59,2025-12-19,Delivered
8722,2990,50,2025-12-22,Delivered
8723,3444,49,2022-06-20,Delivered
8724,3646,45,2023-09-09,Delivered
8725,2504,31,2025-01-22,Returned
8726,2688,7,2023-03-24,Delivered
8727,935,51,2022-10-27,Delivered
8728,1320,25,2023-08-16,Pending
8729,1407,8,2022-05-18,Delivered
8730,1011,12,2025-06-23,Returned
8731,522,30,2022-08-04,Cancelled
8732,1059,35,2023-09-07,Pending
8733,3308,4,2024-09-17,Pending
8734,3652,35,2023-07-21,Pending
8735,3096,59,2022-05-16,Delivered
8736,2849,19,2025-11-30,Returned
8737,3095,60,2025-12-21,Delivered
8738,2976,39,2022-04-16,Returned
8739,1679,6,2022-07-24,Cancelled
8740,385,13,2024-03-16,Returned
8741,3056,59,2024-09-03,Delivered
8742,1019,23,2024-04-17,Pending
8743,3538,30,2025-11-16,Delivered
8744,657,28,2024-11-11,Delivered
8745,1843,45,2022-09-01,Delivered
8746,3398,34,2022-11-14,Pending
8747,1418,54,2025-04-29,Cancelled
8748,3612,50,2025-05-04,Delivered
8749,1294,18,2024-04-14,Delivered
8750,2294,14,2025-10-22,Cancelled
8751,3817,40,2022-07-16,Pending
8752,2035,51,2023-11-26,Delivered
8753,795,31,2022-02-21,Returned
8754,3334,16,2024-04-27,Delivered
8755,2675,53,2025-02-28,Cancelled
8756,1467,39,2024-10-05,Delivered
8757,1546,31,2025-12-13,Cancelled
8758,2807,38,2022-09-24,Returned
8759,3557,33,2024-05-30,Delivered
8760,3341,40,2024-08-23,Returned
8761,3478,60,2022-05-09,Returned
8762,2441,60,2024-12-07,Cancelled
8763,429,34,2025-10-01,Delivered
8764,504,52,2025-08-26,Delivered
8765,3988,30,2024-02-25,Pending
8766,408,5,2022-04-19,Delivered
8767,868,58,2022-10-24,Delivered
8768,1933,60,2023-08-18,Delivered
8769,811,16,2024-10-02,Delivered
8770,2028,23,2023-12-02,Pending
8771,3343,44,2022-03-31,Delivered
8772,1321,17,2022-01-27,Returned
8773,1649,27,2022-03-25,Pending
8774,1525,41,2023-08-05,Delivered
8775,3412,50,2022-03-08,Delivered
8776,3878,17,2025-02-13,Delivered
8777,1503,30,2022-04-03,Cancelled
8778,3099,14,2022-09-03,Pending
8779,96,44,2025-10-16,Pending
8780,2678,35,2024-12-20,Delivered
8781,2990,44,2023-06-27,Delivered
8782,1509,22,2024-09-20,Cancelled
8783,3693,49,2025-05-27,Delivered
8784,224,16,2022-05-06,Delivered
8785,143,32,2024-02-12,Delivered
8786,3111,35,2023-02-06,Pending
8787,713,12,2022-12-06,Cancelled
8788,2702,31,2022-04-01,Delivered
8789,3154,60,2023-12-21,Cancelled
8790,1650,21,2025-03-03,Delivered
8791,1359,42,2025-05-17,Pending
8792,3360,9,2025-11-03,Cancelled
8793,145,42,2025-01-08,Pending
8794,998,26,2024-05-24,Delivered
8795,1652,11,2022-05-25,Delivered
8796,1649,27,2025-03-01,Delivered
8797,1673,19,2024-10-28,Delivered
8798,2288,22,2024-06-13,Delivered
8799,2712,56,2022-07-12,Returned
8800,2780,11,2022-07-17,Delivered
8801,3485,40,2024-02-19,Delivered
8802,2136,42,2024-11-14,Delivered
8803,1648,45,2025-02-06,Delivered
8804,1931,9,2024-07-15,Delivered
8805,2552,7,2022-11-11,Cancelled
8806,1344,57,2024-06-01,Pending
8807,3691,41,2025-08-28,Cancelled
8808,1871,39,2023-08-20,Cancelled
8809,3023,35,2024-02-09,Delivered
8810,1212,37,2025-10-09,Returned
8811,3961,10,2023-06-25,Cancelled
8812,1690,53,2024-03-22,Delivered
8813,1888,20,2025-04-10,Delivered
8814,2061,40,2023-05-21,Pending
8815,169,21,2023-03-31,Cancelled
8816,2619,37,2023-08-10,Pending
8817,3754,30,2025-11-20,Delivered
8818,2929,46,2022-11-27,Delivered
8819,3093,29,2022-09-30,Pending
8820,899,2,2025-01-11,Delivered
8821,154,16,2023-06-26,Pending
8822,1694,1,2022-11-03,Returned
8823,3739,45,2023-11-02,Delivered
8824,2492,26,2023-02-10,Cancelled
8825,3410,12,2022-06-30,Delivered
8826,3862,17,2022-11-10,Delivered
8827,1998,33,2023-09-14,Pending
8828,1945,56,2025-02-14,Pending
8829,3058,23,2023-06-02,Pending
8830,1560,17,2023-03-30,Delivered
8831,1869,38,2022-05-02,Pending
8832,2969,31,2024-02-26,Delivered
8833,2448,46,2023-06-02,Delivered
8834,198,36,2024-04-23,Delivered
8835,1001,17,2024-05-14,Delivered
8836,949,7,2023-12-27,Delivered
8837,3065,42,2024-02-17,Delivered
8838,1548,4,2023-07-30,Pending
8839,2641,5,2023-09-26,Delivered
8840,3042,57,2025-08-04,Returned
8841,2188,40,2023-04-24,Delivered
8842,3689,31,2023-10-11,Delivered
8843,1318,1,2023-04-27,Delivered
8844,652,58,2022-08-14,Delivered
8845,1193,15,2023-01-28,Delivered
8846,3605,47,2024-03-15,Returned
8847,2754,11,2023-05-21,Delivered
8848,1287,37,2022-07-30,Delivered
8849,704,40,2025-04-15,Delivered
8850,3605,51,2023-01-30,Delivered
8851,401,47,2025-09-18,Pending
8852,95,31,2022-06-26,Returned
8853,65,28,2024-10-26,Cancelled
8854,1699,20,2025-10-09,Cancelled
8855,1374,50,2022-03-24,Delivered
8856,112,24,2024-06-09,Delivered
8857,1009,43,2023-12-04,Delivered
8858,2308,6,2024-07-31,Pending
8859,3369,39,2023-01-12,Delivered
8860,368,49,2025-01-17,Delivered
8861,2664,4,2022-02-16,Delivered
8862,531,54,2024-11-14,Cancelled
8863,3085,41,2022-11-23,Delivered
8864,1896,60,2024-03-29,Cancelled
8865,1600,30,2023-01-26,Delivered
8866,2234,7,2024-05-28,Returned
8867,2079,22,2024-12-07,Delivered
8868,1585,23,2024-01-09,Delivered
8869,1294,14,2022-08-16,Returned
8870,1760,47,2025-06-19,Delivered
8871,3559,29,2025-12-06,Cancelled
8872,3825,28,2024-10-24,Delivered
8873,571,38,2024-07-31,Returned
8874,405,49,2022-11-06,Delivered
8875,3353,6,2025-06-09,Delivered
8876,247,5,2024-04-10,Delivered
8877,1544,7,2025-10-26,Delivered
8878,2859,26,2024-09-07,Delivered
8879,2448,41,2023-09-03,Pending
8880,1532,9,2024-11-25,Returned
8881,2005,50,2025-06-09,Delivered
8882,2619,17,2022-07-30,Delivered
8883,324,38,2022-04-04,Cancelled
8884,1845,26,2024-10-15,Delivered
8885,2832,29,2024-06-09,Cancelled
8886,2303,36,2025-11-18,Returned
8887,3412,48,2024-01-09,Delivered
8888,269,21,2025-10-07,Delivered
8889,1659,52,2023-12-25,Pending
8890,3987,58,2022-02-04,Delivered
8891,1906,53,2025-09-29,Pending
8892,630,32,2025-08-27,Cancelled
8893,2756,18,2024-01-09,Returned
8894,171,35,2022-03-12,Delivered
8895,2021,5,2022-03-22,Delivered
8896,927,20,2022-06-09,Cancelled
8897,1590,21,2024-03-22,Pending
8898,3032,20,2023-04-02,Pending
8899,1267,51,2023-11-30,Delivered
8900,2268,43,2022-01-28,Delivered
8901,2457,28,2024-04-10,Cancelled
8902,436,32,2022-12-06,Pending
8903,681,55,2024-10-30,Pending
8904,909,48,2025-10-11,Delivered
8905,3422,50,2022-06-27,Delivered
8906,671,55,2023-04-04,Returned
8907,3351,46,2023-01-26,Cancelled
8908,1247,33,2025-05-06,Delivered
8909,957,48,2025-06-24,Pending
8910,2630,40,2023-10-12,Returned
8911,1063,50,2025-11-20,Delivered
8912,3485,35,2025-12-20,Delivered
8913,1583,49,2025-03-10,Returned
8914,3253,34,2025-01-18,Pending
8915,850,59,2022-12-29,Pending
8916,160,3,2025-03-22,Returned
8917,1196,36,2023-06-26,Returned
8918,3120,34,2024-05-03,Delivered
8919,747,58,2025-10-23,Delivered
8920,3824,31,2023-07-26,Pending
8921,3592,51,2022-04-27,Returned
8922,1640,44,2022-04-30,Returned
8923,3634,32,2025-09-27,Cancelled
8924,3363,56,2024-07-19,Cancelled
8925,1634,49,2023-07-20,Pending
8926,3688,29,2022-10-02,Pending
8927,3776,44,2023-05-02,Cancelled
8928,635,16,2024-12-03,Delivered
8929,2079,19,2023-07-22,Delivered
8930,433,18,2024-07-01,Delivered
8931,2632,12,2025-09-21,Cancelled
8932,1105,59,2023-02-21,Delivered
8933,2308,22,2023-09-09,Cancelled
8934,1130,18,2023-06-28,Cancelled
8935,1022,59,2024-08-19,Delivered
8936,2788,3,2023-12-13,Delivered
8937,1452,39,2024-03-11,Delivered
8938,450,60,2023-12-19,Returned
8939,883,26,2022-03-26,Delivered
8940,580,38,2022-12-27,Delivered
8941,375,59,2022-10-24,Delivered
8942,2188,29,2022-05-29,Cancelled
8943,1148,60,2022-12-23,Cancelled
8944,3512,5,2023-01-03,Cancelled
8945,645,16,2022-09-22,Returned
8946,1065,43,2023-04-16,Delivered
8947,2272,60,2022-08-14,Delivered
8948,306,18,2022-04-15,Delivered
8949,1221,57,2022-08-14,Delivered
8950,1168,1,2022-09-14,Delivered
8951,3772,25,2023-07-25,Cancelled
8952,522,7,2022-03-05,Returned
8953,1862,52,2025-12-30,Returned
8954,2657,7,2025-05-25,Delivered
8955,2834,19,2025-12-03,Cancelled
8956,1168,18,2022-07-28,Pending
8957,726,9,2024-07-12,Delivered
8958,322,41,2025-10-14,Cancelled
8959,84,3,2023-03-11,Delivered
8960,2370,24,2024-09-20,Cancelled
8961,3002,40,2022-05-16,Delivered
8962,3617,17,2022-03-10,Delivered
8963,1054,29,2023-09-20,Delivered
8964,2615,3,2024-08-15,Cancelled
8965,1908,42,2022-01-13,Delivered
8966,1674,12,2022-01-20,Delivered
8967,2483,56,2025-03-02,Returned
8968,1969,23,2023-01-06,Cancelled
8969,3750,7,2025-12-11,Delivered
8970,2540,22,2024-08-03,Returned
8971,2143,56,2023-03-28,Cancelled
8972,2946,35,2022-07-12,Delivered
8973,3288,53,2024-10-30,Delivered
8974,2114,54,2025-10-13,Delivered
8975,3164,56,2025-02-02,Pending
8976,2081,20,2025-12-19,Pending
8977,777,8,2024-05-06,Cancelled
8978,1542,41,2025-10-13,Returned
8979,3235,47,2025-06-22,Delivered
8980,852,55,2024-05-24,Delivered
8981,1095,38,2023-05-17,Delivered
8982,2666,3,2024-01-27,Cancelled
8983,2530,6,2025-10-26,Delivered
8984,1111,34,2023-10-25,Delivered
8985,1023,45,2022-06-16,Cancelled
8986,3018,2,2023-03-02,Delivered
8987,525,25,2023-08-10,Delivered
8988,3096,2,2022-02-08,Delivered
8989,1395,20,2024-12-29,Cancelled
8990,2581,53,2023-10-23,Delivered
8991,1067,29,2022-06-03,Delivered
8992,3203,47,2022-06-26,Delivered
8993,2677,54,2024-09-07,Delivered
8994,3203,33,2024-07-24,Delivered
8995,2008,47,2024-05-05,Pending
8996,3755,40,2025-04-09,Pending
8997,1822,13,2023-02-20,Returned
8998,2817,59,2025-12-16,Cancelled
8999,3042,5,2025-02-01,Pending
9000,2933,50,2022-03-08,Cancelled
9001,996,30,2024-10-17,Delivered
9002,1011,14,2025-04-05,Returned
9003,3011,21,2024-01-07,Cancelled
9004,1359,16,2025-06-01,Delivered
9005,1024,17,2024-07-02,Cancelled
9006,1058,32,2022-03-04,Delivered
9007,24,43,2023-02-10,Delivered
9008,3048,22,2025-07-10,Delivered
9009,3487,57,2024-01-21,Pending
9010,2143,2,2024-02-17,Delivered
9011,2079,48,2024-04-02,Cancelled
9012,1654,42,2024-12-25,Returned
9013,2722,14,2023-12-07,Delivered
9014,1690,53,2022-10-17,Delivered
9015,953,6,2025-02-17,Delivered
9016,3971,22,2023-08-20,Delivered
9017,2613,18,2023-03-08,Delivered
9018,56,17,2022-03-28,Pending
9019,1038,44,2025-07-24,Delivered
9020,3788,4,2022-10-21,Delivered
9021,75,21,2024-10-20,Delivered
9022,1546,37,2022-07-24,Returned
9023,3004,15,2025-04-02,Cancelled
9024,3096,20,2023-04-08,Delivered
9025,638,14,2025-11-28,Delivered
9026,2826,5,2024-06-26,Delivered
9027,2631,55,2025-08-28,Pending
9028,1083,29,2023-10-01,Delivered
9029,3289,7,2025-09-17,Delivered
9030,3670,10,2024-08-17,Returned
9031,2837,27,2023-02-17,Pending
9032,1967,58,2025-12-19,Pending
9033,3629,57,2022-06-28,Returned
9034,112,51,2022-11-06,Delivered
9035,2015,31,2025-12-27,Delivered
9036,498,35,2024-11-02,Delivered
9037,2403,22,2023-08-01,Delivered
9038,728,52,2025-10-30,Cancelled
9039,2305,4,2025-12-03,Pending
9040,1273,59,2024-02-06,Delivered
9041,802,17,2022-10-29,Delivered
9042,3388,20,2022-01-02,Delivered
9043,1828,11,2022-10-10,Delivered
9044,2388,47,2025-11-21,Pending
9045,23,58,2023-07-31,Delivered
9046,1130,33,2023-11-05,Pending
9047,2283,59,2025-04-14,Cancelled
9048,1116,8,2024-06-18,Pending
9049,2993,1,2022-03-23,Delivered
9050,3376,27,2024-10-23,Delivered
9051,1702,18,2025-05-01,Delivered
9052,751,19,2025-06-15,Returned
9053,3114,60,2023-12-13,Pending
9054,2891,48,2024-04-16,Delivered
9055,440,8,2022-04-12,Delivered
9056,3224,15,2023-07-01,Returned
9057,317,12,2023-02-16,Returned
9058,2163,26,2024-08-24,Pending
9059,802,25,2022-08-05,Delivered
9060,3587,29,2022-04-26,Returned
9061,3560,52,2022-07-15,Pending
9062,1783,55,2023-09-30,Delivered
9063,95,60,2025-06-02,Returned
9064,3331,57,2022-04-15,Delivered
9065,3264,41,2025-03-25,Delivered
9066,378,29,2023-07-25,Returned
9067,3730,52,2022-11-29,Delivered
9068,2008,51,2025-11-04,Delivered
9069,1785,59,2023-09-21,Cancelled
9070,2674,17,2022-07-06,Pending
9071,630,47,2025-07-30,Delivered
9072,989,14,2023-03-25,Delivered
9073,3850,33,2022-02-24,Pending
9074,3577,13,2023-07-11,Delivered
9075,3710,6,2023-02-16,Delivered
9076,69,2,2022-12-12,Delivered
9077,917,28,2025-11-25,Delivered
9078,343,13,2024-12-07,Delivered
9079,3382,54,2024-03-06,Delivered
9080,3744,9,2023-12-11,Delivered
9081,2552,2,2022-08-03,Delivered
9082,324,9,2025-10-07,Delivered
9083,2367,36,2022-04-02,Returned
9084,1161,40,2022-04-08,Returned
9085,2215,30,2024-02-10,Delivered
9086,1321,39,2023-05-02,Delivered
9087,3987,54,2022-09-16,Returned
9088,2990,32,2023-05-05,Pending
9089,3400,10,2025-01-01,Delivered
9090,2617,6,2024-07-08,Returned
9091,1427,25,2022-12-14,Returned
9092,20,56,2022-04-27,Pending
9093,2235,25,2025-08-19,Returned
9094,58,17,2024-07-30,Delivered
9095,2466,1,2024-06-30,Returned
9096,176,32,2025-05-14,Delivered
9097,3759,19,2024-06-21,Returned
9098,2976,22,2024-12-07,Cancelled
9099,671,31,2023-10-14,Delivered
9100,1761,5,2022-03-23,Cancelled
9101,1103,38,2025-01-27,Delivered
9102,3984,44,2024-09-30,Delivered
9103,1825,48,2024-04-25,Pending
9104,1121,25,2022-05-15,Returned
9105,3824,19,2024-06-07,Pending
9106,2678,15,2023-01-15,Delivered
9107,3788,26,2022-06-11,Delivered
9108,3605,38,2025-04-01,Cancelled
9109,266,27,2025-11-11,Delivered
9110,2728,36,2024-07-02,Returned
9111,2932,59,2025-10-16,Delivered
9112,616,45,2025-01-04,Cancelled
9113,2256,57,2022-01-22,Returned
9114,1430,5,2024-06-20,Delivered
9115,1111,59,2022-12-27,Returned
9116,1891,11,2024-04-24,Delivered
9117,1177,53,2024-12-02,Delivered
9118,264,57,2022-08-19,Cancelled
9119,3661,28,2023-03-06,Delivered
9120,2437,8,2022-08-25,Cancelled
9121,3182,31,2023-04-17,Returned
9122,3721,13,2025-03-22,Cancelled
9123,2812,15,2024-03-03,Delivered
9124,627,28,2022-11-05,Delivered
9125,2174,15,2023-09-11,Delivered
9126,2643,45,2025-12-27,Cancelled
9127,3114,34,2024-09-18,Delivered
9128,541,3,2023-05-06,Pending
9129,2326,39,2024-11-09,Delivered
9130,2783,16,2022-05-21,Delivered
9131,2146,48,2025-03-14,Cancelled
9132,1788,44,2025-03-29,Returned
9133,200,51,2024-04-01,Delivered
9134,3444,48,2024-08-09,Delivered
9135,1393,5,2025-10-19,Delivered
9136,3360,56,2025-08-25,Delivered
9137,3075,22,2024-10-14,Delivered
9138,2614,36,2025-02-05,Delivered
9139,1498,20,2025-06-05,Delivered
9140,2375,38,2025-09-11,Pending
9141,3920,36,2025-02-14,Pending
9142,3173,60,2024-01-22,Cancelled
9143,807,22,2024-01-23,Returned
9144,1788,15,2023-10-06,Delivered
9145,3260,54,2022-07-23,Delivered
9146,3218,57,2022-01-08,Delivered
9147,1021,49,2022-03-15,Delivered
9148,290,1,2022-01-13,Delivered
9149,120,13,2023-12-10,Delivered
9150,1093,15,2024-09-17,Cancelled
9151,3783,47,2024-04-29,Returned
9152,1294,36,2024-04-24,Pending
9153,3002,5,2022-08-10,Cancelled
9154,1582,24,2025-09-07,Delivered
9155,3096,45,2025-07-09,Returned
9156,2716,25,2025-05-04,Pending
9157,2845,51,2022-03-01,Cancelled
9158,40,50,2022-03-14,Cancelled
9159,925,16,2025-02-16,Returned
9160,3806,60,2022-05-07,Delivered
9161,2947,44,2023-08-11,Pending
9162,1361,32,2023-09-23,Delivered
9163,2916,54,2024-11-25,Pending
9164,2461,14,2022-09-23,Delivered
9165,3464,30,2025-12-13,Delivered
9166,809,34,2025-06-11,Cancelled
9167,2441,40,2024-08-06,Delivered
9168,3668,8,2025-09-09,Cancelled
9169,3485,45,2022-01-19,Cancelled
9170,886,53,2022-08-23,Returned
9171,2569,13,2022-02-13,Pending
9172,2974,1,2023-10-07,Delivered
9173,1678,31,2025-02-22,Delivered
9174,1094,42,2023-04-30,Returned
9175,3193,31,2024-11-24,Pending
9176,2303,33,2023-02-17,Delivered
9177,3457,47,2023-04-29,Delivered
9178,2365,1,2024-02-20,Delivered
9179,1989,35,2023-11-02,Delivered
9180,1690,10,2023-12-08,Pending
9181,863,49,2024-11-19,Delivered
9182,2718,13,2025-03-18,Delivered
9183,1279,26,2023-07-10,Delivered
9184,1167,30,2025-07-07,Delivered
9185,1886,7,2024-12-08,Delivered
9186,1023,33,2025-03-18,Delivered
9187,2962,15,2023-06-24,Returned
9188,195,39,2023-08-22,Delivered
9189,2632,13,2023-12-10,Delivered
9190,3735,26,2023-08-15,Delivered
9191,863,38,2024-05-15,Delivered
9192,154,14,2022-08-07,Delivered
9193,2371,32,2023-06-22,Pending
9194,787,41,2023-06-19,Cancelled
9195,3993,22,2024-04-09,Delivered
9196,3604,48,2023-06-10,Delivered
9197,1557,54,2025-03-10,Delivered
9198,2204,12,2025-12-22,Cancelled
9199,928,5,2023-11-09,Delivered
9200,1127,18,2024-03-15,Cancelled
9201,3419,54,2023-10-07,Delivered
9202,3247,11,2024-08-17,Returned
9203,3832,15,2022-10-17,Returned
9204,2075,47,2025-08-05,Delivered
9205,1714,4,2023-03-08,Pending
9206,1555,25,2025-11-02,Cancelled
9207,2914,9,2025-12-18,Delivered
9208,2755,45,2022-07-23,Delivered
9209,1956,6,2022-02-08,Cancelled
9210,393,2,2022-10-11,Delivered
9211,125,48,2023-05-10,Cancelled
9212,3273,48,2022-09-25,Delivered
9213,3420,12,2023-07-28,Delivered
9214,2687,10,2024-07-13,Delivered
9215,2750,29,2022-02-27,Delivered
9216,1560,20,2022-04-05,Delivered
9217,472,39,2023-06-12,Delivered
9218,3392,24,2022-11-14,Delivered
9219,951,33,2022-04-18,Delivered
9220,1941,24,2025-09-28,Returned
9221,2128,25,2023-06-10,Delivered
9222,281,35,2024-06-26,Cancelled
9223,1555,37,2024-09-06,Returned
9224,849,59,2022-01-18,Pending
9225,2640,58,2024-07-08,Returned
9226,1649,46,2024-07-19,Delivered
9227,2081,56,2023-07-04,Pending
9228,2245,32,2022-01-29,Delivered
9229,1393,32,2025-05-07,Pending
9230,3798,10,2023-12-27,Cancelled
9231,1270,49,2024-01-11,Pending
9232,3160,38,2024-05-27,Delivered
9233,2802,35,2024-08-22,Pending
9234,1767,13,2022-09-11,Delivered
9235,972,8,2025-10-01,Delivered
9236,3282,10,2025-06-18,Delivered
9237,333,9,2023-10-19,Delivered
9238,2805,36,2025-10-26,Cancelled
9239,1800,1,2022-06-16,Delivered
9240,1186,53,2024-09-25,Pending
9241,3351,48,2023-11-28,Cancelled
9242,3276,55,2024-03-26,Delivered
9243,2615,30,2025-07-13,Pending
9244,2992,56,2022-04-15,Delivered
9245,1111,59,2025-11-04,Pending
9246,3714,17,2022-10-07,Delivered
9247,3667,60,2024-04-06,Pending
9248,2646,3,2023-04-24,Delivered
9249,2069,23,2022-03-14,Returned
9250,975,21,2025-08-31,Pending
9251,3428,1,2022-10-04,Cancelled
9252,1788,37,2024-03-06,Delivered
9253,718,20,2022-03-07,Pending
9254,1634,50,2025-03-12,Delivered
9255,566,3,2025-12-07,Delivered
9256,2216,31,2024-04-26,Pending
9257,79,23,2024-07-22,Delivered
9258,3303,47,2024-02-19,Delivered
9259,1702,31,2024-06-06,Delivered
9260,1527,47,2025-06-08,Delivered
9261,24,55,2022-01-06,Returned
9262,911,10,2024-10-18,Delivered
9263,964,1,2025-06-21,Delivered
9264,2256,22,2025-12-10,Delivered
9265,1881,38,2025-06-15,Cancelled
9266,2448,28,2025-06-23,Cancelled
9267,1767,56,2022-03-25,Delivered
9268,1121,22,2024-11-17,Delivered
9269,1744,23,2023-04-28,Cancelled
9270,3517,17,2023-01-28,Cancelled
9271,3478,20,2023-02-12,Delivered
9272,2381,14,2025-07-07,Cancelled
9273,1334,29,2024-08-13,Cancelled
9274,1389,39,2022-02-04,Delivered
9275,2351,16,2025-01-23,Delivered
9276,65,8,2023-03-08,Delivered
9277,349,54,2025-06-02,Pending
9278,2157,22,2024-05-05,Delivered
9279,2399,33,2024-01-01,Delivered
9280,2969,4,2024-01-19,Returned
9281,2273,29,2024-02-26,Returned
9282,2845,53,2022-08-17,Delivered
9283,801,21,2023-02-26,Delivered
9284,1958,49,2024-10-06,Pending
9285,3122,19,2024-03-19,Cancelled
9286,637,55,2024-01-05,Delivered
9287,2196,46,2022-06-05,Delivered
9288,2081,28,2024-01-30,Delivered
9289,3940,51,2023-03-28,Cancelled
9290,308,17,2023-10-14,Delivered
9291,2646,37,2023-04-12,Pending
9292,2932,49,2022-03-29,Returned
9293,64,19,2025-05-09,Cancelled
9294,863,60,2024-06-16,Delivered
9295,1684,60,2023-05-15,Pending
9296,1984,52,2022-01-11,Delivered
9297,2188,44,2024-12-17,Delivered
9298,986,8,2022-07-03,Cancelled
9299,2110,11,2024-03-19,Delivered
9300,1453,25,2023-03-30,Delivered
9301,2372,51,2025-02-26,Delivered
9302,186,16,2024-12-09,Delivered
9303,1159,50,2024-12-30,Delivered
9304,2491,28,2023-07-02,Delivered
9305,2309,52,2022-12-19,Delivered
9306,743,25,2022-12-09,Pending
9307,1148,26,2024-01-02,Pending
9308,1334,44,2023-08-08,Delivered
9309,2646,47,2024-07-08,Pending
9310,2258,54,2022-05-05,Returned
9311,2505,51,2025-04-08,Delivered
9312,304,36,2024-02-22,Pending
9313,1011,57,2022-06-20,Cancelled
9314,1295,56,2025-08-08,Delivered
9315,1121,14,2023-03-21,Cancelled
9316,1816,10,2025-07-03,Cancelled
9317,1895,51,2025-07-19,Delivered
9318,1511,48,2024-09-30,Delivered
9319,3363,8,2022-06-24,Pending
9320,1515,39,2024-11-22,Cancelled
9321,3605,48,2025-01-31,Delivered
9322,1941,42,2022-07-13,Delivered
9323,1674,2,2024-10-18,Delivered
9324,2710,35,2023-01-08,Returned
9325,2468,5,2024-10-09,Delivered
9326,3430,42,2023-11-20,Delivered
9327,320,30,2024-06-16,Returned
9328,1499,25,2025-12-07,Delivered
9329,1793,50,2024-08-22,Delivered
9330,695,14,2022-05-10,Delivered
9331,2998,43,2022-05-20,Delivered
9332,1653,14,2024-11-22,Delivered
9333,1212,18,2025-02-10,Delivered
9334,357,35,2023-09-19,Cancelled
9335,2311,48,2022-01-02,Returned
9336,970,5,2022-09-30,Returned
9337,1091,8,2023-07-14,Returned
9338,2753,7,2022-01-13,Pending
9339,3754,12,2025-12-28,Cancelled
9340,3624,2,2022-11-11,Delivered
9341,1637,35,2022-06-18,Delivered
9342,3688,46,2023-07-29,Delivered
9343,3955,28,2023-05-22,Delivered
9344,3282,27,2022-11-01,Returned
9345,186,20,2023-07-15,Delivered
9346,115,36,2024-08-12,Delivered
9347,2023,35,2025-01-20,Delivered
9348,2399,53,2023-09-28,Pending
9349,3087,5,2022-06-13,Delivered
9350,112,20,2024-12-13,Returned
9351,2503,41,2024-04-21,Cancelled
9352,2129,25,2023-11-18,Pending
9353,3218,6,2024-04-28,Returned
9354,922,12,2022-02-13,Cancelled
9355,1933,1,2023-12-13,Delivered
9356,2087,15,2024-10-15,Delivered
9357,1862,32,2025-08-18,Cancelled
9358,905,6,2025-06-03,Delivered
9359,2816,52,2025-09-08,Delivered
9360,1099,19,2023-01-27,Delivered
9361,2441,59,2025-08-01,Delivered
9362,964,3,2023-01-30,Delivered
9363,2308,35,2023-02-03,Delivered
9364,891,3,2022-04-13,Delivered
9365,690,11,2023-08-20,Delivered
9366,1361,23,2023-03-02,Delivered
9367,2302,25,2025-05-17,Cancelled
9368,23,2,2024-08-24,Delivered
9369,1767,55,2023-09-09,Pending
9370,1126,25,2024-05-06,Delivered
9371,989,28,2025-12-24,Pending
9372,1869,42,2025-03-17,Cancelled
9373,1437,8,2023-01-24,Returned
9374,3964,58,2022-11-01,Delivered
9375,32,28,2023-07-31,Pending
9376,112,47,2023-03-27,Delivered
9377,1795,1,2022-08-22,Delivered
9378,611,55,2022-06-26,Delivered
9379,3366,34,2025-06-26,Cancelled
9380,3046,12,2025-07-07,Delivered
9381,1037,53,2024-11-06,Returned
9382,2961,28,2025-04-24,Delivered
9383,820,22,2022-10-14,Delivered
9384,3400,54,2024-10-14,Delivered
9385,2308,19,2023-09-25,Pending
9386,631,51,2025-01-26,Delivered
9387,2654,36,2022-11-10,Cancelled
9388,2305,5,2023-05-26,Delivered
9389,3877,59,2024-11-19,Delivered
9390,2791,53,2025-06-06,Delivered
9391,2613,51,2025-01-14,Delivered
9392,1690,30,2022-12-21,Cancelled
9393,2204,39,2025-03-01,Cancelled
9394,241,23,2024-12-14,Delivered
9395,2271,18,2023-04-09,Delivered
9396,2614,10,2022-05-03,Returned
9397,2975,35,2023-04-03,Delivered
9398,1969,49,2022-06-01,Delivered
9399,3461,31,2022-09-19,Pending
9400,1947,8,2025-07-20,Delivered
9401,3778,17,2025-07-23,Pending
9402,3351,7,2023-12-05,Delivered
9403,1360,31,2023-10-01,Delivered
9404,430,31,2025-08-24,Pending
9405,2963,29,2023-10-21,Delivered
9406,1011,41,2024-01-20,Delivered
9407,886,11,2024-10-05,Returned
9408,2822,45,2023-06-13,Delivered
9409,2015,40,2023-06-16,Delivered
9410,3275,30,2025-12-30,Delivered
9411,3086,31,2025-08-04,Pending
9412,2992,32,2022-05-12,Delivered
9413,834,51,2024-10-30,Delivered
9414,1844,56,2022-08-03,Cancelled
9415,3152,19,2023-02-26,Cancelled
9416,2000,31,2022-04-27,Delivered
9417,286,56,2022-01-18,Pending
9418,2076,29,2024-04-11,Delivered
9419,160,58,2024-07-23,Cancelled
9420,3217,31,2025-10-23,Cancelled
9421,819,23,2024-05-31,Pending
9422,2918,46,2024-03-18,Returned
9423,1792,51,2022-10-20,Delivered
9424,449,52,2023-12-05,Delivered
9425,3788,54,2023-02-13,Returned
9426,3273,20,2025-02-10,Delivered
9427,2586,49,2023-01-04,Delivered
9428,868,4,2025-09-29,Delivered
9429,554,6,2025-10-04,Pending
9430,84,56,2023-12-23,Cancelled
9431,2365,34,2023-01-05,Delivered
9432,120,51,2025-02-05,Pending
9433,1216,55,2025-03-29,Delivered
9434,3400,13,2023-06-10,Delivered
9435,2365,12,2025-02-23,Delivered
9436,324,42,2023-02-23,Cancelled
9437,1191,25,2023-05-26,Delivered
9438,3020,23,2022-02-05,Delivered
9439,2632,11,2023-06-08,Cancelled
9440,34,34,2024-07-09,Cancelled
9441,1975,43,2024-03-19,Pending
9442,2006,39,2025-07-02,Delivered
9443,1569,27,2022-05-15,Pending
9444,2987,3,2022-07-06,Delivered
9445,3111,20,2024-07-06,Cancelled
9446,2206,6,2023-04-19,Delivered
9447,3048,8,2022-12-21,Pending
9448,2004,60,2025-09-06,Returned
9449,2026,54,2023-11-27,Returned
9450,84,22,2025-12-07,Cancelled
9451,2816,6,2022-04-13,Cancelled
9452,2697,40,2025-08-28,Pending
9453,1728,12,2025-03-18,Returned
9454,3129,14,2023-03-01,Pending
9455,2015,12,2024-10-06,Delivered
9456,1608,38,2022-12-30,Delivered
9457,3597,12,2023-02-08,Delivered
9458,2925,30,2022-02-23,Cancelled
9459,2133,7,2025-04-06,Returned
9460,3552,50,2023-06-09,Delivered
9461,2005,21,2024-10-07,Cancelled
9462,2294,11,2024-11-08,Delivered
9463,2319,6,2025-01-11,Cancelled
9464,1224,55,2024-09-13,Delivered
9465,863,32,2024-02-07,Delivered
9466,2427,59,2024-10-18,Cancelled
9467,708,20,2024-10-04,Delivered
9468,704,23,2025-11-19,Delivered
9469,853,42,2023-08-22,Cancelled
9470,1211,14,2024-11-16,Delivered
9471,3559,5,2022-08-31,Delivered
9472,440,55,2025-07-16,Returned
9473,3020,39,2023-12-30,Delivered
9474,2288,15,2023-02-15,Delivered
9475,3606,37,2022-12-09,Delivered
9476,3611,28,2025-07-05,Delivered
9477,3412,54,2025-10-24,Pending
9478,1702,31,2024-12-18,Pending
9479,1456,31,2025-12-14,Delivered
9480,1822,18,2022-02-06,Cancelled
9481,2370,4,2023-06-04,Delivered
9482,3089,37,2025-09-07,Pending
9483,3485,58,2025-07-29,Returned
9484,2521,43,2022-04-21,Delivered
9485,3900,34,2024-10-08,Delivered
9486,3554,41,2025-02-24,Delivered
9487,3863,25,2023-03-21,Cancelled
9488,3058,42,2023-08-22,Delivered
9489,3398,30,2022-04-16,Delivered
9490,1290,47,2024-12-02,Delivered
9491,3733,59,2023-09-14,Delivered
9492,174,34,2025-04-26,Cancelled
9493,3717,60,2022-05-04,Delivered
9494,1873,10,2024-03-06,Delivered
9495,1804,16,2025-11-20,Delivered
9496,2479,43,2022-04-11,Returned
9497,1027,39,2024-08-20,Delivered
9498,699,55,2024-08-08,Delivered
9499,1021,55,2022-08-06,Pending
9500,1524,55,2023-07-23,Delivered
9501,2647,25,2023-07-15,Cancelled
9502,726,47,2024-12-18,Pending
9503,756,30,2025-05-20,Delivered
9504,2847,57,2022-02-09,Cancelled
9505,3832,51,2024-01-19,Delivered
9506,3721,24,2025-01-22,Pending
9507,1247,26,2025-04-17,Pending
9508,23,57,2024-04-10,Pending
9509,2743,60,2022-04-26,Cancelled
9510,3036,6,2022-08-12,Delivered
9511,3553,45,2025-10-28,Delivered
9512,3033,1,2024-11-30,Delivered
9513,2728,4,2023-11-06,Returned
9514,758,5,2023-12-14,Returned
9515,139,5,2024-03-27,Delivered
9516,1639,15,2023-10-20,Delivered
9517,474,49,2025-03-20,Delivered
9518,3743,57,2025-05-14,Delivered
9519,1456,22,2023-08-21,Delivered
9520,2929,21,2022-06-12,Delivered
9521,2479,23,2025-11-20,Delivered
9522,454,12,2023-12-02,Delivered
9523,3095,35,2025-10-08,Delivered
9524,1546,35,2023-10-26,Cancelled
9525,3351,9,2024-10-19,Delivered
9526,629,7,2022-06-19,Delivered
9527,1932,54,2022-12-25,Delivered
9528,3363,30,2024-11-26,Delivered
9529,19,7,2022-07-07,Pending
9530,2236,10,2025-07-03,Delivered
9531,2357,33,2024-04-09,Delivered
9532,2639,37,2023-01-22,Pending
9533,3253,30,2025-04-19,Delivered
9534,1291,49,2022-08-01,Delivered
9535,1601,5,2025-05-15,Delivered
9536,3114,53,2025-07-16,Delivered
9537,1877,58,2023-06-25,Pending
9538,431,58,2022-12-18,Delivered
9539,2782,38,2025-02-21,Cancelled
9540,1094,6,2023-01-23,Cancelled
9541,1498,45,2022-04-14,Returned
9542,1555,5,2025-03-24,Delivered
9543,1909,49,2024-08-22,Delivered
9544,1787,4,2025-02-24,Cancelled
9545,3935,18,2025-04-15,Pending
9546,3221,36,2025-07-02,Pending
9547,629,40,2023-05-12,Cancelled
9548,1352,39,2022-09-24,Returned
9549,1354,6,2022-12-13,Returned
9550,1456,19,2023-07-02,Delivered
9551,2665,23,2023-11-27,Delivered
9552,1768,5,2024-09-24,Cancelled
9553,1243,14,2025-09-17,Cancelled
9554,1021,2,2022-08-15,Returned
9555,2891,14,2025-11-22,Delivered
9556,3586,32,2022-03-06,Returned
9557,1612,46,2025-07-30,Pending
9558,1228,8,2024-12-12,Pending
9559,1690,26,2025-10-14,Cancelled
9560,3400,2,2024-03-21,Cancelled
9561,3479,47,2022-10-30,Pending
9562,1832,26,2025-09-17,Delivered
9563,2000,7,2025-03-26,Delivered
9564,2287,49,2022-10-13,Delivered
9565,1255,3,2025-08-20,Pending
9566,2687,6,2025-04-30,Delivered
9567,1562,18,2023-12-09,Returned
9568,1757,16,2024-05-09,Delivered
9569,1405,38,2025-07-24,Delivered
9570,3457,42,2025-08-17,Delivered
9571,2498,22,2023-04-02,Delivered
9572,1460,10,2025-04-16,Delivered
9573,511,7,2025-01-18,Delivered
9574,1164,42,2025-11-21,Delivered
9575,2011,35,2023-07-15,Delivered
9576,2501,37,2025-11-19,Delivered
9577,1021,34,2024-12-30,Pending
9578,1021,12,2022-05-20,Delivered
9579,3420,60,2023-06-02,Returned
9580,1720,25,2024-04-24,Delivered
9581,2973,39,2022-02-21,Delivered
9582,1818,47,2022-05-12,Pending
9583,3354,31,2025-04-24,Delivered
9584,1121,60,2022-05-01,Delivered
9585,807,3,2022-12-01,Delivered
9586,2441,20,2022-06-17,Delivered
9587,3160,16,2024-11-29,Cancelled
9588,1078,36,2025-12-27,Cancelled
9589,1355,38,2023-09-28,Delivered
9590,2907,44,2022-01-08,Delivered
9591,2925,6,2022-11-17,Delivered
9592,1896,59,2024-10-10,Delivered
9593,901,45,2025-07-23,Delivered
9594,3647,37,2025-09-13,Delivered
9595,120,60,2023-12-09,Delivered
9596,211,23,2025-06-02,Delivered
9597,2325,21,2022-03-18,Delivered
9598,941,28,2022-11-11,Returned
9599,3679,28,2025-07-05,Delivered
9600,928,14,2024-05-02,Delivered
9601,3892,5,2022-06-25,Delivered
9602,1101,42,2024-07-21,Delivered
9603,2951,4,2023-08-09,Delivered
9604,2605,1,2022-02-21,Cancelled
9605,3816,23,2024-10-05,Returned
9606,3017,52,2024-02-12,Delivered
9607,703,18,2022-03-22,Delivered
9608,2929,31,2025-03-15,Delivered
9609,747,22,2022-09-30,Pending
9610,2370,18,2023-04-23,Delivered
9611,2845,2,2023-06-21,Delivered
9612,3147,6,2025-03-03,Delivered
9613,2000,6,2023-10-22,Delivered
9614,2380,29,2024-06-17,Delivered
9615,3191,24,2024-01-11,Delivered
9616,3688,42,2024-02-20,Delivered
9617,2441,1,2023-10-28,Pending
9618,1562,55,2024-12-28,Cancelled
9619,1239,38,2025-09-28,Delivered
9620,2100,20,2025-11-25,Delivered
9621,1167,58,2025-01-07,Delivered
9622,951,29,2024-06-20,Cancelled
9623,82,32,2022-02-08,Cancelled
9624,1252,56,2025-02-17,Returned
9625,3115,9,2022-12-12,Delivered
9626,1571,33,2022-10-04,Returned
9627,3207,11,2022-02-14,Delivered
9628,181,28,2025-04-25,Cancelled
9629,2415,31,2023-01-04,Pending
9630,112,9,2022-05-09,Returned
9631,3351,4,2023-01-20,Delivered
9632,2079,49,2025-04-21,Cancelled
9633,3200,46,2025-04-18,Delivered
9634,3428,9,2023-04-12,Returned
9635,2501,19,2025-12-09,Pending
9636,2288,48,2025-01-12,Delivered
9637,305,20,2023-06-01,Delivered
9638,1940,15,2024-03-29,Pending
9639,62,22,2024-10-04,Delivered
9640,1060,28,2025-11-24,Delivered
9641,3597,6,2025-10-05,Delivered
9642,2157,3,2025-01-21,Delivered
9643,2416,55,2024-08-25,Delivered
9644,2532,13,2022-08-02,Pending
9645,1300,10,2024-01-22,Pending
9646,3193,45,2022-06-02,Pending
9647,296,45,2025-05-21,Delivered
9648,2117,36,2024-05-21,Delivered
9649,244,27,2025-01-18,Delivered
9650,3828,37,2025-09-10,Delivered
9651,2193,60,2025-06-12,Cancelled
9652,1323,37,2023-03-12,Returned
9653,2281,60,2023-06-01,Delivered
9654,3416,25,2022-05-04,Cancelled
9655,1612,42,2022-03-25,Pending
9656,688,30,2024-12-13,Delivered
9657,3930,19,2023-11-16,Delivered
9658,2749,40,2024-01-10,Pending
9659,1212,40,2023-12-20,Delivered
9660,3688,30,2023-11-27,Delivered
9661,3399,41,2025-03-06,Delivered
9662,2324,41,2023-05-23,Delivered
9663,1936,29,2023-05-31,Delivered
9664,1046,9,2024-11-12,Cancelled
9665,3652,12,2023-01-24,Delivered
9666,2646,59,2024-07-23,Delivered
9667,3384,32,2022-11-04,Returned
9668,1212,41,2022-01-31,Delivered
9669,2217,43,2024-12-26,Delivered
9670,2677,56,2023-08-05,Cancelled
9671,551,24,2025-04-15,Cancelled
9672,3091,57,2024-01-28,Pending
9673,2888,45,2023-08-09,Delivered
9674,2085,7,2024-03-03,Pending
9675,2614,19,2022-09-16,Returned
9676,3226,56,2023-03-21,Returned
9677,1521,55,2023-12-25,Cancelled
9678,1212,15,2022-07-14,Cancelled
9679,3605,43,2024-05-21,Delivered
9680,2006,42,2025-02-02,Pending
9681,1412,29,2023-05-16,Pending
9682,2607,31,2023-09-09,Returned
9683,515,20,2022-09-22,Pending
9684,3680,7,2025-01-23,Pending
9685,1086,23,2025-08-04,Returned
9686,719,22,2023-06-20,Delivered
9687,2677,16,2025-12-06,Delivered
9688,2081,27,2025-02-24,Delivered
9689,3169,56,2024-07-13,Delivered
9690,708,60,2022-02-20,Delivered
9691,2031,39,2023-11-28,Cancelled
9692,2645,32,2024-02-21,Delivered
9693,3525,25,2024-06-05,Returned
9694,3646,27,2025-11-23,Delivered
9695,1595,27,2023-02-26,Delivered
9696,2100,42,2022-08-26,Cancelled
9697,3721,59,2022-12-19,Delivered
9698,2992,25,2022-07-11,Delivered
9699,3002,13,2025-02-16,Pending
9700,3363,17,2024-12-01,Cancelled
9701,2585,60,2022-07-27,Pending
9702,887,13,2023-09-18,Delivered
9703,1233,49,2022-02-15,Cancelled
9704,3548,44,2022-10-30,Delivered
9705,2987,23,2023-02-26,Pending
9706,1377,11,2025-02-24,Delivered
9707,3889,29,2022-08-11,Cancelled
9708,458,18,2022-04-06,Cancelled
9709,802,21,2022-01-21,Delivered
9710,2126,14,2022-09-12,Delivered
9711,2314,4,2023-06-29,Delivered
9712,1445,49,2022-12-04,Delivered
9713,154,14,2023-10-17,Returned
9714,2666,34,2023-06-30,Delivered
9715,596,40,2024-02-23,Cancelled
9716,2302,48,2022-01-24,Delivered
9717,128,44,2022-11-26,Delivered
9718,1280,19,2024-01-10,Delivered
9719,1400,38,2023-01-16,Cancelled
9720,1640,18,2023-12-06,Delivered
9721,2702,40,2025-07-13,Delivered
9722,3453,52,2022-06-23,Delivered
9723,3774,39,2025-11-27,Delivered
9724,3718,55,2023-10-08,Cancelled
9725,2440,39,2024-05-01,Cancelled
9726,3052,15,2022-12-05,Delivered
9727,57,25,2024-01-21,Returned
9728,1757,50,2023-05-09,Delivered
9729,2936,37,2024-05-29,Returned
9730,2182,5,2022-09-14,Delivered
9731,2992,22,2024-10-18,Delivered
9732,3648,48,2023-07-06,Delivered
9733,2784,16,2023-08-13,Delivered
9734,1244,44,2023-06-17,Delivered
9735,2968,45,2023-11-24,Delivered
9736,166,1,2023-11-14,Delivered
9737,211,6,2023-01-24,Delivered
9738,3401,25,2023-12-30,Pending
9739,2900,51,2023-09-21,Returned
9740,1842,20,2023-08-06,Returned
9741,3036,46,2025-05-12,Delivered
9742,2995,7,2024-04-12,Delivered
9743,1036,2,2025-01-18,Delivered
9744,1390,37,2023-03-16,Returned
9745,3192,54,2025-10-19,Delivered
9746,2100,50,2024-11-15,Returned
9747,2848,28,2022-03-12,Delivered
9748,1864,40,2025-02-06,Delivered
9749,807,25,2025-07-14,Delivered
9750,77,55,2022-10-27,Cancelled
9751,777,45,2025-08-28,Delivered
9752,2532,4,2022-06-27,Cancelled
9753,2843,42,2023-04-24,Returned
9754,1342,2,2024-06-13,Delivered
9755,950,42,2023-10-19,Pending
9756,241,32,2025-07-07,Returned
9757,3555,47,2023-05-16,Pending
9758,3046,3,2022-10-06,Cancelled
9759,64,56,2022-12-13,Returned
9760,1637,30,2025-07-27,Cancelled
9761,3906,28,2022-04-12,Delivered
9762,139,57,2022-08-06,Pending
9763,246,24,2025-03-24,Delivered
9764,3770,26,2024-06-06,Delivered
9765,3074,5,2024-03-19,Returned
9766,3853,29,2024-05-19,Pending
9767,919,16,2024-06-02,Delivered
9768,2622,12,2022-02-18,Cancelled
9769,1797,24,2025-04-10,Cancelled
9770,1423,7,2025-09-18,Cancelled
9771,760,56,2022-09-06,Returned
9772,3783,4,2025-02-01,Delivered
9773,1407,59,2022-11-23,Delivered
9774,645,23,2022-02-24,Delivered
9775,849,38,2024-07-11,Delivered
9776,1945,27,2025-11-27,Delivered
9777,95,41,2023-08-23,Returned
9778,657,37,2024-02-16,Delivered
9779,1150,57,2024-02-04,Delivered
9780,758,54,2023-05-26,Delivered
9781,3909,42,2024-06-16,Pending
9782,3866,60,2025-06-11,Pending
9783,2515,40,2023-10-23,Delivered
9784,2435,59,2025-07-28,Returned
9785,594,25,2023-06-06,Cancelled
9786,3075,19,2025-12-25,Delivered
9787,79,34,2022-07-27,Delivered
9788,2475,55,2024-04-02,Cancelled
9789,3089,49,2022-09-03,Delivered
9790,263,18,2022-10-28,Delivered
9791,3419,40,2024-08-07,Delivered
9792,1702,31,2023-06-22,Delivered
9793,3167,24,2025-06-26,Returned
9794,3883,22,2023-08-31,Pending
9795,1389,16,2022-04-02,Cancelled
9796,1690,43,2025-08-17,Delivered
9797,947,2,2022-02-16,Returned
9798,734,25,2023-02-16,Delivered
9799,530,4,2022-08-01,Cancelled
9800,3968,10,2023-07-15,Delivered
9801,2043,45,2025-12-15,Pending
9802,1839,28,2022-07-26,Delivered
9803,2646,39,2023-06-20,Delivered
9804,2954,54,2025-10-26,Cancelled
9805,3524,5,2023-08-28,Cancelled
9806,3866,6,2022-01-22,Delivered
9807,593,42,2025-04-08,Delivered
9808,1326,54,2024-12-05,Cancelled
9809,3045,59,2025-02-25,Cancelled
9810,1533,47,2025-01-28,Delivered
9811,819,55,2024-05-17,Delivered
9812,3004,26,2025-11-14,Delivered
9813,764,2,2025-10-08,Delivered
9814,1684,23,2022-02-14,Delivered
9815,3400,50,2023-11-29,Delivered
9816,3626,42,2025-01-11,Delivered
9817,777,51,2025-11-06,Cancelled
9818,2753,57,2025-06-03,Cancelled
9819,917,17,2025-01-08,Returned
9820,2015,9,2024-12-27,Cancelled
9821,2057,35,2024-04-29,Pending
9822,742,52,2022-05-09,Delivered
9823,3783,57,2025-06-05,Delivered
9824,293,28,2022-11-19,Returned
9825,97,7,2025-01-29,Delivered
9826,113,50,2023-10-10,Returned
9827,581,18,2022-08-14,Delivered
9828,1211,51,2023-10-17,Delivered
9829,304,28,2022-05-15,Cancelled
9830,3929,15,2025-05-29,Delivered
9831,3406,31,2024-10-29,Cancelled
9832,868,55,2022-01-19,Delivered
9833,2286,38,2025-12-03,Pending
9834,1768,45,2025-11-03,Delivered
9835,75,14,2023-07-17,Delivered
9836,657,27,2022-05-15,Delivered
9837,1945,59,2025-06-09,Cancelled
9838,1818,12,2025-12-08,Returned
9839,2273,13,2023-07-22,Delivered
9840,849,52,2024-12-10,Pending
9841,855,10,2024-06-11,Delivered
9842,927,55,2023-02-11,Delivered
9843,1768,10,2025-02-17,Cancelled
9844,1579,24,2024-10-02,Delivered
9845,315,19,2025-08-02,Delivered
9846,3167,58,2022-11-08,Pending
9847,3865,60,2024-11-02,Delivered
9848,392,47,2024-09-21,Delivered
9849,2968,51,2022-04-29,Pending
9850,734,48,2025-12-14,Delivered
9851,3695,31,2023-08-24,Pending
9852,3865,29,2025-09-19,Cancelled
9853,3389,56,2023-08-28,Delivered
9854,589,16,2024-09-14,Delivered
9855,3901,60,2022-02-14,Pending
9856,1150,6,2024-05-12,Delivered
9857,1969,17,2023-10-26,Cancelled
9858,1245,47,2024-10-26,Delivered
9859,3224,48,2024-07-06,Delivered
9860,3652,56,2023-03-22,Delivered
9861,1956,43,2025-03-25,Delivered
9862,1059,45,2024-11-01,Returned
9863,1289,19,2023-03-26,Returned
9864,112,22,2024-11-21,Delivered
9865,377,21,2025-04-04,Returned
9866,3779,27,2024-03-26,Delivered
9867,1280,3,2022-11-06,Delivered
9868,44,48,2022-09-22,Delivered
9869,3762,14,2022-07-21,Delivered
9870,1359,35,2023-03-01,Delivered
9871,1435,12,2024-04-25,Delivered
9872,1658,29,2024-07-02,Delivered
9873,1237,52,2024-04-22,Cancelled
9874,2546,50,2023-11-13,Returned
9875,369,42,2022-09-29,Cancelled
9876,2008,35,2023-05-22,Delivered
9877,313,28,2024-10-16,Delivered
9878,2205,1,2024-01-14,Returned
9879,776,33,2025-12-21,Delivered
9880,3301,28,2023-09-08,Delivered
9881,747,51,2023-01-03,Delivered
9882,2947,26,2024-08-24,Delivered
9883,1507,60,2023-03-12,Cancelled
9884,2800,35,2025-07-10,Delivered
9885,3217,3,2024-07-03,Pending
9886,1667,8,2023-11-14,Delivered
9887,3679,44,2022-10-20,Delivered
9888,930,34,2023-11-20,Returned
9889,3853,20,2022-10-01,Delivered
9890,3559,39,2024-06-15,Delivered
9891,2188,17,2025-09-12,Delivered
9892,2788,48,2022-04-27,Delivered
9893,1678,16,2024-10-25,Delivered
9894,2303,3,2024-04-23,Delivered
9895,3667,41,2022-05-30,Returned
9896,337,17,2022-07-08,Returned
9897,1105,2,2025-09-03,Delivered
9898,3276,17,2022-02-12,Delivered
9899,3566,44,2022-07-23,Pending
9900,1898,4,2022-04-20,Delivered
9901,408,17,2025-04-28,Delivered
9902,2700,28,2025-04-17,Delivered
9903,3282,57,2025-12-07,Delivered
9904,3751,55,2024-10-17,Delivered
9905,3964,40,2024-06-07,Delivered
9906,3310,41,2023-08-10,Delivered
9907,3218,15,2023-08-30,Delivered
9908,929,22,2025-07-17,Delivered
9909,1902,56,2023-11-12,Cancelled
9910,1853,21,2023-02-28,Pending
9911,658,43,2022-06-13,Delivered
9912,3313,4,2022-12-21,Delivered
9913,2081,16,2022-01-17,Delivered
9914,3218,36,2024-11-07,Delivered
9915,2669,13,2024-12-02,Pending
9916,2845,1,2025-10-12,Delivered
9917,3570,40,2024-10-23,Pending
9918,1456,31,2022-06-22,Delivered
9919,3203,11,2023-06-15,Delivered
9920,78,49,2025-01-22,Pending
9921,1554,16,2025-03-01,Delivered
9922,1417,48,2025-04-25,Cancelled
9923,2370,14,2024-07-17,Delivered
9924,1477,27,2023-06-21,Cancelled
9925,3567,53,2023-03-24,Pending
9926,2370,54,2023-09-06,Returned
9927,3597,32,2024-05-31,Cancelled
9928,554,37,2022-09-22,Cancelled
9929,2797,18,2023-12-02,Delivered
9930,3937,5,2024-03-10,Delivered
9931,1612,59,2022-08-04,Returned
9932,929,18,2024-05-30,Pending
9933,404,50,2024-08-28,Delivered
9934,1236,51,2025-08-05,Delivered
9935,1481,54,2023-03-24,Returned
9936,3624,50,2023-02-06,Delivered
9937,3940,53,2023-12-05,Returned
9938,3954,20,2023-12-21,Pending
9939,2309,40,2025-09-02,Cancelled
9940,3363,25,2024-05-15,Delivered
9941,3122,24,2022-10-10,Cancelled
9942,3679,35,2023-07-05,Returned
9943,1451,9,2024-12-22,Delivered
9944,1818,27,2022-10-13,Delivered
9945,221,27,2025-02-03,Returned
9946,1634,26,2023-04-28,Delivered
9947,1492,30,2024-04-08,Returned
9948,3842,9,2025-11-15,Pending
9949,3412,18,2022-01-18,Pending
9950,2754,50,2025-02-21,Cancelled
9951,557,12,2024-05-31,Delivered
9952,2107,6,2024-12-31,Delivered
9953,2289,8,2025-11-10,Delivered
9954,1461,16,2023-09-10,Delivered
9955,3062,57,2023-09-15,Delivered
9956,3781,48,2022-07-04,Returned
9957,3911,21,2023-10-23,Delivered
9958,2129,5,2024-01-10,Delivered
9959,978,12,2025-09-10,Returned
9960,3400,58,2024-02-29,Cancelled
9961,751,45,2023-08-03,Returned
9962,2397,22,2023-12-06,Pending
9963,3400,17,2023-06-26,Delivered
9964,3071,44,2024-08-02,Returned
9965,2079,50,2025-01-27,Delivered
9966,3133,14,2022-04-01,Returned
9967,2052,59,2024-04-10,Delivered
9968,3961,28,2023-02-04,Pending
9969,2666,41,2022-08-30,Delivered
9970,3645,19,2024-12-22,Returned
9971,2619,1,2024-02-03,Returned
9972,929,33,2023-10-03,Delivered
9973,1864,9,2024-10-27,Delivered
9974,688,13,2022-11-10,Pending
9975,3182,49,2022-04-18,Delivered
9976,1344,55,2022-09-10,Returned
9977,2772,43,2025-04-05,Pending
9978,3655,1,2023-10-28,Returned
9979,1210,30,2024-01-30,Cancelled
9980,3557,9,2023-12-23,Delivered
9981,1121,21,2022-08-20,Pending
9982,777,51,2022-11-09,Delivered
9983,1307,50,2024-06-06,Delivered
9984,3652,7,2023-08-17,Delivered
9985,2493,20,2025-08-03,Delivered
9986,2578,2,2025-04-08,Cancelled
9987,1649,16,2025-09-12,Pending
9988,3698,39,2025-05-22,Pending
9989,447,49,2022-09-07,Returned
9990,2299,16,2025-05-09,Returned
9991,2157,38,2022-10-30,Delivered
9992,2699,29,2024-11-26,Pending
9993,1374,14,2024-06-16,Pending
9994,174,39,2023-04-05,Pending
9995,3653,37,2023-02-13,Delivered
9996,785,58,2022-11-14,Cancelled
9997,654,2,2024-09-13,Pending
9998,1910,56,2023-07-07,Delivered
9999,1108,44,2023-01-18,Delivered
10000,3224,42,2023-01-18,Delivered
10001,2293,45,2023-09-11,Cancelled
10002,1099,36,2023-06-08,Cancelled
10003,1484,46,2024-07-17,Delivered
10004,1649,60,2024-06-18,Delivered
10005,1354,50,2023-10-17,Pending
10006,241,16,2023-05-17,Delivered
10007,324,15,2023-07-23,Delivered
10008,712,9,2024-02-09,Delivered
10009,1155,56,2024-09-24,Delivered
10010,1904,9,2022-09-13,Delivered
10011,2403,60,2023-06-16,Returned
10012,3279,9,2022-01-04,Delivered
10013,2174,7,2025-12-27,Returned
10014,3242,13,2022-03-08,Delivered
10015,1639,59,2024-10-23,Delivered
10016,3943,23,2022-09-05,Delivered
10017,177,42,2024-09-25,Returned
10018,3915,6,2025-07-19,Delivered
10019,313,42,2023-12-30,Delivered
10020,1728,25,2022-10-28,Delivered
10021,2969,55,2022-04-26,Delivered
10022,792,13,2025-01-26,Delivered
10023,2390,38,2024-11-27,Delivered
10024,2619,15,2022-05-10,Delivered
10025,1866,15,2023-07-17,Pending
10026,2505,15,2023-04-27,Cancelled
10027,342,54,2022-09-24,Cancelled
10028,1441,45,2025-09-27,Returned
10029,3973,31,2023-11-14,Pending
10030,3538,9,2025-03-25,Pending
10031,3659,19,2024-04-06,Returned
10032,3488,47,2022-07-26,Delivered
10033,1116,6,2022-10-18,Returned
10034,1109,15,2024-01-05,Pending
10035,3224,40,2024-08-22,Delivered
10036,119,8,2024-12-06,Delivered
10037,79,49,2024-12-18,Delivered
10038,1396,25,2024-05-01,Delivered
10039,1083,46,2023-04-26,Delivered
10040,1677,28,2024-01-12,Delivered
10041,220,45,2022-01-12,Delivered
10042,3020,5,2022-04-11,Delivered
10043,150,51,2022-01-04,Delivered
10044,139,53,2022-07-01,Delivered
10045,1372,26,2022-10-16,Delivered
10046,3964,60,2022-07-29,Returned
10047,2005,34,2022-03-01,Pending
10048,1811,36,2025-12-08,Delivered
10049,2980,27,2025-12-05,Delivered
10050,2505,44,2022-11-26,Delivered
10051,3150,37,2025-11-02,Delivered
10052,1690,40,2022-10-20,Pending
10053,3646,59,2023-11-29,Delivered
10054,1767,3,2022-04-21,Delivered
10055,2816,32,2025-09-24,Cancelled
10056,2268,41,2025-11-21,Delivered
10057,131,60,2024-01-28,Cancelled
10058,3769,57,2022-07-11,Pending
10059,1682,40,2024-11-26,Delivered
10060,3227,50,2025-07-31,Pending
10061,760,24,2022-02-18,Delivered
10062,2805,11,2022-05-09,Delivered
10063,1688,3,2024-04-05,Delivered
10064,1177,60,2025-09-24,Pending
10065,2362,57,2024-02-17,Delivered
10066,2043,25,2024-04-01,Pending
10067,3637,39,2025-09-10,Delivered
10068,2939,18,2024-05-18,Returned
10069,1449,46,2023-08-05,Pending
10070,3429,29,2025-03-04,Delivered
10071,2885,45,2024-12-27,Delivered
10072,1690,7,2022-03-26,Cancelled
10073,3969,44,2024-12-30,Returned
10074,3517,52,2025-12-04,Delivered
10075,3509,22,2025-01-11,Delivered
10076,1509,32,2023-05-27,Delivered
10077,3014,56,2022-08-16,Delivered
10078,1273,44,2025-11-10,Delivered
10079,2157,35,2024-12-17,Returned
10080,243,23,2023-04-07,Delivered
10081,3310,23,2023-12-09,Pending
10082,3597,36,2022-06-30,Returned
10083,2417,3,2023-07-22,Pending
10084,1467,50,2024-08-11,Delivered
10085,2,5,2024-12-07,Cancelled
10086,3044,11,2024-01-11,Delivered
10087,1509,48,2023-10-10,Delivered
10088,332,49,2024-06-17,Delivered
10089,688,50,2025-08-07,Delivered
10090,1285,30,2022-05-06,Delivered
10091,2913,32,2024-11-10,Cancelled
10092,2825,29,2023-03-05,Delivered
10093,3610,25,2025-05-28,Returned
10094,3111,42,2025-04-11,Cancelled
10095,1177,59,2025-10-15,Delivered
10096,3201,57,2023-08-10,Delivered
10097,849,46,2024-08-22,Delivered
10098,1710,39,2022-11-18,Pending
10099,3065,57,2024-10-28,Delivered
10100,2241,11,2022-07-06,Delivered
10101,2617,20,2023-04-19,Delivered
10102,3865,13,2023-07-07,Delivered
10103,747,58,2023-03-18,Delivered
10104,2224,52,2022-04-21,Cancelled
10105,1807,16,2024-06-10,Delivered
10106,1994,17,2022-12-22,Returned
10107,3131,30,2025-01-24,Returned
10108,3800,11,2025-03-28,Delivered
10109,1203,60,2023-06-03,Returned
10110,2788,45,2023-06-11,Pending
10111,1477,16,2024-05-26,Pending
10112,3160,19,2023-10-25,Delivered
10113,327,11,2025-07-21,Delivered
10114,3006,21,2024-03-25,Returned
10115,2188,5,2024-05-12,Pending
10116,1940,46,2025-01-20,Returned
10117,2986,48,2025-07-10,Returned
10118,2736,17,2025-11-08,Delivered
10119,2532,11,2025-12-31,Delivered
10120,871,24,2025-01-15,Delivered
10121,2276,25,2025-11-14,Pending
10122,2100,51,2025-07-02,Delivered
10123,1204,32,2025-04-14,Delivered
10124,2411,32,2024-07-15,Pending
10125,2675,47,2022-07-22,Cancelled
10126,1593,55,2024-09-10,Delivered
10127,726,5,2025-09-30,Delivered
10128,3824,54,2024-09-11,Delivered
10129,3405,2,2024-01-27,Delivered
10130,2666,4,2022-06-16,Pending
10131,2364,15,2024-10-15,Pending
10132,402,28,2023-07-04,Pending
10133,3761,6,2024-01-01,Delivered
10134,1125,12,2024-01-04,Delivered
10135,1825,40,2022-10-15,Delivered
10136,632,4,2023-04-05,Delivered
10137,2152,34,2025-05-20,Delivered
10138,3627,9,2023-06-09,Pending
10139,2822,23,2024-11-03,Cancelled
10140,159,16,2024-06-17,Delivered
10141,3228,28,2025-11-17,Delivered
10142,2219,14,2023-08-17,Delivered
10143,3099,51,2024-07-26,Delivered
10144,2338,18,2024-10-22,Delivered
10145,1836,33,2025-11-04,Delivered
10146,1939,10,2022-06-17,Delivered
10147,1408,15,2023-10-21,Delivered
10148,3611,42,2022-06-03,Returned
10149,671,17,2024-02-02,Returned
10150,497,35,2022-01-19,Pending
10151,2987,34,2023-10-04,Pending
10152,3105,43,2025-04-20,Pending
10153,3932,32,2023-10-07,Pending
10154,1059,48,2022-08-24,Cancelled
10155,2298,36,2023-04-03,Cancelled
10156,1933,35,2025-01-20,Delivered
10157,589,27,2025-04-01,Delivered
10158,978,46,2022-06-21,Delivered
10159,3281,15,2024-12-23,Cancelled
10160,2565,44,2023-01-20,Delivered
10161,3065,58,2023-10-22,Returned
10162,247,36,2024-04-12,Delivered
10163,3893,47,2022-10-27,Delivered
10164,440,39,2022-07-04,Returned
10165,550,22,2024-11-15,Cancelled
10166,3099,3,2023-03-20,Delivered
10167,2302,42,2024-06-02,Pending
10168,1370,59,2025-04-24,Cancelled
10169,3099,47,2025-08-24,Delivered
10170,3696,41,2023-03-12,Pending
10171,3549,9,2023-04-01,Delivered
10172,1344,50,2023-09-08,Cancelled
10173,2915,10,2025-11-04,Cancelled
10174,3277,30,2024-01-27,Cancelled
10175,128,29,2025-11-30,Delivered
10176,2552,47,2023-02-24,Delivered
10177,739,55,2023-08-22,Delivered
10178,1384,59,2023-03-29,Delivered
10179,928,4,2024-03-31,Delivered
10180,1228,36,2024-08-27,Cancelled
10181,1273,15,2025-05-23,Delivered
10182,2303,11,2024-12-23,Returned
10183,1891,6,2024-05-16,Pending
10184,2783,18,2025-11-24,Delivered
10185,2797,34,2024-02-05,Delivered
10186,489,32,2023-02-03,Delivered
10187,1994,12,2022-07-12,Pending
10188,3090,36,2024-10-15,Delivered
10189,3338,35,2022-08-26,Delivered
10190,1389,37,2023-05-06,Pending
10191,2954,51,2024-09-14,Cancelled
10192,2324,3,2022-09-01,Delivered
10193,733,4,2024-07-25,Delivered
10194,2436,13,2025-06-13,Delivered
10195,2501,39,2025-10-24,Delivered
10196,166,19,2025-10-01,Delivered
10197,3457,30,2022-02-20,Delivered
10198,866,55,2023-12-26,Delivered
10199,2923,37,2025-04-18,Pending
10200,2210,44,2024-03-05,Delivered
10201,1906,50,2022-12-23,Delivered
10202,67,60,2022-10-21,Pending
10203,1728,14,2023-10-14,Delivered
10204,200,18,2022-09-17,Delivered
10205,2884,7,2024-05-23,Pending
10206,3126,1,2022-03-27,Delivered
10207,2619,35,2025-01-18,Returned
10208,2607,35,2024-09-02,Pending
10209,3665,10,2024-10-15,Pending
10210,3605,37,2024-08-23,Delivered
10211,922,19,2024-04-25,Cancelled
10212,1665,10,2023-02-04,Delivered
10213,1107,43,2024-02-08,Cancelled
10214,2743,10,2023-10-27,Delivered
10215,2132,15,2023-08-11,Delivered
10216,1649,20,2024-07-10,Delivered
10217,1036,48,2023-12-08,Delivered
10218,2813,44,2025-03-09,Delivered
10219,3330,1,2023-09-15,Delivered
10220,2816,49,2023-08-05,Delivered
10221,120,7,2025-06-21,Delivered
10222,2754,26,2022-03-07,Delivered
10223,2485,4,2022-11-05,Delivered
10224,1674,29,2023-04-07,Delivered
10225,3714,43,2024-06-20,Pending
10226,472,36,2025-08-11,Returned
10227,3351,17,2024-07-06,Delivered
10228,3559,8,2024-12-31,Pending
10229,1157,55,2023-10-03,Pending
10230,1615,58,2022-11-27,Delivered
10231,3517,23,2025-11-18,Delivered
10232,964,35,2024-09-02,Cancelled
10233,3310,57,2022-10-01,Delivered
10234,3020,56,2025-03-01,Delivered
10235,3661,13,2022-02-02,Pending
10236,2850,10,2024-12-01,Delivered
10237,687,55,2022-09-28,Cancelled
10238,2819,35,2022-01-18,Cancelled
10239,677,48,2022-05-24,Delivered
10240,3045,48,2023-08-16,Delivered
10241,1684,25,2022-04-02,Cancelled
10242,3218,21,2023-11-06,Delivered
10243,2399,53,2024-01-27,Pending
10244,2707,38,2025-12-17,Cancelled
10245,3797,59,2024-01-21,Cancelled
10246,776,55,2025-05-06,Delivered
10247,907,4,2023-07-28,Delivered
10248,819,49,2025-01-16,Cancelled
10249,1898,54,2024-01-27,Delivered
10250,1262,31,2023-01-27,Delivered
10251,2898,20,2023-07-14,Pending
10252,633,25,2025-08-06,Returned
10253,3677,6,2022-05-09,Delivered
10254,2791,38,2025-10-26,Delivered
10255,1807,16,2022-10-03,Cancelled
10256,2325,23,2025-11-14,Delivered
10257,3363,22,2022-06-26,Delivered
10258,2276,11,2024-02-14,Cancelled
10259,1714,31,2022-11-09,Pending
10260,2288,37,2022-03-07,Cancelled
10261,3147,13,2024-05-22,Cancelled
10262,217,52,2023-10-25,Delivered
10263,3919,14,2023-10-27,Delivered
10264,900,13,2022-03-04,Returned
10265,3480,17,2023-03-28,Delivered
10266,2822,14,2025-05-25,Returned
10267,2783,21,2022-10-31,Delivered
10268,939,6,2024-09-13,Pending
10269,2222,28,2022-11-02,Delivered
10270,306,25,2024-10-08,Delivered
10271,440,60,2023-05-28,Cancelled
10272,3482,60,2025-02-25,Returned
10273,2270,30,2025-01-15,Delivered
10274,1854,56,2025-04-27,Delivered
10275,1836,20,2024-05-24,Delivered
10276,819,19,2025-05-30,Pending
10277,2613,9,2024-03-17,Cancelled
10278,2850,57,2022-11-12,Cancelled
10279,1935,13,2024-12-15,Delivered
10280,2807,21,2025-01-05,Delivered
10281,671,56,2025-07-25,Delivered
10282,115,36,2024-12-02,Cancelled
10283,226,4,2023-11-10,Delivered
10284,2480,20,2022-10-15,Returned
10285,342,30,2022-06-15,Delivered
10286,3952,48,2024-11-03,Delivered
10287,3380,55,2025-07-15,Returned
10288,1296,39,2023-09-22,Pending
10289,3729,55,2024-05-17,Delivered
10290,1952,12,2024-04-01,Returned
10291,3273,37,2022-04-13,Delivered
10292,2079,25,2024-09-01,Delivered
10293,198,3,2025-02-13,Delivered
10294,891,1,2024-08-20,Delivered
10295,3083,6,2022-07-22,Pending
10296,2004,28,2022-03-08,Returned
10297,1021,22,2024-08-10,Cancelled
10298,503,12,2023-09-25,Delivered
10299,975,29,2024-12-05,Pending
10300,3229,8,2024-02-28,Delivered
10301,2939,32,2023-09-01,Returned
10302,2334,5,2022-06-25,Pending
10303,75,58,2025-03-20,Delivered
10304,1862,57,2022-12-24,Delivered
10305,2409,8,2022-01-03,Delivered
10306,1864,34,2024-06-09,Delivered
10307,3780,34,2023-04-14,Pending
10308,3004,46,2025-01-28,Delivered
10309,886,22,2025-11-24,Pending
10310,922,17,2023-06-12,Delivered
10311,2047,34,2024-11-26,Delivered
10312,1155,32,2023-12-16,Returned
10313,1369,8,2024-10-15,Delivered
10314,3134,3,2023-06-17,Delivered
10315,3818,13,2023-07-01,Pending
10316,807,14,2023-10-31,Delivered
10317,3878,50,2024-11-13,Delivered
10318,3556,55,2023-02-05,Returned
10319,1674,20,2025-03-16,Cancelled
10320,2805,50,2025-08-12,Delivered
10321,721,50,2023-06-10,Delivered
10322,2433,1,2024-02-17,Delivered
10323,3278,18,2025-03-30,Delivered
10324,3400,41,2022-08-20,Cancelled
10325,3800,57,2023-03-07,Delivered
10326,4000,25,2025-08-20,Cancelled
10327,2005,27,2023-12-02,Delivered
10328,3758,42,2022-02-20,Returned
10329,1414,41,2023-12-17,Delivered
10330,653,35,2024-01-30,Pending
10331,79,16,2022-07-03,Pending
10332,2881,37,2022-01-08,Pending
10333,578,45,2023-07-05,Delivered
10334,3459,1,2024-08-15,Cancelled
10335,40,55,2025-07-21,Delivered
10336,3533,48,2023-07-27,Delivered
10337,1407,15,2025-07-31,Delivered
10338,3008,3,2024-01-13,Delivered
10339,807,2,2025-04-29,Pending
10340,941,8,2024-02-27,Cancelled
10341,2399,33,2022-04-13,Cancelled
10342,1994,14,2023-07-26,Delivered
10343,3065,48,2022-01-26,Returned
10344,2333,29,2024-01-25,Returned
10345,1548,25,2024-07-21,Pending
10346,96,25,2023-02-20,Delivered
10347,3698,6,2025-08-27,Delivered
10348,2,15,2023-05-16,Delivered
10349,3020,24,2025-09-06,Cancelled
10350,69,1,2022-05-23,Delivered
10351,3741,38,2022-06-14,Pending
10352,255,35,2022-09-25,Delivered
10353,1132,46,2023-10-23,Delivered
10354,3365,26,2025-06-04,Delivered
10355,1583,18,2022-09-09,Returned
10356,1656,7,2025-01-22,Delivered
10357,1288,13,2025-05-11,Delivered
10358,745,32,2025-07-04,Returned
10359,1612,13,2025-03-10,Delivered
10360,736,30,2025-02-23,Delivered
10361,2488,59,2022-07-30,Delivered
10362,1392,14,2025-10-06,Delivered
10363,749,59,2025-08-18,Delivered
10364,819,10,2022-07-17,Returned
10365,3854,27,2023-02-18,Returned
10366,51,6,2025-12-08,Delivered
10367,2022,57,2022-10-10,Delivered
10368,320,36,2023-11-21,Pending
10369,2607,53,2025-07-12,Delivered
10370,3004,55,2025-10-09,Delivered
10371,1177,57,2023-01-23,Delivered
10372,2370,3,2022-06-29,Delivered
10373,1156,35,2025-02-22,Returned
10374,186,47,2024-07-12,Delivered
10375,2835,56,2024-05-21,Delivered
10376,843,38,2023-12-26,Delivered
10377,1748,40,2024-11-30,Cancelled
10378,1417,21,2022-08-11,Delivered
10379,1851,43,2025-08-13,Delivered
10380,3887,17,2025-10-06,Returned
10381,1922,39,2025-09-25,Delivered
10382,2859,46,2022-08-07,Delivered
10383,3863,53,2023-08-15,Delivered
10384,1590,15,2024-07-11,Returned
10385,1674,12,2023-02-13,Returned
10386,3636,29,2023-08-18,Pending
10387,687,43,2024-08-03,Returned
10388,3421,23,2023-07-05,Delivered
10389,501,27,2024-11-19,Returned
10390,3646,33,2023-08-13,Cancelled
10391,3219,58,2025-10-19,Cancelled
10392,3964,2,2023-06-03,Pending
10393,1643,47,2025-12-21,Delivered
10394,775,58,2024-08-24,Returned
10395,1684,34,2023-02-14,Returned
10396,3758,8,2024-10-07,Delivered
10397,1449,12,2023-03-14,Cancelled
10398,2152,15,2025-04-20,Cancelled
10399,2545,37,2025-05-09,Delivered
10400,3557,3,2025-07-29,Pending
10401,3534,5,2023-09-17,Pending
10402,3136,9,2025-08-04,Delivered
10403,1969,29,2025-01-12,Pending
10404,3203,3,2023-08-09,Cancelled
10405,3331,46,2023-02-12,Returned
10406,1788,6,2023-05-13,Cancelled
10407,957,28,2023-01-12,Delivered
10408,3892,49,2024-04-29,Delivered
10409,3092,32,2024-03-04,Pending
10410,3661,20,2025-05-20,Returned
10411,1822,7,2025-08-12,Delivered
10412,2143,36,2025-09-14,Pending
10413,2502,45,2024-04-15,Delivered
10414,1632,16,2024-07-31,Cancelled
10415,211,58,2024-09-22,Delivered
10416,3457,50,2025-01-28,Returned
10417,1728,52,2023-10-14,Delivered
10418,2896,50,2022-12-10,Delivered
10419,3271,26,2022-08-10,Delivered
10420,3267,45,2025-06-07,Pending
10421,2805,52,2025-07-06,Delivered
10422,2983,43,2024-08-22,Returned
10423,2430,16,2023-04-07,Delivered
10424,1945,36,2024-10-14,Cancelled
10425,494,35,2022-09-27,Delivered
10426,722,7,2025-12-31,Pending
10427,1111,39,2024-06-26,Delivered
10428,2060,43,2024-10-06,Delivered
10429,452,53,2025-02-07,Pending
10430,2660,52,2023-06-11,Returned
10431,3223,50,2023-12-02,Delivered
10432,5,51,2022-05-17,Delivered
10433,2646,49,2025-10-09,Delivered
10434,3605,15,2023-02-04,Delivered
10435,917,22,2022-10-26,Delivered
10436,2729,26,2023-10-23,Cancelled
10437,2716,45,2022-03-24,Cancelled
10438,2504,3,2024-12-02,Returned
10439,1078,27,2023-06-18,Delivered
10440,269,27,2024-09-27,Delivered
10441,2887,36,2023-03-24,Cancelled
10442,1377,1,2022-04-29,Pending
10443,428,47,2025-06-27,Delivered
10444,1477,20,2024-05-26,Delivered
10445,286,30,2025-12-03,Cancelled
10446,1058,58,2022-12-07,Cancelled
10447,3677,53,2023-06-10,Delivered
10448,2939,46,2025-07-21,Cancelled
10449,2992,15,2025-08-16,Delivered
10450,1767,18,2023-02-21,Pending
10451,3324,12,2022-12-10,Cancelled
10452,2570,46,2024-02-22,Delivered
10453,2309,4,2023-06-14,Delivered
10454,1442,46,2022-03-04,Pending
10455,373,26,2023-06-02,Cancelled
10456,79,17,2024-08-06,Delivered
10457,3063,10,2024-05-07,Returned
10458,3422,9,2022-01-14,Returned
10459,3105,53,2025-09-11,Returned
10460,3254,11,2025-01-25,Returned
10461,2719,22,2024-08-05,Delivered
10462,3337,14,2023-10-10,Delivered
10463,313,14,2022-11-13,Delivered
10464,3093,48,2025-10-26,Pending
10465,636,28,2025-07-01,Pending
10466,3111,52,2025-04-28,Returned
10467,1832,24,2023-01-29,Delivered
10468,3850,55,2024-11-21,Cancelled
10469,545,47,2023-08-01,Delivered
10470,2782,44,2023-10-28,Returned
10471,3533,46,2024-09-14,Returned
10472,3832,37,2023-07-06,Pending
10473,3646,41,2025-11-28,Delivered
10474,1509,57,2025-03-12,Delivered
10475,1674,54,2025-12-24,Pending
10476,1456,45,2025-09-21,Delivered
10477,3679,1,2024-10-22,Delivered
10478,1292,46,2023-06-17,Returned
10479,3896,7,2025-08-08,Delivered
10480,2776,49,2022-05-14,Pending
10481,3890,48,2025-01-23,Returned
10482,2370,31,2025-04-27,Pending
10483,3982,20,2025-08-10,Delivered
10484,3412,57,2025-02-09,Returned
10485,542,30,2024-05-16,Cancelled
10486,1301,1,2024-07-09,Delivered
10487,900,38,2022-12-13,Delivered
10488,545,50,2024-09-05,Delivered
10489,120,30,2024-06-04,Delivered
10490,2757,8,2022-12-01,Returned
10491,751,58,2024-04-04,Delivered
10492,752,24,2024-12-19,Delivered
10493,616,7,2022-12-02,Cancelled
10494,2635,59,2025-05-03,Delivered
10495,3201,25,2023-11-29,Delivered
10496,2084,47,2024-01-07,Delivered
10497,1011,46,2022-03-06,Delivered
10498,2900,53,2023-08-18,Delivered
10499,3500,13,2025-01-03,Pending
10500,2015,51,2025-08-29,Delivered
10501,3216,2,2024-10-27,Delivered
10502,2780,30,2025-06-07,Delivered
10503,3724,13,2022-01-31,Pending
10504,2025,27,2022-12-04,Delivered
10505,1933,45,2024-01-14,Delivered
10506,2783,16,2024-03-27,Cancelled
10507,1593,20,2025-12-22,Delivered
10508,3624,38,2022-08-31,Delivered
10509,589,33,2022-04-21,Delivered
10510,1111,9,2022-03-08,Pending
10511,829,33,2024-01-04,Delivered
10512,3090,33,2024-03-03,Delivered
10513,1982,51,2024-10-08,Delivered
10514,3192,5,2023-12-28,Delivered
10515,3751,31,2023-09-12,Cancelled
10516,3033,54,2022-02-14,Returned
10517,154,34,2025-11-01,Returned
10518,1101,29,2025-06-05,Pending
10519,868,16,2023-09-22,Delivered
10520,2417,1,2025-02-22,Cancelled
10521,227,52,2022-03-12,Delivered
10522,1294,13,2025-04-23,Delivered
10523,1690,22,2023-06-01,Returned
10524,2505,2,2023-07-04,Delivered
10525,3223,29,2024-03-08,Delivered
10526,322,60,2022-11-19,Returned
10527,605,34,2022-04-22,Cancelled
10528,32,16,2023-11-13,Delivered
10529,147,13,2025-11-11,Returned
10530,3430,53,2025-11-30,Returned
10531,630,17,2023-01-04,Delivered
10532,740,31,2023-07-14,Returned
10533,1898,4,2024-04-06,Pending
10534,3203,28,2023-01-03,Pending
10535,809,14,2022-10-18,Delivered
10536,3748,51,2025-08-29,Delivered
10537,1639,37,2022-03-08,Delivered
10538,3981,26,2022-07-14,Delivered
10539,827,60,2023-04-06,Returned
10540,3635,45,2023-03-30,Pending
10541,84,54,2024-08-09,Delivered
10542,3819,32,2023-08-07,Delivered
10543,863,45,2023-10-08,Delivered
10544,2174,27,2023-06-21,Cancelled
10545,678,20,2024-04-23,Delivered
10546,79,59,2024-07-31,Cancelled
10547,3255,41,2023-05-22,Delivered
10548,389,34,2024-11-21,Delivered
10549,728,1,2024-05-22,Pending
10550,3693,51,2022-06-19,Delivered
10551,2770,13,2025-12-08,Delivered
10552,3008,24,2023-06-02,Delivered
10553,1358,23,2023-01-02,Delivered
10554,3938,32,2025-02-12,Pending
10555,427,28,2023-09-12,Delivered
10556,2289,7,2022-08-26,Delivered
10557,1818,36,2023-05-18,Cancelled
10558,2060,24,2022-02-05,Pending
10559,1121,31,2023-04-24,Delivered
10560,1130,17,2023-08-25,Returned
10561,3353,36,2024-06-11,Delivered
10562,75,31,2023-08-05,Delivered
10563,809,58,2023-10-26,Delivered
10564,1634,31,2024-01-07,Delivered
10565,3769,26,2025-08-02,Pending
10566,910,40,2023-05-20,Delivered
10567,3688,6,2022-11-27,Delivered
10568,972,31,2022-05-13,Delivered
10569,2059,47,2023-05-07,Delivered
10570,1398,31,2025-06-02,Returned
10571,157,33,2023-07-27,Returned
10572,3170,2,2022-08-12,Delivered
10573,760,17,2023-05-10,Delivered
10574,2347,15,2025-02-16,Pending
10575,3597,58,2024-06-28,Delivered
10576,221,41,2025-10-07,Delivered
10577,3808,30,2024-09-13,Returned
10578,850,9,2025-10-18,Delivered
10579,3775,3,2024-04-11,Returned
10580,1032,36,2024-04-29,Cancelled
10581,3218,5,2022-11-25,Delivered
10582,1065,3,2022-06-15,Returned
10583,2081,14,2024-01-14,Delivered
10584,3832,9,2022-11-20,Delivered
10585,1210,2,2025-01-09,Delivered
10586,1294,35,2025-06-02,Cancelled
10587,3834,54,2023-08-26,Cancelled
10588,3862,3,2024-11-08,Delivered
10589,23,26,2025-06-08,Delivered
10590,3409,23,2024-07-07,Delivered
10591,318,32,2025-03-18,Delivered
10592,1021,21,2022-08-22,Delivered
10593,3692,33,2023-05-08,Delivered
10594,3045,30,2023-01-17,Cancelled
10595,3990,38,2025-06-25,Delivered
10596,69,44,2022-12-07,Pending
10597,2302,26,2025-08-11,Delivered
10598,653,39,2022-01-25,Delivered
10599,78,59,2023-07-11,Delivered
10600,3223,51,2025-04-11,Delivered
10601,2441,52,2023-04-09,Pending
10602,3489,50,2025-07-12,Delivered
10603,2780,4,2023-08-05,Delivered
10604,80,29,2024-08-31,Returned
10605,1697,39,2025-06-15,Delivered
10606,1496,5,2024-04-22,Delivered
10607,3090,34,2024-09-22,Pending
10608,40,39,2022-03-27,Cancelled
10609,266,43,2024-02-26,Delivered
10610,3842,56,2022-10-12,Delivered
10611,2552,10,2023-02-02,Delivered
10612,2168,27,2022-12-14,Delivered
10613,1380,11,2024-06-12,Cancelled
10614,3485,2,2023-03-29,Delivered
10615,3762,59,2025-11-19,Delivered
10616,2332,47,2025-05-09,Cancelled
10617,2969,28,2024-09-13,Delivered
10618,2084,53,2022-07-08,Returned
10619,1412,57,2025-06-25,Delivered
10620,3517,5,2025-12-12,Delivered
10621,564,43,2024-06-09,Cancelled
10622,120,52,2024-09-23,Cancelled
10623,1732,47,2025-07-08,Delivered
10624,389,40,2023-05-11,Delivered
10625,2502,31,2024-05-24,Delivered
10626,308,22,2025-12-06,Delivered
10627,2355,21,2022-02-08,Pending
10628,702,1,2024-10-11,Returned
10629,1969,15,2022-07-23,Delivered
10630,708,28,2025-07-25,Returned
10631,1456,27,2024-03-22,Delivered
10632,1389,59,2023-08-02,Delivered
10633,412,52,2022-11-12,Delivered
10634,1374,9,2022-12-20,Cancelled
10635,1121,44,2025-05-29,Delivered
10636,3161,6,2024-02-25,Returned
10637,2791,18,2024-09-27,Delivered
10638,2081,27,2023-08-05,Cancelled
10639,1767,55,2022-02-10,Delivered
10640,2152,30,2022-01-02,Returned
10641,396,3,2024-05-18,Delivered
10642,3414,46,2022-03-15,Delivered
10643,1496,7,2025-03-10,Returned
10644,461,35,2024-02-04,Returned
10645,1538,26,2024-02-26,Delivered
10646,113,32,2023-09-23,Pending
10647,1877,30,2025-07-24,Delivered
10648,133,29,2025-11-14,Pending
10649,2250,36,2025-06-13,Delivered
10650,3494,27,2024-10-04,Returned
10651,3230,49,2022-03-18,Pending
10652,3020,15,2025-01-27,Delivered
10653,2610,12,2025-09-28,Delivered
10654,3610,10,2024-12-25,Delivered
10655,1273,20,2025-07-13,Delivered
10656,1295,5,2024-06-27,Delivered
10657,3979,34,2022-10-10,Delivered
10658,2123,35,2022-12-20,Pending
10659,2756,4,2022-12-22,Returned
10660,2363,31,2023-08-25,Delivered
10661,3087,29,2025-01-28,Delivered
10662,3538,14,2022-04-09,Pending
10663,115,17,2023-10-14,Cancelled
10664,2699,10,2022-06-29,Pending
10665,1302,51,2025-03-08,Delivered
10666,261,57,2025-08-07,Returned
10667,669,34,2023-01-23,Delivered
10668,2505,39,2022-02-12,Pending
10669,1021,3,2023-05-09,Cancelled
10670,73,51,2024-05-18,Cancelled
10671,471,12,2025-09-13,Delivered
10672,483,26,2022-12-09,Delivered
10673,1141,41,2024-01-16,Delivered
10674,1950,45,2022-10-21,Delivered
10675,1864,34,2024-09-30,Cancelled
10676,436,37,2024-10-15,Delivered
10677,2877,40,2025-03-15,Delivered
10678,2141,38,2022-11-27,Delivered
10679,1514,19,2023-10-31,Delivered
10680,1295,33,2022-10-18,Returned
10681,686,11,2025-08-06,Pending
10682,79,26,2024-01-31,Delivered
10683,786,12,2023-02-14,Returned
10684,1167,5,2024-04-24,Delivered
10685,249,41,2022-08-12,Pending
10686,3648,28,2023-05-28,Delivered
10687,996,9,2025-06-29,Delivered
10688,3762,45,2025-01-01,Delivered
10689,2406,1,2025-09-06,Returned
10690,1065,37,2024-03-02,Delivered
10691,57,1,2024-05-28,Delivered
10692,630,22,2025-10-16,Delivered
10693,2371,48,2023-08-21,Delivered
10694,128,12,2025-12-01,Delivered
10695,3385,54,2025-11-30,Delivered
10696,849,15,2024-05-09,Cancelled
10697,415,43,2023-10-07,Delivered
10698,1110,52,2025-05-17,Pending
10699,751,50,2025-06-29,Pending
10700,3389,10,2024-06-20,Returned
10701,1993,20,2024-11-21,Delivered
10702,1704,49,2024-03-11,Delivered
10703,476,36,2022-06-01,Delivered
10704,3241,42,2023-03-09,Delivered
10705,1008,49,2024-04-24,Delivered
10706,1760,58,2025-08-22,Delivered
10707,3935,17,2024-11-23,Delivered
10708,1883,10,2025-11-23,Delivered
10709,2869,56,2025-08-23,Delivered
10710,2922,42,2024-01-31,Pending
10711,3559,26,2022-07-26,Pending
10712,246,34,2025-06-27,Cancelled
10713,3665,36,2022-01-24,Delivered
10714,2325,37,2025-01-21,Pending
10715,3457,46,2022-03-15,Delivered
10716,3501,23,2025-11-23,Cancelled
10717,3714,21,2023-08-17,Delivered
10718,3695,19,2022-12-14,Delivered
10719,2783,5,2023-02-01,Returned
10720,79,6,2023-06-02,Delivered
10721,440,55,2025-04-12,Delivered
10722,2946,45,2024-08-17,Pending
10723,2531,27,2025-11-04,Pending
10724,1138,50,2023-12-14,Returned
10725,3333,9,2022-03-05,Cancelled
10726,1763,23,2022-08-31,Cancelled
10727,3987,55,2025-06-30,Returned
10728,2048,36,2023-02-07,Pending
10729,2903,23,2022-09-18,Delivered
10730,200,29,2024-12-04,Cancelled
10731,1986,49,2022-08-27,Returned
10732,1086,35,2023-09-23,Cancelled
10733,107,28,2024-05-19,Delivered
10734,3824,1,2024-01-27,Delivered
10735,1942,36,2023-11-11,Delivered
10736,257,43,2023-12-23,Returned
10737,3202,22,2023-08-13,Returned
10738,1290,42,2024-03-25,Delivered
10739,2793,15,2022-12-30,Returned
10740,174,41,2024-03-22,Cancelled
10741,1864,1,2023-08-30,Cancelled
10742,3879,51,2023-03-25,Delivered
10743,2509,49,2024-01-31,Delivered
10744,3626,32,2022-05-07,Delivered
10745,1157,35,2024-07-18,Pending
10746,2380,4,2024-05-28,Delivered
10747,2079,16,2022-12-19,Delivered
10748,3865,42,2024-10-16,Delivered
10749,3290,1,2024-04-23,Pending
10750,1694,3,2022-07-15,Pending
10751,2943,53,2025-09-08,Returned
10752,3073,43,2024-08-25,Returned
10753,3963,5,2023-10-12,Cancelled
10754,2636,57,2022-02-13,Pending
10755,286,44,2022-10-25,Delivered
10756,2619,31,2025-07-08,Cancelled
10757,726,60,2025-03-14,Delivered
10758,1063,44,2025-09-18,Delivered
10759,1113,34,2022-03-02,Returned
10760,668,16,2022-03-06,Cancelled
10761,313,51,2022-04-19,Delivered
10762,187,35,2024-12-06,Returned
10763,863,55,2025-04-09,Returned
10764,3126,13,2025-12-14,Delivered
10765,1674,11,2022-04-26,Delivered
10766,268,5,2025-09-12,Delivered
10767,733,40,2022-10-30,Delivered
10768,1994,48,2024-01-07,Delivered
10769,3980,50,2022-09-15,Returned
10770,2658,28,2025-12-16,Pending
10771,2556,47,2023-05-28,Delivered
10772,2764,58,2022-12-10,Delivered
10773,78,26,2025-11-07,Delivered
10774,3138,34,2022-02-04,Delivered
10775,1201,50,2025-12-30,Cancelled
10776,2390,25,2024-01-13,Delivered
10777,789,13,2023-01-24,Pending
10778,3167,14,2024-05-17,Delivered
10779,2578,56,2025-09-03,Pending
10780,2148,22,2023-11-21,Cancelled
10781,1105,44,2024-10-24,Delivered
10782,1647,49,2022-08-12,Pending
10783,1988,29,2023-12-08,Pending
10784,1640,57,2023-05-09,Delivered
10785,1464,54,2022-11-20,Delivered
10786,2000,58,2025-11-02,Delivered
10787,368,10,2023-12-26,Pending
10788,2026,28,2023-05-01,Delivered
10789,1216,10,2024-10-15,Delivered
10790,739,12,2024-10-13,Pending
10791,2630,7,2024-01-17,Pending
10792,395,46,2025-04-18,Delivered
10793,161,20,2023-10-30,Delivered
10794,1975,14,2024-07-02,Cancelled
10795,3313,10,2024-03-31,Delivered
10796,247,47,2025-06-24,Cancelled
10797,3185,59,2022-03-04,Delivered
10798,2992,35,2024-11-26,Returned
10799,2607,8,2025-05-27,Delivered
10800,1821,28,2025-09-12,Pending
10801,2074,42,2022-07-05,Cancelled
10802,3547,39,2024-08-07,Pending
10803,2791,35,2022-06-14,Delivered
10804,2634,55,2024-04-18,Cancelled
10805,6,6,2022-10-09,Returned
10806,1167,8,2022-02-19,Pending
10807,1054,27,2023-12-06,Delivered
10808,3643,44,2025-10-28,Cancelled
10809,1485,4,2025-04-19,Returned
10810,889,29,2022-03-24,Delivered
10811,3545,56,2024-04-20,Delivered
10812,2466,58,2025-03-14,Delivered
10813,486,10,2023-11-16,Delivered
10814,480,57,2024-02-19,Delivered
10815,912,59,2024-05-20,Delivered
10816,3828,37,2025-09-22,Delivered
10817,2565,20,2024-10-27,Delivered
10818,1023,20,2023-09-29,Delivered
10819,3794,55,2023-03-16,Delivered
10820,405,52,2024-09-13,Delivered
10821,895,47,2024-01-07,Delivered
10822,3646,6,2024-11-09,Delivered
10823,849,14,2025-08-18,Delivered
10824,3773,43,2024-09-11,Cancelled
10825,1478,39,2025-01-01,Delivered
10826,2791,59,2025-04-15,Delivered
10827,1637,51,2024-02-29,Delivered
10828,1704,41,2025-03-02,Delivered
10829,3374,17,2024-06-12,Cancelled
10830,2015,17,2025-12-05,Delivered
10831,564,9,2023-03-23,Delivered
10832,2375,6,2023-05-17,Returned
10833,2834,6,2025-05-06,Delivered
10834,1151,51,2024-11-09,Delivered
10835,3065,55,2025-09-17,Delivered
10836,2615,51,2024-09-11,Pending
10837,2987,28,2022-05-25,Delivered
10838,3745,8,2023-08-01,Delivered
10839,3987,18,2025-02-20,Delivered
10840,3845,33,2025-08-29,Delivered
10841,3096,10,2022-05-07,Pending
10842,1541,55,2024-01-07,Delivered
10843,3418,3,2025-03-22,Returned
10844,2309,10,2023-08-14,Delivered
10845,3255,42,2022-07-11,Delivered
10846,49,32,2023-07-20,Returned
10847,1888,24,2022-08-15,Delivered
10848,1710,6,2025-11-14,Cancelled
10849,1544,10,2025-01-01,Cancelled
10850,2615,2,2024-01-05,Delivered
10851,3400,35,2025-01-21,Pending
10852,2664,53,2022-12-17,Cancelled
10853,2993,41,2022-06-09,Delivered
10854,1612,58,2024-09-16,Delivered
10855,1208,4,2022-03-12,Delivered
10856,2946,21,2022-05-29,Returned
10857,3207,38,2023-07-05,Cancelled
10858,3396,1,2023-04-19,Delivered
10859,728,1,2024-01-10,Delivered
10860,173,60,2025-07-11,Cancelled
10861,3926,5,2024-12-31,Delivered
10862,2322,6,2023-04-17,Delivered
10863,95,47,2025-01-22,Returned
10864,2562,3,2025-10-22,Delivered
10865,2969,44,2024-02-10,Pending
10866,800,23,2023-09-14,Delivered
10867,1894,35,2024-07-06,Cancelled
10868,2805,7,2022-08-29,Pending
10869,3071,11,2022-11-13,Cancelled
10870,2867,44,2022-12-11,Cancelled
10871,2278,59,2022-11-02,Returned
10872,3004,8,2022-08-10,Pending
10873,1254,34,2022-03-04,Delivered
10874,726,51,2023-12-23,Pending
10875,2968,6,2024-03-26,Delivered
10876,2448,21,2023-06-15,Delivered
10877,1203,3,2023-02-09,Delivered
10878,2378,39,2023-11-12,Cancelled
10879,2205,22,2022-02-23,Returned
10880,1695,9,2024-12-13,Delivered
10881,2100,38,2022-05-18,Delivered
10882,975,15,2022-10-10,Delivered
10883,3330,27,2024-12-07,Delivered
10884,3732,51,2025-07-03,Delivered
10885,1928,12,2025-12-27,Delivered
10886,656,25,2024-05-23,Delivered
10887,3583,18,2025-08-19,Delivered
10888,1948,10,2022-10-05,Returned
10889,3017,8,2022-08-08,Pending
10890,807,36,2022-07-12,Cancelled
10891,3893,60,2025-06-03,Returned
10892,3485,49,2025-07-04,Delivered
10893,1818,26,2023-12-04,Cancelled
10894,2357,49,2022-12-25,Cancelled
10895,3224,11,2023-07-05,Delivered
10896,886,30,2022-09-24,Pending
10897,3410,1,2023-07-11,Pending
10898,2713,40,2022-08-21,Delivered
10899,190,4,2025-02-28,Delivered
10900,3042,35,2023-08-30,Delivered
10901,977,42,2022-08-25,Delivered
10902,1013,2,2024-05-05,Delivered
10903,1634,28,2022-12-27,Returned
10904,1294,45,2023-06-13,Delivered
10905,3612,52,2022-03-20,Pending
10906,1011,29,2022-01-07,Delivered
10907,156,7,2023-10-20,Delivered
10908,262,52,2025-05-07,Pending
10909,2105,50,2022-07-13,Delivered
10910,440,6,2023-08-24,Delivered
10911,1241,32,2024-05-09,Cancelled
10912,137,3,2024-08-29,Delivered
10913,3197,1,2022-01-31,Cancelled
10914,2939,37,2025-04-11,Delivered
10915,1479,52,2025-12-28,Delivered
10916,3388,36,2024-05-17,Delivered
10917,1490,18,2024-08-02,Delivered
10918,2554,18,2023-07-29,Pending
10919,1583,27,2024-09-08,Delivered
10920,3865,25,2022-03-11,Delivered
10921,262,2,2023-05-26,Returned
10922,2264,27,2022-05-20,Delivered
10923,2834,31,2024-02-22,Pending
10924,1551,16,2024-07-12,Delivered
10925,3099,44,2022-12-27,Delivered
10926,3685,24,2024-07-01,Delivered
10927,3648,4,2025-02-06,Delivered
10928,486,9,2023-01-06,Delivered
10929,79,22,2025-11-24,Pending
10930,1916,14,2025-03-22,Delivered
10931,2525,33,2024-01-31,Delivered
10932,2849,17,2023-09-24,Delivered
10933,3712,48,2022-07-07,Delivered
10934,410,29,2024-09-11,Delivered
10935,3093,22,2024-04-14,Pending
10936,3152,10,2025-05-19,Delivered
10937,1781,6,2022-12-12,Delivered
10938,3383,60,2022-05-02,Delivered
10939,3771,52,2025-08-24,Cancelled
10940,3272,40,2023-03-04,Delivered
10941,2659,10,2024-10-17,Delivered
10942,2579,55,2025-03-12,Delivered
10943,3273,60,2025-02-19,Delivered
10944,2647,27,2022-12-26,Pending
10945,1400,9,2022-05-24,Delivered
10946,1793,13,2025-08-03,Delivered
10947,2091,6,2025-09-03,Delivered
10948,493,19,2022-06-07,Returned
10949,2812,35,2025-02-10,Delivered
10950,3513,48,2024-09-13,Cancelled
10951,3750,19,2023-08-16,Delivered
10952,1116,55,2022-01-04,Cancelled
10953,1326,28,2022-09-01,Cancelled
10954,98,36,2023-10-07,Delivered
10955,928,32,2023-10-12,Delivered
10956,3432,22,2025-05-29,Delivered
10957,1156,53,2023-08-11,Delivered
10958,987,8,2024-08-31,Delivered
10959,787,14,2022-03-04,Cancelled
10960,3783,37,2022-05-24,Cancelled
10961,2849,42,2025-01-01,Returned
10962,809,31,2022-09-28,Delivered
10963,2501,44,2022-11-29,Cancelled
10964,3667,60,2025-10-28,Delivered
10965,1514,52,2024-04-25,Delivered
10966,1864,38,2025-06-07,Delivered
10967,2991,51,2024-09-16,Delivered
10968,3996,4,2022-08-07,Cancelled
10969,304,52,2023-03-28,Delivered
10970,3784,16,2022-11-17,Delivered
10971,1548,46,2025-03-08,Returned
10972,819,27,2023-09-12,Cancelled
10973,789,34,2025-09-07,Delivered
10974,493,11,2025-02-20,Delivered
10975,120,12,2025-03-13,Delivered
10976,266,51,2023-07-06,Returned
10977,1020,20,2023-11-21,Delivered
10978,1177,4,2025-05-08,Pending
10979,1294,33,2024-12-28,Delivered
10980,3935,6,2024-08-08,Returned
10981,3878,24,2022-06-23,Cancelled
10982,2121,35,2025-11-24,Delivered
10983,1868,27,2022-09-07,Delivered
10984,3255,45,2025-01-06,Delivered
10985,2886,45,2022-06-26,Delivered
10986,2447,47,2022-07-01,Delivered
10987,2174,29,2022-07-11,Pending
10988,3037,2,2023-12-15,Cancelled
10989,65,44,2023-01-12,Delivered
10990,2193,58,2025-11-30,Delivered
10991,122,59,2025-08-19,Delivered
10992,859,55,2024-04-13,Returned
10993,3011,17,2024-07-15,Cancelled
10994,3538,40,2022-02-04,Delivered
10995,1005,42,2023-05-29,Pending
10996,1696,14,2022-10-30,Delivered
10997,330,54,2025-04-01,Returned
10998,3826,48,2022-05-29,Returned
10999,2110,57,2025-09-09,Delivered
11000,3963,54,2024-11-05,Delivered
11001,3711,58,2022-11-01,Cancelled
11002,3428,24,2022-05-03,Delivered
11003,2241,12,2023-02-03,Cancelled
11004,2617,3,2024-12-17,Cancelled
11005,2474,40,2023-05-25,Returned
11006,13,30,2022-01-26,Delivered
11007,211,45,2022-06-25,Delivered
11008,3913,56,2025-11-05,Cancelled
11009,2622,1,2025-02-09,Delivered
11010,1177,45,2025-02-17,Cancelled
11011,1674,21,2024-06-01,Delivered
11012,2188,49,2023-09-18,Pending
11013,42,60,2024-02-01,Returned
11014,3412,38,2025-07-09,Pending
11015,917,39,2025-07-31,Returned
11016,3444,1,2024-11-23,Delivered
11017,1896,49,2023-07-18,Delivered
11018,2468,13,2023-07-27,Delivered
11019,294,39,2022-10-25,Delivered
11020,1253,9,2024-07-09,Delivered
11021,95,56,2024-04-18,Pending
11022,2953,30,2023-07-29,Delivered
11023,1913,41,2023-03-21,Delivered
11024,1170,58,2024-10-05,Cancelled
11025,2309,23,2024-03-24,Delivered
11026,3297,23,2025-07-30,Delivered
11027,1216,25,2025-01-17,Delivered
11028,2916,59,2024-04-29,Pending
11029,713,22,2024-12-14,Delivered
11030,2280,27,2025-02-06,Pending
11031,2069,50,2023-03-11,Pending
11032,3267,3,2025-05-31,Delivered
11033,2303,27,2023-04-03,Pending
11034,1297,7,2025-05-09,Delivered
11035,221,50,2022-09-22,Cancelled
11036,185,18,2023-11-06,Delivered
11037,849,19,2024-05-22,Returned
11038,283,52,2022-10-14,Cancelled
11039,2620,56,2023-06-29,Delivered
11040,975,17,2025-04-09,Delivered
11041,286,7,2022-10-23,Delivered
11042,1929,59,2025-11-07,Delivered
11043,2819,18,2025-07-06,Returned
11044,2466,28,2024-02-04,Delivered
11045,1389,4,2022-05-01,Returned
11046,3458,35,2023-04-06,Pending
11047,1532,58,2024-10-05,Delivered
11048,1047,40,2023-12-10,Returned
11049,3046,25,2024-08-12,Returned
11050,849,28,2022-06-05,Delivered
11051,3071,29,2022-12-07,Delivered
11052,2720,35,2025-03-06,Delivered
11053,3158,41,2024-12-20,Returned
11054,3325,60,2023-07-18,Delivered
11055,1071,38,2023-01-27,Pending
11056,1456,56,2024-11-04,Returned
11057,3656,8,2022-05-26,Cancelled
11058,1446,10,2022-08-26,Delivered
11059,1700,23,2022-03-01,Delivered
11060,313,11,2024-08-24,Delivered
11061,2394,49,2023-03-29,Pending
11062,2568,18,2022-01-24,Delivered
11063,2756,21,2025-09-21,Returned
11064,3324,7,2024-03-02,Cancelled
11065,660,14,2022-01-26,Delivered
11066,3868,3,2023-12-27,Returned
11067,3987,47,2022-01-21,Cancelled
11068,3090,32,2023-05-03,Delivered
11069,1761,21,2024-11-15,Pending
11070,1130,49,2024-04-06,Cancelled
11071,1546,46,2023-05-16,Pending
11072,3987,51,2024-09-08,Delivered
11073,3212,37,2023-10-14,Cancelled
11074,3785,58,2022-12-16,Delivered
11075,3389,31,2024-04-23,Pending
11076,241,20,2022-02-03,Pending
11077,2619,19,2023-11-08,Delivered
11078,2446,17,2022-01-12,Delivered
11079,1183,37,2022-02-03,Pending
11080,247,11,2024-08-18,Delivered
11081,1818,6,2022-12-03,Cancelled
11082,115,51,2025-12-12,Pending
11083,3865,53,2025-06-24,Delivered
11084,2716,49,2025-12-18,Cancelled
11085,1428,19,2023-05-16,Pending
11086,1818,47,2024-11-17,Delivered
11087,3522,48,2022-11-16,Cancelled
11088,268,48,2025-04-11,Pending
11089,886,41,2022-06-27,Delivered
11090,929,30,2024-05-29,Cancelled
11091,1333,3,2024-02-19,Delivered
11092,1472,50,2022-09-20,Delivered
11093,3223,39,2023-01-23,Returned
11094,156,42,2024-08-26,Cancelled
11095,2908,45,2022-05-24,Delivered
11096,3751,44,2025-06-01,Delivered
11097,1238,35,2023-04-26,Delivered
11098,2607,10,2023-03-08,Pending
11099,2849,49,2025-08-14,Returned
11100,3365,20,2025-04-12,Returned
11101,1086,21,2025-10-03,Delivered
11102,3114,18,2022-10-06,Delivered
11103,2215,41,2024-12-13,Delivered
11104,1696,23,2022-06-17,Pending
11105,1621,43,2024-07-01,Delivered
11106,2783,51,2025-02-07,Returned
11107,1790,28,2025-11-12,Delivered
11108,2154,53,2022-09-28,Delivered
11109,2552,31,2025-08-04,Returned
11110,1226,42,2025-10-12,Delivered
11111,1121,13,2022-02-12,Cancelled
11112,266,39,2022-02-16,Delivered
11113,2188,59,2024-07-05,Delivered
11114,589,38,2022-11-15,Returned
11115,2534,16,2024-08-12,Delivered
11116,2074,58,2024-12-12,Pending
11117,1639,32,2022-05-27,Returned
11118,1396,58,2022-09-19,Returned
11119,1947,28,2024-09-04,Delivered
11120,1167,55,2024-07-05,Delivered
11121,1374,21,2025-09-10,Delivered
11122,2448,5,2023-04-12,Delivered
11123,2697,57,2022-05-30,Delivered
11124,3065,25,2025-02-15,Delivered
11125,432,56,2023-11-12,Delivered
11126,2157,20,2022-07-09,Returned
11127,200,43,2023-09-12,Pending
11128,605,30,2023-07-24,Delivered
11129,3909,34,2025-10-05,Delivered
11130,762,19,2023-09-19,Cancelled
11131,929,8,2022-01-01,Pending
11132,3336,28,2025-05-14,Delivered
11133,1864,22,2023-11-11,Returned
11134,1472,46,2022-12-03,Cancelled
11135,2562,27,2024-04-21,Delivered
11136,2441,14,2025-01-02,Delivered
11137,3528,50,2025-07-14,Cancelled
11138,681,20,2022-07-14,Returned
11139,2965,23,2023-01-10,Cancelled
11140,1449,28,2023-10-28,Delivered
11141,2995,32,2024-12-08,Pending
11142,2465,10,2025-04-07,Pending
11143,445,55,2023-12-16,Delivered
11144,1606,16,2023-08-16,Returned
11145,1574,53,2025-04-06,Delivered
11146,3011,51,2024-06-11,Returned
11147,807,38,2022-08-27,Delivered
11148,2370,4,2024-03-04,Delivered
11149,539,30,2025-09-13,Pending
11150,3181,25,2025-08-13,Delivered
11151,650,28,2022-04-12,Delivered
11152,1525,56,2024-07-23,Returned
11153,3157,32,2023-12-30,Cancelled
11154,434,9,2023-01-22,Delivered
11155,1621,8,2023-04-05,Delivered
11156,1295,30,2024-09-10,Pending
11157,3605,47,2023-09-22,Pending
11158,3794,50,2022-07-04,Delivered
11159,2334,6,2025-07-06,Delivered
11160,2773,7,2022-08-20,Delivered
11161,2968,58,2023-09-24,Pending
11162,3865,38,2022-05-07,Delivered
11163,2845,34,2023-01-19,Delivered
11164,3788,30,2023-10-18,Returned
11165,2010,57,2025-09-17,Returned
11166,200,28,2023-06-13,Cancelled
11167,3987,23,2023-06-04,Returned
11168,715,52,2025-04-01,Delivered
11169,2338,44,2022-12-31,Pending
11170,3349,2,2024-03-30,Delivered
11171,2826,58,2024-03-28,Delivered
11172,2293,31,2022-12-09,Pending
11173,3677,30,2022-08-25,Delivered
11174,2845,54,2023-08-30,Delivered
11175,758,42,2023-05-02,Returned
11176,2427,27,2023-10-20,Delivered
11177,1474,36,2024-10-05,Pending
11178,2188,10,2022-11-26,Delivered
11179,2505,40,2023-07-16,Delivered
11180,3718,54,2023-07-22,Pending
11181,1664,49,2025-08-26,Delivered
11182,2608,37,2024-02-29,Pending
11183,228,59,2024-06-08,Delivered
11184,1026,35,2022-10-25,Delivered
11185,3596,41,2023-07-02,Cancelled
11186,156,13,2025-02-09,Delivered
11187,3207,20,2025-05-12,Pending
11188,2756,14,2024-08-24,Delivered
11189,2592,30,2025-03-16,Cancelled
11190,1090,3,2025-10-06,Delivered
11191,2995,30,2023-12-03,Delivered
11192,3153,31,2022-06-22,Delivered
11193,1897,29,2024-04-16,Delivered
11194,2370,51,2025-06-05,Cancelled
11195,2990,45,2024-04-15,Delivered
11196,3802,31,2025-05-12,Delivered
11197,3523,31,2022-09-19,Delivered
11198,1116,33,2022-12-04,Delivered
11199,1906,2,2024-09-29,Cancelled
11200,3628,49,2023-10-01,Cancelled
11201,3184,52,2022-01-02,Delivered
11202,2179,47,2024-03-11,Cancelled
11203,3878,44,2025-07-16,Delivered
11204,2836,25,2022-09-16,Cancelled
11205,3186,33,2024-01-24,Cancelled
11206,1456,32,2025-08-12,Returned
11207,2407,48,2022-10-15,Delivered
11208,3641,45,2023-09-15,Pending
11209,1260,14,2022-05-03,Cancelled
11210,3139,4,2024-10-16,Delivered
11211,3965,39,2024-08-27,Cancelled
11212,958,45,2024-11-11,Returned
11213,1211,29,2023-12-06,Pending
11214,1589,47,2023-08-26,Delivered
11215,1621,11,2024-07-17,Delivered
11216,3360,30,2022-01-09,Delivered
11217,343,13,2022-07-07,Cancelled
11218,1539,10,2022-08-17,Cancelled
11219,3471,46,2025-08-14,Delivered
11220,3373,27,2025-06-15,Delivered
11221,3165,52,2023-06-18,Pending
11222,1401,55,2022-12-25,Pending
11223,668,54,2023-08-04,Returned
11224,3106,20,2025-08-13,Delivered
11225,306,38,2025-09-05,Pending
11226,3046,47,2023-11-09,Pending
11227,1716,11,2025-09-30,Pending
11228,2435,51,2024-11-30,Cancelled
11229,2432,11,2023-03-30,Cancelled
11230,391,12,2023-09-05,Delivered
11231,2802,36,2023-01-26,Delivered
11232,2544,18,2023-12-08,Returned
11233,1383,21,2025-11-04,Delivered
11234,3154,25,2022-11-08,Delivered
11235,2365,38,2022-12-24,Cancelled
11236,1083,50,2023-07-28,Returned
11237,3473,48,2025-10-10,Delivered
11238,542,2,2024-01-28,Delivered
11239,1335,55,2025-03-10,Returned
11240,2747,18,2022-01-25,Delivered
11241,2354,25,2024-01-15,Delivered
11242,2104,17,2023-02-17,Pending
11243,3723,15,2024-07-26,Delivered
11244,1456,17,2024-02-24,Delivered
11245,23,18,2025-05-27,Delivered
11246,3004,21,2024-08-11,Returned
11247,3045,57,2023-04-07,Delivered
11248,1885,6,2023-03-10,Pending
11249,1831,28,2024-12-06,Delivered
11250,1159,30,2022-05-26,Delivered
11251,983,1,2024-09-16,Delivered
11252,2512,47,2025-05-19,Delivered
11253,1891,3,2025-02-19,Delivered
11254,2256,7,2023-01-15,Delivered
11255,1149,6,2025-03-29,Delivered
11256,2829,54,2023-02-12,Delivered
11257,1829,41,2024-11-08,Delivered
11258,2325,55,2022-10-06,Delivered
11259,1083,41,2025-12-12,Pending
11260,3687,6,2023-02-25,Delivered
11261,2303,10,2022-01-12,Delivered
11262,1503,19,2022-08-21,Returned
11263,1652,34,2024-05-23,Delivered
11264,825,59,2022-01-30,Delivered
11265,784,36,2024-01-04,Pending
11266,2812,48,2023-02-02,Cancelled
11267,3089,28,2025-07-25,Cancelled
11268,3485,29,2024-08-16,Cancelled
11269,3729,25,2024-08-09,Delivered
11270,1280,53,2022-01-06,Delivered
11271,1141,50,2023-09-13,Delivered
11272,751,35,2023-04-18,Pending
11273,2775,42,2025-03-24,Pending
11274,1861,8,2023-09-03,Delivered
11275,3293,6,2023-02-12,Delivered
11276,278,29,2024-08-18,Delivered
11277,253,23,2022-08-06,Delivered
11278,1343,22,2022-08-07,Delivered
11279,2327,27,2024-04-29,Delivered
11280,2672,10,2022-03-02,Returned
11281,2660,56,2024-10-15,Delivered
11282,703,6,2024-02-06,Delivered
11283,901,52,2022-06-28,Delivered
11284,2646,2,2025-09-23,Delivered
11285,3865,9,2025-05-05,Delivered
11286,3011,44,2022-08-15,Delivered
11287,3667,60,2024-01-13,Pending
11288,3618,15,2022-10-16,Delivered
11289,211,23,2025-04-20,Pending
11290,998,22,2024-03-08,Cancelled
11291,2592,59,2023-01-09,Pending
11292,3045,32,2022-11-04,Delivered
11293,3365,1,2022-07-13,Delivered
11294,1600,56,2025-07-16,Cancelled
11295,3997,31,2025-01-27,Cancelled
11296,2309,20,2024-06-12,Returned
11297,3292,57,2025-05-31,Delivered
11298,3011,2,2025-05-22,Cancelled
11299,2925,28,2022-12-29,Cancelled
11300,2497,40,2024-04-06,Returned
11301,630,23,2023-03-17,Delivered
11302,1976,21,2023-07-19,Delivered
11303,1861,40,2022-02-01,Delivered
11304,974,17,2024-05-23,Delivered
11305,928,7,2024-12-28,Returned
11306,1661,53,2022-04-01,Delivered
11307,2891,32,2025-01-13,Returned
11308,1553,29,2022-10-18,Cancelled
11309,2777,49,2022-11-22,Delivered
11310,1608,2,2023-02-19,Returned
11311,3105,21,2024-09-29,Delivered
11312,1737,14,2025-05-08,Delivered
11313,3504,53,2024-01-10,Pending
11314,3292,47,2022-05-01,Delivered
11315,1955,29,2023-02-14,Delivered
11316,1144,55,2025-03-21,Delivered
11317,1131,57,2022-10-29,Delivered
11318,3011,17,2025-07-31,Delivered
11319,304,28,2023-02-26,Delivered
11320,1654,35,2024-01-23,Pending
11321,3847,49,2025-08-25,Delivered
11322,2992,21,2022-04-07,Delivered
11323,695,4,2023-06-19,Cancelled
11324,2100,9,2022-03-07,Delivered
11325,1023,11,2024-09-18,Delivered
11326,1374,16,2023-05-23,Cancelled
11327,23,22,2025-06-08,Pending
11328,2009,53,2025-11-14,Delivered
11329,2615,27,2024-09-20,Delivered
11330,921,1,2023-01-21,Cancelled
11331,917,50,2023-06-24,Pending
11332,1593,7,2023-02-12,Delivered
11333,1898,19,2024-06-02,Cancelled
11334,2325,22,2024-03-27,Delivered
11335,1217,22,2025-05-14,Returned
11336,2945,42,2022-04-11,Cancelled
11337,1131,25,2025-11-26,Delivered
11338,3968,25,2025-10-19,Delivered
11339,1037,28,2022-10-10,Cancelled
11340,2756,48,2022-11-10,Delivered
11341,432,56,2025-07-19,Delivered
11342,1566,7,2024-10-19,Delivered
11343,657,47,2022-10-17,Delivered
11344,75,24,2025-04-24,Cancelled
11345,3524,21,2025-08-08,Delivered
11346,3008,9,2025-07-08,Returned
11347,739,50,2022-08-19,Delivered
11348,1639,12,2025-07-12,Delivered
11349,3277,4,2024-04-27,Pending
11350,3033,29,2022-06-13,Delivered
11351,2886,47,2023-05-05,Returned
11352,549,24,2024-06-21,Delivered
11353,2771,9,2025-10-04,Delivered
11354,461,36,2025-03-07,Returned
11355,2146,14,2025-04-18,Delivered
11356,24,12,2023-05-14,Delivered
11357,2776,59,2023-02-25,Delivered
11358,1862,8,2025-05-29,Delivered
11359,3502,16,2024-10-07,Delivered
11360,2563,38,2023-03-27,Delivered
11361,2308,1,2024-03-13,Delivered
11362,1793,27,2022-12-11,Delivered
11363,2791,57,2025-12-06,Delivered
11364,436,11,2025-12-09,Cancelled
11365,3008,56,2023-03-22,Cancelled
11366,3374,58,2025-05-14,Delivered
11367,3688,16,2022-08-01,Delivered
11368,987,35,2025-05-13,Delivered
11369,328,54,2025-01-05,Cancelled
11370,2061,20,2022-03-31,Delivered
11371,133,59,2023-04-27,Delivered
11372,2498,39,2023-10-06,Delivered
11373,2448,22,2022-01-12,Pending
11374,1124,7,2025-10-29,Delivered
11375,163,48,2024-11-30,Delivered
11376,3646,50,2023-01-21,Pending
11377,3065,48,2025-02-25,Delivered
11378,1211,5,2025-02-14,Delivered
11379,668,30,2025-08-29,Delivered
11380,1188,44,2022-06-11,Delivered
11381,2875,45,2025-08-02,Delivered
11382,19,47,2022-06-23,Delivered
11383,917,45,2023-03-25,Delivered
11384,306,41,2024-01-02,Delivered
11385,936,7,2023-04-02,Cancelled
11386,3202,50,2025-02-27,Delivered
11387,1237,11,2025-01-06,Pending
11388,2856,39,2024-11-30,Cancelled
11389,1637,23,2023-09-25,Delivered
11390,2174,19,2025-11-30,Returned
11391,2532,51,2022-11-25,Delivered
11392,2942,3,2022-08-02,Cancelled
11393,3826,56,2022-06-01,Returned
11394,751,38,2022-10-05,Cancelled
11395,348,3,2025-08-06,Cancelled
11396,1211,18,2022-01-11,Delivered
11397,2599,12,2022-08-25,Delivered
11398,3582,24,2023-07-21,Delivered
11399,1130,14,2023-01-13,Delivered
11400,1536,22,2024-11-20,Delivered
11401,3760,32,2024-03-02,Delivered
11402,3099,5,2025-05-25,Returned
11403,2040,54,2022-02-13,Delivered
11404,609,48,2023-12-18,Returned
11405,1862,34,2024-06-27,Returned
11406,349,7,2023-11-27,Delivered
11407,3805,13,2023-03-05,Delivered
11408,2353,32,2022-07-01,Pending
11409,2585,37,2024-10-14,Returned
11410,849,39,2023-10-03,Delivered
11411,1167,1,2024-04-10,Delivered
11412,3089,60,2022-04-16,Returned
11413,2816,48,2025-02-15,Returned
11414,2659,50,2023-04-10,Returned
11415,3389,12,2023-07-09,Delivered
11416,2486,25,2023-09-01,Pending
11417,2229,14,2023-03-20,Delivered
11418,3209,46,2024-03-29,Pending
11419,684,39,2023-02-01,Pending
11420,769,37,2022-05-29,Delivered
11421,531,46,2023-10-13,Returned
11422,2756,52,2024-09-18,Pending
11423,2352,59,2023-10-16,Delivered
11424,1654,54,2022-11-23,Cancelled
11425,143,15,2022-09-14,Cancelled
11426,1280,5,2025-08-19,Delivered
11427,928,24,2024-01-28,Delivered
11428,2591,56,2022-01-18,Cancelled
11429,2152,41,2022-09-04,Delivered
11430,1199,46,2022-02-07,Returned
11431,1177,31,2025-11-20,Delivered
11432,2506,39,2022-07-20,Delivered
11433,3605,22,2024-01-19,Delivered
11434,79,22,2022-03-13,Delivered
11435,3872,51,2024-02-15,Returned
11436,2791,56,2025-07-12,Delivered
11437,1477,16,2024-06-08,Delivered
11438,3678,25,2024-10-22,Returned
11439,2081,5,2025-05-10,Returned
11440,2515,60,2022-03-25,Delivered
11441,1344,2,2024-11-28,Delivered
11442,3503,37,2024-04-22,Delivered
11443,3723,42,2024-06-20,Delivered
11444,2861,23,2025-09-01,Delivered
11445,100,10,2022-07-14,Pending
11446,3795,39,2023-09-26,Delivered
11447,2224,25,2022-04-11,Delivered
11448,1767,31,2024-05-04,Delivered
11449,211,13,2024-09-23,Delivered
11450,1174,20,2025-12-07,Delivered
11451,3223,25,2025-02-05,Returned
11452,2322,9,2022-01-07,Cancelled
11453,2776,33,2023-05-24,Returned
11454,2185,56,2023-08-27,Delivered
11455,1542,29,2023-12-24,Returned
11456,3240,39,2022-01-10,Delivered
11457,3714,34,2024-12-21,Delivered
11458,1146,2,2023-02-03,Delivered
11459,3111,41,2022-07-22,Delivered
11460,2619,9,2022-04-25,Delivered
11461,3630,30,2024-04-20,Delivered
11462,2845,27,2025-03-04,Pending
11463,123,18,2025-01-29,Returned
11464,3444,49,2024-10-18,Delivered
11465,1218,30,2023-06-04,Pending
11466,3648,17,2024-09-01,Cancelled
11467,2751,5,2023-04-30,Pending
11468,3737,15,2024-12-26,Delivered
11469,1933,50,2023-03-22,Delivered
11470,3557,58,2024-03-07,Delivered
11471,2159,11,2022-11-30,Cancelled
11472,2816,21,2025-09-18,Returned
11473,3648,14,2023-04-25,Cancelled
11474,2028,1,2023-06-26,Pending
11475,3031,58,2025-06-08,Pending
11476,2849,17,2023-11-14,Returned
11477,522,24,2023-11-01,Delivered
11478,245,53,2022-10-04,Delivered
11479,1949,47,2023-05-14,Delivered
11480,3862,6,2024-11-09,Delivered
11481,183,4,2022-02-09,Delivered
11482,1213,49,2025-04-30,Delivered
11483,2919,44,2024-05-08,Delivered
11484,3893,35,2022-08-07,Delivered
11485,74,28,2024-04-07,Cancelled
11486,3858,37,2024-01-06,Delivered
11487,1525,21,2023-02-09,Cancelled
11488,1414,34,2024-10-23,Returned
11489,2117,11,2025-11-16,Delivered
11490,200,39,2022-06-21,Delivered
11491,2468,45,2023-06-05,Delivered
11492,1062,52,2024-04-26,Cancelled
11493,1969,41,2025-07-01,Returned
11494,2690,15,2022-01-09,Delivered
11495,1332,25,2025-12-30,Delivered
11496,2992,13,2024-08-15,Delivered
11497,519,55,2023-01-18,Pending
11498,1326,17,2024-01-25,Delivered
11499,1320,57,2022-12-06,Delivered
11500,3856,25,2025-08-04,Delivered
11501,2384,16,2025-05-25,Delivered
11502,671,22,2023-02-21,Cancelled
11503,1861,29,2025-02-25,Delivered
11504,3760,18,2023-03-07,Pending
11505,2557,60,2022-07-15,Delivered
11506,3905,54,2024-10-20,Delivered
11507,2446,19,2025-10-28,Cancelled
11508,3559,58,2022-11-08,Pending
11509,114,52,2023-10-25,Cancelled
11510,1177,7,2024-01-27,Delivered
11511,1821,60,2024-05-03,Cancelled
11512,3756,36,2023-07-09,Returned
11513,157,19,2023-12-17,Returned
11514,2968,22,2024-11-17,Delivered
11515,1847,28,2022-09-30,Delivered
11516,1839,51,2022-04-09,Delivered
11517,3002,30,2024-06-20,Cancelled
11518,2377,50,2022-11-10,Pending
11519,1282,45,2022-11-30,Returned
11520,2849,12,2025-05-17,Pending
11521,1668,33,2023-10-08,Pending
11522,1975,23,2025-09-19,Delivered
11523,2413,53,2023-11-13,Delivered
11524,1183,55,2023-10-09,Delivered
11525,1767,31,2024-01-31,Delivered
11526,2759,59,2022-01-21,Pending
11527,1204,37,2024-10-03,Pending
11528,631,23,2023-08-09,Returned
11529,3519,13,2022-06-15,Delivered
11530,2325,5,2025-09-29,Delivered
11531,1940,53,2023-03-17,Delivered
11532,1370,3,2025-08-21,Cancelled
11533,3153,59,2022-01-22,Cancelled
11534,1237,11,2024-06-10,Pending
11535,917,3,2022-09-30,Delivered
11536,3832,21,2025-01-15,Delivered
11537,2655,34,2025-10-27,Delivered
11538,1372,37,2024-04-11,Pending
11539,1660,22,2025-11-19,Cancelled
11540,996,11,2023-09-09,Returned
11541,1321,18,2025-05-03,Pending
11542,3457,3,2025-05-18,Returned
11543,2204,23,2025-01-02,Delivered
11544,391,20,2024-08-23,Cancelled
11545,3616,45,2024-12-15,Delivered
11546,1261,13,2024-06-07,Delivered
11547,226,17,2023-04-15,Delivered
11548,3304,45,2022-08-06,Pending
11549,3350,56,2025-08-14,Cancelled
11550,2131,51,2025-04-14,Delivered
11551,1787,36,2023-11-24,Cancelled
11552,3180,46,2022-06-22,Delivered
11553,1569,34,2025-10-03,Pending
11554,3620,19,2024-01-28,Cancelled
11555,850,56,2025-01-06,Pending
11556,349,17,2022-08-19,Cancelled
11557,1788,4,2024-05-10,Delivered
11558,1822,37,2024-06-14,Delivered
11559,1280,48,2022-02-10,Delivered
11560,24,19,2022-05-02,Delivered
11561,2461,49,2024-01-25,Cancelled
11562,163,20,2024-07-05,Cancelled
11563,634,1,2025-09-10,Returned
11564,946,16,2023-10-10,Delivered
11565,844,3,2022-04-16,Delivered
11566,2480,40,2023-12-15,Delivered
11567,221,21,2023-08-29,Pending
11568,3843,13,2024-06-04,Delivered
11569,1802,45,2023-03-16,Delivered
11570,3114,59,2022-10-27,Pending
11571,1562,26,2025-10-26,Cancelled
11572,2367,5,2025-09-07,Delivered
11573,3539,30,2023-05-26,Cancelled
11574,1400,4,2023-11-13,Returned
11575,2146,42,2024-06-12,Delivered
11576,528,8,2022-08-11,Cancelled
11577,828,14,2024-01-11,Returned
11578,1121,46,2024-11-17,Cancelled
11579,2239,49,2022-08-18,Pending
11580,601,6,2022-03-19,Pending
11581,1167,45,2025-07-01,Delivered
11582,2441,10,2024-01-13,Delivered
11583,1667,51,2024-11-21,Delivered
11584,2677,57,2023-04-28,Pending
11585,3775,32,2024-10-27,Delivered
11586,989,12,2023-02-01,Returned
11587,2188,14,2023-07-06,Cancelled
11588,2736,46,2025-11-09,Returned
11589,1684,47,2024-02-23,Delivered
11590,3255,7,2025-07-08,Pending
11591,3661,45,2024-05-07,Delivered
11592,3807,34,2022-11-09,Cancelled
11593,1148,48,2024-05-11,Delivered
11594,2179,15,2023-08-18,Cancelled
11595,920,1,2025-02-16,Cancelled
11596,1247,30,2023-02-12,Cancelled
11597,2002,7,2022-12-18,Pending
11598,1822,42,2022-12-29,Delivered
11599,2421,20,2025-03-06,Delivered
11600,2284,36,2023-10-03,Delivered
11601,3412,16,2025-03-07,Delivered
11602,2000,50,2023-05-03,Cancelled
11603,3273,37,2022-08-24,Delivered
11604,3096,43,2025-02-20,Delivered
11605,2100,18,2025-08-26,Delivered
11606,1862,5,2025-07-22,Cancelled
11607,2399,21,2023-01-18,Delivered
11608,24,32,2024-04-05,Returned
11609,1617,38,2025-10-18,Delivered
11610,139,45,2022-06-26,Returned
11611,873,51,2025-07-06,Delivered
11612,1195,59,2022-10-22,Pending
11613,986,41,2025-01-09,Delivered
11614,186,22,2025-03-22,Delivered
11615,1084,44,2023-02-05,Returned
11616,189,50,2023-08-13,Cancelled
11617,1849,18,2022-04-20,Delivered
11618,3356,49,2025-03-11,Delivered
11619,313,48,2022-09-01,Returned
11620,3825,36,2023-03-21,Delivered
11621,3879,33,2025-09-15,Returned
11622,1479,38,2023-03-06,Returned
11623,1199,23,2024-06-16,Delivered
11624,200,18,2023-01-24,Delivered
11625,3843,9,2023-01-28,Delivered
11626,22,31,2022-03-10,Delivered
11627,3253,59,2022-06-01,Returned
11628,2196,53,2022-06-19,Cancelled
11629,1052,39,2024-07-21,Cancelled
11630,982,5,2024-08-05,Returned
11631,538,59,2022-02-09,Delivered
11632,306,49,2025-02-10,Pending
11633,930,38,2025-01-30,Cancelled
11634,3559,19,2025-03-09,Pending
11635,3243,48,2022-03-13,Pending
11636,1247,19,2025-09-12,Cancelled
11637,71,32,2023-07-01,Delivered
11638,3293,28,2025-07-11,Delivered
11639,653,5,2022-11-19,Delivered
11640,256,41,2022-07-20,Delivered
11641,1212,22,2024-01-27,Delivered
11642,133,31,2025-06-02,Delivered
11643,1821,27,2025-03-10,Delivered
11644,1738,29,2024-10-22,Pending
11645,3267,50,2022-05-23,Pending
11646,1788,12,2023-01-16,Delivered
11647,1101,6,2023-05-29,Pending
11648,2111,29,2024-07-31,Cancelled
11649,3652,41,2023-03-11,Delivered
11650,1095,48,2024-05-30,Delivered
11651,2848,24,2022-08-18,Delivered
11652,1491,45,2022-09-09,Delivered
11653,1774,47,2022-01-25,Delivered
11654,3964,42,2025-10-10,Pending
11655,684,16,2023-02-01,Delivered
11656,3131,48,2024-05-18,Delivered
11657,895,36,2022-12-23,Delivered
11658,3342,51,2025-04-07,Returned
11659,3083,46,2023-11-22,Cancelled
11660,2297,57,2024-08-17,Delivered
11661,459,47,2025-05-26,Delivered
11662,3210,2,2025-07-12,Delivered
11663,1183,36,2024-09-30,Delivered
11664,2360,5,2023-03-29,Cancelled
11665,179,36,2025-12-02,Cancelled
11666,1130,44,2023-03-21,Delivered
11667,3762,2,2022-06-25,Cancelled
11668,1675,26,2025-09-08,Delivered
11669,1818,12,2024-05-03,Delivered
11670,259,31,2022-06-14,Delivered
11671,3611,21,2024-01-03,Pending
11672,1154,38,2022-03-23,Delivered
11673,241,47,2022-09-02,Returned
11674,862,55,2022-08-21,Cancelled
11675,2079,13,2022-10-29,Delivered
11676,1167,10,2023-08-01,Delivered
11677,443,7,2024-06-29,Cancelled
11678,1390,33,2025-02-25,Delivered
11679,2028,60,2022-07-30,Pending
11680,1190,7,2025-11-26,Cancelled
11681,3056,52,2025-04-29,Returned
11682,2756,55,2025-08-12,Delivered
11683,655,35,2025-03-13,Delivered
11684,1568,54,2023-06-02,Delivered
11685,807,46,2022-12-17,Delivered
11686,3808,36,2022-04-20,Delivered
11687,61,53,2024-05-30,Delivered
11688,84,48,2025-09-03,Pending
11689,2263,16,2023-09-10,Returned
11690,3075,4,2022-04-16,Cancelled
11691,1556,57,2023-05-09,Delivered
11692,1172,39,2025-11-10,Delivered
11693,866,46,2023-09-25,Cancelled
11694,2196,29,2023-08-20,Delivered
11695,2288,40,2022-09-29,Delivered
11696,40,7,2024-02-03,Cancelled
11697,3687,47,2022-02-23,Delivered
11698,2603,5,2024-09-17,Delivered
11699,2859,51,2025-05-16,Delivered
11700,3272,30,2023-12-19,Cancelled
11701,3135,10,2022-08-24,Delivered
11702,3750,10,2023-05-29,Pending
11703,3400,3,2024-10-06,Returned
11704,1568,54,2023-08-23,Returned
11705,3480,2,2025-09-30,Delivered
11706,304,22,2024-04-29,Returned
11707,1779,46,2023-07-18,Delivered
11708,818,51,2022-07-17,Pending
11709,2969,20,2023-06-07,Pending
11710,564,48,2023-12-22,Delivered
11711,186,36,2025-09-08,Delivered
11712,2209,16,2023-03-05,Cancelled
11713,3747,49,2023-05-13,Delivered
11714,2643,22,2025-07-30,Cancelled
11715,261,56,2025-12-21,Delivered
11716,1390,22,2022-02-23,Pending
11717,1914,42,2023-09-23,Cancelled
11718,3677,20,2023-11-01,Returned
11719,1412,53,2024-08-10,Pending
11720,1736,34,2023-02-04,Returned
11721,3626,31,2022-08-21,Delivered
11722,1388,12,2025-10-20,Delivered
11723,1023,29,2025-08-12,Cancelled
11724,3534,17,2022-11-26,Delivered
11725,3749,31,2024-11-17,Cancelled
11726,2579,6,2025-05-17,Delivered
11727,2403,15,2025-06-20,Returned
11728,1273,36,2024-12-21,Delivered
11729,1579,24,2023-10-03,Pending
11730,834,16,2025-04-11,Delivered
11731,1933,6,2025-11-26,Delivered
11732,1864,35,2022-01-03,Delivered
11733,1088,8,2023-08-30,Delivered
11734,3467,28,2022-06-02,Delivered
11735,2393,49,2024-07-06,Pending
11736,2346,9,2025-02-14,Pending
11737,522,45,2024-03-26,Returned
11738,1568,5,2022-02-02,Cancelled
11739,3444,60,2023-05-06,Delivered
11740,1579,3,2022-12-27,Delivered
11741,3597,50,2025-01-14,Delivered
11742,3762,46,2023-10-13,Delivered
11743,2277,4,2022-02-27,Returned
11744,3218,32,2024-09-16,Delivered
11745,1417,8,2023-10-08,Delivered
11746,303,47,2023-12-08,Delivered
11747,2302,7,2024-11-26,Returned
11748,3824,30,2022-05-15,Cancelled
11749,2903,56,2023-11-06,Delivered
11750,1647,8,2022-01-09,Cancelled
11751,413,22,2023-12-15,Delivered
11752,3538,38,2022-06-14,Delivered
11753,229,43,2023-02-28,Delivered
11754,2776,58,2022-10-28,Cancelled
11755,2816,33,2025-01-13,Cancelled
11756,23,49,2023-02-15,Cancelled
11757,1083,1,2025-10-04,Cancelled
11758,298,39,2022-08-06,Pending
11759,3265,5,2024-12-30,Returned
11760,1358,45,2022-02-19,Returned
11761,3029,10,2024-12-16,Cancelled
11762,1546,44,2023-08-08,Cancelled
11763,3160,32,2024-04-09,Cancelled
11764,837,5,2025-09-28,Delivered
11765,3892,31,2024-12-20,Delivered
11766,3099,30,2022-12-05,Delivered
11767,3224,24,2024-11-10,Delivered
11768,169,15,2024-08-02,Pending
11769,3390,23,2024-08-14,Pending
11770,440,51,2025-03-03,Delivered
11771,2964,39,2023-03-05,Delivered
11772,3566,55,2023-07-18,Delivered
11773,1958,44,2023-10-31,Delivered
11774,23,13,2023-03-03,Delivered
11775,937,32,2022-11-05,Returned
11776,1045,56,2024-11-02,Cancelled
11777,3751,11,2025-01-24,Delivered
11778,22,10,2023-04-11,Delivered
11779,3089,19,2022-07-14,Delivered
11780,740,44,2025-06-17,Cancelled
11781,22,46,2023-01-09,Pending
11782,3444,48,2024-05-08,Delivered
11783,1823,32,2022-05-22,Delivered
11784,630,35,2023-06-17,Delivered
11785,1958,41,2024-10-30,Delivered
11786,3095,60,2022-09-02,Cancelled
11787,676,29,2022-09-26,Delivered
11788,1736,8,2025-09-20,Delivered
11789,1332,24,2023-04-02,Delivered
11790,661,27,2023-05-16,Delivered
11791,275,15,2025-06-15,Delivered
11792,868,45,2022-04-09,Cancelled
11793,402,13,2023-04-11,Cancelled
11794,2756,40,2023-09-14,Returned
11795,708,4,2022-08-31,Delivered
11796,70,11,2022-07-19,Pending
11797,3775,4,2025-09-14,Delivered
11798,2146,52,2024-11-04,Returned
11799,3545,24,2023-08-27,Cancelled
11800,1176,58,2025-11-17,Delivered
11801,3538,11,2022-08-30,Cancelled
11802,1100,26,2025-06-08,Delivered
11803,2661,47,2023-01-06,Returned
11804,3457,16,2025-04-21,Delivered
11805,891,34,2023-11-24,Delivered
11806,1663,20,2024-02-22,Delivered
11807,3464,30,2024-09-23,Delivered
11808,1872,39,2025-06-30,Delivered
11809,692,6,2023-10-03,Delivered
11810,886,46,2024-02-21,Delivered
11811,64,31,2022-06-04,Delivered
11812,1384,35,2024-08-07,Cancelled
11813,445,4,2022-12-22,Returned
11814,1345,30,2025-07-15,Delivered
11815,3879,42,2024-03-29,Cancelled
11816,1787,53,2024-05-06,Returned
11817,1295,24,2025-08-25,Delivered
11818,2640,13,2023-03-12,Delivered
11819,747,25,2023-08-02,Delivered
11820,2272,35,2024-10-21,Delivered
11821,1023,42,2025-06-19,Cancelled
11822,1516,53,2024-02-11,Delivered
11823,868,25,2025-12-10,Delivered
11824,3578,42,2024-12-11,Delivered
11825,3150,5,2023-07-03,Cancelled
11826,2969,55,2025-11-12,Delivered
11827,293,4,2025-11-14,Delivered
11828,993,16,2025-01-03,Delivered
11829,2043,49,2023-06-23,Returned
11830,2152,42,2024-12-21,Delivered
11831,2399,55,2022-12-05,Delivered
11832,246,14,2023-12-11,Delivered
11833,2925,57,2022-03-10,Delivered
11834,231,31,2023-05-06,Returned
11835,2302,44,2023-04-28,Delivered
11836,982,29,2024-09-02,Delivered
11837,2087,37,2022-05-13,Delivered
11838,753,55,2024-11-05,Pending
11839,3351,26,2022-05-24,Delivered
11840,241,14,2023-05-13,Cancelled
11841,3486,44,2024-10-16,Delivered
11842,886,27,2024-12-13,Cancelled
11843,2483,12,2024-10-07,Delivered
11844,3832,32,2022-02-01,Delivered
11845,3624,14,2024-01-30,Delivered
11846,2148,37,2023-03-18,Delivered
11847,3691,2,2022-03-07,Pending
11848,852,41,2022-04-22,Delivered
11849,3611,60,2022-12-28,Delivered
11850,2083,42,2023-05-10,Pending
11851,25,12,2024-12-27,Cancelled
11852,642,15,2023-01-23,Pending
11853,2996,6,2022-08-20,Pending
11854,3668,36,2025-01-06,Delivered
11855,947,22,2024-07-01,Delivered
11856,531,2,2022-04-24,Delivered
11857,3039,48,2025-04-11,Cancelled
11858,2505,8,2022-03-05,Delivered
11859,3272,12,2022-09-27,Cancelled
11860,135,24,2022-05-11,Cancelled
11861,3351,15,2024-04-29,Delivered
11862,2939,50,2025-11-17,Cancelled
11863,1982,56,2025-06-11,Delivered
11864,1414,38,2023-11-04,Delivered
11865,2969,51,2023-10-03,Pending
11866,343,14,2023-06-27,Delivered
11867,1820,34,2023-03-07,Returned
11868,671,57,2024-09-30,Pending
11869,986,30,2023-01-22,Delivered
11870,3444,39,2022-11-12,Delivered
11871,957,52,2022-02-21,Pending
11872,2782,43,2024-01-12,Delivered
11873,653,23,2024-01-21,Pending
11874,23,29,2025-07-11,Delivered
11875,819,40,2023-02-03,Cancelled
11876,3071,1,2022-12-13,Pending
11877,2992,18,2025-03-27,Delivered
11878,802,54,2024-03-19,Delivered
11879,2898,3,2025-11-17,Delivered
11880,520,53,2023-11-06,Delivered
11881,2256,5,2023-01-13,Delivered
11882,22,60,2022-10-26,Cancelled
11883,2294,58,2022-01-22,Delivered
11884,2649,55,2022-04-03,Cancelled
11885,1077,9,2022-06-13,Pending
11886,3599,53,2022-12-10,Cancelled
11887,1414,31,2025-11-15,Delivered
11888,75,26,2025-06-29,Delivered
11889,2690,44,2025-08-11,Delivered
11890,866,37,2022-03-02,Delivered
11891,2619,24,2022-03-04,Pending
11892,3317,2,2025-01-19,Delivered
11893,1243,46,2023-10-03,Delivered
11894,3557,55,2022-02-10,Pending
11895,1104,5,2023-05-27,Delivered
11896,3855,44,2024-12-05,Delivered
11897,608,21,2024-04-18,Cancelled
11898,2807,19,2025-06-16,Delivered
11899,1172,22,2025-02-20,Pending
11900,2079,58,2022-09-08,Returned
11901,3290,36,2022-12-30,Delivered
11902,1374,56,2022-10-13,Pending
11903,1860,35,2025-01-29,Returned
11904,3698,33,2022-04-14,Pending
11905,1203,40,2022-12-31,Cancelled
11906,3360,29,2025-10-24,Delivered
11907,863,1,2023-04-10,Delivered
11908,3218,47,2025-07-19,Delivered
11909,1994,48,2022-09-21,Delivered
11910,1059,14,2024-05-24,Delivered
11911,3377,39,2024-02-19,Returned
11912,3769,50,2025-04-16,Pending
11913,2805,20,2025-04-24,Delivered
11914,2258,4,2023-05-10,Delivered
11915,2386,23,2023-05-12,Cancelled
11916,2666,42,2025-04-04,Pending
11917,1818,40,2023-09-09,Delivered
11918,246,56,2024-01-03,Delivered
11919,3738,7,2024-08-11,Returned
11920,2540,17,2022-12-06,Pending
11921,3762,42,2023-02-26,Pending
11922,1967,10,2022-05-12,Delivered
11923,2684,9,2024-10-26,Cancelled
11924,1295,17,2022-05-24,Cancelled
11925,3138,60,2024-08-01,Returned
11926,2486,35,2022-06-20,Returned
11927,3990,14,2022-06-02,Delivered
11928,804,13,2025-05-30,Delivered
11929,1794,12,2023-03-29,Delivered
11930,2619,26,2023-03-21,Cancelled
11931,120,1,2025-11-23,Delivered
11932,1504,17,2023-07-16,Delivered
11933,3540,55,2024-12-06,Delivered
11934,2647,43,2023-02-22,Pending
11935,2990,53,2022-10-15,Delivered
11936,3624,8,2025-12-09,Delivered
11937,445,22,2022-12-31,Returned
11938,2585,52,2022-05-22,Delivered
11939,1848,47,2024-06-30,Pending
11940,3218,51,2022-12-02,Delivered
11941,3519,47,2024-11-02,Returned
11942,3560,23,2024-07-04,Pending
11943,2775,49,2022-12-19,Delivered
11944,1766,39,2024-02-12,Returned
11945,1197,26,2022-03-10,Delivered
11946,3835,45,2024-11-06,Delivered
11947,2505,50,2022-09-11,Pending
11948,1769,28,2024-02-20,Pending
11949,1629,39,2025-10-06,Pending
11950,909,27,2024-04-19,Delivered
11951,1262,40,2025-07-04,Returned
11952,641,5,2024-09-27,Delivered
11953,2958,12,2024-04-06,Cancelled
11954,2152,46,2023-05-14,Cancelled
11955,3901,54,2024-07-06,Delivered
11956,1028,58,2022-06-05,Delivered
11957,348,16,2024-05-13,Returned
11958,3031,16,2022-05-09,Delivered
11959,1923,5,2022-07-12,Delivered
11960,1414,13,2023-03-22,Returned
11961,3549,15,2024-05-30,Delivered
11962,3648,47,2022-12-13,Cancelled
11963,164,36,2023-11-11,Delivered
11964,3941,47,2024-05-09,Delivered
11965,3026,28,2023-03-01,Pending
11966,3089,59,2022-12-30,Cancelled
11967,2532,27,2025-05-04,Delivered
11968,2527,13,2022-09-28,Delivered
11969,3993,58,2022-11-16,Delivered
11970,1334,15,2024-06-01,Delivered
11971,2581,41,2025-10-31,Delivered
11972,2946,51,2022-04-29,Delivered
11973,1855,58,2025-11-17,Delivered
11974,3888,50,2024-03-30,Delivered
11975,3002,42,2022-10-26,Pending
11976,3996,52,2024-04-23,Delivered
11977,1059,34,2022-11-25,Pending
11978,1639,52,2023-12-07,Returned
11979,2137,41,2023-12-10,Cancelled
11980,1221,29,2023-08-14,Delivered
11981,2508,4,2025-01-02,Pending
11982,3434,26,2025-04-18,Delivered
11983,2754,5,2022-03-24,Pending
11984,1951,38,2025-10-02,Delivered
11985,1916,35,2023-11-11,Returned
11986,3277,56,2023-12-13,Returned
11987,2925,52,2022-07-26,Pending
11988,1121,40,2024-06-29,Delivered
11989,2492,57,2024-08-29,Returned
11990,2139,27,2022-01-17,Delivered
11991,13,31,2024-08-19,Pending
11992,1178,20,2025-02-19,Pending
11993,3208,33,2024-08-04,Delivered
11994,1114,58,2022-03-16,Delivered
11995,794,11,2025-01-11,Delivered
11996,2303,41,2023-03-30,Pending
11997,3796,34,2024-03-20,Delivered
11998,40,59,2022-10-11,Delivered
11999,304,3,2024-03-31,Cancelled
12000,3772,8,2024-12-22,Delivered
12001,3893,18,2024-12-18,Delivered
12002,2236,36,2024-12-12,Delivered
12003,1718,37,2023-12-13,Returned
12004,2617,57,2022-05-12,Pending
12005,358,55,2022-02-10,Cancelled
12006,3206,2,2024-02-11,Returned
12007,1482,28,2024-12-28,Delivered
12008,3444,11,2024-07-18,Delivered
12009,1354,17,2022-06-14,Cancelled
12010,1393,44,2024-08-14,Delivered
12011,1172,23,2025-10-12,Pending
12012,757,51,2022-04-28,Delivered
12013,3096,56,2023-05-11,Pending
12014,2969,24,2023-11-30,Delivered
12015,3669,30,2022-07-19,Delivered
12016,3354,45,2023-02-02,Delivered
12017,3846,46,2024-03-31,Delivered
12018,1279,60,2024-02-08,Cancelled
12019,3987,50,2022-06-10,Delivered
12020,963,20,2023-02-01,Delivered
12021,2992,54,2022-03-01,Delivered
12022,2445,33,2023-11-11,Delivered
12023,3218,25,2023-01-04,Delivered
12024,2100,24,2022-02-14,Pending
12025,1554,54,2023-02-22,Delivered
12026,2606,44,2023-05-11,Delivered
12027,3654,13,2024-01-05,Returned
12028,23,38,2024-12-05,Returned
12029,1555,5,2023-03-29,Delivered
12030,814,29,2025-07-23,Delivered
12031,2402,3,2024-11-18,Delivered
12032,1869,53,2025-07-27,Delivered
12033,2975,18,2023-04-15,Delivered
12034,629,27,2024-01-27,Returned
12035,3605,9,2025-04-06,Delivered
12036,3064,2,2023-12-27,Returned
12037,616,18,2025-06-16,Cancelled
12038,1898,30,2025-09-12,Returned
12039,1393,7,2024-08-15,Delivered
12040,1590,38,2024-04-01,Returned
12041,2794,2,2024-01-28,Pending
12042,518,8,2023-12-13,Delivered
12043,2810,58,2023-02-15,Returned
12044,3457,19,2022-04-16,Cancelled
12045,2199,25,2023-03-03,Cancelled
12046,964,59,2025-12-05,Delivered
12047,976,53,2023-02-26,Delivered
12048,560,43,2022-01-30,Delivered
12049,3305,30,2022-04-20,Delivered
12050,1470,58,2022-09-27,Pending
12051,2325,3,2023-09-04,Pending
12052,314,2,2024-09-15,Delivered
12053,3363,15,2022-07-08,Cancelled
12054,1168,47,2025-09-09,Delivered
12055,975,29,2025-05-27,Delivered
12056,3378,14,2023-04-21,Delivered
12057,247,40,2022-01-06,Cancelled
12058,3980,55,2022-10-15,Delivered
12059,1864,23,2022-11-27,Cancelled
12060,1674,57,2022-09-06,Delivered
12061,440,10,2024-02-20,Delivered
12062,2309,24,2024-09-15,Pending
12063,917,42,2023-08-17,Delivered
12064,1065,20,2023-07-21,Delivered
12065,2968,42,2022-03-06,Delivered
12066,1528,14,2022-05-21,Returned
12067,1232,59,2023-06-29,Delivered
12068,2272,58,2025-05-23,Delivered
12069,112,39,2023-11-03,Delivered
12070,3769,47,2023-07-15,Delivered
12071,3306,33,2025-01-11,Cancelled
12072,3253,2,2022-02-15,Returned
12073,2321,10,2025-06-12,Delivered
12074,3686,42,2025-10-04,Delivered
12075,1689,45,2024-07-06,Cancelled
12076,3071,32,2024-12-31,Delivered
12077,3253,25,2022-07-13,Returned
12078,2235,16,2024-08-24,Returned
12079,3485,54,2023-02-21,Cancelled
12080,3735,17,2023-10-24,Pending
12081,905,57,2025-12-16,Delivered
12082,3862,14,2025-03-29,Delivered
12083,1634,40,2025-03-23,Returned
12084,1204,12,2022-08-12,Delivered
12085,3885,7,2025-06-15,Delivered
12086,3772,37,2024-06-29,Delivered
12087,168,4,2025-09-01,Delivered
12088,3485,30,2024-01-25,Delivered
12089,2974,27,2022-10-09,Delivered
12090,1637,53,2022-07-03,Delivered
12091,3507,1,2022-02-16,Delivered
12092,1801,37,2023-03-07,Cancelled
12093,1111,9,2024-08-08,Returned
12094,3610,13,2022-01-12,Delivered
12095,1183,45,2025-04-19,Delivered
12096,586,31,2025-07-05,Cancelled
12097,2409,28,2025-07-27,Delivered
12098,1935,25,2022-04-25,Delivered
12099,883,53,2024-12-27,Delivered
12100,1505,4,2022-04-30,Cancelled
12101,1994,52,2023-09-28,Returned
12102,1949,53,2025-06-08,Cancelled
12103,2664,45,2024-03-14,Returned
12104,40,32,2024-11-21,Returned
12105,2925,33,2025-11-27,Delivered
12106,2325,15,2025-12-21,Pending
12107,3635,16,2022-06-26,Delivered
12108,1896,30,2024-08-24,Delivered
12109,1118,10,2024-01-31,Delivered
12110,83,29,2022-05-09,Returned
12111,1916,13,2025-11-13,Delivered
12112,3015,43,2025-04-15,Delivered
12113,1818,34,2024-08-31,Returned
12114,2302,59,2022-12-14,Delivered
12115,2034,51,2025-10-11,Pending
12116,2849,26,2025-11-19,Returned
12117,1075,29,2022-12-17,Delivered
12118,2421,12,2024-12-23,Delivered
12119,2380,57,2025-10-09,Delivered
12120,1690,57,2022-05-08,Delivered
12121,221,4,2025-11-20,Pending
12122,1675,22,2024-09-17,Cancelled
12123,3363,27,2025-09-24,Cancelled
12124,2816,56,2024-02-25,Delivered
12125,3412,20,2022-01-27,Delivered
12126,2445,41,2023-12-19,Delivered
12127,3332,13,2023-11-04,Pending
12128,690,2,2025-02-27,Delivered
12129,3387,53,2023-09-15,Pending
12130,802,21,2022-12-05,Delivered
12131,3099,8,2025-09-06,Cancelled
12132,738,57,2023-08-22,Cancelled
12133,1649,34,2023-01-17,Pending
12134,987,52,2023-01-29,Pending
12135,3653,37,2023-08-19,Delivered
12136,1821,26,2022-07-07,Returned
12137,1592,1,2025-11-15,Delivered
12138,3977,52,2023-09-13,Pending
12139,3423,11,2024-04-27,Pending
12140,726,23,2022-12-04,Delivered
12141,1244,53,2025-03-08,Delivered
12142,3789,51,2024-09-09,Delivered
12143,1467,47,2023-06-09,Delivered
12144,2938,8,2023-01-09,Cancelled
12145,1590,29,2023-11-23,Delivered
12146,534,42,2023-10-21,Cancelled
12147,2023,5,2024-12-26,Delivered
12148,928,20,2025-08-10,Pending
12149,929,12,2022-05-23,Cancelled
12150,2486,9,2025-12-18,Delivered
12151,1458,4,2024-04-16,Cancelled
12152,1727,58,2022-07-05,Delivered
12153,3090,44,2024-12-12,Delivered
12154,2143,22,2023-05-20,Cancelled
12155,2381,59,2025-02-27,Delivered
12156,2963,46,2022-07-28,Cancelled
12157,3223,17,2022-01-27,Returned
12158,1097,10,2025-02-22,Cancelled
12159,877,54,2025-09-15,Delivered
12160,2424,22,2022-09-28,Returned
12161,1583,35,2023-12-29,Delivered
12162,3549,27,2023-11-04,Returned
12163,472,43,2024-11-24,Returned
12164,2776,43,2024-08-23,Delivered
12165,986,51,2023-05-13,Delivered
12166,1564,28,2024-07-28,Returned
12167,458,44,2022-02-19,Delivered
12168,652,45,2025-05-23,Returned
12169,631,54,2024-01-09,Delivered
12170,747,30,2025-07-14,Delivered
12171,528,38,2022-12-20,Delivered
12172,3287,48,2024-05-23,Delivered
12173,2431,55,2023-11-26,Cancelled
12174,3879,44,2025-03-09,Cancelled
12175,2212,47,2022-06-28,Returned
12176,2294,2,2022-04-03,Pending
12177,971,27,2024-01-09,Pending
12178,3075,44,2024-04-16,Delivered
12179,2973,34,2023-12-11,Delivered
12180,1065,28,2024-11-25,Pending
12181,3656,58,2024-06-08,Delivered
12182,26,2,2024-08-24,Delivered
12183,2006,7,2022-03-01,Pending
12184,2034,22,2023-09-20,Cancelled
12185,1011,45,2022-02-17,Delivered
12186,80,2,2023-02-25,Pending
12187,3755,49,2025-12-29,Pending
12188,1525,16,2025-07-13,Cancelled
12189,2073,15,2024-12-04,Delivered
12190,3485,52,2023-03-26,Delivered
12191,841,35,2022-04-26,Returned
12192,242,34,2025-08-19,Cancelled
12193,2268,40,2024-01-04,Returned
12194,2081,15,2024-09-10,Delivered
12195,2929,7,2024-04-25,Pending
12196,1167,7,2024-10-10,Delivered
12197,247,38,2025-05-17,Delivered
12198,1238,49,2022-06-18,Delivered
12199,2293,50,2022-06-23,Delivered
12200,2181,2,2022-11-15,Cancelled
12201,3794,55,2023-02-13,Delivered
12202,3163,2,2024-12-26,Returned
12203,877,15,2024-01-02,Pending
12204,3002,13,2025-09-06,Cancelled
12205,3501,40,2023-08-12,Delivered
12206,630,32,2023-08-07,Delivered
12207,36,20,2024-05-24,Returned
12208,3856,6,2024-06-27,Delivered
12209,1099,9,2023-04-01,Returned
12210,24,21,2024-09-22,Pending
12211,1271,4,2024-07-09,Delivered
12212,2974,18,2025-10-14,Pending
12213,3121,10,2025-05-17,Delivered
12214,460,40,2023-01-25,Cancelled
12215,2513,29,2024-03-22,Delivered
12216,2932,40,2022-06-21,Delivered
12217,2314,39,2025-09-26,Delivered
12218,3282,29,2024-08-17,Returned
12219,2303,41,2022-12-17,Delivered
12220,2868,55,2023-07-30,Delivered
12221,811,14,2024-04-27,Pending
12222,1412,37,2024-02-01,Pending
12223,1259,10,2023-10-02,Delivered
12224,1541,28,2025-11-23,Delivered
12225,1568,45,2025-05-27,Pending
12226,817,32,2025-06-11,Pending
12227,2417,7,2025-10-28,Delivered
12228,3875,9,2024-02-17,Delivered
12229,163,35,2022-09-16,Delivered
12230,3978,16,2022-11-28,Delivered
12231,3709,53,2025-06-14,Delivered
12232,3783,18,2024-02-03,Delivered
12233,3370,59,2024-12-28,Cancelled
12234,2541,41,2025-04-29,Delivered
12235,3762,28,2024-08-02,Cancelled
12236,1818,4,2024-08-04,Delivered
12237,842,26,2025-05-30,Cancelled
12238,2666,23,2023-09-09,Delivered
12239,3439,49,2023-01-26,Delivered
12240,1999,17,2023-10-17,Returned
12241,982,49,2022-01-29,Delivered
12242,75,32,2023-06-02,Cancelled
12243,886,32,2024-07-22,Pending
12244,3484,55,2024-09-25,Delivered
12245,2174,46,2025-12-09,Delivered
12246,3127,50,2025-01-01,Delivered
12247,2304,46,2025-03-05,Delivered
12248,3033,12,2022-06-01,Pending
12249,645,33,2022-10-18,Delivered
12250,1362,43,2023-06-04,Delivered
12251,1280,7,2023-11-09,Delivered
12252,211,29,2025-07-08,Delivered
12253,3671,9,2023-05-21,Delivered
12254,84,51,2025-05-17,Returned
12255,1433,40,2022-11-24,Delivered
12256,2023,57,2022-08-25,Returned
12257,2536,52,2025-07-21,Delivered
12258,3555,13,2024-12-10,Delivered
12259,1009,35,2024-09-14,Delivered
12260,243,41,2025-01-05,Delivered
12261,1515,34,2022-04-02,Delivered
12262,1288,47,2024-05-28,Returned
12263,3119,13,2022-05-01,Delivered
12264,1555,42,2025-11-27,Delivered
12265,919,52,2024-08-28,Delivered
12266,1109,53,2022-10-17,Delivered
12267,1011,13,2023-11-20,Delivered
12268,1456,17,2022-07-18,Cancelled
12269,2552,35,2022-01-01,Pending
12270,3306,24,2023-05-23,Returned
12271,1477,5,2023-05-31,Delivered
12272,1234,36,2025-11-12,Delivered
12273,186,37,2023-02-23,Delivered
12274,2400,36,2023-11-24,Delivered
12275,1823,31,2025-08-17,Returned
12276,95,52,2022-02-12,Delivered
12277,1887,34,2022-02-27,Delivered
12278,1449,4,2022-07-11,Delivered
12279,2552,43,2024-12-04,Returned
12280,3878,49,2024-06-24,Pending
12281,2901,50,2025-09-08,Delivered
12282,3732,23,2024-01-05,Returned
12283,923,12,2022-06-24,Returned
12284,2441,3,2022-11-17,Returned
12285,3020,45,2024-02-03,Delivered
12286,254,29,2025-07-19,Pending
12287,1075,4,2025-01-02,Delivered
12288,1586,13,2025-10-11,Returned
12289,2486,4,2025-01-26,Cancelled
12290,905,19,2025-11-16,Returned
12291,283,59,2022-10-15,Delivered
12292,2869,56,2024-06-01,Delivered
12293,281,23,2024-07-25,Cancelled
12294,1509,42,2024-11-07,Pending
12295,259,21,2025-02-06,Delivered
12296,3732,31,2024-10-01,Cancelled
12297,2562,10,2024-09-22,Delivered
12298,809,13,2022-09-23,Delivered
12299,1369,39,2024-08-28,Returned
12300,1284,48,2023-07-10,Pending
12301,2687,27,2022-03-06,Returned
12302,361,39,2024-11-27,Returned
12303,227,47,2025-07-15,Delivered
12304,623,58,2023-02-02,Cancelled
12305,1389,22,2022-12-05,Delivered
12306,3203,53,2022-09-19,Delivered
12307,2634,42,2023-09-08,Delivered
12308,2759,60,2023-10-21,Pending
12309,1561,25,2025-07-12,Delivered
12310,3878,30,2023-08-29,Delivered
12311,304,24,2023-11-13,Delivered
12312,1430,41,2025-07-19,Pending
12313,254,4,2024-07-30,Delivered
12314,653,46,2024-02-01,Delivered
12315,2946,32,2022-08-09,Cancelled
12316,1790,43,2023-01-16,Delivered
12317,3335,8,2022-04-12,Delivered
12318,1389,25,2024-02-08,Delivered
12319,1173,7,2025-10-03,Pending
12320,3090,54,2024-11-13,Delivered
12321,1329,20,2025-03-14,Pending
12322,3223,60,2022-05-10,Delivered
12323,1525,29,2023-12-19,Returned
12324,3667,46,2024-04-29,Delivered
12325,1890,2,2023-06-24,Delivered
12326,1410,51,2025-12-12,Returned
12327,2805,11,2025-11-09,Cancelled
12328,509,40,2025-12-26,Cancelled
12329,1582,50,2022-11-18,Delivered
12330,156,58,2023-02-19,Pending
12331,2501,46,2025-11-22,Delivered
12332,668,48,2025-08-22,Delivered
12333,84,17,2025-01-09,Delivered
12334,3779,33,2023-01-18,Delivered
12335,3677,24,2023-01-07,Delivered
12336,1086,3,2022-10-23,Returned
12337,2987,13,2023-09-21,Cancelled
12338,1554,29,2024-02-03,Delivered
12339,267,43,2025-12-02,Returned
12340,3762,45,2023-01-04,Returned
12341,225,34,2022-12-28,Delivered
12342,340,48,2022-04-13,Pending
12343,21,55,2024-09-16,Cancelled
12344,2802,53,2022-03-12,Pending
12345,708,58,2022-12-31,Delivered
12346,3995,45,2023-05-29,Delivered
12347,1868,33,2024-12-20,Returned
12348,1243,28,2025-05-31,Pending
12349,2822,36,2022-02-13,Delivered
12350,2294,7,2023-09-21,Cancelled
12351,3871,2,2022-05-07,Pending
12352,881,60,2024-11-26,Delivered
12353,2000,13,2022-10-22,Delivered
12354,3343,56,2025-11-23,Delivered
12355,278,33,2024-08-03,Returned
12356,3943,28,2023-01-02,Delivered
12357,3363,55,2024-08-13,Cancelled
12358,1471,16,2023-11-12,Pending
12359,2417,46,2025-12-15,Cancelled
12360,2753,5,2025-11-18,Returned
12361,1478,55,2023-05-02,Pending
12362,3296,42,2023-04-19,Delivered
12363,530,15,2022-12-31,Delivered
12364,3353,39,2025-06-11,Delivered
12365,1788,3,2022-12-28,Cancelled
12366,1414,52,2024-12-26,Delivered
12367,485,19,2025-08-09,Returned
12368,2346,18,2023-12-10,Delivered
12369,2821,24,2023-08-09,Pending
12370,1436,52,2022-04-01,Delivered
12371,2619,21,2023-06-08,Delivered
12372,3762,57,2023-04-20,Pending
12373,2367,60,2022-06-23,Returned
12374,143,35,2022-02-19,Delivered
12375,2486,7,2024-07-23,Delivered
12376,1688,43,2024-03-23,Returned
12377,200,42,2024-09-11,Delivered
12378,3284,36,2025-11-16,Delivered
12379,2370,20,2025-11-06,Returned
12380,2043,41,2024-09-06,Delivered
12381,1752,39,2024-06-17,Delivered
12382,3995,22,2025-09-22,Delivered
12383,1970,43,2023-03-02,Delivered
12384,2500,46,2025-09-24,Returned
12385,241,16,2022-02-16,Delivered
12386,1509,42,2023-04-21,Delivered
12387,2370,58,2022-08-07,Delivered
12388,205,29,2024-05-08,Delivered
12389,2619,51,2025-05-13,Pending
12390,3218,7,2025-06-04,Delivered
12391,1974,28,2024-11-10,Delivered
12392,79,49,2022-11-27,Cancelled
12393,3835,55,2023-03-12,Delivered
12394,2512,18,2025-03-07,Delivered
12395,3559,14,2022-12-07,Delivered
12396,2545,26,2024-05-19,Delivered
12397,3499,16,2022-10-24,Returned
12398,2508,50,2024-12-07,Returned
12399,1155,3,2025-11-24,Delivered
12400,1503,20,2024-07-15,Returned
12401,143,7,2024-03-17,Cancelled
12402,1291,49,2023-11-29,Returned
12403,1573,49,2024-08-28,Returned
12404,781,14,2024-09-16,Delivered
12405,1583,18,2022-01-19,Cancelled
12406,2089,33,2022-12-24,Delivered
12407,613,26,2023-12-31,Delivered
12408,2252,45,2025-05-22,Delivered
12409,1023,41,2025-12-11,Delivered
12410,1124,51,2022-07-10,Delivered
12411,3183,8,2024-01-16,Delivered
12412,2856,44,2025-06-24,Returned
12413,3974,14,2022-12-27,Cancelled
12414,1091,58,2025-07-23,Pending
12415,3071,39,2024-06-19,Pending
12416,1818,60,2022-07-01,Cancelled
12417,2987,55,2025-11-16,Delivered
12418,1634,28,2023-01-17,Delivered
12419,2367,22,2024-02-10,Cancelled
12420,306,4,2024-12-11,Delivered
12421,2651,46,2024-03-16,Returned
12422,850,52,2022-01-12,Delivered
12423,3273,38,2024-11-08,Delivered
12424,2365,7,2022-12-01,Delivered
12425,481,24,2022-04-10,Delivered
12426,1567,20,2023-12-13,Delivered
12427,3004,59,2022-06-04,Delivered
12428,1026,27,2025-11-11,Delivered
12429,2136,60,2024-04-12,Pending
12430,981,18,2022-01-04,Delivered
12431,348,51,2022-02-18,Delivered
12432,1407,3,2025-06-25,Delivered
12433,3444,45,2023-08-18,Pending
12434,2669,11,2025-11-25,Delivered
12435,1093,23,2022-12-16,Delivered
12436,3847,12,2025-06-22,Delivered
12437,3253,20,2023-10-18,Delivered
12438,2294,21,2025-10-11,Returned
12439,3755,49,2023-05-11,Cancelled
12440,3850,48,2025-05-07,Delivered
12441,3102,23,2024-10-23,Cancelled
12442,1064,50,2025-02-12,Delivered
12443,1694,43,2023-10-01,Returned
12444,2320,6,2024-10-12,Delivered
12445,2201,60,2023-09-04,Delivered
12446,1097,55,2023-12-29,Delivered
12447,1842,20,2024-12-02,Pending
12448,1202,5,2023-05-20,Delivered
12449,1393,59,2022-07-20,Cancelled
12450,2969,37,2022-06-03,Delivered
12451,3557,54,2023-12-05,Delivered
12452,3910,37,2022-10-29,Delivered
12453,3065,35,2024-07-29,Returned
12454,2571,56,2025-11-27,Pending
12455,2794,6,2024-03-27,Delivered
12456,62,26,2025-01-13,Delivered
12457,1620,24,2023-01-17,Delivered
12458,597,24,2023-11-21,Returned
12459,2990,8,2022-06-15,Delivered
12460,211,1,2024-03-11,Pending
12461,2525,12,2022-04-25,Delivered
12462,2548,18,2022-11-27,Delivered
12463,2751,33,2022-05-16,Delivered
12464,2788,40,2025-05-26,Returned
12465,1124,43,2022-10-13,Delivered
12466,2417,26,2024-03-26,Delivered
12467,2813,54,2022-08-06,Pending
12468,3428,49,2024-02-24,Delivered
12469,1499,16,2024-07-21,Cancelled
12470,1568,12,2022-09-16,Pending
12471,925,1,2022-06-09,Delivered
12472,79,15,2024-08-21,Cancelled
12473,2929,9,2025-09-29,Pending
12474,2614,36,2022-01-25,Delivered
12475,2849,18,2023-01-06,Returned
12476,2983,25,2023-04-13,Delivered
12477,1630,50,2023-10-23,Delivered
12478,1705,48,2022-01-05,Pending
12479,1612,23,2022-08-02,Pending
12480,1185,11,2025-02-20,Delivered
12481,1422,57,2023-05-30,Returned
12482,809,47,2025-01-11,Delivered
12483,987,50,2024-05-08,Delivered
12484,3160,58,2024-07-20,Delivered
12485,1609,2,2023-06-05,Returned
12486,3722,28,2025-03-05,Delivered
12487,1389,6,2023-09-19,Delivered
12488,1583,16,2025-01-15,Delivered
12489,1295,18,2023-10-09,Pending
12490,2634,60,2022-02-27,Delivered
12491,2802,46,2022-03-30,Delivered
12492,3548,38,2022-01-19,Pending
12493,3599,32,2022-04-11,Cancelled
12494,1122,55,2025-02-19,Delivered
12495,3441,48,2022-05-28,Delivered
12496,1402,4,2023-08-03,Delivered
12497,988,16,2025-12-24,Delivered
12498,986,46,2023-08-12,Delivered
12499,3351,35,2024-01-25,Pending
12500,3373,38,2023-02-23,Delivered
12501,2597,33,2025-01-28,Delivered
12502,3936,31,2025-01-25,Cancelled
12503,2788,34,2025-10-26,Returned
12504,120,34,2024-01-23,Pending
12505,3093,49,2022-05-18,Cancelled
12506,3965,18,2024-09-01,Delivered
12507,3720,16,2025-07-30,Pending
12508,3360,55,2025-03-31,Delivered
12509,2552,23,2024-04-21,Delivered
12510,3538,33,2025-09-04,Delivered
12511,1969,57,2024-02-19,Pending
12512,96,47,2022-01-20,Delivered
12513,1875,43,2022-03-18,Delivered
12514,2188,33,2025-12-28,Delivered
12515,211,26,2023-01-09,Delivered
12516,2196,34,2024-10-02,Delivered
12517,880,59,2024-02-20,Delivered
12518,1539,48,2025-06-25,Delivered
12519,3099,20,2024-07-22,Returned
12520,1449,6,2025-08-22,Delivered
12521,411,20,2025-05-29,Cancelled
12522,1933,48,2022-06-12,Cancelled
12523,75,6,2024-09-20,Delivered
12524,3400,9,2023-09-11,Delivered
12525,1509,55,2024-05-16,Delivered
12526,2849,35,2022-12-30,Returned
12527,1294,43,2023-10-10,Delivered
12528,2079,11,2024-02-13,Returned
12529,2964,32,2023-09-07,Delivered
12530,2683,43,2025-03-04,Delivered
12531,458,22,2024-05-23,Delivered
12532,2992,40,2025-07-31,Delivered
12533,2370,47,2022-07-27,Cancelled
12534,668,25,2022-07-14,Pending
12535,2376,60,2022-08-07,Cancelled
12536,112,34,2024-12-11,Returned
12537,3889,42,2022-01-29,Returned
12538,2042,8,2023-05-12,Returned
12539,1003,12,2023-02-26,Delivered
12540,2960,29,2024-10-20,Delivered
12541,2800,31,2025-09-11,Delivered
12542,2152,14,2023-03-13,Delivered
12543,1608,14,2023-06-03,Delivered
12544,143,16,2023-05-04,Delivered
12545,1270,29,2024-09-16,Delivered
12546,1148,47,2023-03-17,Returned
12547,451,27,2025-04-05,Delivered
12548,878,28,2024-11-14,Returned
12549,1768,60,2023-04-17,Delivered
12550,2370,18,2023-09-25,Delivered
12551,2540,26,2024-07-20,Pending
12552,3012,27,2024-04-17,Pending
12553,668,23,2024-06-03,Delivered
12554,1634,1,2023-10-01,Delivered
12555,3987,51,2022-06-25,Delivered
12556,3146,19,2022-05-17,Delivered
12557,67,52,2024-05-28,Pending
12558,167,14,2023-11-06,Returned
12559,477,7,2025-03-28,Pending
12560,2294,20,2025-04-19,Pending
12561,1622,5,2022-08-01,Delivered
12562,2903,58,2024-10-12,Cancelled
12563,1768,43,2025-06-15,Delivered
12564,2091,6,2025-05-04,Returned
12565,3667,56,2023-01-31,Delivered
12566,2362,22,2023-04-25,Returned
12567,975,53,2024-03-14,Delivered
12568,1593,17,2023-03-30,Delivered
12569,3819,28,2025-09-01,Delivered
12570,3610,59,2022-10-29,Pending
12571,3089,12,2023-06-25,Pending
12572,2945,1,2025-05-07,Returned
12573,2577,1,2023-04-12,Pending
12574,1478,27,2022-10-12,Delivered
12575,988,22,2022-05-18,Returned
12576,62,33,2023-08-18,Delivered
12577,3626,20,2024-08-31,Delivered
12578,1297,47,2022-08-16,Cancelled
12579,717,16,2023-10-16,Returned
12580,2107,30,2025-12-14,Pending
12581,863,46,2023-02-15,Delivered
12582,1011,23,2024-07-21,Cancelled
12583,2791,38,2025-07-08,Delivered
12584,2102,23,2024-10-05,Delivered
12585,2171,4,2025-11-09,Pending
12586,975,5,2025-06-30,Returned
12587,617,57,2025-10-23,Pending
12588,2622,13,2023-10-22,Pending
12589,699,2,2022-12-15,Delivered
12590,3360,53,2023-12-20,Delivered
12591,2331,37,2023-06-07,Cancelled
12592,2091,13,2023-01-02,Delivered
12593,1042,51,2022-02-17,Returned
12594,891,45,2022-04-04,Delivered
12595,3444,48,2023-08-27,Delivered
12596,313,15,2025-07-18,Delivered
12597,2536,43,2022-02-12,Delivered
12598,1728,49,2022-11-25,Delivered
12599,137,18,2023-02-08,Delivered
12600,2365,53,2025-01-09,Returned
12601,2701,60,2025-04-05,Delivered
12602,1504,24,2023-05-19,Returned
12603,3628,26,2024-03-01,Cancelled
12604,3688,10,2024-05-15,Pending
12605,3421,29,2023-01-28,Cancelled
12606,2269,10,2024-08-22,Delivered
12607,1448,24,2022-09-22,Cancelled
12608,2475,50,2025-05-24,Delivered
12609,3775,35,2024-03-20,Cancelled
12610,2614,36,2022-02-03,Delivered
12611,2288,22,2022-06-07,Pending
12612,1544,11,2024-07-14,Cancelled
12613,2303,53,2023-08-26,Pending
12614,3605,21,2022-06-09,Delivered
12615,1790,17,2024-10-21,Cancelled
12616,975,33,2025-07-19,Returned
12617,819,46,2023-10-03,Pending
12618,928,48,2025-12-21,Delivered
12619,3142,44,2023-09-20,Delivered
12620,3095,11,2022-07-19,Cancelled
12621,3255,29,2022-01-26,Returned
12622,3330,14,2022-02-13,Returned
12623,3368,42,2023-09-27,Delivered
12624,395,46,2023-06-15,Delivered
12625,2330,43,2025-04-26,Delivered
12626,232,56,2024-10-15,Delivered
12627,186,10,2025-10-16,Delivered
12628,2953,15,2024-12-01,Cancelled
12629,2067,32,2024-08-19,Delivered
12630,2294,60,2025-04-07,Delivered
12631,1796,27,2022-03-04,Cancelled
12632,2286,4,2022-02-16,Pending
12633,1477,35,2023-10-20,Returned
12634,3428,53,2023-05-30,Delivered
12635,3402,44,2025-03-13,Delivered
12636,411,33,2023-03-17,Delivered
12637,1821,20,2025-01-14,Cancelled
12638,242,52,2023-03-21,Delivered
12639,626,27,2023-05-16,Pending
12640,3239,15,2023-05-07,Pending
12641,1086,44,2023-03-19,Delivered
12642,1969,12,2024-07-31,Cancelled
12643,1612,58,2022-12-10,Delivered
12644,3354,27,2025-02-20,Delivered
12645,3698,24,2024-04-14,Delivered
12646,1065,7,2023-09-25,Returned
12647,1374,18,2024-01-26,Delivered
12648,2705,7,2025-08-30,Cancelled
12649,2334,11,2023-07-27,Delivered
12650,1067,11,2023-09-28,Cancelled
12651,2601,26,2025-08-31,Delivered
12652,1637,7,2024-12-20,Pending
12653,352,23,2025-12-14,Returned
12654,3183,54,2025-08-11,Cancelled
12655,704,43,2024-05-21,Pending
12656,3980,49,2023-08-30,Returned
12657,2026,10,2024-05-14,Delivered
12658,2325,47,2025-03-24,Pending
12659,671,27,2022-02-04,Delivered
12660,3935,26,2025-04-26,Delivered
12661,2552,39,2025-12-10,Delivered
12662,3853,49,2023-02-07,Delivered
12663,1228,49,2025-05-15,Pending
12664,1767,43,2022-08-26,Cancelled
12665,440,9,2022-03-27,Delivered
12666,2939,23,2025-01-20,Pending
12667,629,40,2022-07-07,Delivered
12668,1484,35,2025-12-03,Returned
12669,1113,9,2024-03-20,Delivered
12670,3018,59,2022-08-19,Pending
12671,389,25,2025-10-06,Delivered
12672,1059,8,2025-06-17,Pending
12673,397,27,2025-05-25,Delivered
12674,1561,24,2022-06-06,Delivered
12675,345,54,2022-08-19,Delivered
12676,49,44,2022-04-24,Delivered
12677,1509,31,2023-08-03,Returned
12678,2791,43,2023-05-11,Delivered
12679,2765,20,2022-04-15,Pending
12680,2501,49,2023-08-07,Delivered
12681,3832,30,2022-05-22,Returned
12682,1591,1,2023-02-04,Delivered
12683,2976,45,2023-08-20,Delivered
12684,2014,22,2024-01-24,Delivered
12685,2664,1,2022-10-20,Pending
12686,2051,59,2022-05-01,Delivered
12687,372,13,2022-01-18,Delivered
12688,3817,13,2024-02-09,Delivered
12689,3149,40,2024-03-02,Delivered
12690,918,58,2023-04-11,Delivered
12691,1999,55,2023-01-20,Cancelled
12692,1177,16,2023-11-23,Returned
12693,1389,54,2025-12-03,Returned
12694,2366,27,2025-12-07,Delivered
12695,775,12,2023-03-07,Delivered
12696,3990,24,2022-06-20,Pending
12697,79,56,2024-09-19,Returned
12698,2136,2,2024-07-31,Returned
12699,1688,43,2022-03-12,Returned
12700,2855,29,2025-05-07,Delivered
12701,3638,55,2023-08-31,Returned
12702,1821,10,2022-09-16,Pending
12703,1776,48,2025-01-28,Delivered
12704,2314,32,2022-01-21,Returned
12705,3419,51,2024-01-19,Cancelled
12706,402,29,2022-09-19,Delivered
12707,3845,50,2023-04-10,Delivered
12708,3865,47,2022-03-24,Delivered
12709,2499,60,2022-08-17,Delivered
12710,1816,55,2023-02-13,Delivered
12711,3893,1,2024-03-13,Pending
12712,815,8,2025-03-30,Pending
12713,1752,1,2023-03-25,Delivered
12714,2105,49,2022-08-01,Delivered
12715,454,37,2024-02-20,Delivered
12716,125,11,2023-10-27,Cancelled
12717,3444,38,2024-09-09,Returned
12718,685,2,2024-08-15,Returned
12719,629,45,2023-07-10,Delivered
12720,3597,38,2023-09-06,Delivered
12721,1654,32,2022-09-22,Delivered
12722,2318,40,2022-08-12,Pending
12723,1768,23,2024-11-13,Cancelled
12724,1621,54,2025-04-29,Delivered
12725,2346,50,2022-02-17,Delivered
12726,3960,14,2025-11-28,Pending
12727,3865,53,2024-02-23,Delivered
12728,1212,39,2023-01-15,Delivered
12729,522,58,2025-12-01,Returned
12730,1671,59,2023-09-23,Cancelled
12731,3203,12,2023-06-28,Delivered
12732,3409,28,2024-01-12,Delivered
12733,520,2,2022-05-27,Cancelled
12734,668,37,2025-12-17,Delivered
12735,1247,52,2022-11-04,Cancelled
12736,679,56,2023-12-25,Delivered
12737,1590,18,2025-05-02,Delivered
12738,3477,52,2025-04-29,Delivered
12739,3557,28,2023-12-14,Returned
12740,1345,49,2024-12-08,Delivered
12741,1412,52,2025-05-22,Delivered
12742,3878,3,2022-11-28,Delivered
12743,2828,40,2022-11-11,Cancelled
12744,1359,11,2024-01-13,Delivered
12745,1653,45,2024-05-18,Delivered
12746,3696,32,2025-07-13,Delivered
12747,2922,42,2025-05-28,Delivered
12748,3045,49,2025-08-11,Delivered
12749,1059,39,2023-04-07,Delivered
12750,2478,59,2024-06-07,Delivered
12751,959,25,2023-11-29,Delivered
12752,349,25,2025-11-19,Delivered
12753,1011,1,2022-01-18,Delivered
12754,799,43,2024-07-12,Returned
12755,2532,27,2025-05-17,Returned
12756,24,6,2024-08-22,Delivered
12757,1994,49,2023-08-04,Delivered
12758,2969,3,2022-06-02,Delivered
12759,3824,49,2023-05-15,Delivered
12760,3109,52,2024-03-30,Delivered
12761,694,58,2023-09-20,Returned
12762,3774,24,2025-03-22,Pending
12763,2677,50,2023-10-21,Returned
12764,2309,25,2024-04-18,Delivered
12765,1106,3,2022-03-23,Cancelled
12766,427,5,2023-01-23,Pending
12767,946,27,2023-05-10,Delivered
12768,3791,15,2023-11-10,Returned
12769,2791,54,2025-10-31,Delivered
12770,1427,16,2022-04-24,Delivered
12771,3683,45,2024-05-12,Cancelled
12772,80,55,2023-01-17,Delivered
12773,3631,28,2024-05-06,Delivered
12774,194,20,2022-11-29,Returned
12775,2325,7,2022-01-08,Delivered
12776,3772,7,2025-01-13,Delivered
12777,2593,40,2025-04-09,Delivered
12778,440,42,2025-08-11,Delivered
12779,3788,49,2024-04-18,Cancelled
12780,563,41,2024-12-28,Returned
12781,2060,51,2024-09-14,Delivered
12782,1280,13,2022-01-23,Returned
12783,1896,58,2022-04-25,Delivered
12784,3400,48,2023-09-19,Returned
12785,1656,60,2025-06-16,Returned
12786,708,47,2022-06-25,Delivered
12787,1722,3,2025-12-24,Delivered
12788,1509,54,2023-01-11,Delivered
12789,1767,42,2025-08-31,Pending
12790,197,55,2022-11-04,Cancelled
12791,3732,31,2025-09-22,Pending
12792,2287,33,2022-08-15,Delivered
12793,1687,14,2023-12-22,Cancelled
12794,1864,18,2022-09-13,Cancelled
12795,1612,45,2023-04-14,Delivered
12796,2226,27,2023-12-13,Pending
12797,3538,23,2024-07-23,Delivered
12798,3457,5,2025-10-18,Delivered
12799,3444,16,2022-10-23,Returned
12800,3985,1,2024-08-04,Returned
12801,1415,23,2025-10-09,Cancelled
12802,143,53,2025-06-29,Delivered
12803,2028,30,2023-01-02,Pending
12804,2585,53,2025-08-06,Cancelled
12805,724,54,2023-01-23,Delivered
12806,1329,42,2023-11-26,Cancelled
12807,2677,11,2022-10-17,Delivered
12808,2939,4,2022-06-25,Delivered
12809,3560,52,2023-04-10,Cancelled
12810,1092,58,2022-11-11,Delivered
12811,3145,49,2023-06-15,Delivered
12812,3754,42,2025-11-26,Delivered
12813,3620,10,2024-01-26,Cancelled
12814,3927,36,2024-08-02,Cancelled
12815,257,18,2024-03-01,Delivered
12816,2819,59,2024-02-11,Returned
12817,3273,49,2024-07-13,Pending
12818,1059,30,2024-12-25,Delivered
12819,3832,30,2025-07-27,Delivered
12820,3011,34,2022-11-11,Pending
12821,1109,33,2025-10-06,Delivered
12822,3534,49,2022-02-22,Returned
12823,1121,24,2022-08-11,Delivered
12824,2576,36,2025-12-11,Cancelled
12825,3090,26,2023-03-06,Pending
12826,3802,34,2025-02-26,Pending
12827,2779,31,2022-12-30,Delivered
12828,2855,60,2023-11-24,Delivered
12829,2968,25,2024-03-11,Returned
12830,1955,18,2023-06-20,Pending
12831,169,40,2023-03-14,Delivered
12832,2486,36,2022-10-21,Returned
12833,922,55,2022-10-16,Delivered
12834,262,16,2023-04-22,Cancelled
12835,2004,16,2024-08-10,Pending
12836,372,34,2024-08-18,Returned
12837,2460,5,2025-08-23,Returned
12838,1309,29,2025-09-25,Cancelled
12839,2788,50,2025-08-29,Delivered
12840,3781,57,2023-02-11,Delivered
12841,3153,60,2022-04-08,Delivered
12842,1276,58,2023-10-21,Delivered
12843,912,27,2022-01-25,Cancelled
12844,1702,37,2025-04-17,Delivered
12845,3998,46,2023-06-17,Delivered
12846,2129,35,2022-05-03,Cancelled
12847,3616,37,2025-02-28,Delivered
12848,611,41,2025-06-14,Delivered
12849,174,1,2023-02-04,Cancelled
12850,1909,21,2025-09-16,Delivered
12851,1295,36,2024-10-22,Pending
12852,2897,55,2022-02-09,Cancelled
12853,1250,39,2025-10-06,Cancelled
12854,3111,52,2025-02-15,Pending
12855,2987,23,2022-01-20,Pending
12856,1390,53,2022-10-12,Cancelled
12857,2809,44,2025-01-13,Returned
12858,2359,2,2022-10-22,Delivered
12859,3767,38,2023-07-14,Delivered
12860,3640,17,2023-03-07,Pending
12861,975,50,2024-09-10,Delivered
12862,235,57,2024-09-18,Pending
12863,446,8,2023-08-19,Delivered
12864,3892,54,2022-10-03,Delivered
12865,2963,29,2025-11-21,Delivered
12866,3011,21,2025-01-17,Delivered
12867,3422,41,2024-09-02,Cancelled
12868,3985,55,2023-09-03,Pending
12869,708,27,2023-04-14,Delivered
12870,453,54,2023-03-03,Cancelled
12871,3559,57,2023-07-27,Pending
12872,1077,56,2022-07-18,Delivered
12873,920,25,2024-02-24,Delivered
12874,2617,56,2024-01-14,Delivered
12875,3772,23,2025-01-19,Delivered
12876,2805,36,2023-11-20,Delivered
12877,3261,47,2023-05-28,Pending
12878,1729,53,2022-07-04,Pending
12879,383,3,2023-10-12,Pending
12880,1985,41,2023-08-24,Delivered
12881,747,6,2022-05-08,Returned
12882,2974,32,2022-09-11,Pending
12883,1,18,2024-12-19,Returned
12884,320,42,2022-11-17,Returned
12885,1924,21,2023-10-01,Returned
12886,2399,28,2025-09-08,Delivered
12887,1423,18,2022-12-30,Delivered
12888,453,7,2022-06-13,Delivered
12889,2888,7,2024-10-06,Delivered
12890,3079,8,2025-11-09,Delivered
12891,863,45,2022-12-17,Delivered
12892,1564,19,2025-12-21,Delivered
12893,3369,46,2022-10-08,Delivered
12894,915,17,2022-06-13,Delivered
12895,3967,4,2023-09-02,Delivered
12896,483,29,2024-04-23,Delivered
12897,3997,7,2022-10-10,Delivered
12898,2309,52,2022-10-30,Delivered
12899,3002,48,2023-02-26,Cancelled
12900,325,17,2025-02-09,Delivered
12901,1728,58,2022-03-21,Pending
12902,1673,50,2022-04-05,Delivered
12903,1167,30,2025-06-24,Pending
12904,1059,5,2023-02-27,Pending
12905,928,48,2022-09-18,Delivered
12906,1862,14,2023-08-16,Cancelled
12907,3675,25,2023-09-22,Returned
12908,2133,7,2023-08-19,Delivered
12909,3290,34,2022-01-14,Delivered
12910,2463,15,2025-11-16,Delivered
12911,1212,34,2024-10-15,Returned
12912,3648,55,2023-03-27,Delivered
12913,36,15,2024-03-31,Returned
12914,2628,57,2022-03-06,Delivered
12915,3912,4,2022-04-09,Pending
12916,1678,51,2023-03-03,Delivered
12917,2345,46,2025-01-15,Delivered
12918,2949,10,2022-11-10,Cancelled
12919,1877,37,2025-08-12,Delivered
12920,886,57,2025-01-11,Pending
12921,1023,58,2024-08-04,Delivered
12922,3093,19,2022-01-19,Delivered
12923,3169,29,2024-03-18,Delivered
12924,228,43,2025-05-03,Delivered
12925,2729,55,2023-08-19,Pending
12926,912,17,2024-03-11,Returned
12927,3893,8,2024-01-19,Returned
12928,1919,19,2024-03-10,Delivered
12929,3643,43,2023-01-17,Pending
12930,3355,33,2023-02-25,Delivered
12931,3310,33,2023-03-11,Returned
12932,1111,27,2023-06-21,Returned
12933,2188,3,2023-05-16,Pending
12934,2174,22,2024-09-02,Delivered
12935,1991,10,2025-03-21,Cancelled
12936,3089,39,2023-07-03,Delivered
12937,2725,38,2022-03-09,Pending
12938,1425,2,2025-09-25,Delivered
12939,1531,56,2022-01-20,Delivered
12940,2482,26,2023-11-13,Delivered
12941,446,52,2022-05-08,Delivered
12942,232,60,2025-08-13,Delivered
12943,1502,5,2024-08-12,Returned
12944,3660,53,2023-03-30,Delivered
12945,806,10,2022-05-28,Delivered
12946,3368,18,2024-11-20,Delivered
12947,2345,43,2025-06-15,Delivered
12948,24,55,2025-05-02,Delivered
12949,3360,20,2024-05-26,Delivered
12950,2461,46,2025-04-26,Delivered
12951,1197,41,2024-11-10,Delivered
12952,2288,30,2023-06-12,Delivered
12953,1704,29,2023-01-17,Returned
12954,2100,48,2023-11-25,Delivered
12955,3424,15,2025-02-24,Delivered
12956,1821,38,2025-12-10,Delivered
12957,3517,47,2024-06-29,Returned
12958,2151,35,2025-08-23,Delivered
12959,2025,1,2023-02-23,Delivered
12960,3310,38,2023-11-25,Cancelled
12961,1031,7,2025-08-22,Cancelled
12962,3776,9,2022-02-01,Delivered
12963,147,49,2022-02-12,Delivered
12964,3893,47,2023-09-28,Delivered
12965,2378,11,2025-05-04,Delivered
12966,1738,43,2025-06-06,Returned
12967,3963,28,2024-01-13,Delivered
12968,3582,53,2025-07-03,Pending
12969,143,18,2023-01-16,Pending
12970,2409,21,2023-12-03,Pending
12971,1895,40,2023-05-23,Cancelled
12972,671,28,2022-07-15,Delivered
12973,75,30,2023-03-02,Delivered
12974,1412,59,2022-11-24,Delivered
12975,3931,47,2024-02-20,Delivered
12976,2314,50,2025-07-23,Returned
12977,3538,21,2022-10-31,Cancelled
12978,3605,12,2023-10-31,Returned
12979,2974,59,2023-03-13,Returned
12980,3070,34,2022-03-12,Delivered
12981,2562,39,2024-05-25,Returned
12982,1048,17,2024-07-09,Delivered
12983,3095,40,2024-04-08,Delivered
12984,249,29,2023-06-30,Delivered
12985,3224,20,2024-04-11,Delivered
12986,3004,9,2024-09-07,Delivered
12987,286,53,2024-02-02,Delivered
12988,3911,19,2023-09-30,Delivered
12989,64,47,2025-02-07,Delivered
12990,2762,13,2025-06-21,Cancelled
12991,3754,7,2025-03-02,Returned
12992,982,53,2025-04-15,Delivered
12993,2800,53,2024-04-11,Delivered
12994,2193,27,2025-03-25,Returned
12995,1244,29,2023-06-06,Delivered
12996,1852,6,2022-02-23,Delivered
12997,2260,29,2022-07-11,Delivered
12998,64,15,2024-06-29,Delivered
12999,3783,17,2022-01-22,Delivered
13000,1069,36,2025-07-10,Returned
13001,1862,10,2025-12-30,Returned
13002,1647,23,2022-08-12,Pending
13003,1939,45,2022-10-03,Delivered
13004,300,19,2022-04-30,Cancelled
13005,1028,33,2022-06-05,Delivered
13006,2393,9,2024-12-31,Returned
13007,3033,16,2022-06-01,Pending
13008,3446,40,2024-11-21,Delivered
13009,2969,40,2024-10-16,Returned
13010,1702,34,2022-08-08,Delivered
13011,1412,44,2024-06-30,Delivered
13012,2651,21,2025-03-29,Returned
13013,708,7,2024-03-01,Delivered
13014,3191,2,2023-02-12,Delivered
13015,1059,37,2023-09-22,Delivered
13016,3824,19,2023-10-06,Delivered
13017,1179,19,2025-12-02,Pending
13018,328,45,2025-09-29,Delivered
13019,2997,7,2024-02-26,Delivered
13020,2457,8,2024-08-08,Pending
13021,490,30,2022-06-04,Delivered
13022,2756,56,2024-03-25,Delivered
13023,3210,9,2024-03-11,Delivered
13024,1064,24,2025-02-12,Delivered
13025,3160,56,2025-07-27,Delivered
13026,751,55,2023-04-11,Delivered
13027,1426,22,2022-02-22,Delivered
13028,2657,56,2025-05-25,Delivered
13029,2448,52,2024-03-05,Delivered
13030,3987,52,2023-06-08,Delivered
13031,2501,48,2023-08-07,Delivered
13032,1636,46,2022-11-05,Returned
13033,1337,28,2022-02-09,Delivered
13034,3444,60,2023-05-02,Delivered
13035,1854,32,2025-04-27,Delivered
13036,186,14,2024-12-09,Delivered
13037,589,34,2022-04-21,Delivered
13038,3518,25,2024-05-17,Returned
13039,2370,21,2024-07-08,Delivered
13040,3378,31,2022-03-16,Delivered
13041,1273,28,2025-07-05,Returned
13042,1893,51,2022-11-26,Returned
13043,2392,54,2024-12-19,Delivered
13044,3374,29,2024-06-12,Cancelled
13045,2483,20,2025-03-02,Returned
13046,304,30,2025-05-03,Delivered
13047,2488,12,2025-12-10,Cancelled
13048,1109,1,2024-01-05,Pending
13049,564,42,2024-06-09,Cancelled
13050,2117,11,2025-10-07,Delivered
13051,1612,30,2025-10-30,Returned
13052,3167,15,2024-10-27,Pending
13053,3042,39,2025-11-06,Delivered
13054,2521,28,2022-04-21,Delivered
13055,3095,29,2024-04-08,Delivered
13056,2006,30,2022-03-01,Pending
13057,1176,14,2024-03-02,Delivered
13058,2152,14,2023-07-02,Delivered
13059,65,13,2025-09-22,Cancelled
13060,2188,19,2024-12-17,Delivered
13061,917,12,2025-07-31,Returned
13062,3478,8,2023-02-12,Delivered
13063,2925,25,2022-06-26,Cancelled
13064,104,59,2023-01-02,Cancelled
13065,1113,40,2024-03-20,Delivered
13066,3363,42,2024-11-26,Delivered
13067,3457,1,2022-03-15,Delivered
13068,2562,1,2025-10-22,Delivered
13069,2435,9,2025-07-28,Returned
13070,112,1,2025-12-10,Pending
13071,3315,53,2025-12-06,Delivered
13072,1821,22,2025-09-12,Pending
13073,3444,15,2023-08-27,Delivered
13074,1095,40,2024-09-18,Delivered
13075,792,27,2024-07-11,Delivered
13076,1818,9,2022-02-15,Delivered
13077,1821,1,2025-03-10,Delivered
13078,3597,17,2022-06-30,Returned
13079,3109,12,2025-08-22,Delivered
13080,1881,6,2022-03-14,Delivered
13081,3788,26,2025-01-07,Delivered
13082,2992,28,2025-08-16,Delivered
13083,1892,32,2023-07-10,Cancelled
13084,306,7,2024-10-08,Delivered
13085,3677,2,2024-02-21,Delivered
13086,304,37,2023-02-26,Delivered
13087,2380,5,2024-06-17,Delivered
13088,1006,10,2025-05-16,Delivered
13089,1203,9,2025-06-29,Delivered
13090,1083,19,2023-04-26,Delivered
13091,2204,7,2024-03-28,Pending
13092,1639,42,2022-05-27,Returned
13093,322,15,2023-07-18,Delivered
13094,2690,54,2025-08-11,Delivered
13095,3380,8,2022-11-07,Delivered
13096,244,54,2023-06-28,Delivered
13097,1295,58,2023-10-09,Pending
13098,1568,4,2023-05-16,Pending
13099,966,54,2022-01-31,Delivered
13100,2812,3,2023-02-02,Cancelled
13101,3599,1,2025-01-20,Delivered
13102,91,34,2024-07-03,Delivered
13103,2455,36,2022-09-03,Pending
13104,3063,58,2024-03-02,Delivered
13105,2217,17,2022-01-17,Pending
13106,1577,50,2023-03-19,Delivered
13107,3042,26,2022-12-05,Pending
13108,586,21,2023-12-25,Returned
13109,1334,40,2024-08-13,Cancelled
13110,1337,45,2022-02-09,Delivered
13111,708,13,2024-03-01,Delivered
13112,2929,2,2023-12-12,Returned
13113,3119,35,2022-08-10,Cancelled
13114,756,45,2025-05-20,Delivered
13115,549,49,2025-11-26,Delivered
13116,2897,3,2025-11-30,Pending
13117,65,47,2025-09-22,Cancelled
13118,2974,46,2025-01-14,Pending
13119,975,34,2025-05-27,Delivered
13120,3004,11,2025-11-14,Delivered
13121,2131,49,2025-04-14,Delivered
13122,1562,46,2023-05-15,Pending
13123,2313,13,2023-09-30,Cancelled
13124,2821,11,2023-08-09,Pending
13125,1011,13,2023-09-30,Delivered
13126,1790,42,2023-01-16,Delivered
13127,3374,47,2025-05-14,Delivered
13128,659,30,2022-07-09,Delivered
13129,1681,37,2025-09-27,Delivered
13130,2684,15,2024-10-26,Cancelled
13131,3027,25,2024-07-23,Delivered
13132,1092,21,2022-11-11,Delivered
13133,802,38,2024-07-05,Delivered
13134,172,55,2022-03-20,Pending
13135,1313,10,2022-12-09,Delivered
13136,699,22,2022-12-15,Delivered
13137,522,9,2025-10-26,Delivered
13138,1207,31,2023-01-22,Cancelled
13139,631,18,2024-01-09,Delivered
13140,2308,42,2025-06-13,Pending
13141,411,52,2024-08-25,Delivered
13142,1862,47,2024-06-15,Delivered
13143,3720,52,2025-07-30,Pending
13144,3374,32,2024-06-12,Cancelled
13145,2967,17,2023-09-17,Delivered
13146,3203,36,2025-03-10,Delivered
13147,2969,32,2023-10-08,Delivered
13148,1818,6,2022-07-01,Cancelled
13149,3116,27,2025-01-23,Delivered
13150,3061,45,2022-11-11,Pending
13151,3355,31,2023-02-25,Delivered
13152,3327,18,2023-02-27,Pending
13153,3153,21,2024-09-16,Returned
13154,75,46,2023-07-13,Returned
13155,24,7,2025-06-11,Delivered
13156,313,29,2024-10-16,Delivered
13157,1550,21,2023-03-18,Cancelled
13158,809,42,2022-09-29,Delivered
13159,1799,6,2024-11-02,Delivered
13160,3042,1,2022-11-24,Cancelled
13161,2148,21,2023-03-18,Delivered
13162,2783,45,2022-03-25,Delivered
13163,3771,58,2022-04-19,Delivered
13164,7,48,2022-09-26,Returned
13165,631,25,2024-01-09,Delivered
13166,1923,23,2025-06-12,Delivered
13167,3605,17,2024-01-19,Delivered
13168,3224,39,2023-05-13,Delivered
13169,3710,22,2023-02-16,Delivered
13170,84,7,2025-01-09,Delivered
13171,2619,55,2025-07-08,Cancelled
13172,3340,9,2025-05-28,Delivered
13173,1408,35,2025-05-02,Returned
13174,299,5,2025-08-25,Pending
13175,1800,46,2022-12-05,Pending
13176,1412,47,2022-10-31,Delivered
13177,2607,32,2023-10-11,Delivered
13178,1167,2,2024-04-24,Delivered
13179,335,12,2024-01-15,Delivered
13180,1928,24,2024-12-13,Delivered
13181,1059,48,2023-02-27,Pending
13182,1167,10,2025-06-18,Returned
13183,1021,3,2025-10-31,Delivered
13184,1881,51,2025-06-15,Cancelled
13185,330,3,2025-04-01,Returned
13186,65,17,2022-09-19,Cancelled
13187,1197,30,2025-06-09,Delivered
13188,726,31,2024-09-05,Returned
13189,3757,59,2022-09-20,Delivered
13190,2946,55,2022-04-29,Delivered
13191,911,58,2024-10-18,Delivered
13192,2306,35,2022-08-25,Pending
13193,112,21,2025-09-23,Cancelled
13194,2995,23,2023-12-03,Delivered
13195,2867,49,2025-02-11,Returned
