payment_id,order_id,payment_method,amount,payment_date,payment_status
1,1,Net Banking,35341.94,2023-03-06,Success
2,2,Credit Card,114292.62,2025-11-07,Refunded
3,3,Credit Card,137026.03,2022-10-20,Success
4,4,Net Banking,61283.36,2025-10-16,Success
5,5,UPI,181135.93,2023-08-25,Success
6,6,UPI,67756.88,2024-01-04,Success
7,7,Credit Card,52182.68,2024-07-23,Success
8,8,COD,38348.35,2022-06-28,Refunded
9,9,Credit Card,77663.85,2022-12-08,Success
10,10,Credit Card,88262.73,2025-09-04,Success
11,11,Net Banking,115441.74,2022-02-12,Success
12,12,COD,71515.14,2022-09-15,Refunded
13,13,Credit Card,35946.01,2022-03-22,Success
14,14,Wallet,4484.0,2023-09-04,Success
15,15,Wallet,4664.74,2023-05-20,Success
16,16,Net Banking,9585.59,2025-06-03,Success
17,17,COD,121797.54,2023-06-14,Success
18,18,Debit Card,33711.49,2025-09-24,Success
19,19,Wallet,9878.4,2024-08-16,Failed
20,20,COD,20848.72,2022-11-29,Success
21,21,Wallet,35915.02,2024-10-28,Success
22,22,UPI,57799.08,2025-03-08,Success
23,23,UPI,8425.32,2024-07-15,Success
24,24,Debit Card,104760.94,2022-06-16,Success
25,25,Debit Card,72060.05,2024-10-11,Failed
26,26,Wallet,28696.99,2024-03-31,Success
27,27,Net Banking,58525.99,2025-10-24,Success
28,28,COD,90909.75,2024-05-19,Failed
29,29,UPI,96977.86,2022-04-10,Success
30,30,Debit Card,81695.57,2023-04-27,Failed
31,31,Net Banking,77480.86,2025-10-10,Success
32,32,Wallet,44849.14,2025-10-17,Refunded
33,33,Debit Card,4591.62,2023-09-20,Refunded
34,34,Net Banking,17967.2,2022-07-26,Success
35,35,Net Banking,44716.54,2025-02-24,Success
36,36,Wallet,69200.71,2022-08-14,Success
37,37,Credit Card,19885.29,2025-05-26,Success
38,38,UPI,17907.83,2023-01-17,Success
39,39,Credit Card,11765.07,2024-04-30,Success
40,40,UPI,131128.68,2024-04-03,Success
41,41,Credit Card,83599.02,2024-12-12,Success
42,42,Net Banking,55362.0,2024-02-21,Success
43,43,UPI,12368.27,2022-07-19,Refunded
44,44,Credit Card,68487.92,2022-08-19,Failed
45,45,Debit Card,107086.99,2024-03-08,Success
46,46,UPI,119680.19,2022-02-27,Success
47,47,UPI,15585.36,2022-06-13,Success
48,48,Credit Card,51091.48,2025-09-18,Refunded
49,49,COD,30093.62,2022-04-02,Success
50,50,Wallet,25178.52,2022-12-16,Success
51,51,Net Banking,122385.93,2025-11-27,Failed
52,52,UPI,153285.84,2025-09-05,Success
53,53,Net Banking,34032.03,2025-01-25,Success
54,54,Wallet,12360.76,2022-01-21,Success
55,55,UPI,24687.28,2023-02-15,Success
56,56,Wallet,111970.84,2023-01-02,Refunded
57,57,Wallet,83113.64,2025-11-14,Refunded
58,58,UPI,103187.12,2023-03-03,Refunded
59,59,UPI,198743.58,2023-02-03,Success
60,60,Credit Card,24220.01,2025-05-20,Success
61,61,UPI,47047.12,2024-11-23,Success
62,62,UPI,39656.32,2023-04-28,Refunded
63,63,Credit Card,37053.93,2025-07-20,Success
64,64,Debit Card,107324.98,2025-05-16,Refunded
65,65,COD,167079.45,2022-08-08,Success
66,66,UPI,104032.44,2023-06-14,Success
67,67,UPI,182555.1,2023-05-14,Success
68,68,Wallet,88927.87,2025-04-01,Success
69,69,Net Banking,25449.76,2024-08-01,Success
70,70,Credit Card,86474.8,2025-06-28,Success
71,71,UPI,18462.03,2024-09-07,Refunded
72,72,UPI,89530.1,2025-08-27,Success
73,73,Credit Card,69103.62,2023-04-17,Success
74,74,Wallet,58208.87,2025-01-19,Success
75,75,Debit Card,138452.81,2022-11-17,Refunded
76,76,COD,192618.94,2025-09-10,Success
77,77,COD,13277.56,2022-03-23,Success
78,78,Net Banking,45985.66,2025-07-23,Success
79,79,Net Banking,70149.25,2022-05-25,Success
80,80,Net Banking,168364.23,2022-03-15,Refunded
81,81,Debit Card,74404.08,2025-03-10,Success
82,82,Debit Card,52562.05,2022-02-04,Success
83,83,UPI,89993.76,2022-01-05,Success
84,84,Wallet,72360.7,2024-11-25,Success
85,85,COD,105311.38,2024-02-21,Success
86,86,Credit Card,69005.02,2025-06-26,Success
87,87,UPI,228373.89,2023-12-14,Success
88,88,Credit Card,34866.4,2024-05-15,Success
89,89,Net Banking,61309.67,2023-11-05,Success
90,90,Credit Card,49513.51,2025-04-29,Success
91,91,Debit Card,113925.83,2025-06-04,Refunded
92,92,Credit Card,35921.12,2024-07-24,Success
93,93,Wallet,11221.63,2024-06-20,Success
94,94,COD,27537.55,2024-07-06,Success
95,95,Wallet,28858.81,2025-08-29,Success
96,96,Credit Card,91738.64,2024-02-27,Success
97,97,COD,40128.02,2025-03-26,Failed
98,98,Wallet,125597.63,2024-04-17,Success
99,99,Debit Card,71322.51,2022-12-12,Success
100,100,Net Banking,34087.55,2022-12-20,Success
101,101,UPI,42680.77,2024-11-27,Refunded
102,102,Wallet,23426.04,2024-03-01,Success
103,103,Credit Card,52770.99,2022-06-14,Success
104,104,Credit Card,52820.31,2024-10-28,Success
105,105,UPI,21510.83,2023-03-21,Success
106,106,UPI,64872.9,2023-09-15,Refunded
107,107,COD,145109.8,2024-02-15,Refunded
108,108,Credit Card,116266.99,2024-09-05,Refunded
109,109,UPI,2843.32,2022-10-08,Success
110,110,COD,119598.08,2025-06-12,Success
111,111,Debit Card,22000.25,2024-10-25,Refunded
112,112,Credit Card,124741.81,2023-06-04,Success
113,113,COD,57818.68,2024-09-10,Success
114,114,UPI,30166.16,2024-08-24,Success
115,115,UPI,136064.4,2022-03-08,Refunded
116,116,COD,53350.96,2023-08-18,Refunded
117,117,Net Banking,110929.09,2023-05-19,Success
118,118,Wallet,43668.26,2023-05-19,Success
119,119,UPI,91666.31,2025-11-12,Success
120,120,Debit Card,2874.0,2023-10-16,Failed
121,121,Net Banking,97901.6,2023-09-20,Success
122,122,UPI,71015.46,2025-04-11,Success
123,123,COD,70546.67,2025-12-31,Success
124,124,Wallet,3810.34,2022-12-03,Refunded
125,125,COD,96353.06,2024-05-15,Success
126,126,UPI,27898.27,2022-07-01,Success
127,127,Net Banking,99823.51,2024-07-20,Refunded
128,128,Debit Card,147553.39,2022-08-02,Success
129,129,UPI,8528.34,2024-04-13,Success
130,130,COD,33506.58,2023-02-21,Success
131,131,Debit Card,183424.26,2023-02-07,Success
132,132,Debit Card,96265.57,2024-09-30,Failed
133,133,Debit Card,99775.75,2025-12-16,Refunded
134,134,Credit Card,102870.66,2024-08-01,Success
135,135,Net Banking,82053.01,2025-01-28,Refunded
136,136,Debit Card,36672.04,2022-11-18,Success
137,137,Wallet,38226.68,2022-05-10,Success
138,138,Wallet,44234.77,2024-04-04,Success
139,139,COD,2300.44,2022-04-23,Success
140,140,Credit Card,53514.82,2024-07-12,Success
141,141,Debit Card,94493.45,2023-09-15,Refunded
142,142,Net Banking,6078.92,2025-05-10,Success
143,143,COD,7635.6,2022-11-11,Success
144,144,UPI,61477.59,2025-11-25,Refunded
145,145,COD,51496.89,2025-12-11,Refunded
146,146,Net Banking,69387.88,2024-10-29,Success
147,147,Wallet,90586.63,2025-08-26,Success
148,148,Credit Card,156886.11,2025-03-21,Success
149,149,Wallet,16376.22,2023-02-18,Success
150,150,COD,25591.72,2024-10-08,Refunded
151,151,Debit Card,26961.69,2025-06-05,Success
152,152,Credit Card,72800.62,2024-11-16,Success
153,153,Debit Card,78185.04,2022-03-02,Success
154,154,Debit Card,13204.03,2025-05-29,Success
155,155,Wallet,2369.43,2025-04-11,Success
156,156,Credit Card,146423.59,2025-07-10,Success
157,157,Wallet,30317.36,2024-02-20,Success
158,158,UPI,118269.67,2025-08-20,Success
159,159,UPI,172899.32,2024-07-05,Success
160,160,Credit Card,102969.77,2024-12-03,Failed
161,161,COD,31473.1,2024-07-30,Success
162,162,Wallet,61543.64,2022-07-12,Refunded
163,163,Wallet,36853.58,2024-03-18,Success
164,164,Net Banking,83143.77,2025-07-07,Success
165,165,Net Banking,105771.79,2025-09-21,Success
166,166,Wallet,41593.2,2024-11-12,Failed
167,167,Net Banking,117915.01,2024-04-18,Refunded
168,168,Wallet,1305.68,2023-07-29,Failed
169,169,Wallet,19118.37,2025-07-27,Success
170,170,COD,20397.59,2025-05-13,Refunded
171,171,Credit Card,17924.71,2022-06-30,Refunded
172,172,Credit Card,110808.42,2024-06-28,Success
173,173,UPI,125246.83,2025-06-11,Success
174,174,COD,12973.35,2024-06-23,Success
175,175,Credit Card,795.08,2024-10-30,Success
176,176,COD,44802.27,2022-06-27,Success
177,177,Wallet,124737.55,2023-03-18,Success
178,178,UPI,24980.5,2025-09-03,Refunded
179,179,Credit Card,2614.99,2023-09-08,Success
180,180,Net Banking,65232.93,2024-12-15,Success
181,181,Wallet,7031.08,2023-05-18,Failed
182,182,Net Banking,75670.75,2023-07-04,Refunded
183,183,Net Banking,28771.77,2025-03-22,Success
184,184,Debit Card,92140.7,2024-06-29,Refunded
185,185,COD,85362.53,2025-08-22,Success
186,186,Debit Card,29809.98,2022-11-24,Success
187,187,COD,6297.01,2024-11-16,Success
188,188,Credit Card,74432.78,2022-02-15,Success
189,189,Debit Card,34752.65,2024-09-16,Success
190,190,Wallet,52319.47,2023-02-26,Refunded
191,191,Wallet,101057.66,2025-08-14,Success
192,192,Credit Card,21913.32,2024-01-12,Success
193,193,Debit Card,99779.23,2023-09-20,Success
194,194,Net Banking,39926.86,2022-04-23,Success
195,195,UPI,135344.38,2022-09-15,Success
196,196,Debit Card,139571.01,2025-09-21,Success
197,197,Wallet,38659.58,2024-04-03,Success
198,198,Net Banking,6194.16,2023-09-27,Success
199,199,Wallet,68919.69,2022-10-26,Success
200,200,Net Banking,144496.85,2025-05-09,Success
201,201,Credit Card,2222.63,2024-04-20,Success
202,202,Net Banking,23271.29,2022-07-28,Success
203,203,Credit Card,158457.12,2025-11-22,Success
204,204,Wallet,34155.46,2025-06-02,Success
205,205,Credit Card,53182.46,2022-08-03,Success
206,206,Credit Card,95586.49,2023-10-05,Success
207,207,COD,59552.29,2025-04-13,Success
208,208,Wallet,43923.12,2025-10-13,Success
209,209,COD,50950.68,2025-01-09,Success
210,210,Debit Card,6585.12,2023-02-04,Success
211,211,Net Banking,89388.02,2022-12-05,Success
212,212,COD,56668.65,2025-03-10,Success
213,213,Credit Card,116809.17,2025-10-01,Success
214,214,Wallet,10415.76,2024-03-11,Success
215,215,COD,92377.24,2023-05-03,Refunded
216,216,Credit Card,25695.96,2025-04-11,Success
217,217,Credit Card,65020.96,2023-06-25,Refunded
218,218,Debit Card,51178.9,2022-10-29,Success
219,219,Debit Card,80562.38,2024-07-15,Success
220,220,COD,212061.86,2023-07-28,Success
221,221,UPI,5775.95,2023-11-24,Success
222,222,Credit Card,34868.36,2024-05-28,Failed
223,223,Wallet,70579.79,2023-06-17,Success
224,224,Credit Card,58058.0,2022-07-21,Success
225,225,Credit Card,65962.42,2022-01-04,Success
226,226,Wallet,39164.04,2025-09-16,Refunded
227,227,COD,93471.74,2024-09-16,Success
228,228,Net Banking,70723.35,2024-11-24,Success
229,229,Debit Card,72629.37,2025-10-06,Success
230,230,UPI,53013.31,2022-08-12,Failed
231,231,Debit Card,70106.95,2023-05-30,Success
232,232,Net Banking,72389.51,2025-05-05,Success
233,233,UPI,188099.27,2024-03-14,Success
234,234,UPI,118922.55,2022-12-25,Success
235,235,Debit Card,56017.2,2022-01-24,Success
236,236,Debit Card,52895.79,2022-06-19,Success
237,237,COD,29835.22,2025-03-22,Success
238,238,UPI,47755.32,2025-01-19,Success
239,239,Credit Card,65721.85,2025-12-18,Success
240,240,Credit Card,3272.37,2024-09-23,Refunded
241,241,Net Banking,28792.0,2025-03-19,Success
242,242,UPI,31072.19,2025-01-14,Success
243,243,Wallet,112458.2,2024-02-29,Failed
244,244,Wallet,98628.88,2024-08-09,Success
245,245,Credit Card,59362.22,2024-07-21,Refunded
246,246,Wallet,148761.68,2022-12-29,Success
247,247,Net Banking,51254.35,2022-01-01,Success
248,248,Wallet,53111.0,2023-03-21,Success
249,249,Wallet,89834.37,2023-08-16,Success
250,250,UPI,7927.42,2024-04-27,Success
251,251,Debit Card,138493.27,2024-03-15,Success
252,252,UPI,3171.12,2025-11-01,Success
253,253,Wallet,2695.45,2023-02-23,Failed
254,254,COD,127834.77,2024-05-04,Success
255,255,Wallet,105768.02,2025-07-03,Success
256,256,Credit Card,41025.91,2024-10-15,Success
257,257,COD,20024.96,2024-01-05,Success
258,258,Debit Card,99769.18,2025-01-10,Refunded
259,259,Debit Card,58515.95,2024-02-18,Success
260,260,Debit Card,10454.69,2023-12-06,Refunded
261,261,Debit Card,50509.3,2022-10-15,Failed
262,262,COD,163089.99,2024-02-25,Success
263,263,Debit Card,43644.15,2022-01-22,Success
264,264,Credit Card,68606.52,2023-05-23,Success
265,265,Credit Card,87604.4,2024-12-21,Refunded
266,266,Wallet,92891.84,2023-11-01,Success
267,267,Credit Card,32131.15,2024-12-10,Success
268,268,Credit Card,103571.18,2025-03-08,Success
269,269,Credit Card,51672.2,2023-02-04,Success
270,270,Credit Card,9888.04,2022-06-12,Refunded
271,271,Wallet,113575.24,2022-02-14,Success
272,272,Wallet,37338.08,2023-07-19,Failed
273,273,UPI,60130.08,2025-08-24,Refunded
274,274,Net Banking,806.68,2024-07-07,Success
275,275,Debit Card,84101.54,2024-09-13,Failed
276,276,Credit Card,36690.19,2023-03-19,Success
277,277,UPI,21474.1,2022-11-13,Success
278,278,Debit Card,27619.72,2024-10-23,Refunded
279,279,UPI,89093.5,2022-08-07,Failed
280,280,COD,20298.75,2025-03-16,Success
281,281,COD,6868.88,2022-09-18,Success
282,282,COD,124136.76,2025-03-24,Refunded
283,283,Net Banking,53261.57,2023-03-10,Success
284,284,UPI,90013.75,2024-08-01,Success
285,285,Net Banking,66485.61,2024-02-29,Success
286,286,UPI,60393.81,2023-09-08,Refunded
287,287,Net Banking,30611.24,2023-06-14,Success
288,288,Debit Card,56994.36,2024-08-07,Failed
289,289,UPI,7216.66,2025-12-27,Success
290,290,Debit Card,89700.93,2023-04-09,Success
291,291,Debit Card,98383.69,2025-05-18,Success
292,292,Net Banking,118776.65,2024-02-24,Refunded
293,293,Debit Card,10808.89,2025-05-05,Success
294,294,UPI,128061.85,2023-05-11,Success
295,295,Wallet,24705.74,2022-05-15,Failed
296,296,UPI,60819.21,2023-07-14,Success
297,297,Wallet,82828.66,2025-11-23,Success
298,298,UPI,45447.33,2023-09-10,Success
299,299,Net Banking,47109.05,2025-07-28,Success
300,300,COD,87405.34,2023-05-27,Success
301,301,Net Banking,105331.27,2022-10-23,Refunded
302,302,Net Banking,89194.62,2025-03-23,Success
303,303,Wallet,49051.67,2024-11-17,Success
304,304,Net Banking,15928.46,2023-03-31,Success
305,305,COD,12437.56,2023-01-08,Success
306,306,Net Banking,49192.7,2025-07-23,Success
307,307,Credit Card,34064.96,2022-05-30,Success
308,308,COD,90649.52,2025-12-22,Success
309,309,UPI,2889.63,2025-12-01,Success
310,310,Net Banking,40521.94,2025-05-02,Success
311,311,COD,49394.21,2024-11-13,Success
312,312,Wallet,64242.29,2022-02-13,Success
313,313,Debit Card,81373.86,2023-11-14,Refunded
314,314,Wallet,70881.86,2024-11-21,Refunded
315,315,COD,42106.95,2022-06-03,Refunded
316,316,Credit Card,20098.55,2022-05-30,Success
317,317,Credit Card,152645.77,2024-10-24,Success
318,318,Debit Card,52533.54,2024-05-15,Success
319,319,Credit Card,15064.11,2023-03-20,Success
320,320,Debit Card,49077.27,2025-05-02,Success
321,321,Net Banking,123864.87,2024-12-09,Success
322,322,Debit Card,12365.84,2024-05-13,Success
323,323,Net Banking,50495.34,2025-02-16,Failed
324,324,Debit Card,343.91,2025-07-31,Success
325,325,Wallet,119848.94,2023-03-10,Success
326,326,Wallet,64537.33,2024-06-27,Failed
327,327,Debit Card,77014.7,2022-06-12,Success
328,328,COD,123107.89,2024-02-03,Success
329,329,COD,231927.32,2024-04-05,Success
330,330,Net Banking,40033.97,2023-11-10,Success
331,331,COD,112270.54,2024-09-14,Success
332,332,Wallet,11513.31,2022-01-26,Success
333,333,UPI,38318.61,2023-11-22,Success
334,334,Debit Card,12204.5,2022-03-18,Refunded
335,335,Net Banking,21193.8,2024-11-12,Success
336,336,Credit Card,14257.25,2023-08-02,Success
337,337,Net Banking,11715.98,2022-11-21,Failed
338,338,Wallet,153783.18,2022-08-06,Success
339,339,Debit Card,35296.21,2022-10-25,Success
340,340,COD,11872.8,2022-09-18,Success
341,341,Wallet,43636.91,2024-07-13,Success
342,342,Debit Card,46289.45,2022-12-06,Success
343,343,Net Banking,39530.27,2024-12-17,Success
344,344,Debit Card,14988.3,2024-02-22,Success
345,345,Debit Card,68240.95,2025-02-04,Success
346,346,Debit Card,24113.93,2022-11-04,Success
347,347,Debit Card,18065.15,2022-06-08,Success
348,348,Wallet,14644.6,2025-04-19,Success
349,349,COD,56261.76,2024-04-17,Success
350,350,UPI,84382.85,2022-09-13,Success
351,351,Debit Card,82198.91,2025-09-09,Refunded
352,352,Net Banking,3500.13,2022-05-11,Success
353,353,Net Banking,77368.76,2022-08-02,Success
354,354,UPI,91621.23,2023-09-27,Success
355,355,Wallet,65936.84,2024-03-02,Success
356,356,Debit Card,41601.07,2023-02-10,Success
357,357,Net Banking,141047.15,2024-08-29,Success
358,358,Wallet,182193.42,2022-01-08,Success
359,359,UPI,85370.13,2022-12-12,Success
360,360,Net Banking,131699.92,2022-06-29,Refunded
361,361,UPI,26017.44,2024-03-08,Success
362,362,Debit Card,187199.62,2025-05-12,Success
363,363,Credit Card,69690.99,2025-08-25,Success
364,364,UPI,33983.48,2023-04-01,Refunded
365,365,UPI,32780.24,2024-12-16,Success
366,366,Net Banking,29957.64,2022-04-19,Success
367,367,Wallet,98652.05,2024-01-03,Success
368,368,COD,140125.48,2023-04-15,Success
369,369,Credit Card,45368.16,2024-02-27,Refunded
370,370,Debit Card,19321.96,2024-07-24,Success
371,371,Credit Card,9935.0,2025-11-25,Success
372,372,Wallet,106364.87,2023-12-18,Success
373,373,Net Banking,26835.42,2024-03-06,Failed
374,374,COD,51959.28,2024-09-15,Failed
375,375,Wallet,10744.82,2023-04-15,Success
376,376,Debit Card,53711.14,2022-10-09,Success
377,377,UPI,77492.84,2023-06-25,Success
378,378,UPI,42830.06,2022-07-28,Success
379,379,COD,150919.34,2022-09-28,Success
380,380,Debit Card,88606.77,2022-02-19,Success
381,381,Wallet,10427.14,2025-04-15,Success
382,382,Net Banking,160565.52,2022-06-17,Success
383,383,COD,106736.33,2025-10-27,Refunded
384,384,COD,114524.2,2023-05-19,Refunded
385,385,Wallet,59046.8,2022-06-17,Failed
386,386,COD,6971.54,2023-06-21,Success
387,387,Wallet,134327.77,2023-10-11,Refunded
388,388,Debit Card,27061.35,2025-03-28,Refunded
389,389,COD,143271.16,2024-12-29,Success
390,390,Debit Card,170138.72,2023-10-21,Success
391,391,Net Banking,133846.85,2025-07-15,Success
392,392,Credit Card,44983.3,2024-05-24,Success
393,393,Credit Card,57858.49,2022-06-26,Success
394,394,Net Banking,37998.25,2022-04-26,Success
395,395,COD,6718.03,2022-12-19,Success
396,396,Debit Card,47922.56,2022-08-28,Success
397,397,Wallet,100693.64,2023-01-26,Success
398,398,COD,55402.31,2023-04-13,Refunded
399,399,Credit Card,75911.48,2023-12-11,Success
400,400,UPI,15667.04,2024-09-08,Refunded
401,401,Credit Card,75920.21,2022-11-01,Success
402,402,Wallet,12105.1,2022-11-27,Success
403,403,Net Banking,104663.06,2022-03-08,Refunded
404,404,COD,42687.52,2024-12-05,Success
405,405,Wallet,1961.6,2023-08-20,Success
406,406,COD,32816.07,2024-07-09,Success
407,407,Debit Card,110290.77,2022-05-23,Success
408,408,Credit Card,160487.07,2023-11-11,Success
409,409,Credit Card,43811.64,2025-12-27,Success
410,410,Credit Card,161902.94,2024-05-06,Success
411,411,UPI,204277.0,2024-07-25,Success
412,412,Debit Card,151877.31,2023-03-30,Success
413,413,Debit Card,126607.68,2023-05-27,Success
414,414,Debit Card,19393.05,2025-01-26,Success
415,415,Credit Card,108286.29,2025-09-05,Success
416,416,Net Banking,91475.88,2022-07-17,Success
417,417,Wallet,44190.01,2024-05-02,Success
418,418,Wallet,115632.91,2022-12-02,Success
419,419,Net Banking,72133.59,2023-12-18,Success
420,420,Wallet,158305.92,2024-01-16,Success
421,421,Debit Card,51593.92,2024-07-03,Refunded
422,422,Credit Card,243541.45,2025-04-20,Success
423,423,Debit Card,95777.36,2022-09-28,Success
424,424,UPI,14937.64,2023-01-08,Success
425,425,Credit Card,27993.97,2024-10-14,Success
426,426,Net Banking,21358.44,2025-01-29,Success
427,427,Net Banking,149343.94,2023-05-29,Success
428,428,Wallet,89251.63,2022-08-13,Success
429,429,COD,17486.46,2024-11-20,Success
430,430,Wallet,127465.4,2024-11-25,Success
431,431,Credit Card,126727.24,2025-03-17,Failed
432,432,COD,127240.22,2023-03-30,Success
433,433,Debit Card,185663.11,2025-08-11,Failed
434,434,Debit Card,8371.51,2025-03-12,Success
435,435,Wallet,44312.51,2025-08-31,Success
436,436,Credit Card,107194.09,2023-06-02,Success
437,437,Credit Card,45593.63,2023-12-06,Success
438,438,Credit Card,16126.07,2023-05-27,Success
439,439,Net Banking,100693.95,2022-04-23,Success
440,440,COD,46202.9,2025-10-10,Success
441,441,Credit Card,57796.88,2023-03-25,Success
442,442,Net Banking,123867.89,2024-03-07,Success
443,443,Credit Card,107686.49,2023-01-27,Success
444,444,UPI,50622.7,2023-11-14,Refunded
445,445,UPI,171242.07,2023-10-06,Refunded
446,446,Credit Card,21718.63,2022-09-20,Success
447,447,UPI,48719.73,2022-03-12,Success
448,448,Net Banking,19769.64,2022-11-02,Success
449,449,Net Banking,64213.38,2023-06-29,Success
450,450,COD,63369.3,2025-02-28,Success
451,451,Debit Card,46218.05,2022-11-12,Success
452,452,Wallet,35817.19,2023-06-10,Success
453,453,UPI,53473.98,2023-11-14,Success
454,454,UPI,12932.52,2023-10-03,Success
455,455,COD,33227.88,2025-05-15,Success
456,456,Credit Card,111930.4,2023-05-18,Success
457,457,Wallet,21958.39,2022-05-08,Failed
458,458,Debit Card,22380.63,2025-08-10,Success
459,459,Debit Card,66184.12,2022-04-25,Success
460,460,Net Banking,39752.65,2022-12-03,Success
461,461,COD,107859.0,2025-07-24,Success
462,462,COD,42646.4,2022-12-22,Success
463,463,UPI,30923.13,2025-08-31,Success
464,464,UPI,101976.92,2025-01-13,Success
465,465,Net Banking,49328.58,2022-06-13,Success
466,466,Credit Card,32279.56,2025-04-04,Success
467,467,Credit Card,30702.96,2025-11-20,Success
468,468,Credit Card,84116.23,2023-12-03,Success
469,469,COD,131010.25,2022-01-31,Success
470,470,COD,170984.57,2024-07-29,Success
471,471,UPI,88084.93,2025-05-11,Success
472,472,Wallet,154999.46,2023-12-03,Success
473,473,Credit Card,109375.21,2025-08-06,Success
474,474,Net Banking,89009.75,2024-12-10,Success
475,475,UPI,42617.38,2022-06-24,Success
476,476,Wallet,47302.09,2024-08-24,Success
477,477,Net Banking,127543.31,2022-04-24,Success
478,478,COD,20446.74,2025-12-04,Success
479,479,Credit Card,9044.8,2025-03-14,Success
480,480,UPI,44315.46,2022-12-30,Success
481,481,Credit Card,29913.09,2025-12-12,Refunded
482,482,Net Banking,46272.96,2025-07-02,Success
483,483,Net Banking,73468.68,2025-05-03,Success
484,484,Net Banking,33218.22,2023-06-13,Refunded
485,485,Wallet,152555.38,2023-08-21,Success
486,486,COD,32896.68,2025-03-20,Success
487,487,Debit Card,96507.99,2022-07-03,Success
488,488,Wallet,13287.41,2022-06-12,Success
489,489,UPI,22541.73,2024-04-02,Success
490,490,UPI,19982.46,2025-03-04,Success
491,491,Credit Card,8226.3,2025-04-27,Success
492,492,Debit Card,178635.5,2024-02-03,Success
493,493,UPI,124168.85,2025-05-06,Success
494,494,UPI,52978.73,2025-11-23,Success
495,495,Net Banking,207244.29,2023-12-10,Success
496,496,Credit Card,110685.07,2025-06-02,Success
497,497,UPI,76137.34,2024-09-14,Refunded
498,498,Debit Card,37389.15,2023-01-13,Success
499,499,Net Banking,93886.22,2023-01-08,Success
500,500,Credit Card,193472.1,2024-12-12,Success
501,501,Credit Card,214657.94,2023-03-15,Success
502,502,Debit Card,1197.85,2022-02-27,Success
503,503,Debit Card,22741.83,2023-05-12,Success
504,504,Credit Card,203359.86,2025-12-08,Success
505,505,COD,74864.43,2025-12-20,Success
506,506,Debit Card,123352.67,2025-08-27,Refunded
507,507,Wallet,11073.3,2023-01-21,Success
508,508,Debit Card,136553.25,2025-12-02,Success
509,509,Net Banking,137751.36,2022-06-08,Success
510,510,Credit Card,138454.48,2023-08-31,Success
511,511,COD,102000.14,2025-09-19,Success
512,512,Debit Card,121493.41,2023-09-28,Success
513,513,UPI,26805.26,2022-06-12,Refunded
514,514,Wallet,39353.39,2024-08-02,Success
515,515,Wallet,43934.94,2024-06-14,Success
516,516,Wallet,122996.68,2025-12-09,Refunded
517,517,Debit Card,156135.02,2025-02-24,Success
518,518,COD,40779.08,2025-12-15,Success
519,519,Credit Card,76205.47,2024-10-22,Refunded
520,520,Net Banking,41137.62,2022-09-16,Success
521,521,Credit Card,120192.42,2022-02-17,Success
522,522,Wallet,65659.71,2025-12-05,Refunded
523,523,Credit Card,129008.18,2022-08-01,Success
524,524,Net Banking,11162.77,2025-08-13,Success
525,525,Credit Card,97541.07,2024-11-20,Refunded
526,526,Debit Card,107133.1,2023-08-05,Success
527,527,UPI,83046.21,2022-11-29,Success
528,528,COD,29861.3,2025-07-27,Failed
529,529,Debit Card,253900.19,2024-11-15,Success
530,530,Net Banking,6895.25,2025-07-03,Success
531,531,COD,12772.06,2024-01-20,Success
532,532,UPI,22569.53,2024-07-28,Success
533,533,Debit Card,106926.52,2023-10-15,Success
534,534,Credit Card,117894.47,2023-08-30,Success
535,535,COD,828.78,2024-06-28,Success
536,536,Wallet,21442.02,2022-11-27,Refunded
537,537,UPI,19086.03,2025-10-01,Success
538,538,UPI,38643.06,2025-12-25,Success
539,539,Net Banking,182793.52,2022-11-04,Success
540,540,Debit Card,8911.2,2025-01-27,Success
541,541,UPI,71200.17,2023-05-13,Success
542,542,Net Banking,107701.56,2023-08-17,Refunded
543,543,Net Banking,16214.4,2024-09-06,Success
544,544,Wallet,11878.7,2023-06-04,Success
545,545,Wallet,84926.82,2022-06-26,Failed
546,546,COD,52420.89,2025-11-05,Failed
547,547,Credit Card,20299.15,2022-09-21,Success
548,548,UPI,35138.82,2022-07-08,Success
549,549,Credit Card,99857.5,2025-01-21,Refunded
550,550,Credit Card,123841.15,2022-08-30,Success
551,551,Debit Card,233220.92,2023-10-22,Success
552,552,UPI,119668.31,2025-11-26,Success
553,553,UPI,81373.92,2022-03-17,Success
554,554,COD,10404.05,2024-01-25,Success
555,555,COD,41604.34,2024-03-13,Success
556,556,Wallet,102819.57,2025-12-20,Success
557,557,UPI,63353.61,2025-08-10,Success
558,558,UPI,152734.53,2024-02-16,Success
559,559,UPI,17517.62,2025-11-08,Failed
560,560,Wallet,11593.21,2022-03-03,Success
561,561,Wallet,172937.11,2025-04-02,Success
562,562,Credit Card,102786.82,2024-04-11,Success
563,563,Debit Card,91254.72,2022-01-11,Success
564,564,Debit Card,65184.14,2024-02-06,Failed
565,565,UPI,122114.19,2022-12-07,Success
566,566,UPI,5448.0,2025-07-26,Success
567,567,UPI,76416.75,2023-06-09,Success
568,568,Net Banking,14335.25,2023-06-29,Success
569,569,UPI,55575.01,2023-12-10,Success
570,570,COD,107080.67,2022-08-02,Success
571,571,COD,61619.96,2025-12-11,Success
572,572,Net Banking,115329.48,2022-12-09,Success
573,573,Debit Card,28008.95,2023-05-21,Success
574,574,Debit Card,153688.73,2023-02-12,Success
575,575,COD,62272.29,2022-01-15,Success
576,576,COD,130754.44,2022-11-03,Success
577,577,Wallet,9964.44,2022-04-26,Success
578,578,Credit Card,182404.71,2023-06-16,Success
579,579,Debit Card,18195.11,2025-11-20,Success
580,580,Debit Card,56936.42,2023-05-31,Failed
581,581,COD,89634.8,2024-05-12,Success
582,582,Credit Card,44092.19,2025-06-10,Refunded
583,583,Credit Card,89215.84,2025-11-26,Refunded
584,584,COD,15063.68,2025-09-19,Success
585,585,COD,62578.73,2022-08-31,Success
586,586,Wallet,14408.43,2024-09-24,Refunded
587,587,Credit Card,59426.2,2025-02-15,Success
588,588,UPI,112457.21,2024-04-11,Success
589,589,Credit Card,133733.31,2025-07-05,Refunded
590,590,COD,103549.62,2024-08-26,Refunded
591,591,Net Banking,125154.59,2022-10-13,Success
592,592,Wallet,120992.5,2024-12-12,Success
593,593,Debit Card,11885.24,2024-04-02,Success
594,594,COD,119248.98,2023-05-09,Success
595,595,UPI,131590.03,2025-10-07,Failed
596,596,Debit Card,30716.25,2024-07-29,Success
597,597,Wallet,180370.91,2022-12-21,Success
598,598,Net Banking,12445.65,2024-04-19,Refunded
599,599,Credit Card,84565.95,2025-01-29,Success
600,600,Debit Card,57633.72,2022-01-05,Success
601,601,Net Banking,53373.53,2022-02-15,Success
602,602,Wallet,16700.25,2024-11-15,Success
603,603,Wallet,34515.61,2025-12-17,Success
604,604,COD,19333.07,2023-09-17,Failed
605,605,COD,80652.18,2023-08-11,Refunded
606,606,UPI,109320.88,2024-10-25,Success
607,607,Net Banking,86375.0,2023-09-23,Success
608,608,Credit Card,86642.59,2024-03-07,Refunded
609,609,COD,22384.86,2024-06-06,Success
610,610,Credit Card,27095.7,2024-01-24,Success
611,611,Net Banking,24568.87,2025-04-30,Success
612,612,UPI,153483.56,2024-04-16,Success
613,613,Debit Card,99520.47,2023-03-25,Success
614,614,Wallet,79902.87,2025-12-04,Refunded
615,615,UPI,49473.08,2023-02-08,Refunded
616,616,COD,79939.31,2024-01-24,Success
617,617,Net Banking,39288.62,2024-08-11,Success
618,618,Wallet,68981.6,2024-02-29,Success
619,619,COD,156443.78,2023-09-24,Success
620,620,Credit Card,1632.05,2023-08-17,Success
621,621,UPI,38392.75,2025-05-18,Success
622,622,Credit Card,40757.49,2025-03-17,Success
623,623,UPI,3686.54,2024-11-28,Success
624,624,Net Banking,89964.67,2022-07-13,Failed
625,625,Credit Card,14781.72,2023-11-11,Success
626,626,COD,44704.29,2024-10-10,Success
627,627,UPI,142128.88,2025-06-15,Success
628,628,Net Banking,150450.04,2024-03-31,Success
629,629,Credit Card,43942.98,2025-02-28,Success
630,630,UPI,1973.57,2025-08-31,Success
631,631,Credit Card,143357.01,2022-11-03,Refunded
632,632,UPI,106624.0,2024-08-02,Success
633,633,COD,103045.25,2025-09-29,Success
634,634,Credit Card,63086.86,2025-01-28,Failed
635,635,Debit Card,32850.27,2024-04-26,Success
636,636,Credit Card,106786.64,2025-11-15,Success
637,637,Debit Card,51020.04,2025-06-16,Refunded
638,638,Wallet,49960.29,2025-12-21,Refunded
639,639,Debit Card,43758.69,2024-06-12,Failed
640,640,Net Banking,137824.77,2025-09-14,Success
641,641,COD,16269.84,2024-07-09,Success
642,642,Credit Card,79216.8,2023-05-20,Success
643,643,Net Banking,40264.98,2023-03-15,Success
644,644,UPI,118998.93,2025-03-14,Refunded
645,645,Debit Card,56964.05,2023-04-23,Success
646,646,Debit Card,48701.44,2022-07-31,Refunded
647,647,Debit Card,168037.98,2023-03-07,Success
648,648,Debit Card,89778.2,2024-06-02,Refunded
649,649,Net Banking,99957.49,2025-03-23,Success
650,650,UPI,47769.78,2025-02-28,Refunded
651,651,Debit Card,16577.62,2023-03-22,Success
652,652,UPI,37307.67,2022-07-25,Success
653,653,COD,49492.73,2025-04-15,Success
654,654,Debit Card,117006.27,2024-08-12,Success
655,655,UPI,8388.92,2022-03-18,Success
656,656,Wallet,153008.88,2023-04-03,Success
657,657,Net Banking,61654.62,2025-05-08,Success
658,658,Debit Card,36317.67,2024-01-21,Success
659,659,UPI,65667.02,2022-10-16,Success
660,660,Net Banking,65100.43,2024-09-05,Success
661,661,Net Banking,32156.68,2024-03-07,Success
662,662,UPI,23410.33,2022-03-10,Refunded
663,663,Debit Card,48055.04,2024-05-29,Success
664,664,Wallet,36116.65,2022-06-17,Success
665,665,Net Banking,82054.14,2024-01-04,Failed
666,666,Credit Card,59563.31,2024-06-01,Success
667,667,Credit Card,128266.33,2025-01-27,Success
668,668,COD,54132.08,2022-08-02,Refunded
669,669,Debit Card,32680.75,2025-02-06,Success
670,670,Credit Card,62966.27,2024-04-08,Success
671,671,Credit Card,7021.76,2024-07-26,Success
672,672,Wallet,139806.0,2023-12-16,Success
673,673,Wallet,104135.36,2025-06-26,Success
674,674,COD,41014.12,2025-07-08,Failed
675,675,UPI,54939.85,2022-04-02,Success
676,676,COD,99162.49,2025-10-10,Refunded
677,677,COD,83057.66,2025-06-01,Success
678,678,Credit Card,57111.52,2024-06-12,Success
679,679,COD,16226.22,2024-09-18,Refunded
680,680,Wallet,103420.4,2024-10-03,Success
681,681,Debit Card,23437.59,2022-10-31,Success
682,682,Debit Card,131923.14,2022-03-12,Success
683,683,Debit Card,16366.14,2023-01-04,Success
684,684,Wallet,24189.1,2023-04-13,Success
685,685,UPI,111586.1,2024-04-29,Success
686,686,Net Banking,150403.46,2022-11-05,Success
687,687,UPI,54749.32,2022-08-13,Success
688,688,Credit Card,80645.53,2025-11-23,Success
689,689,Wallet,47263.86,2024-12-25,Success
690,690,Net Banking,107596.71,2024-11-25,Success
691,691,COD,194780.65,2024-04-16,Success
692,692,UPI,57858.49,2022-09-21,Success
693,693,COD,54555.87,2023-02-06,Refunded
694,694,Credit Card,77605.32,2022-08-28,Success
695,695,Debit Card,60804.05,2024-12-17,Success
696,696,COD,34241.18,2024-02-17,Refunded
697,697,Credit Card,39289.32,2025-12-18,Refunded
698,698,Wallet,23331.1,2024-03-11,Failed
699,699,UPI,140448.82,2023-08-31,Refunded
700,700,Debit Card,82861.28,2025-05-10,Success
701,701,COD,158438.81,2023-05-14,Success
702,702,UPI,111391.32,2023-02-27,Success
703,703,Debit Card,146807.11,2025-12-08,Success
704,704,UPI,279887.88,2024-04-07,Success
705,705,COD,38314.46,2022-04-04,Success
706,706,COD,175914.53,2025-02-16,Success
707,707,Debit Card,41927.36,2024-10-14,Success
708,708,Net Banking,50915.0,2024-04-03,Success
709,709,Net Banking,112698.91,2023-01-08,Success
710,710,Credit Card,112763.45,2024-09-11,Failed
711,711,Net Banking,16516.24,2024-01-10,Refunded
712,712,Credit Card,40765.79,2023-07-15,Failed
713,713,Debit Card,98838.8,2024-12-03,Success
714,714,UPI,62231.19,2022-11-12,Success
715,715,Credit Card,1883.78,2025-12-21,Success
716,716,Net Banking,107279.17,2022-07-15,Success
717,717,Credit Card,59203.83,2025-06-30,Success
718,718,Wallet,60306.99,2025-03-26,Success
719,719,Debit Card,1789.32,2024-01-21,Success
720,720,COD,218730.01,2024-09-21,Success
721,721,COD,34473.99,2023-02-16,Failed
722,722,Wallet,7044.62,2022-07-14,Success
723,723,Net Banking,91385.85,2023-08-05,Success
724,724,Net Banking,38101.08,2024-12-11,Success
725,725,Debit Card,102788.85,2023-10-02,Success
726,726,Credit Card,106832.96,2024-12-24,Refunded
727,727,COD,38963.4,2023-01-07,Success
728,728,Debit Card,106603.63,2024-01-16,Success
729,729,Net Banking,97448.94,2024-01-18,Success
730,730,Debit Card,121769.88,2024-08-13,Refunded
731,731,Credit Card,26822.16,2024-11-08,Success
732,732,COD,132464.39,2024-12-09,Success
733,733,Debit Card,37023.64,2023-02-05,Success
734,734,Credit Card,39182.64,2024-10-06,Refunded
735,735,COD,22725.59,2023-11-19,Success
736,736,UPI,113908.24,2022-06-11,Success
737,737,Debit Card,60750.06,2025-08-02,Success
738,738,UPI,73394.77,2025-08-19,Success
739,739,Net Banking,150537.13,2023-06-14,Success
740,740,COD,68871.61,2023-03-20,Success
741,741,Wallet,51637.0,2024-12-12,Success
742,742,Debit Card,15921.23,2023-12-24,Success
743,743,Wallet,56101.16,2024-01-12,Failed
744,744,Credit Card,64722.46,2023-08-21,Success
745,745,Credit Card,173555.83,2023-03-25,Success
746,746,Debit Card,96676.01,2025-03-26,Success
747,747,Debit Card,62184.97,2025-10-30,Success
748,748,COD,28990.42,2025-07-24,Success
749,749,Net Banking,39524.19,2023-06-26,Success
750,750,Credit Card,12676.73,2024-08-28,Success
751,751,Net Banking,76429.0,2023-01-13,Success
752,752,Debit Card,191169.74,2023-11-18,Success
753,753,Net Banking,43686.44,2022-07-16,Success
754,754,COD,27869.35,2025-05-11,Refunded
755,755,Net Banking,76813.94,2022-01-20,Success
756,756,COD,68301.38,2023-07-02,Success
757,757,Wallet,176733.47,2023-07-07,Success
758,758,Net Banking,63864.35,2022-09-23,Success
759,759,COD,121778.58,2024-11-04,Success
760,760,Wallet,9111.09,2024-10-27,Success
761,761,Wallet,40794.38,2023-10-11,Refunded
762,762,Credit Card,135994.66,2022-01-13,Success
763,763,Credit Card,203414.31,2022-09-25,Success
764,764,COD,10148.94,2022-03-03,Success
765,765,COD,11221.5,2022-12-02,Success
766,766,Debit Card,5833.55,2022-02-15,Success
767,767,Wallet,23029.06,2024-02-29,Success
768,768,COD,6572.28,2022-03-09,Failed
769,769,Net Banking,182043.4,2023-03-23,Success
770,770,Debit Card,49148.27,2022-11-06,Success
771,771,Debit Card,35642.5,2024-11-21,Success
772,772,UPI,95338.09,2023-12-05,Success
773,773,Net Banking,211485.57,2023-05-16,Success
774,774,COD,259.56,2024-11-15,Failed
775,775,Debit Card,12051.88,2024-11-11,Success
776,776,Net Banking,80299.15,2023-11-13,Success
777,777,Debit Card,108514.44,2023-03-09,Success
778,778,Net Banking,34676.06,2024-07-16,Refunded
779,779,Net Banking,89612.34,2023-03-22,Success
780,780,Wallet,47884.47,2022-02-05,Success
781,781,COD,40883.76,2023-09-29,Success
782,782,UPI,88346.62,2025-09-11,Success
783,783,UPI,62599.07,2024-07-12,Success
784,784,COD,42230.72,2024-10-04,Success
785,785,Credit Card,196770.39,2023-11-27,Success
786,786,UPI,154231.74,2023-02-22,Success
787,787,Credit Card,222073.52,2022-01-16,Success
788,788,Debit Card,103603.07,2022-11-21,Success
789,789,UPI,99108.97,2025-06-16,Refunded
790,790,Net Banking,50980.86,2025-02-05,Success
791,791,COD,28400.99,2022-04-12,Success
792,792,Net Banking,71884.38,2022-03-29,Success
793,793,Wallet,204496.93,2023-09-02,Success
794,794,Credit Card,27949.17,2024-11-15,Refunded
795,795,Credit Card,70294.6,2024-09-13,Success
796,796,Credit Card,28282.55,2024-08-07,Refunded
797,797,Credit Card,72805.75,2024-06-26,Failed
798,798,UPI,121602.41,2024-03-07,Success
799,799,Credit Card,9033.51,2025-12-11,Success
800,800,Net Banking,239.57,2025-09-02,Success
801,801,Wallet,68091.68,2025-04-10,Success
802,802,Credit Card,99195.92,2024-03-06,Success
803,803,Debit Card,80295.44,2022-10-28,Success
804,804,Debit Card,46814.28,2024-08-16,Success
805,805,Net Banking,68697.48,2025-12-30,Success
806,806,Debit Card,26906.52,2024-10-12,Success
807,807,Debit Card,125529.1,2023-10-29,Refunded
808,808,Debit Card,13646.96,2023-12-26,Success
809,809,Credit Card,74418.66,2024-05-19,Success
810,810,Net Banking,182516.68,2022-08-10,Success
811,811,Credit Card,12611.66,2024-01-26,Success
812,812,Credit Card,34767.79,2023-12-13,Refunded
813,813,Debit Card,82281.32,2023-01-18,Success
814,814,Credit Card,36534.49,2025-12-27,Success
815,815,UPI,19578.6,2022-09-22,Success
816,816,Debit Card,95134.0,2022-06-08,Refunded
817,817,Net Banking,34700.43,2024-04-12,Success
818,818,Debit Card,8750.04,2022-08-21,Success
819,819,COD,11391.88,2022-01-13,Refunded
820,820,UPI,26892.08,2022-11-12,Success
821,821,COD,1129.79,2024-07-31,Success
822,822,Debit Card,16606.4,2022-06-21,Success
823,823,Debit Card,46124.2,2024-04-23,Success
824,824,Wallet,60075.81,2024-11-10,Success
825,825,COD,51709.55,2022-04-23,Refunded
826,826,UPI,82041.48,2023-10-08,Success
827,827,Credit Card,21191.27,2022-01-06,Success
828,828,UPI,31090.29,2024-07-19,Success
829,829,Net Banking,72100.29,2025-07-15,Success
830,830,UPI,56083.95,2024-08-28,Success
831,831,Wallet,16139.78,2024-12-17,Success
832,832,COD,1583.7,2024-12-19,Success
833,833,UPI,20250.02,2022-03-13,Success
834,834,COD,63148.5,2022-03-09,Success
835,835,UPI,26953.31,2024-01-18,Refunded
836,836,COD,78484.6,2025-12-23,Success
837,837,Credit Card,75281.55,2023-08-02,Success
838,838,Wallet,141981.47,2024-08-05,Success
839,839,UPI,8230.3,2023-04-05,Success
840,840,UPI,54457.45,2025-01-09,Success
841,841,Net Banking,63428.88,2023-05-02,Refunded
842,842,UPI,66042.71,2025-05-27,Success
843,843,Wallet,44737.76,2025-08-12,Success
844,844,Credit Card,104314.29,2025-12-14,Refunded
845,845,COD,119040.84,2024-10-17,Success
846,846,Net Banking,65779.22,2022-08-15,Failed
847,847,Wallet,12572.38,2022-02-11,Refunded
848,848,Wallet,12734.75,2022-05-22,Failed
849,849,Debit Card,74865.16,2022-04-11,Success
850,850,Net Banking,29320.04,2022-04-14,Success
851,851,Debit Card,86728.97,2022-07-27,Success
852,852,Debit Card,24249.99,2023-02-20,Refunded
853,853,Debit Card,40993.77,2022-08-20,Failed
854,854,Wallet,150095.96,2025-09-20,Success
855,855,Credit Card,142050.09,2023-06-30,Success
856,856,COD,65702.78,2024-10-16,Success
857,857,Credit Card,137579.63,2025-06-30,Refunded
858,858,Wallet,30694.07,2022-09-14,Success
859,859,Net Banking,51906.12,2025-08-06,Failed
860,860,Debit Card,2762.26,2025-04-15,Failed
861,861,Wallet,99329.02,2025-02-12,Success
862,862,UPI,51120.81,2024-09-04,Success
863,863,Net Banking,91088.3,2022-10-06,Failed
864,864,COD,11915.58,2025-09-23,Failed
865,865,UPI,108971.56,2022-09-20,Success
866,866,COD,99441.42,2023-05-17,Failed
867,867,UPI,83571.74,2024-09-16,Success
868,868,COD,54073.48,2025-11-26,Success
869,869,Net Banking,16462.8,2024-07-29,Success
870,870,UPI,90766.26,2025-04-27,Refunded
871,871,Debit Card,32406.43,2024-08-01,Success
872,872,Wallet,88629.09,2023-07-15,Success
873,873,Credit Card,22589.8,2025-06-30,Success
874,874,Wallet,49962.64,2024-12-12,Success
875,875,COD,214129.29,2022-08-23,Success
876,876,COD,47502.05,2024-10-20,Success
877,877,Credit Card,35827.34,2023-10-26,Success
878,878,Net Banking,94009.07,2025-06-29,Refunded
879,879,Wallet,141155.6,2023-04-15,Success
880,880,Net Banking,23822.15,2022-04-16,Success
881,881,Credit Card,71878.4,2024-06-23,Success
882,882,UPI,3935.37,2023-11-26,Success
883,883,Debit Card,45634.78,2022-06-27,Failed
884,884,UPI,117088.46,2024-11-27,Success
885,885,Wallet,85802.06,2023-11-06,Success
886,886,Wallet,68020.31,2022-11-25,Success
887,887,COD,25708.92,2024-11-19,Success
888,888,COD,1177.36,2022-09-06,Success
889,889,COD,224434.51,2022-04-17,Success
890,890,Wallet,93537.1,2025-11-16,Failed
891,891,Net Banking,142785.68,2025-10-01,Success
892,892,UPI,31914.98,2023-10-07,Success
893,893,Debit Card,11088.82,2023-04-30,Success
894,894,Debit Card,56139.27,2022-12-23,Success
895,895,COD,41788.42,2023-06-03,Success
896,896,UPI,108112.73,2024-03-01,Success
897,897,Wallet,84923.99,2025-08-03,Refunded
898,898,Net Banking,68476.22,2023-08-22,Success
899,899,COD,30595.87,2022-10-26,Success
900,900,UPI,151663.84,2024-12-25,Failed
901,901,UPI,145595.59,2025-09-08,Success
902,902,Credit Card,39935.43,2024-07-31,Failed
903,903,UPI,61732.5,2025-08-25,Success
904,904,Credit Card,29902.8,2022-06-15,Refunded
905,905,UPI,83491.26,2025-12-19,Success
906,906,Debit Card,65859.51,2023-08-03,Refunded
907,907,Net Banking,84747.03,2024-04-30,Success
908,908,UPI,56170.16,2024-01-07,Success
909,909,Net Banking,15874.12,2022-05-18,Success
910,910,UPI,17211.24,2025-12-12,Success
911,911,Wallet,156792.67,2024-05-28,Success
912,912,COD,79070.62,2023-05-03,Success
913,913,Debit Card,62094.98,2023-02-11,Success
914,914,Wallet,116464.47,2025-06-29,Refunded
915,915,Net Banking,58318.18,2022-11-29,Success
916,916,Net Banking,58452.24,2022-08-04,Success
917,917,Wallet,21001.64,2022-02-09,Success
918,918,UPI,56915.52,2025-12-18,Success
919,919,COD,40456.37,2022-05-10,Success
920,920,Wallet,38451.08,2025-05-28,Success
921,921,UPI,38888.61,2024-10-13,Success
922,922,UPI,121943.18,2024-01-10,Success
923,923,COD,39881.76,2024-07-23,Failed
924,924,Debit Card,87102.7,2025-10-27,Success
925,925,Credit Card,9528.12,2025-05-13,Success
926,926,COD,46585.26,2024-09-02,Refunded
927,927,COD,45158.71,2023-03-13,Failed
928,928,COD,102457.61,2023-07-23,Success
929,929,Wallet,58153.69,2024-11-12,Success
930,930,Credit Card,32721.37,2024-10-18,Success
931,931,Net Banking,33299.04,2023-01-31,Success
932,932,Wallet,129167.81,2022-03-11,Success
933,933,UPI,169270.09,2024-11-24,Success
934,934,COD,28585.18,2025-11-09,Success
935,935,Wallet,51683.28,2022-03-15,Success
936,936,UPI,32731.06,2022-12-05,Refunded
937,937,UPI,118377.05,2022-01-21,Success
938,938,Wallet,36675.49,2022-12-22,Success
939,939,UPI,130108.77,2022-02-17,Refunded
940,940,Net Banking,7118.89,2025-11-27,Success
941,941,Credit Card,33144.0,2022-01-31,Success
942,942,Debit Card,102878.62,2023-08-26,Success
943,943,Credit Card,52754.71,2024-09-16,Refunded
944,944,Credit Card,15660.62,2024-10-21,Success
945,945,Wallet,67868.71,2022-08-04,Refunded
946,946,Credit Card,52382.92,2022-10-07,Success
947,947,Debit Card,18734.25,2024-11-12,Success
948,948,Credit Card,80608.08,2022-02-15,Success
949,949,UPI,194266.34,2024-02-22,Success
950,950,Credit Card,23701.65,2023-02-26,Success
951,951,COD,3334.13,2022-02-25,Refunded
952,952,Debit Card,2755.68,2025-04-11,Success
953,953,UPI,24600.9,2023-09-28,Success
954,954,UPI,17937.68,2024-01-20,Success
955,955,UPI,83756.47,2024-04-20,Success
956,956,Credit Card,134113.91,2024-06-17,Success
957,957,Debit Card,25069.58,2025-06-07,Success
958,958,UPI,59564.0,2023-12-14,Failed
959,959,Credit Card,94199.52,2023-11-21,Success
960,960,Debit Card,96453.35,2023-08-27,Success
961,961,Wallet,152765.01,2024-03-12,Success
962,962,Net Banking,16294.94,2024-11-14,Success
963,963,COD,122439.21,2024-10-16,Success
964,964,Wallet,11511.84,2022-07-27,Success
965,965,Net Banking,18287.32,2023-12-28,Refunded
966,966,UPI,141908.57,2025-06-12,Success
967,967,Credit Card,43597.98,2025-12-20,Success
968,968,Wallet,136177.37,2022-05-01,Refunded
969,969,COD,43323.95,2022-11-14,Success
970,970,Net Banking,51232.34,2023-06-27,Failed
971,971,Wallet,17310.54,2024-11-06,Success
972,972,COD,14368.68,2025-09-11,Success
973,973,Credit Card,139035.91,2025-10-30,Success
974,974,Wallet,96565.29,2022-03-06,Success
975,975,COD,191647.02,2022-06-13,Success
976,976,Wallet,104641.89,2024-12-15,Refunded
977,977,COD,49291.27,2022-10-01,Refunded
978,978,Debit Card,80745.93,2022-03-28,Success
979,979,Credit Card,112791.86,2023-02-02,Refunded
980,980,Credit Card,45935.38,2024-10-15,Success
981,981,Credit Card,46202.9,2025-02-14,Success
982,982,Credit Card,73905.97,2023-04-24,Success
983,983,UPI,23943.19,2023-10-01,Success
984,984,Credit Card,186599.94,2024-02-06,Failed
985,985,Wallet,9971.39,2022-05-03,Success
986,986,Debit Card,1326.09,2022-11-18,Success
987,987,COD,23688.62,2024-04-28,Success
988,988,COD,176309.05,2025-07-01,Failed
989,989,Wallet,58912.46,2022-04-28,Success
990,990,COD,68651.99,2023-03-30,Success
991,991,Debit Card,26413.29,2025-12-05,Success
992,992,Net Banking,44176.76,2023-11-19,Success
993,993,COD,213530.92,2025-06-27,Success
994,994,COD,171409.23,2023-09-25,Success
995,995,Debit Card,114765.88,2023-02-18,Success
996,996,Net Banking,134127.02,2025-02-14,Refunded
997,997,Credit Card,42473.1,2024-01-08,Success
998,998,Credit Card,78946.35,2024-03-20,Refunded
999,999,Net Banking,15321.67,2024-07-11,Success
1000,1000,Debit Card,47844.33,2023-03-12,Success
1001,1001,Wallet,124776.83,2022-10-30,Success
1002,1002,UPI,28763.59,2024-03-18,Success
1003,1003,Wallet,41329.51,2025-09-30,Refunded
1004,1004,Wallet,194825.59,2024-03-09,Success
1005,1005,Net Banking,53603.72,2023-09-18,Success
1006,1006,UPI,4776.15,2022-01-02,Success
1007,1007,Debit Card,4892.98,2025-12-02,Success
1008,1008,Net Banking,4986.41,2025-07-28,Success
1009,1009,Net Banking,64113.06,2025-01-02,Success
1010,1010,COD,47625.27,2022-03-31,Success
1011,1011,Wallet,127170.55,2023-05-08,Success
1012,1012,COD,147804.68,2025-07-28,Success
1013,1013,COD,26784.54,2022-01-14,Refunded
1014,1014,Net Banking,42325.0,2023-08-20,Success
1015,1015,Net Banking,75610.89,2022-05-13,Success
1016,1016,COD,31836.88,2023-03-01,Refunded
1017,1017,Wallet,97945.62,2023-03-25,Success
1018,1018,Wallet,148741.49,2022-10-12,Refunded
1019,1019,Net Banking,72272.5,2025-09-29,Success
1020,1020,UPI,167916.07,2025-01-27,Success
1021,1021,Debit Card,83465.57,2024-08-28,Refunded
1022,1022,UPI,94238.54,2024-10-22,Refunded
1023,1023,UPI,13320.86,2024-01-16,Success
1024,1024,Wallet,87571.35,2025-02-18,Success
1025,1025,COD,45821.03,2025-11-09,Refunded
1026,1026,COD,24822.31,2025-10-25,Success
1027,1027,Wallet,113737.45,2024-05-01,Success
1028,1028,Debit Card,70232.45,2022-02-11,Success
1029,1029,COD,119304.48,2023-05-31,Success
1030,1030,COD,41864.01,2025-03-13,Success
1031,1031,Debit Card,88374.76,2023-06-03,Success
1032,1032,Credit Card,150538.9,2024-10-26,Success
1033,1033,Debit Card,192599.13,2023-02-23,Success
1034,1034,UPI,83863.95,2022-04-07,Refunded
1035,1035,UPI,100861.13,2022-09-22,Success
1036,1036,COD,30071.92,2024-01-14,Success
1037,1037,Wallet,21905.82,2025-05-26,Success
1038,1038,Wallet,17129.22,2024-10-11,Success
1039,1039,Wallet,13050.9,2025-10-17,Success
1040,1040,UPI,21504.51,2022-07-28,Success
1041,1041,Credit Card,58764.7,2023-07-17,Success
1042,1042,Wallet,23822.15,2024-05-22,Success
1043,1043,UPI,6227.02,2024-12-06,Success
1044,1044,Net Banking,131871.64,2025-01-07,Success
1045,1045,Debit Card,54341.9,2023-09-03,Success
1046,1046,Wallet,175148.52,2024-11-23,Success
1047,1047,Debit Card,103647.36,2025-06-23,Success
1048,1048,COD,113404.81,2022-09-22,Success
1049,1049,Credit Card,35159.3,2024-09-03,Success
1050,1050,Debit Card,58446.6,2024-03-08,Success
1051,1051,Wallet,8206.82,2022-09-21,Success
1052,1052,COD,37398.78,2022-05-02,Refunded
1053,1053,Net Banking,97748.6,2022-11-19,Success
1054,1054,Credit Card,12020.55,2024-07-05,Success
1055,1055,Credit Card,12728.75,2025-05-23,Success
1056,1056,Wallet,78606.15,2023-12-13,Success
1057,1057,COD,96730.74,2023-01-06,Success
1058,1058,Credit Card,21687.79,2025-05-09,Success
1059,1059,Debit Card,28321.52,2023-03-20,Success
1060,1060,Net Banking,1083.64,2022-07-12,Success
1061,1061,Credit Card,132946.67,2024-06-25,Success
1062,1062,UPI,4019.49,2024-09-14,Success
1063,1063,COD,71025.92,2022-02-01,Success
1064,1064,Debit Card,53924.13,2024-09-03,Success
1065,1065,Debit Card,44541.84,2023-07-18,Success
1066,1066,Debit Card,84522.11,2025-10-05,Success
1067,1067,Debit Card,251523.64,2023-02-24,Success
1068,1068,Debit Card,40132.04,2024-04-24,Success
1069,1069,COD,25916.0,2023-01-10,Success
1070,1070,UPI,141162.12,2023-12-25,Success
1071,1071,COD,30380.52,2024-05-31,Success
1072,1072,Wallet,78411.28,2023-03-30,Success
1073,1073,Net Banking,5404.59,2025-08-01,Success
1074,1074,Credit Card,150128.33,2022-06-29,Refunded
1075,1075,Wallet,86417.03,2025-01-07,Success
1076,1076,COD,44273.34,2022-11-17,Success
1077,1077,Wallet,136078.4,2023-03-31,Success
1078,1078,UPI,58406.64,2025-04-01,Success
1079,1079,Credit Card,23446.02,2024-02-13,Success
1080,1080,UPI,75685.83,2024-09-28,Success
1081,1081,Credit Card,60208.1,2025-10-28,Success
1082,1082,COD,135707.33,2023-12-27,Success
1083,1083,Debit Card,164979.35,2025-11-26,Failed
1084,1084,COD,97594.14,2022-06-29,Success
1085,1085,UPI,82409.21,2022-02-26,Success
1086,1086,Debit Card,172150.9,2023-02-23,Success
1087,1087,Net Banking,27497.66,2022-03-06,Success
1088,1088,Net Banking,72335.29,2024-03-20,Refunded
1089,1089,COD,8965.61,2023-01-12,Success
1090,1090,Credit Card,54134.2,2025-06-28,Success
1091,1091,UPI,57137.7,2025-03-26,Refunded
1092,1092,Wallet,162986.06,2023-03-14,Success
1093,1093,Net Banking,29651.54,2022-05-31,Success
1094,1094,Net Banking,52574.97,2025-07-08,Success
1095,1095,UPI,111268.81,2024-12-01,Success
1096,1096,UPI,14021.66,2024-02-07,Success
1097,1097,COD,14089.78,2025-12-27,Success
1098,1098,Wallet,57386.45,2025-03-03,Success
1099,1099,UPI,63428.61,2024-07-03,Success
1100,1100,Debit Card,5929.69,2024-04-23,Refunded
1101,1101,Wallet,82745.12,2024-11-04,Success
1102,1102,Net Banking,44305.81,2023-11-24,Success
1103,1103,UPI,46947.13,2022-06-02,Success
1104,1104,Wallet,12923.03,2024-09-29,Success
1105,1105,Credit Card,87091.33,2024-10-05,Success
1106,1106,Net Banking,6120.5,2024-11-12,Success
1107,1107,Debit Card,57119.31,2022-12-11,Success
1108,1108,Wallet,6675.72,2023-05-01,Success
1109,1109,COD,70595.96,2022-02-26,Success
1110,1110,Wallet,13016.33,2022-05-16,Refunded
1111,1111,Net Banking,109189.94,2022-04-13,Refunded
1112,1112,Debit Card,37260.67,2025-09-10,Success
1113,1113,UPI,117992.61,2025-07-23,Success
1114,1114,COD,97629.55,2023-07-17,Success
1115,1115,Net Banking,61196.13,2022-03-02,Success
1116,1116,COD,72258.78,2024-08-14,Success
1117,1117,Debit Card,31119.72,2022-12-01,Success
1118,1118,UPI,145412.63,2025-04-21,Refunded
1119,1119,Debit Card,20237.04,2024-07-28,Success
1120,1120,Debit Card,155720.46,2022-02-02,Success
1121,1121,Net Banking,56301.17,2024-12-19,Success
1122,1122,Wallet,19270.75,2025-10-18,Success
1123,1123,Net Banking,51031.64,2025-09-16,Success
1124,1124,Wallet,85374.47,2023-10-01,Success
1125,1125,Net Banking,36641.43,2024-03-28,Refunded
1126,1126,UPI,131279.76,2024-04-03,Success
1127,1127,Wallet,70353.55,2024-01-15,Success
1128,1128,Net Banking,54365.92,2025-03-25,Success
1129,1129,Debit Card,72227.49,2022-06-16,Refunded
1130,1130,Credit Card,6922.5,2024-01-22,Success
1131,1131,Net Banking,212512.71,2025-06-05,Success
1132,1132,COD,25508.85,2025-06-29,Success
1133,1133,Net Banking,42494.85,2024-08-10,Success
1134,1134,UPI,89034.1,2025-11-09,Success
1135,1135,Net Banking,109367.78,2022-02-24,Refunded
1136,1136,UPI,15505.02,2024-02-28,Success
1137,1137,UPI,13789.9,2024-05-01,Success
1138,1138,Credit Card,85844.36,2024-07-02,Success
1139,1139,UPI,21891.88,2024-03-03,Success
1140,1140,Credit Card,15893.12,2022-08-10,Success
1141,1141,UPI,14335.61,2023-06-07,Success
1142,1142,Credit Card,153984.69,2024-05-03,Success
1143,1143,Credit Card,72895.1,2024-08-06,Success
1144,1144,COD,45686.47,2022-05-08,Refunded
1145,1145,Net Banking,90583.59,2022-01-29,Refunded
1146,1146,Net Banking,71361.08,2024-01-27,Success
1147,1147,Credit Card,97351.43,2024-08-23,Refunded
1148,1148,COD,121622.59,2024-10-19,Success
1149,1149,UPI,53592.87,2024-06-08,Success
1150,1150,Debit Card,19952.42,2025-10-10,Success
1151,1151,COD,149383.27,2023-05-02,Success
1152,1152,Credit Card,34785.18,2023-09-24,Refunded
1153,1153,Debit Card,23052.89,2024-10-22,Success
1154,1154,Wallet,33921.92,2022-08-02,Success
1155,1155,UPI,138782.76,2024-10-24,Success
1156,1156,UPI,64966.42,2022-03-20,Success
1157,1157,UPI,74612.55,2023-06-01,Success
1158,1158,COD,21827.51,2023-08-19,Success
1159,1159,COD,28685.76,2022-11-22,Success
1160,1160,COD,48767.22,2023-11-05,Success
1161,1161,COD,54294.45,2022-05-06,Success
1162,1162,Debit Card,77259.76,2025-02-22,Success
1163,1163,Credit Card,89367.8,2023-10-20,Success
1164,1164,UPI,2246.1,2022-05-25,Success
1165,1165,Debit Card,55216.91,2022-10-16,Success
1166,1166,Net Banking,100193.6,2024-10-14,Success
1167,1167,Credit Card,64599.15,2024-11-05,Success
1168,1168,Debit Card,184904.18,2024-02-27,Success
1169,1169,Net Banking,98367.35,2024-05-31,Success
1170,1170,Net Banking,4140.48,2025-11-03,Success
1171,1171,Credit Card,119221.39,2024-04-28,Success
1172,1172,Wallet,53459.44,2024-10-30,Success
1173,1173,Debit Card,47981.61,2022-04-16,Success
1174,1174,Net Banking,64171.46,2022-10-06,Success
1175,1175,COD,97236.99,2023-11-22,Refunded
1176,1176,UPI,134185.63,2024-06-22,Success
1177,1177,UPI,100518.24,2025-02-27,Success
1178,1178,Credit Card,12745.58,2024-06-13,Failed
1179,1179,Credit Card,24845.36,2023-04-14,Refunded
1180,1180,Debit Card,127302.97,2023-06-26,Failed
1181,1181,UPI,86772.78,2023-07-22,Success
1182,1182,Credit Card,163649.73,2022-12-15,Success
1183,1183,Credit Card,37151.27,2024-10-25,Success
1184,1184,Net Banking,111302.61,2024-07-14,Success
1185,1185,Wallet,102000.94,2022-03-01,Success
1186,1186,Net Banking,34073.71,2025-10-11,Success
1187,1187,Debit Card,99479.94,2025-06-19,Success
1188,1188,Credit Card,187566.05,2024-10-28,Refunded
1189,1189,UPI,167928.39,2024-03-13,Failed
1190,1190,Credit Card,48741.74,2023-09-11,Success
1191,1191,Credit Card,13739.5,2024-01-31,Success
1192,1192,COD,97857.0,2025-04-19,Success
1193,1193,COD,7609.15,2025-05-29,Success
1194,1194,Wallet,202363.9,2025-03-08,Success
1195,1195,UPI,120928.91,2025-05-27,Success
1196,1196,Credit Card,156948.38,2025-03-16,Success
1197,1197,Credit Card,69270.65,2022-01-22,Success
1198,1198,Wallet,128325.59,2024-08-15,Refunded
1199,1199,Net Banking,3727.84,2024-04-28,Success
1200,1200,UPI,121951.87,2024-02-06,Success
1201,1201,Net Banking,283336.0,2022-01-19,Success
1202,1202,Wallet,41465.12,2023-10-28,Success
1203,1203,Net Banking,262002.85,2025-01-11,Success
1204,1204,Wallet,135162.64,2023-02-14,Refunded
1205,1205,Net Banking,50251.3,2023-04-16,Success
1206,1206,Debit Card,39938.48,2025-04-07,Success
1207,1207,COD,13085.55,2022-04-11,Refunded
1208,1208,Debit Card,41855.68,2023-04-08,Success
1209,1209,Net Banking,75192.26,2023-12-04,Success
1210,1210,Wallet,52682.5,2025-02-13,Success
1211,1211,Credit Card,36462.88,2025-01-16,Failed
1212,1212,COD,44919.84,2024-11-05,Failed
1213,1213,Wallet,139364.68,2022-06-24,Success
1214,1214,Wallet,110059.97,2025-03-02,Refunded
1215,1215,UPI,202254.91,2023-06-09,Refunded
1216,1216,Debit Card,46381.84,2022-02-03,Success
1217,1217,UPI,252625.33,2023-01-22,Success
1218,1218,Net Banking,33326.45,2024-07-30,Success
1219,1219,Wallet,80825.52,2025-01-02,Success
1220,1220,Credit Card,130479.9,2024-09-04,Success
1221,1221,UPI,68455.48,2022-07-28,Success
1222,1222,Net Banking,87709.25,2023-02-02,Success
1223,1223,Net Banking,4505.62,2022-06-05,Success
1224,1224,Credit Card,11338.3,2024-05-22,Failed
1225,1225,COD,22447.26,2022-11-26,Success
1226,1226,Net Banking,24837.5,2024-05-09,Success
1227,1227,Debit Card,3994.87,2024-11-23,Success
1228,1228,Wallet,19849.19,2023-10-11,Success
1229,1229,Net Banking,60678.24,2023-10-18,Success
1230,1230,Credit Card,36119.51,2024-04-04,Success
1231,1231,Credit Card,202425.19,2024-12-24,Success
1232,1232,Net Banking,1518.2,2025-07-15,Success
1233,1233,COD,12541.9,2022-02-01,Failed
1234,1234,Net Banking,60049.68,2025-03-04,Success
1235,1235,Debit Card,75374.5,2025-01-15,Refunded
1236,1236,Wallet,93026.23,2022-12-07,Success
1237,1237,COD,32698.64,2023-03-25,Success
1238,1238,UPI,130477.66,2022-11-26,Refunded
1239,1239,Debit Card,177681.59,2024-11-10,Success
1240,1240,Wallet,16476.53,2024-08-21,Success
1241,1241,Net Banking,44862.61,2025-09-23,Failed
1242,1242,COD,124682.95,2023-10-18,Success
1243,1243,COD,97533.8,2024-05-06,Success
1244,1244,Debit Card,114084.49,2025-05-09,Success
1245,1245,Wallet,75835.75,2023-06-15,Refunded
1246,1246,Credit Card,44201.14,2024-06-29,Refunded
1247,1247,Debit Card,163239.04,2024-12-27,Success
1248,1248,Net Banking,59488.61,2023-10-07,Refunded
1249,1249,COD,168497.47,2024-05-12,Success
1250,1250,Credit Card,80737.11,2022-05-04,Success
1251,1251,Wallet,49423.15,2023-03-01,Success
1252,1252,UPI,18077.94,2022-04-20,Success
1253,1253,Wallet,3900.62,2022-10-01,Success
1254,1254,COD,156954.59,2023-07-08,Refunded
1255,1255,Net Banking,70858.22,2025-07-18,Success
1256,1256,Net Banking,39156.93,2024-08-19,Success
1257,1257,UPI,112124.69,2024-06-29,Success
1258,1258,Credit Card,136512.85,2026-01-01,Success
1259,1259,Wallet,85018.41,2023-07-24,Success
1260,1260,Wallet,2840.78,2022-11-21,Success
1261,1261,COD,68834.0,2023-09-26,Success
1262,1262,Net Banking,71799.44,2025-04-13,Refunded
1263,1263,Debit Card,87187.55,2025-01-12,Success
1264,1264,Debit Card,74705.21,2023-03-08,Success
1265,1265,UPI,37738.25,2023-08-18,Success
1266,1266,Net Banking,63293.74,2025-02-09,Success
1267,1267,COD,141583.56,2023-03-01,Refunded
1268,1268,UPI,2018.95,2025-08-29,Refunded
1269,1269,Debit Card,54160.49,2025-11-14,Success
1270,1270,Debit Card,45932.02,2024-01-16,Success
1271,1271,Net Banking,74971.67,2025-06-14,Success
1272,1272,Wallet,96528.41,2022-04-01,Refunded
1273,1273,COD,52044.4,2025-06-09,Refunded
1274,1274,Credit Card,56919.52,2022-10-04,Success
1275,1275,Wallet,86962.27,2023-08-14,Success
1276,1276,Credit Card,795.08,2023-06-29,Refunded
1277,1277,COD,64025.06,2022-02-03,Refunded
1278,1278,Wallet,24837.37,2025-08-01,Refunded
1279,1279,Net Banking,71867.62,2023-04-27,Success
1280,1280,UPI,191171.48,2025-02-27,Success
1281,1281,COD,56168.01,2022-04-08,Success
1282,1282,Credit Card,52856.58,2022-11-20,Success
1283,1283,Net Banking,108896.11,2022-10-07,Success
1284,1284,Credit Card,91998.91,2024-01-20,Success
1285,1285,Debit Card,78412.34,2022-04-08,Success
1286,1286,COD,49703.33,2024-12-11,Success
1287,1287,COD,46772.26,2023-08-13,Success
1288,1288,Debit Card,53563.35,2022-04-29,Success
1289,1289,Wallet,29845.56,2022-09-14,Success
1290,1290,Wallet,19906.11,2025-03-18,Refunded
1291,1291,Net Banking,9219.55,2022-01-22,Success
1292,1292,COD,83955.96,2023-07-24,Success
1293,1293,Wallet,23893.5,2024-02-13,Success
1294,1294,Net Banking,53701.15,2022-08-03,Success
1295,1295,COD,72597.53,2023-03-09,Success
1296,1296,COD,51485.46,2022-01-11,Success
1297,1297,UPI,174771.53,2025-05-29,Success
1298,1298,COD,68852.24,2025-09-26,Refunded
1299,1299,UPI,136193.26,2022-11-03,Success
1300,1300,UPI,136309.24,2023-03-05,Failed
1301,1301,UPI,36556.75,2023-01-07,Success
1302,1302,COD,185130.7,2023-09-18,Success
1303,1303,Net Banking,35226.91,2022-05-20,Failed
1304,1304,UPI,21297.69,2023-04-24,Failed
1305,1305,Credit Card,129993.94,2024-04-03,Success
1306,1306,Credit Card,11788.72,2023-03-17,Success
1307,1307,UPI,59739.62,2024-07-19,Success
1308,1308,Credit Card,8605.62,2024-11-02,Success
1309,1309,Debit Card,173781.95,2023-06-27,Failed
1310,1310,COD,157009.13,2022-10-24,Success
1311,1311,COD,112618.55,2023-06-14,Success
1312,1312,UPI,96039.16,2025-12-17,Success
1313,1313,COD,169341.08,2025-03-06,Success
1314,1314,UPI,54798.08,2024-06-30,Success
1315,1315,COD,18286.94,2025-05-29,Success
1316,1316,Net Banking,152913.84,2023-11-08,Refunded
1317,1317,Net Banking,93018.73,2024-02-08,Success
1318,1318,UPI,60754.08,2024-08-03,Success
1319,1319,Debit Card,243163.48,2023-10-23,Success
1320,1320,Wallet,21921.55,2025-07-25,Success
1321,1321,Debit Card,25644.06,2022-04-08,Success
1322,1322,Wallet,28534.93,2023-12-23,Success
1323,1323,Wallet,18867.63,2024-08-18,Success
1324,1324,Debit Card,99484.35,2025-11-28,Success
1325,1325,COD,63058.49,2025-01-26,Refunded
1326,1326,COD,30308.28,2024-06-18,Success
1327,1327,UPI,38947.99,2023-04-21,Success
1328,1328,Wallet,41580.61,2023-11-19,Success
1329,1329,UPI,77130.52,2025-09-02,Success
1330,1330,Debit Card,29221.24,2022-05-15,Success
1331,1331,Wallet,152377.45,2022-10-06,Success
1332,1332,UPI,69254.75,2023-04-25,Refunded
1333,1333,COD,80196.97,2025-12-08,Success
1334,1334,Net Banking,118605.56,2023-04-03,Success
1335,1335,Net Banking,27886.19,2023-10-08,Success
1336,1336,Net Banking,123497.67,2024-01-16,Success
1337,1337,Debit Card,163916.24,2022-07-09,Success
1338,1338,Debit Card,38724.84,2024-03-25,Success
1339,1339,Credit Card,3894.18,2025-08-21,Success
1340,1340,Debit Card,58530.41,2024-01-16,Success
1341,1341,Credit Card,76498.58,2023-06-01,Success
1342,1342,Net Banking,54548.32,2023-07-24,Refunded
1343,1343,Net Banking,69701.84,2025-10-14,Success
1344,1344,Debit Card,16924.57,2022-01-07,Success
1345,1345,COD,103529.52,2025-06-14,Failed
1346,1346,Credit Card,82851.84,2025-02-08,Refunded
1347,1347,Credit Card,1014.59,2022-01-19,Refunded
1348,1348,Debit Card,60416.6,2025-05-31,Success
1349,1349,COD,11880.54,2023-01-31,Success
1350,1350,Net Banking,166468.67,2022-08-21,Refunded
1351,1351,Net Banking,135515.26,2025-07-25,Success
1352,1352,Net Banking,22328.46,2023-06-13,Success
1353,1353,Credit Card,102235.26,2024-07-25,Success
1354,1354,Credit Card,80771.78,2022-01-11,Success
1355,1355,Credit Card,197388.11,2023-12-26,Success
1356,1356,Debit Card,16708.5,2025-03-24,Failed
1357,1357,Wallet,74004.23,2024-03-24,Success
1358,1358,Credit Card,11715.98,2022-09-24,Success
1359,1359,Net Banking,70530.01,2025-02-06,Success
1360,1360,COD,55853.64,2024-01-15,Success
1361,1361,COD,94222.01,2023-10-26,Success
1362,1362,Net Banking,32180.08,2023-07-26,Success
1363,1363,UPI,143636.8,2024-11-10,Success
1364,1364,Wallet,82647.06,2025-09-22,Failed
1365,1365,COD,5378.28,2022-06-21,Success
1366,1366,Net Banking,109203.19,2025-05-29,Refunded
1367,1367,Credit Card,32045.93,2022-10-02,Success
1368,1368,Debit Card,15442.59,2022-09-24,Failed
1369,1369,Debit Card,14103.74,2025-03-17,Success
1370,1370,Debit Card,53574.79,2025-08-10,Success
1371,1371,Debit Card,128429.15,2024-05-24,Success
1372,1372,COD,106244.65,2025-09-17,Success
1373,1373,COD,105373.53,2024-08-18,Success
1374,1374,Net Banking,9470.38,2025-06-25,Success
1375,1375,Debit Card,61663.05,2022-09-30,Success
1376,1376,Credit Card,107391.3,2024-10-05,Success
1377,1377,COD,60623.96,2022-08-08,Refunded
1378,1378,Debit Card,19330.08,2025-12-28,Success
1379,1379,Credit Card,68802.63,2024-09-28,Success
1380,1380,UPI,12532.02,2024-10-29,Success
1381,1381,Net Banking,3188.18,2023-05-18,Refunded
1382,1382,Wallet,182648.97,2024-04-16,Success
1383,1383,Net Banking,55937.82,2025-03-14,Failed
1384,1384,Credit Card,172667.71,2025-07-31,Success
1385,1385,COD,85935.49,2024-10-09,Success
1386,1386,COD,80317.07,2025-02-26,Failed
1387,1387,Debit Card,142617.32,2022-03-04,Success
1388,1388,Debit Card,39856.8,2024-09-29,Success
1389,1389,Debit Card,16030.69,2025-07-19,Refunded
1390,1390,Net Banking,23763.49,2024-09-18,Success
1391,1391,Net Banking,148640.55,2025-11-19,Failed
1392,1392,Credit Card,44164.85,2022-05-11,Success
1393,1393,Net Banking,14768.05,2024-10-18,Success
1394,1394,UPI,77399.15,2024-12-25,Success
1395,1395,UPI,6617.54,2022-07-10,Success
1396,1396,Credit Card,165547.45,2024-11-11,Success
1397,1397,Credit Card,20337.43,2022-07-05,Success
1398,1398,Wallet,49466.69,2024-10-21,Refunded
1399,1399,UPI,122968.22,2025-03-21,Success
1400,1400,Debit Card,25504.54,2022-07-12,Refunded
1401,1401,Net Banking,13362.73,2023-09-03,Success
1402,1402,Wallet,44191.93,2025-06-04,Refunded
1403,1403,Debit Card,20847.38,2024-06-22,Success
1404,1404,Net Banking,105344.03,2024-04-01,Success
1405,1405,UPI,95827.4,2025-12-31,Success
1406,1406,UPI,194159.44,2023-02-07,Success
1407,1407,Credit Card,112216.14,2024-06-23,Success
1408,1408,Net Banking,245791.72,2024-08-31,Success
1409,1409,Debit Card,27392.94,2025-11-25,Success
1410,1410,Wallet,24973.58,2023-06-21,Success
1411,1411,Net Banking,91030.38,2023-08-12,Success
1412,1412,UPI,42711.92,2025-07-04,Refunded
1413,1413,Wallet,84042.88,2024-01-17,Success
1414,1414,Wallet,52183.86,2023-10-25,Success
1415,1415,Net Banking,132446.09,2025-01-27,Success
1416,1416,UPI,94256.06,2025-05-12,Refunded
1417,1417,Wallet,60051.21,2023-07-24,Refunded
1418,1418,Credit Card,48534.71,2023-12-25,Refunded
1419,1419,Wallet,60950.58,2022-02-22,Refunded
1420,1420,Credit Card,76287.39,2025-10-26,Success
1421,1421,Net Banking,92342.41,2024-12-25,Success
1422,1422,Net Banking,27507.6,2023-03-26,Success
1423,1423,Debit Card,57918.82,2023-02-13,Success
1424,1424,Credit Card,8932.2,2022-06-03,Success
1425,1425,COD,14678.04,2023-08-15,Success
1426,1426,Net Banking,68530.0,2025-07-22,Success
1427,1427,COD,139072.49,2024-05-25,Success
1428,1428,Debit Card,13743.15,2022-02-03,Success
1429,1429,Net Banking,99633.01,2023-04-22,Success
1430,1430,Credit Card,46198.32,2023-09-07,Failed
1431,1431,UPI,300884.83,2023-06-24,Success
1432,1432,Debit Card,29594.95,2025-08-05,Success
1433,1433,Credit Card,67173.45,2024-02-27,Success
1434,1434,Debit Card,41616.2,2024-12-01,Success
1435,1435,Net Banking,7232.45,2022-09-18,Refunded
1436,1436,Wallet,11127.37,2025-04-23,Success
1437,1437,Net Banking,79826.0,2024-01-19,Success
1438,1438,Debit Card,109153.14,2023-01-15,Success
1439,1439,Net Banking,145502.77,2022-04-25,Success
1440,1440,UPI,45101.23,2024-10-28,Success
1441,1441,Wallet,104917.82,2024-10-30,Refunded
1442,1442,Debit Card,129922.1,2025-04-06,Refunded
1443,1443,Credit Card,4419.66,2024-10-28,Success
1444,1444,Net Banking,9457.15,2025-08-10,Success
1445,1445,Net Banking,79590.84,2022-11-18,Failed
1446,1446,Net Banking,86519.05,2022-10-31,Success
1447,1447,UPI,125152.7,2023-12-21,Success
1448,1448,UPI,27618.76,2024-06-25,Success
1449,1449,Wallet,102395.3,2022-03-12,Success
1450,1450,Debit Card,116355.81,2023-02-06,Refunded
1451,1451,COD,53133.83,2024-07-17,Refunded
1452,1452,Debit Card,67004.65,2022-09-22,Failed
1453,1453,Credit Card,152459.53,2023-01-12,Success
1454,1454,Net Banking,15525.3,2023-04-04,Success
1455,1455,Wallet,108576.34,2025-03-05,Success
1456,1456,COD,171289.47,2024-05-21,Success
1457,1457,Debit Card,51667.32,2023-12-30,Success
1458,1458,Debit Card,88918.8,2025-10-02,Success
1459,1459,Credit Card,121257.52,2025-06-13,Refunded
1460,1460,Debit Card,23641.76,2024-09-19,Failed
1461,1461,COD,121144.25,2022-11-12,Success
1462,1462,Wallet,29671.37,2025-10-26,Success
1463,1463,Credit Card,6851.71,2023-04-21,Refunded
1464,1464,Net Banking,77473.8,2022-03-29,Success
1465,1465,Debit Card,148035.65,2025-10-29,Success
1466,1466,Credit Card,51897.57,2024-11-02,Success
1467,1467,Wallet,4888.44,2024-11-12,Refunded
1468,1468,Debit Card,75650.02,2023-08-31,Success
1469,1469,COD,95754.36,2025-12-09,Success
1470,1470,COD,113026.59,2025-02-02,Success
1471,1471,Net Banking,42697.98,2024-06-16,Success
1472,1472,Net Banking,156561.26,2024-03-27,Success
1473,1473,Wallet,89311.36,2023-10-29,Success
1474,1474,Debit Card,31936.11,2024-10-24,Success
1475,1475,Net Banking,174979.2,2025-08-03,Failed
1476,1476,Wallet,54315.04,2023-11-23,Success
1477,1477,Debit Card,12179.25,2022-07-01,Success
1478,1478,COD,73610.68,2024-06-01,Success
1479,1479,Wallet,24845.06,2024-04-28,Refunded
1480,1480,COD,11207.01,2024-08-07,Success
1481,1481,Credit Card,141277.21,2025-05-19,Success
1482,1482,Net Banking,68009.48,2025-10-06,Success
1483,1483,Credit Card,115824.85,2024-06-13,Success
1484,1484,COD,898.48,2022-06-26,Failed
1485,1485,UPI,88441.38,2024-12-30,Success
1486,1486,COD,115606.21,2024-04-03,Failed
1487,1487,Net Banking,41734.74,2024-08-24,Success
1488,1488,Wallet,61287.85,2025-06-20,Success
1489,1489,COD,2683.26,2022-11-15,Success
1490,1490,Wallet,96710.32,2024-11-05,Success
1491,1491,UPI,26180.01,2024-07-28,Success
1492,1492,Credit Card,54447.57,2022-05-30,Success
1493,1493,COD,99910.25,2025-05-21,Success
1494,1494,Wallet,74875.0,2023-03-01,Success
1495,1495,Wallet,23484.18,2023-03-03,Failed
1496,1496,Net Banking,42279.81,2023-07-27,Success
1497,1497,Net Banking,66080.96,2025-11-21,Refunded
1498,1498,Credit Card,126428.01,2023-05-20,Success
1499,1499,Credit Card,85297.74,2023-04-29,Refunded
1500,1500,COD,86241.38,2022-10-21,Success
1501,1501,UPI,61606.58,2022-07-23,Success
1502,1502,UPI,145529.32,2025-06-10,Failed
1503,1503,Wallet,127202.07,2023-12-27,Success
1504,1504,Wallet,23187.88,2022-12-04,Success
1505,1505,Credit Card,11707.85,2025-11-07,Success
1506,1506,COD,44747.0,2022-11-16,Success
1507,1507,Debit Card,168671.05,2023-08-10,Failed
1508,1508,Wallet,31276.91,2024-08-04,Success
1509,1509,Wallet,111500.64,2025-10-22,Success
1510,1510,Net Banking,32951.35,2023-10-01,Success
1511,1511,Debit Card,201350.0,2022-12-23,Refunded
1512,1512,Wallet,46680.03,2023-05-15,Failed
1513,1513,Wallet,36181.52,2023-01-22,Success
1514,1514,Credit Card,9332.9,2024-10-23,Success
1515,1515,UPI,82029.66,2024-05-11,Failed
1516,1516,Wallet,19974.36,2023-03-04,Success
1517,1517,Debit Card,73967.61,2022-04-22,Refunded
1518,1518,COD,63303.85,2022-08-29,Success
1519,1519,Debit Card,127424.22,2024-09-02,Success
1520,1520,UPI,17564.52,2025-09-26,Refunded
1521,1521,Wallet,161389.84,2023-11-15,Success
1522,1522,Debit Card,56765.16,2024-06-05,Success
1523,1523,Credit Card,165531.78,2024-12-16,Success
1524,1524,COD,65222.61,2024-01-21,Success
1525,1525,Credit Card,22353.75,2023-01-30,Success
1526,1526,Wallet,653.1,2025-10-21,Success
1527,1527,UPI,177301.7,2025-12-13,Success
1528,1528,Credit Card,16271.78,2022-05-17,Success
1529,1529,Net Banking,236574.96,2024-01-19,Success
1530,1530,Wallet,36027.86,2023-10-14,Refunded
1531,1531,Debit Card,85309.9,2022-01-18,Success
1532,1532,Debit Card,24835.79,2025-08-24,Success
1533,1533,Credit Card,197206.08,2022-07-07,Refunded
1534,1534,Wallet,65628.48,2022-05-13,Refunded
1535,1535,Wallet,31636.19,2022-11-03,Success
1536,1536,Debit Card,11105.15,2025-11-11,Success
1537,1537,Wallet,111829.23,2023-08-23,Refunded
1538,1538,UPI,7785.31,2024-05-23,Success
1539,1539,UPI,74391.1,2022-04-25,Success
1540,1540,Wallet,160447.4,2025-11-12,Success
1541,1541,Wallet,82519.49,2024-06-07,Success
1542,1542,COD,128525.92,2025-08-30,Success
1543,1543,COD,40056.08,2025-11-03,Refunded
1544,1544,Debit Card,32618.33,2022-01-30,Success
1545,1545,Wallet,33421.24,2023-08-06,Success
1546,1546,Credit Card,119726.89,2025-09-03,Success
1547,1547,COD,195712.56,2024-01-10,Success
1548,1548,UPI,50482.17,2022-08-25,Success
1549,1549,COD,60871.75,2022-02-06,Refunded
1550,1550,Net Banking,67229.08,2025-03-15,Success
1551,1551,Credit Card,115141.64,2023-02-26,Refunded
1552,1552,Wallet,194338.9,2025-07-29,Success
1553,1553,Credit Card,117115.68,2022-08-31,Success
1554,1554,COD,169339.04,2025-11-14,Refunded
1555,1555,Net Banking,91630.67,2022-12-26,Success
1556,1556,Debit Card,45928.98,2023-09-27,Refunded
1557,1557,COD,76404.51,2024-09-12,Success
1558,1558,Net Banking,127419.17,2023-12-03,Success
1559,1559,Net Banking,19811.41,2025-05-28,Success
1560,1560,Debit Card,53258.45,2023-04-02,Success
1561,1561,Wallet,18912.24,2025-07-27,Success
1562,1562,COD,153970.59,2024-02-05,Success
1563,1563,COD,91514.42,2023-03-09,Success
1564,1564,Net Banking,218267.54,2024-08-31,Success
1565,1565,COD,44948.77,2025-06-19,Success
1566,1566,UPI,130453.45,2022-10-17,Success
1567,1567,Wallet,102571.55,2025-07-03,Success
1568,1568,Net Banking,17536.09,2023-05-22,Failed
1569,1569,Net Banking,10508.67,2023-04-19,Failed
1570,1570,Debit Card,30817.05,2023-06-30,Success
1571,1571,Debit Card,47466.3,2024-09-27,Success
1572,1572,UPI,87304.86,2022-09-24,Success
1573,1573,COD,82376.16,2024-11-14,Success
1574,1574,Debit Card,112963.44,2024-09-12,Failed
1575,1575,UPI,102809.0,2022-03-10,Success
1576,1576,Credit Card,59213.6,2024-06-03,Refunded
1577,1577,UPI,18171.55,2025-05-04,Success
1578,1578,Debit Card,199652.1,2024-08-13,Success
1579,1579,Credit Card,109216.74,2022-01-30,Success
1580,1580,COD,72157.5,2024-09-08,Success
1581,1581,Debit Card,61645.23,2022-10-05,Success
1582,1582,Credit Card,34476.25,2022-03-14,Success
1583,1583,UPI,20840.8,2025-12-08,Success
1584,1584,Net Banking,172141.22,2024-04-29,Failed
1585,1585,Debit Card,168837.72,2023-01-17,Success
1586,1586,COD,52661.8,2024-03-17,Refunded
1587,1587,Wallet,171893.02,2023-04-06,Success
1588,1588,UPI,34199.17,2023-07-11,Success
1589,1589,COD,51381.73,2023-08-24,Refunded
1590,1590,COD,41950.71,2025-01-03,Success
1591,1591,Debit Card,21964.94,2023-08-02,Success
1592,1592,Debit Card,88614.43,2025-05-19,Success
1593,1593,Debit Card,48434.95,2025-02-15,Refunded
1594,1594,Wallet,33313.22,2023-11-24,Success
1595,1595,Debit Card,119956.4,2023-07-19,Success
1596,1596,COD,59275.4,2024-08-24,Success
1597,1597,Wallet,104378.13,2023-08-25,Success
1598,1598,Wallet,89752.8,2025-11-02,Success
1599,1599,Debit Card,79209.26,2022-07-01,Success
1600,1600,Credit Card,109472.46,2025-04-01,Success
1601,1601,COD,151964.85,2025-09-16,Success
1602,1602,Wallet,40311.44,2022-11-15,Refunded
1603,1603,Credit Card,182774.84,2025-07-31,Refunded
1604,1604,Debit Card,41406.18,2022-11-01,Success
1605,1605,Debit Card,104800.69,2025-01-07,Success
1606,1606,COD,67260.6,2025-11-19,Failed
1607,1607,COD,57553.75,2023-06-05,Success
1608,1608,UPI,211411.68,2025-04-02,Success
1609,1609,Debit Card,113906.9,2023-03-12,Success
1610,1610,Net Banking,45496.38,2022-08-18,Success
1611,1611,Debit Card,76426.02,2024-01-19,Refunded
1612,1612,Net Banking,116187.69,2023-08-03,Success
1613,1613,Credit Card,11078.83,2024-03-09,Refunded
1614,1614,Credit Card,123641.47,2023-11-22,Refunded
1615,1615,Debit Card,49260.15,2025-12-22,Success
1616,1616,Credit Card,152679.2,2022-11-25,Success
1617,1617,UPI,143490.32,2025-04-07,Success
1618,1618,UPI,80198.5,2025-07-26,Success
1619,1619,UPI,10107.12,2025-11-18,Success
1620,1620,Credit Card,87181.04,2023-12-30,Success
1621,1621,Wallet,47576.55,2024-05-10,Success
1622,1622,Credit Card,102654.14,2025-11-09,Success
1623,1623,Wallet,32235.22,2022-05-07,Success
1624,1624,Credit Card,174397.33,2023-09-24,Success
1625,1625,Credit Card,1155.19,2023-07-25,Failed
1626,1626,COD,118457.8,2025-08-02,Success
1627,1627,Net Banking,127333.97,2025-02-09,Success
1628,1628,COD,84981.5,2024-01-23,Success
1629,1629,UPI,77565.96,2023-08-11,Success
1630,1630,COD,124552.66,2023-05-16,Success
1631,1631,Credit Card,45930.39,2024-04-03,Success
1632,1632,UPI,159864.82,2023-07-26,Success
1633,1633,Debit Card,42895.14,2023-05-09,Refunded
1634,1634,Debit Card,96492.46,2024-12-15,Success
1635,1635,Net Banking,6317.3,2022-04-17,Success
1636,1636,Wallet,49241.61,2024-02-22,Success
1637,1637,Credit Card,102403.5,2022-06-04,Refunded
1638,1638,Debit Card,7078.11,2022-07-30,Success
1639,1639,Credit Card,18605.57,2022-04-27,Success
1640,1640,COD,6047.58,2022-03-03,Success
1641,1641,Credit Card,28702.09,2024-11-14,Success
1642,1642,Wallet,71802.24,2025-12-01,Refunded
1643,1643,Credit Card,14337.0,2024-07-12,Success
1644,1644,Net Banking,83889.45,2025-12-06,Success
1645,1645,Wallet,141214.61,2022-11-24,Refunded
1646,1646,Wallet,38604.38,2024-04-05,Success
1647,1647,COD,71216.05,2023-12-02,Success
1648,1648,Debit Card,7544.02,2023-09-14,Success
1649,1649,Net Banking,46819.07,2025-06-07,Success
1650,1650,COD,89966.56,2025-12-10,Success
1651,1651,Net Banking,143581.59,2023-11-04,Success
1652,1652,Net Banking,82030.78,2022-04-29,Success
1653,1653,Wallet,188450.4,2023-06-15,Success
1654,1654,Debit Card,272248.46,2022-04-25,Success
1655,1655,UPI,17238.41,2022-04-08,Success
1656,1656,Wallet,156534.63,2022-10-10,Failed
1657,1657,Net Banking,24263.71,2024-06-17,Refunded
1658,1658,UPI,18286.94,2023-08-26,Success
1659,1659,Credit Card,76292.56,2022-01-14,Success
1660,1660,UPI,50477.29,2023-04-10,Success
1661,1661,Net Banking,51110.42,2022-06-23,Success
1662,1662,Wallet,240778.5,2022-08-17,Refunded
1663,1663,Wallet,46451.7,2024-06-15,Success
1664,1664,Net Banking,137441.38,2022-07-10,Failed
1665,1665,Credit Card,94556.48,2025-07-25,Success
1666,1666,Wallet,137195.05,2024-08-07,Success
1667,1667,Net Banking,74135.18,2023-08-10,Refunded
1668,1668,UPI,32850.27,2025-10-08,Success
1669,1669,Wallet,38759.05,2024-05-01,Success
1670,1670,Wallet,59990.95,2025-08-23,Success
1671,1671,UPI,87434.78,2023-10-16,Success
1672,1672,Credit Card,59293.82,2023-12-15,Failed
1673,1673,Wallet,23263.86,2025-06-21,Success
1674,1674,UPI,20017.16,2025-06-13,Success
1675,1675,Debit Card,73156.98,2025-08-25,Success
1676,1676,Debit Card,65196.91,2022-01-12,Success
1677,1677,COD,281555.45,2025-03-02,Success
1678,1678,Credit Card,41293.0,2025-11-01,Success
1679,1679,Debit Card,68429.95,2023-10-08,Refunded
1680,1680,UPI,35115.94,2022-02-20,Success
1681,1681,Net Banking,20999.03,2024-10-02,Success
1682,1682,Credit Card,1722.15,2023-01-06,Success
1683,1683,Debit Card,1841.46,2022-01-08,Success
1684,1684,Wallet,1624.86,2024-01-10,Success
1685,1685,Credit Card,6443.32,2024-08-18,Success
1686,1686,UPI,86000.71,2023-12-11,Success
1687,1687,Wallet,15866.49,2022-07-10,Success
1688,1688,Credit Card,159714.68,2023-06-14,Refunded
1689,1689,Credit Card,108461.71,2024-02-25,Failed
1690,1690,Credit Card,198395.15,2025-03-09,Success
1691,1691,UPI,16884.14,2022-06-15,Success
1692,1692,COD,37005.69,2023-09-02,Success
1693,1693,Debit Card,73316.11,2023-04-01,Success
1694,1694,Wallet,45916.86,2025-11-22,Success
1695,1695,Wallet,116127.41,2024-02-03,Success
1696,1696,UPI,231490.76,2023-08-26,Success
1697,1697,Net Banking,54518.43,2023-05-09,Refunded
1698,1698,COD,44625.26,2023-05-07,Success
1699,1699,UPI,79920.59,2023-09-28,Success
1700,1700,Net Banking,3130.48,2022-03-30,Refunded
1701,1701,Wallet,93263.29,2023-02-19,Success
1702,1702,Net Banking,8777.41,2022-10-31,Success
1703,1703,Wallet,76076.32,2025-04-06,Failed
1704,1704,UPI,132967.48,2022-07-24,Failed
1705,1705,Debit Card,175627.16,2025-11-07,Success
1706,1706,Net Banking,136311.04,2024-03-30,Success
1707,1707,Credit Card,34866.4,2025-01-20,Refunded
1708,1708,UPI,84924.27,2025-10-19,Success
1709,1709,UPI,9301.0,2022-01-19,Success
1710,1710,Net Banking,30548.01,2025-01-23,Success
1711,1711,Wallet,139519.33,2025-03-20,Success
1712,1712,COD,166831.68,2022-05-26,Refunded
1713,1713,UPI,89340.21,2025-02-14,Success
1714,1714,COD,18174.22,2024-10-13,Success
1715,1715,Credit Card,67209.68,2025-07-28,Success
1716,1716,UPI,81216.91,2022-12-10,Success
1717,1717,UPI,90108.11,2025-01-21,Success
1718,1718,Net Banking,101704.96,2024-12-19,Success
1719,1719,Credit Card,60382.04,2024-03-01,Success
1720,1720,COD,34907.49,2023-12-06,Refunded
1721,1721,Wallet,20420.17,2024-07-19,Success
1722,1722,Wallet,16086.04,2025-06-15,Success
1723,1723,COD,16265.84,2023-04-12,Failed
1724,1724,Wallet,106096.28,2023-03-25,Success
1725,1725,Debit Card,104435.59,2025-08-18,Success
1726,1726,Wallet,127457.3,2023-04-11,Success
1727,1727,Debit Card,110476.15,2023-09-19,Success
1728,1728,Credit Card,115571.57,2024-05-26,Success
1729,1729,Debit Card,1895.54,2022-04-08,Failed
1730,1730,Credit Card,258902.87,2023-11-28,Success
1731,1731,Credit Card,9632.82,2022-01-11,Refunded
1732,1732,Credit Card,105040.78,2024-11-03,Success
1733,1733,COD,92148.28,2024-03-31,Failed
1734,1734,COD,77711.78,2023-06-02,Success
1735,1735,Net Banking,23686.37,2023-06-12,Success
1736,1736,Wallet,170141.62,2024-06-03,Refunded
1737,1737,Debit Card,59676.85,2024-04-22,Success
1738,1738,Debit Card,94440.92,2024-10-18,Success
1739,1739,Debit Card,11157.25,2022-05-24,Refunded
1740,1740,Net Banking,10519.63,2022-12-06,Success
1741,1741,Net Banking,168217.34,2023-04-21,Success
1742,1742,Debit Card,43021.79,2025-12-10,Success
1743,1743,COD,8996.66,2025-08-11,Refunded
1744,1744,Net Banking,33419.5,2022-09-23,Success
1745,1745,Net Banking,74029.41,2024-11-11,Success
1746,1746,Wallet,191881.24,2023-08-23,Success
1747,1747,COD,190309.51,2025-05-24,Success
1748,1748,Wallet,58545.61,2024-12-18,Refunded
1749,1749,Net Banking,38888.61,2022-10-29,Success
1750,1750,UPI,62805.74,2022-02-24,Failed
1751,1751,COD,74973.79,2024-07-11,Success
1752,1752,Wallet,16785.22,2022-09-10,Success
1753,1753,COD,49303.31,2022-07-15,Refunded
1754,1754,UPI,94240.69,2024-08-10,Refunded
1755,1755,Wallet,8457.46,2024-06-28,Success
1756,1756,Debit Card,94488.8,2022-01-08,Success
1757,1757,Net Banking,111665.57,2025-08-06,Success
1758,1758,Net Banking,13429.81,2025-06-25,Success
1759,1759,Debit Card,10099.35,2024-01-12,Success
1760,1760,COD,217519.28,2024-01-13,Success
1761,1761,Net Banking,80442.69,2024-09-13,Success
1762,1762,Wallet,173306.81,2023-02-24,Success
1763,1763,Debit Card,22747.62,2024-08-09,Success
1764,1764,Wallet,82123.6,2024-10-20,Failed
1765,1765,UPI,32722.89,2022-01-13,Success
1766,1766,Wallet,40987.15,2025-08-23,Success
1767,1767,COD,104044.42,2023-03-03,Success
1768,1768,Net Banking,15756.27,2024-11-21,Refunded
1769,1769,Net Banking,19210.81,2023-02-27,Success
1770,1770,Net Banking,126623.45,2023-09-29,Success
1771,1771,COD,105681.22,2025-03-22,Success
1772,1772,Credit Card,74882.04,2022-10-18,Success
1773,1773,Debit Card,42548.65,2022-01-12,Refunded
1774,1774,COD,64516.25,2022-03-04,Success
1775,1775,COD,47652.03,2023-12-30,Success
1776,1776,Debit Card,56420.07,2024-04-15,Success
1777,1777,UPI,21248.93,2023-07-09,Success
1778,1778,UPI,96169.52,2024-02-03,Success
1779,1779,Credit Card,116960.73,2024-03-19,Success
1780,1780,UPI,22461.7,2024-06-06,Success
1781,1781,Credit Card,111286.75,2024-05-23,Success
1782,1782,Credit Card,64543.15,2023-11-18,Success
1783,1783,Wallet,66885.41,2024-12-19,Success
1784,1784,Credit Card,12220.2,2024-02-13,Success
1785,1785,Debit Card,78341.18,2022-04-23,Success
1786,1786,Credit Card,45434.26,2025-09-07,Success
1787,1787,COD,22622.13,2025-03-25,Success
1788,1788,Net Banking,60865.45,2022-05-23,Success
1789,1789,Net Banking,108685.47,2024-11-26,Success
1790,1790,Debit Card,107794.51,2024-04-05,Success
1791,1791,Net Banking,18304.04,2026-01-01,Success
1792,1792,COD,16058.45,2022-02-03,Success
1793,1793,Debit Card,8470.51,2023-11-03,Success
1794,1794,COD,126324.26,2023-08-25,Success
1795,1795,COD,86527.98,2022-12-10,Refunded
1796,1796,Debit Card,63054.97,2023-04-02,Success
1797,1797,COD,4681.17,2024-06-21,Success
1798,1798,Net Banking,137347.04,2023-12-14,Refunded
1799,1799,Debit Card,127447.03,2022-07-12,Success
1800,1800,Debit Card,83182.62,2025-10-21,Success
1801,1801,COD,171985.98,2025-08-02,Success
1802,1802,COD,39991.02,2025-02-15,Success
1803,1803,Net Banking,56492.98,2025-07-01,Refunded
1804,1804,Credit Card,52040.91,2022-03-11,Success
1805,1805,Wallet,85809.38,2024-04-29,Success
1806,1806,COD,254284.92,2023-09-17,Refunded
1807,1807,Credit Card,31950.78,2025-05-13,Failed
1808,1808,Net Banking,227066.34,2023-03-11,Success
1809,1809,Net Banking,78743.09,2025-09-11,Refunded
1810,1810,Net Banking,64740.22,2023-05-10,Success
1811,1811,Debit Card,180074.11,2022-07-25,Refunded
1812,1812,Wallet,55473.78,2022-08-30,Success
1813,1813,UPI,9198.2,2022-10-30,Success
1814,1814,Debit Card,80427.81,2024-09-17,Success
1815,1815,COD,83879.85,2022-02-09,Success
1816,1816,Net Banking,113153.47,2024-11-27,Success
1817,1817,COD,36834.6,2023-12-13,Success
1818,1818,Wallet,41903.23,2025-07-16,Refunded
1819,1819,COD,72159.22,2022-10-02,Success
1820,1820,Net Banking,90044.99,2024-01-28,Success
1821,1821,Debit Card,186227.19,2024-02-17,Success
1822,1822,Wallet,115257.59,2024-08-26,Success
1823,1823,Wallet,1945.87,2022-06-05,Success
1824,1824,Net Banking,60762.2,2023-11-10,Success
1825,1825,Net Banking,50048.19,2024-02-26,Success
1826,1826,Wallet,12551.87,2025-11-10,Refunded
1827,1827,Wallet,75443.73,2024-06-05,Success
1828,1828,COD,44589.06,2024-12-19,Success
1829,1829,Wallet,27342.47,2024-02-13,Success
1830,1830,Wallet,39613.52,2022-08-07,Success
1831,1831,Wallet,139969.78,2023-11-16,Refunded
1832,1832,COD,160914.02,2025-06-14,Success
1833,1833,UPI,34628.27,2022-07-23,Success
1834,1834,Net Banking,95075.45,2024-11-06,Refunded
1835,1835,Net Banking,88970.11,2024-09-28,Success
1836,1836,Credit Card,52547.54,2022-05-29,Refunded
1837,1837,UPI,79600.84,2023-05-10,Success
1838,1838,UPI,29275.76,2022-03-10,Success
1839,1839,Net Banking,187660.83,2022-09-09,Success
1840,1840,UPI,25341.71,2022-02-06,Success
1841,1841,COD,135999.6,2025-02-03,Success
1842,1842,Net Banking,81663.01,2024-07-18,Success
1843,1843,Credit Card,30885.18,2023-10-28,Success
1844,1844,Wallet,52587.82,2023-03-17,Refunded
1845,1845,Wallet,27061.06,2025-05-07,Success
1846,1846,Wallet,77238.01,2025-12-15,Success
1847,1847,COD,31795.25,2023-02-24,Refunded
1848,1848,COD,81637.8,2022-05-20,Success
1849,1849,Credit Card,89485.4,2023-05-16,Success
1850,1850,COD,209725.25,2025-04-16,Success
1851,1851,Debit Card,64408.41,2024-02-26,Success
1852,1852,Wallet,3465.57,2025-12-11,Success
1853,1853,COD,2736.09,2024-09-28,Success
1854,1854,Net Banking,24212.71,2023-07-04,Success
1855,1855,COD,67701.64,2024-01-11,Success
1856,1856,COD,10914.7,2025-08-15,Success
1857,1857,UPI,56047.1,2025-05-14,Failed
1858,1858,COD,107728.65,2023-12-16,Success
1859,1859,Wallet,16577.67,2023-12-29,Success
1860,1860,Credit Card,77960.95,2025-10-12,Refunded
1861,1861,Net Banking,8176.08,2022-12-05,Success
1862,1862,Wallet,78871.01,2022-06-15,Success
1863,1863,UPI,204548.54,2022-10-21,Refunded
1864,1864,Wallet,141038.11,2022-04-12,Success
1865,1865,Wallet,41662.26,2023-06-07,Success
1866,1866,Debit Card,130319.52,2025-03-05,Success
1867,1867,Net Banking,75155.55,2024-10-04,Success
1868,1868,Net Banking,37665.05,2022-07-13,Success
1869,1869,COD,25461.77,2023-06-30,Refunded
1870,1870,COD,84545.33,2025-02-01,Success
1871,1871,Credit Card,96243.75,2025-07-15,Success
1872,1872,Credit Card,50725.5,2025-09-16,Success
1873,1873,COD,48515.32,2024-09-11,Success
1874,1874,Net Banking,1716.11,2023-06-20,Success
1875,1875,Wallet,80148.17,2025-03-20,Failed
1876,1876,Wallet,15859.82,2022-10-25,Success
1877,1877,Wallet,29175.09,2025-10-31,Success
1878,1878,UPI,178700.9,2024-04-20,Success
1879,1879,COD,69945.84,2023-11-27,Success
1880,1880,Wallet,49538.83,2025-01-15,Success
1881,1881,Net Banking,28397.67,2025-04-30,Success
1882,1882,Wallet,113127.51,2024-07-27,Success
1883,1883,COD,45721.08,2023-09-28,Success
1884,1884,UPI,48456.75,2025-11-19,Refunded
1885,1885,Debit Card,124206.6,2025-05-13,Success
1886,1886,Wallet,259939.46,2022-12-11,Success
1887,1887,UPI,93766.85,2023-06-29,Success
1888,1888,UPI,74945.69,2024-06-28,Success
1889,1889,Debit Card,25406.33,2025-10-27,Success
1890,1890,Wallet,12639.52,2025-09-18,Success
1891,1891,UPI,56961.19,2022-06-05,Success
1892,1892,Credit Card,104603.19,2025-02-26,Success
1893,1893,UPI,79832.81,2024-08-04,Failed
1894,1894,Net Banking,179013.5,2023-12-18,Success
1895,1895,Wallet,43225.5,2025-01-23,Success
1896,1896,COD,40442.85,2024-01-22,Success
1897,1897,COD,130396.64,2025-10-21,Success
1898,1898,Credit Card,44361.67,2025-11-19,Success
1899,1899,Wallet,4070.63,2023-02-19,Success
1900,1900,COD,15425.62,2022-10-03,Success
1901,1901,Debit Card,57013.2,2023-11-29,Success
1902,1902,COD,74695.12,2024-04-04,Success
1903,1903,Net Banking,61007.22,2022-07-17,Success
1904,1904,Net Banking,44141.08,2025-04-04,Success
1905,1905,UPI,69678.07,2024-04-16,Success
1906,1906,Wallet,69194.91,2024-10-08,Success
1907,1907,Credit Card,42092.49,2025-11-26,Success
1908,1908,COD,12680.32,2024-11-11,Refunded
1909,1909,Credit Card,18940.33,2025-07-23,Failed
1910,1910,COD,154624.98,2023-01-12,Success
1911,1911,UPI,81007.36,2024-05-14,Failed
1912,1912,Wallet,131203.92,2024-04-30,Success
1913,1913,Credit Card,192513.97,2024-10-04,Success
1914,1914,UPI,68161.08,2025-01-29,Success
1915,1915,Wallet,29926.51,2025-08-17,Success
1916,1916,COD,236453.81,2025-12-11,Success
1917,1917,Debit Card,54717.3,2023-08-21,Success
1918,1918,Credit Card,56764.84,2022-06-26,Success
1919,1919,Wallet,57901.74,2025-02-26,Success
1920,1920,UPI,85026.29,2025-01-13,Success
1921,1921,UPI,43046.78,2024-10-13,Refunded
1922,1922,UPI,29533.12,2025-04-20,Failed
1923,1923,Wallet,22123.52,2022-11-29,Success
1924,1924,Wallet,23712.0,2023-03-16,Success
1925,1925,Debit Card,84032.56,2022-01-22,Success
1926,1926,Debit Card,54155.87,2022-01-07,Success
1927,1927,Credit Card,59172.03,2022-09-20,Failed
1928,1928,Net Banking,475.47,2024-01-06,Success
1929,1929,Credit Card,35753.82,2023-09-12,Failed
1930,1930,UPI,19508.61,2022-01-08,Success
1931,1931,Credit Card,72233.36,2025-07-06,Success
1932,1932,UPI,22522.58,2024-02-17,Success
1933,1933,Net Banking,127988.64,2025-05-15,Success
1934,1934,Debit Card,131161.39,2024-07-28,Success
1935,1935,Net Banking,41063.46,2024-12-11,Success
1936,1936,Debit Card,23633.93,2024-04-01,Success
1937,1937,Credit Card,38254.5,2023-08-16,Refunded
1938,1938,COD,93181.93,2022-08-04,Success
1939,1939,UPI,47095.08,2022-02-16,Success
1940,1940,UPI,67571.24,2026-01-02,Success
1941,1941,Wallet,19080.4,2023-01-16,Success
1942,1942,Debit Card,92558.86,2023-12-15,Success
1943,1943,COD,30675.03,2025-05-26,Success
1944,1944,COD,93208.28,2023-03-25,Success
1945,1945,COD,116035.7,2022-09-01,Success
1946,1946,Credit Card,122309.25,2022-12-02,Failed
1947,1947,Wallet,50923.53,2023-07-27,Success
1948,1948,COD,69384.8,2024-05-25,Success
1949,1949,Debit Card,165298.54,2023-04-22,Success
1950,1950,Net Banking,13732.55,2023-06-20,Success
1951,1951,UPI,55233.2,2023-12-07,Refunded
1952,1952,Credit Card,22666.03,2024-07-31,Success
1953,1953,Wallet,317195.83,2025-06-07,Success
1954,1954,Debit Card,100709.85,2022-02-09,Success
1955,1955,COD,14535.03,2025-09-02,Refunded
1956,1956,UPI,97532.67,2025-06-07,Success
1957,1957,Credit Card,78148.67,2023-01-09,Success
1958,1958,Credit Card,5521.08,2025-02-25,Success
1959,1959,UPI,64412.15,2024-04-20,Success
1960,1960,COD,151343.7,2023-06-04,Success
1961,1961,Net Banking,26706.78,2024-03-18,Success
1962,1962,Wallet,71227.28,2022-08-01,Success
1963,1963,COD,53484.61,2022-03-07,Success
1964,1964,UPI,98946.6,2024-11-05,Success
1965,1965,Debit Card,131604.55,2022-02-23,Success
1966,1966,Credit Card,46575.84,2022-12-13,Success
1967,1967,Credit Card,34719.62,2022-09-09,Success
1968,1968,Net Banking,96503.55,2022-07-10,Refunded
1969,1969,Credit Card,142957.9,2025-06-16,Success
1970,1970,COD,78009.94,2022-12-26,Success
1971,1971,Wallet,22067.23,2023-05-19,Refunded
1972,1972,Debit Card,120109.25,2024-05-28,Success
1973,1973,Debit Card,66157.4,2025-10-17,Success
1974,1974,COD,117581.74,2025-12-17,Failed
1975,1975,Debit Card,136228.09,2022-09-16,Success
1976,1976,UPI,35292.97,2023-06-11,Success
1977,1977,Wallet,139999.5,2024-02-07,Refunded
1978,1978,Net Banking,41439.96,2022-02-19,Refunded
1979,1979,Credit Card,15563.4,2024-06-19,Success
1980,1980,Credit Card,3215.2,2024-02-15,Success
1981,1981,COD,13071.47,2022-02-03,Refunded
1982,1982,Debit Card,97426.17,2023-03-08,Success
1983,1983,Wallet,12734.32,2023-01-24,Failed
1984,1984,UPI,117881.39,2025-06-29,Success
1985,1985,Net Banking,76132.65,2025-05-29,Success
1986,1986,COD,97615.43,2023-05-14,Failed
1987,1987,Net Banking,74183.51,2024-11-08,Success
1988,1988,Net Banking,191612.23,2023-01-05,Refunded
1989,1989,UPI,98079.09,2025-08-12,Failed
1990,1990,COD,79824.4,2024-02-14,Refunded
1991,1991,UPI,39621.86,2024-12-01,Success
1992,1992,Credit Card,27662.3,2022-09-18,Success
1993,1993,Wallet,82600.6,2025-04-06,Success
1994,1994,COD,109498.11,2022-11-03,Success
1995,1995,COD,76304.19,2022-06-15,Success
1996,1996,Credit Card,26513.72,2025-10-27,Refunded
1997,1997,Credit Card,177712.72,2024-06-07,Success
1998,1998,Net Banking,74670.15,2022-10-06,Refunded
1999,1999,Credit Card,20840.66,2023-01-01,Success
2000,2000,COD,101591.0,2022-05-23,Success
2001,2001,UPI,1910.46,2025-09-21,Success
2002,2002,Credit Card,16778.14,2023-06-01,Success
2003,2003,UPI,32635.55,2024-10-04,Success
2004,2004,UPI,67764.32,2022-11-28,Success
2005,2005,Credit Card,70115.2,2022-04-08,Refunded
2006,2006,COD,73673.65,2023-07-12,Success
2007,2007,Net Banking,160312.01,2022-02-15,Success
2008,2008,UPI,218902.23,2024-09-28,Success
2009,2009,Debit Card,118281.94,2022-11-29,Success
2010,2010,UPI,52939.62,2022-02-25,Success
2011,2011,UPI,25740.92,2024-07-04,Success
2012,2012,COD,23839.68,2022-07-05,Success
2013,2013,Credit Card,27735.35,2025-07-23,Success
2014,2014,Net Banking,180832.1,2022-12-27,Success
2015,2015,Net Banking,27596.5,2024-01-24,Success
2016,2016,Net Banking,16562.47,2024-08-11,Success
2017,2017,Wallet,127038.12,2022-08-06,Success
2018,2018,Net Banking,152304.32,2023-11-15,Success
2019,2019,Net Banking,28426.34,2023-09-23,Success
2020,2020,Net Banking,26555.12,2025-01-30,Failed
2021,2021,Net Banking,34156.88,2023-10-15,Success
2022,2022,Wallet,89353.91,2023-03-29,Refunded
2023,2023,Wallet,11350.08,2022-03-03,Success
2024,2024,UPI,103502.2,2025-10-22,Success
2025,2025,COD,40831.84,2024-10-04,Success
2026,2026,Credit Card,222314.56,2025-08-10,Failed
2027,2027,Wallet,57339.97,2024-06-08,Success
2028,2028,COD,86734.85,2025-03-25,Success
2029,2029,Wallet,148621.32,2025-03-09,Success
2030,2030,Credit Card,77082.25,2023-05-27,Success
2031,2031,Credit Card,151068.49,2025-01-05,Success
2032,2032,UPI,178358.92,2024-12-17,Success
2033,2033,UPI,27538.35,2025-12-24,Failed
2034,2034,COD,15590.34,2022-10-14,Success
2035,2035,Credit Card,14315.2,2025-02-22,Success
2036,2036,Net Banking,87599.91,2023-06-01,Success
2037,2037,Credit Card,54291.79,2022-08-24,Success
2038,2038,Credit Card,101447.28,2025-02-09,Success
2039,2039,COD,56870.48,2022-01-16,Refunded
2040,2040,Wallet,86374.95,2022-03-31,Success
2041,2041,Credit Card,53974.86,2023-01-03,Success
2042,2042,COD,50184.0,2022-09-19,Success
2043,2043,UPI,31709.67,2024-01-17,Success
2044,2044,Net Banking,56390.14,2024-04-16,Success
2045,2045,Credit Card,69715.93,2023-04-02,Failed
2046,2046,Wallet,5221.76,2023-10-05,Success
2047,2047,Wallet,188084.71,2022-06-01,Success
2048,2048,Debit Card,26986.11,2024-07-12,Success
2049,2049,Credit Card,219823.89,2023-01-31,Success
2050,2050,Credit Card,132379.9,2022-07-18,Failed
2051,2051,Debit Card,16375.79,2024-05-13,Success
2052,2052,Credit Card,123194.65,2024-12-11,Success
2053,2053,COD,1122.84,2025-10-02,Success
2054,2054,Debit Card,206841.51,2022-01-01,Success
2055,2055,UPI,179605.9,2022-11-14,Success
2056,2056,Wallet,31292.88,2025-08-20,Success
2057,2057,Net Banking,9450.54,2025-02-24,Success
2058,2058,UPI,8187.9,2025-11-25,Success
2059,2059,Net Banking,226971.13,2025-01-07,Success
2060,2060,Debit Card,35162.56,2025-06-04,Success
2061,2061,Debit Card,26979.44,2024-11-21,Refunded
2062,2062,UPI,125531.39,2024-06-10,Success
2063,2063,COD,23086.05,2022-06-26,Success
2064,2064,COD,118014.84,2025-09-11,Success
2065,2065,Debit Card,239177.9,2022-05-27,Failed
2066,2066,Credit Card,40131.66,2022-12-24,Success
2067,2067,Credit Card,65785.73,2022-02-17,Success
2068,2068,Wallet,68161.18,2023-03-08,Success
2069,2069,COD,93107.75,2024-02-05,Success
2070,2070,UPI,57845.47,2022-08-03,Success
2071,2071,UPI,23869.17,2024-09-19,Refunded
2072,2072,Net Banking,163500.89,2025-08-27,Success
2073,2073,COD,149336.47,2024-09-20,Success
2074,2074,Net Banking,21201.2,2022-03-02,Success
2075,2075,Credit Card,14886.2,2023-05-29,Success
2076,2076,Debit Card,47393.88,2025-10-22,Success
2077,2077,Net Banking,54299.09,2023-12-07,Success
2078,2078,Wallet,64416.74,2024-10-23,Success
2079,2079,Wallet,246749.4,2025-02-15,Success
2080,2080,Net Banking,36275.42,2022-08-19,Success
2081,2081,Wallet,133730.65,2023-06-29,Success
2082,2082,Debit Card,98348.4,2022-09-02,Refunded
2083,2083,Debit Card,56252.92,2022-08-05,Success
2084,2084,COD,147406.32,2025-08-13,Success
2085,2085,Credit Card,116882.11,2025-08-19,Success
2086,2086,Credit Card,65424.53,2022-06-29,Success
2087,2087,COD,2368.15,2022-04-17,Success
2088,2088,Net Banking,7385.89,2022-11-15,Success
2089,2089,Credit Card,251375.93,2024-08-21,Success
2090,2090,Credit Card,56956.48,2024-12-16,Refunded
2091,2091,Credit Card,66322.43,2023-01-25,Success
2092,2092,UPI,2617.11,2022-02-26,Success
2093,2093,Debit Card,294240.47,2023-10-17,Refunded
2094,2094,Credit Card,22776.14,2025-03-21,Success
2095,2095,UPI,4488.6,2024-10-12,Success
2096,2096,Debit Card,45828.16,2023-05-13,Success
2097,2097,Net Banking,30307.95,2025-04-08,Refunded
2098,2098,Net Banking,14169.19,2023-08-15,Success
2099,2099,Credit Card,56736.72,2025-12-04,Success
2100,2100,UPI,76706.61,2022-09-15,Success
2101,2101,Net Banking,3171.59,2024-12-12,Refunded
2102,2102,Debit Card,37824.48,2023-04-22,Success
2103,2103,Wallet,93556.74,2025-08-25,Refunded
2104,2104,UPI,25852.9,2025-04-28,Success
2105,2105,UPI,49341.93,2022-07-02,Success
2106,2106,UPI,48503.67,2022-03-31,Success
2107,2107,Debit Card,4385.7,2023-05-20,Success
2108,2108,Debit Card,12635.42,2024-01-08,Success
2109,2109,Debit Card,19909.8,2024-12-23,Failed
2110,2110,Wallet,16414.03,2022-03-16,Success
2111,2111,Debit Card,30462.29,2024-11-09,Success
2112,2112,Net Banking,50713.8,2023-09-03,Success
2113,2113,COD,5624.36,2023-02-19,Success
2114,2114,UPI,70803.8,2025-10-12,Success
2115,2115,Debit Card,9964.44,2023-10-08,Success
2116,2116,COD,125724.02,2025-06-07,Refunded
2117,2117,Credit Card,65719.95,2022-05-08,Success
2118,2118,Credit Card,53498.73,2025-03-01,Success
2119,2119,COD,11218.26,2022-04-12,Success
2120,2120,UPI,80268.03,2025-02-09,Success
2121,2121,Wallet,3854.15,2025-05-02,Success
2122,2122,COD,41218.1,2025-12-10,Success
2123,2123,UPI,107673.42,2025-01-21,Refunded
2124,2124,UPI,27893.12,2023-04-18,Success
2125,2125,Debit Card,720.1,2023-01-14,Failed
2126,2126,COD,75033.36,2024-02-11,Success
2127,2127,Net Banking,101573.2,2024-07-19,Success
2128,2128,Debit Card,16326.62,2024-08-10,Success
2129,2129,Credit Card,123266.4,2022-09-09,Refunded
2130,2130,Credit Card,64829.52,2024-08-21,Refunded
2131,2131,Net Banking,63757.2,2022-05-14,Success
2132,2132,UPI,61765.27,2022-06-20,Success
2133,2133,Net Banking,40503.77,2024-09-22,Refunded
2134,2134,Net Banking,32015.64,2022-07-16,Success
2135,2135,UPI,122084.6,2022-11-14,Success
2136,2136,UPI,89014.94,2023-07-28,Success
2137,2137,Debit Card,8972.3,2024-12-07,Success
2138,2138,UPI,55233.2,2025-08-03,Refunded
2139,2139,Debit Card,15570.68,2025-12-04,Success
2140,2140,COD,20971.86,2022-01-14,Success
2141,2141,Net Banking,17175.12,2024-10-29,Success
2142,2142,Debit Card,52432.09,2023-12-19,Success
2143,2143,COD,2070.2,2024-02-21,Failed
2144,2144,Net Banking,42523.82,2022-12-20,Success
2145,2145,Credit Card,109823.25,2024-01-26,Success
2146,2146,Debit Card,69072.93,2022-02-24,Success
2147,2147,Debit Card,40891.99,2023-05-26,Success
2148,2148,Wallet,13229.14,2024-05-31,Success
2149,2149,Wallet,12355.45,2023-08-28,Success
2150,2150,Wallet,13935.8,2025-12-28,Success
2151,2151,COD,20739.1,2023-05-22,Refunded
2152,2152,UPI,5727.4,2025-01-29,Success
2153,2153,Debit Card,10042.34,2025-07-09,Success
2154,2154,Wallet,19095.34,2022-05-24,Refunded
2155,2155,Debit Card,48940.57,2022-01-21,Success
2156,2156,Credit Card,11258.3,2025-04-15,Refunded
2157,2157,Wallet,17483.26,2022-05-08,Success
2158,2158,Credit Card,149638.76,2025-03-13,Success
2159,2159,COD,24246.62,2023-03-01,Success
2160,2160,Debit Card,9232.71,2024-12-07,Success
2161,2161,Net Banking,44844.2,2025-08-20,Success
2162,2162,Debit Card,102612.55,2024-04-06,Success
2163,2163,COD,36869.3,2023-04-17,Success
2164,2164,Debit Card,8124.3,2022-07-19,Success
2165,2165,Credit Card,157513.96,2022-08-06,Refunded
2166,2166,UPI,61523.44,2022-10-26,Success
2167,2167,Debit Card,82555.88,2023-09-09,Success
2168,2168,Credit Card,977.69,2023-04-18,Success
2169,2169,COD,187717.69,2022-06-03,Success
2170,2170,Wallet,89843.85,2022-08-17,Success
2171,2171,UPI,103523.72,2022-06-08,Success
2172,2172,Net Banking,115338.18,2022-11-03,Success
2173,2173,COD,7134.82,2024-03-19,Success
2174,2174,Net Banking,69701.84,2025-08-04,Refunded
2175,2175,Wallet,95707.18,2024-05-22,Success
2176,2176,COD,93698.26,2024-10-08,Success
2177,2177,UPI,151846.62,2025-11-23,Success
2178,2178,Wallet,57637.34,2022-06-22,Success
2179,2179,Debit Card,71198.04,2025-08-13,Success
2180,2180,UPI,115281.78,2022-02-26,Refunded
2181,2181,UPI,595.34,2024-12-19,Success
2182,2182,Debit Card,87378.11,2023-12-11,Success
2183,2183,Wallet,11353.8,2024-12-13,Refunded
2184,2184,COD,84229.1,2022-04-22,Success
2185,2185,Credit Card,75221.86,2025-04-26,Success
2186,2186,Credit Card,38543.94,2023-08-14,Success
2187,2187,Wallet,55876.78,2024-02-02,Success
2188,2188,UPI,191629.31,2024-10-30,Success
2189,2189,Credit Card,79143.76,2022-07-11,Success
2190,2190,Wallet,37239.49,2025-11-22,Refunded
2191,2191,COD,81647.3,2025-09-25,Success
2192,2192,COD,63775.05,2025-02-18,Success
2193,2193,UPI,36923.3,2025-02-11,Success
2194,2194,Debit Card,18396.4,2023-10-10,Success
2195,2195,Wallet,20050.2,2022-01-03,Failed
2196,2196,COD,16184.82,2024-10-07,Success
2197,2197,Net Banking,11562.45,2022-01-14,Success
2198,2198,Net Banking,104673.36,2025-05-08,Refunded
2199,2199,Credit Card,83854.71,2024-04-02,Success
2200,2200,Wallet,37122.55,2025-05-13,Success
2201,2201,Credit Card,22384.86,2024-03-29,Refunded
2202,2202,UPI,3594.95,2024-06-30,Success
2203,2203,COD,115891.84,2023-01-05,Failed
2204,2204,COD,78936.44,2024-12-23,Success
2205,2205,Debit Card,161831.43,2025-07-04,Failed
2206,2206,Net Banking,90420.33,2025-02-14,Success
2207,2207,Net Banking,28068.89,2025-10-04,Refunded
2208,2208,COD,69549.17,2023-09-21,Success
2209,2209,UPI,194882.81,2022-11-23,Success
2210,2210,Net Banking,98193.24,2024-05-25,Success
2211,2211,Credit Card,35672.4,2024-05-26,Success
2212,2212,UPI,131427.0,2022-09-24,Refunded
2213,2213,UPI,119882.26,2025-12-11,Refunded
2214,2214,Wallet,224811.8,2023-06-05,Success
2215,2215,Credit Card,24521.1,2023-01-12,Refunded
2216,2216,Net Banking,163317.0,2025-05-15,Success
2217,2217,Net Banking,252655.52,2023-04-10,Success
2218,2218,Wallet,75482.41,2023-03-05,Success
2219,2219,UPI,38577.2,2023-09-26,Success
2220,2220,COD,4362.66,2022-04-26,Success
2221,2221,Credit Card,47145.82,2023-10-16,Success
2222,2222,COD,28792.0,2024-03-09,Success
2223,2223,Credit Card,24137.59,2022-07-10,Success
2224,2224,COD,80977.62,2024-11-08,Success
2225,2225,Debit Card,44982.19,2022-11-30,Refunded
2226,2226,Net Banking,850.03,2024-03-13,Success
2227,2227,Credit Card,4033.4,2022-02-23,Refunded
2228,2228,Wallet,161974.32,2023-02-20,Success
2229,2229,UPI,6499.42,2023-06-20,Success
2230,2230,Wallet,13940.37,2023-02-01,Success
2231,2231,Wallet,98215.76,2024-01-02,Success
2232,2232,Net Banking,50259.87,2024-01-30,Success
2233,2233,Wallet,134563.53,2025-07-24,Success
2234,2234,Net Banking,126885.62,2022-12-16,Success
2235,2235,Wallet,2508.38,2025-12-22,Refunded
2236,2236,Wallet,81391.74,2024-08-17,Success
2237,2237,COD,23866.68,2024-11-30,Success
2238,2238,Net Banking,133391.68,2025-08-27,Refunded
2239,2239,Wallet,82541.4,2022-12-28,Success
2240,2240,Credit Card,157722.86,2022-01-16,Success
2241,2241,Debit Card,1311.49,2023-02-15,Success
2242,2242,Wallet,94809.15,2024-08-11,Success
2243,2243,Debit Card,333.66,2023-12-03,Success
2244,2244,COD,3314.45,2024-08-30,Success
2245,2245,Debit Card,107340.4,2022-02-12,Refunded
2246,2246,Net Banking,2918.27,2022-09-04,Success
2247,2247,Credit Card,51770.01,2025-03-30,Refunded
2248,2248,UPI,35314.11,2023-01-09,Success
2249,2249,Wallet,226540.28,2022-07-31,Success
2250,2250,Debit Card,67759.66,2023-10-09,Success
2251,2251,Wallet,904.35,2023-05-30,Success
2252,2252,Debit Card,93224.89,2022-05-17,Success
2253,2253,Wallet,98490.95,2022-02-24,Success
2254,2254,Net Banking,34426.12,2023-09-02,Success
2255,2255,UPI,76651.21,2023-10-24,Success
2256,2256,Credit Card,36650.05,2025-05-06,Success
2257,2257,Wallet,70115.2,2024-07-08,Success
2258,2258,COD,56210.0,2022-09-16,Success
2259,2259,Debit Card,81380.52,2023-02-01,Success
2260,2260,UPI,99731.2,2025-07-20,Success
2261,2261,Credit Card,49413.06,2023-02-01,Success
2262,2262,COD,188689.77,2022-10-15,Success
2263,2263,COD,63159.19,2025-07-16,Success
2264,2264,Credit Card,15459.68,2025-03-31,Refunded
2265,2265,Wallet,91926.18,2022-02-09,Success
2266,2266,Credit Card,80115.26,2022-03-27,Success
2267,2267,UPI,112055.04,2024-06-09,Success
2268,2268,Wallet,44623.35,2025-12-06,Success
2269,2269,COD,10323.61,2024-01-05,Success
2270,2270,Net Banking,122367.35,2023-12-08,Success
2271,2271,Wallet,23352.59,2022-08-11,Failed
2272,2272,Wallet,16240.05,2025-08-10,Success
2273,2273,COD,21682.76,2023-09-12,Success
2274,2274,Wallet,14121.85,2022-08-09,Success
2275,2275,UPI,40356.52,2023-08-23,Success
2276,2276,Net Banking,93337.95,2022-01-07,Success
2277,2277,COD,3956.08,2024-01-05,Success
2278,2278,Debit Card,64544.08,2025-02-24,Success
2279,2279,Credit Card,52102.22,2025-12-07,Success
2280,2280,Debit Card,208960.84,2023-08-03,Success
2281,2281,Debit Card,73394.12,2023-04-27,Failed
2282,2282,Credit Card,2695.45,2025-10-20,Success
2283,2283,Wallet,81988.13,2022-03-29,Success
2284,2284,Credit Card,106565.73,2023-11-02,Success
2285,2285,Debit Card,21423.74,2023-02-27,Success
2286,2286,Debit Card,31409.73,2025-08-08,Refunded
2287,2287,COD,8310.69,2024-07-29,Failed
2288,2288,Wallet,107974.59,2025-09-02,Success
2289,2289,Net Banking,65262.96,2024-01-03,Success
2290,2290,Debit Card,118646.0,2025-04-10,Success
2291,2291,Wallet,92859.07,2023-07-11,Success
2292,2292,COD,18760.28,2022-05-02,Failed
2293,2293,Wallet,60892.57,2024-10-15,Success
2294,2294,UPI,34187.08,2024-04-13,Refunded
2295,2295,UPI,29367.62,2022-09-10,Success
2296,2296,Wallet,232860.2,2023-03-03,Success
2297,2297,Debit Card,76986.83,2023-01-31,Success
2298,2298,COD,83401.76,2024-11-02,Success
2299,2299,Debit Card,57746.25,2025-06-10,Success
2300,2300,Net Banking,34160.7,2025-01-18,Success
2301,2301,UPI,125077.36,2024-08-14,Success
2302,2302,Debit Card,151689.93,2024-01-03,Refunded
2303,2303,Debit Card,69761.54,2024-12-11,Success
2304,2304,UPI,16985.21,2023-10-08,Success
2305,2305,Credit Card,120926.24,2025-07-04,Success
2306,2306,UPI,168429.88,2022-10-11,Success
2307,2307,Net Banking,54617.79,2025-08-09,Success
2308,2308,Debit Card,202926.72,2022-10-02,Success
2309,2309,COD,41255.04,2023-01-14,Success
2310,2310,Debit Card,64633.55,2024-06-09,Success
2311,2311,Debit Card,21514.05,2024-04-07,Success
2312,2312,Wallet,89366.15,2022-08-08,Failed
2313,2313,Debit Card,63913.59,2024-09-17,Success
2314,2314,Debit Card,175822.9,2025-02-04,Success
2315,2315,Debit Card,94991.57,2024-04-26,Failed
2316,2316,COD,5849.5,2022-05-20,Success
2317,2317,Net Banking,132625.65,2025-04-10,Success
2318,2318,Net Banking,168791.38,2023-09-13,Success
2319,2319,Wallet,43136.93,2025-08-19,Success
2320,2320,UPI,73525.16,2022-05-17,Success
2321,2321,Credit Card,34879.65,2024-11-08,Success
2322,2322,Net Banking,69325.52,2024-04-12,Success
2323,2323,UPI,91861.8,2022-09-03,Failed
2324,2324,Credit Card,76462.67,2024-07-01,Success
2325,2325,Wallet,231137.17,2022-09-15,Success
2326,2326,Wallet,14087.68,2022-09-05,Success
2327,2327,Debit Card,44523.65,2023-12-06,Refunded
2328,2328,Wallet,42338.58,2024-06-24,Refunded
2329,2329,Net Banking,65079.6,2022-05-26,Success
2330,2330,Wallet,48855.83,2025-04-18,Success
2331,2331,Credit Card,31292.88,2025-11-15,Success
2332,2332,COD,182508.51,2023-10-31,Success
2333,2333,Wallet,35978.38,2023-07-07,Success
2334,2334,Wallet,32043.71,2022-05-31,Success
2335,2335,COD,58501.06,2025-11-09,Success
2336,2336,COD,146601.48,2025-03-20,Success
2337,2337,Debit Card,167081.71,2025-07-12,Success
2338,2338,Wallet,13374.94,2023-06-28,Success
2339,2339,Net Banking,815.33,2025-01-08,Failed
2340,2340,UPI,110445.85,2022-07-17,Success
2341,2341,Credit Card,81368.16,2023-01-02,Success
2342,2342,COD,73301.46,2023-03-12,Success
2343,2343,Wallet,227646.5,2025-06-21,Failed
2344,2344,Net Banking,47530.88,2025-11-16,Refunded
2345,2345,COD,114365.43,2022-08-02,Success
2346,2346,Credit Card,71596.18,2023-03-09,Success
2347,2347,Wallet,20395.45,2023-01-20,Success
2348,2348,COD,1824.06,2023-07-27,Success
2349,2349,Debit Card,26832.36,2025-07-18,Success
2350,2350,Credit Card,8124.28,2022-04-27,Success
2351,2351,Credit Card,80517.85,2022-03-14,Success
2352,2352,COD,21233.42,2025-08-22,Success
2353,2353,UPI,165022.2,2024-10-01,Success
2354,2354,Debit Card,51856.06,2024-07-13,Success
2355,2355,Wallet,45857.4,2024-03-26,Success
2356,2356,Credit Card,110007.27,2024-04-10,Success
2357,2357,Debit Card,16951.14,2024-10-05,Failed
2358,2358,COD,130031.64,2023-01-01,Success
2359,2359,Wallet,18958.1,2024-09-07,Success
2360,2360,UPI,169331.03,2023-06-16,Success
2361,2361,Credit Card,63795.17,2023-08-04,Success
2362,2362,UPI,71623.15,2023-12-24,Success
2363,2363,UPI,26114.21,2025-01-16,Success
2364,2364,UPI,21836.9,2024-01-18,Success
2365,2365,Debit Card,115594.36,2022-03-17,Success
2366,2366,Wallet,41376.06,2022-12-28,Refunded
2367,2367,UPI,66424.32,2022-11-20,Success
2368,2368,Wallet,46261.63,2023-09-27,Success
2369,2369,UPI,153721.3,2025-09-28,Success
2370,2370,COD,51625.99,2024-03-19,Refunded
2371,2371,Debit Card,73424.7,2024-09-20,Success
2372,2372,Net Banking,120583.52,2023-01-03,Success
2373,2373,COD,200704.79,2023-01-16,Success
2374,2374,COD,20915.68,2022-08-08,Success
2375,2375,Credit Card,49941.88,2024-08-09,Success
2376,2376,Debit Card,720.1,2022-01-09,Success
2377,2377,Net Banking,221.01,2023-06-25,Success
2378,2378,Net Banking,82431.15,2025-04-04,Refunded
2379,2379,COD,31358.98,2025-06-21,Success
2380,2380,Debit Card,76528.09,2023-02-09,Success
2381,2381,Wallet,145580.95,2025-11-06,Success
2382,2382,Wallet,8996.52,2022-09-05,Success
2383,2383,Net Banking,151766.33,2023-09-10,Success
2384,2384,Net Banking,960.4,2022-03-06,Refunded
2385,2385,Wallet,28435.28,2024-11-02,Refunded
2386,2386,Debit Card,139788.99,2023-10-25,Success
2387,2387,COD,78673.56,2023-12-17,Success
2388,2388,Credit Card,137111.73,2025-08-03,Refunded
2389,2389,Net Banking,56091.3,2025-11-12,Refunded
2390,2390,Credit Card,88914.07,2023-06-08,Success
2391,2391,Credit Card,13665.02,2022-07-25,Success
2392,2392,Credit Card,150801.2,2023-02-05,Success
2393,2393,Debit Card,45999.91,2023-08-19,Success
2394,2394,Wallet,22359.11,2025-10-30,Success
2395,2395,UPI,21243.14,2022-01-10,Success
2396,2396,COD,164603.02,2025-05-05,Success
2397,2397,Wallet,20124.1,2025-06-09,Success
2398,2398,COD,6055.63,2025-07-19,Success
2399,2399,COD,154509.3,2022-02-01,Success
2400,2400,Debit Card,8290.82,2022-08-01,Success
2401,2401,UPI,126100.72,2023-04-11,Failed
2402,2402,COD,20568.94,2023-06-14,Success
2403,2403,Wallet,97900.23,2024-11-09,Success
2404,2404,Credit Card,50750.1,2025-06-24,Success
2405,2405,Wallet,28022.91,2025-06-18,Failed
2406,2406,Credit Card,209581.65,2024-01-13,Success
2407,2407,Net Banking,84797.35,2022-06-07,Success
2408,2408,COD,41582.61,2024-01-28,Success
2409,2409,Credit Card,9360.24,2025-09-08,Success
2410,2410,COD,39011.34,2022-11-07,Success
2411,2411,UPI,103781.33,2025-06-17,Success
2412,2412,Net Banking,102549.6,2024-04-03,Success
2413,2413,Net Banking,89908.9,2025-07-28,Refunded
2414,2414,COD,194677.48,2023-04-21,Success
2415,2415,Debit Card,106304.08,2023-08-05,Success
2416,2416,Credit Card,63771.69,2022-08-31,Refunded
2417,2417,Wallet,77868.4,2025-12-05,Success
2418,2418,UPI,148496.41,2024-06-22,Success
2419,2419,Credit Card,34373.84,2025-11-22,Failed
2420,2420,Wallet,183942.01,2023-10-06,Success
2421,2421,Net Banking,14605.26,2024-04-30,Success
2422,2422,UPI,37156.28,2022-04-21,Failed
2423,2423,Wallet,72766.85,2025-09-17,Success
2424,2424,UPI,129403.2,2023-08-20,Success
2425,2425,Debit Card,79512.75,2025-07-05,Success
2426,2426,Wallet,75845.96,2023-03-27,Success
2427,2427,Credit Card,82526.52,2022-05-05,Success
2428,2428,Debit Card,14315.33,2024-01-03,Success
2429,2429,Credit Card,196656.98,2023-12-16,Success
2430,2430,COD,34017.66,2024-10-26,Refunded
2431,2431,Credit Card,9042.08,2023-12-08,Failed
2432,2432,Credit Card,227812.34,2023-01-27,Failed
2433,2433,Credit Card,126419.03,2024-02-24,Success
2434,2434,Wallet,175330.83,2025-10-04,Success
2435,2435,Net Banking,1716.11,2023-01-09,Success
2436,2436,UPI,95555.77,2025-10-26,Success
2437,2437,COD,73322.63,2024-01-22,Success
2438,2438,COD,99264.83,2023-11-04,Success
2439,2439,Wallet,1720.03,2023-03-06,Success
2440,2440,Wallet,5436.99,2024-11-07,Success
2441,2441,Credit Card,125328.1,2024-07-06,Success
2442,2442,Credit Card,36766.86,2024-08-15,Success
2443,2443,Credit Card,37824.48,2024-05-06,Success
2444,2444,Credit Card,90738.05,2025-02-24,Success
2445,2445,Wallet,132731.91,2023-10-31,Success
2446,2446,Net Banking,60299.88,2023-03-04,Success
2447,2447,Credit Card,112513.71,2024-05-05,Success
2448,2448,Net Banking,77490.72,2024-10-14,Success
2449,2449,Debit Card,89051.99,2025-04-05,Success
2450,2450,Credit Card,44470.33,2022-12-07,Success
2451,2451,Net Banking,111566.69,2025-01-23,Success
2452,2452,Wallet,41801.97,2023-01-12,Success
2453,2453,COD,44694.55,2025-07-13,Refunded
2454,2454,Credit Card,50080.48,2023-01-13,Success
2455,2455,COD,243363.69,2023-05-15,Success
2456,2456,COD,11448.1,2025-01-23,Success
2457,2457,Credit Card,56858.61,2025-03-14,Success
2458,2458,Credit Card,43380.22,2025-08-14,Refunded
2459,2459,Net Banking,178883.14,2022-01-15,Success
2460,2460,Credit Card,93387.84,2022-06-14,Success
2461,2461,UPI,71532.49,2023-10-22,Success
2462,2462,COD,144882.7,2024-10-02,Success
2463,2463,UPI,35150.91,2022-02-05,Refunded
2464,2464,UPI,84582.4,2023-07-12,Success
2465,2465,Net Banking,14273.84,2025-12-19,Success
2466,2466,COD,110704.71,2024-01-29,Success
2467,2467,Wallet,52907.87,2025-10-30,Success
2468,2468,COD,1321.3,2024-01-19,Success
2469,2469,Credit Card,97967.56,2024-02-17,Success
2470,2470,Wallet,45403.23,2022-05-07,Refunded
2471,2471,Debit Card,85816.55,2024-02-08,Success
2472,2472,Credit Card,18590.79,2024-10-15,Success
2473,2473,Debit Card,158844.41,2022-10-10,Success
2474,2474,Credit Card,24366.44,2023-02-04,Success
2475,2475,Wallet,150724.05,2024-11-14,Refunded
2476,2476,COD,7424.51,2025-02-25,Failed
2477,2477,UPI,241.34,2024-08-27,Success
2478,2478,UPI,9534.27,2022-12-09,Success
2479,2479,Debit Card,99058.32,2022-07-21,Success
2480,2480,UPI,14333.71,2025-06-17,Refunded
2481,2481,UPI,42105.12,2022-04-15,Success
2482,2482,Debit Card,91469.05,2023-10-16,Success
2483,2483,Net Banking,32582.17,2022-03-14,Success
2484,2484,Wallet,49483.07,2025-07-19,Success
2485,2485,UPI,132696.53,2025-09-01,Success
2486,2486,Credit Card,8546.83,2024-08-28,Success
2487,2487,Net Banking,22109.45,2023-12-14,Success
2488,2488,Wallet,165118.07,2025-07-12,Success
2489,2489,Wallet,48353.66,2025-07-23,Success
2490,2490,Wallet,29330.78,2023-08-06,Refunded
2491,2491,Credit Card,136721.46,2025-11-26,Success
2492,2492,Net Banking,114751.21,2023-10-31,Success
2493,2493,Wallet,106911.34,2025-05-01,Success
2494,2494,Net Banking,88161.47,2022-10-30,Refunded
2495,2495,UPI,10334.79,2024-02-26,Success
2496,2496,Net Banking,18184.71,2023-09-28,Success
2497,2497,COD,27636.25,2024-11-14,Failed
2498,2498,Credit Card,226235.82,2022-06-20,Success
2499,2499,Debit Card,81140.56,2024-12-16,Success
2500,2500,Wallet,39141.43,2022-11-07,Success
2501,2501,Debit Card,70635.91,2023-02-21,Success
2502,2502,COD,1827.96,2024-07-23,Success
2503,2503,UPI,241566.06,2024-09-06,Success
2504,2504,UPI,94428.32,2023-12-02,Success
2505,2505,Wallet,189157.24,2023-01-04,Success
2506,2506,Net Banking,120267.5,2024-12-17,Success
2507,2507,Wallet,21990.03,2023-06-08,Success
2508,2508,Net Banking,58060.13,2023-01-21,Success
2509,2509,Debit Card,116706.72,2022-04-14,Success
2510,2510,UPI,25612.66,2024-07-31,Success
2511,2511,UPI,131451.5,2025-09-08,Success
2512,2512,Net Banking,103355.78,2024-09-24,Success
2513,2513,Credit Card,88310.62,2024-10-27,Success
2514,2514,Debit Card,117719.76,2024-02-27,Success
2515,2515,UPI,37247.94,2024-11-05,Failed
2516,2516,Credit Card,21338.61,2024-02-03,Success
2517,2517,COD,57891.36,2025-09-24,Success
2518,2518,UPI,172298.04,2022-07-08,Success
2519,2519,Credit Card,136684.81,2024-07-14,Refunded
2520,2520,Wallet,12795.86,2022-12-29,Success
2521,2521,Debit Card,8610.05,2024-08-31,Success
2522,2522,Debit Card,166726.33,2022-03-08,Refunded
2523,2523,COD,61469.21,2023-08-28,Success
2524,2524,Debit Card,23615.65,2025-12-12,Refunded
2525,2525,Debit Card,138129.36,2024-01-31,Success
2526,2526,COD,54479.16,2024-05-19,Success
2527,2527,Wallet,36982.52,2023-12-31,Success
2528,2528,Credit Card,69242.87,2022-03-31,Success
2529,2529,COD,83919.3,2023-07-11,Success
2530,2530,Credit Card,126660.2,2025-06-30,Success
2531,2531,Net Banking,101779.98,2025-08-02,Refunded
2532,2532,Debit Card,47275.36,2022-02-24,Failed
2533,2533,UPI,120727.81,2025-02-24,Success
2534,2534,Debit Card,111199.85,2022-11-30,Refunded
2535,2535,Net Banking,63271.25,2024-04-07,Success
2536,2536,Credit Card,31816.15,2025-08-05,Success
2537,2537,Credit Card,68974.29,2023-11-16,Failed
2538,2538,COD,47862.9,2025-05-04,Success
2539,2539,Wallet,22130.81,2025-08-17,Refunded
2540,2540,Net Banking,53800.44,2022-01-18,Refunded
2541,2541,UPI,68009.48,2024-03-01,Success
2542,2542,Wallet,62318.28,2024-01-23,Success
2543,2543,Credit Card,116112.87,2022-08-12,Success
2544,2544,Net Banking,47210.62,2022-11-12,Refunded
2545,2545,Net Banking,46814.28,2022-03-13,Success
2546,2546,Wallet,62127.82,2023-06-27,Success
2547,2547,COD,17933.78,2024-07-05,Success
2548,2548,UPI,33361.09,2025-06-01,Refunded
2549,2549,Wallet,28570.84,2025-10-16,Refunded
2550,2550,Debit Card,29859.41,2023-05-15,Success
2551,2551,Credit Card,109199.96,2022-10-16,Success
2552,2552,Net Banking,194263.91,2022-06-06,Success
2553,2553,COD,122191.33,2025-06-16,Failed
2554,2554,COD,31143.67,2022-11-08,Success
2555,2555,Debit Card,39919.64,2025-07-17,Success
2556,2556,Wallet,23406.43,2022-11-17,Success
2557,2557,UPI,178543.88,2023-11-02,Success
2558,2558,Credit Card,188813.98,2025-06-20,Success
2559,2559,Credit Card,94757.88,2024-10-18,Success
2560,2560,UPI,101056.55,2024-07-11,Success
2561,2561,Debit Card,110142.42,2022-05-09,Success
2562,2562,Debit Card,74556.97,2024-02-15,Success
2563,2563,UPI,32517.04,2025-07-29,Success
2564,2564,Wallet,157959.64,2025-05-05,Success
2565,2565,Credit Card,38265.03,2025-07-22,Success
2566,2566,Credit Card,139787.47,2023-03-12,Refunded
2567,2567,Debit Card,34006.06,2024-12-30,Refunded
2568,2568,Credit Card,33085.18,2024-05-29,Refunded
2569,2569,Net Banking,42866.74,2022-02-28,Success
2570,2570,Net Banking,49179.32,2024-01-06,Success
2571,2571,Wallet,84958.52,2023-05-18,Success
2572,2572,Debit Card,140292.44,2024-12-10,Success
2573,2573,Debit Card,34142.02,2025-06-15,Failed
2574,2574,Wallet,13801.37,2022-05-30,Success
2575,2575,Net Banking,34897.74,2022-06-13,Success
2576,2576,COD,35762.73,2025-01-28,Success
2577,2577,Credit Card,101359.11,2025-03-27,Success
2578,2578,COD,81015.9,2024-01-26,Success
2579,2579,UPI,51836.61,2022-07-11,Success
2580,2580,Net Banking,16244.66,2024-07-30,Success
2581,2581,COD,13952.14,2023-08-16,Success
2582,2582,Credit Card,75621.85,2023-02-10,Success
2583,2583,Debit Card,95631.58,2025-05-08,Success
2584,2584,UPI,41890.08,2023-06-12,Refunded
2585,2585,COD,62810.14,2022-05-10,Success
2586,2586,Wallet,42075.87,2023-09-29,Success
2587,2587,UPI,70387.48,2025-04-12,Success
2588,2588,COD,107656.95,2023-11-15,Success
2589,2589,UPI,18226.62,2023-12-09,Refunded
2590,2590,Credit Card,78539.49,2023-09-09,Refunded
2591,2591,Net Banking,21700.77,2024-02-02,Success
2592,2592,Credit Card,127086.54,2024-02-27,Success
2593,2593,COD,76990.85,2025-05-03,Success
2594,2594,Debit Card,25694.97,2023-10-01,Success
2595,2595,UPI,14944.9,2024-06-30,Success
2596,2596,Net Banking,74485.86,2023-08-26,Success
2597,2597,Credit Card,144216.26,2025-02-07,Success
2598,2598,UPI,101792.7,2023-12-20,Success
2599,2599,Debit Card,86570.35,2023-02-14,Refunded
2600,2600,Credit Card,160291.88,2024-12-29,Refunded
2601,2601,Wallet,53491.13,2024-06-21,Success
2602,2602,Net Banking,21973.18,2022-03-17,Success
2603,2603,Wallet,25299.42,2024-03-21,Failed
2604,2604,Net Banking,16279.21,2025-03-18,Success
2605,2605,Net Banking,25505.64,2023-10-04,Success
2606,2606,UPI,122179.99,2025-11-22,Refunded
2607,2607,Wallet,65211.65,2022-12-20,Success
2608,2608,Net Banking,79821.53,2024-06-21,Refunded
2609,2609,Wallet,16335.82,2023-02-12,Success
2610,2610,Wallet,155293.86,2024-09-27,Success
2611,2611,Wallet,157501.68,2024-01-24,Success
2612,2612,Net Banking,110924.43,2022-05-01,Success
2613,2613,COD,5668.33,2025-10-12,Success
2614,2614,UPI,76693.67,2024-11-17,Failed
2615,2615,Debit Card,120356.05,2022-08-09,Refunded
2616,2616,Wallet,24955.88,2023-03-09,Success
2617,2617,Net Banking,43558.79,2022-01-18,Failed
2618,2618,Credit Card,111269.51,2025-04-07,Refunded
2619,2619,COD,49950.98,2022-08-07,Failed
2620,2620,Credit Card,120208.42,2024-08-13,Refunded
2621,2621,COD,89628.07,2024-06-19,Refunded
2622,2622,Wallet,81019.67,2024-11-13,Success
2623,2623,Net Banking,11562.45,2023-08-18,Success
2624,2624,Wallet,169936.47,2024-09-29,Refunded
2625,2625,COD,193724.38,2024-06-16,Success
2626,2626,Net Banking,49840.77,2025-11-22,Success
2627,2627,Net Banking,43336.98,2023-02-20,Success
2628,2628,UPI,55236.62,2023-10-31,Success
2629,2629,Net Banking,3757.0,2023-06-04,Failed
2630,2630,Wallet,151223.05,2022-12-29,Success
2631,2631,Net Banking,28127.44,2022-05-14,Success
2632,2632,Net Banking,42993.24,2025-11-22,Success
2633,2633,Credit Card,36700.54,2024-10-04,Success
2634,2634,COD,127936.39,2024-11-28,Success
2635,2635,COD,132653.06,2022-10-05,Success
2636,2636,UPI,79260.8,2024-10-20,Refunded
2637,2637,Net Banking,101991.01,2025-10-26,Success
2638,2638,Net Banking,86132.45,2022-09-09,Refunded
2639,2639,Wallet,10392.1,2024-11-14,Success
2640,2640,Debit Card,31082.84,2022-06-15,Refunded
2641,2641,Debit Card,256229.1,2022-07-17,Success
2642,2642,UPI,173214.05,2023-12-30,Success
2643,2643,Net Banking,39541.59,2025-08-19,Success
2644,2644,Debit Card,45409.41,2022-07-17,Success
2645,2645,Wallet,82317.6,2024-12-02,Success
2646,2646,Credit Card,23005.24,2024-02-29,Success
2647,2647,Wallet,6042.5,2022-07-12,Success
2648,2648,COD,13144.29,2022-07-16,Success
2649,2649,Credit Card,56454.89,2024-09-02,Success
2650,2650,Credit Card,30312.81,2025-01-11,Success
2651,2651,Wallet,51875.18,2024-05-19,Failed
2652,2652,COD,32149.6,2023-02-07,Success
2653,2653,Wallet,27111.79,2023-04-10,Success
2654,2654,Net Banking,60725.78,2025-11-03,Success
2655,2655,Debit Card,66493.11,2022-05-17,Success
2656,2656,Net Banking,39890.94,2024-07-13,Success
2657,2657,Net Banking,43813.82,2023-05-26,Success
2658,2658,UPI,121037.02,2024-11-15,Success
2659,2659,COD,40407.44,2022-03-15,Success
2660,2660,COD,157432.87,2025-12-22,Success
2661,2661,UPI,76773.3,2023-07-17,Success
2662,2662,Wallet,18524.78,2024-09-14,Success
2663,2663,Wallet,95914.39,2025-11-13,Success
2664,2664,Wallet,48075.17,2022-12-31,Success
2665,2665,Wallet,125135.32,2022-01-05,Refunded
2666,2666,UPI,240869.12,2024-06-26,Failed
2667,2667,Credit Card,172713.98,2025-03-02,Success
2668,2668,UPI,161503.69,2023-07-13,Failed
2669,2669,Wallet,77969.55,2024-08-24,Success
2670,2670,Net Banking,65374.04,2023-11-04,Success
2671,2671,Net Banking,15576.72,2023-04-03,Success
2672,2672,UPI,18880.38,2022-12-03,Success
2673,2673,UPI,141947.26,2025-08-19,Refunded
2674,2674,COD,27236.67,2024-06-18,Success
2675,2675,Credit Card,51788.67,2024-09-14,Success
2676,2676,Credit Card,159414.5,2024-12-19,Refunded
2677,2677,Net Banking,52992.98,2025-05-20,Success
2678,2678,Net Banking,113048.29,2024-12-16,Success
2679,2679,Net Banking,28045.37,2022-09-11,Success
2680,2680,Credit Card,21449.98,2023-01-06,Refunded
2681,2681,UPI,53276.51,2025-12-28,Refunded
2682,2682,Debit Card,20024.96,2024-02-13,Success
2683,2683,COD,123976.65,2023-08-18,Success
2684,2684,Debit Card,97534.52,2022-11-14,Success
2685,2685,Debit Card,90556.05,2025-01-08,Success
2686,2686,Net Banking,68698.02,2022-04-04,Success
2687,2687,Credit Card,26117.76,2024-09-22,Success
2688,2688,Wallet,17721.39,2025-12-25,Success
2689,2689,Debit Card,48137.32,2023-12-19,Success
2690,2690,Credit Card,10093.82,2022-06-17,Success
2691,2691,COD,38727.34,2023-01-09,Success
2692,2692,Credit Card,78609.22,2025-09-16,Refunded
2693,2693,Credit Card,186976.2,2024-11-07,Refunded
2694,2694,Debit Card,30436.32,2025-12-04,Success
2695,2695,Wallet,42822.0,2022-02-04,Success
2696,2696,Debit Card,66531.12,2023-04-04,Success
2697,2697,UPI,102874.76,2025-06-20,Success
2698,2698,UPI,51884.88,2022-11-05,Success
2699,2699,Wallet,184136.75,2022-06-23,Success
2700,2700,Wallet,85473.79,2025-11-21,Success
2701,2701,Debit Card,73149.28,2025-05-04,Refunded
2702,2702,Net Banking,44806.39,2023-12-03,Success
2703,2703,COD,94803.49,2022-06-16,Success
2704,2704,Net Banking,31893.48,2023-06-16,Success
2705,2705,Credit Card,180160.84,2023-09-14,Refunded
2706,2706,UPI,5615.25,2023-05-04,Success
2707,2707,Credit Card,123280.72,2022-01-28,Success
2708,2708,Credit Card,180348.9,2022-08-19,Refunded
2709,2709,COD,41943.32,2023-01-28,Success
2710,2710,COD,141396.51,2024-11-30,Failed
2711,2711,Debit Card,19298.17,2025-08-09,Success
2712,2712,COD,267148.79,2022-04-17,Success
2713,2713,UPI,101835.31,2023-07-13,Success
2714,2714,Wallet,33777.95,2024-07-25,Success
2715,2715,Credit Card,45488.25,2024-02-02,Success
2716,2716,Net Banking,51796.63,2024-02-07,Success
2717,2717,Net Banking,57968.48,2024-01-10,Refunded
2718,2718,Debit Card,84014.5,2025-12-05,Success
2719,2719,Credit Card,101107.72,2023-01-27,Success
2720,2720,UPI,2411.4,2023-07-14,Success
2721,2721,COD,28620.25,2022-06-17,Success
2722,2722,UPI,25457.5,2025-10-11,Success
2723,2723,Debit Card,128685.53,2023-03-25,Success
2724,2724,Net Banking,22319.04,2022-01-29,Success
2725,2725,Credit Card,1105.04,2023-06-28,Refunded
2726,2726,COD,39544.95,2024-04-29,Success
2727,2727,UPI,118643.38,2025-02-13,Failed
2728,2728,Credit Card,13895.94,2023-10-07,Success
2729,2729,Credit Card,48140.24,2022-04-12,Success
2730,2730,Credit Card,68447.82,2022-08-25,Success
2731,2731,UPI,14288.15,2023-12-01,Success
2732,2732,COD,91982.92,2024-01-16,Success
2733,2733,Debit Card,41586.69,2024-03-28,Success
2734,2734,Credit Card,13993.71,2025-05-12,Success
2735,2735,Wallet,42063.44,2023-04-23,Success
2736,2736,Net Banking,38363.24,2023-09-27,Failed
2737,2737,Credit Card,27622.9,2023-04-26,Success
2738,2738,Credit Card,80406.1,2023-02-17,Success
2739,2739,Net Banking,38524.93,2022-01-10,Success
2740,2740,Wallet,2606.32,2023-01-29,Success
2741,2741,Credit Card,94071.68,2022-08-16,Success
2742,2742,COD,53706.47,2023-07-14,Refunded
2743,2743,Wallet,8659.18,2022-02-02,Success
2744,2744,Wallet,61898.1,2025-07-11,Success
2745,2745,Wallet,192053.27,2025-03-17,Success
2746,2746,COD,56318.28,2023-10-05,Success
2747,2747,Debit Card,24693.79,2023-10-02,Success
2748,2748,Credit Card,74581.66,2022-04-09,Success
2749,2749,Net Banking,25032.46,2023-01-03,Success
2750,2750,Net Banking,109682.16,2022-08-12,Success
2751,2751,Debit Card,29973.14,2023-07-02,Success
2752,2752,Debit Card,136907.58,2025-08-09,Success
2753,2753,COD,186888.29,2023-11-03,Failed
2754,2754,UPI,262538.8,2022-06-11,Success
2755,2755,COD,121527.82,2023-02-06,Refunded
2756,2756,COD,66956.3,2022-01-17,Success
2757,2757,Credit Card,55520.16,2023-04-20,Success
2758,2758,Debit Card,180517.5,2022-10-13,Success
2759,2759,Debit Card,71160.36,2022-04-04,Success
2760,2760,COD,4528.58,2025-09-07,Success
2761,2761,UPI,20295.71,2023-03-06,Failed
2762,2762,Wallet,86844.22,2025-06-13,Success
2763,2763,UPI,48584.09,2025-02-26,Failed
2764,2764,Wallet,61968.69,2024-03-04,Success
2765,2765,Wallet,49815.36,2024-06-08,Success
2766,2766,COD,52566.72,2022-03-25,Success
2767,2767,Wallet,208915.58,2024-01-08,Success
2768,2768,UPI,12611.66,2025-02-25,Success
2769,2769,Net Banking,26646.2,2022-12-27,Success
2770,2770,Net Banking,119107.04,2022-11-29,Success
2771,2771,Debit Card,3406.7,2022-04-30,Success
2772,2772,Credit Card,52772.95,2023-04-05,Refunded
2773,2773,UPI,141743.37,2024-11-14,Success
2774,2774,COD,75965.5,2025-06-20,Success
2775,2775,Debit Card,39431.97,2023-05-27,Success
2776,2776,Wallet,156529.82,2024-02-17,Success
2777,2777,UPI,39324.86,2022-08-05,Success
2778,2778,Debit Card,4554.6,2022-08-01,Refunded
2779,2779,COD,48980.93,2024-05-05,Success
2780,2780,UPI,42485.03,2022-12-04,Success
2781,2781,Net Banking,64715.76,2025-08-17,Success
2782,2782,Credit Card,73232.21,2025-02-02,Success
2783,2783,COD,6515.8,2023-09-05,Success
2784,2784,COD,65819.33,2025-06-04,Refunded
2785,2785,Debit Card,99509.07,2022-06-28,Success
2786,2786,Wallet,128199.87,2022-10-11,Success
2787,2787,Debit Card,116189.74,2022-01-30,Failed
2788,2788,Wallet,111665.97,2024-09-15,Refunded
2789,2789,Net Banking,122865.32,2022-08-11,Success
2790,2790,Wallet,125311.64,2023-11-21,Success
2791,2791,COD,91125.09,2024-08-27,Success
2792,2792,COD,129791.87,2024-06-05,Success
2793,2793,COD,223739.23,2023-12-28,Success
2794,2794,UPI,20017.16,2022-06-12,Success
2795,2795,UPI,87545.52,2022-04-24,Refunded
2796,2796,Net Banking,48636.28,2025-06-04,Success
2797,2797,Credit Card,26723.63,2023-06-22,Success
2798,2798,Debit Card,6357.25,2025-01-27,Success
2799,2799,Net Banking,73590.26,2025-02-05,Success
2800,2800,Debit Card,55571.4,2023-08-21,Success
2801,2801,Wallet,65013.17,2025-07-14,Success
2802,2802,UPI,14559.48,2024-07-16,Success
2803,2803,Net Banking,43743.74,2023-12-01,Success
2804,2804,Debit Card,161694.08,2024-07-18,Success
2805,2805,Net Banking,117874.43,2024-06-05,Success
2806,2806,Net Banking,115808.94,2022-11-23,Success
2807,2807,COD,51835.93,2022-02-03,Success
2808,2808,Debit Card,15015.83,2025-08-24,Success
2809,2809,UPI,111084.92,2023-02-23,Success
2810,2810,UPI,41714.88,2024-09-07,Success
2811,2811,Credit Card,12825.71,2022-08-26,Success
2812,2812,COD,98345.36,2024-02-25,Failed
2813,2813,Wallet,184163.16,2025-06-03,Success
2814,2814,Debit Card,206037.59,2023-02-27,Refunded
2815,2815,COD,2431.89,2025-12-16,Success
2816,2816,Debit Card,10275.95,2025-08-01,Success
2817,2817,Net Banking,81079.52,2023-01-19,Success
2818,2818,COD,79545.05,2025-01-30,Success
2819,2819,Credit Card,10933.31,2023-07-31,Success
2820,2820,COD,34426.12,2023-11-18,Success
2821,2821,COD,8121.73,2023-07-07,Failed
2822,2822,COD,51523.11,2025-07-12,Success
2823,2823,UPI,81605.17,2022-06-02,Success
2824,2824,UPI,95703.22,2023-09-19,Success
2825,2825,COD,25829.17,2022-07-04,Refunded
2826,2826,COD,148887.36,2025-01-31,Success
2827,2827,COD,27271.65,2023-09-02,Success
2828,2828,Wallet,106758.38,2022-09-12,Success
2829,2829,COD,92686.57,2023-01-12,Success
2830,2830,Wallet,51944.86,2023-09-21,Success
2831,2831,UPI,2220.98,2024-01-25,Success
2832,2832,Credit Card,118353.9,2025-05-11,Success
2833,2833,UPI,6771.4,2022-05-26,Success
2834,2834,Wallet,77414.34,2023-04-25,Success
2835,2835,Credit Card,108522.48,2025-11-08,Success
2836,2836,Credit Card,43455.25,2024-02-02,Refunded
2837,2837,Credit Card,55400.67,2022-09-03,Success
2838,2838,Credit Card,81783.06,2022-11-21,Success
2839,2839,Net Banking,41429.22,2023-08-26,Success
2840,2840,Net Banking,10148.95,2024-04-16,Success
2841,2841,UPI,555.25,2023-07-09,Success
2842,2842,Credit Card,56870.97,2023-09-28,Refunded
2843,2843,COD,97315.25,2022-04-16,Success
2844,2844,Wallet,146013.47,2022-06-22,Failed
2845,2845,Wallet,160773.94,2023-07-27,Failed
2846,2846,Wallet,127696.07,2023-06-27,Success
2847,2847,Wallet,6025.98,2024-12-14,Success
2848,2848,UPI,7306.9,2023-05-10,Success
2849,2849,Debit Card,39506.13,2022-03-20,Success
2850,2850,UPI,60169.81,2024-01-08,Success
2851,2851,Net Banking,55317.66,2022-09-01,Success
2852,2852,Credit Card,25246.6,2023-07-17,Success
2853,2853,Wallet,51090.32,2022-05-01,Success
2854,2854,Wallet,15818.76,2022-04-19,Success
2855,2855,UPI,93367.04,2023-11-23,Refunded
2856,2856,Debit Card,10317.75,2025-11-22,Success
2857,2857,Debit Card,88563.43,2022-04-11,Success
2858,2858,Wallet,78274.65,2023-07-18,Success
2859,2859,Wallet,1204.21,2024-12-25,Success
2860,2860,Wallet,81780.72,2025-08-21,Success
2861,2861,COD,47337.55,2022-08-21,Refunded
2862,2862,Credit Card,6070.71,2023-09-11,Refunded
2863,2863,Credit Card,36315.3,2025-07-09,Success
2864,2864,COD,71579.03,2022-02-02,Success
2865,2865,COD,6953.46,2025-06-02,Success
2866,2866,Net Banking,39608.4,2025-09-28,Success
2867,2867,Wallet,85028.88,2024-03-11,Success
2868,2868,Credit Card,77081.01,2023-09-29,Success
2869,2869,Debit Card,98205.58,2022-05-27,Success
2870,2870,Credit Card,51536.19,2023-07-30,Success
2871,2871,UPI,125805.91,2023-02-07,Refunded
2872,2872,UPI,151306.91,2024-06-18,Success
2873,2873,Net Banking,83060.16,2024-01-16,Success
2874,2874,UPI,117141.17,2022-04-16,Success
2875,2875,UPI,88981.86,2024-02-26,Success
2876,2876,Credit Card,12654.25,2022-09-02,Success
2877,2877,Credit Card,61237.01,2025-11-20,Success
2878,2878,Net Banking,187458.42,2023-01-18,Success
2879,2879,Wallet,32389.6,2023-06-14,Failed
2880,2880,UPI,43556.07,2025-10-02,Refunded
2881,2881,Net Banking,56863.15,2025-04-30,Success
2882,2882,Credit Card,67434.41,2023-03-22,Success
2883,2883,COD,42532.1,2023-09-27,Success
2884,2884,Wallet,105152.1,2023-12-22,Success
2885,2885,COD,106743.19,2024-08-04,Refunded
2886,2886,Wallet,111477.59,2025-03-26,Success
2887,2887,Credit Card,44820.24,2022-10-01,Success
2888,2888,COD,116709.19,2022-05-19,Success
2889,2889,Net Banking,64278.99,2023-07-13,Refunded
2890,2890,Net Banking,9560.38,2022-10-11,Success
2891,2891,Credit Card,80753.28,2022-03-20,Success
2892,2892,Net Banking,84255.27,2025-01-01,Success
2893,2893,UPI,61663.05,2024-01-25,Success
2894,2894,Net Banking,2418.73,2024-08-02,Success
2895,2895,Wallet,81385.49,2025-07-01,Success
2896,2896,Debit Card,40649.9,2023-10-03,Success
2897,2897,COD,98046.85,2023-03-19,Success
2898,2898,Credit Card,41184.39,2024-03-23,Refunded
2899,2899,UPI,65935.37,2025-05-02,Success
2900,2900,Debit Card,95566.7,2025-09-26,Success
2901,2901,COD,91343.86,2025-03-16,Success
2902,2902,Debit Card,63464.6,2022-02-09,Failed
2903,2903,Debit Card,78879.2,2024-09-17,Refunded
2904,2904,Wallet,14654.34,2025-04-24,Refunded
2905,2905,COD,51364.38,2023-07-16,Success
2906,2906,Wallet,40946.42,2024-07-10,Success
2907,2907,Net Banking,181509.16,2023-01-04,Success
2908,2908,Credit Card,24733.91,2022-03-01,Refunded
2909,2909,UPI,10293.25,2022-10-18,Success
2910,2910,Net Banking,36436.26,2025-01-23,Success
2911,2911,COD,25469.82,2023-08-03,Success
2912,2912,UPI,54190.05,2025-07-21,Success
2913,2913,Debit Card,122746.02,2024-01-21,Success
2914,2914,Debit Card,146381.09,2025-08-30,Success
2915,2915,Credit Card,70074.46,2022-08-10,Success
2916,2916,Debit Card,33956.39,2024-09-07,Refunded
2917,2917,Wallet,31852.13,2022-02-07,Success
2918,2918,UPI,193096.4,2024-10-15,Success
2919,2919,Wallet,43307.49,2025-11-06,Refunded
2920,2920,Credit Card,70780.6,2022-12-26,Success
2921,2921,Credit Card,18462.03,2023-04-22,Success
2922,2922,Debit Card,95368.72,2022-09-14,Refunded
2923,2923,UPI,72084.17,2025-09-17,Success
2924,2924,Credit Card,115501.93,2022-01-30,Success
2925,2925,Credit Card,49641.88,2022-12-06,Success
2926,2926,COD,57273.64,2024-09-23,Failed
2927,2927,UPI,32530.26,2023-01-06,Success
2928,2928,Debit Card,40330.95,2024-11-30,Success
2929,2929,Wallet,89082.6,2023-11-13,Success
2930,2930,Debit Card,5332.3,2025-05-28,Success
2931,2931,Debit Card,52792.18,2024-05-02,Success
2932,2932,Net Banking,62781.05,2024-12-11,Success
2933,2933,UPI,63439.28,2023-10-11,Failed
2934,2934,Debit Card,164742.95,2024-08-13,Success
2935,2935,COD,17426.18,2022-03-01,Failed
2936,2936,Credit Card,22862.02,2022-04-24,Success
2937,2937,Credit Card,25941.34,2025-02-09,Success
2938,2938,UPI,19193.66,2022-10-19,Refunded
2939,2939,Net Banking,108224.69,2025-04-15,Success
2940,2940,Net Banking,73651.27,2025-09-06,Success
2941,2941,Debit Card,65116.84,2023-04-17,Success
2942,2942,Net Banking,46922.61,2024-02-01,Success
2943,2943,UPI,101835.71,2023-08-12,Success
2944,2944,Wallet,85261.98,2022-05-08,Success
2945,2945,UPI,113946.5,2024-09-12,Success
2946,2946,Debit Card,13068.36,2024-05-17,Refunded
2947,2947,Wallet,10101.86,2023-07-10,Success
2948,2948,COD,42142.04,2024-10-24,Success
2949,2949,Debit Card,161659.33,2022-08-18,Success
2950,2950,COD,125250.24,2025-08-21,Success
2951,2951,Credit Card,78202.91,2025-11-21,Success
2952,2952,Net Banking,108959.48,2025-05-17,Refunded
2953,2953,Wallet,16550.26,2025-03-20,Success
2954,2954,COD,82185.15,2024-02-14,Success
2955,2955,COD,47377.24,2022-08-15,Refunded
2956,2956,Credit Card,73609.36,2024-11-25,Success
2957,2957,Net Banking,40539.57,2025-08-23,Success
2958,2958,Net Banking,34348.74,2025-09-17,Refunded
2959,2959,COD,48487.49,2022-12-19,Success
2960,2960,UPI,35442.29,2023-04-29,Success
2961,2961,Credit Card,564.9,2024-05-21,Success
2962,2962,Net Banking,111442.08,2024-08-21,Success
2963,2963,Credit Card,26470.95,2022-09-07,Success
2964,2964,Debit Card,47288.87,2024-12-25,Refunded
2965,2965,COD,22482.57,2023-12-17,Success
2966,2966,Wallet,169805.8,2024-08-06,Success
2967,2967,Credit Card,78609.44,2024-06-03,Success
2968,2968,Credit Card,17258.61,2022-12-06,Refunded
2969,2969,Debit Card,38947.99,2024-06-28,Success
2970,2970,COD,71641.26,2024-08-30,Success
2971,2971,Net Banking,25485.54,2025-01-17,Refunded
2972,2972,Credit Card,171910.26,2022-10-17,Success
2973,2973,Net Banking,45691.18,2022-06-11,Success
2974,2974,Net Banking,28594.98,2023-07-05,Success
2975,2975,Credit Card,29320.04,2023-08-08,Success
2976,2976,Wallet,50076.77,2023-12-13,Refunded
2977,2977,COD,279897.91,2023-11-05,Success
2978,2978,Net Banking,53480.59,2022-02-03,Success
2979,2979,COD,1041.09,2025-06-17,Success
2980,2980,Credit Card,26487.29,2024-07-09,Success
2981,2981,Credit Card,34938.04,2024-01-12,Success
2982,2982,Debit Card,80546.82,2025-07-09,Success
2983,2983,Credit Card,9032.62,2025-11-26,Success
2984,2984,Net Banking,50387.27,2024-01-09,Success
2985,2985,UPI,21503.42,2022-06-28,Refunded
2986,2986,Wallet,53664.72,2025-02-25,Success
2987,2987,Net Banking,46053.24,2024-02-12,Success
2988,2988,COD,123318.0,2025-07-15,Success
2989,2989,COD,41700.28,2024-03-20,Failed
2990,2990,Wallet,87959.08,2022-12-15,Success
2991,2991,Credit Card,109287.25,2023-12-04,Success
2992,2992,Credit Card,115151.97,2023-05-21,Success
2993,2993,Wallet,143955.96,2022-06-26,Success
2994,2994,UPI,138584.55,2023-01-22,Success
2995,2995,Debit Card,26759.68,2023-03-27,Success
2996,2996,Credit Card,101311.65,2024-08-30,Refunded
2997,2997,Net Banking,27756.85,2022-07-04,Success
2998,2998,Debit Card,167406.15,2022-02-08,Success
2999,2999,Debit Card,163503.18,2022-11-04,Success
3000,3000,COD,55925.81,2023-09-28,Success
3001,3001,UPI,75893.66,2024-06-28,Success
3002,3002,Wallet,196366.11,2025-05-21,Success
3003,3003,Net Banking,114895.52,2024-05-14,Success
3004,3004,Credit Card,125800.72,2025-11-01,Success
3005,3005,Credit Card,4358.32,2024-07-16,Refunded
3006,3006,Credit Card,150114.43,2024-02-12,Success
3007,3007,Net Banking,73896.4,2025-09-23,Success
3008,3008,Debit Card,30775.56,2024-11-04,Success
3009,3009,Credit Card,51942.5,2022-10-01,Success
3010,3010,COD,55929.19,2022-07-11,Refunded
3011,3011,Wallet,102926.1,2024-01-26,Success
3012,3012,Credit Card,42743.4,2024-06-17,Refunded
3013,3013,UPI,107843.16,2022-11-17,Success
3014,3014,COD,39121.5,2024-10-18,Success
3015,3015,UPI,143464.0,2023-01-21,Refunded
3016,3016,UPI,2528.49,2024-07-19,Success
3017,3017,Credit Card,48769.08,2022-11-23,Success
3018,3018,Credit Card,36107.37,2022-04-09,Success
3019,3019,Net Banking,49210.92,2024-03-15,Success
3020,3020,Net Banking,1920.06,2024-10-05,Success
3021,3021,Credit Card,137658.01,2024-03-27,Success
3022,3022,UPI,28178.48,2023-07-05,Success
3023,3023,Wallet,47403.07,2022-04-05,Success
3024,3024,Debit Card,36717.8,2023-10-06,Success
3025,3025,Wallet,50573.58,2024-08-30,Success
3026,3026,Credit Card,18392.78,2023-09-07,Success
3027,3027,Credit Card,78422.48,2025-04-18,Success
3028,3028,Debit Card,92496.16,2025-11-15,Success
3029,3029,Credit Card,23739.6,2024-07-03,Success
3030,3030,UPI,40922.68,2025-03-06,Success
3031,3031,UPI,63537.48,2024-05-25,Success
3032,3032,Debit Card,41967.5,2023-07-17,Success
3033,3033,Debit Card,62231.1,2023-10-11,Success
3034,3034,Wallet,68388.55,2022-06-05,Success
3035,3035,Debit Card,24629.45,2024-04-09,Success
3036,3036,Credit Card,64557.5,2025-06-21,Refunded
3037,3037,UPI,35223.1,2024-08-26,Refunded
3038,3038,Credit Card,6286.19,2022-02-05,Success
3039,3039,UPI,189758.57,2025-10-18,Refunded
3040,3040,Wallet,76544.62,2025-11-25,Success
3041,3041,UPI,62905.19,2024-12-25,Success
3042,3042,UPI,33719.93,2024-10-08,Success
3043,3043,Wallet,8393.02,2024-08-25,Success
3044,3044,Credit Card,145383.9,2023-03-01,Success
3045,3045,Net Banking,42882.44,2023-07-14,Refunded
3046,3046,UPI,79014.98,2022-06-10,Failed
3047,3047,UPI,128581.81,2023-03-11,Success
3048,3048,Debit Card,116958.6,2023-06-01,Success
3049,3049,COD,52047.14,2024-12-05,Success
3050,3050,Wallet,39176.64,2023-08-03,Refunded
3051,3051,UPI,17979.54,2023-12-08,Success
3052,3052,COD,115190.31,2025-04-01,Success
3053,3053,Credit Card,182194.83,2025-03-28,Failed
3054,3054,Wallet,166462.18,2024-10-08,Success
3055,3055,UPI,178482.26,2025-12-18,Success
3056,3056,Debit Card,38525.36,2022-09-23,Success
3057,3057,Net Banking,53540.94,2022-01-13,Success
3058,3058,Credit Card,128731.35,2024-10-26,Success
3059,3059,COD,18905.41,2022-09-22,Success
3060,3060,Credit Card,29643.58,2022-10-25,Success
3061,3061,Net Banking,44688.9,2025-04-05,Success
3062,3062,Credit Card,60935.57,2024-09-08,Failed
3063,3063,Wallet,1600.97,2024-11-15,Success
3064,3064,Debit Card,43260.94,2023-03-12,Success
3065,3065,Credit Card,7320.72,2025-08-22,Success
3066,3066,UPI,142165.93,2022-04-12,Success
3067,3067,UPI,39766.1,2025-04-14,Success
3068,3068,Net Banking,13764.56,2024-02-24,Success
3069,3069,Debit Card,170500.04,2025-03-29,Success
3070,3070,Debit Card,19526.68,2025-11-28,Success
3071,3071,UPI,95654.83,2023-07-26,Failed
3072,3072,Net Banking,46785.74,2025-09-09,Success
3073,3073,Credit Card,158231.26,2025-06-27,Success
3074,3074,Net Banking,102172.07,2022-04-02,Success
3075,3075,Net Banking,9249.35,2023-02-20,Success
3076,3076,UPI,55700.21,2024-06-08,Success
3077,3077,Credit Card,22077.2,2024-02-08,Success
3078,3078,UPI,91846.09,2025-11-29,Failed
3079,3079,Debit Card,26911.12,2025-10-07,Success
3080,3080,COD,5530.88,2023-09-20,Failed
3081,3081,Credit Card,6942.79,2022-01-03,Refunded
3082,3082,Wallet,33067.33,2024-04-20,Success
3083,3083,Net Banking,133383.7,2025-03-11,Success
3084,3084,Net Banking,106199.29,2023-10-30,Success
3085,3085,Credit Card,146478.74,2023-02-26,Success
3086,3086,Wallet,9752.57,2025-12-09,Success
3087,3087,Credit Card,22705.11,2024-03-09,Success
3088,3088,Net Banking,33916.26,2025-03-24,Failed
3089,3089,UPI,84198.42,2024-07-07,Success
3090,3090,Net Banking,10692.49,2023-10-30,Failed
3091,3091,Credit Card,126164.03,2024-10-19,Success
3092,3092,Wallet,191582.92,2024-01-18,Success
3093,3093,Credit Card,122485.42,2024-11-25,Failed
3094,3094,COD,35969.8,2025-10-08,Success
3095,3095,Wallet,100435.6,2024-10-01,Refunded
3096,3096,Debit Card,59472.07,2022-08-22,Success
3097,3097,Debit Card,184870.19,2022-07-21,Success
3098,3098,Debit Card,108217.48,2023-06-05,Success
3099,3099,UPI,96672.2,2023-12-19,Failed
3100,3100,COD,22732.5,2025-05-04,Success
3101,3101,Wallet,56306.45,2025-09-14,Refunded
3102,3102,Net Banking,46255.77,2025-03-17,Success
3103,3103,Credit Card,145750.55,2023-05-22,Failed
3104,3104,Debit Card,132285.01,2025-12-07,Success
3105,3105,UPI,13417.02,2025-02-15,Success
3106,3106,UPI,11872.8,2024-06-15,Success
3107,3107,UPI,112954.91,2024-11-13,Success
3108,3108,Debit Card,60834.76,2024-05-11,Success
3109,3109,UPI,120459.78,2024-10-31,Success
3110,3110,UPI,11571.2,2025-02-04,Success
3111,3111,UPI,144675.67,2022-12-07,Success
3112,3112,Wallet,21891.88,2023-03-29,Success
3113,3113,Wallet,61827.8,2023-10-28,Success
3114,3114,Net Banking,160310.27,2023-06-14,Success
3115,3115,Wallet,42108.56,2022-05-11,Success
3116,3116,Net Banking,88107.35,2024-06-07,Success
3117,3117,Credit Card,170105.3,2022-06-30,Success
3118,3118,Wallet,229380.81,2023-09-15,Success
3119,3119,COD,32582.37,2022-09-11,Refunded
3120,3120,UPI,38075.04,2023-07-05,Success
3121,3121,Credit Card,47003.2,2022-04-07,Success
3122,3122,COD,22319.04,2024-04-05,Success
3123,3123,Wallet,23395.98,2022-06-24,Success
3124,3124,Net Banking,111570.29,2022-01-20,Success
3125,3125,Wallet,24196.06,2025-07-23,Refunded
3126,3126,COD,11251.31,2025-10-28,Success
3127,3127,UPI,132169.28,2025-04-15,Success
3128,3128,Debit Card,153916.85,2023-03-08,Success
3129,3129,Credit Card,21344.72,2023-09-22,Success
3130,3130,Debit Card,62690.91,2024-01-01,Success
3131,3131,UPI,15852.16,2025-03-07,Success
3132,3132,Credit Card,5417.68,2023-12-05,Refunded
3133,3133,Wallet,56676.42,2024-04-13,Success
3134,3134,Net Banking,55809.75,2023-07-11,Refunded
3135,3135,Net Banking,114629.31,2025-09-23,Success
3136,3136,UPI,60595.8,2022-10-17,Success
3137,3137,Net Banking,884.93,2023-04-26,Failed
3138,3138,Wallet,58866.5,2023-03-12,Refunded
3139,3139,UPI,63901.57,2023-03-04,Success
3140,3140,Wallet,26251.31,2025-09-28,Success
3141,3141,UPI,46371.55,2024-03-31,Failed
3142,3142,UPI,24997.59,2025-09-14,Success
3143,3143,Net Banking,77891.75,2023-10-21,Success
3144,3144,Net Banking,1292.78,2024-11-10,Success
3145,3145,UPI,77773.19,2023-11-16,Success
3146,3146,Debit Card,17986.06,2024-11-01,Success
3147,3147,Debit Card,120569.0,2022-06-21,Refunded
3148,3148,COD,14434.49,2023-10-21,Success
3149,3149,Credit Card,173644.83,2022-06-02,Failed
3150,3150,COD,30496.08,2026-01-01,Success
3151,3151,Debit Card,189138.89,2022-03-23,Success
3152,3152,Net Banking,90618.73,2024-12-24,Success
3153,3153,Wallet,70725.56,2022-01-16,Success
3154,3154,Wallet,2770.23,2023-03-22,Success
3155,3155,Net Banking,54922.94,2025-11-03,Success
3156,3156,Debit Card,31140.48,2023-11-05,Success
3157,3157,Net Banking,27704.71,2023-01-12,Success
3158,3158,Net Banking,31381.3,2022-02-10,Success
3159,3159,UPI,41495.95,2023-12-24,Success
3160,3160,UPI,750.32,2024-12-08,Success
3161,3161,UPI,21126.45,2025-04-01,Failed
3162,3162,Net Banking,69961.96,2025-02-20,Refunded
3163,3163,Credit Card,18358.9,2023-01-06,Failed
3164,3164,Credit Card,149242.51,2024-05-22,Success
3165,3165,Net Banking,22646.01,2025-09-13,Success
3166,3166,Credit Card,127686.69,2024-06-25,Failed
3167,3167,Net Banking,67832.07,2023-06-22,Success
3168,3168,Credit Card,20898.12,2024-07-05,Failed
3169,3169,UPI,196331.52,2023-06-18,Success
3170,3170,UPI,27558.95,2025-12-02,Success
3171,3171,Net Banking,63989.53,2022-05-10,Success
3172,3172,Wallet,47858.6,2022-01-26,Success
3173,3173,COD,246609.69,2025-03-26,Success
3174,3174,UPI,253192.41,2024-07-01,Success
3175,3175,Wallet,37172.75,2025-12-16,Success
3176,3176,Credit Card,12021.54,2022-10-12,Success
3177,3177,Credit Card,32457.74,2025-01-26,Success
3178,3178,COD,1014.59,2023-10-29,Success
3179,3179,Debit Card,34855.36,2025-11-23,Success
3180,3180,COD,60451.23,2022-06-18,Refunded
3181,3181,Debit Card,21990.03,2025-03-11,Success
3182,3182,Net Banking,46530.43,2023-01-17,Refunded
3183,3183,Net Banking,49784.88,2024-09-07,Refunded
3184,3184,Net Banking,21452.96,2025-08-12,Success
3185,3185,Debit Card,49959.41,2023-09-29,Refunded
3186,3186,Net Banking,7433.97,2024-04-11,Success
3187,3187,UPI,97014.88,2023-04-30,Refunded
3188,3188,UPI,93863.72,2023-05-11,Success
3189,3189,Debit Card,158040.29,2022-12-22,Success
3190,3190,COD,65963.65,2024-11-25,Success
3191,3191,UPI,108833.47,2025-10-23,Success
3192,3192,UPI,153183.6,2025-05-25,Success
3193,3193,UPI,14408.43,2025-10-31,Success
3194,3194,COD,55178.16,2024-08-27,Failed
3195,3195,Credit Card,29260.92,2023-07-06,Success
3196,3196,COD,819.97,2022-12-17,Success
3197,3197,Wallet,31926.12,2023-10-18,Success
3198,3198,Debit Card,68950.08,2023-09-18,Success
3199,3199,Net Banking,214769.21,2024-12-12,Refunded
3200,3200,Debit Card,56246.23,2025-11-05,Success
3201,3201,COD,74651.27,2025-05-17,Success
3202,3202,COD,56290.62,2022-08-16,Success
3203,3203,COD,1412.24,2024-01-04,Success
3204,3204,Credit Card,99611.28,2023-06-27,Failed
3205,3205,Net Banking,21774.71,2022-03-09,Success
3206,3206,COD,13441.94,2023-07-06,Success
3207,3207,Credit Card,126372.76,2025-09-12,Success
3208,3208,Net Banking,40209.85,2024-09-24,Success
3209,3209,Credit Card,65281.57,2023-05-21,Success
3210,3210,Net Banking,35736.7,2022-08-05,Success
3211,3211,Credit Card,102423.32,2025-05-26,Refunded
3212,3212,COD,76603.19,2022-10-02,Success
3213,3213,Wallet,197112.56,2025-11-22,Success
3214,3214,Credit Card,30747.4,2023-09-14,Success
3215,3215,COD,207805.18,2022-03-29,Success
3216,3216,Net Banking,16753.29,2025-03-26,Success
3217,3217,UPI,54579.95,2022-09-05,Success
3218,3218,Wallet,27149.54,2025-06-18,Refunded
3219,3219,Credit Card,24750.96,2024-01-27,Success
3220,3220,Wallet,112899.19,2025-12-27,Failed
3221,3221,Debit Card,79818.9,2022-08-12,Success
3222,3222,Debit Card,177461.78,2025-04-11,Success
3223,3223,UPI,49754.4,2022-03-23,Success
3224,3224,UPI,62669.41,2023-02-09,Success
3225,3225,Wallet,115306.5,2025-08-22,Success
3226,3226,Debit Card,59172.03,2022-08-06,Success
3227,3227,Debit Card,40608.66,2024-07-31,Success
3228,3228,UPI,19505.36,2023-11-25,Failed
3229,3229,Wallet,45785.32,2023-01-05,Success
3230,3230,UPI,8070.84,2025-09-28,Success
3231,3231,COD,174538.33,2024-03-02,Success
3232,3232,UPI,7895.16,2023-07-20,Success
3233,3233,Debit Card,179655.87,2024-06-21,Success
3234,3234,Credit Card,102630.13,2023-08-18,Success
3235,3235,COD,10692.32,2025-01-20,Success
3236,3236,UPI,165426.66,2025-01-11,Success
3237,3237,UPI,19093.35,2023-01-13,Success
3238,3238,Wallet,63129.23,2025-10-12,Success
3239,3239,Net Banking,20686.18,2025-09-14,Refunded
3240,3240,UPI,41580.61,2025-05-13,Success
3241,3241,COD,33100.85,2022-06-06,Success
3242,3242,Net Banking,13126.2,2025-03-30,Refunded
3243,3243,Credit Card,72144.55,2024-08-26,Success
3244,3244,Net Banking,134683.72,2025-05-26,Success
3245,3245,Credit Card,125471.86,2022-06-18,Success
3246,3246,Wallet,20886.43,2022-12-17,Refunded
3247,3247,COD,174120.48,2022-09-26,Success
3248,3248,Debit Card,17937.68,2025-11-29,Success
3249,3249,Credit Card,132614.06,2022-11-18,Failed
3250,3250,Credit Card,57891.36,2024-11-17,Success
3251,3251,Net Banking,4261.17,2025-06-15,Failed
3252,3252,COD,151368.89,2025-10-31,Failed
3253,3253,COD,20986.18,2025-07-02,Success
3254,3254,Net Banking,26986.11,2024-11-16,Success
3255,3255,Net Banking,48926.81,2023-08-18,Success
3256,3256,Debit Card,64457.54,2022-12-26,Success
3257,3257,Net Banking,15218.3,2025-09-12,Refunded
3258,3258,Net Banking,15325.76,2022-08-31,Refunded
3259,3259,Debit Card,26775.9,2023-08-10,Refunded
3260,3260,COD,117557.16,2024-05-27,Success
3261,3261,Net Banking,139898.59,2023-01-08,Success
3262,3262,Net Banking,52439.18,2025-06-19,Refunded
3263,3263,Debit Card,51564.9,2023-08-11,Refunded
3264,3264,Wallet,65485.04,2025-09-25,Success
3265,3265,UPI,10091.88,2023-01-04,Success
3266,3266,Wallet,55864.69,2022-10-06,Success
3267,3267,Wallet,118199.35,2024-04-12,Success
3268,3268,COD,136798.3,2022-01-14,Refunded
3269,3269,UPI,13210.21,2025-10-11,Success
3270,3270,UPI,251773.71,2025-10-31,Success
3271,3271,Debit Card,35638.42,2024-08-26,Success
3272,3272,Debit Card,139814.15,2022-03-31,Failed
3273,3273,Wallet,9253.81,2025-12-16,Success
3274,3274,COD,960.87,2023-10-26,Success
3275,3275,Debit Card,77355.28,2024-12-02,Success
3276,3276,Credit Card,61813.84,2024-02-05,Success
3277,3277,Net Banking,17548.5,2023-10-21,Success
3278,3278,UPI,218542.61,2024-03-10,Success
3279,3279,Credit Card,95939.15,2024-03-26,Success
3280,3280,Credit Card,47967.42,2023-02-18,Success
3281,3281,COD,9904.32,2024-11-22,Failed
3282,3282,UPI,40789.36,2023-05-26,Refunded
3283,3283,Net Banking,148468.64,2025-07-15,Success
3284,3284,Credit Card,57117.46,2022-07-01,Success
3285,3285,UPI,83087.54,2024-05-08,Success
3286,3286,UPI,95930.44,2023-06-11,Success
3287,3287,Debit Card,1607.6,2025-06-03,Success
3288,3288,Wallet,64840.22,2022-10-02,Success
3289,3289,Wallet,81643.0,2024-03-18,Success
3290,3290,Credit Card,54574.85,2025-10-04,Success
3291,3291,UPI,60826.37,2023-08-31,Failed
3292,3292,Credit Card,66842.48,2025-10-31,Success
3293,3293,UPI,34570.71,2022-05-28,Refunded
3294,3294,Credit Card,20416.98,2024-02-17,Success
3295,3295,Credit Card,183130.07,2024-07-18,Refunded
3296,3296,Wallet,122707.37,2024-01-07,Success
3297,3297,UPI,27717.82,2025-04-24,Success
3298,3298,Debit Card,120128.74,2025-03-20,Success
3299,3299,Wallet,99066.57,2024-01-11,Refunded
3300,3300,Credit Card,43926.64,2025-01-21,Refunded
3301,3301,Credit Card,191697.51,2022-10-18,Success
3302,3302,Wallet,34952.64,2022-05-05,Success
3303,3303,Credit Card,112792.43,2024-06-08,Refunded
3304,3304,Wallet,119875.51,2023-06-30,Success
3305,3305,UPI,24912.88,2025-12-02,Success
3306,3306,Wallet,28054.08,2022-10-18,Refunded
3307,3307,Net Banking,93952.12,2023-01-20,Failed
3308,3308,Net Banking,90033.05,2024-08-10,Success
3309,3309,COD,99782.42,2024-03-13,Success
3310,3310,Debit Card,107956.4,2023-09-21,Success
3311,3311,COD,63871.74,2023-03-03,Success
3312,3312,COD,20682.81,2024-05-20,Success
3313,3313,Net Banking,70636.01,2023-08-29,Success
3314,3314,UPI,124576.75,2022-09-06,Refunded
3315,3315,Debit Card,144374.29,2022-02-11,Success
3316,3316,COD,72272.5,2022-12-01,Success
3317,3317,UPI,164875.17,2024-01-22,Refunded
3318,3318,Wallet,893.01,2022-06-29,Success
3319,3319,UPI,21163.52,2023-10-02,Success
3320,3320,Debit Card,36729.28,2024-02-29,Success
3321,3321,Wallet,20321.85,2025-11-14,Success
3322,3322,Wallet,7198.0,2025-06-30,Success
3323,3323,Debit Card,19669.25,2025-12-29,Success
3324,3324,Credit Card,76973.49,2024-08-16,Success
3325,3325,UPI,8740.61,2025-01-03,Success
3326,3326,Credit Card,147804.14,2025-06-29,Failed
3327,3327,Debit Card,160611.87,2023-07-05,Refunded
3328,3328,Debit Card,44923.4,2024-08-17,Success
3329,3329,Wallet,34664.85,2022-07-25,Refunded
3330,3330,COD,78969.22,2023-09-05,Success
3331,3331,COD,33519.36,2022-08-02,Success
3332,3332,Debit Card,30363.57,2022-09-18,Success
3333,3333,Debit Card,37340.79,2024-01-01,Success
3334,3334,UPI,76352.79,2022-07-19,Success
3335,3335,Credit Card,114915.34,2024-04-12,Success
3336,3336,Wallet,8432.77,2022-09-26,Refunded
3337,3337,Net Banking,23792.18,2023-05-22,Success
3338,3338,COD,21093.83,2023-05-08,Success
3339,3339,Net Banking,28524.58,2025-07-27,Success
3340,3340,COD,65106.25,2022-10-10,Success
3341,3341,UPI,59320.86,2025-01-05,Success
3342,3342,Net Banking,61795.06,2023-01-25,Success
3343,3343,UPI,14113.51,2023-06-09,Success
3344,3344,Net Banking,169043.16,2024-04-23,Success
3345,3345,UPI,33230.91,2025-01-27,Refunded
3346,3346,Credit Card,61450.96,2025-06-14,Success
3347,3347,UPI,23556.3,2024-12-25,Success
3348,3348,Net Banking,75608.11,2022-12-31,Success
3349,3349,COD,78761.88,2025-02-09,Success
3350,3350,Credit Card,144269.38,2023-08-07,Success
3351,3351,COD,51661.89,2025-02-15,Success
3352,3352,Wallet,35551.72,2022-02-11,Refunded
3353,3353,Net Banking,48333.28,2023-03-09,Refunded
3354,3354,UPI,115138.81,2024-12-01,Success
3355,3355,Wallet,79495.71,2024-03-21,Refunded
3356,3356,Debit Card,57205.95,2022-01-21,Success
3357,3357,Wallet,129938.07,2025-11-01,Refunded
3358,3358,Wallet,140153.49,2023-04-09,Refunded
3359,3359,Credit Card,24302.16,2022-09-16,Success
3360,3360,COD,19504.85,2024-05-02,Success
3361,3361,Wallet,39895.03,2025-06-30,Success
3362,3362,Net Banking,125721.41,2025-12-24,Refunded
3363,3363,Wallet,84480.77,2023-10-02,Success
3364,3364,Debit Card,16076.18,2024-11-16,Success
3365,3365,UPI,21023.35,2024-11-11,Success
3366,3366,COD,116367.81,2023-06-17,Refunded
3367,3367,UPI,116670.39,2023-12-27,Success
3368,3368,Wallet,32840.1,2024-01-19,Success
3369,3369,COD,33955.92,2023-11-10,Success
3370,3370,UPI,191381.09,2022-04-20,Success
3371,3371,Wallet,56500.18,2025-10-05,Success
3372,3372,Net Banking,60620.56,2022-07-19,Success
3373,3373,Net Banking,130595.7,2022-12-06,Success
3374,3374,Net Banking,27531.56,2025-09-11,Success
3375,3375,COD,74449.65,2024-05-14,Success
3376,3376,COD,52102.22,2022-05-10,Success
3377,3377,Net Banking,68559.95,2025-01-30,Success
3378,3378,Net Banking,40958.12,2023-04-15,Refunded
3379,3379,Debit Card,143134.85,2022-05-15,Success
3380,3380,Wallet,44323.74,2024-09-12,Success
3381,3381,Debit Card,18427.35,2022-03-01,Success
3382,3382,Credit Card,49813.54,2025-03-06,Refunded
3383,3383,COD,33331.75,2022-06-28,Failed
3384,3384,Credit Card,208593.38,2022-09-06,Success
3385,3385,UPI,58436.57,2024-06-09,Success
3386,3386,UPI,11757.3,2022-02-08,Success
3387,3387,Credit Card,2739.39,2025-08-31,Success
3388,3388,Net Banking,144393.37,2024-12-29,Success
3389,3389,COD,57417.39,2023-05-04,Success
3390,3390,Net Banking,30133.66,2022-10-29,Success
3391,3391,Wallet,42848.94,2022-07-03,Success
3392,3392,Debit Card,140828.6,2022-07-30,Success
3393,3393,Debit Card,97623.37,2024-10-08,Success
3394,3394,COD,84288.12,2024-11-15,Success
3395,3395,Debit Card,4570.69,2025-05-22,Success
3396,3396,Credit Card,51302.84,2023-03-20,Success
3397,3397,COD,138635.39,2023-03-05,Success
3398,3398,COD,124150.02,2025-08-08,Success
3399,3399,Wallet,51076.77,2025-01-08,Failed
3400,3400,Debit Card,119506.18,2023-06-01,Success
3401,3401,Credit Card,19575.54,2023-03-08,Success
3402,3402,Debit Card,54190.96,2025-06-21,Success
3403,3403,Net Banking,97746.24,2025-03-15,Success
3404,3404,Debit Card,36975.84,2022-12-24,Success
3405,3405,Net Banking,26195.75,2023-03-24,Refunded
3406,3406,Credit Card,19350.16,2025-10-24,Success
3407,3407,Wallet,115148.83,2023-08-09,Success
3408,3408,Credit Card,91594.14,2025-05-22,Success
3409,3409,Wallet,19218.23,2022-10-30,Success
3410,3410,COD,138803.65,2025-02-25,Success
3411,3411,Wallet,98985.43,2025-05-25,Success
3412,3412,Net Banking,116543.06,2023-08-15,Refunded
3413,3413,Credit Card,198318.99,2025-10-19,Failed
3414,3414,Debit Card,79589.0,2022-10-20,Refunded
3415,3415,Net Banking,32622.12,2023-07-02,Success
3416,3416,COD,14213.7,2022-11-08,Success
3417,3417,COD,55324.05,2024-10-13,Failed
3418,3418,COD,30139.38,2025-04-11,Success
3419,3419,Debit Card,18307.21,2022-07-12,Success
3420,3420,Credit Card,78101.76,2022-12-25,Success
3421,3421,Credit Card,203475.76,2022-11-20,Success
3422,3422,Credit Card,66502.84,2024-05-26,Refunded
3423,3423,Net Banking,25021.08,2025-04-18,Success
3424,3424,Net Banking,23087.26,2022-04-07,Refunded
3425,3425,Wallet,160194.39,2023-03-12,Success
3426,3426,Credit Card,35580.13,2022-09-03,Success
3427,3427,COD,22009.47,2022-04-01,Failed
3428,3428,Debit Card,32730.51,2022-01-30,Success
3429,3429,Credit Card,28654.26,2024-12-09,Success
3430,3430,UPI,42079.04,2024-12-07,Success
3431,3431,Debit Card,128603.27,2025-08-29,Success
3432,3432,Debit Card,82841.29,2023-02-12,Success
3433,3433,Debit Card,175859.62,2024-08-29,Success
3434,3434,Wallet,96510.95,2023-07-28,Success
3435,3435,Credit Card,69672.54,2023-08-12,Refunded
3436,3436,Net Banking,30553.27,2022-04-02,Refunded
3437,3437,Credit Card,13605.3,2024-06-01,Success
3438,3438,Debit Card,21588.89,2023-07-21,Success
3439,3439,Debit Card,11839.64,2023-03-15,Success
3440,3440,Credit Card,14748.69,2023-12-24,Success
3441,3441,COD,50128.69,2024-02-08,Success
3442,3442,Debit Card,39448.7,2023-03-12,Success
3443,3443,Net Banking,80773.57,2025-11-02,Success
3444,3444,UPI,72107.71,2024-11-05,Success
3445,3445,Debit Card,25769.92,2025-11-09,Refunded
3446,3446,Net Banking,94208.55,2023-05-10,Success
3447,3447,Wallet,361.98,2023-10-21,Success
3448,3448,Wallet,31227.92,2024-02-09,Success
3449,3449,UPI,90356.51,2025-12-22,Success
3450,3450,COD,158406.19,2024-10-03,Success
3451,3451,Credit Card,104638.47,2025-07-26,Success
3452,3452,Credit Card,123567.31,2023-08-09,Success
3453,3453,UPI,104872.31,2023-02-12,Success
3454,3454,UPI,34904.65,2023-05-31,Success
3455,3455,COD,123833.33,2022-08-18,Success
3456,3456,COD,154256.85,2023-06-23,Refunded
3457,3457,Debit Card,91488.64,2024-10-05,Success
3458,3458,UPI,13157.71,2023-03-19,Success
3459,3459,Debit Card,76215.33,2025-07-23,Success
3460,3460,UPI,42407.68,2025-04-06,Success
3461,3461,Debit Card,15735.08,2023-12-16,Success
3462,3462,UPI,109764.51,2023-03-17,Success
3463,3463,Wallet,6074.06,2024-09-15,Success
3464,3464,Debit Card,42739.72,2022-03-02,Success
3465,3465,COD,61475.75,2023-04-29,Refunded
3466,3466,COD,108091.98,2023-10-31,Refunded
3467,3467,Debit Card,59546.64,2025-03-30,Success
3468,3468,Wallet,30885.18,2022-05-18,Refunded
3469,3469,COD,4421.89,2022-05-28,Refunded
3470,3470,Net Banking,101382.19,2023-01-23,Success
3471,3471,UPI,106034.7,2023-06-29,Success
3472,3472,COD,47945.06,2024-05-30,Success
3473,3473,Net Banking,199392.16,2023-01-07,Success
3474,3474,Net Banking,55102.73,2024-08-30,Success
3475,3475,Credit Card,6380.45,2022-04-19,Success
3476,3476,Debit Card,26500.92,2022-02-14,Success
3477,3477,UPI,81458.52,2022-04-12,Success
3478,3478,Debit Card,29631.99,2024-03-21,Success
3479,3479,COD,23174.77,2024-11-05,Failed
3480,3480,UPI,47049.76,2023-07-02,Success
3481,3481,Wallet,99948.2,2023-11-20,Success
3482,3482,Wallet,94808.64,2024-04-28,Success
3483,3483,COD,13434.11,2024-06-20,Success
3484,3484,UPI,49200.71,2024-07-07,Success
3485,3485,Debit Card,13455.84,2023-07-28,Success
3486,3486,Wallet,34745.91,2024-07-24,Failed
3487,3487,COD,62658.1,2023-07-15,Success
3488,3488,Net Banking,81001.9,2022-12-22,Success
3489,3489,COD,53085.7,2024-01-18,Success
3490,3490,UPI,58243.41,2024-02-28,Success
3491,3491,COD,149443.7,2022-04-11,Success
3492,3492,UPI,60471.25,2023-08-28,Success
3493,3493,Credit Card,38760.73,2025-08-27,Success
3494,3494,Wallet,46736.41,2022-09-29,Success
3495,3495,Wallet,17491.49,2024-02-10,Success
3496,3496,Net Banking,22337.58,2024-07-18,Success
3497,3497,Debit Card,87162.8,2024-10-22,Failed
3498,3498,Credit Card,91302.55,2025-08-15,Success
3499,3499,UPI,81981.24,2025-08-06,Success
3500,3500,UPI,47989.6,2023-06-21,Success
3501,3501,Credit Card,34378.51,2025-11-29,Success
3502,3502,Credit Card,197747.72,2024-04-08,Success
3503,3503,COD,20073.29,2024-03-21,Failed
3504,3504,Net Banking,7665.3,2023-08-31,Success
3505,3505,Credit Card,106734.11,2024-07-24,Success
3506,3506,Wallet,6748.01,2023-11-02,Success
3507,3507,Wallet,55575.05,2024-08-24,Success
3508,3508,Debit Card,42255.59,2022-04-06,Success
3509,3509,Debit Card,30838.5,2025-12-05,Success
3510,3510,COD,52632.66,2023-10-17,Success
3511,3511,Wallet,27081.66,2025-09-03,Refunded
3512,3512,Credit Card,26594.24,2022-02-24,Failed
3513,3513,COD,8879.92,2023-12-15,Success
3514,3514,Credit Card,56813.6,2025-06-11,Failed
3515,3515,UPI,122121.88,2022-10-30,Failed
3516,3516,Net Banking,16810.74,2024-04-11,Success
3517,3517,Wallet,95914.09,2025-03-30,Success
3518,3518,COD,16844.27,2025-05-10,Failed
3519,3519,Debit Card,39760.36,2022-05-01,Success
3520,3520,Credit Card,137899.3,2025-06-14,Success
3521,3521,Wallet,77192.95,2024-09-20,Success
3522,3522,Debit Card,57321.75,2025-06-30,Success
3523,3523,Debit Card,52423.21,2025-08-06,Success
3524,3524,Wallet,4581.03,2023-04-23,Failed
3525,3525,COD,134424.0,2025-08-30,Success
3526,3526,Debit Card,124459.74,2022-10-17,Success
3527,3527,COD,14933.38,2025-11-29,Refunded
3528,3528,Net Banking,159577.29,2023-04-15,Success
3529,3529,Debit Card,1306.46,2023-11-15,Success
3530,3530,COD,147213.96,2025-04-07,Success
3531,3531,UPI,83489.65,2023-11-04,Refunded
3532,3532,UPI,29722.8,2023-07-11,Success
3533,3533,COD,62768.38,2023-02-03,Refunded
3534,3534,Net Banking,15035.96,2025-06-11,Success
3535,3535,Debit Card,12351.31,2024-08-10,Success
3536,3536,Credit Card,18935.02,2022-02-02,Success
3537,3537,UPI,26966.0,2023-01-20,Success
3538,3538,Credit Card,74783.17,2024-06-24,Refunded
3539,3539,Wallet,182441.61,2022-03-23,Refunded
3540,3540,Wallet,36480.2,2022-04-25,Success
3541,3541,UPI,13434.69,2023-11-12,Success
3542,3542,COD,6876.9,2025-02-07,Refunded
3543,3543,Debit Card,49768.95,2022-09-26,Failed
3544,3544,COD,57370.71,2023-03-14,Success
3545,3545,Credit Card,283798.72,2024-01-03,Success
3546,3546,COD,106520.4,2024-11-22,Success
3547,3547,Net Banking,1840.35,2023-07-30,Success
3548,3548,Debit Card,35809.52,2022-03-13,Failed
3549,3549,Wallet,88845.03,2025-06-20,Success
3550,3550,Wallet,37125.54,2024-10-29,Success
3551,3551,Credit Card,57320.48,2024-08-12,Success
3552,3552,Debit Card,22146.64,2025-01-13,Success
3553,3553,Net Banking,23870.74,2022-08-03,Success
3554,3554,Credit Card,37472.24,2025-02-23,Failed
3555,3555,Debit Card,125383.8,2022-09-23,Refunded
3556,3556,COD,128516.57,2023-09-06,Success
3557,3557,UPI,70959.83,2023-05-23,Success
3558,3558,Net Banking,1402.83,2025-12-15,Success
3559,3559,UPI,35720.46,2022-03-24,Success
3560,3560,UPI,49190.08,2022-06-05,Success
3561,3561,Wallet,76448.25,2024-01-19,Success
3562,3562,Net Banking,182672.95,2022-11-24,Success
3563,3563,Debit Card,54441.99,2025-03-11,Success
3564,3564,Wallet,245344.72,2024-12-11,Success
3565,3565,Debit Card,29976.76,2025-01-07,Success
3566,3566,Credit Card,30772.05,2024-11-26,Refunded
3567,3567,Credit Card,80655.0,2025-03-15,Success
3568,3568,Net Banking,22419.7,2022-12-08,Refunded
3569,3569,UPI,62418.92,2024-11-26,Success
3570,3570,Debit Card,173804.51,2024-01-22,Refunded
3571,3571,Net Banking,42180.4,2023-04-01,Refunded
3572,3572,Wallet,33313.87,2022-06-20,Success
3573,3573,Credit Card,82042.4,2023-08-17,Success
3574,3574,Debit Card,54598.11,2022-02-26,Refunded
3575,3575,UPI,115480.92,2022-01-22,Success
3576,3576,COD,45677.5,2024-02-18,Success
3577,3577,UPI,26672.45,2023-06-13,Success
3578,3578,COD,90234.91,2022-08-07,Success
3579,3579,Debit Card,64056.6,2024-07-07,Success
3580,3580,Net Banking,74081.32,2025-12-18,Failed
3581,3581,UPI,193970.04,2022-01-22,Success
3582,3582,Debit Card,37886.23,2022-11-24,Success
3583,3583,COD,31500.33,2025-01-02,Refunded
3584,3584,Wallet,142856.38,2022-02-25,Refunded
3585,3585,Debit Card,7322.89,2022-02-05,Refunded
3586,3586,Credit Card,6143.25,2024-01-31,Success
3587,3587,Debit Card,125107.21,2023-11-09,Success
3588,3588,Net Banking,77470.28,2025-03-06,Success
3589,3589,COD,3206.21,2022-03-22,Success
3590,3590,COD,27219.24,2024-03-30,Refunded
3591,3591,Wallet,118035.4,2025-08-06,Success
3592,3592,Wallet,22555.4,2024-11-15,Success
3593,3593,Credit Card,105298.26,2025-01-18,Refunded
3594,3594,COD,75477.56,2024-12-11,Success
3595,3595,COD,56108.92,2024-06-09,Success
3596,3596,Credit Card,134702.64,2023-01-23,Success
3597,3597,Credit Card,49552.7,2023-09-18,Success
3598,3598,Credit Card,59125.32,2024-08-12,Failed
3599,3599,COD,62083.73,2024-04-17,Success
3600,3600,Debit Card,79627.8,2022-02-26,Success
3601,3601,UPI,25761.67,2024-08-23,Success
3602,3602,Net Banking,91510.86,2024-10-17,Refunded
3603,3603,Wallet,65102.48,2024-03-22,Success
3604,3604,UPI,67414.91,2023-10-06,Success
3605,3605,Credit Card,8784.27,2023-09-16,Success
3606,3606,Wallet,52854.4,2022-08-08,Success
3607,3607,Wallet,128666.61,2024-07-19,Success
3608,3608,Credit Card,13058.88,2022-09-27,Success
3609,3609,Net Banking,55428.06,2025-07-09,Success
3610,3610,Net Banking,142527.04,2024-12-09,Success
3611,3611,Net Banking,172589.53,2024-09-16,Success
3612,3612,Net Banking,1984.71,2023-08-05,Success
3613,3613,Debit Card,156572.87,2024-02-26,Success
3614,3614,Net Banking,67533.37,2025-11-28,Success
3615,3615,Credit Card,50868.4,2023-02-01,Success
3616,3616,UPI,56985.7,2024-07-09,Success
3617,3617,Net Banking,65134.1,2022-01-31,Success
3618,3618,Debit Card,74368.68,2023-06-08,Refunded
3619,3619,Debit Card,83059.07,2022-03-30,Success
3620,3620,COD,53703.5,2022-03-06,Success
3621,3621,Wallet,2831.33,2025-06-21,Success
3622,3622,Wallet,11832.77,2024-02-28,Success
3623,3623,Net Banking,16228.87,2022-08-26,Success
3624,3624,Credit Card,73271.7,2023-08-10,Success
3625,3625,Debit Card,47922.56,2024-10-20,Success
3626,3626,Net Banking,142420.35,2022-02-26,Refunded
3627,3627,Debit Card,55822.12,2022-10-29,Success
3628,3628,Credit Card,55431.66,2024-01-18,Success
3629,3629,Net Banking,57106.15,2023-04-08,Success
3630,3630,Debit Card,206883.97,2022-07-27,Success
3631,3631,Net Banking,169306.31,2025-01-27,Success
3632,3632,UPI,56736.72,2025-11-16,Success
3633,3633,Debit Card,105758.61,2024-08-15,Success
3634,3634,Credit Card,153790.95,2023-04-30,Failed
3635,3635,Wallet,52543.64,2022-01-10,Success
3636,3636,Credit Card,86058.4,2022-08-23,Failed
3637,3637,Credit Card,12982.66,2022-02-09,Success
3638,3638,Credit Card,191152.71,2023-01-20,Failed
3639,3639,COD,7635.72,2023-04-13,Success
3640,3640,Debit Card,72625.84,2023-01-17,Success
3641,3641,Wallet,248363.93,2025-12-03,Success
3642,3642,Wallet,96453.04,2023-06-25,Success
3643,3643,Wallet,50186.07,2024-02-28,Refunded
3644,3644,Debit Card,9508.38,2025-04-20,Success
3645,3645,Credit Card,83090.8,2023-07-29,Success
3646,3646,Credit Card,104864.13,2024-04-27,Success
3647,3647,UPI,17937.68,2024-06-25,Success
3648,3648,Debit Card,134729.82,2024-08-08,Success
3649,3649,UPI,109649.82,2024-09-08,Success
3650,3650,Credit Card,112287.95,2025-01-07,Success
3651,3651,Credit Card,5099.48,2024-02-26,Success
3652,3652,Wallet,15122.0,2022-10-26,Refunded
3653,3653,Debit Card,95905.03,2023-03-01,Success
3654,3654,Wallet,59257.32,2022-09-08,Success
3655,3655,Credit Card,56004.6,2025-10-21,Success
3656,3656,Wallet,57969.88,2025-03-08,Failed
3657,3657,COD,40701.6,2022-10-18,Success
3658,3658,UPI,166216.33,2022-01-16,Success
3659,3659,Debit Card,56322.27,2022-03-12,Success
3660,3660,UPI,19068.77,2022-09-08,Success
3661,3661,UPI,49683.3,2022-12-18,Refunded
3662,3662,Credit Card,85972.0,2023-11-11,Success
3663,3663,Credit Card,147056.55,2022-07-16,Success
3664,3664,COD,179430.7,2022-01-24,Success
3665,3665,Wallet,76007.86,2025-01-27,Success
3666,3666,Credit Card,154392.17,2022-08-20,Success
3667,3667,Debit Card,119176.87,2025-04-05,Success
3668,3668,Net Banking,67698.28,2023-07-26,Success
3669,3669,UPI,69816.65,2022-02-21,Success
3670,3670,Net Banking,17687.56,2023-10-19,Success
3671,3671,COD,11380.43,2025-08-27,Success
3672,3672,Wallet,24844.86,2024-09-08,Success
3673,3673,Credit Card,51428.72,2023-11-06,Refunded
3674,3674,UPI,157002.81,2025-05-10,Success
3675,3675,COD,54254.55,2023-02-05,Refunded
3676,3676,Wallet,3261.69,2025-10-23,Success
3677,3677,Net Banking,47114.59,2023-10-12,Success
3678,3678,Debit Card,153970.03,2023-06-19,Success
3679,3679,Wallet,5378.28,2025-04-26,Refunded
3680,3680,Credit Card,204243.59,2023-04-23,Success
3681,3681,Credit Card,53396.62,2022-12-03,Success
3682,3682,Credit Card,122560.33,2022-04-08,Success
3683,3683,Wallet,23410.33,2024-06-03,Refunded
3684,3684,COD,110124.73,2024-01-12,Refunded
3685,3685,UPI,46620.26,2024-12-19,Success
3686,3686,Debit Card,56070.36,2023-12-30,Success
3687,3687,Credit Card,138702.2,2022-07-10,Success
3688,3688,Debit Card,41250.09,2023-05-24,Success
3689,3689,Net Banking,145921.38,2023-06-28,Success
3690,3690,Debit Card,74871.96,2024-04-08,Success
3691,3691,Credit Card,8339.54,2024-11-03,Success
3692,3692,Net Banking,8604.36,2023-04-03,Refunded
3693,3693,COD,23113.84,2022-11-09,Success
3694,3694,Wallet,14580.83,2022-09-15,Refunded
3695,3695,UPI,26978.05,2022-10-08,Success
3696,3696,Wallet,97183.97,2024-10-10,Refunded
3697,3697,COD,90704.62,2023-06-18,Success
3698,3698,COD,121381.76,2023-10-22,Success
3699,3699,COD,94674.25,2022-03-15,Success
3700,3700,Net Banking,21532.51,2025-05-27,Success
3701,3701,Credit Card,59511.76,2023-09-01,Success
3702,3702,COD,28677.11,2025-02-04,Success
3703,3703,Net Banking,53323.12,2024-08-15,Success
3704,3704,UPI,8593.46,2025-11-30,Success
3705,3705,COD,7986.56,2022-02-22,Success
3706,3706,UPI,28671.9,2022-10-09,Success
3707,3707,UPI,6534.61,2024-11-26,Success
3708,3708,Wallet,40167.48,2024-08-07,Success
3709,3709,Wallet,87858.07,2023-10-09,Success
3710,3710,Wallet,40183.74,2023-06-05,Failed
3711,3711,Wallet,27412.24,2023-05-22,Success
3712,3712,Debit Card,54413.13,2022-08-05,Success
3713,3713,UPI,98670.55,2023-08-12,Success
3714,3714,UPI,95576.32,2022-03-08,Success
3715,3715,Net Banking,144400.4,2024-09-23,Failed
3716,3716,Wallet,4938.18,2023-11-14,Success
3717,3717,Net Banking,13486.29,2025-05-21,Success
3718,3718,Debit Card,112039.53,2024-04-22,Refunded
3719,3719,Credit Card,84218.64,2023-12-30,Success
3720,3720,Debit Card,34980.15,2022-09-12,Success
3721,3721,UPI,40356.76,2025-03-26,Success
3722,3722,Credit Card,35249.57,2025-03-15,Failed
3723,3723,Credit Card,71845.35,2023-09-20,Refunded
3724,3724,Wallet,47648.24,2024-02-09,Success
3725,3725,Wallet,23701.65,2025-03-24,Success
3726,3726,Net Banking,24736.54,2023-04-01,Success
3727,3727,UPI,4909.23,2022-04-08,Failed
3728,3728,UPI,244596.4,2025-01-29,Success
3729,3729,UPI,116780.05,2022-01-24,Refunded
3730,3730,Wallet,25112.8,2023-04-07,Success
3731,3731,COD,106040.93,2022-04-03,Success
3732,3732,Credit Card,158927.57,2023-05-18,Success
3733,3733,Net Banking,97018.94,2023-04-21,Refunded
3734,3734,Debit Card,51771.96,2025-01-04,Success
3735,3735,Credit Card,62400.0,2023-12-27,Success
3736,3736,Credit Card,154930.52,2025-10-19,Success
3737,3737,Debit Card,14754.23,2022-02-04,Success
3738,3738,Wallet,72727.25,2022-08-02,Success
3739,3739,Net Banking,17621.39,2022-07-06,Success
3740,3740,Net Banking,68882.52,2023-12-08,Success
3741,3741,Wallet,24038.71,2023-09-23,Failed
3742,3742,Credit Card,32827.26,2022-05-30,Success
3743,3743,Net Banking,115975.57,2022-09-30,Success
3744,3744,UPI,31199.63,2024-10-25,Success
3745,3745,COD,95598.55,2025-07-17,Success
3746,3746,Debit Card,94899.1,2024-08-28,Failed
3747,3747,Net Banking,151484.4,2025-04-21,Refunded
3748,3748,Credit Card,43644.15,2025-05-02,Success
3749,3749,Net Banking,103123.08,2023-03-10,Success
3750,3750,Credit Card,39919.64,2024-10-13,Success
3751,3751,COD,115458.12,2024-03-11,Success
3752,3752,UPI,291734.31,2022-01-30,Success
3753,3753,UPI,46054.66,2025-02-23,Success
3754,3754,COD,42703.59,2022-05-29,Success
3755,3755,Debit Card,12008.62,2024-08-20,Success
3756,3756,COD,22627.11,2024-09-11,Success
3757,3757,UPI,37288.29,2024-01-06,Success
3758,3758,COD,54628.99,2024-11-07,Success
3759,3759,Net Banking,131078.75,2023-12-25,Success
3760,3760,Wallet,15815.71,2023-03-22,Success
3761,3761,COD,147811.28,2022-11-24,Success
3762,3762,COD,144609.74,2024-02-29,Success
3763,3763,UPI,10405.36,2023-10-29,Refunded
3764,3764,COD,24743.92,2022-11-25,Success
3765,3765,Credit Card,79568.49,2025-01-15,Success
3766,3766,COD,85239.15,2025-09-21,Failed
3767,3767,COD,69873.9,2024-05-14,Success
3768,3768,UPI,139096.32,2024-10-06,Success
3769,3769,Credit Card,101645.47,2025-06-07,Success
3770,3770,UPI,20722.02,2025-02-17,Success
3771,3771,UPI,93856.49,2024-10-01,Success
3772,3772,Net Banking,56832.17,2024-04-08,Success
3773,3773,Wallet,136992.28,2023-01-29,Success
3774,3774,Debit Card,35168.1,2025-07-26,Refunded
3775,3775,COD,8357.32,2022-05-16,Refunded
3776,3776,Credit Card,54845.82,2024-11-29,Success
3777,3777,Wallet,205485.32,2024-08-11,Success
3778,3778,Net Banking,11419.49,2024-06-24,Success
3779,3779,Credit Card,53588.73,2023-02-13,Success
3780,3780,UPI,16725.72,2025-04-08,Refunded
3781,3781,Wallet,60750.06,2023-10-27,Refunded
3782,3782,UPI,64518.25,2022-05-06,Success
3783,3783,Debit Card,145394.72,2022-04-17,Success
3784,3784,Wallet,100184.46,2025-11-21,Failed
3785,3785,COD,148914.59,2025-01-08,Success
3786,3786,COD,103589.06,2025-09-29,Success
3787,3787,Net Banking,114794.92,2023-03-17,Success
3788,3788,Debit Card,6746.22,2025-09-28,Refunded
3789,3789,UPI,33685.03,2025-11-19,Success
3790,3790,UPI,68691.44,2023-09-11,Success
3791,3791,UPI,149971.63,2025-01-31,Success
3792,3792,Net Banking,183735.44,2025-02-03,Refunded
3793,3793,UPI,95324.02,2023-06-06,Success
3794,3794,Credit Card,43785.94,2025-01-19,Failed
3795,3795,Net Banking,55654.43,2022-11-20,Success
3796,3796,Wallet,1455.71,2024-07-25,Success
3797,3797,Debit Card,33604.84,2025-08-23,Refunded
3798,3798,Net Banking,49852.2,2023-01-07,Refunded
3799,3799,Wallet,38775.36,2022-03-15,Failed
3800,3800,Wallet,138012.27,2023-09-02,Success
3801,3801,Wallet,49754.4,2025-12-22,Success
3802,3802,Credit Card,104073.16,2023-03-05,Success
3803,3803,Wallet,54826.42,2022-02-06,Success
3804,3804,Wallet,7358.56,2025-10-26,Success
3805,3805,Wallet,27754.44,2022-07-08,Success
3806,3806,Debit Card,62254.86,2025-09-20,Success
3807,3807,Credit Card,16219.55,2023-08-22,Success
3808,3808,Debit Card,83745.02,2025-09-30,Success
3809,3809,Net Banking,63371.53,2022-02-28,Success
3810,3810,COD,34473.12,2025-11-22,Success
3811,3811,COD,163561.04,2022-07-05,Success
3812,3812,Credit Card,29738.2,2025-05-08,Success
3813,3813,Credit Card,61712.95,2024-05-14,Success
3814,3814,COD,34909.48,2024-03-17,Failed
3815,3815,Debit Card,34590.74,2023-12-26,Success
3816,3816,COD,5833.62,2025-03-18,Failed
3817,3817,Debit Card,153.66,2025-06-21,Success
3818,3818,UPI,48737.7,2025-05-05,Refunded
3819,3819,Net Banking,36168.3,2025-03-28,Success
3820,3820,Credit Card,12702.16,2022-02-06,Success
3821,3821,COD,33916.26,2023-07-12,Success
3822,3822,Debit Card,81855.39,2022-11-03,Refunded
3823,3823,Debit Card,41004.43,2023-11-21,Failed
3824,3824,UPI,32304.5,2024-06-06,Success
3825,3825,UPI,145069.81,2022-06-26,Success
3826,3826,Wallet,105569.88,2023-12-31,Success
3827,3827,COD,50154.75,2022-05-27,Refunded
3828,3828,Net Banking,37540.04,2024-04-17,Success
3829,3829,Credit Card,41186.76,2024-02-07,Success
3830,3830,Credit Card,17950.56,2024-08-04,Success
3831,3831,Credit Card,20592.73,2023-01-16,Success
3832,3832,COD,271966.99,2025-05-23,Success
3833,3833,Credit Card,58179.15,2022-08-20,Refunded
3834,3834,COD,64549.0,2024-07-16,Success
3835,3835,UPI,43417.9,2022-08-12,Success
3836,3836,Net Banking,142720.62,2022-01-07,Success
3837,3837,COD,4845.48,2024-02-11,Success
3838,3838,Net Banking,88307.78,2023-11-24,Success
3839,3839,Net Banking,39029.63,2025-10-11,Failed
3840,3840,Wallet,87931.54,2022-07-22,Success
3841,3841,Wallet,120.67,2023-09-24,Success
3842,3842,Debit Card,48520.28,2025-12-27,Success
3843,3843,Wallet,58960.73,2024-11-14,Success
3844,3844,Wallet,68091.68,2022-01-29,Success
3845,3845,Debit Card,2333.42,2022-02-10,Success
3846,3846,Credit Card,93726.37,2022-11-23,Failed
3847,3847,UPI,112594.97,2023-04-04,Refunded
3848,3848,Debit Card,123097.4,2025-06-24,Success
3849,3849,Wallet,14069.8,2023-06-12,Success
3850,3850,Wallet,62942.97,2024-10-29,Success
3851,3851,Net Banking,71716.89,2025-07-16,Success
3852,3852,Wallet,61958.28,2024-10-12,Success
3853,3853,Debit Card,9466.22,2023-04-12,Success
3854,3854,Net Banking,86628.12,2025-01-16,Failed
3855,3855,Credit Card,71668.55,2024-08-26,Refunded
3856,3856,Debit Card,120867.86,2025-11-11,Success
3857,3857,Wallet,41281.41,2025-05-29,Success
3858,3858,Wallet,5072.95,2023-04-16,Success
3859,3859,COD,4780.19,2023-09-15,Success
3860,3860,UPI,86995.39,2025-11-12,Success
3861,3861,Credit Card,119821.06,2023-03-26,Success
3862,3862,Net Banking,7365.38,2022-11-03,Success
3863,3863,Wallet,85840.92,2024-01-15,Failed
3864,3864,Wallet,122273.58,2024-01-06,Success
3865,3865,UPI,145214.23,2023-10-17,Success
3866,3866,Credit Card,35726.21,2025-11-13,Refunded
3867,3867,Debit Card,22682.62,2022-02-28,Success
3868,3868,Debit Card,116964.4,2025-06-01,Success
3869,3869,COD,154009.74,2022-09-04,Success
3870,3870,Net Banking,184940.7,2022-04-17,Success
3871,3871,Debit Card,110740.84,2024-03-01,Refunded
3872,3872,Debit Card,58749.28,2023-04-09,Success
3873,3873,COD,47642.35,2023-01-19,Success
3874,3874,Credit Card,232934.84,2022-01-24,Success
3875,3875,UPI,63503.72,2022-06-28,Success
3876,3876,UPI,25876.93,2024-09-04,Success
3877,3877,Debit Card,72809.52,2025-10-27,Success
3878,3878,UPI,138791.56,2023-11-18,Success
3879,3879,UPI,121023.09,2022-03-04,Failed
3880,3880,Net Banking,33581.11,2023-11-04,Success
3881,3881,Debit Card,62746.73,2024-02-26,Success
3882,3882,Debit Card,94727.76,2022-05-03,Refunded
3883,3883,UPI,65160.09,2025-12-01,Refunded
3884,3884,Credit Card,88216.59,2023-02-19,Success
3885,3885,COD,60585.64,2022-11-16,Success
3886,3886,COD,72371.46,2022-09-30,Success
3887,3887,Credit Card,55589.69,2024-10-23,Success
3888,3888,COD,31738.88,2025-07-14,Success
3889,3889,COD,53100.83,2024-02-09,Success
3890,3890,Wallet,1488.35,2023-06-04,Success
3891,3891,Net Banking,36796.48,2025-08-30,Refunded
3892,3892,UPI,76575.98,2022-12-13,Success
3893,3893,Credit Card,70095.02,2025-10-16,Success
3894,3894,COD,101306.77,2022-05-20,Success
3895,3895,COD,19853.21,2024-12-17,Success
3896,3896,Debit Card,6035.22,2025-11-30,Success
3897,3897,UPI,63483.46,2023-12-17,Success
3898,3898,Wallet,33613.12,2025-03-10,Success
3899,3899,UPI,38831.1,2024-04-14,Success
3900,3900,Debit Card,56141.98,2025-01-17,Refunded
3901,3901,Wallet,106295.71,2022-11-25,Success
3902,3902,Credit Card,16162.83,2023-04-21,Success
3903,3903,COD,75833.32,2022-10-21,Success
3904,3904,Debit Card,11600.8,2024-07-13,Success
3905,3905,Wallet,102336.73,2023-02-02,Success
3906,3906,UPI,55543.0,2025-11-23,Success
3907,3907,COD,29837.79,2022-10-04,Success
3908,3908,Wallet,172916.99,2022-07-18,Success
3909,3909,Credit Card,48249.19,2024-06-16,Success
3910,3910,COD,45804.19,2024-03-14,Success
3911,3911,Wallet,165146.4,2024-08-19,Success
3912,3912,Net Banking,47918.47,2024-03-01,Failed
3913,3913,Net Banking,42138.9,2023-06-28,Success
3914,3914,Wallet,84454.29,2024-12-15,Success
3915,3915,Wallet,31175.42,2022-05-25,Success
3916,3916,Credit Card,94642.79,2022-09-17,Success
3917,3917,COD,36717.8,2023-12-18,Refunded
3918,3918,UPI,131928.32,2025-08-23,Success
3919,3919,UPI,75572.51,2024-06-22,Success
3920,3920,Wallet,88882.89,2025-11-21,Success
3921,3921,UPI,5285.2,2025-07-09,Success
3922,3922,UPI,120952.81,2022-11-06,Success
3923,3923,UPI,78976.56,2025-05-11,Success
3924,3924,Net Banking,12657.73,2022-07-02,Refunded
3925,3925,Wallet,28427.4,2023-07-12,Success
3926,3926,Wallet,303455.09,2025-04-12,Success
3927,3927,Wallet,93322.71,2023-05-08,Success
3928,3928,COD,68683.38,2024-08-05,Success
3929,3929,Credit Card,124773.06,2023-06-05,Success
3930,3930,Debit Card,30315.51,2025-08-10,Refunded
3931,3931,Debit Card,10379.0,2025-11-22,Success
3932,3932,UPI,16458.59,2022-02-28,Success
3933,3933,Credit Card,21614.61,2022-05-20,Success
3934,3934,COD,134332.82,2023-02-02,Success
3935,3935,Debit Card,90852.39,2026-01-01,Success
3936,3936,UPI,177074.94,2024-03-04,Success
3937,3937,Wallet,57633.72,2024-07-20,Success
3938,3938,Wallet,42476.76,2024-11-01,Success
3939,3939,Net Banking,119831.67,2024-06-13,Refunded
3940,3940,Net Banking,197672.69,2023-11-25,Success
3941,3941,UPI,23869.17,2023-10-18,Success
3942,3942,Wallet,33055.38,2022-09-14,Success
3943,3943,COD,34489.85,2023-12-22,Success
3944,3944,Wallet,25949.16,2023-12-16,Success
3945,3945,COD,187677.08,2022-10-14,Success
3946,3946,COD,1207.51,2024-01-30,Refunded
3947,3947,Net Banking,58847.39,2025-01-30,Success
3948,3948,Credit Card,76571.63,2023-01-22,Success
3949,3949,COD,14072.36,2025-02-24,Success
3950,3950,Credit Card,207866.34,2023-10-13,Refunded
3951,3951,Wallet,127233.94,2024-07-16,Success
3952,3952,COD,18651.11,2023-08-05,Success
3953,3953,COD,74194.89,2025-07-21,Refunded
3954,3954,UPI,47967.42,2022-10-26,Failed
3955,3955,COD,7591.0,2022-11-10,Refunded
3956,3956,Debit Card,65917.9,2025-01-14,Failed
3957,3957,Debit Card,84727.05,2022-08-09,Success
3958,3958,Debit Card,172855.48,2023-06-01,Success
3959,3959,COD,166369.7,2024-08-28,Success
3960,3960,Net Banking,27768.03,2025-12-29,Success
3961,3961,Wallet,56656.99,2022-12-08,Refunded
3962,3962,UPI,61891.08,2024-02-14,Success
3963,3963,Credit Card,51853.08,2025-05-05,Refunded
3964,3964,Wallet,60838.83,2024-11-18,Success
3965,3965,Debit Card,43672.55,2022-09-25,Success
3966,3966,Net Banking,36368.46,2022-04-07,Success
3967,3967,Debit Card,83354.27,2023-03-17,Success
3968,3968,UPI,95864.02,2023-11-26,Success
3969,3969,Credit Card,88167.05,2022-07-03,Success
3970,3970,UPI,204096.17,2022-07-17,Failed
3971,3971,Net Banking,16479.62,2023-03-02,Success
3972,3972,Wallet,150575.93,2025-12-17,Refunded
3973,3973,Debit Card,111619.08,2024-11-28,Success
3974,3974,Debit Card,52544.16,2024-11-11,Success
3975,3975,Net Banking,49710.51,2022-08-12,Success
3976,3976,Wallet,18935.0,2023-07-09,Failed
3977,3977,UPI,17589.69,2023-03-25,Success
3978,3978,Credit Card,100010.26,2022-08-03,Failed
3979,3979,Net Banking,49397.08,2023-08-09,Success
3980,3980,Debit Card,21032.91,2025-05-04,Success
3981,3981,COD,35199.44,2023-05-23,Success
3982,3982,Wallet,63010.41,2022-11-24,Success
3983,3983,UPI,25510.22,2025-12-09,Success
3984,3984,Wallet,27438.84,2024-04-28,Success
3985,3985,COD,88172.12,2023-05-14,Success
3986,3986,Net Banking,109882.13,2025-11-04,Failed
3987,3987,Credit Card,123749.93,2025-10-23,Success
3988,3988,Net Banking,209992.58,2025-01-05,Refunded
3989,3989,Wallet,38110.81,2024-10-21,Refunded
3990,3990,Credit Card,16907.09,2024-11-04,Refunded
3991,3991,Credit Card,50627.37,2024-02-15,Success
3992,3992,UPI,489.8,2025-08-14,Refunded
3993,3993,Wallet,75546.38,2024-12-04,Success
3994,3994,Credit Card,47370.58,2022-03-01,Success
3995,3995,Net Banking,166130.52,2022-07-13,Success
3996,3996,Net Banking,113263.31,2025-05-31,Success
3997,3997,COD,35046.05,2024-10-05,Success
3998,3998,COD,126395.9,2022-10-08,Success
3999,3999,COD,82229.71,2023-07-08,Success
4000,4000,UPI,72591.74,2022-01-23,Success
4001,4001,UPI,228940.49,2022-12-27,Success
4002,4002,Net Banking,68730.35,2022-01-02,Success
4003,4003,Debit Card,104536.57,2022-01-05,Success
4004,4004,Net Banking,83865.44,2023-04-07,Refunded
4005,4005,Credit Card,223416.09,2022-11-21,Refunded
4006,4006,Credit Card,125692.35,2022-07-25,Refunded
4007,4007,Net Banking,55042.05,2025-11-14,Success
4008,4008,Net Banking,68729.77,2022-01-01,Success
4009,4009,Wallet,29317.18,2022-07-01,Success
4010,4010,Credit Card,59798.54,2025-08-30,Failed
4011,4011,Debit Card,28709.19,2022-06-28,Success
4012,4012,COD,54948.16,2022-08-24,Success
4013,4013,COD,56980.62,2023-09-10,Refunded
4014,4014,Wallet,185129.97,2025-07-19,Success
4015,4015,UPI,4420.7,2025-07-29,Success
4016,4016,Debit Card,37182.13,2022-10-21,Success
4017,4017,Wallet,9508.74,2023-10-22,Success
4018,4018,COD,143133.33,2022-04-02,Success
4019,4019,Net Banking,100616.23,2025-03-24,Success
4020,4020,Debit Card,14544.45,2024-12-01,Refunded
4021,4021,Debit Card,73900.7,2025-08-30,Success
4022,4022,Credit Card,101605.18,2022-02-06,Success
4023,4023,Debit Card,90146.0,2022-05-15,Success
4024,4024,Net Banking,78948.98,2022-12-16,Success
4025,4025,UPI,196107.0,2023-03-03,Success
4026,4026,Credit Card,5148.06,2022-04-15,Refunded
4027,4027,Credit Card,79792.33,2025-08-11,Success
4028,4028,UPI,119052.04,2024-01-06,Success
4029,4029,UPI,71239.82,2023-05-16,Success
4030,4030,Net Banking,53381.62,2022-10-14,Success
4031,4031,Wallet,103579.34,2022-07-21,Success
4032,4032,Credit Card,30458.05,2024-11-18,Success
4033,4033,Credit Card,48335.11,2023-09-01,Success
4034,4034,Credit Card,133278.08,2023-10-21,Success
4035,4035,Wallet,26924.98,2022-05-18,Success
4036,4036,Debit Card,128323.94,2023-11-21,Refunded
4037,4037,COD,9653.07,2024-06-07,Success
4038,4038,UPI,80659.22,2025-10-25,Success
4039,4039,Wallet,126128.12,2025-09-27,Refunded
4040,4040,COD,26173.5,2024-06-26,Success
4041,4041,Wallet,26188.13,2024-02-25,Success
4042,4042,Debit Card,45804.19,2025-09-07,Success
4043,4043,UPI,52467.48,2023-10-09,Success
4044,4044,COD,33137.84,2024-07-06,Success
4045,4045,Wallet,34793.01,2025-05-12,Success
4046,4046,Wallet,120270.95,2024-05-16,Success
4047,4047,Wallet,6171.22,2024-10-21,Refunded
4048,4048,COD,108824.82,2022-04-20,Success
4049,4049,UPI,63907.09,2025-10-10,Refunded
4050,4050,Net Banking,1431.46,2023-10-03,Success
4051,4051,Net Banking,30540.24,2024-02-01,Success
4052,4052,COD,32105.33,2022-12-13,Success
4053,4053,Net Banking,17208.72,2025-06-29,Refunded
4054,4054,Credit Card,8319.3,2024-05-07,Success
4055,4055,Credit Card,143522.92,2022-04-02,Success
4056,4056,Credit Card,54440.64,2025-12-01,Success
4057,4057,Net Banking,241628.63,2024-03-19,Success
4058,4058,COD,50117.74,2022-06-29,Success
4059,4059,Debit Card,22016.13,2022-02-23,Failed
4060,4060,Net Banking,99013.43,2022-02-05,Success
4061,4061,Net Banking,105423.9,2024-12-28,Success
4062,4062,UPI,125823.96,2024-03-24,Failed
4063,4063,Wallet,114833.61,2022-05-13,Success
4064,4064,COD,112903.66,2023-06-15,Success
4065,4065,Credit Card,45982.78,2023-11-05,Success
4066,4066,Wallet,115530.69,2024-11-21,Success
4067,4067,Debit Card,13532.36,2022-04-22,Success
4068,4068,COD,96081.17,2025-01-08,Failed
4069,4069,UPI,67673.85,2023-06-23,Refunded
4070,4070,UPI,100327.15,2023-12-02,Success
4071,4071,UPI,32440.2,2023-07-23,Refunded
4072,4072,UPI,9973.43,2023-04-15,Success
4073,4073,Net Banking,99981.64,2023-02-05,Success
4074,4074,Debit Card,82068.51,2025-02-20,Success
4075,4075,Wallet,149616.96,2025-07-19,Success
4076,4076,Net Banking,24166.64,2023-10-21,Success
4077,4077,Wallet,161166.97,2024-07-04,Success
4078,4078,Credit Card,47244.13,2024-02-18,Failed
4079,4079,UPI,99275.53,2022-03-11,Success
4080,4080,UPI,35153.16,2025-10-13,Success
4081,4081,Wallet,39819.6,2025-04-15,Success
4082,4082,Net Banking,34609.19,2024-01-14,Refunded
4083,4083,UPI,39057.6,2025-11-28,Refunded
4084,4084,Debit Card,43540.72,2023-04-14,Success
4085,4085,Credit Card,56736.72,2022-03-29,Success
4086,4086,COD,61027.4,2025-06-04,Success
4087,4087,Wallet,20773.18,2025-02-17,Refunded
4088,4088,Net Banking,17333.01,2023-05-21,Refunded
4089,4089,Credit Card,77808.96,2023-06-28,Success
4090,4090,Wallet,22369.52,2024-09-26,Success
4091,4091,Credit Card,104679.95,2023-04-22,Failed
4092,4092,Credit Card,37806.25,2023-12-16,Success
4093,4093,Net Banking,11905.59,2023-06-06,Success
4094,4094,Wallet,140295.06,2023-08-01,Refunded
4095,4095,Wallet,13048.85,2024-05-23,Success
4096,4096,Wallet,84951.45,2023-03-27,Failed
4097,4097,UPI,64187.99,2024-07-14,Success
4098,4098,Credit Card,101709.92,2024-04-23,Success
4099,4099,UPI,125245.84,2023-06-02,Success
4100,4100,UPI,111760.22,2025-09-24,Success
4101,4101,Credit Card,3025.26,2023-08-13,Failed
4102,4102,Credit Card,20250.02,2024-11-03,Failed
4103,4103,COD,176656.35,2024-12-04,Success
4104,4104,Wallet,60105.9,2023-06-18,Success
4105,4105,Debit Card,2233.05,2023-01-02,Success
4106,4106,Credit Card,112366.19,2025-11-01,Refunded
4107,4107,Credit Card,32457.74,2022-10-27,Success
4108,4108,Debit Card,13495.63,2024-01-04,Success
4109,4109,UPI,101428.5,2025-05-04,Success
4110,4110,Credit Card,32799.49,2025-04-20,Refunded
4111,4111,Wallet,115014.42,2024-05-09,Success
4112,4112,Credit Card,114738.56,2023-10-10,Success
4113,4113,COD,107794.74,2024-07-03,Success
4114,4114,Debit Card,89168.77,2023-02-20,Success
4115,4115,Net Banking,200933.58,2022-07-11,Success
4116,4116,UPI,174372.32,2022-04-06,Refunded
4117,4117,Debit Card,62654.32,2025-08-05,Success
4118,4118,Debit Card,49266.9,2022-01-03,Success
4119,4119,Debit Card,129723.05,2023-11-28,Success
4120,4120,Net Banking,37863.53,2025-08-16,Success
4121,4121,COD,15908.23,2023-01-21,Success
4122,4122,Credit Card,15628.6,2025-07-27,Success
4123,4123,Net Banking,16536.42,2024-12-03,Success
4124,4124,Debit Card,573.18,2022-09-20,Success
4125,4125,UPI,28891.01,2023-07-22,Refunded
4126,4126,Debit Card,124129.18,2025-10-16,Failed
4127,4127,COD,179192.36,2024-02-03,Success
4128,4128,COD,86024.06,2022-11-11,Success
4129,4129,UPI,26669.07,2025-08-10,Refunded
4130,4130,Debit Card,188256.83,2024-02-07,Refunded
4131,4131,Debit Card,115379.56,2024-09-02,Refunded
4132,4132,UPI,84075.97,2025-01-25,Success
4133,4133,UPI,33334.02,2025-07-15,Success
4134,4134,Wallet,39819.6,2025-08-20,Success
4135,4135,Net Banking,11484.39,2022-12-30,Success
4136,4136,Wallet,44016.5,2022-05-25,Success
4137,4137,Net Banking,6189.21,2022-03-21,Success
4138,4138,Net Banking,168118.27,2023-09-12,Success
4139,4139,Net Banking,44011.38,2022-10-10,Success
4140,4140,Credit Card,34232.25,2024-03-19,Refunded
4141,4141,Credit Card,61471.73,2022-09-23,Success
4142,4142,Net Banking,43794.04,2022-10-18,Success
4143,4143,Debit Card,7290.61,2022-10-29,Refunded
4144,4144,Credit Card,66577.27,2024-03-11,Refunded
4145,4145,Credit Card,47886.9,2025-10-13,Success
4146,4146,COD,56744.43,2025-12-05,Success
4147,4147,Credit Card,105791.15,2022-11-01,Success
4148,4148,COD,36912.1,2024-12-21,Success
4149,4149,COD,41137.08,2023-09-02,Success
4150,4150,UPI,90523.45,2025-06-23,Success
4151,4151,UPI,210514.66,2025-11-14,Success
4152,4152,COD,148413.27,2023-07-21,Success
4153,4153,Net Banking,31082.84,2023-03-17,Success
4154,4154,UPI,13455.56,2023-06-08,Success
4155,4155,Net Banking,256261.93,2025-04-27,Success
4156,4156,UPI,58381.94,2022-04-15,Success
4157,4157,Debit Card,177624.51,2024-08-26,Success
4158,4158,COD,13770.82,2025-05-31,Success
4159,4159,Debit Card,10518.45,2025-05-13,Refunded
4160,4160,Debit Card,123013.67,2025-06-01,Success
4161,4161,Credit Card,183773.13,2025-07-22,Success
4162,4162,Debit Card,123528.91,2022-11-03,Success
4163,4163,Debit Card,65887.59,2022-06-03,Success
4164,4164,Debit Card,33774.99,2025-04-23,Failed
4165,4165,COD,34848.6,2022-01-06,Success
4166,4166,Credit Card,139129.85,2025-02-06,Refunded
4167,4167,Credit Card,15076.03,2025-11-07,Success
4168,4168,Debit Card,3274.68,2022-07-12,Success
4169,4169,COD,160069.42,2022-01-15,Success
4170,4170,Debit Card,123652.46,2022-12-19,Failed
4171,4171,COD,25514.78,2024-11-13,Refunded
4172,4172,Credit Card,159673.85,2022-11-13,Success
4173,4173,Wallet,142298.91,2022-12-25,Failed
4174,4174,COD,22845.01,2023-11-04,Success
4175,4175,Debit Card,1060.46,2022-02-04,Success
4176,4176,Wallet,34921.94,2022-10-18,Success
4177,4177,Debit Card,113328.47,2024-05-02,Success
4178,4178,Net Banking,57556.27,2025-05-30,Refunded
4179,4179,COD,94311.12,2023-10-24,Success
4180,4180,Debit Card,162947.8,2023-11-11,Success
4181,4181,Net Banking,61880.74,2023-05-09,Success
4182,4182,UPI,97669.85,2024-10-12,Success
4183,4183,UPI,30239.63,2025-05-07,Success
4184,4184,Wallet,92592.54,2023-12-28,Success
4185,4185,COD,119113.06,2023-01-31,Success
4186,4186,Net Banking,138145.4,2022-06-01,Success
4187,4187,Debit Card,111952.59,2024-08-27,Success
4188,4188,Credit Card,60775.01,2025-02-25,Success
4189,4189,Credit Card,86595.84,2022-01-20,Refunded
4190,4190,UPI,32517.04,2024-12-04,Success
4191,4191,UPI,28810.58,2024-12-10,Success
4192,4192,UPI,21027.58,2025-05-18,Success
4193,4193,Debit Card,120884.21,2022-08-11,Refunded
4194,4194,Net Banking,215141.58,2023-01-06,Failed
4195,4195,Credit Card,63404.17,2025-05-24,Success
4196,4196,Credit Card,130775.48,2025-10-10,Refunded
4197,4197,Net Banking,80600.28,2025-08-06,Success
4198,4198,Wallet,7574.01,2022-10-17,Success
4199,4199,COD,114528.9,2022-01-11,Success
4200,4200,Debit Card,9020.35,2024-03-19,Success
4201,4201,Debit Card,78210.67,2023-01-11,Success
4202,4202,Credit Card,65787.91,2023-02-10,Success
4203,4203,Wallet,42709.96,2022-12-23,Success
4204,4204,Credit Card,34096.26,2023-04-17,Success
4205,4205,COD,103854.98,2022-09-13,Success
4206,4206,Net Banking,11796.02,2023-08-25,Refunded
4207,4207,Debit Card,110237.9,2022-04-17,Success
4208,4208,Net Banking,8529.28,2024-06-14,Failed
4209,4209,Credit Card,21118.04,2023-10-17,Success
4210,4210,Wallet,48646.0,2024-05-22,Refunded
4211,4211,Debit Card,304350.98,2025-05-15,Success
4212,4212,Credit Card,25256.67,2025-04-08,Success
4213,4213,Credit Card,26065.9,2024-10-09,Failed
4214,4214,COD,5274.78,2025-04-25,Refunded
4215,4215,UPI,171807.41,2024-01-09,Success
4216,4216,Net Banking,69108.39,2025-11-13,Success
4217,4217,Wallet,81795.87,2022-05-02,Success
4218,4218,Net Banking,157641.17,2023-11-18,Refunded
4219,4219,Net Banking,90727.54,2023-02-03,Success
4220,4220,COD,32752.98,2025-11-05,Success
4221,4221,Debit Card,101737.43,2024-03-19,Success
4222,4222,Debit Card,126853.62,2022-07-06,Success
4223,4223,UPI,115355.86,2025-07-05,Failed
4224,4224,COD,48336.59,2023-01-05,Success
4225,4225,Credit Card,19176.59,2024-05-04,Success
4226,4226,Wallet,64771.03,2024-06-25,Success
4227,4227,Wallet,22832.74,2022-06-13,Refunded
4228,4228,Credit Card,37825.68,2023-09-09,Success
4229,4229,Debit Card,77128.1,2025-06-28,Success
4230,4230,Wallet,199516.6,2022-04-08,Success
4231,4231,Net Banking,123738.06,2022-06-23,Success
4232,4232,Net Banking,81440.23,2022-10-17,Success
4233,4233,Wallet,146975.44,2024-07-14,Success
4234,4234,Net Banking,103555.95,2025-01-19,Success
4235,4235,COD,24854.94,2023-07-13,Success
4236,4236,Net Banking,32807.28,2023-07-13,Success
4237,4237,COD,106990.52,2023-10-23,Refunded
4238,4238,UPI,82015.44,2024-02-21,Success
4239,4239,Debit Card,13320.86,2024-09-15,Success
4240,4240,UPI,55735.86,2025-02-02,Success
4241,4241,Debit Card,54161.06,2023-09-27,Success
4242,4242,Wallet,27009.15,2022-05-18,Success
4243,4243,UPI,84434.59,2024-05-16,Success
4244,4244,COD,5171.12,2024-10-19,Success
4245,4245,Wallet,74404.08,2025-02-24,Success
4246,4246,Wallet,24220.15,2024-03-11,Success
4247,4247,COD,118628.18,2023-09-27,Success
4248,4248,COD,76453.36,2022-08-25,Success
4249,4249,Credit Card,52323.85,2023-02-03,Failed
4250,4250,Net Banking,105060.95,2023-05-10,Success
4251,4251,Credit Card,34630.89,2022-10-21,Success
4252,4252,Wallet,23087.26,2024-09-25,Success
4253,4253,Credit Card,128202.74,2023-07-26,Success
4254,4254,Credit Card,22896.2,2023-09-19,Refunded
4255,4255,Wallet,50028.4,2023-03-21,Success
4256,4256,Debit Card,12518.54,2023-12-28,Failed
4257,4257,COD,16313.14,2023-03-27,Success
4258,4258,Wallet,16810.74,2025-09-14,Success
4259,4259,Wallet,37370.35,2025-05-18,Success
4260,4260,Wallet,690.5,2024-09-30,Success
4261,4261,UPI,77417.43,2023-04-19,Success
4262,4262,COD,90105.1,2023-07-15,Refunded
4263,4263,Wallet,12421.46,2022-10-30,Success
4264,4264,Debit Card,118568.76,2023-12-24,Success
4265,4265,COD,73312.8,2023-03-20,Success
4266,4266,COD,76245.26,2025-06-16,Success
4267,4267,Credit Card,45313.2,2024-01-13,Failed
4268,4268,Credit Card,45809.8,2025-07-19,Refunded
4269,4269,Wallet,14594.58,2023-05-15,Refunded
4270,4270,Debit Card,78227.59,2025-09-17,Refunded
4271,4271,Debit Card,98323.31,2024-03-23,Success
4272,4272,Net Banking,95503.67,2025-06-29,Success
4273,4273,Net Banking,13475.42,2025-03-27,Success
4274,4274,Net Banking,38024.1,2024-12-13,Success
4275,4275,UPI,57037.14,2024-06-28,Success
4276,4276,Debit Card,120318.11,2024-03-22,Success
4277,4277,Net Banking,23675.12,2022-12-20,Success
4278,4278,COD,24585.18,2025-10-29,Success
4279,4279,Credit Card,130131.64,2025-12-09,Success
4280,4280,Net Banking,14547.87,2025-02-23,Success
4281,4281,UPI,48115.44,2022-11-25,Success
4282,4282,Wallet,110245.43,2025-09-13,Success
4283,4283,COD,81418.23,2025-05-15,Success
4284,4284,Wallet,37256.73,2024-10-28,Success
4285,4285,UPI,25283.52,2024-10-04,Success
4286,4286,Debit Card,1636.75,2022-07-15,Success
4287,4287,UPI,57280.58,2025-05-14,Success
4288,4288,UPI,51100.05,2025-10-11,Success
4289,4289,Credit Card,48332.75,2025-12-24,Refunded
4290,4290,COD,50941.82,2024-08-26,Success
4291,4291,Credit Card,41452.22,2023-12-10,Success
4292,4292,Debit Card,66283.92,2024-02-02,Success
4293,4293,Wallet,114290.2,2025-09-26,Success
4294,4294,Wallet,6108.04,2025-12-29,Success
4295,4295,COD,64740.37,2025-09-08,Success
4296,4296,Credit Card,116298.74,2022-03-10,Success
4297,4297,Net Banking,26142.94,2024-12-02,Success
4298,4298,COD,26084.7,2023-11-21,Failed
4299,4299,Net Banking,4419.93,2022-10-24,Success
4300,4300,Credit Card,100223.48,2023-01-31,Success
4301,4301,COD,52030.63,2024-04-07,Success
4302,4302,Debit Card,42662.64,2025-01-14,Success
4303,4303,Net Banking,166778.25,2023-02-14,Refunded
4304,4304,UPI,8785.68,2025-02-10,Success
4305,4305,Debit Card,312522.3,2024-05-20,Refunded
4306,4306,Wallet,92748.53,2022-11-20,Success
4307,4307,Debit Card,56118.73,2023-09-04,Success
4308,4308,Net Banking,22527.07,2024-02-16,Success
4309,4309,Credit Card,21329.21,2022-04-10,Success
4310,4310,COD,27181.54,2025-10-13,Success
4311,4311,Net Banking,33714.57,2024-05-10,Refunded
4312,4312,Wallet,78412.96,2024-09-01,Success
4313,4313,Debit Card,20531.72,2022-04-13,Success
4314,4314,Credit Card,2346.21,2025-03-02,Success
4315,4315,Wallet,14627.31,2023-02-06,Success
4316,4316,Wallet,54407.58,2024-01-30,Success
4317,4317,COD,100773.21,2022-09-11,Success
4318,4318,Wallet,129899.53,2024-03-07,Success
4319,4319,UPI,28641.47,2022-09-30,Success
4320,4320,Debit Card,103624.5,2023-07-15,Success
4321,4321,Net Banking,168542.08,2024-12-20,Success
4322,4322,UPI,7058.14,2023-12-01,Refunded
4323,4323,Net Banking,119683.03,2023-09-01,Refunded
4324,4324,Net Banking,205694.74,2024-08-22,Success
4325,4325,Net Banking,32239.24,2024-02-28,Refunded
4326,4326,Net Banking,95598.55,2023-01-22,Success
4327,4327,Net Banking,73926.15,2024-01-17,Failed
4328,4328,Credit Card,45172.12,2022-11-09,Success
4329,4329,UPI,73008.3,2025-07-20,Success
4330,4330,Credit Card,1290.47,2024-05-02,Success
4331,4331,Wallet,29651.96,2024-05-04,Success
4332,4332,Wallet,18481.16,2022-12-22,Failed
4333,4333,Credit Card,168143.04,2023-07-25,Success
4334,4334,COD,56328.64,2024-10-30,Success
4335,4335,Debit Card,133630.72,2024-09-25,Refunded
4336,4336,Credit Card,53695.17,2022-10-15,Success
4337,4337,Wallet,116196.57,2025-01-31,Failed
4338,4338,COD,8731.5,2025-10-14,Refunded
4339,4339,UPI,186071.24,2024-07-02,Success
4340,4340,UPI,26721.07,2023-12-02,Success
4341,4341,UPI,16658.72,2023-12-14,Success
4342,4342,Net Banking,38692.71,2025-07-13,Success
4343,4343,Wallet,109926.18,2025-09-20,Success
4344,4344,UPI,204458.93,2025-05-28,Success
4345,4345,Net Banking,196038.89,2025-08-22,Success
4346,4346,Wallet,78371.6,2024-10-25,Refunded
4347,4347,Debit Card,90495.56,2023-03-09,Success
4348,4348,Debit Card,20988.09,2023-11-24,Success
4349,4349,COD,65372.1,2022-12-09,Failed
4350,4350,Wallet,185346.8,2024-01-13,Success
4351,4351,Wallet,13881.44,2025-12-28,Success
4352,4352,COD,114831.72,2023-09-27,Success
4353,4353,Debit Card,40365.37,2024-07-28,Refunded
4354,4354,Credit Card,49519.04,2024-12-17,Success
4355,4355,Credit Card,130878.45,2022-07-27,Failed
4356,4356,Debit Card,100429.27,2025-03-16,Success
4357,4357,COD,144447.13,2024-08-10,Success
4358,4358,Wallet,63439.28,2023-12-20,Refunded
4359,4359,Net Banking,47707.44,2022-02-17,Success
4360,4360,Debit Card,165035.19,2025-10-15,Failed
4361,4361,Debit Card,40939.49,2022-12-21,Refunded
4362,4362,Credit Card,79243.74,2025-02-05,Failed
4363,4363,Credit Card,158953.2,2024-08-07,Success
4364,4364,Net Banking,42655.28,2024-04-03,Success
4365,4365,Net Banking,22954.47,2023-01-28,Success
4366,4366,Credit Card,272408.84,2024-02-27,Success
4367,4367,Credit Card,68858.2,2023-12-08,Failed
4368,4368,COD,109853.76,2022-12-26,Success
4369,4369,UPI,38812.49,2024-12-01,Success
4370,4370,Credit Card,97824.79,2023-12-03,Success
4371,4371,Credit Card,19583.8,2023-10-31,Refunded
4372,4372,Net Banking,111704.95,2023-01-29,Success
4373,4373,UPI,46852.47,2024-09-08,Success
4374,4374,Debit Card,61319.75,2025-01-14,Success
4375,4375,Wallet,60750.06,2023-09-14,Success
4376,4376,UPI,134181.7,2022-05-09,Success
4377,4377,Debit Card,53044.57,2023-12-18,Success
4378,4378,UPI,43432.31,2024-07-14,Success
4379,4379,UPI,119739.43,2024-05-04,Success
4380,4380,COD,19505.36,2022-11-02,Success
4381,4381,Debit Card,12909.05,2025-04-10,Refunded
4382,4382,COD,2602.94,2023-10-04,Success
4383,4383,Debit Card,61315.81,2022-09-27,Refunded
4384,4384,Wallet,53182.61,2025-07-01,Refunded
4385,4385,COD,33383.48,2025-12-26,Success
4386,4386,Wallet,157854.17,2024-04-30,Success
4387,4387,COD,75142.3,2024-03-09,Success
4388,4388,COD,25490.74,2025-02-11,Success
4389,4389,COD,73816.0,2022-04-24,Success
4390,4390,Net Banking,16033.04,2024-03-04,Success
4391,4391,COD,3827.0,2025-06-08,Success
4392,4392,COD,7963.03,2023-04-07,Success
4393,4393,UPI,43051.34,2023-02-22,Success
4394,4394,Debit Card,65786.91,2024-06-01,Success
4395,4395,COD,83459.12,2022-08-13,Failed
4396,4396,Wallet,8738.29,2023-06-06,Success
4397,4397,Credit Card,132320.31,2024-01-06,Refunded
4398,4398,Credit Card,29013.94,2024-03-26,Success
4399,4399,COD,25462.64,2022-07-17,Refunded
4400,4400,COD,112648.8,2023-04-17,Success
4401,4401,Debit Card,76208.23,2025-04-22,Success
4402,4402,UPI,14571.71,2024-06-06,Success
4403,4403,Net Banking,180429.21,2022-11-29,Success
4404,4404,COD,86474.8,2024-07-29,Success
4405,4405,Debit Card,155025.49,2022-11-05,Failed
4406,4406,UPI,9194.68,2025-08-26,Success
4407,4407,Net Banking,94165.87,2024-09-04,Success
4408,4408,COD,22894.55,2024-01-23,Success
4409,4409,Credit Card,119943.16,2025-11-08,Success
4410,4410,Wallet,87626.61,2025-03-31,Success
4411,4411,COD,199095.84,2024-03-13,Success
4412,4412,Net Banking,143697.19,2025-12-11,Success
4413,4413,Net Banking,164539.9,2022-06-29,Success
4414,4414,UPI,175074.57,2025-12-05,Refunded
4415,4415,Wallet,149854.87,2024-02-26,Success
4416,4416,COD,38975.42,2023-02-20,Refunded
4417,4417,COD,117129.69,2022-02-01,Success
4418,4418,Credit Card,34763.27,2023-02-22,Refunded
4419,4419,UPI,30380.52,2025-07-18,Success
4420,4420,UPI,189663.34,2023-07-17,Success
4421,4421,COD,61109.79,2022-10-23,Success
4422,4422,UPI,90589.85,2023-09-20,Success
4423,4423,Debit Card,18101.69,2024-10-13,Refunded
4424,4424,UPI,63473.23,2024-01-28,Success
4425,4425,Net Banking,13302.13,2023-01-11,Success
4426,4426,Credit Card,191375.78,2023-07-21,Refunded
4427,4427,COD,64264.39,2022-04-15,Success
4428,4428,Debit Card,55525.49,2022-11-18,Success
4429,4429,Net Banking,151403.03,2023-09-11,Failed
4430,4430,Net Banking,2429.12,2022-08-28,Refunded
4431,4431,UPI,15264.52,2024-01-15,Success
4432,4432,Debit Card,82154.36,2024-09-21,Success
4433,4433,Debit Card,15630.96,2022-03-18,Success
4434,4434,Wallet,15619.71,2023-04-20,Success
4435,4435,UPI,2404.11,2022-06-21,Refunded
4436,4436,Credit Card,74961.66,2023-11-18,Success
4437,4437,Net Banking,33775.85,2022-04-03,Success
4438,4438,Wallet,27084.19,2025-12-21,Success
4439,4439,Credit Card,34295.44,2022-09-27,Success
4440,4440,Net Banking,109103.98,2023-11-18,Success
4441,4441,Credit Card,156893.88,2024-12-05,Failed
4442,4442,Net Banking,38500.44,2025-12-21,Refunded
4443,4443,COD,50564.56,2022-08-12,Refunded
4444,4444,UPI,30679.34,2022-09-20,Success
4445,4445,Credit Card,16117.23,2024-05-17,Success
4446,4446,COD,64602.58,2025-02-28,Refunded
4447,4447,COD,71736.67,2022-10-14,Failed
4448,4448,UPI,60589.82,2026-01-01,Success
4449,4449,COD,956.75,2025-07-31,Success
4450,4450,Credit Card,20413.51,2022-01-16,Success
4451,4451,UPI,50014.73,2024-05-10,Success
4452,4452,COD,40764.58,2025-11-16,Success
4453,4453,Net Banking,36898.09,2023-08-02,Success
4454,4454,Wallet,70176.88,2022-01-15,Success
4455,4455,Debit Card,163434.74,2025-06-22,Success
4456,4456,Debit Card,35826.32,2023-05-26,Success
4457,4457,Wallet,62087.97,2024-09-20,Success
4458,4458,Debit Card,10980.3,2023-08-26,Success
4459,4459,Credit Card,85536.56,2025-09-06,Success
4460,4460,Net Banking,64969.7,2023-02-20,Success
4461,4461,COD,29683.85,2022-04-15,Success
4462,4462,UPI,16497.19,2023-11-18,Failed
4463,4463,COD,5356.91,2025-07-06,Success
4464,4464,COD,53458.31,2025-02-28,Failed
4465,4465,Wallet,99433.22,2024-05-09,Success
4466,4466,Debit Card,46875.67,2022-05-07,Success
4467,4467,Wallet,28461.27,2022-10-17,Success
4468,4468,Wallet,20250.02,2025-10-29,Success
4469,4469,Credit Card,1910.46,2023-12-22,Refunded
4470,4470,COD,30321.24,2022-11-20,Success
4471,4471,Debit Card,87432.3,2025-04-05,Refunded
4472,4472,Debit Card,79472.53,2024-10-12,Success
4473,4473,UPI,96300.53,2023-05-08,Refunded
4474,4474,UPI,49493.06,2024-08-26,Success
4475,4475,COD,41270.7,2025-05-30,Success
4476,4476,COD,111746.42,2024-01-18,Success
4477,4477,Wallet,64358.4,2023-01-29,Failed
4478,4478,Wallet,121679.82,2024-01-18,Success
4479,4479,Credit Card,27387.59,2023-09-14,Success
4480,4480,Net Banking,30152.77,2025-10-03,Refunded
4481,4481,Wallet,53321.84,2022-12-06,Success
4482,4482,Wallet,67688.42,2025-11-10,Success
4483,4483,UPI,21568.91,2024-08-21,Success
4484,4484,Debit Card,20541.91,2024-08-13,Success
4485,4485,Net Banking,29393.26,2023-05-27,Refunded
4486,4486,Net Banking,22433.58,2025-04-09,Success
4487,4487,COD,47986.75,2025-07-20,Refunded
4488,4488,Net Banking,2354.72,2025-06-29,Failed
4489,4489,Credit Card,56968.68,2024-08-26,Success
4490,4490,COD,7643.82,2025-01-28,Success
4491,4491,Debit Card,67704.06,2025-10-11,Success
4492,4492,COD,117879.73,2023-12-29,Success
4493,4493,Debit Card,98117.49,2023-07-03,Success
4494,4494,UPI,20424.53,2023-03-10,Refunded
4495,4495,Credit Card,157234.22,2023-03-02,Success
4496,4496,COD,2117.44,2025-03-24,Success
4497,4497,Wallet,204775.0,2023-05-25,Success
4498,4498,COD,7106.85,2022-01-20,Success
4499,4499,COD,34650.99,2022-04-20,Success
4500,4500,Credit Card,15911.12,2023-05-24,Success
4501,4501,Debit Card,48728.57,2023-07-22,Success
4502,4502,COD,25912.66,2025-02-27,Success
4503,4503,Credit Card,34693.05,2024-08-15,Success
4504,4504,Debit Card,31856.92,2025-06-24,Refunded
4505,4505,Credit Card,146876.81,2023-01-18,Success
4506,4506,UPI,113537.57,2022-03-20,Success
4507,4507,COD,212800.95,2025-06-17,Success
4508,4508,Net Banking,121430.85,2024-03-21,Success
4509,4509,COD,140086.94,2022-03-22,Success
4510,4510,COD,28441.98,2022-03-09,Success
4511,4511,Credit Card,59055.16,2025-08-03,Failed
4512,4512,Wallet,60337.35,2022-04-12,Success
4513,4513,Debit Card,31208.58,2023-09-25,Success
4514,4514,Debit Card,88971.24,2023-11-25,Failed
4515,4515,Credit Card,155194.46,2024-12-09,Refunded
4516,4516,Wallet,101644.48,2022-05-16,Success
4517,4517,Credit Card,4692.42,2022-10-13,Success
4518,4518,Credit Card,112661.04,2024-08-13,Success
4519,4519,Net Banking,185316.14,2023-03-07,Refunded
4520,4520,COD,189326.7,2023-07-12,Success
4521,4521,COD,123217.88,2023-10-12,Success
4522,4522,Credit Card,190850.56,2022-01-29,Refunded
4523,4523,Wallet,17347.57,2025-03-04,Success
4524,4524,UPI,63581.39,2024-03-08,Refunded
4525,4525,Debit Card,121554.58,2024-07-23,Failed
4526,4526,Net Banking,102507.0,2023-10-20,Success
4527,4527,Debit Card,188327.11,2022-09-03,Failed
4528,4528,COD,124657.58,2022-10-15,Success
4529,4529,Net Banking,9273.55,2023-02-06,Success
4530,4530,Debit Card,35465.26,2022-12-15,Refunded
4531,4531,Net Banking,29340.36,2025-02-07,Success
4532,4532,COD,177451.78,2024-10-16,Success
4533,4533,Net Banking,43166.37,2024-09-29,Failed
4534,4534,Net Banking,21012.11,2026-01-01,Failed
4535,4535,Wallet,37412.1,2022-02-16,Success
4536,4536,Wallet,61303.14,2022-02-02,Success
4537,4537,Debit Card,153060.22,2024-09-28,Success
4538,4538,COD,42417.77,2022-06-24,Refunded
4539,4539,Credit Card,13780.13,2024-08-31,Success
4540,4540,COD,25229.17,2023-06-08,Success
4541,4541,Net Banking,55003.38,2022-02-16,Success
4542,4542,Wallet,77312.63,2022-02-22,Refunded
4543,4543,Wallet,207101.37,2025-05-07,Success
4544,4544,UPI,22990.98,2024-11-28,Success
4545,4545,UPI,156426.39,2025-12-28,Success
4546,4546,COD,64713.17,2025-12-21,Success
4547,4547,Wallet,45265.78,2023-06-27,Success
4548,4548,Credit Card,76778.3,2022-07-29,Success
4549,4549,Net Banking,113193.66,2025-12-10,Success
4550,4550,Net Banking,134167.22,2025-03-17,Success
4551,4551,Net Banking,110234.95,2023-04-24,Refunded
4552,4552,Net Banking,87627.64,2022-03-04,Failed
4553,4553,Wallet,39477.28,2023-11-18,Success
4554,4554,Net Banking,67844.83,2023-06-21,Success
4555,4555,Net Banking,18131.62,2025-06-10,Success
4556,4556,UPI,63303.85,2024-03-07,Success
4557,4557,COD,16500.24,2023-08-03,Failed
4558,4558,Debit Card,21843.22,2024-07-11,Success
4559,4559,Wallet,110442.57,2024-06-29,Success
4560,4560,Wallet,26272.38,2024-09-02,Success
4561,4561,Wallet,79516.1,2022-12-28,Success
4562,4562,COD,103126.5,2023-08-18,Success
4563,4563,Credit Card,159947.5,2023-07-22,Success
4564,4564,COD,51120.81,2025-05-03,Success
4565,4565,Wallet,23317.98,2025-07-12,Success
4566,4566,Net Banking,210984.86,2022-11-17,Success
4567,4567,Credit Card,110832.35,2023-03-28,Success
4568,4568,Wallet,122306.02,2025-03-16,Success
4569,4569,UPI,17784.87,2024-03-02,Success
4570,4570,Credit Card,141851.1,2022-01-26,Success
4571,4571,Net Banking,30855.83,2023-04-22,Failed
4572,4572,Net Banking,52828.53,2024-01-19,Success
4573,4573,UPI,4628.63,2023-10-20,Refunded
4574,4574,COD,23410.3,2023-07-24,Success
4575,4575,COD,60652.25,2025-08-31,Success
4576,4576,COD,15683.22,2025-02-09,Success
4577,4577,Debit Card,14615.24,2022-03-17,Success
4578,4578,UPI,66916.54,2024-06-02,Failed
4579,4579,Debit Card,52036.48,2024-10-20,Refunded
4580,4580,Credit Card,43122.13,2024-12-23,Success
4581,4581,UPI,47774.9,2023-04-24,Refunded
4582,4582,Wallet,11981.29,2023-01-24,Success
4583,4583,UPI,111780.19,2025-03-07,Success
4584,4584,Debit Card,62776.84,2025-10-23,Success
4585,4585,UPI,173883.07,2025-07-13,Success
4586,4586,Credit Card,17211.24,2023-11-17,Success
4587,4587,Debit Card,31835.8,2023-01-11,Success
4588,4588,Net Banking,45365.17,2023-07-25,Success
4589,4589,Credit Card,49209.69,2025-06-03,Success
4590,4590,Debit Card,87756.11,2025-05-20,Success
4591,4591,Net Banking,158535.43,2022-01-25,Success
4592,4592,UPI,72233.42,2025-04-01,Success
4593,4593,Wallet,31867.31,2023-01-10,Success
4594,4594,UPI,63570.85,2022-08-29,Success
4595,4595,Debit Card,84622.85,2025-06-17,Success
4596,4596,Wallet,42874.81,2023-06-02,Success
4597,4597,Credit Card,102990.27,2023-02-13,Refunded
4598,4598,COD,157040.48,2022-04-14,Success
4599,4599,Debit Card,49650.77,2022-02-25,Success
4600,4600,Credit Card,24649.38,2023-05-28,Refunded
4601,4601,UPI,71893.88,2022-06-12,Success
4602,4602,Debit Card,75956.16,2022-10-13,Success
4603,4603,COD,94701.64,2024-02-19,Success
4604,4604,Wallet,41524.95,2024-10-06,Success
4605,4605,Net Banking,54550.06,2023-01-22,Success
4606,4606,Credit Card,32937.22,2025-12-14,Success
4607,4607,Net Banking,37438.14,2023-09-28,Success
4608,4608,COD,5808.16,2025-01-29,Success
4609,4609,Debit Card,119057.89,2022-08-16,Success
4610,4610,COD,75220.08,2024-05-19,Failed
4611,4611,UPI,122188.85,2022-11-25,Success
4612,4612,Credit Card,11002.13,2023-11-21,Success
4613,4613,Debit Card,164952.53,2022-10-25,Success
4614,4614,Net Banking,58021.31,2022-10-05,Success
4615,4615,Debit Card,249665.25,2025-12-10,Success
4616,4616,Wallet,120832.25,2023-03-13,Success
4617,4617,COD,42283.52,2024-07-07,Success
4618,4618,UPI,43225.4,2023-03-30,Refunded
4619,4619,Net Banking,33724.29,2024-05-27,Success
4620,4620,Debit Card,164579.19,2024-12-23,Refunded
4621,4621,Debit Card,1910.46,2023-11-18,Success
4622,4622,COD,152069.14,2022-02-27,Success
4623,4623,Credit Card,6290.87,2025-02-03,Success
4624,4624,Wallet,148963.83,2023-08-31,Success
4625,4625,UPI,141760.67,2022-12-17,Success
4626,4626,Debit Card,43737.51,2024-01-13,Success
4627,4627,Wallet,227385.14,2024-08-23,Refunded
4628,4628,COD,32256.51,2025-10-23,Refunded
4629,4629,UPI,38963.4,2024-08-28,Success
4630,4630,Credit Card,179677.5,2022-05-06,Success
4631,4631,Net Banking,14303.81,2025-08-11,Success
4632,4632,UPI,1041.09,2024-09-19,Success
4633,4633,Wallet,116377.13,2025-12-31,Success
4634,4634,Net Banking,129203.05,2023-08-27,Success
4635,4635,Credit Card,101954.02,2024-06-12,Failed
4636,4636,UPI,21532.91,2023-10-18,Refunded
4637,4637,Credit Card,28473.14,2022-03-12,Success
4638,4638,Wallet,24704.09,2024-10-02,Success
4639,4639,Net Banking,18514.53,2023-06-13,Failed
4640,4640,UPI,59802.8,2024-12-17,Success
4641,4641,Net Banking,18044.32,2023-12-17,Success
4642,4642,Net Banking,152928.61,2022-02-16,Success
4643,4643,COD,3249.72,2023-01-09,Success
4644,4644,UPI,51369.81,2022-10-27,Success
4645,4645,UPI,20481.08,2024-08-06,Success
4646,4646,Debit Card,251541.2,2023-11-27,Success
4647,4647,Credit Card,22278.0,2023-02-24,Refunded
4648,4648,Credit Card,27644.1,2023-06-06,Success
4649,4649,Debit Card,144135.2,2023-06-01,Success
4650,4650,COD,64780.47,2022-12-14,Success
4651,4651,COD,83733.87,2023-11-25,Refunded
4652,4652,COD,52349.41,2022-03-18,Success
4653,4653,COD,79839.28,2022-11-13,Success
4654,4654,Credit Card,23656.44,2024-03-19,Success
4655,4655,Net Banking,51764.39,2024-06-23,Success
4656,4656,Debit Card,142857.89,2023-01-09,Success
4657,4657,Wallet,189932.78,2022-06-25,Refunded
4658,4658,UPI,67118.92,2023-06-14,Refunded
4659,4659,Net Banking,19662.84,2023-02-14,Success
4660,4660,Wallet,156682.03,2024-03-04,Refunded
4661,4661,Debit Card,148158.85,2022-06-18,Success
4662,4662,Credit Card,28307.93,2024-05-05,Failed
4663,4663,Debit Card,42821.51,2024-08-10,Success
4664,4664,UPI,23263.86,2024-09-06,Success
4665,4665,Credit Card,188852.32,2022-05-10,Success
4666,4666,Wallet,34386.49,2023-08-19,Success
4667,4667,Net Banking,45363.98,2024-06-17,Success
4668,4668,Credit Card,67590.07,2023-01-26,Refunded
4669,4669,UPI,157110.64,2024-09-12,Success
4670,4670,Credit Card,7551.31,2025-06-01,Success
4671,4671,Debit Card,25233.81,2023-10-04,Refunded
4672,4672,Debit Card,119408.12,2022-03-30,Success
4673,4673,Credit Card,31887.78,2022-01-19,Failed
4674,4674,Net Banking,31558.9,2024-07-09,Failed
4675,4675,UPI,169933.34,2024-04-16,Success
4676,4676,Debit Card,38355.92,2023-06-21,Success
4677,4677,UPI,24050.21,2025-09-19,Refunded
4678,4678,Wallet,13234.08,2025-01-09,Success
4679,4679,Net Banking,44873.24,2023-07-04,Success
4680,4680,Wallet,116459.47,2023-01-04,Success
4681,4681,Credit Card,181500.22,2025-03-11,Success
4682,4682,Net Banking,62137.08,2025-11-11,Failed
4683,4683,Debit Card,169665.19,2024-09-02,Success
4684,4684,UPI,16627.02,2024-02-09,Success
4685,4685,UPI,2778.43,2024-12-31,Success
4686,4686,Credit Card,55706.47,2022-02-14,Refunded
4687,4687,COD,5408.74,2025-09-24,Failed
4688,4688,UPI,67706.34,2024-03-25,Success
4689,4689,UPI,38235.81,2024-04-08,Success
4690,4690,UPI,116728.9,2023-10-30,Success
4691,4691,Wallet,143754.17,2024-10-03,Refunded
4692,4692,Net Banking,150457.89,2022-12-15,Success
4693,4693,Wallet,4315.65,2025-05-01,Success
4694,4694,Credit Card,34883.54,2023-07-26,Success
4695,4695,UPI,6820.49,2024-06-14,Success
4696,4696,UPI,16333.42,2023-06-13,Success
4697,4697,COD,101517.99,2022-09-29,Refunded
4698,4698,Debit Card,23675.96,2022-02-27,Success
4699,4699,Debit Card,123664.96,2025-10-22,Refunded
4700,4700,Credit Card,23520.53,2022-11-25,Success
4701,4701,UPI,139881.69,2025-09-01,Success
4702,4702,UPI,43618.87,2022-02-14,Success
4703,4703,Net Banking,7472.45,2022-02-04,Failed
4704,4704,COD,89338.07,2023-08-21,Success
4705,4705,UPI,178297.04,2023-04-05,Success
4706,4706,Debit Card,24897.57,2024-12-28,Failed
4707,4707,COD,98144.77,2023-05-21,Success
4708,4708,Wallet,38098.93,2024-02-21,Refunded
4709,4709,Credit Card,4743.91,2024-09-22,Success
4710,4710,Credit Card,53047.54,2024-10-13,Success
4711,4711,Debit Card,311406.13,2025-12-19,Success
4712,4712,UPI,63336.75,2023-02-13,Refunded
4713,4713,Net Banking,29256.77,2024-04-23,Success
4714,4714,Debit Card,134963.8,2022-12-29,Success
4715,4715,Net Banking,37797.45,2023-07-05,Refunded
4716,4716,Debit Card,90885.14,2022-04-06,Success
4717,4717,COD,46649.94,2024-07-22,Success
4718,4718,Net Banking,70127.16,2022-11-19,Success
4719,4719,Wallet,39504.34,2025-04-21,Success
4720,4720,Net Banking,12237.27,2025-03-24,Failed
4721,4721,UPI,110357.63,2024-03-23,Success
4722,4722,Net Banking,93581.99,2023-09-14,Success
4723,4723,Credit Card,30470.7,2025-10-22,Refunded
4724,4724,Net Banking,17497.22,2022-11-08,Success
4725,4725,Debit Card,9294.52,2024-11-26,Failed
4726,4726,Debit Card,7544.02,2024-09-07,Success
4727,4727,Credit Card,197768.21,2025-04-17,Success
4728,4728,Net Banking,94265.95,2025-09-19,Refunded
4729,4729,Wallet,141369.77,2022-10-16,Success
4730,4730,Credit Card,30206.63,2025-05-03,Refunded
4731,4731,Debit Card,125229.85,2023-06-10,Refunded
4732,4732,UPI,6623.33,2025-08-07,Success
4733,4733,Wallet,200636.28,2025-12-04,Success
4734,4734,COD,69228.31,2024-06-05,Success
4735,4735,Debit Card,17425.46,2024-05-20,Success
4736,4736,Net Banking,29889.22,2023-08-13,Success
4737,4737,COD,116849.16,2022-10-15,Failed
4738,4738,COD,48581.57,2024-05-15,Success
4739,4739,Net Banking,59158.75,2023-10-09,Success
4740,4740,Wallet,26146.28,2024-10-21,Success
4741,4741,Credit Card,14007.78,2025-01-29,Success
4742,4742,Debit Card,13284.31,2024-06-20,Success
4743,4743,Credit Card,42531.23,2025-07-12,Success
4744,4744,UPI,57720.26,2023-11-08,Success
4745,4745,Wallet,46542.24,2024-05-15,Success
4746,4746,Net Banking,149076.46,2023-08-09,Success
4747,4747,UPI,47417.12,2025-05-14,Success
4748,4748,Wallet,4853.77,2023-02-21,Refunded
4749,4749,Net Banking,70060.72,2022-05-18,Success
4750,4750,UPI,39777.8,2024-03-17,Success
4751,4751,UPI,42402.72,2022-06-23,Success
4752,4752,Net Banking,9487.5,2023-05-21,Success
4753,4753,Debit Card,72727.64,2025-04-19,Refunded
4754,4754,Net Banking,152123.21,2023-11-24,Success
4755,4755,Wallet,2824.48,2023-12-10,Refunded
4756,4756,Debit Card,13358.18,2023-10-08,Success
4757,4757,Debit Card,8073.7,2025-02-19,Failed
4758,4758,Debit Card,8843.78,2022-02-20,Success
4759,4759,UPI,77649.3,2022-04-11,Success
4760,4760,Credit Card,94701.64,2025-02-18,Failed
4761,4761,COD,133356.55,2025-01-25,Success
4762,4762,COD,59402.7,2022-01-23,Success
4763,4763,Net Banking,142165.11,2023-03-23,Success
4764,4764,Debit Card,86378.75,2025-01-20,Refunded
4765,4765,UPI,15037.65,2025-11-23,Success
4766,4766,Net Banking,180008.84,2022-08-11,Success
4767,4767,COD,288286.91,2025-07-19,Refunded
4768,4768,Debit Card,111586.1,2022-03-15,Failed
4769,4769,COD,45925.62,2023-02-20,Success
4770,4770,UPI,78077.53,2024-06-25,Success
4771,4771,COD,80165.59,2025-01-21,Success
4772,4772,Credit Card,41033.21,2023-04-23,Refunded
4773,4773,Wallet,112589.34,2024-07-15,Success
4774,4774,Credit Card,24651.7,2024-11-11,Success
4775,4775,COD,66853.24,2024-08-26,Success
4776,4776,COD,88647.4,2022-05-04,Success
4777,4777,Debit Card,377.42,2025-09-29,Success
4778,4778,Credit Card,14952.79,2022-09-26,Success
4779,4779,Net Banking,14451.35,2025-09-01,Refunded
4780,4780,Debit Card,126568.79,2025-09-05,Success
4781,4781,Net Banking,25840.61,2022-12-31,Success
4782,4782,UPI,60410.88,2022-07-29,Refunded
4783,4783,COD,79811.49,2023-09-04,Refunded
4784,4784,UPI,62762.6,2025-06-25,Success
4785,4785,COD,25490.73,2022-04-09,Success
4786,4786,Wallet,106490.4,2023-12-12,Success
4787,4787,UPI,72856.16,2025-07-07,Success
4788,4788,Net Banking,51236.64,2023-01-18,Success
4789,4789,Wallet,67988.35,2023-01-25,Success
4790,4790,Credit Card,42212.75,2022-01-11,Success
4791,4791,Net Banking,8856.1,2024-03-01,Failed
4792,4792,Wallet,67263.61,2023-07-16,Success
4793,4793,Wallet,55355.55,2022-03-02,Success
4794,4794,Debit Card,38060.31,2022-05-26,Success
4795,4795,Wallet,29806.84,2023-10-12,Refunded
4796,4796,Net Banking,80726.87,2024-08-01,Refunded
4797,4797,Debit Card,37232.69,2023-09-18,Success
4798,4798,Net Banking,129317.39,2023-07-12,Success
4799,4799,Credit Card,48304.17,2024-01-16,Success
4800,4800,Credit Card,135747.57,2024-10-31,Success
4801,4801,Credit Card,131521.86,2022-05-01,Success
4802,4802,UPI,11287.71,2024-05-12,Success
4803,4803,Net Banking,12589.77,2023-02-14,Success
4804,4804,UPI,59844.26,2025-05-15,Success
4805,4805,Wallet,73794.41,2024-06-08,Success
4806,4806,Wallet,153597.17,2023-05-12,Success
4807,4807,Net Banking,213952.06,2023-05-01,Success
4808,4808,COD,28214.81,2022-08-19,Success
4809,4809,COD,59310.7,2025-12-22,Success
4810,4810,Debit Card,55789.77,2023-07-04,Success
4811,4811,COD,83874.38,2022-06-26,Failed
4812,4812,Net Banking,183215.3,2022-12-17,Success
4813,4813,Debit Card,29623.64,2025-06-17,Refunded
4814,4814,Wallet,157910.74,2024-08-08,Success
4815,4815,Credit Card,116883.57,2025-02-02,Success
4816,4816,Net Banking,92425.73,2025-07-25,Refunded
4817,4817,UPI,36182.07,2024-07-05,Refunded
4818,4818,Wallet,67431.44,2025-06-09,Success
4819,4819,Wallet,100144.63,2025-03-20,Refunded
4820,4820,Debit Card,3894.18,2024-03-28,Success
4821,4821,UPI,35400.95,2022-07-30,Success
4822,4822,Net Banking,110017.04,2024-09-11,Refunded
4823,4823,COD,146977.62,2022-03-12,Success
4824,4824,Debit Card,76783.3,2025-05-22,Refunded
4825,4825,Debit Card,97047.55,2024-02-25,Success
4826,4826,Wallet,3605.71,2024-09-15,Success
4827,4827,UPI,14226.25,2025-06-11,Success
4828,4828,UPI,13303.76,2022-04-20,Refunded
4829,4829,Net Banking,84183.39,2022-04-28,Refunded
4830,4830,Credit Card,15247.03,2022-09-28,Success
4831,4831,Wallet,66279.72,2023-03-09,Success
4832,4832,Net Banking,15208.69,2025-11-19,Success
4833,4833,Net Banking,28826.91,2024-05-15,Refunded
4834,4834,Credit Card,33943.07,2023-04-18,Success
4835,4835,Debit Card,108407.37,2025-02-14,Success
4836,4836,Wallet,49798.44,2025-07-30,Refunded
4837,4837,COD,8137.59,2023-03-26,Success
4838,4838,UPI,118170.43,2023-02-13,Success
4839,4839,UPI,166134.9,2023-03-28,Success
4840,4840,Wallet,76702.6,2022-12-12,Success
4841,4841,UPI,3867.64,2025-06-19,Failed
4842,4842,UPI,54472.38,2022-09-25,Success
4843,4843,Net Banking,17415.63,2023-01-17,Failed
4844,4844,Credit Card,74182.44,2024-04-26,Success
4845,4845,COD,103449.01,2025-05-27,Refunded
4846,4846,UPI,14356.82,2023-03-12,Success
4847,4847,UPI,13615.65,2023-04-19,Success
4848,4848,Credit Card,32945.92,2023-11-11,Success
4849,4849,Debit Card,34558.21,2023-11-24,Success
4850,4850,Net Banking,120051.41,2022-02-11,Success
4851,4851,Credit Card,92181.49,2025-07-31,Success
4852,4852,Wallet,135891.41,2023-05-18,Success
4853,4853,Debit Card,14745.81,2025-04-18,Success
4854,4854,COD,106048.7,2024-03-03,Success
4855,4855,Net Banking,2031.07,2023-09-27,Success
4856,4856,COD,32843.87,2024-08-25,Refunded
4857,4857,COD,198803.01,2025-04-16,Success
4858,4858,Debit Card,23053.73,2022-01-17,Success
4859,4859,Credit Card,148244.29,2025-02-11,Success
4860,4860,COD,110639.14,2022-03-08,Success
4861,4861,Credit Card,53013.06,2023-07-27,Success
4862,4862,COD,60642.48,2024-05-21,Success
4863,4863,Debit Card,58247.62,2022-10-29,Success
4864,4864,UPI,31417.97,2024-01-16,Success
4865,4865,Wallet,125557.0,2023-04-15,Success
4866,4866,Net Banking,76949.87,2023-01-18,Success
4867,4867,Debit Card,49330.44,2022-07-23,Success
4868,4868,Net Banking,86309.65,2023-08-20,Success
4869,4869,Net Banking,71835.21,2025-07-26,Failed
4870,4870,Wallet,1286.08,2023-09-01,Success
4871,4871,Debit Card,56915.73,2024-11-08,Success
4872,4872,Wallet,30458.05,2023-08-08,Failed
4873,4873,Wallet,99042.72,2023-06-21,Success
4874,4874,UPI,142851.08,2025-02-13,Success
4875,4875,Net Banking,145621.55,2024-06-29,Failed
4876,4876,Debit Card,94992.99,2024-07-11,Success
4877,4877,Credit Card,80947.36,2022-06-14,Success
4878,4878,COD,60834.76,2024-06-06,Success
4879,4879,Debit Card,117306.33,2025-12-22,Success
4880,4880,Net Banking,47526.14,2025-09-09,Refunded
4881,4881,Debit Card,219452.81,2025-01-10,Success
4882,4882,Net Banking,11604.18,2022-08-11,Refunded
4883,4883,Wallet,69569.44,2022-12-13,Success
4884,4884,COD,8404.83,2022-10-31,Success
4885,4885,Debit Card,26272.38,2022-09-17,Success
4886,4886,Net Banking,74107.29,2025-04-28,Success
4887,4887,Debit Card,139177.33,2023-12-25,Success
4888,4888,COD,83991.13,2023-04-21,Success
4889,4889,Debit Card,117405.34,2022-11-08,Success
4890,4890,COD,8628.93,2025-06-27,Success
4891,4891,Debit Card,142130.21,2022-03-19,Success
4892,4892,COD,22129.84,2022-12-16,Success
4893,4893,Debit Card,275022.95,2022-09-11,Success
4894,4894,Credit Card,141212.34,2025-09-22,Success
4895,4895,Wallet,54812.24,2022-11-26,Success
4896,4896,Credit Card,98081.95,2024-08-21,Success
4897,4897,Credit Card,41029.4,2023-05-14,Success
4898,4898,Wallet,205300.09,2023-09-29,Success
4899,4899,Debit Card,67267.08,2023-05-07,Success
4900,4900,Wallet,79776.08,2025-06-17,Success
4901,4901,Debit Card,50007.91,2022-03-02,Refunded
4902,4902,Net Banking,9852.08,2023-12-06,Success
4903,4903,COD,173718.4,2025-02-17,Success
4904,4904,COD,167457.44,2025-08-21,Success
4905,4905,Net Banking,49583.34,2024-02-26,Success
4906,4906,UPI,58161.96,2023-03-04,Success
4907,4907,Net Banking,85263.27,2022-02-27,Success
4908,4908,UPI,187042.93,2022-05-02,Success
4909,4909,Wallet,171159.49,2022-10-11,Success
4910,4910,Net Banking,47340.73,2025-08-08,Success
4911,4911,Debit Card,62840.81,2023-04-26,Failed
4912,4912,UPI,162911.05,2025-10-22,Success
4913,4913,UPI,28465.42,2024-06-24,Success
4914,4914,Wallet,137509.64,2025-07-07,Success
4915,4915,Wallet,89518.88,2023-11-19,Success
4916,4916,COD,18787.56,2023-05-12,Success
4917,4917,COD,13769.34,2024-01-04,Success
4918,4918,Wallet,95075.45,2022-04-26,Success
4919,4919,Credit Card,14916.65,2023-12-25,Success
4920,4920,Net Banking,40855.01,2025-11-11,Failed
4921,4921,Net Banking,134229.99,2022-05-23,Success
4922,4922,Debit Card,94412.36,2024-01-08,Success
4923,4923,Net Banking,23330.99,2025-10-13,Refunded
4924,4924,COD,15948.11,2025-03-18,Failed
4925,4925,Net Banking,49829.85,2025-03-21,Success
4926,4926,COD,21897.02,2024-11-10,Refunded
4927,4927,Wallet,52452.34,2024-01-13,Success
4928,4928,Debit Card,1286.08,2025-04-09,Success
4929,4929,Debit Card,131704.61,2022-11-25,Success
4930,4930,COD,41864.64,2025-08-03,Success
4931,4931,COD,143784.67,2022-02-09,Success
4932,4932,UPI,59273.89,2024-03-28,Success
4933,4933,Wallet,32243.23,2025-04-16,Success
4934,4934,Credit Card,73491.16,2025-03-18,Success
4935,4935,Credit Card,77144.65,2024-08-25,Success
4936,4936,Wallet,41436.28,2025-05-14,Success
4937,4937,COD,32029.93,2023-12-09,Refunded
4938,4938,Credit Card,99056.16,2022-07-12,Success
4939,4939,Credit Card,161264.46,2022-07-27,Success
4940,4940,Credit Card,15289.65,2022-08-13,Success
4941,4941,Credit Card,34258.46,2025-07-15,Success
4942,4942,COD,233855.1,2022-01-01,Success
4943,4943,Credit Card,29183.17,2025-06-24,Failed
4944,4944,Credit Card,20840.8,2023-08-17,Success
4945,4945,COD,47816.12,2022-12-22,Success
4946,4946,Net Banking,10285.52,2022-03-03,Success
4947,4947,COD,32244.4,2023-09-07,Success
4948,4948,Credit Card,60435.02,2024-07-14,Success
4949,4949,Wallet,39083.63,2025-05-15,Success
4950,4950,Debit Card,44526.41,2025-08-08,Success
4951,4951,Credit Card,22642.92,2024-02-19,Success
4952,4952,COD,8848.93,2022-05-26,Refunded
4953,4953,Debit Card,138054.97,2022-06-25,Success
4954,4954,UPI,193973.33,2024-03-23,Success
4955,4955,UPI,118012.43,2022-10-14,Refunded
4956,4956,Wallet,140265.12,2022-07-27,Refunded
4957,4957,Credit Card,144793.19,2022-09-28,Refunded
4958,4958,COD,90615.36,2023-01-27,Refunded
4959,4959,Wallet,28092.98,2023-11-22,Success
4960,4960,Credit Card,81123.14,2024-07-04,Success
4961,4961,Credit Card,20124.1,2022-01-16,Success
4962,4962,Wallet,142168.59,2023-05-13,Success
4963,4963,COD,20577.89,2024-10-05,Success
4964,4964,Net Banking,11479.15,2024-09-20,Success
4965,4965,COD,107380.16,2024-01-03,Success
4966,4966,Wallet,68120.06,2025-03-24,Success
4967,4967,Credit Card,67549.12,2025-06-13,Failed
4968,4968,Net Banking,24464.88,2022-04-30,Success
4969,4969,Net Banking,25783.06,2022-01-26,Success
4970,4970,Debit Card,101739.69,2024-08-09,Success
4971,4971,Debit Card,106133.55,2022-03-01,Success
4972,4972,UPI,77477.54,2024-02-01,Failed
4973,4973,Credit Card,95866.86,2025-09-29,Success
4974,4974,Net Banking,54287.74,2023-03-14,Success
4975,4975,Debit Card,143017.22,2025-07-02,Success
4976,4976,Wallet,87623.28,2024-11-14,Success
4977,4977,Debit Card,45897.33,2024-06-02,Success
4978,4978,Credit Card,15377.93,2023-04-23,Success
4979,4979,Debit Card,103768.19,2024-08-27,Success
4980,4980,COD,101213.47,2022-12-25,Success
4981,4981,Net Banking,49920.15,2025-12-20,Success
4982,4982,Wallet,110452.06,2023-08-04,Success
4983,4983,Net Banking,146726.94,2025-06-03,Success
4984,4984,Debit Card,123066.6,2022-05-21,Success
4985,4985,UPI,42163.85,2024-07-24,Success
4986,4986,Net Banking,28775.84,2024-03-25,Success
4987,4987,UPI,4358.32,2023-06-14,Success
4988,4988,Debit Card,183799.79,2024-09-12,Success
4989,4989,COD,76591.73,2025-11-08,Success
4990,4990,Credit Card,128130.29,2022-03-14,Success
4991,4991,Net Banking,42372.11,2024-06-04,Refunded
4992,4992,Wallet,4750.0,2023-03-10,Success
4993,4993,COD,8848.1,2025-04-16,Success
4994,4994,Wallet,14466.83,2022-03-10,Failed
4995,4995,Net Banking,80358.82,2022-06-20,Refunded
4996,4996,Credit Card,4945.54,2025-12-01,Success
4997,4997,COD,14916.74,2023-05-05,Success
4998,4998,COD,86940.63,2022-02-23,Success
4999,4999,UPI,53328.93,2025-01-02,Success
5000,5000,Wallet,76689.56,2025-07-31,Success
5001,5001,UPI,102209.84,2025-02-09,Success
5002,5002,Credit Card,43074.16,2025-02-01,Success
5003,5003,Debit Card,186847.13,2023-12-23,Refunded
5004,5004,Wallet,34842.14,2025-06-07,Success
5005,5005,Credit Card,62058.28,2024-10-02,Success
5006,5006,Net Banking,34453.17,2023-04-19,Success
5007,5007,Wallet,77626.52,2022-01-08,Success
5008,5008,UPI,163832.92,2022-06-13,Success
5009,5009,UPI,27336.62,2025-04-06,Success
5010,5010,COD,129481.11,2025-01-30,Refunded
5011,5011,Wallet,34258.03,2025-06-18,Refunded
5012,5012,Debit Card,32376.51,2023-10-12,Success
5013,5013,Wallet,23115.22,2023-05-02,Success
5014,5014,Net Banking,81160.21,2025-01-10,Success
5015,5015,Credit Card,87934.15,2023-10-30,Success
5016,5016,Net Banking,61353.78,2025-02-11,Success
5017,5017,UPI,41735.56,2024-12-01,Refunded
5018,5018,Wallet,16707.43,2022-12-27,Success
5019,5019,Wallet,54832.24,2025-12-23,Failed
5020,5020,UPI,75057.06,2023-12-13,Refunded
5021,5021,Wallet,241280.29,2025-12-24,Success
5022,5022,COD,76640.5,2023-08-04,Success
5023,5023,Wallet,104021.6,2025-10-29,Success
5024,5024,Net Banking,29663.32,2025-04-11,Success
5025,5025,Credit Card,33146.06,2025-06-02,Success
5026,5026,COD,43763.63,2023-07-07,Success
5027,5027,COD,41138.3,2023-03-05,Success
5028,5028,Debit Card,22428.82,2026-01-01,Success
5029,5029,Credit Card,227466.6,2024-12-07,Refunded
5030,5030,Wallet,35949.17,2022-06-02,Success
5031,5031,COD,33584.03,2024-12-17,Success
5032,5032,Debit Card,25483.86,2024-07-12,Refunded
5033,5033,Wallet,12144.93,2022-12-05,Refunded
5034,5034,COD,130166.69,2025-11-07,Success
5035,5035,Credit Card,190705.93,2022-10-10,Success
5036,5036,UPI,7854.8,2025-05-01,Success
5037,5037,Credit Card,130751.63,2023-11-08,Success
5038,5038,Wallet,212832.1,2023-11-26,Success
5039,5039,UPI,90601.99,2025-04-23,Success
5040,5040,UPI,123400.37,2022-05-02,Success
5041,5041,Wallet,60603.74,2024-06-14,Failed
5042,5042,Debit Card,15459.23,2023-04-19,Success
5043,5043,Credit Card,93800.39,2022-05-04,Success
5044,5044,Net Banking,161059.08,2023-02-19,Success
5045,5045,Wallet,5491.4,2022-09-20,Success
5046,5046,Wallet,55496.4,2023-05-03,Refunded
5047,5047,Wallet,47531.16,2024-02-23,Refunded
5048,5048,Debit Card,50903.4,2024-09-19,Success
5049,5049,Wallet,16897.54,2022-09-04,Success
5050,5050,Debit Card,11444.72,2023-09-18,Success
5051,5051,Net Banking,3716.74,2024-02-12,Success
5052,5052,Wallet,19214.16,2023-12-20,Success
5053,5053,Credit Card,48374.07,2023-05-27,Failed
5054,5054,Net Banking,86874.52,2022-01-16,Success
5055,5055,Wallet,38663.74,2022-03-07,Success
5056,5056,Net Banking,10890.9,2025-12-17,Failed
5057,5057,UPI,95786.15,2022-07-22,Success
5058,5058,UPI,37202.04,2025-11-28,Success
5059,5059,Credit Card,47530.95,2022-01-21,Refunded
5060,5060,UPI,88255.99,2025-01-30,Success
5061,5061,Debit Card,20517.04,2023-02-18,Success
5062,5062,COD,16947.86,2024-07-16,Success
5063,5063,Net Banking,192157.24,2022-09-03,Success
5064,5064,Credit Card,20635.35,2023-05-22,Success
5065,5065,UPI,145502.04,2025-10-08,Refunded
5066,5066,Debit Card,54644.13,2023-04-16,Success
5067,5067,UPI,140696.65,2025-05-13,Success
5068,5068,COD,150810.58,2025-06-16,Success
5069,5069,Credit Card,100184.6,2023-10-12,Success
5070,5070,UPI,94039.56,2024-05-06,Failed
5071,5071,Wallet,103608.78,2023-02-14,Refunded
5072,5072,Wallet,53429.17,2024-03-27,Success
5073,5073,Net Banking,8564.4,2023-07-18,Success
5074,5074,UPI,32790.78,2025-09-08,Success
5075,5075,Net Banking,97124.02,2023-05-17,Success
5076,5076,Net Banking,3772.01,2023-06-05,Success
5077,5077,COD,354.18,2024-05-09,Refunded
5078,5078,Credit Card,35048.14,2025-06-10,Success
5079,5079,Debit Card,47688.48,2025-04-14,Success
5080,5080,Wallet,41343.46,2024-04-04,Success
5081,5081,Wallet,116069.93,2024-05-28,Success
5082,5082,Debit Card,100117.28,2025-10-14,Success
5083,5083,UPI,89692.74,2025-11-12,Success
5084,5084,COD,87752.35,2024-02-22,Refunded
5085,5085,Net Banking,90315.72,2025-07-26,Success
5086,5086,Wallet,388.85,2023-02-08,Success
5087,5087,UPI,27725.18,2022-01-28,Success
5088,5088,Net Banking,19563.11,2023-02-18,Success
5089,5089,COD,77156.47,2025-08-26,Success
5090,5090,Debit Card,142905.68,2024-03-14,Success
5091,5091,Net Banking,96240.47,2022-10-10,Success
5092,5092,COD,117087.7,2023-11-03,Success
5093,5093,Net Banking,12660.77,2023-07-15,Success
5094,5094,Net Banking,162997.73,2024-12-23,Success
5095,5095,Debit Card,276126.44,2025-04-08,Success
5096,5096,Debit Card,118005.84,2024-10-21,Success
5097,5097,Debit Card,44511.3,2024-01-10,Refunded
5098,5098,UPI,83213.86,2023-01-04,Success
5099,5099,UPI,72082.34,2024-11-29,Success
5100,5100,Credit Card,115779.7,2022-11-04,Refunded
5101,5101,Debit Card,109718.95,2023-01-13,Success
5102,5102,Credit Card,75452.93,2024-12-02,Success
5103,5103,Wallet,93449.02,2024-05-08,Success
5104,5104,Debit Card,202364.81,2022-10-02,Refunded
5105,5105,Debit Card,12204.15,2022-11-14,Success
5106,5106,Wallet,9904.32,2024-09-22,Success
5107,5107,UPI,14904.99,2024-09-06,Success
5108,5108,Wallet,99526.86,2024-01-09,Success
5109,5109,Wallet,58083.07,2023-06-19,Success
5110,5110,Wallet,69222.0,2023-05-20,Success
5111,5111,COD,19946.86,2023-04-03,Success
5112,5112,Wallet,13728.17,2025-05-08,Success
5113,5113,UPI,64235.12,2024-05-06,Refunded
5114,5114,Debit Card,69530.08,2023-05-21,Success
5115,5115,UPI,3011.17,2022-06-24,Refunded
5116,5116,Net Banking,26195.96,2022-11-24,Success
5117,5117,Credit Card,135352.25,2024-05-30,Refunded
5118,5118,COD,164050.33,2023-10-06,Failed
5119,5119,Credit Card,24922.03,2025-12-07,Refunded
5120,5120,COD,97279.57,2023-01-25,Failed
5121,5121,COD,67965.43,2023-02-16,Refunded
5122,5122,Credit Card,41028.7,2025-06-17,Success
5123,5123,Debit Card,42369.65,2025-12-14,Success
5124,5124,Debit Card,35568.0,2024-12-16,Success
5125,5125,COD,118952.47,2025-04-06,Success
5126,5126,Wallet,61039.43,2024-12-17,Failed
5127,5127,Credit Card,79839.28,2022-04-23,Success
5128,5128,Wallet,79024.15,2023-08-15,Failed
5129,5129,UPI,7963.92,2024-11-21,Success
5130,5130,COD,123319.97,2025-05-02,Success
5131,5131,Debit Card,49555.94,2024-06-08,Failed
5132,5132,Wallet,86153.49,2022-04-09,Success
5133,5133,Wallet,60759.62,2024-09-11,Success
5134,5134,Wallet,106874.25,2024-09-10,Success
5135,5135,Debit Card,154337.21,2022-11-07,Success
5136,5136,Wallet,134569.96,2022-01-30,Refunded
5137,5137,UPI,16849.9,2023-02-10,Success
5138,5138,UPI,69860.37,2022-10-29,Success
5139,5139,UPI,19017.48,2023-08-28,Refunded
5140,5140,Wallet,72394.19,2023-06-28,Success
5141,5141,Debit Card,90205.43,2022-02-24,Success
5142,5142,Net Banking,34013.63,2023-01-07,Success
5143,5143,Credit Card,219563.54,2023-06-15,Success
5144,5144,Net Banking,12003.97,2025-11-01,Success
5145,5145,Credit Card,257254.88,2025-09-13,Success
5146,5146,Net Banking,55220.79,2025-05-04,Refunded
5147,5147,Debit Card,56291.58,2023-05-24,Success
5148,5148,Wallet,65495.49,2022-02-11,Success
5149,5149,Wallet,115295.02,2025-01-20,Success
5150,5150,UPI,94349.76,2024-02-11,Failed
5151,5151,UPI,44102.8,2022-07-17,Success
5152,5152,Net Banking,92491.49,2022-01-27,Success
5153,5153,UPI,75898.55,2023-07-25,Success
5154,5154,Debit Card,21484.23,2023-12-29,Success
5155,5155,Debit Card,71313.65,2023-12-09,Success
5156,5156,Debit Card,103722.84,2022-03-15,Refunded
5157,5157,Wallet,42286.89,2024-03-27,Success
5158,5158,UPI,58208.57,2022-11-21,Success
5159,5159,UPI,15478.24,2022-04-10,Success
5160,5160,Debit Card,81419.05,2024-11-29,Success
5161,5161,Credit Card,60826.01,2023-05-23,Success
5162,5162,Wallet,60577.52,2022-08-02,Refunded
5163,5163,COD,162194.52,2023-01-02,Success
5164,5164,Debit Card,50535.8,2025-11-04,Success
5165,5165,Credit Card,79365.04,2023-03-20,Success
5166,5166,UPI,41442.89,2023-06-01,Success
5167,5167,Net Banking,14430.75,2023-03-11,Success
5168,5168,UPI,181180.23,2023-01-07,Refunded
5169,5169,UPI,38759.49,2023-06-29,Success
5170,5170,Debit Card,48966.4,2023-10-09,Success
5171,5171,UPI,76556.92,2022-04-01,Success
5172,5172,Wallet,8589.14,2024-11-29,Success
5173,5173,Credit Card,26639.75,2025-09-03,Success
5174,5174,Debit Card,948.18,2023-06-06,Refunded
5175,5175,Net Banking,32685.84,2025-03-05,Success
5176,5176,COD,52453.99,2023-08-05,Success
5177,5177,COD,59549.87,2024-07-04,Refunded
5178,5178,Wallet,77400.64,2023-01-25,Success
5179,5179,Debit Card,31223.47,2022-06-26,Success
5180,5180,Debit Card,74655.56,2022-09-05,Success
5181,5181,Wallet,52644.39,2022-12-24,Refunded
5182,5182,UPI,31874.39,2022-06-02,Success
5183,5183,Wallet,21356.99,2025-01-01,Success
5184,5184,Debit Card,160859.19,2024-05-31,Success
5185,5185,Wallet,28923.31,2022-07-30,Success
5186,5186,COD,2070.78,2023-01-25,Success
5187,5187,COD,8183.79,2022-03-20,Success
5188,5188,Credit Card,66244.4,2025-08-31,Refunded
5189,5189,Debit Card,52015.12,2024-01-25,Failed
5190,5190,COD,120728.94,2025-12-22,Refunded
5191,5191,COD,175306.74,2024-11-13,Success
5192,5192,Debit Card,26142.94,2022-06-22,Success
5193,5193,Debit Card,82229.18,2025-02-07,Success
5194,5194,UPI,107438.57,2024-02-16,Success
5195,5195,Wallet,3185.24,2025-02-16,Success
5196,5196,UPI,194880.27,2025-09-06,Success
5197,5197,UPI,148415.42,2025-07-14,Failed
5198,5198,UPI,117904.84,2025-06-10,Refunded
5199,5199,Net Banking,86694.84,2022-01-20,Success
5200,5200,COD,76779.36,2025-04-30,Success
5201,5201,Wallet,15018.72,2023-12-07,Success
5202,5202,COD,4537.89,2023-11-03,Success
5203,5203,COD,99982.42,2023-03-07,Success
5204,5204,Net Banking,197607.5,2024-03-14,Success
5205,5205,Net Banking,1636.75,2024-01-23,Success
5206,5206,Net Banking,18286.31,2023-09-14,Success
5207,5207,Debit Card,112185.94,2022-10-23,Success
5208,5208,UPI,11855.47,2025-04-27,Refunded
5209,5209,COD,109116.18,2022-03-28,Success
5210,5210,COD,53053.45,2022-06-25,Refunded
5211,5211,UPI,51302.84,2024-05-29,Success
5212,5212,Debit Card,63364.45,2024-12-12,Success
5213,5213,Net Banking,81801.12,2023-11-12,Refunded
5214,5214,Wallet,223080.0,2025-06-30,Success
5215,5215,Debit Card,41063.44,2022-03-13,Success
5216,5216,Credit Card,4004.57,2024-02-10,Success
5217,5217,Credit Card,58774.76,2022-12-11,Success
5218,5218,Credit Card,2854.01,2023-04-16,Success
5219,5219,Net Banking,50573.58,2025-04-23,Success
5220,5220,Credit Card,97306.39,2023-08-29,Success
5221,5221,UPI,67665.92,2022-08-08,Success
5222,5222,COD,121019.1,2025-06-07,Success
5223,5223,COD,85578.02,2023-04-16,Success
5224,5224,Net Banking,7365.38,2022-09-23,Success
5225,5225,Net Banking,169520.08,2024-09-04,Success
5226,5226,UPI,5740.04,2024-03-12,Success
5227,5227,UPI,47520.37,2024-10-06,Success
5228,5228,Net Banking,65893.56,2022-04-13,Failed
5229,5229,Debit Card,35440.09,2022-07-14,Refunded
5230,5230,Credit Card,57369.18,2024-08-17,Success
5231,5231,Credit Card,80053.92,2023-08-24,Success
5232,5232,UPI,44926.24,2023-01-11,Success
5233,5233,Wallet,80130.16,2023-11-10,Refunded
5234,5234,COD,15325.76,2024-08-02,Success
5235,5235,Wallet,11935.37,2022-04-01,Success
5236,5236,Net Banking,50553.92,2025-07-11,Success
5237,5237,Wallet,82177.65,2025-06-15,Success
5238,5238,Wallet,53211.32,2022-03-20,Success
5239,5239,COD,8645.08,2023-01-25,Success
5240,5240,Wallet,109555.03,2022-12-03,Success
5241,5241,Credit Card,185154.37,2024-04-13,Success
5242,5242,Wallet,18940.33,2024-02-08,Success
5243,5243,Debit Card,83349.81,2025-11-24,Success
5244,5244,COD,39168.82,2022-08-02,Success
5245,5245,Credit Card,15502.62,2023-12-30,Refunded
5246,5246,Credit Card,204249.05,2022-08-01,Success
5247,5247,Wallet,54099.85,2024-02-03,Failed
5248,5248,UPI,155231.91,2022-07-22,Success
5249,5249,Net Banking,76401.45,2023-09-23,Success
5250,5250,Net Banking,40361.77,2025-05-27,Refunded
5251,5251,Debit Card,22044.95,2025-03-12,Success
5252,5252,Debit Card,21876.09,2022-05-30,Success
5253,5253,Wallet,3065.38,2023-11-22,Success
5254,5254,UPI,55595.75,2023-04-03,Success
5255,5255,UPI,158805.39,2025-03-31,Success
5256,5256,Credit Card,51351.52,2022-07-03,Success
5257,5257,COD,43615.61,2024-02-26,Success
5258,5258,Debit Card,24838.84,2023-11-16,Refunded
5259,5259,UPI,43394.8,2024-02-07,Success
5260,5260,COD,50091.57,2022-11-20,Success
5261,5261,UPI,17099.03,2025-01-05,Success
5262,5262,Wallet,7330.28,2024-10-19,Refunded
5263,5263,Net Banking,60783.81,2023-11-14,Refunded
5264,5264,COD,70276.97,2022-11-22,Success
5265,5265,Net Banking,51855.16,2022-04-21,Success
5266,5266,Debit Card,60928.45,2024-11-07,Success
5267,5267,Debit Card,31967.91,2024-06-24,Success
5268,5268,Wallet,96616.16,2024-08-04,Success
5269,5269,UPI,78412.4,2024-06-19,Success
5270,5270,UPI,215126.6,2025-12-18,Success
5271,5271,COD,17041.5,2022-04-01,Success
5272,5272,Wallet,76300.62,2025-03-14,Failed
5273,5273,Net Banking,41280.48,2022-09-13,Refunded
5274,5274,Credit Card,68717.12,2024-12-31,Failed
5275,5275,COD,13424.99,2023-11-20,Success
5276,5276,Net Banking,32605.68,2023-02-15,Success
5277,5277,Credit Card,56282.91,2022-08-05,Success
5278,5278,Credit Card,86627.99,2024-01-27,Success
5279,5279,UPI,19984.4,2024-10-07,Success
5280,5280,Wallet,64400.19,2023-11-06,Refunded
5281,5281,UPI,86138.6,2023-09-08,Success
5282,5282,Net Banking,89752.8,2023-07-17,Success
5283,5283,Wallet,72981.42,2023-09-03,Success
5284,5284,UPI,145850.24,2023-09-22,Success
5285,5285,Credit Card,55806.04,2023-02-02,Success
5286,5286,Debit Card,13613.54,2024-06-27,Success
5287,5287,UPI,7884.23,2022-08-20,Failed
5288,5288,UPI,146544.41,2024-12-18,Success
5289,5289,COD,1033.38,2023-09-04,Success
5290,5290,COD,53886.26,2022-05-10,Failed
5291,5291,Debit Card,123636.9,2025-01-02,Failed
5292,5292,Debit Card,96793.44,2022-11-04,Success
5293,5293,Credit Card,55560.29,2022-03-12,Refunded
5294,5294,COD,185320.08,2022-12-09,Success
5295,5295,COD,31913.96,2022-09-08,Refunded
5296,5296,Net Banking,33967.86,2024-09-11,Success
5297,5297,Debit Card,79126.1,2023-10-30,Refunded
5298,5298,Wallet,224944.66,2025-08-19,Failed
5299,5299,COD,69603.87,2024-12-31,Success
5300,5300,Credit Card,13402.63,2024-07-22,Success
5301,5301,Credit Card,6487.42,2023-04-11,Success
5302,5302,Debit Card,80066.84,2022-06-10,Success
5303,5303,Debit Card,17388.13,2024-07-06,Success
5304,5304,Credit Card,110634.36,2025-03-21,Success
5305,5305,Debit Card,86936.81,2025-07-01,Success
5306,5306,UPI,117574.65,2025-04-08,Success
5307,5307,COD,182799.35,2025-04-02,Success
5308,5308,Debit Card,156119.46,2023-02-02,Failed
5309,5309,Wallet,87332.56,2023-06-14,Failed
5310,5310,Net Banking,18226.62,2022-12-16,Success
5311,5311,COD,115140.87,2024-10-27,Refunded
5312,5312,COD,138188.42,2025-02-19,Success
5313,5313,Debit Card,135780.33,2022-05-23,Success
5314,5314,Debit Card,69400.92,2025-10-12,Success
5315,5315,Wallet,122554.32,2024-02-10,Success
5316,5316,Wallet,76979.88,2024-02-02,Success
5317,5317,UPI,20609.05,2025-11-20,Success
5318,5318,UPI,33570.29,2022-06-02,Success
5319,5319,Debit Card,103026.35,2025-09-15,Success
5320,5320,COD,157238.34,2025-11-29,Failed
5321,5321,UPI,46829.84,2022-05-25,Success
5322,5322,Wallet,107211.58,2025-02-18,Success
5323,5323,Wallet,216152.74,2025-01-09,Success
5324,5324,UPI,16220.78,2022-10-03,Success
5325,5325,Net Banking,174649.31,2024-08-08,Success
5326,5326,Net Banking,48837.63,2023-06-29,Refunded
5327,5327,Wallet,34117.12,2023-11-09,Success
5328,5328,UPI,89246.24,2025-07-17,Success
5329,5329,COD,108947.15,2025-08-30,Success
5330,5330,COD,2001.51,2025-01-20,Refunded
5331,5331,Wallet,169379.07,2022-10-22,Success
5332,5332,Credit Card,110675.9,2024-06-30,Success
5333,5333,UPI,149666.14,2024-07-14,Success
5334,5334,Debit Card,14745.03,2022-01-09,Success
5335,5335,Net Banking,23688.62,2025-03-20,Failed
5336,5336,Wallet,32853.25,2022-08-28,Success
5337,5337,Net Banking,47565.7,2022-07-27,Refunded
5338,5338,Credit Card,65507.02,2023-07-31,Success
5339,5339,Debit Card,68363.56,2025-09-08,Success
5340,5340,Net Banking,58729.68,2022-01-21,Success
5341,5341,Net Banking,100220.09,2025-11-16,Success
5342,5342,UPI,20635.5,2024-10-23,Failed
5343,5343,Debit Card,274787.95,2025-12-07,Refunded
5344,5344,COD,127495.29,2025-05-25,Success
5345,5345,Debit Card,58153.52,2022-12-03,Success
5346,5346,Wallet,67272.0,2025-04-02,Success
5347,5347,UPI,49272.41,2024-12-02,Success
5348,5348,Debit Card,73682.86,2022-03-01,Success
5349,5349,Credit Card,31680.25,2025-01-16,Refunded
5350,5350,COD,9257.31,2024-10-07,Refunded
5351,5351,COD,75939.56,2024-06-10,Success
5352,5352,Credit Card,100909.32,2025-12-09,Failed
5353,5353,UPI,38332.81,2022-11-01,Success
5354,5354,Credit Card,38417.98,2023-07-22,Failed
5355,5355,Credit Card,82614.61,2023-10-18,Success
5356,5356,Net Banking,129513.75,2022-05-25,Success
5357,5357,Wallet,131377.0,2024-04-21,Refunded
5358,5358,Debit Card,4425.97,2024-02-22,Success
5359,5359,Net Banking,12686.19,2025-03-01,Success
5360,5360,UPI,230025.2,2022-10-13,Success
5361,5361,Wallet,35567.78,2024-03-14,Refunded
5362,5362,Net Banking,75562.96,2025-02-09,Success
5363,5363,Wallet,97623.28,2024-03-28,Success
5364,5364,COD,99604.1,2023-09-30,Success
5365,5365,COD,10386.27,2025-06-26,Success
5366,5366,Wallet,50772.22,2023-07-01,Success
5367,5367,Net Banking,31846.52,2023-06-16,Success
5368,5368,Wallet,52358.68,2023-06-24,Refunded
5369,5369,COD,71349.37,2025-10-26,Success
5370,5370,COD,72139.07,2024-09-16,Success
5371,5371,COD,61936.88,2025-11-26,Success
5372,5372,Net Banking,170647.6,2024-12-12,Success
5373,5373,Credit Card,10761.65,2023-03-19,Success
5374,5374,UPI,76060.36,2023-04-21,Failed
5375,5375,Debit Card,63481.04,2022-02-21,Success
5376,5376,Credit Card,26423.15,2024-09-29,Success
5377,5377,COD,136663.43,2023-11-06,Success
5378,5378,Net Banking,44447.4,2024-12-15,Success
5379,5379,Credit Card,40067.86,2023-01-21,Success
5380,5380,Net Banking,43344.77,2022-04-15,Refunded
5381,5381,Wallet,86243.67,2025-02-07,Failed
5382,5382,Net Banking,28111.96,2023-10-12,Refunded
5383,5383,UPI,26262.19,2025-10-06,Success
5384,5384,Credit Card,141676.84,2025-07-28,Success
5385,5385,Debit Card,26722.43,2022-02-01,Failed
5386,5386,Debit Card,54687.0,2024-05-30,Success
5387,5387,UPI,68807.72,2025-05-25,Success
5388,5388,UPI,3180.33,2025-12-13,Success
5389,5389,Net Banking,101554.95,2023-02-25,Success
5390,5390,Wallet,37838.23,2025-03-25,Success
5391,5391,Credit Card,129613.76,2025-11-01,Success
5392,5392,Wallet,31203.25,2025-11-21,Success
5393,5393,UPI,46257.75,2023-03-29,Success
5394,5394,Credit Card,105340.25,2023-07-28,Failed
5395,5395,Debit Card,33978.48,2025-08-14,Success
5396,5396,Credit Card,34850.92,2022-10-16,Success
5397,5397,COD,10463.86,2025-01-07,Refunded
5398,5398,Wallet,65132.06,2023-08-06,Refunded
5399,5399,Debit Card,33662.36,2024-05-11,Success
5400,5400,Debit Card,29320.04,2024-02-03,Success
5401,5401,Debit Card,21222.76,2022-05-08,Success
5402,5402,Debit Card,137201.8,2024-04-01,Success
5403,5403,Debit Card,64597.95,2025-06-27,Success
5404,5404,Credit Card,48852.16,2025-11-28,Success
5405,5405,Wallet,69875.27,2022-03-19,Success
5406,5406,Credit Card,104861.34,2025-08-06,Success
5407,5407,UPI,98809.6,2025-08-23,Success
5408,5408,UPI,31835.8,2023-05-18,Success
5409,5409,COD,39459.43,2025-09-28,Refunded
5410,5410,UPI,16916.48,2022-04-09,Refunded
5411,5411,Net Banking,14228.88,2025-03-14,Success
5412,5412,UPI,132057.3,2024-09-25,Success
5413,5413,COD,74903.18,2023-08-29,Success
5414,5414,Debit Card,29393.27,2024-03-30,Success
5415,5415,UPI,82501.7,2023-03-31,Success
5416,5416,Credit Card,95994.56,2023-10-08,Failed
5417,5417,COD,13020.92,2022-12-09,Success
5418,5418,Credit Card,19788.0,2022-12-20,Success
5419,5419,UPI,60148.6,2025-03-20,Success
5420,5420,UPI,93818.36,2025-05-08,Refunded
5421,5421,UPI,6022.34,2022-04-18,Success
5422,5422,Debit Card,32263.78,2022-09-05,Success
5423,5423,Credit Card,167699.18,2024-09-18,Success
5424,5424,Debit Card,17621.32,2025-11-16,Success
5425,5425,Debit Card,49111.64,2025-04-16,Refunded
5426,5426,COD,156783.56,2025-07-28,Success
5427,5427,UPI,46888.35,2023-11-11,Success
5428,5428,UPI,57523.39,2023-01-19,Success
5429,5429,COD,41118.1,2025-08-22,Success
5430,5430,Wallet,177380.61,2024-12-26,Success
5431,5431,UPI,214308.95,2024-06-13,Success
5432,5432,Debit Card,40126.1,2025-07-26,Success
5433,5433,COD,57633.72,2022-05-02,Success
5434,5434,UPI,31870.12,2025-06-07,Success
5435,5435,Net Banking,66172.65,2025-12-07,Success
5436,5436,Debit Card,19896.07,2022-12-19,Success
5437,5437,COD,61346.9,2025-02-19,Failed
5438,5438,Wallet,3634.11,2023-01-26,Refunded
5439,5439,Debit Card,7333.42,2022-01-19,Refunded
5440,5440,Net Banking,82645.1,2022-04-12,Success
5441,5441,Credit Card,153234.35,2025-01-20,Success
5442,5442,Debit Card,54177.37,2022-06-11,Success
5443,5443,Net Banking,70973.61,2023-04-02,Failed
5444,5444,UPI,93732.43,2025-12-24,Refunded
5445,5445,Wallet,50593.55,2023-06-06,Success
5446,5446,Debit Card,111893.76,2022-04-30,Success
5447,5447,UPI,11370.96,2022-02-18,Success
5448,5448,Debit Card,9534.27,2024-06-07,Refunded
5449,5449,Net Banking,57471.69,2023-06-07,Refunded
5450,5450,Credit Card,49402.54,2023-12-15,Success
5451,5451,Debit Card,12829.15,2023-08-06,Success
5452,5452,Debit Card,35889.28,2025-01-17,Refunded
5453,5453,Wallet,88906.73,2023-11-01,Success
5454,5454,COD,91758.57,2024-10-10,Success
5455,5455,COD,49837.99,2025-02-12,Success
5456,5456,UPI,24984.27,2022-09-01,Success
5457,5457,Net Banking,63354.03,2023-04-16,Success
5458,5458,Credit Card,17837.14,2025-07-20,Success
5459,5459,Net Banking,167332.03,2024-03-11,Success
5460,5460,COD,173222.08,2023-09-07,Success
5461,5461,Wallet,139608.72,2024-04-29,Success
5462,5462,UPI,37810.22,2022-04-30,Success
5463,5463,COD,97499.58,2025-02-15,Success
5464,5464,COD,85524.22,2023-09-14,Refunded
5465,5465,Debit Card,22067.01,2023-01-15,Refunded
5466,5466,UPI,138358.36,2024-05-25,Refunded
5467,5467,COD,183030.31,2025-03-13,Refunded
5468,5468,Debit Card,21460.31,2022-11-23,Success
5469,5469,COD,14908.35,2024-12-23,Success
5470,5470,Wallet,221078.22,2022-02-08,Success
5471,5471,Credit Card,18195.11,2025-07-07,Success
5472,5472,COD,154000.84,2025-08-03,Success
5473,5473,Credit Card,58565.1,2024-12-10,Success
5474,5474,Debit Card,47755.32,2024-05-29,Refunded
5475,5475,Net Banking,48988.38,2025-03-11,Success
5476,5476,COD,14759.78,2022-05-03,Failed
5477,5477,Credit Card,87162.8,2023-07-28,Success
5478,5478,Net Banking,40207.9,2023-05-26,Success
5479,5479,Net Banking,36516.96,2022-11-22,Success
5480,5480,COD,46632.07,2025-11-06,Success
5481,5481,Debit Card,57668.34,2025-01-15,Success
5482,5482,Credit Card,25469.31,2022-08-16,Success
5483,5483,Credit Card,38980.83,2022-01-17,Success
5484,5484,UPI,93320.18,2023-10-01,Refunded
5485,5485,UPI,10404.05,2022-08-25,Success
5486,5486,UPI,93120.0,2023-07-29,Success
5487,5487,Debit Card,31930.4,2024-07-14,Success
5488,5488,Debit Card,16205.95,2023-10-25,Success
5489,5489,Net Banking,92634.18,2024-02-12,Refunded
5490,5490,Wallet,156670.59,2024-03-14,Success
5491,5491,UPI,80627.32,2025-07-23,Success
5492,5492,Credit Card,111206.65,2024-07-10,Success
5493,5493,Credit Card,297.67,2022-12-19,Success
5494,5494,Net Banking,103494.71,2024-01-01,Success
5495,5495,Debit Card,104932.95,2023-10-16,Success
5496,5496,Wallet,48664.05,2022-10-20,Success
5497,5497,Debit Card,102867.71,2025-05-18,Success
5498,5498,Credit Card,79251.52,2022-02-02,Success
5499,5499,Credit Card,96453.98,2025-08-16,Success
5500,5500,Wallet,51267.64,2022-05-20,Refunded
5501,5501,Debit Card,87707.26,2024-05-10,Success
5502,5502,Net Banking,78177.85,2022-03-20,Success
5503,5503,UPI,143259.51,2022-02-11,Refunded
5504,5504,Credit Card,20146.4,2022-09-25,Success
5505,5505,COD,16153.79,2023-01-08,Success
5506,5506,Net Banking,65680.2,2024-03-19,Success
5507,5507,UPI,35534.02,2023-09-01,Success
5508,5508,COD,56868.66,2025-05-04,Refunded
5509,5509,Credit Card,109966.73,2022-06-27,Refunded
5510,5510,COD,71062.56,2023-08-13,Success
5511,5511,COD,166001.12,2025-04-04,Success
5512,5512,Credit Card,213548.92,2025-03-26,Success
5513,5513,UPI,160303.24,2025-12-05,Success
5514,5514,Credit Card,21460.31,2025-11-18,Success
5515,5515,Wallet,4563.36,2024-09-25,Success
5516,5516,UPI,38465.9,2025-12-26,Success
5517,5517,Credit Card,64412.17,2022-05-01,Success
5518,5518,UPI,80530.68,2022-07-05,Success
5519,5519,Debit Card,43054.56,2025-04-24,Success
5520,5520,Net Banking,68329.8,2025-10-04,Success
5521,5521,Wallet,63767.39,2022-07-09,Success
5522,5522,COD,28225.72,2023-08-19,Success
5523,5523,Credit Card,133358.39,2022-06-26,Refunded
5524,5524,Wallet,18747.4,2023-06-21,Success
5525,5525,Credit Card,74829.68,2025-02-19,Refunded
5526,5526,COD,87637.99,2025-10-05,Success
5527,5527,Credit Card,62352.04,2022-07-27,Success
5528,5528,UPI,31856.92,2025-12-27,Success
5529,5529,Net Banking,2775.67,2023-09-26,Success
5530,5530,UPI,114230.62,2024-08-24,Success
5531,5531,Credit Card,99185.65,2025-07-15,Success
5532,5532,UPI,76456.09,2025-03-27,Success
5533,5533,Credit Card,28706.6,2022-03-07,Success
5534,5534,Debit Card,73388.16,2023-04-04,Success
5535,5535,Debit Card,37854.14,2025-05-11,Refunded
5536,5536,Net Banking,94641.37,2022-09-12,Success
5537,5537,COD,11307.02,2024-07-01,Success
5538,5538,COD,32509.32,2023-03-25,Success
5539,5539,Credit Card,121081.79,2025-03-25,Success
5540,5540,UPI,140273.1,2024-07-23,Success
5541,5541,Credit Card,93387.17,2025-03-16,Success
5542,5542,UPI,64983.92,2025-02-28,Success
5543,5543,UPI,61683.88,2025-07-30,Refunded
5544,5544,COD,102498.34,2025-01-08,Success
5545,5545,Wallet,22685.86,2022-07-20,Refunded
5546,5546,Credit Card,2720.12,2024-07-17,Success
5547,5547,Debit Card,106703.65,2024-04-16,Success
5548,5548,Wallet,64549.74,2022-08-25,Success
5549,5549,Net Banking,9036.49,2025-06-14,Failed
5550,5550,UPI,150408.17,2025-09-03,Success
5551,5551,COD,29088.9,2025-07-19,Success
5552,5552,Net Banking,31018.48,2025-04-11,Success
5553,5553,Wallet,145412.29,2025-06-24,Success
5554,5554,COD,32618.33,2022-12-30,Success
5555,5555,UPI,53373.53,2024-09-10,Refunded
5556,5556,Debit Card,30809.41,2025-06-19,Success
5557,5557,UPI,81436.64,2022-08-31,Success
5558,5558,Credit Card,98084.39,2022-02-27,Success
5559,5559,Net Banking,150815.89,2025-02-13,Success
5560,5560,Wallet,113767.65,2022-11-03,Success
5561,5561,Wallet,41089.4,2022-03-06,Success
5562,5562,UPI,150595.76,2024-02-10,Success
5563,5563,Debit Card,32867.34,2022-12-21,Success
5564,5564,Wallet,76812.4,2024-03-05,Success
5565,5565,Debit Card,113889.28,2022-11-12,Success
5566,5566,COD,9375.85,2023-03-09,Success
5567,5567,Debit Card,28127.44,2023-11-28,Success
5568,5568,UPI,52250.1,2023-10-13,Success
5569,5569,UPI,210845.74,2023-12-19,Success
5570,5570,UPI,39157.19,2022-12-20,Success
5571,5571,Wallet,93166.12,2022-08-17,Refunded
5572,5572,COD,45757.4,2025-11-02,Success
5573,5573,Net Banking,38324.35,2022-10-09,Success
5574,5574,Credit Card,186771.12,2024-11-20,Success
5575,5575,UPI,24942.78,2025-09-16,Refunded
5576,5576,UPI,108241.78,2022-06-10,Success
5577,5577,COD,44596.68,2025-01-04,Success
5578,5578,Debit Card,90505.68,2025-10-07,Success
5579,5579,Debit Card,31316.9,2024-05-02,Failed
5580,5580,COD,58163.04,2024-07-19,Success
5581,5581,Credit Card,29693.07,2024-11-15,Success
5582,5582,Credit Card,21718.63,2022-05-23,Success
5583,5583,Debit Card,117845.15,2025-06-18,Refunded
5584,5584,Wallet,80139.86,2023-12-26,Success
5585,5585,Credit Card,32895.27,2023-11-20,Refunded
5586,5586,Debit Card,164760.31,2025-08-29,Success
5587,5587,Debit Card,50017.58,2022-03-27,Success
5588,5588,Net Banking,10039.94,2022-01-22,Success
5589,5589,UPI,50238.13,2023-05-12,Success
5590,5590,COD,148711.5,2024-09-15,Success
5591,5591,Wallet,71924.54,2023-10-13,Success
5592,5592,Debit Card,46073.91,2025-09-18,Success
5593,5593,COD,18795.73,2022-01-30,Failed
5594,5594,Debit Card,24247.82,2023-11-25,Success
5595,5595,Net Banking,162967.78,2024-05-27,Success
5596,5596,Credit Card,60834.76,2023-09-25,Refunded
5597,5597,Credit Card,84464.71,2025-11-28,Refunded
5598,5598,Net Banking,20028.79,2022-11-24,Success
5599,5599,Net Banking,16619.07,2023-11-19,Success
5600,5600,Debit Card,109965.09,2026-01-01,Refunded
5601,5601,UPI,71083.24,2024-09-15,Success
5602,5602,COD,51981.34,2024-07-31,Success
5603,5603,COD,107664.55,2023-06-08,Success
5604,5604,Debit Card,128027.62,2022-07-21,Success
5605,5605,Debit Card,84190.65,2025-04-21,Success
5606,5606,Net Banking,49042.83,2022-08-05,Success
5607,5607,Net Banking,157499.57,2024-12-31,Success
5608,5608,UPI,29951.7,2024-10-21,Success
5609,5609,Credit Card,47844.33,2025-09-15,Success
5610,5610,Net Banking,163826.4,2024-02-20,Failed
5611,5611,COD,105015.66,2024-04-24,Refunded
5612,5612,COD,19603.62,2022-01-26,Success
5613,5613,Debit Card,71755.48,2023-07-10,Refunded
5614,5614,Credit Card,966.91,2022-07-15,Success
5615,5615,UPI,35125.04,2025-07-30,Success
5616,5616,Net Banking,15576.72,2023-01-08,Success
5617,5617,Credit Card,135200.7,2023-08-18,Success
5618,5618,Wallet,16894.43,2024-02-07,Success
5619,5619,Debit Card,65626.05,2022-11-26,Refunded
5620,5620,Wallet,1624.86,2025-12-11,Success
5621,5621,COD,120295.31,2024-02-19,Success
5622,5622,Wallet,98386.45,2024-04-09,Refunded
5623,5623,Credit Card,107234.2,2024-10-01,Success
5624,5624,Wallet,4482.75,2023-05-04,Success
5625,5625,Net Banking,156527.4,2025-07-19,Success
5626,5626,COD,79930.44,2023-04-25,Success
5627,5627,Debit Card,69972.76,2022-06-04,Success
5628,5628,Wallet,66469.38,2024-05-02,Success
5629,5629,UPI,34511.69,2025-06-16,Success
5630,5630,COD,136097.54,2024-02-20,Success
5631,5631,Wallet,69536.86,2023-08-07,Success
5632,5632,Credit Card,130865.45,2022-06-16,Refunded
5633,5633,Debit Card,45844.47,2025-12-12,Success
5634,5634,UPI,66030.52,2022-05-21,Success
5635,5635,Debit Card,64782.06,2022-08-04,Success
5636,5636,Credit Card,3234.9,2025-01-18,Success
5637,5637,UPI,69474.56,2023-10-12,Success
5638,5638,UPI,63264.6,2023-01-01,Success
5639,5639,Wallet,2720.12,2025-01-16,Success
5640,5640,Net Banking,44715.5,2025-06-03,Success
5641,5641,Debit Card,36704.61,2022-06-30,Success
5642,5642,Debit Card,55421.09,2024-04-27,Success
5643,5643,COD,130151.25,2022-08-18,Success
5644,5644,Wallet,94361.69,2023-12-10,Refunded
5645,5645,Credit Card,32157.68,2025-12-18,Success
5646,5646,Credit Card,20309.22,2025-09-13,Success
5647,5647,Debit Card,87899.8,2023-12-03,Refunded
5648,5648,Net Banking,26684.64,2025-02-03,Success
5649,5649,Credit Card,40658.16,2025-02-01,Success
5650,5650,Debit Card,85481.07,2024-03-02,Success
5651,5651,Credit Card,1180.01,2025-03-24,Success
5652,5652,COD,64344.16,2024-06-03,Refunded
5653,5653,COD,39368.08,2022-12-30,Success
5654,5654,COD,176129.22,2023-06-29,Failed
5655,5655,Net Banking,26869.38,2022-11-17,Success
5656,5656,COD,16454.83,2025-04-13,Success
5657,5657,COD,13390.15,2025-12-28,Success
5658,5658,Wallet,145485.81,2025-08-13,Success
5659,5659,Debit Card,8586.58,2022-12-19,Failed
5660,5660,Debit Card,71300.79,2023-10-12,Success
5661,5661,COD,118860.69,2022-10-12,Success
5662,5662,Credit Card,61855.48,2025-05-26,Success
5663,5663,COD,10101.86,2022-03-16,Success
5664,5664,COD,35874.87,2024-01-30,Success
5665,5665,Credit Card,41017.16,2022-04-10,Refunded
5666,5666,UPI,97878.54,2022-10-30,Success
5667,5667,Wallet,18119.01,2022-12-17,Success
5668,5668,Credit Card,56813.6,2022-09-16,Success
5669,5669,Wallet,43775.49,2023-07-16,Success
5670,5670,Wallet,95621.58,2022-12-15,Success
5671,5671,COD,84544.43,2023-06-28,Success
5672,5672,Debit Card,118870.85,2025-05-22,Success
5673,5673,UPI,87326.02,2025-07-17,Refunded
5674,5674,Wallet,21562.39,2025-03-02,Success
5675,5675,Wallet,71777.29,2024-03-30,Refunded
5676,5676,Net Banking,43303.47,2024-05-23,Refunded
5677,5677,UPI,38317.94,2022-05-04,Success
5678,5678,Debit Card,14741.59,2024-09-12,Success
5679,5679,Net Banking,66080.06,2022-12-08,Success
5680,5680,Debit Card,60355.17,2022-03-26,Success
5681,5681,Wallet,16086.04,2023-07-12,Failed
5682,5682,UPI,36908.94,2025-01-20,Refunded
5683,5683,UPI,120525.18,2022-01-14,Success
5684,5684,Wallet,226912.08,2025-02-11,Success
5685,5685,UPI,78989.8,2022-10-25,Success
5686,5686,Wallet,110351.63,2024-10-22,Success
5687,5687,Debit Card,15149.56,2025-07-31,Success
5688,5688,Wallet,7434.55,2023-07-13,Success
5689,5689,Credit Card,156433.26,2023-04-18,Refunded
5690,5690,Debit Card,42828.56,2023-12-03,Success
5691,5691,Net Banking,142621.85,2025-03-25,Success
5692,5692,Credit Card,146459.05,2025-07-05,Refunded
5693,5693,Credit Card,57329.42,2022-06-18,Refunded
5694,5694,Wallet,40407.44,2022-01-05,Success
5695,5695,Wallet,31199.63,2022-09-15,Refunded
5696,5696,Credit Card,61906.25,2024-02-28,Success
5697,5697,Credit Card,6943.84,2025-12-06,Success
5698,5698,Net Banking,102896.51,2023-07-21,Success
5699,5699,UPI,134900.74,2022-07-01,Success
5700,5700,Net Banking,19708.22,2022-08-05,Failed
5701,5701,Credit Card,190312.51,2022-03-24,Success
5702,5702,COD,15192.18,2023-01-11,Success
5703,5703,Debit Card,72334.52,2022-04-12,Success
5704,5704,Net Banking,121781.66,2025-10-01,Success
5705,5705,UPI,28425.29,2025-03-02,Success
5706,5706,Debit Card,7062.82,2025-04-03,Refunded
5707,5707,COD,121331.48,2024-02-24,Success
5708,5708,Debit Card,47304.77,2025-08-06,Success
5709,5709,Net Banking,125321.19,2024-06-01,Success
5710,5710,UPI,141551.16,2022-08-21,Success
5711,5711,Wallet,143406.5,2024-07-12,Success
5712,5712,UPI,107613.2,2023-11-13,Failed
5713,5713,Net Banking,30301.41,2025-10-19,Success
5714,5714,Debit Card,165414.66,2023-09-23,Refunded
5715,5715,COD,157819.16,2022-08-14,Success
5716,5716,Debit Card,54069.74,2025-07-17,Success
5717,5717,Net Banking,8610.05,2022-02-04,Success
5718,5718,Net Banking,53542.22,2022-02-15,Success
5719,5719,Debit Card,10014.02,2025-09-27,Success
5720,5720,UPI,73807.32,2025-06-25,Success
5721,5721,COD,18745.53,2022-09-07,Success
5722,5722,COD,129774.57,2022-01-04,Success
5723,5723,Credit Card,44917.76,2025-04-26,Success
5724,5724,Credit Card,13235.32,2022-06-21,Success
5725,5725,Wallet,41335.77,2022-08-25,Success
5726,5726,UPI,72276.6,2025-05-03,Refunded
5727,5727,Net Banking,90996.57,2023-12-04,Success
5728,5728,COD,18665.8,2022-03-02,Refunded
5729,5729,Wallet,29175.39,2023-07-02,Success
5730,5730,Credit Card,94524.45,2024-09-10,Success
5731,5731,Net Banking,243419.22,2024-08-06,Success
5732,5732,COD,24736.54,2023-11-29,Success
5733,5733,Net Banking,168904.78,2023-08-06,Failed
5734,5734,Credit Card,20205.52,2022-05-27,Success
5735,5735,Net Banking,63338.53,2023-11-27,Failed
5736,5736,UPI,20156.83,2024-09-14,Success
5737,5737,Credit Card,131484.44,2025-02-16,Refunded
5738,5738,Wallet,136775.5,2024-12-16,Failed
5739,5739,Credit Card,139692.25,2023-07-22,Failed
5740,5740,COD,89863.01,2024-05-31,Success
5741,5741,Credit Card,133014.8,2025-04-07,Refunded
5742,5742,Credit Card,116547.52,2025-05-24,Success
5743,5743,Debit Card,19861.79,2022-04-22,Success
5744,5744,Credit Card,6093.21,2023-10-26,Success
5745,5745,UPI,60211.96,2022-05-19,Refunded
5746,5746,Credit Card,16109.3,2022-12-11,Refunded
5747,5747,Credit Card,30458.05,2023-06-28,Success
5748,5748,UPI,88240.16,2023-01-12,Success
5749,5749,Wallet,217619.83,2024-04-12,Success
5750,5750,COD,74908.37,2022-09-02,Success
5751,5751,Net Banking,135023.86,2023-03-01,Success
5752,5752,Credit Card,806.74,2024-09-25,Success
5753,5753,Wallet,52093.47,2025-09-13,Success
5754,5754,Net Banking,166265.08,2025-06-26,Refunded
5755,5755,Net Banking,14468.56,2022-03-26,Success
5756,5756,Net Banking,42013.32,2025-05-12,Success
5757,5757,Credit Card,51967.71,2023-03-06,Success
5758,5758,Debit Card,29833.35,2024-08-12,Success
5759,5759,Credit Card,35836.76,2024-06-08,Refunded
5760,5760,UPI,44176.76,2023-03-28,Success
5761,5761,Wallet,48723.46,2023-06-01,Success
5762,5762,Credit Card,76607.55,2023-11-11,Refunded
5763,5763,Net Banking,70242.09,2025-10-07,Success
5764,5764,Credit Card,44990.1,2023-07-25,Success
5765,5765,COD,55943.03,2025-01-13,Success
5766,5766,COD,51185.15,2023-01-27,Refunded
5767,5767,Credit Card,169980.39,2024-05-20,Refunded
5768,5768,UPI,76351.99,2025-09-20,Success
5769,5769,COD,23739.6,2022-09-16,Success
5770,5770,Net Banking,182613.95,2022-09-03,Success
5771,5771,UPI,10715.79,2025-04-22,Success
5772,5772,Net Banking,57386.36,2024-01-03,Success
5773,5773,Wallet,46286.55,2022-07-25,Success
5774,5774,Credit Card,96147.66,2025-04-28,Success
5775,5775,Credit Card,84150.18,2024-02-05,Success
5776,5776,Debit Card,151591.37,2024-07-01,Success
5777,5777,Debit Card,36146.32,2025-01-06,Failed
5778,5778,Credit Card,153272.45,2023-03-16,Failed
5779,5779,Net Banking,26168.58,2025-11-22,Success
5780,5780,COD,140069.95,2022-11-26,Success
5781,5781,Credit Card,93967.74,2022-01-29,Success
5782,5782,UPI,35905.76,2022-11-27,Success
5783,5783,UPI,86998.06,2023-02-04,Failed
5784,5784,UPI,16220.78,2024-11-27,Success
5785,5785,Net Banking,58655.59,2024-04-11,Success
5786,5786,COD,195462.15,2024-08-23,Success
5787,5787,Net Banking,162376.68,2025-05-23,Success
5788,5788,UPI,17348.44,2025-06-11,Success
5789,5789,UPI,65897.14,2025-08-20,Success
5790,5790,COD,72322.45,2023-06-07,Success
5791,5791,Credit Card,64031.65,2024-07-11,Success
5792,5792,UPI,199969.83,2024-02-25,Success
5793,5793,COD,18228.31,2023-04-01,Refunded
5794,5794,Credit Card,62396.19,2024-10-11,Success
5795,5795,Credit Card,31625.94,2022-11-10,Success
5796,5796,UPI,49389.91,2024-12-09,Success
5797,5797,Wallet,158877.46,2024-01-15,Success
5798,5798,COD,94422.28,2022-09-29,Success
5799,5799,UPI,77319.35,2024-07-01,Success
5800,5800,UPI,8397.87,2024-09-16,Refunded
5801,5801,Net Banking,12615.01,2024-12-29,Success
5802,5802,Credit Card,100858.88,2025-05-01,Success
5803,5803,Debit Card,100765.86,2023-12-08,Success
5804,5804,COD,53636.08,2023-09-04,Success
5805,5805,UPI,22732.5,2022-08-01,Success
5806,5806,Net Banking,100784.15,2024-07-14,Refunded
5807,5807,Credit Card,58468.94,2025-12-27,Success
5808,5808,Credit Card,81939.41,2023-01-12,Success
5809,5809,UPI,210816.0,2022-01-10,Success
5810,5810,Wallet,180136.89,2024-10-07,Success
5811,5811,Debit Card,14475.5,2025-05-07,Success
5812,5812,UPI,97491.23,2025-09-03,Success
5813,5813,COD,2465.62,2024-05-04,Failed
5814,5814,COD,29755.88,2022-09-14,Success
5815,5815,Net Banking,16605.12,2024-06-27,Success
5816,5816,COD,116942.25,2022-03-21,Success
5817,5817,Debit Card,115288.85,2022-01-11,Success
5818,5818,UPI,133764.93,2022-03-01,Success
5819,5819,Wallet,32166.07,2023-01-11,Success
5820,5820,Net Banking,84169.03,2023-08-06,Refunded
5821,5821,Net Banking,48646.63,2025-03-01,Failed
5822,5822,Debit Card,60298.18,2025-08-17,Success
5823,5823,Net Banking,1292.78,2025-08-10,Success
5824,5824,Credit Card,30285.57,2025-01-08,Success
5825,5825,Net Banking,130288.01,2023-11-09,Success
5826,5826,COD,80009.28,2025-08-06,Success
5827,5827,Credit Card,152944.21,2023-07-22,Refunded
5828,5828,Debit Card,134791.0,2022-07-22,Success
5829,5829,COD,59010.12,2025-01-05,Success
5830,5830,Debit Card,8643.9,2022-12-07,Success
5831,5831,UPI,52664.02,2022-08-29,Success
5832,5832,Wallet,17552.49,2024-07-16,Failed
5833,5833,Net Banking,52515.4,2024-10-16,Success
5834,5834,Credit Card,73711.39,2023-08-20,Success
5835,5835,UPI,37058.64,2024-04-13,Refunded
5836,5836,Debit Card,185839.38,2025-12-31,Failed
5837,5837,COD,126638.9,2023-12-25,Success
5838,5838,Debit Card,70629.85,2022-05-12,Success
5839,5839,Debit Card,41340.43,2022-04-08,Success
5840,5840,Debit Card,44993.31,2024-05-01,Success
5841,5841,Debit Card,83178.02,2022-11-25,Refunded
5842,5842,Net Banking,25795.14,2025-09-15,Success
5843,5843,Net Banking,38475.49,2022-12-17,Success
5844,5844,Wallet,167290.68,2025-11-07,Success
5845,5845,Wallet,79465.4,2025-04-08,Refunded
5846,5846,UPI,128125.89,2025-05-09,Success
5847,5847,UPI,15402.52,2024-12-31,Failed
5848,5848,Credit Card,122785.45,2023-03-02,Success
5849,5849,Debit Card,76995.59,2025-03-10,Refunded
5850,5850,COD,48140.25,2022-12-04,Success
5851,5851,UPI,160947.3,2023-07-23,Success
5852,5852,COD,29703.7,2023-06-21,Success
5853,5853,COD,42000.98,2025-05-03,Success
5854,5854,Debit Card,100825.47,2024-02-12,Success
5855,5855,Debit Card,134671.33,2022-05-16,Success
5856,5856,Wallet,146290.06,2022-11-23,Refunded
5857,5857,Debit Card,99081.68,2023-01-02,Success
5858,5858,UPI,136618.03,2023-09-08,Success
5859,5859,UPI,171344.83,2022-06-19,Success
5860,5860,Debit Card,100192.37,2023-09-25,Refunded
5861,5861,Net Banking,19409.5,2024-10-01,Success
5862,5862,Wallet,106953.56,2023-08-07,Success
5863,5863,Net Banking,106474.53,2024-05-19,Success
5864,5864,COD,110810.04,2024-11-27,Failed
5865,5865,UPI,53579.89,2025-07-20,Success
5866,5866,Debit Card,40840.81,2022-03-19,Success
5867,5867,COD,68956.23,2025-12-27,Success
5868,5868,Debit Card,61495.28,2024-08-20,Success
5869,5869,COD,158137.68,2022-08-21,Success
5870,5870,Debit Card,22424.15,2024-10-24,Success
5871,5871,UPI,115995.57,2025-01-29,Failed
5872,5872,Net Banking,137732.69,2022-07-14,Success
5873,5873,UPI,159043.84,2022-09-28,Success
5874,5874,UPI,44495.45,2023-06-19,Success
5875,5875,Debit Card,28539.96,2025-08-17,Success
5876,5876,Debit Card,154123.69,2022-03-27,Refunded
5877,5877,UPI,3674.24,2025-03-26,Success
5878,5878,COD,2850.88,2025-02-01,Failed
5879,5879,Wallet,52901.48,2022-04-20,Success
5880,5880,Wallet,125694.46,2024-06-01,Success
5881,5881,Debit Card,138707.12,2024-12-06,Success
5882,5882,COD,169159.78,2023-10-16,Success
5883,5883,Credit Card,45140.44,2022-03-20,Success
5884,5884,Credit Card,132960.84,2022-08-19,Success
5885,5885,UPI,272312.39,2022-09-12,Success
5886,5886,Debit Card,129688.46,2024-05-08,Success
5887,5887,Debit Card,19603.84,2022-10-22,Success
5888,5888,Wallet,52191.45,2022-03-04,Success
5889,5889,Debit Card,180557.93,2025-06-16,Failed
5890,5890,Debit Card,170453.92,2024-03-03,Success
5891,5891,Net Banking,168556.27,2023-10-08,Success
5892,5892,COD,51007.11,2024-06-20,Success
5893,5893,Net Banking,47995.47,2022-07-26,Success
5894,5894,Net Banking,47003.12,2022-09-25,Success
5895,5895,Credit Card,78286.42,2025-10-26,Success
5896,5896,Net Banking,51354.11,2023-04-06,Success
5897,5897,UPI,19662.84,2023-06-12,Success
5898,5898,Net Banking,8283.08,2023-08-01,Refunded
5899,5899,Net Banking,46032.26,2024-01-03,Success
5900,5900,Credit Card,46247.44,2025-12-10,Success
5901,5901,Wallet,12892.48,2023-01-11,Success
5902,5902,COD,20610.91,2025-08-02,Success
5903,5903,COD,27662.3,2022-07-03,Success
5904,5904,UPI,19450.36,2023-09-22,Success
5905,5905,Debit Card,107329.3,2025-11-01,Success
5906,5906,Credit Card,128534.9,2023-04-28,Success
5907,5907,Wallet,76945.63,2024-05-16,Success
5908,5908,Wallet,12914.58,2025-08-01,Success
5909,5909,Credit Card,40013.22,2024-12-16,Success
5910,5910,Wallet,19233.82,2022-09-22,Success
5911,5911,Debit Card,32582.37,2023-07-11,Success
5912,5912,Credit Card,143138.17,2022-07-24,Refunded
5913,5913,Credit Card,11849.19,2022-05-28,Success
5914,5914,Wallet,77328.7,2024-12-13,Success
5915,5915,COD,105942.44,2025-08-30,Refunded
5916,5916,Net Banking,13187.37,2022-11-05,Failed
5917,5917,Credit Card,77207.9,2025-01-18,Refunded
5918,5918,Credit Card,49961.25,2024-05-29,Success
5919,5919,Net Banking,70925.04,2024-09-30,Success
5920,5920,Credit Card,182283.02,2023-12-12,Success
5921,5921,COD,40366.68,2023-04-13,Refunded
5922,5922,Net Banking,139880.45,2024-08-17,Refunded
5923,5923,COD,33883.75,2024-10-25,Refunded
5924,5924,Credit Card,108004.6,2024-10-24,Failed
5925,5925,Wallet,91970.2,2023-08-02,Success
5926,5926,Credit Card,779.87,2022-02-09,Success
5927,5927,Net Banking,160010.28,2023-01-04,Success
5928,5928,COD,78497.66,2025-04-16,Failed
5929,5929,UPI,31516.61,2025-05-29,Success
5930,5930,UPI,158915.18,2024-12-25,Success
5931,5931,COD,103282.6,2022-01-05,Success
5932,5932,Wallet,40350.33,2023-01-21,Refunded
5933,5933,UPI,94865.61,2022-07-13,Success
5934,5934,COD,126450.23,2025-01-29,Success
5935,5935,Wallet,167677.6,2023-02-06,Success
5936,5936,COD,177003.66,2023-05-21,Success
5937,5937,Debit Card,32724.74,2022-05-04,Refunded
5938,5938,UPI,128125.08,2025-03-21,Success
5939,5939,Net Banking,50452.0,2025-04-21,Success
5940,5940,UPI,75138.85,2022-08-19,Refunded
5941,5941,Debit Card,106821.45,2024-08-01,Success
5942,5942,COD,104980.35,2025-01-26,Success
5943,5943,Net Banking,4666.84,2023-12-01,Success
5944,5944,Wallet,62020.06,2025-06-10,Success
5945,5945,Credit Card,63603.6,2024-01-29,Success
5946,5946,COD,58639.95,2025-06-25,Success
5947,5947,UPI,38112.68,2024-04-19,Success
5948,5948,UPI,39037.46,2023-10-16,Success
5949,5949,COD,214438.05,2022-02-02,Success
5950,5950,COD,93393.11,2023-10-23,Success
5951,5951,Debit Card,49088.59,2024-09-18,Failed
5952,5952,Credit Card,146046.75,2025-01-13,Failed
5953,5953,COD,165860.38,2024-06-16,Refunded
5954,5954,Wallet,21188.47,2024-12-12,Success
5955,5955,Wallet,22588.3,2025-01-31,Success
5956,5956,COD,42106.13,2022-12-25,Success
5957,5957,UPI,113865.16,2022-04-13,Success
5958,5958,UPI,61255.39,2022-09-24,Success
5959,5959,UPI,34200.08,2025-11-06,Refunded
5960,5960,COD,48690.1,2025-05-19,Success
5961,5961,Credit Card,87426.61,2022-01-05,Success
5962,5962,Net Banking,101516.65,2025-03-19,Success
5963,5963,UPI,119223.18,2025-08-07,Success
5964,5964,Wallet,66494.51,2025-12-10,Success
5965,5965,Debit Card,37070.77,2023-11-28,Success
5966,5966,Net Banking,76274.89,2022-10-12,Failed
5967,5967,COD,75122.53,2022-04-03,Success
5968,5968,COD,233181.81,2022-05-09,Failed
5969,5969,COD,50617.0,2022-10-02,Failed
5970,5970,Net Banking,96359.31,2023-04-18,Success
5971,5971,Debit Card,21749.67,2022-08-13,Success
5972,5972,Net Banking,184715.2,2025-01-16,Refunded
5973,5973,COD,63353.64,2022-08-04,Success
5974,5974,Wallet,80789.55,2023-06-13,Success
5975,5975,UPI,101658.74,2024-07-05,Success
5976,5976,UPI,76004.45,2023-10-21,Success
5977,5977,Debit Card,1130.1,2023-07-06,Failed
5978,5978,COD,32923.43,2022-05-16,Success
5979,5979,Debit Card,53901.59,2023-04-01,Success
5980,5980,UPI,2472.77,2023-07-25,Failed
5981,5981,Net Banking,31644.2,2022-02-05,Success
5982,5982,UPI,21891.0,2023-11-05,Success
5983,5983,Credit Card,294849.84,2025-05-15,Success
5984,5984,UPI,56053.74,2022-12-08,Success
5985,5985,COD,30859.1,2024-11-06,Refunded
5986,5986,Net Banking,63122.76,2023-07-22,Refunded
5987,5987,COD,99416.39,2025-06-05,Success
5988,5988,Debit Card,138104.57,2023-12-15,Success
5989,5989,UPI,131497.9,2025-09-06,Success
5990,5990,Debit Card,104300.98,2024-04-27,Success
5991,5991,Wallet,110089.9,2025-10-08,Success
5992,5992,Credit Card,27449.49,2022-09-20,Refunded
5993,5993,Net Banking,127744.44,2024-01-13,Refunded
5994,5994,Wallet,20195.72,2024-06-30,Success
5995,5995,Credit Card,81922.51,2022-07-20,Success
5996,5996,Wallet,40391.19,2023-01-09,Success
5997,5997,UPI,67679.7,2022-09-28,Refunded
5998,5998,Wallet,17591.52,2024-02-08,Success
5999,5999,Net Banking,26103.34,2025-05-09,Success
6000,6000,UPI,118026.42,2025-02-07,Success
6001,6001,Wallet,153142.58,2023-05-26,Success
6002,6002,Credit Card,139200.52,2023-02-05,Success
6003,6003,Debit Card,15975.99,2023-07-31,Success
6004,6004,UPI,37854.62,2025-03-04,Success
6005,6005,Credit Card,104465.48,2022-09-29,Success
6006,6006,Wallet,39293.53,2024-11-25,Success
6007,6007,Net Banking,100408.57,2022-03-05,Success
6008,6008,UPI,54768.07,2022-08-03,Success
6009,6009,COD,46632.67,2022-07-14,Success
6010,6010,COD,86251.19,2023-12-25,Success
6011,6011,UPI,37188.82,2024-05-31,Success
6012,6012,COD,101168.93,2023-04-10,Refunded
6013,6013,COD,27839.59,2023-05-31,Success
6014,6014,COD,65098.72,2023-08-04,Success
6015,6015,Debit Card,74082.58,2022-06-08,Refunded
6016,6016,UPI,63447.45,2025-04-10,Success
6017,6017,Wallet,73740.94,2023-10-10,Success
6018,6018,Net Banking,86157.86,2022-03-03,Success
6019,6019,UPI,70556.2,2025-09-09,Refunded
6020,6020,Wallet,151477.47,2024-04-23,Refunded
6021,6021,COD,31205.52,2022-06-14,Success
6022,6022,COD,289560.64,2023-07-22,Success
6023,6023,UPI,67506.28,2022-08-23,Success
6024,6024,COD,34323.13,2025-07-31,Success
6025,6025,UPI,129903.13,2023-02-25,Success
6026,6026,UPI,19657.93,2022-10-17,Success
6027,6027,Credit Card,36014.12,2024-12-23,Success
6028,6028,UPI,124548.16,2025-02-05,Refunded
6029,6029,Net Banking,126179.4,2022-05-12,Success
6030,6030,UPI,57525.88,2023-11-24,Success
6031,6031,Debit Card,163716.56,2023-11-02,Failed
6032,6032,Net Banking,159357.84,2022-03-10,Success
6033,6033,Net Banking,85620.5,2025-01-22,Success
6034,6034,Wallet,51906.12,2022-05-10,Success
6035,6035,UPI,150385.39,2023-01-07,Success
6036,6036,Net Banking,81258.77,2022-10-18,Success
6037,6037,Credit Card,75669.98,2022-01-20,Failed
6038,6038,Debit Card,43069.34,2023-07-20,Success
6039,6039,Debit Card,129562.82,2022-09-10,Success
6040,6040,Debit Card,21989.77,2024-07-27,Refunded
6041,6041,Net Banking,177033.42,2023-08-28,Success
6042,6042,Debit Card,38421.15,2023-01-14,Success
6043,6043,Credit Card,159546.23,2025-05-28,Success
6044,6044,UPI,35762.11,2022-03-07,Success
6045,6045,Net Banking,191603.09,2023-06-04,Success
6046,6046,COD,195698.43,2024-10-30,Success
6047,6047,UPI,163911.53,2024-05-11,Success
6048,6048,Credit Card,169686.93,2024-09-26,Success
6049,6049,Debit Card,164207.47,2022-04-09,Success
6050,6050,UPI,123702.66,2022-04-19,Success
6051,6051,UPI,32565.92,2022-02-08,Refunded
6052,6052,UPI,52370.12,2025-02-22,Success
6053,6053,Debit Card,179277.84,2023-11-11,Success
6054,6054,Wallet,202594.15,2025-05-19,Failed
6055,6055,UPI,103677.51,2025-05-03,Success
6056,6056,Wallet,57734.11,2025-04-02,Success
6057,6057,Net Banking,78622.8,2022-03-03,Failed
6058,6058,UPI,136407.36,2022-04-23,Success
6059,6059,Debit Card,48762.12,2023-12-30,Refunded
6060,6060,Wallet,37338.66,2025-07-30,Success
6061,6061,Wallet,20280.24,2025-06-15,Refunded
6062,6062,Wallet,183389.48,2024-10-28,Refunded
6063,6063,Net Banking,21262.07,2025-12-14,Success
6064,6064,Wallet,102382.01,2023-09-25,Success
6065,6065,Net Banking,103369.26,2024-03-05,Success
6066,6066,UPI,84368.5,2022-09-17,Success
6067,6067,UPI,50464.34,2024-08-17,Failed
6068,6068,Net Banking,96743.86,2023-02-27,Success
6069,6069,Net Banking,89011.99,2022-06-10,Success
6070,6070,Credit Card,87398.64,2023-05-23,Failed
6071,6071,UPI,57715.99,2024-12-30,Success
6072,6072,Debit Card,44626.15,2025-01-02,Success
6073,6073,Net Banking,41414.4,2022-08-06,Refunded
6074,6074,Credit Card,83798.07,2023-11-30,Success
6075,6075,Net Banking,25823.56,2022-06-21,Refunded
6076,6076,Credit Card,139382.06,2025-09-25,Failed
6077,6077,Debit Card,107775.32,2025-07-13,Success
6078,6078,Net Banking,245388.91,2025-06-07,Success
6079,6079,UPI,16983.93,2024-10-07,Success
6080,6080,Debit Card,97841.53,2023-02-21,Refunded
6081,6081,Credit Card,16991.7,2023-02-21,Success
6082,6082,Wallet,78013.8,2023-11-15,Success
6083,6083,COD,207730.87,2022-04-04,Refunded
6084,6084,UPI,162124.69,2024-09-23,Success
6085,6085,UPI,125316.18,2025-10-28,Success
6086,6086,COD,8596.35,2022-04-13,Success
6087,6087,Net Banking,35570.31,2022-04-10,Success
6088,6088,Wallet,62514.62,2025-05-27,Success
6089,6089,Credit Card,144878.04,2025-05-21,Success
6090,6090,Net Banking,73760.28,2023-05-28,Success
6091,6091,Credit Card,48985.42,2023-02-22,Refunded
6092,6092,Credit Card,52694.82,2024-05-28,Refunded
6093,6093,Net Banking,44957.07,2024-01-12,Success
6094,6094,UPI,32009.95,2024-09-03,Success
6095,6095,Debit Card,47475.97,2025-08-22,Success
6096,6096,Debit Card,52001.34,2024-02-12,Success
6097,6097,Credit Card,43214.73,2025-11-01,Success
6098,6098,UPI,32275.88,2023-03-14,Failed
6099,6099,COD,25651.42,2025-01-01,Success
6100,6100,Wallet,136415.32,2023-11-18,Success
6101,6101,Credit Card,51317.93,2025-03-26,Success
6102,6102,Wallet,78031.0,2024-08-04,Success
6103,6103,Wallet,119579.25,2024-08-13,Success
6104,6104,Debit Card,2928.56,2023-08-02,Refunded
6105,6105,Wallet,11530.12,2022-02-26,Success
6106,6106,Wallet,32134.87,2023-05-16,Success
6107,6107,Wallet,7231.04,2025-07-17,Success
6108,6108,Debit Card,78097.4,2025-02-23,Success
6109,6109,Net Banking,125075.41,2022-10-01,Failed
6110,6110,Wallet,36275.42,2024-03-04,Refunded
6111,6111,Net Banking,49069.84,2024-11-29,Failed
6112,6112,Debit Card,93167.36,2023-09-16,Success
6113,6113,Debit Card,14121.58,2022-08-18,Success
6114,6114,Credit Card,45879.88,2025-11-08,Success
6115,6115,Credit Card,117279.11,2025-09-04,Success
6116,6116,Credit Card,32736.44,2022-10-04,Success
6117,6117,Credit Card,39468.22,2022-10-10,Success
6118,6118,Net Banking,67894.99,2022-10-13,Success
6119,6119,UPI,92020.21,2024-09-05,Success
6120,6120,UPI,151779.89,2022-10-09,Success
6121,6121,Debit Card,6093.21,2024-11-17,Success
6122,6122,Net Banking,35148.49,2022-02-04,Success
6123,6123,UPI,5722.36,2024-11-23,Success
6124,6124,Net Banking,127847.36,2022-12-19,Success
6125,6125,COD,10914.7,2024-05-13,Success
6126,6126,Net Banking,138406.15,2022-03-10,Success
6127,6127,Wallet,22896.2,2025-11-23,Refunded
6128,6128,UPI,60561.51,2023-12-12,Success
6129,6129,Wallet,187130.92,2022-03-11,Success
6130,6130,COD,39007.13,2022-11-13,Success
6131,6131,Credit Card,141768.22,2025-08-13,Success
6132,6132,COD,40286.7,2023-08-28,Success
6133,6133,Wallet,130807.15,2023-12-05,Success
6134,6134,Debit Card,75268.33,2024-02-13,Success
6135,6135,Net Banking,80391.25,2025-01-01,Success
6136,6136,Debit Card,71065.74,2023-12-15,Failed
6137,6137,COD,45249.24,2025-02-03,Success
6138,6138,Debit Card,333.66,2024-09-15,Failed
6139,6139,COD,33464.77,2023-07-27,Refunded
6140,6140,Debit Card,53431.32,2025-10-16,Success
6141,6141,UPI,180397.13,2023-09-15,Refunded
6142,6142,Credit Card,87688.26,2023-04-18,Failed
6143,6143,Debit Card,59939.54,2022-08-08,Failed
6144,6144,Debit Card,108692.52,2023-06-03,Refunded
6145,6145,Net Banking,19870.0,2025-08-30,Success
6146,6146,Net Banking,27061.35,2025-04-02,Success
6147,6147,Credit Card,61333.85,2025-10-17,Success
6148,6148,UPI,39788.44,2023-04-06,Success
6149,6149,UPI,13048.85,2023-03-07,Success
6150,6150,COD,125674.03,2022-10-21,Success
6151,6151,Debit Card,226.24,2023-12-30,Success
6152,6152,Wallet,30308.28,2025-02-17,Success
6153,6153,Debit Card,176075.92,2023-03-17,Success
6154,6154,Credit Card,58650.97,2024-04-13,Success
6155,6155,Credit Card,7664.05,2022-10-02,Success
6156,6156,UPI,16513.79,2024-06-01,Success
6157,6157,Net Banking,173705.47,2024-07-17,Success
6158,6158,UPI,71358.28,2024-01-14,Success
6159,6159,Net Banking,55045.79,2023-02-19,Failed
6160,6160,Credit Card,75599.38,2023-02-11,Success
6161,6161,Wallet,72012.59,2023-02-12,Success
6162,6162,UPI,161399.65,2025-10-19,Success
6163,6163,Wallet,53444.92,2024-08-13,Success
6164,6164,Wallet,88568.45,2022-08-18,Success
6165,6165,Wallet,29178.52,2024-08-20,Success
6166,6166,Net Banking,133933.76,2023-06-29,Refunded
6167,6167,Debit Card,157658.5,2022-06-29,Failed
6168,6168,Net Banking,61456.8,2022-11-27,Success
6169,6169,UPI,120106.52,2024-09-17,Success
6170,6170,Net Banking,40061.08,2022-05-05,Success
6171,6171,UPI,182386.89,2025-11-11,Failed
6172,6172,COD,29189.17,2024-10-07,Success
6173,6173,Net Banking,56676.76,2023-09-20,Success
6174,6174,Net Banking,202793.77,2025-11-21,Success
6175,6175,Debit Card,7746.16,2025-11-18,Failed
6176,6176,UPI,49889.63,2025-03-09,Success
6177,6177,Wallet,39947.69,2023-07-10,Success
6178,6178,Debit Card,20190.22,2023-01-27,Success
6179,6179,Wallet,62448.89,2024-10-01,Success
6180,6180,UPI,70205.65,2024-06-12,Success
6181,6181,Debit Card,52397.9,2025-09-13,Success
6182,6182,Credit Card,62697.95,2024-07-19,Success
6183,6183,Net Banking,37251.34,2025-10-22,Failed
6184,6184,COD,110234.8,2024-11-26,Success
6185,6185,COD,183642.76,2025-12-29,Success
6186,6186,Wallet,31222.65,2025-08-06,Failed
6187,6187,Credit Card,18688.07,2022-09-01,Success
6188,6188,Wallet,187880.92,2022-02-22,Refunded
6189,6189,Debit Card,34032.95,2022-06-07,Success
6190,6190,Credit Card,48118.88,2025-06-08,Failed
6191,6191,Net Banking,83774.93,2022-02-15,Refunded
6192,6192,COD,113549.79,2025-07-26,Success
6193,6193,COD,10665.66,2025-07-30,Success
6194,6194,Net Banking,3900.62,2025-12-27,Success
6195,6195,Wallet,28027.22,2022-09-21,Success
6196,6196,Net Banking,70212.16,2022-04-30,Success
6197,6197,Credit Card,62462.86,2025-02-02,Refunded
6198,6198,Wallet,50918.96,2025-03-03,Success
6199,6199,Wallet,92200.35,2024-09-20,Success
6200,6200,UPI,212916.52,2022-07-02,Refunded
6201,6201,COD,15027.76,2023-05-23,Success
6202,6202,Credit Card,33621.48,2025-07-28,Success
6203,6203,COD,56472.54,2022-02-24,Success
6204,6204,Debit Card,93656.64,2023-04-27,Success
6205,6205,Net Banking,12660.77,2024-03-15,Success
6206,6206,COD,82754.71,2024-09-30,Success
6207,6207,UPI,108992.95,2023-01-01,Success
6208,6208,Wallet,13249.55,2025-09-10,Success
6209,6209,UPI,84047.42,2022-10-15,Success
6210,6210,Wallet,49517.62,2023-01-03,Success
6211,6211,Wallet,99948.66,2023-08-16,Failed
6212,6212,UPI,132930.62,2022-09-23,Success
6213,6213,Credit Card,49895.6,2023-10-04,Success
6214,6214,UPI,110932.54,2022-06-16,Success
6215,6215,Debit Card,25574.33,2022-01-23,Success
6216,6216,Debit Card,11221.63,2025-08-27,Success
6217,6217,Credit Card,13131.37,2025-04-27,Success
6218,6218,UPI,120275.81,2025-08-16,Refunded
6219,6219,Wallet,314510.52,2023-02-02,Success
6220,6220,UPI,153003.24,2023-08-13,Success
6221,6221,COD,62736.72,2022-06-11,Success
6222,6222,Wallet,13730.4,2025-11-24,Success
6223,6223,Net Banking,64949.55,2024-04-23,Refunded
6224,6224,COD,52235.52,2023-11-29,Success
6225,6225,UPI,38254.68,2023-10-08,Success
6226,6226,UPI,144025.17,2022-05-18,Success
6227,6227,Net Banking,123112.73,2022-03-21,Success
6228,6228,Credit Card,111058.56,2022-02-21,Success
6229,6229,Net Banking,27997.78,2025-05-08,Success
6230,6230,Wallet,129144.69,2023-12-15,Refunded
6231,6231,UPI,17343.67,2022-06-09,Success
6232,6232,Debit Card,20724.5,2022-03-10,Success
6233,6233,Credit Card,68410.19,2025-03-06,Refunded
6234,6234,Credit Card,66541.62,2025-07-31,Success
6235,6235,Wallet,35580.74,2023-08-17,Success
6236,6236,UPI,181686.06,2024-09-05,Success
6237,6237,COD,18119.3,2023-09-26,Success
6238,6238,COD,77092.95,2023-06-12,Success
6239,6239,Wallet,75033.36,2025-08-20,Success
6240,6240,Wallet,16897.12,2023-09-13,Success
6241,6241,Net Banking,100129.68,2025-07-19,Failed
6242,6242,Credit Card,15965.07,2022-03-18,Success
6243,6243,Wallet,187379.04,2022-09-30,Success
6244,6244,Credit Card,1808.46,2025-11-23,Failed
6245,6245,Debit Card,26272.38,2022-09-14,Refunded
6246,6246,COD,78023.3,2022-12-05,Refunded
6247,6247,COD,125236.91,2025-06-19,Success
6248,6248,Credit Card,149415.35,2022-01-21,Success
6249,6249,Debit Card,21449.98,2024-11-15,Success
6250,6250,Wallet,228546.29,2022-08-10,Success
6251,6251,Debit Card,4666.84,2024-09-16,Success
6252,6252,Wallet,21723.2,2023-10-29,Refunded
6253,6253,Net Banking,77147.33,2023-08-22,Failed
6254,6254,Debit Card,36068.82,2023-07-29,Failed
6255,6255,Net Banking,76239.41,2023-02-07,Success
6256,6256,UPI,30611.24,2022-04-28,Success
6257,6257,COD,91516.35,2025-05-26,Success
6258,6258,Credit Card,101747.51,2022-12-01,Success
6259,6259,Wallet,20098.55,2024-06-30,Success
6260,6260,Wallet,122868.39,2025-05-10,Success
6261,6261,Debit Card,26023.73,2024-12-04,Failed
6262,6262,UPI,27553.17,2022-10-31,Success
6263,6263,Wallet,76930.2,2023-09-26,Success
6264,6264,Wallet,9133.1,2025-09-16,Success
6265,6265,Credit Card,10960.38,2022-11-06,Success
6266,6266,Wallet,119499.55,2025-08-21,Success
6267,6267,UPI,47515.59,2023-08-26,Success
6268,6268,Credit Card,37032.73,2024-07-02,Success
6269,6269,UPI,3058.79,2024-06-11,Refunded
6270,6270,UPI,175495.67,2023-04-21,Success
6271,6271,Wallet,23556.3,2023-06-06,Failed
6272,6272,Credit Card,143446.33,2024-09-05,Success
6273,6273,UPI,3589.73,2024-10-14,Success
6274,6274,Credit Card,32951.21,2024-10-20,Success
6275,6275,COD,24600.26,2025-06-04,Success
6276,6276,Wallet,92589.3,2025-08-15,Success
6277,6277,UPI,5499.38,2022-06-20,Failed
6278,6278,Wallet,86227.46,2024-09-19,Success
6279,6279,Net Banking,15876.17,2025-05-23,Failed
6280,6280,COD,44761.26,2024-11-18,Success
6281,6281,Net Banking,30558.67,2022-03-19,Refunded
6282,6282,UPI,37172.99,2025-12-03,Success
6283,6283,Credit Card,78748.92,2024-12-01,Success
6284,6284,UPI,52881.49,2022-10-15,Success
6285,6285,COD,31250.12,2022-04-29,Success
6286,6286,Wallet,58682.62,2025-04-06,Success
6287,6287,Credit Card,40050.94,2024-03-20,Failed
6288,6288,Credit Card,22529.59,2022-08-05,Success
6289,6289,Net Banking,128973.33,2025-01-15,Refunded
6290,6290,COD,41821.1,2025-06-10,Success
6291,6291,COD,41322.93,2024-12-30,Success
6292,6292,Debit Card,70646.4,2024-02-05,Success
6293,6293,UPI,142308.06,2024-01-17,Success
6294,6294,Wallet,745.9,2025-07-28,Success
6295,6295,UPI,124845.52,2024-06-13,Success
6296,6296,COD,80849.49,2022-05-01,Success
6297,6297,Wallet,16162.01,2022-12-29,Success
6298,6298,COD,79959.35,2023-02-13,Success
6299,6299,Wallet,63342.29,2025-07-17,Success
6300,6300,UPI,116497.73,2024-06-25,Success
6301,6301,COD,42023.34,2025-12-10,Success
6302,6302,Debit Card,8771.4,2024-07-19,Success
6303,6303,UPI,51673.3,2025-07-06,Success
6304,6304,Wallet,35836.94,2023-10-21,Success
6305,6305,COD,77528.74,2024-06-03,Success
6306,6306,Wallet,186944.26,2025-05-07,Success
6307,6307,Net Banking,21125.41,2024-08-26,Success
6308,6308,Debit Card,142986.95,2024-01-25,Success
6309,6309,UPI,110236.62,2025-05-17,Refunded
6310,6310,Credit Card,117669.51,2025-04-17,Success
6311,6311,Net Banking,37357.62,2022-05-08,Success
6312,6312,Wallet,128263.64,2024-09-11,Refunded
6313,6313,COD,36399.3,2024-10-10,Refunded
6314,6314,COD,14905.55,2023-04-10,Refunded
6315,6315,Debit Card,287494.06,2025-10-03,Success
6316,6316,Credit Card,29188.16,2025-02-14,Success
6317,6317,Wallet,123283.29,2024-02-29,Success
6318,6318,Wallet,125730.2,2023-07-02,Success
6319,6319,Debit Card,62113.92,2023-01-20,Success
6320,6320,Wallet,58143.81,2023-10-25,Success
6321,6321,COD,152746.52,2022-10-08,Success
6322,6322,Wallet,86668.9,2024-09-23,Success
6323,6323,Net Banking,105168.82,2023-08-25,Refunded
6324,6324,UPI,105940.26,2023-01-02,Success
6325,6325,UPI,69419.06,2023-04-13,Success
6326,6326,UPI,62948.83,2025-05-20,Success
6327,6327,Net Banking,56699.76,2023-05-17,Success
6328,6328,Debit Card,38813.26,2022-03-08,Success
6329,6329,Wallet,18350.27,2025-11-12,Success
6330,6330,Credit Card,68429.84,2025-01-17,Success
6331,6331,Credit Card,76186.79,2023-07-31,Success
6332,6332,Wallet,15107.17,2025-02-20,Success
6333,6333,UPI,27188.6,2025-08-27,Success
6334,6334,Credit Card,194528.9,2022-05-11,Success
6335,6335,Debit Card,105895.4,2023-12-05,Success
6336,6336,Debit Card,187284.23,2022-12-20,Success
6337,6337,Net Banking,22751.7,2024-09-15,Success
6338,6338,Credit Card,156670.13,2023-11-20,Failed
6339,6339,Credit Card,10393.63,2025-07-09,Success
6340,6340,Credit Card,76760.45,2022-05-22,Success
6341,6341,Net Banking,69960.55,2023-07-15,Refunded
6342,6342,UPI,90600.86,2023-04-06,Success
6343,6343,UPI,60565.42,2024-10-13,Success
6344,6344,UPI,46668.96,2024-07-21,Success
6345,6345,Credit Card,50881.47,2022-12-19,Success
6346,6346,Debit Card,106394.16,2024-06-30,Refunded
6347,6347,Net Banking,97979.4,2024-06-11,Success
6348,6348,Net Banking,28112.48,2024-04-15,Success
6349,6349,Credit Card,56511.13,2024-12-24,Refunded
6350,6350,Credit Card,173901.02,2022-08-16,Success
6351,6351,UPI,69286.16,2025-09-29,Failed
6352,6352,UPI,14497.56,2025-04-23,Success
6353,6353,Credit Card,34767.3,2025-09-14,Success
6354,6354,Wallet,21227.26,2022-05-27,Success
6355,6355,UPI,93007.42,2025-01-27,Failed
6356,6356,UPI,13615.65,2023-11-03,Success
6357,6357,UPI,92148.2,2023-02-01,Success
6358,6358,Wallet,34222.61,2022-06-09,Success
6359,6359,Credit Card,106107.5,2022-03-10,Success
6360,6360,Debit Card,16009.41,2023-02-15,Success
6361,6361,UPI,1197.85,2025-02-19,Failed
6362,6362,Net Banking,118191.42,2022-06-23,Success
6363,6363,UPI,69848.07,2025-04-04,Success
6364,6364,UPI,32650.69,2022-03-07,Success
6365,6365,Net Banking,186477.83,2022-05-25,Refunded
6366,6366,Net Banking,102978.58,2022-10-25,Failed
6367,6367,COD,26903.0,2024-12-20,Success
6368,6368,UPI,52318.61,2025-04-24,Success
6369,6369,COD,108025.89,2025-08-14,Success
6370,6370,Credit Card,10665.66,2023-08-21,Success
6371,6371,Net Banking,83985.16,2022-03-23,Failed
6372,6372,Debit Card,70502.11,2022-11-16,Success
6373,6373,COD,60470.49,2024-03-08,Success
6374,6374,Wallet,51778.13,2023-04-07,Success
6375,6375,Net Banking,65825.06,2023-02-26,Success
6376,6376,Wallet,9233.25,2024-01-31,Success
6377,6377,UPI,16766.56,2024-07-25,Refunded
6378,6378,Debit Card,127053.16,2022-04-07,Success
6379,6379,Wallet,10155.35,2024-06-02,Success
6380,6380,Wallet,116900.82,2023-06-11,Failed
6381,6381,COD,39741.5,2024-08-29,Success
6382,6382,Credit Card,18250.36,2024-11-11,Success
6383,6383,COD,32972.27,2025-10-01,Success
6384,6384,Net Banking,69477.64,2023-02-08,Success
6385,6385,Wallet,91989.09,2023-06-11,Success
6386,6386,COD,134757.99,2025-04-01,Success
6387,6387,Net Banking,77198.03,2022-04-16,Success
6388,6388,Net Banking,127942.49,2023-04-07,Failed
6389,6389,UPI,52218.54,2023-11-13,Success
6390,6390,Debit Card,123673.93,2022-05-28,Success
6391,6391,Net Banking,115995.44,2023-09-06,Success
6392,6392,Net Banking,66032.66,2022-02-05,Success
6393,6393,UPI,83617.65,2022-02-15,Refunded
6394,6394,Net Banking,163813.99,2022-12-15,Success
6395,6395,Debit Card,159755.65,2024-06-25,Success
6396,6396,COD,170188.03,2025-05-26,Success
6397,6397,Debit Card,258344.18,2025-05-26,Success
6398,6398,UPI,161580.68,2025-05-28,Success
6399,6399,Debit Card,65711.77,2025-01-04,Failed
6400,6400,UPI,101769.66,2025-07-25,Success
6401,6401,UPI,39651.32,2024-02-20,Success
6402,6402,Net Banking,101440.11,2024-11-30,Success
6403,6403,Net Banking,128130.34,2023-11-19,Success
6404,6404,Wallet,49709.88,2024-09-09,Success
6405,6405,Wallet,81593.78,2024-03-03,Success
6406,6406,Credit Card,89786.04,2022-06-19,Success
6407,6407,COD,72965.06,2022-04-18,Success
6408,6408,Debit Card,9778.96,2025-04-01,Success
6409,6409,UPI,103933.76,2025-10-26,Refunded
6410,6410,COD,14217.62,2025-08-01,Success
6411,6411,Credit Card,685.68,2023-10-28,Success
6412,6412,COD,8847.9,2025-06-09,Success
6413,6413,Net Banking,171000.33,2022-05-30,Failed
6414,6414,Credit Card,86065.3,2023-09-16,Refunded
6415,6415,Net Banking,94795.66,2022-06-21,Refunded
6416,6416,Debit Card,45602.16,2022-12-10,Success
6417,6417,UPI,65500.15,2025-09-03,Success
6418,6418,UPI,12356.09,2024-12-04,Success
6419,6419,COD,17813.73,2023-05-10,Success
6420,6420,COD,110007.98,2023-02-23,Refunded
6421,6421,Credit Card,99014.03,2022-08-22,Refunded
6422,6422,UPI,240046.39,2025-03-25,Success
6423,6423,COD,30844.47,2024-02-18,Success
6424,6424,Net Banking,178892.98,2024-01-08,Success
6425,6425,COD,125533.7,2025-01-10,Success
6426,6426,COD,62160.57,2023-10-04,Success
6427,6427,Credit Card,90781.98,2022-05-18,Success
6428,6428,Net Banking,45897.25,2025-09-19,Success
6429,6429,UPI,7791.75,2023-07-17,Success
6430,6430,Debit Card,64913.31,2025-11-27,Success
6431,6431,UPI,96675.78,2024-04-01,Success
6432,6432,Net Banking,62176.89,2024-11-27,Success
6433,6433,UPI,147469.65,2023-07-25,Success
6434,6434,Net Banking,27483.38,2023-11-09,Success
6435,6435,Net Banking,33159.11,2023-05-21,Success
6436,6436,UPI,99481.26,2024-10-19,Success
6437,6437,Wallet,38923.26,2024-10-28,Success
6438,6438,UPI,85429.07,2022-07-31,Success
6439,6439,COD,15705.29,2023-11-17,Success
6440,6440,Credit Card,25033.01,2023-10-21,Failed
6441,6441,UPI,82567.88,2023-08-23,Success
6442,6442,UPI,51881.38,2023-04-18,Success
6443,6443,Debit Card,26132.22,2025-08-06,Success
6444,6444,Debit Card,109988.47,2022-12-13,Success
6445,6445,Credit Card,44309.23,2024-10-04,Success
6446,6446,Credit Card,92314.4,2022-11-09,Success
6447,6447,Credit Card,139354.21,2024-02-11,Refunded
6448,6448,UPI,77259.49,2022-05-18,Success
6449,6449,Net Banking,49330.15,2024-03-23,Success
6450,6450,Credit Card,13775.4,2022-08-24,Refunded
6451,6451,COD,200447.13,2024-06-06,Success
6452,6452,UPI,62026.74,2025-01-08,Success
6453,6453,Wallet,111820.32,2022-01-11,Success
6454,6454,Credit Card,134675.48,2024-06-15,Success
6455,6455,Wallet,155720.66,2022-04-16,Success
6456,6456,COD,92847.37,2022-03-04,Success
6457,6457,UPI,53560.15,2023-03-31,Success
6458,6458,Wallet,63605.65,2022-07-13,Success
6459,6459,Net Banking,200546.36,2025-09-08,Success
6460,6460,Wallet,62884.92,2024-08-15,Refunded
6461,6461,Debit Card,10326.25,2023-06-07,Success
6462,6462,Credit Card,147312.48,2024-04-02,Refunded
6463,6463,Wallet,242753.02,2023-07-07,Success
6464,6464,UPI,16890.86,2025-02-23,Success
6465,6465,Wallet,18186.0,2024-03-15,Success
6466,6466,Net Banking,45009.41,2025-10-06,Refunded
6467,6467,UPI,205813.23,2024-10-15,Success
6468,6468,Debit Card,130226.87,2023-09-24,Success
6469,6469,COD,291708.36,2022-10-19,Refunded
6470,6470,Net Banking,49393.61,2025-11-08,Success
6471,6471,Wallet,86390.07,2024-08-12,Failed
6472,6472,COD,35304.62,2022-05-13,Success
6473,6473,Wallet,81061.1,2025-08-09,Success
6474,6474,Net Banking,84043.57,2024-03-28,Success
6475,6475,COD,26715.03,2025-09-15,Success
6476,6476,COD,150450.87,2024-12-28,Failed
6477,6477,Credit Card,124724.49,2023-11-12,Success
6478,6478,Wallet,67971.5,2022-05-01,Success
6479,6479,Wallet,3539.65,2022-01-31,Success
6480,6480,Net Banking,109011.41,2024-03-05,Success
6481,6481,Debit Card,51589.58,2025-03-28,Success
6482,6482,Wallet,35655.72,2024-02-11,Success
6483,6483,Debit Card,263733.06,2022-06-03,Success
6484,6484,Debit Card,20432.95,2024-08-14,Success
6485,6485,Net Banking,101400.18,2024-07-10,Success
6486,6486,Debit Card,63845.96,2024-02-16,Success
6487,6487,Credit Card,79324.05,2025-10-13,Success
6488,6488,Debit Card,47930.9,2023-12-02,Refunded
6489,6489,Wallet,346752.6,2023-08-07,Success
6490,6490,Wallet,27850.99,2022-02-01,Success
6491,6491,Credit Card,54303.95,2024-01-09,Success
6492,6492,Credit Card,167829.35,2023-05-26,Success
6493,6493,Debit Card,79616.3,2024-05-20,Refunded
6494,6494,UPI,26745.17,2025-09-29,Success
6495,6495,COD,101419.18,2025-11-26,Refunded
6496,6496,Wallet,152491.96,2022-04-16,Success
6497,6497,Net Banking,37446.62,2024-06-17,Success
6498,6498,UPI,48097.68,2025-02-17,Refunded
6499,6499,Debit Card,60817.79,2024-08-01,Success
6500,6500,UPI,5324.45,2024-09-27,Refunded
6501,6501,Debit Card,15061.82,2024-10-13,Success
6502,6502,Credit Card,26845.16,2023-12-07,Success
6503,6503,Debit Card,16274.68,2023-01-06,Success
6504,6504,UPI,46759.0,2023-06-22,Refunded
6505,6505,COD,110229.1,2023-05-12,Success
6506,6506,Debit Card,39108.91,2024-08-13,Success
6507,6507,COD,80815.99,2025-07-28,Success
6508,6508,Net Banking,26454.4,2025-08-20,Success
6509,6509,Credit Card,63673.76,2023-05-31,Success
6510,6510,UPI,67030.28,2025-04-14,Failed
6511,6511,Wallet,13143.99,2025-11-07,Success
6512,6512,Net Banking,100766.52,2025-04-26,Success
6513,6513,Wallet,117225.35,2022-10-09,Success
6514,6514,COD,96785.79,2022-08-05,Success
6515,6515,UPI,35809.19,2025-12-16,Success
6516,6516,Debit Card,44335.8,2023-07-17,Success
6517,6517,Wallet,42365.69,2025-10-13,Success
6518,6518,Credit Card,182903.9,2022-08-19,Success
6519,6519,UPI,277932.1,2025-12-10,Success
6520,6520,UPI,8146.14,2024-03-01,Success
6521,6521,COD,23701.65,2022-10-19,Success
6522,6522,Credit Card,95820.67,2025-10-30,Success
6523,6523,Net Banking,207229.81,2023-05-18,Success
6524,6524,UPI,68176.45,2023-08-12,Success
6525,6525,Debit Card,142081.21,2024-05-15,Success
6526,6526,Credit Card,97399.83,2023-11-07,Success
6527,6527,Credit Card,1878.5,2024-03-10,Success
6528,6528,Debit Card,19510.28,2025-08-30,Success
6529,6529,Debit Card,61446.11,2025-05-09,Success
6530,6530,Net Banking,139931.32,2024-08-27,Failed
6531,6531,UPI,81453.3,2025-10-15,Success
6532,6532,Debit Card,6194.52,2025-08-21,Refunded
6533,6533,UPI,244567.17,2024-11-16,Success
6534,6534,UPI,129788.65,2022-08-12,Success
6535,6535,COD,64613.03,2023-08-22,Success
6536,6536,Wallet,82266.68,2022-12-28,Success
6537,6537,COD,134528.11,2023-11-08,Success
6538,6538,Wallet,69954.48,2024-02-17,Success
6539,6539,UPI,111218.39,2024-04-14,Success
6540,6540,Credit Card,72417.98,2025-06-26,Refunded
6541,6541,Wallet,83809.84,2024-11-04,Success
6542,6542,Wallet,82746.94,2025-09-02,Success
6543,6543,Debit Card,60666.16,2024-01-18,Success
6544,6544,Wallet,22607.38,2023-10-25,Success
6545,6545,Credit Card,32929.86,2023-08-06,Success
6546,6546,COD,40580.61,2023-08-24,Success
6547,6547,Wallet,41395.05,2023-05-05,Success
6548,6548,Net Banking,14265.04,2022-08-07,Success
6549,6549,Credit Card,13977.39,2024-09-30,Success
6550,6550,UPI,14749.02,2023-07-11,Success
6551,6551,Wallet,66775.58,2024-03-30,Success
6552,6552,Credit Card,82050.07,2025-12-19,Success
6553,6553,Debit Card,768.32,2023-05-02,Refunded
6554,6554,Credit Card,111530.42,2025-08-28,Failed
6555,6555,COD,35805.46,2024-02-15,Failed
6556,6556,Credit Card,51523.11,2024-04-22,Refunded
6557,6557,Net Banking,98347.54,2022-06-18,Refunded
6558,6558,UPI,129148.11,2025-04-22,Success
6559,6559,Net Banking,23812.45,2023-05-12,Success
6560,6560,COD,81633.29,2023-11-27,Success
6561,6561,Debit Card,148486.14,2025-04-04,Success
6562,6562,Wallet,157989.56,2025-06-01,Success
6563,6563,Wallet,18932.5,2022-03-25,Success
6564,6564,Debit Card,175561.59,2023-03-28,Refunded
6565,6565,Credit Card,235239.99,2022-11-08,Failed
6566,6566,COD,33448.5,2022-07-03,Success
6567,6567,UPI,28942.89,2022-11-03,Success
6568,6568,Net Banking,80171.71,2022-10-05,Success
6569,6569,Wallet,141261.25,2024-03-14,Success
6570,6570,Net Banking,111766.06,2024-05-12,Success
6571,6571,Net Banking,92689.12,2024-07-05,Success
6572,6572,Net Banking,3265.5,2022-04-15,Refunded
6573,6573,UPI,46690.2,2025-12-15,Success
6574,6574,Credit Card,72630.69,2025-03-31,Success
6575,6575,COD,31846.52,2022-06-22,Success
6576,6576,Net Banking,60234.93,2022-09-04,Refunded
6577,6577,COD,63424.16,2025-08-13,Success
6578,6578,Credit Card,48956.99,2023-11-12,Failed
6579,6579,Debit Card,94798.94,2023-08-08,Success
6580,6580,COD,94256.45,2023-09-18,Refunded
6581,6581,Credit Card,42734.14,2024-07-31,Success
6582,6582,Debit Card,37293.19,2023-10-13,Success
6583,6583,Wallet,142286.45,2023-12-31,Success
6584,6584,UPI,122396.32,2025-01-24,Success
6585,6585,Credit Card,21694.35,2024-02-16,Success
6586,6586,Credit Card,15801.1,2024-04-08,Success
6587,6587,Wallet,108556.53,2025-04-26,Success
6588,6588,Credit Card,46477.91,2024-08-10,Success
6589,6589,UPI,34715.84,2023-06-16,Success
6590,6590,COD,95934.77,2023-12-27,Success
6591,6591,COD,151139.27,2024-07-06,Success
6592,6592,Debit Card,103198.58,2024-03-15,Success
6593,6593,UPI,39919.64,2023-01-12,Success
6594,6594,Debit Card,15012.87,2024-12-30,Success
6595,6595,Net Banking,20730.19,2025-09-06,Success
6596,6596,Debit Card,38839.89,2025-05-27,Success
6597,6597,COD,205888.63,2025-11-16,Success
6598,6598,Debit Card,47797.65,2022-10-05,Success
6599,6599,UPI,90698.86,2024-12-21,Success
6600,6600,Debit Card,57632.22,2025-10-10,Success
6601,6601,Credit Card,25762.1,2025-06-15,Success
6602,6602,Debit Card,37865.84,2025-03-16,Success
6603,6603,UPI,115321.55,2022-03-26,Failed
6604,6604,Credit Card,22351.32,2023-05-06,Success
6605,6605,Wallet,64651.31,2022-03-19,Success
6606,6606,Credit Card,20879.09,2022-11-13,Success
6607,6607,Net Banking,26831.47,2025-11-27,Success
6608,6608,Credit Card,87312.19,2025-09-22,Success
6609,6609,COD,20718.14,2024-11-07,Success
6610,6610,UPI,13507.31,2023-05-30,Success
6611,6611,Credit Card,10665.66,2023-07-28,Success
6612,6612,COD,153531.32,2025-01-29,Success
6613,6613,Net Banking,77208.26,2025-10-28,Success
6614,6614,COD,77714.92,2023-10-04,Success
6615,6615,Debit Card,129435.65,2024-10-11,Success
6616,6616,Net Banking,37470.95,2023-08-01,Success
6617,6617,Credit Card,25188.03,2024-02-16,Success
6618,6618,Net Banking,48264.12,2025-01-15,Success
6619,6619,Credit Card,3899.35,2025-02-15,Success
6620,6620,Credit Card,57974.46,2023-04-05,Success
6621,6621,COD,134341.67,2022-10-11,Success
6622,6622,Credit Card,93323.44,2022-07-31,Success
6623,6623,COD,141660.29,2023-10-07,Success
6624,6624,Wallet,38694.15,2023-10-01,Success
6625,6625,Net Banking,115313.09,2025-09-23,Success
6626,6626,UPI,13073.03,2022-04-22,Failed
6627,6627,Debit Card,142454.9,2023-02-19,Success
6628,6628,UPI,15380.04,2025-12-12,Failed
6629,6629,Net Banking,181986.96,2024-07-20,Success
6630,6630,Debit Card,131079.72,2024-08-03,Success
6631,6631,Net Banking,37270.88,2023-03-29,Success
6632,6632,Credit Card,28973.71,2024-02-03,Success
6633,6633,Credit Card,101068.98,2023-10-10,Success
6634,6634,Wallet,130052.77,2024-03-08,Success
6635,6635,UPI,15111.25,2024-04-26,Refunded
6636,6636,COD,327979.13,2022-04-12,Success
6637,6637,Debit Card,122213.6,2025-11-18,Refunded
6638,6638,UPI,66867.54,2025-01-18,Refunded
6639,6639,COD,75554.57,2022-11-06,Refunded
6640,6640,Wallet,23358.43,2025-08-19,Failed
6641,6641,Net Banking,1306.46,2023-02-24,Failed
6642,6642,UPI,14867.97,2025-10-21,Success
6643,6643,UPI,11321.46,2025-07-03,Failed
6644,6644,Debit Card,58418.81,2025-05-29,Success
6645,6645,Debit Card,95626.57,2024-09-17,Success
6646,6646,UPI,72383.22,2023-11-11,Success
6647,6647,UPI,62828.1,2025-10-06,Success
6648,6648,UPI,34422.63,2022-04-30,Refunded
6649,6649,Wallet,136450.76,2023-04-17,Success
6650,6650,COD,131660.11,2023-07-31,Failed
6651,6651,Net Banking,29974.54,2022-12-30,Success
6652,6652,COD,7760.97,2022-10-15,Success
6653,6653,Credit Card,102783.38,2024-01-13,Success
6654,6654,UPI,78651.36,2022-04-19,Refunded
6655,6655,UPI,114739.33,2024-08-05,Success
6656,6656,Net Banking,21201.2,2025-01-02,Success
6657,6657,Debit Card,8587.58,2024-07-29,Success
6658,6658,Credit Card,60024.88,2024-08-20,Success
6659,6659,Debit Card,18303.29,2022-11-10,Success
6660,6660,Wallet,140616.21,2025-01-01,Refunded
6661,6661,COD,21402.9,2023-01-05,Success
6662,6662,Net Banking,10690.83,2025-01-23,Success
6663,6663,Wallet,71055.97,2025-05-30,Success
6664,6664,Credit Card,99798.54,2025-05-30,Success
6665,6665,COD,41536.48,2024-11-30,Success
6666,6666,Credit Card,217804.64,2022-04-07,Success
6667,6667,Net Banking,5053.73,2024-06-28,Success
6668,6668,UPI,163502.87,2025-07-22,Success
6669,6669,Net Banking,91976.21,2022-09-18,Success
6670,6670,UPI,22647.13,2025-05-11,Success
6671,6671,Net Banking,4800.15,2022-10-21,Refunded
6672,6672,COD,11047.89,2023-03-26,Success
6673,6673,Credit Card,27891.61,2025-01-13,Refunded
6674,6674,Wallet,3615.52,2024-03-17,Success
6675,6675,Credit Card,99140.02,2025-11-17,Success
6676,6676,Debit Card,28792.27,2025-07-07,Success
6677,6677,UPI,36625.47,2022-11-27,Success
6678,6678,Credit Card,31740.52,2023-04-02,Refunded
6679,6679,COD,40855.99,2023-09-13,Success
6680,6680,COD,248949.2,2022-12-12,Success
6681,6681,Debit Card,29647.7,2024-11-18,Success
6682,6682,Debit Card,24972.1,2023-05-27,Success
6683,6683,COD,189425.2,2025-02-10,Refunded
6684,6684,Wallet,4892.98,2022-07-20,Success
6685,6685,Debit Card,225611.17,2023-04-01,Success
6686,6686,UPI,394885.97,2024-04-08,Success
6687,6687,Debit Card,27770.27,2025-03-29,Success
6688,6688,Net Banking,79572.66,2022-08-23,Success
6689,6689,UPI,122635.81,2022-10-21,Success
6690,6690,Credit Card,1242.12,2025-08-07,Refunded
6691,6691,COD,2188.7,2023-09-16,Success
6692,6692,UPI,142215.08,2023-11-29,Success
6693,6693,Credit Card,43029.05,2023-04-24,Success
6694,6694,UPI,30954.17,2022-10-03,Success
6695,6695,Net Banking,15064.32,2023-01-12,Success
6696,6696,Wallet,45367.62,2025-06-08,Refunded
6697,6697,Debit Card,79463.82,2023-07-14,Success
6698,6698,Net Banking,30487.51,2022-04-01,Success
6699,6699,Wallet,96050.38,2023-04-28,Success
6700,6700,UPI,15022.24,2022-08-17,Success
6701,6701,UPI,72071.07,2024-02-02,Success
6702,6702,Net Banking,78336.35,2022-12-04,Success
6703,6703,Debit Card,19968.0,2024-07-15,Success
6704,6704,Credit Card,59798.74,2025-10-14,Success
6705,6705,COD,37527.61,2022-07-22,Success
6706,6706,Wallet,15563.4,2024-10-07,Success
6707,6707,COD,31043.88,2022-07-14,Refunded
6708,6708,COD,14031.49,2024-08-29,Success
6709,6709,Debit Card,24901.44,2024-09-16,Refunded
6710,6710,Net Banking,21431.58,2024-01-29,Success
6711,6711,Debit Card,43544.66,2024-05-30,Success
6712,6712,UPI,79535.3,2022-10-31,Success
6713,6713,UPI,51933.76,2024-02-09,Success
6714,6714,Net Banking,31205.96,2024-03-19,Success
6715,6715,Credit Card,134671.21,2025-07-01,Success
6716,6716,Net Banking,56392.93,2023-02-18,Success
6717,6717,Credit Card,2222.63,2024-08-19,Success
6718,6718,Credit Card,28467.33,2025-07-23,Success
6719,6719,Wallet,124226.03,2023-11-24,Refunded
6720,6720,COD,124755.61,2025-05-07,Success
6721,6721,UPI,95649.62,2024-02-09,Success
6722,6722,Credit Card,106074.07,2025-03-31,Success
6723,6723,COD,48874.53,2023-04-28,Success
6724,6724,Credit Card,18758.34,2022-03-05,Refunded
6725,6725,Wallet,39819.6,2025-01-20,Success
6726,6726,Credit Card,224770.07,2024-03-28,Success
6727,6727,COD,195402.84,2025-09-19,Success
6728,6728,COD,49361.98,2022-09-12,Success
6729,6729,Credit Card,87916.88,2025-12-17,Success
6730,6730,Credit Card,74668.96,2024-04-06,Success
6731,6731,UPI,80658.14,2024-08-29,Failed
6732,6732,COD,4718.74,2022-08-21,Success
6733,6733,COD,35529.55,2022-08-11,Success
6734,6734,COD,15800.02,2024-11-14,Success
6735,6735,Debit Card,59964.9,2022-03-22,Success
6736,6736,UPI,80552.36,2024-12-24,Success
6737,6737,Debit Card,40465.63,2022-01-06,Success
6738,6738,Net Banking,718.71,2024-03-08,Success
6739,6739,Net Banking,168063.04,2022-05-13,Success
6740,6740,COD,69022.6,2025-07-06,Refunded
6741,6741,Credit Card,14494.49,2025-02-04,Success
6742,6742,Debit Card,98652.86,2023-12-08,Refunded
6743,6743,Wallet,90266.51,2024-01-29,Refunded
6744,6744,COD,72251.74,2024-07-15,Failed
6745,6745,UPI,54953.79,2024-11-29,Success
6746,6746,UPI,54301.5,2023-10-02,Success
6747,6747,Net Banking,26769.51,2023-08-06,Refunded
6748,6748,Credit Card,28999.97,2025-05-19,Refunded
6749,6749,Debit Card,78669.4,2023-06-15,Success
6750,6750,Debit Card,59303.92,2025-08-29,Success
6751,6751,COD,16691.38,2023-02-14,Success
6752,6752,Wallet,40366.68,2022-10-30,Refunded
6753,6753,Debit Card,50375.37,2025-12-15,Success
6754,6754,Credit Card,8448.77,2023-09-24,Success
6755,6755,COD,50465.75,2025-11-09,Success
6756,6756,Net Banking,92562.08,2023-08-27,Success
6757,6757,COD,134327.08,2022-10-01,Success
6758,6758,Wallet,29549.16,2022-07-23,Success
6759,6759,COD,17214.53,2023-01-24,Success
6760,6760,Credit Card,151900.34,2023-12-20,Success
6761,6761,COD,112018.25,2025-07-20,Success
6762,6762,UPI,35070.98,2025-03-28,Success
6763,6763,Net Banking,68161.83,2023-11-12,Failed
6764,6764,Credit Card,67732.28,2023-08-01,Success
6765,6765,Credit Card,203508.46,2022-04-09,Success
6766,6766,UPI,17220.1,2022-03-24,Success
6767,6767,Credit Card,134687.79,2022-05-28,Success
6768,6768,Wallet,73682.43,2023-05-27,Success
6769,6769,Wallet,123720.46,2022-07-05,Success
6770,6770,Credit Card,49497.03,2023-06-30,Success
6771,6771,UPI,78354.89,2023-10-25,Success
6772,6772,Wallet,10540.56,2025-09-12,Success
6773,6773,Credit Card,24527.9,2022-09-12,Success
6774,6774,UPI,58798.43,2022-11-04,Success
6775,6775,COD,144778.91,2025-11-13,Refunded
6776,6776,Wallet,102630.44,2024-06-15,Success
6777,6777,UPI,64728.76,2025-02-11,Success
6778,6778,Credit Card,159327.58,2025-11-07,Refunded
6779,6779,Wallet,85008.52,2025-09-27,Success
6780,6780,Debit Card,165072.29,2022-05-11,Success
6781,6781,Wallet,119472.89,2022-01-07,Success
6782,6782,Wallet,76990.2,2024-08-19,Refunded
6783,6783,Credit Card,130464.79,2022-05-02,Refunded
6784,6784,COD,120449.64,2022-05-08,Refunded
6785,6785,Credit Card,19505.36,2023-08-24,Refunded
6786,6786,Wallet,44147.64,2023-04-09,Success
6787,6787,UPI,85430.66,2025-07-26,Success
6788,6788,COD,17014.57,2022-04-15,Failed
6789,6789,Net Banking,118334.42,2023-05-29,Success
6790,6790,Credit Card,115342.29,2022-06-23,Success
6791,6791,Net Banking,23781.6,2023-10-10,Success
6792,6792,Net Banking,49783.02,2023-08-06,Success
6793,6793,Net Banking,37286.1,2022-05-20,Refunded
6794,6794,Net Banking,127157.9,2022-02-10,Success
6795,6795,Credit Card,59216.52,2023-01-06,Success
6796,6796,COD,155750.59,2023-10-24,Success
6797,6797,Credit Card,78087.2,2022-11-02,Success
6798,6798,UPI,32480.24,2023-06-11,Success
6799,6799,Debit Card,89484.78,2022-09-01,Success
6800,6800,Net Banking,17544.22,2023-01-17,Success
6801,6801,COD,6876.71,2022-01-03,Refunded
6802,6802,Credit Card,17514.32,2025-08-12,Success
6803,6803,Credit Card,75748.83,2025-01-29,Success
6804,6804,UPI,12254.6,2023-04-21,Success
6805,6805,UPI,71403.04,2024-04-30,Success
6806,6806,Credit Card,94278.04,2022-04-16,Refunded
6807,6807,Debit Card,32020.33,2022-08-16,Success
6808,6808,Wallet,3878.34,2022-03-31,Success
6809,6809,COD,62528.39,2023-06-01,Success
6810,6810,COD,150893.19,2023-12-28,Success
6811,6811,UPI,32617.86,2024-03-14,Success
6812,6812,Credit Card,102127.43,2023-07-13,Success
6813,6813,Credit Card,26202.05,2024-09-28,Success
6814,6814,Wallet,103865.92,2022-01-11,Success
6815,6815,Wallet,68826.51,2022-10-18,Failed
6816,6816,Wallet,3615.52,2025-05-24,Refunded
6817,6817,COD,26717.89,2025-10-30,Success
6818,6818,Debit Card,185056.34,2022-02-19,Refunded
6819,6819,COD,54294.97,2023-07-17,Success
6820,6820,UPI,37862.95,2024-05-30,Success
6821,6821,Net Banking,83270.2,2024-08-13,Success
6822,6822,Wallet,116067.99,2023-06-28,Success
6823,6823,Credit Card,20754.22,2023-03-26,Success
6824,6824,UPI,66214.52,2022-06-27,Success
6825,6825,Net Banking,36460.15,2024-01-24,Success
6826,6826,Wallet,281004.15,2025-01-17,Success
6827,6827,Debit Card,114099.87,2024-03-28,Success
6828,6828,Wallet,42400.38,2024-05-07,Success
6829,6829,Wallet,35818.55,2025-03-11,Success
6830,6830,UPI,87494.58,2022-04-04,Success
6831,6831,Wallet,123843.57,2024-08-27,Failed
6832,6832,Wallet,7165.25,2022-04-19,Success
6833,6833,UPI,38724.84,2025-09-17,Success
6834,6834,Wallet,170214.3,2023-03-04,Success
6835,6835,UPI,53444.92,2024-10-27,Success
6836,6836,Debit Card,173358.52,2023-02-16,Success
6837,6837,COD,3978.99,2024-08-07,Refunded
6838,6838,UPI,26041.84,2023-07-19,Success
6839,6839,Wallet,7181.76,2022-12-08,Success
6840,6840,UPI,45948.47,2024-08-03,Success
6841,6841,UPI,91932.93,2024-02-21,Success
6842,6842,Debit Card,74534.58,2022-10-16,Success
6843,6843,Debit Card,58288.95,2025-06-09,Success
6844,6844,COD,122084.29,2023-09-30,Refunded
6845,6845,COD,78741.63,2022-05-06,Success
6846,6846,Debit Card,26644.56,2025-08-29,Success
6847,6847,UPI,8569.79,2025-09-14,Success
6848,6848,UPI,55083.28,2022-02-14,Success
6849,6849,Debit Card,131704.77,2025-06-10,Failed
6850,6850,Debit Card,57309.27,2024-04-14,Success
6851,6851,UPI,42509.28,2022-05-12,Success
6852,6852,Debit Card,13746.78,2022-12-04,Success
6853,6853,Credit Card,178472.59,2023-02-21,Refunded
6854,6854,Credit Card,74832.29,2025-04-07,Success
6855,6855,Net Banking,113096.2,2025-10-04,Refunded
6856,6856,Debit Card,84203.81,2025-07-20,Success
6857,6857,Debit Card,39746.46,2022-06-01,Success
6858,6858,COD,86874.52,2024-08-28,Refunded
6859,6859,COD,119727.05,2022-06-01,Success
6860,6860,Net Banking,22959.02,2024-12-11,Refunded
6861,6861,Net Banking,20255.68,2022-04-10,Success
6862,6862,Credit Card,17186.92,2025-01-12,Success
6863,6863,UPI,83029.17,2024-10-07,Success
6864,6864,Debit Card,59221.55,2024-07-13,Success
6865,6865,Net Banking,42522.23,2022-02-02,Success
6866,6866,Credit Card,107852.8,2022-08-22,Success
6867,6867,Debit Card,78054.8,2024-11-24,Refunded
6868,6868,COD,8968.0,2022-07-25,Success
6869,6869,Credit Card,14368.56,2024-12-31,Success
6870,6870,UPI,78920.18,2022-04-11,Failed
6871,6871,UPI,83897.06,2025-10-30,Success
6872,6872,Debit Card,884.03,2023-12-26,Success
6873,6873,UPI,1933.82,2025-07-15,Success
6874,6874,UPI,148992.21,2025-10-04,Success
6875,6875,Wallet,139062.01,2023-05-18,Success
6876,6876,Wallet,64826.43,2023-07-18,Success
6877,6877,COD,80028.06,2022-05-19,Success
6878,6878,COD,62919.4,2023-02-15,Success
6879,6879,Credit Card,21884.33,2023-07-25,Success
6880,6880,UPI,44696.73,2025-06-07,Success
6881,6881,Credit Card,5417.68,2022-03-03,Success
6882,6882,Net Banking,3309.22,2022-06-30,Success
6883,6883,UPI,38804.69,2024-01-04,Refunded
6884,6884,COD,18792.18,2022-07-10,Success
6885,6885,Net Banking,120356.89,2022-11-14,Refunded
6886,6886,UPI,83580.92,2022-07-22,Success
6887,6887,Debit Card,141817.03,2023-01-22,Failed
6888,6888,Wallet,64468.97,2025-02-10,Refunded
6889,6889,Wallet,194323.82,2023-12-06,Success
6890,6890,Wallet,57163.37,2025-07-17,Success
6891,6891,Debit Card,16386.9,2025-02-16,Success
6892,6892,Credit Card,301659.59,2022-09-04,Success
6893,6893,Wallet,163775.8,2023-09-29,Failed
6894,6894,UPI,17840.2,2025-11-08,Success
6895,6895,Wallet,47884.47,2022-11-17,Success
6896,6896,COD,1468.89,2024-12-24,Success
6897,6897,Debit Card,30819.48,2025-10-24,Success
6898,6898,UPI,74754.42,2022-10-19,Success
6899,6899,Credit Card,57334.84,2022-12-15,Success
6900,6900,UPI,46518.08,2022-12-02,Success
6901,6901,UPI,56813.6,2024-06-22,Success
6902,6902,Wallet,41424.9,2024-08-10,Success
6903,6903,Debit Card,107031.54,2024-01-10,Failed
6904,6904,Net Banking,90044.59,2025-02-03,Failed
6905,6905,UPI,14478.52,2025-06-08,Success
6906,6906,Net Banking,59576.71,2025-07-30,Failed
6907,6907,Debit Card,20630.77,2022-01-01,Refunded
6908,6908,Net Banking,153988.23,2022-07-30,Success
6909,6909,Debit Card,19270.75,2024-08-30,Refunded
6910,6910,Wallet,66777.87,2025-09-28,Success
6911,6911,UPI,12123.14,2024-09-13,Success
6912,6912,Credit Card,81637.95,2024-12-26,Success
6913,6913,Debit Card,7591.0,2024-01-21,Success
6914,6914,UPI,12019.51,2024-02-04,Success
6915,6915,Debit Card,64733.15,2024-02-05,Success
6916,6916,Debit Card,36341.35,2022-02-16,Success
6917,6917,Wallet,90272.08,2023-07-25,Refunded
6918,6918,Credit Card,33946.48,2023-08-31,Refunded
6919,6919,Credit Card,75303.11,2025-08-18,Success
6920,6920,UPI,76043.45,2025-05-22,Success
6921,6921,COD,18181.42,2025-03-15,Success
6922,6922,UPI,69594.49,2024-04-27,Success
6923,6923,UPI,75058.84,2022-03-26,Success
6924,6924,UPI,90113.89,2022-02-13,Refunded
6925,6925,Credit Card,62026.04,2023-08-07,Success
6926,6926,Net Banking,25258.96,2025-04-18,Success
6927,6927,Credit Card,44427.4,2024-11-21,Success
6928,6928,Debit Card,42603.8,2025-03-08,Success
6929,6929,UPI,130145.34,2023-02-24,Success
6930,6930,UPI,40601.11,2022-01-03,Success
6931,6931,COD,202973.08,2025-10-19,Success
6932,6932,Credit Card,145363.47,2025-05-03,Success
6933,6933,Debit Card,40083.69,2022-01-12,Success
6934,6934,Credit Card,188744.64,2025-11-28,Success
6935,6935,Credit Card,21974.57,2023-06-24,Success
6936,6936,UPI,35944.25,2022-10-02,Refunded
6937,6937,Wallet,26952.13,2024-12-25,Failed
6938,6938,Credit Card,25672.21,2025-08-14,Success
6939,6939,Net Banking,48924.99,2024-06-25,Success
6940,6940,Credit Card,122092.57,2025-12-23,Success
6941,6941,Wallet,169008.72,2024-09-22,Failed
6942,6942,Net Banking,63445.76,2022-07-11,Success
6943,6943,COD,16007.18,2023-04-30,Success
6944,6944,Credit Card,254864.43,2023-01-25,Success
6945,6945,Net Banking,102664.69,2022-11-18,Success
6946,6946,UPI,23699.12,2022-10-08,Success
6947,6947,COD,108440.78,2024-06-17,Success
6948,6948,Credit Card,41287.96,2023-01-12,Refunded
6949,6949,Credit Card,20714.79,2025-02-03,Refunded
6950,6950,Wallet,117772.58,2024-04-19,Success
6951,6951,UPI,63428.61,2023-01-26,Success
6952,6952,Net Banking,17877.82,2024-08-14,Success
6953,6953,Credit Card,172795.44,2024-09-14,Success
6954,6954,Credit Card,128095.77,2024-03-26,Success
6955,6955,Net Banking,22180.99,2024-03-30,Refunded
6956,6956,Wallet,93299.26,2024-12-12,Success
6957,6957,UPI,3394.81,2024-01-02,Success
6958,6958,Net Banking,61502.32,2025-11-22,Success
6959,6959,UPI,7928.98,2024-12-23,Success
6960,6960,Net Banking,168897.32,2022-08-20,Success
6961,6961,UPI,6953.46,2025-04-14,Success
6962,6962,UPI,60421.2,2022-10-04,Success
6963,6963,UPI,67878.88,2023-06-10,Success
6964,6964,Credit Card,49075.03,2024-02-12,Success
6965,6965,Debit Card,26400.54,2025-03-25,Success
6966,6966,Net Banking,160486.38,2023-01-12,Success
6967,6967,UPI,99301.63,2024-12-27,Success
6968,6968,COD,103358.12,2024-11-01,Success
6969,6969,UPI,128535.07,2023-10-04,Failed
6970,6970,Credit Card,100299.28,2025-09-28,Success
6971,6971,Wallet,111586.1,2025-10-25,Success
6972,6972,Credit Card,36533.1,2025-03-25,Success
6973,6973,Wallet,69040.19,2022-03-14,Success
6974,6974,Debit Card,28084.97,2025-10-17,Success
6975,6975,Credit Card,12740.06,2025-05-02,Success
6976,6976,Credit Card,38885.54,2024-06-09,Success
6977,6977,COD,22210.55,2024-11-24,Success
6978,6978,UPI,23049.96,2024-01-24,Refunded
6979,6979,Net Banking,61387.14,2024-04-05,Success
6980,6980,Wallet,67749.07,2022-07-18,Failed
6981,6981,COD,29964.58,2025-01-19,Failed
6982,6982,UPI,32582.37,2023-06-25,Success
6983,6983,Credit Card,137814.96,2025-06-08,Success
6984,6984,Wallet,53968.65,2022-02-12,Success
6985,6985,Net Banking,141660.38,2024-05-20,Success
6986,6986,Wallet,148617.7,2025-09-14,Success
6987,6987,Net Banking,107074.8,2022-08-19,Success
6988,6988,Wallet,114972.02,2024-01-14,Success
6989,6989,Net Banking,15990.77,2024-03-31,Success
6990,6990,Net Banking,63219.32,2025-02-13,Success
6991,6991,Wallet,52047.1,2024-04-09,Success
6992,6992,Credit Card,16342.89,2023-04-29,Failed
6993,6993,Net Banking,31082.84,2024-03-30,Success
6994,6994,Wallet,49926.4,2025-04-14,Success
6995,6995,UPI,92276.52,2023-08-23,Refunded
6996,6996,Debit Card,78803.08,2023-11-27,Success
6997,6997,COD,9984.0,2022-08-11,Refunded
6998,6998,Debit Card,91051.12,2023-05-10,Success
6999,6999,Debit Card,51311.87,2022-06-29,Success
7000,7000,Net Banking,32000.39,2022-10-03,Success
7001,7001,Wallet,88494.93,2024-09-18,Failed
7002,7002,UPI,72507.79,2025-02-17,Refunded
7003,7003,Wallet,40489.58,2023-06-26,Success
7004,7004,UPI,8521.63,2022-03-07,Success
7005,7005,COD,137158.56,2023-06-27,Success
7006,7006,Net Banking,26245.82,2022-05-05,Success
7007,7007,Debit Card,7202.84,2024-05-23,Success
7008,7008,Wallet,11754.44,2024-11-16,Success
7009,7009,Debit Card,21781.8,2025-09-08,Success
7010,7010,Debit Card,23316.01,2025-10-30,Success
7011,7011,Debit Card,92359.92,2022-04-20,Success
7012,7012,COD,13928.87,2022-03-14,Success
7013,7013,Credit Card,7845.38,2022-03-10,Success
7014,7014,UPI,195287.71,2023-02-23,Success
7015,7015,UPI,71951.75,2023-08-05,Success
7016,7016,Wallet,164035.43,2024-05-14,Refunded
7017,7017,COD,21523.39,2025-03-05,Success
7018,7018,UPI,53030.83,2024-02-04,Success
7019,7019,Credit Card,106066.57,2023-01-15,Failed
7020,7020,Credit Card,323078.02,2022-10-14,Success
7021,7021,Debit Card,193135.2,2023-11-05,Failed
7022,7022,Net Banking,17321.31,2022-01-10,Success
7023,7023,Net Banking,74447.8,2024-12-07,Success
7024,7024,Net Banking,36098.88,2025-03-11,Success
7025,7025,Credit Card,54235.88,2025-02-01,Success
7026,7026,Credit Card,29262.92,2025-05-26,Success
7027,7027,UPI,64671.33,2023-10-24,Success
7028,7028,UPI,61831.91,2022-12-18,Success
7029,7029,COD,25021.45,2025-04-20,Success
7030,7030,Credit Card,100156.45,2024-08-14,Success
7031,7031,Debit Card,91934.01,2023-01-07,Success
7032,7032,Credit Card,125633.55,2023-08-21,Success
7033,7033,Debit Card,93791.4,2024-10-26,Success
7034,7034,COD,64904.84,2025-12-18,Success
7035,7035,Net Banking,114748.64,2022-04-09,Success
7036,7036,Credit Card,21024.98,2024-10-11,Refunded
7037,7037,COD,17139.58,2025-05-23,Refunded
7038,7038,Wallet,94426.12,2024-11-04,Refunded
7039,7039,UPI,129544.62,2025-02-24,Success
7040,7040,COD,43429.93,2025-03-06,Success
7041,7041,Credit Card,27188.57,2023-11-11,Success
7042,7042,Credit Card,7668.88,2024-08-23,Success
7043,7043,Wallet,35641.62,2025-06-10,Success
7044,7044,COD,59989.28,2023-02-14,Success
7045,7045,Debit Card,5920.38,2024-01-12,Success
7046,7046,Debit Card,114920.38,2024-07-21,Success
7047,7047,Net Banking,20406.44,2023-05-11,Success
7048,7048,UPI,60810.23,2022-02-09,Success
7049,7049,UPI,100029.58,2023-09-26,Success
7050,7050,Wallet,4093.95,2025-05-07,Failed
7051,7051,Debit Card,100998.08,2023-04-05,Success
7052,7052,COD,62231.19,2022-07-14,Success
7053,7053,UPI,8587.54,2023-08-02,Success
7054,7054,COD,93630.23,2023-09-08,Success
7055,7055,Net Banking,70365.9,2024-06-13,Success
7056,7056,Debit Card,148329.91,2023-02-23,Refunded
7057,7057,Net Banking,128473.54,2024-05-02,Success
7058,7058,Credit Card,7478.37,2022-06-08,Success
7059,7059,UPI,45163.91,2023-03-15,Success
7060,7060,Net Banking,90356.38,2023-05-04,Refunded
7061,7061,COD,71254.59,2023-07-16,Success
7062,7062,Net Banking,69839.9,2024-07-17,Success
7063,7063,COD,10258.52,2022-05-07,Success
7064,7064,Debit Card,96486.38,2022-11-10,Failed
7065,7065,COD,2918.81,2025-07-14,Failed
7066,7066,Debit Card,139270.49,2024-11-23,Success
7067,7067,UPI,10045.12,2025-11-20,Success
7068,7068,COD,47378.98,2024-09-04,Success
7069,7069,Wallet,31341.31,2025-06-03,Refunded
7070,7070,Debit Card,47083.34,2025-04-22,Success
7071,7071,COD,60925.32,2023-10-12,Refunded
7072,7072,Wallet,47741.48,2023-07-04,Success
7073,7073,Credit Card,133536.05,2025-02-25,Success
7074,7074,Debit Card,52691.91,2024-04-29,Success
7075,7075,Credit Card,188796.06,2022-03-04,Refunded
7076,7076,UPI,70790.74,2025-01-16,Success
7077,7077,Net Banking,2114.87,2024-01-21,Success
7078,7078,UPI,20734.72,2023-03-23,Success
7079,7079,Wallet,23740.64,2022-12-10,Success
7080,7080,Wallet,2016.84,2024-03-06,Success
7081,7081,COD,71802.24,2025-02-04,Failed
7082,7082,Wallet,66081.08,2024-02-18,Success
7083,7083,Credit Card,13755.52,2024-01-04,Refunded
7084,7084,Credit Card,11745.75,2025-11-14,Success
7085,7085,Credit Card,52847.86,2022-12-06,Success
7086,7086,UPI,46374.14,2022-05-04,Success
7087,7087,COD,53279.75,2025-07-12,Success
7088,7088,UPI,6835.07,2023-06-01,Success
7089,7089,Credit Card,64925.28,2025-01-04,Success
7090,7090,COD,81907.61,2024-09-13,Success
7091,7091,Debit Card,36389.12,2022-12-16,Success
7092,7092,Net Banking,126105.54,2023-12-17,Success
7093,7093,UPI,6940.5,2022-04-13,Success
7094,7094,Credit Card,89587.72,2023-07-02,Failed
7095,7095,Debit Card,77540.92,2023-10-22,Success
7096,7096,Net Banking,41707.36,2024-09-13,Success
7097,7097,Debit Card,10559.02,2025-10-21,Success
7098,7098,COD,64872.9,2024-03-27,Refunded
7099,7099,Debit Card,17246.64,2025-12-31,Success
7100,7100,Debit Card,66842.71,2024-11-27,Failed
7101,7101,Credit Card,32816.07,2024-06-08,Success
7102,7102,Net Banking,4695.29,2023-12-28,Failed
7103,7103,Net Banking,88504.48,2023-08-21,Refunded
7104,7104,UPI,17653.62,2024-02-22,Success
7105,7105,Credit Card,4366.24,2024-10-07,Success
7106,7106,COD,65605.14,2024-05-23,Success
7107,7107,UPI,29195.11,2023-01-25,Success
7108,7108,Net Banking,28424.01,2024-05-28,Success
7109,7109,Debit Card,68121.85,2024-11-04,Failed
7110,7110,Net Banking,105392.35,2022-09-15,Success
7111,7111,Credit Card,17168.18,2023-04-11,Success
7112,7112,Wallet,1673.86,2024-02-28,Success
7113,7113,COD,51717.43,2024-12-05,Success
7114,7114,Debit Card,78628.06,2025-11-06,Success
7115,7115,COD,121297.92,2024-10-12,Success
7116,7116,Credit Card,102748.45,2022-02-14,Success
7117,7117,UPI,53461.56,2025-06-07,Success
7118,7118,COD,50438.27,2025-01-19,Success
7119,7119,UPI,135593.14,2024-10-08,Refunded
7120,7120,COD,59290.49,2025-02-21,Success
7121,7121,Net Banking,59783.95,2024-12-31,Success
7122,7122,Net Banking,101370.82,2025-12-05,Failed
7123,7123,Wallet,112889.21,2025-08-30,Success
7124,7124,Credit Card,107563.28,2024-01-07,Failed
7125,7125,Debit Card,77993.37,2025-03-25,Success
7126,7126,UPI,44173.8,2022-02-09,Refunded
7127,7127,Net Banking,143337.56,2023-01-02,Success
7128,7128,Wallet,34911.8,2022-06-21,Success
7129,7129,COD,75117.02,2025-08-20,Success
7130,7130,Wallet,100871.65,2025-05-24,Success
7131,7131,COD,122842.45,2023-07-24,Success
7132,7132,COD,104702.83,2022-03-03,Success
7133,7133,Net Banking,21176.51,2023-07-17,Success
7134,7134,Credit Card,135637.75,2023-12-06,Success
7135,7135,Credit Card,48332.75,2024-07-06,Success
7136,7136,Net Banking,45843.56,2024-01-09,Success
7137,7137,Net Banking,216315.81,2022-03-15,Success
7138,7138,Net Banking,8097.4,2022-12-29,Success
7139,7139,Net Banking,129087.17,2022-07-20,Success
7140,7140,Debit Card,57255.24,2024-12-14,Success
7141,7141,COD,247887.54,2024-06-10,Success
7142,7142,Net Banking,82267.46,2022-02-28,Success
7143,7143,Debit Card,9339.3,2024-06-01,Success
7144,7144,Credit Card,52225.09,2023-05-16,Success
7145,7145,Debit Card,23148.16,2025-02-22,Failed
7146,7146,COD,41194.03,2024-08-08,Success
7147,7147,Credit Card,31596.84,2023-10-28,Success
7148,7148,COD,5447.9,2024-10-24,Refunded
7149,7149,COD,54069.09,2024-03-28,Success
7150,7150,Wallet,59303.92,2022-01-24,Success
7151,7151,Net Banking,99189.68,2022-03-04,Refunded
7152,7152,Debit Card,14819.05,2023-07-03,Success
7153,7153,Wallet,149510.34,2025-09-17,Success
7154,7154,COD,159080.55,2023-11-05,Success
7155,7155,UPI,58994.07,2023-06-18,Success
7156,7156,Credit Card,80057.15,2024-06-17,Success
7157,7157,COD,123344.35,2023-05-20,Success
7158,7158,Net Banking,107149.0,2025-04-04,Refunded
7159,7159,COD,182039.74,2023-11-10,Success
7160,7160,Net Banking,35913.05,2023-04-08,Success
7161,7161,Wallet,99955.91,2025-12-23,Success
7162,7162,COD,8520.76,2024-04-02,Success
7163,7163,COD,150936.87,2024-11-07,Success
7164,7164,UPI,16474.08,2023-02-01,Success
7165,7165,Wallet,91445.11,2022-07-27,Success
7166,7166,UPI,96500.63,2023-12-17,Success
7167,7167,UPI,94571.64,2023-05-05,Success
7168,7168,COD,159528.43,2022-07-14,Success
7169,7169,COD,121778.73,2022-06-10,Success
7170,7170,Wallet,169651.9,2023-01-14,Success
7171,7171,COD,44243.09,2025-06-18,Success
7172,7172,Credit Card,124145.11,2024-02-12,Success
7173,7173,COD,173995.71,2022-02-04,Success
7174,7174,Net Banking,112357.06,2023-09-15,Success
7175,7175,Wallet,145378.21,2025-01-24,Success
7176,7176,Credit Card,23143.16,2023-12-16,Success
7177,7177,Wallet,139891.06,2025-08-25,Success
7178,7178,Credit Card,48211.53,2024-12-10,Success
7179,7179,Net Banking,116597.69,2025-10-07,Success
7180,7180,Debit Card,36469.92,2024-02-14,Failed
7181,7181,UPI,21275.17,2024-12-31,Success
7182,7182,Wallet,870.3,2022-03-05,Success
7183,7183,Net Banking,61751.99,2024-07-12,Success
7184,7184,Net Banking,15385.73,2025-02-23,Success
7185,7185,Credit Card,19636.92,2024-11-10,Failed
7186,7186,Net Banking,24744.72,2024-02-14,Refunded
7187,7187,COD,58343.67,2024-05-11,Success
7188,7188,Wallet,45289.48,2025-05-09,Success
7189,7189,UPI,111733.37,2022-07-22,Failed
7190,7190,COD,42218.22,2023-02-09,Failed
7191,7191,Wallet,55568.23,2023-06-21,Success
7192,7192,Credit Card,224451.41,2023-12-07,Success
7193,7193,Net Banking,13225.17,2022-01-23,Success
7194,7194,Credit Card,181666.56,2024-07-28,Refunded
7195,7195,COD,44946.71,2024-09-30,Success
7196,7196,UPI,126390.58,2022-03-25,Success
7197,7197,Net Banking,57471.69,2022-12-25,Success
7198,7198,Wallet,113907.44,2022-09-07,Success
7199,7199,UPI,44093.57,2022-07-17,Refunded
7200,7200,UPI,62951.26,2025-11-17,Refunded
7201,7201,Credit Card,27695.01,2023-04-12,Success
7202,7202,Wallet,20674.86,2024-12-05,Refunded
7203,7203,UPI,59463.62,2022-10-30,Failed
7204,7204,Net Banking,7626.54,2024-09-13,Failed
7205,7205,UPI,133785.21,2023-09-17,Success
7206,7206,Net Banking,68212.87,2024-10-07,Success
7207,7207,Net Banking,45147.34,2025-07-30,Success
7208,7208,Net Banking,10014.02,2022-01-06,Success
7209,7209,UPI,4774.98,2025-02-17,Refunded
7210,7210,COD,99468.14,2025-10-31,Success
7211,7211,Debit Card,67250.55,2022-04-16,Success
7212,7212,COD,39634.22,2022-03-05,Failed
7213,7213,COD,12247.73,2022-07-18,Success
7214,7214,Credit Card,30436.6,2023-09-22,Success
7215,7215,Net Banking,187211.69,2023-09-16,Success
7216,7216,UPI,64340.64,2022-12-19,Success
7217,7217,UPI,81144.35,2023-07-14,Success
7218,7218,COD,1817.82,2022-08-08,Success
7219,7219,Credit Card,158621.26,2022-02-28,Success
7220,7220,UPI,31981.28,2022-05-20,Success
7221,7221,Wallet,151693.34,2023-09-21,Success
7222,7222,Net Banking,57688.46,2023-07-22,Success
7223,7223,Credit Card,69719.76,2025-02-18,Success
7224,7224,Net Banking,13323.1,2025-06-08,Refunded
7225,7225,UPI,54589.25,2022-08-26,Success
7226,7226,COD,5662.03,2024-03-26,Success
7227,7227,Net Banking,52337.11,2024-02-24,Success
7228,7228,Credit Card,68656.53,2025-08-23,Success
7229,7229,Net Banking,71477.8,2022-06-11,Refunded
7230,7230,Debit Card,65529.01,2025-01-31,Failed
7231,7231,Net Banking,52553.27,2024-10-24,Success
7232,7232,COD,9511.48,2024-01-15,Success
7233,7233,COD,18756.59,2024-11-27,Success
7234,7234,Debit Card,177218.29,2023-05-31,Success
7235,7235,Wallet,8750.04,2022-07-18,Refunded
7236,7236,Credit Card,751.13,2025-01-27,Success
7237,7237,Net Banking,93433.72,2024-02-23,Success
7238,7238,Net Banking,203962.01,2023-08-24,Success
7239,7239,COD,32850.27,2024-06-08,Failed
7240,7240,COD,47558.97,2025-03-15,Success
7241,7241,Debit Card,79742.52,2023-11-21,Success
7242,7242,COD,11665.31,2025-04-08,Refunded
7243,7243,COD,69594.42,2023-07-18,Success
7244,7244,Credit Card,60242.05,2023-03-10,Success
7245,7245,Wallet,178639.4,2025-08-13,Success
7246,7246,Debit Card,31839.57,2023-07-23,Success
7247,7247,COD,130862.0,2023-09-30,Failed
7248,7248,Credit Card,140180.27,2025-11-19,Success
7249,7249,Wallet,80120.6,2022-11-07,Refunded
7250,7250,UPI,42992.91,2024-02-23,Success
7251,7251,Wallet,23322.85,2025-11-14,Refunded
7252,7252,Debit Card,2854.29,2023-09-19,Success
7253,7253,Wallet,16923.33,2023-04-11,Success
7254,7254,Debit Card,15218.37,2025-08-29,Refunded
7255,7255,Wallet,11610.42,2025-07-24,Success
7256,7256,Wallet,113264.94,2023-07-22,Success
7257,7257,Credit Card,105284.54,2023-06-11,Failed
7258,7258,Wallet,87514.6,2024-12-20,Success
7259,7259,Debit Card,100036.71,2024-02-24,Success
7260,7260,Net Banking,18118.77,2023-06-17,Success
7261,7261,Credit Card,76319.42,2024-02-26,Success
7262,7262,COD,92631.07,2023-10-16,Success
7263,7263,Credit Card,145996.44,2025-04-26,Success
7264,7264,Debit Card,21327.96,2023-12-18,Success
7265,7265,Credit Card,76536.54,2022-01-13,Success
7266,7266,Debit Card,74239.33,2022-10-21,Success
7267,7267,UPI,103815.35,2023-12-05,Refunded
7268,7268,COD,107664.55,2023-01-15,Success
7269,7269,UPI,105996.55,2023-09-29,Success
7270,7270,Net Banking,37625.42,2025-11-30,Failed
7271,7271,Credit Card,25582.62,2022-09-16,Success
7272,7272,Credit Card,63512.28,2024-09-12,Success
7273,7273,COD,46052.69,2022-07-19,Success
7274,7274,Net Banking,31656.37,2023-12-08,Success
7275,7275,COD,103578.03,2023-06-02,Refunded
7276,7276,UPI,15968.18,2025-01-22,Success
7277,7277,Credit Card,51898.32,2025-04-15,Success
7278,7278,Net Banking,38122.11,2025-09-11,Refunded
7279,7279,Debit Card,60667.76,2022-10-31,Success
7280,7280,Net Banking,123738.12,2025-01-17,Refunded
7281,7281,UPI,142462.83,2022-09-24,Refunded
7282,7282,Debit Card,75977.12,2022-08-24,Failed
7283,7283,Credit Card,55538.23,2022-12-21,Refunded
7284,7284,UPI,15457.25,2022-01-28,Success
7285,7285,COD,69800.72,2024-11-03,Success
7286,7286,Net Banking,33816.0,2024-10-28,Failed
7287,7287,Net Banking,114826.06,2025-07-15,Failed
7288,7288,COD,31605.81,2022-01-24,Success
7289,7289,UPI,16601.92,2022-06-19,Success
7290,7290,UPI,36076.32,2025-08-01,Success
7291,7291,COD,136557.12,2025-06-06,Success
7292,7292,COD,39063.39,2025-05-24,Success
7293,7293,COD,34440.2,2023-02-01,Success
7294,7294,Credit Card,30309.01,2023-04-16,Success
7295,7295,Wallet,147858.62,2024-06-26,Success
7296,7296,Wallet,46553.76,2025-03-12,Success
7297,7297,Net Banking,60442.58,2023-08-04,Success
7298,7298,Wallet,20138.91,2022-12-24,Success
7299,7299,Wallet,59221.55,2022-11-02,Success
7300,7300,Debit Card,22436.03,2024-06-01,Success
7301,7301,Wallet,103374.3,2025-04-07,Success
7302,7302,COD,112942.73,2024-03-11,Success
7303,7303,UPI,145267.37,2024-06-27,Success
7304,7304,UPI,62622.16,2022-09-03,Success
7305,7305,Wallet,27695.01,2024-03-31,Success
7306,7306,Net Banking,125692.35,2022-04-06,Refunded
7307,7307,COD,118186.14,2022-01-07,Refunded
7308,7308,COD,54110.23,2025-11-15,Success
7309,7309,COD,29637.7,2023-12-15,Success
7310,7310,Net Banking,36808.38,2022-09-15,Success
7311,7311,COD,66201.33,2023-03-26,Success
7312,7312,Wallet,37053.93,2024-01-30,Success
7313,7313,Net Banking,114217.39,2022-09-30,Success
7314,7314,Wallet,25520.17,2023-03-27,Failed
7315,7315,Wallet,89777.28,2023-11-12,Success
7316,7316,COD,82160.48,2022-09-20,Success
7317,7317,COD,40140.06,2025-12-19,Success
7318,7318,Net Banking,123248.65,2024-01-10,Refunded
7319,7319,Wallet,19913.43,2022-06-24,Success
7320,7320,COD,71625.89,2025-05-21,Success
7321,7321,Wallet,17673.23,2025-09-25,Success
7322,7322,Credit Card,8343.83,2024-09-22,Success
7323,7323,Net Banking,220824.9,2022-11-28,Refunded
7324,7324,Debit Card,55535.06,2024-12-28,Success
7325,7325,UPI,13480.85,2023-03-17,Success
7326,7326,Debit Card,108540.97,2023-10-30,Failed
7327,7327,Wallet,84502.35,2023-08-06,Success
7328,7328,Credit Card,45230.24,2023-01-24,Success
7329,7329,Credit Card,45847.61,2025-09-12,Refunded
7330,7330,UPI,31451.98,2024-01-10,Success
7331,7331,Net Banking,142348.3,2023-04-11,Failed
7332,7332,UPI,55264.62,2025-12-05,Success
7333,7333,Credit Card,85266.09,2023-10-05,Success
7334,7334,UPI,51037.92,2023-11-27,Failed
7335,7335,Debit Card,85686.31,2024-09-17,Success
7336,7336,UPI,265671.11,2022-12-21,Failed
7337,7337,Wallet,44178.39,2024-05-18,Refunded
7338,7338,COD,97932.78,2022-10-21,Success
7339,7339,Net Banking,143925.62,2024-04-09,Refunded
7340,7340,Debit Card,11461.5,2024-11-06,Success
7341,7341,COD,115256.45,2022-03-28,Success
7342,7342,Net Banking,158328.86,2023-10-05,Failed
7343,7343,Debit Card,85073.7,2025-11-28,Success
7344,7344,Wallet,33978.48,2024-01-29,Success
7345,7345,Net Banking,164053.66,2022-11-06,Success
7346,7346,COD,1587.77,2024-03-19,Success
7347,7347,UPI,61297.69,2023-07-30,Success
7348,7348,Credit Card,32018.15,2023-03-31,Success
7349,7349,COD,71262.07,2024-02-02,Refunded
7350,7350,Wallet,39893.76,2025-10-28,Failed
7351,7351,Wallet,77455.86,2025-11-30,Success
7352,7352,Debit Card,34577.88,2022-09-07,Refunded
7353,7353,UPI,23411.27,2024-05-28,Success
7354,7354,Wallet,156172.2,2023-08-09,Success
7355,7355,Net Banking,33389.93,2025-06-11,Success
7356,7356,COD,15675.15,2023-10-14,Success
7357,7357,COD,118983.75,2022-10-22,Refunded
7358,7358,Wallet,32431.97,2023-04-20,Success
7359,7359,Debit Card,27541.64,2022-04-21,Success
7360,7360,Wallet,15352.71,2024-08-09,Success
7361,7361,Wallet,76279.63,2023-02-25,Success
7362,7362,Wallet,89297.61,2024-02-25,Success
7363,7363,COD,17323.21,2024-08-24,Refunded
7364,7364,Net Banking,74960.79,2022-06-12,Success
7365,7365,COD,195843.62,2024-04-12,Success
7366,7366,COD,108331.18,2025-03-25,Success
7367,7367,Debit Card,92805.42,2023-03-24,Success
7368,7368,Wallet,4746.3,2025-06-26,Success
7369,7369,Wallet,66325.04,2023-03-25,Refunded
7370,7370,Net Banking,73213.16,2022-12-04,Success
7371,7371,UPI,55119.85,2023-05-02,Success
7372,7372,UPI,183313.71,2023-09-03,Success
7373,7373,Net Banking,199646.24,2023-03-27,Success
7374,7374,Net Banking,63845.96,2025-12-24,Success
7375,7375,UPI,78329.41,2022-12-04,Success
7376,7376,UPI,197387.46,2025-06-12,Success
7377,7377,Credit Card,82820.67,2023-03-15,Refunded
7378,7378,Credit Card,87304.81,2023-04-02,Success
7379,7379,Debit Card,48485.08,2022-01-04,Success
7380,7380,Net Banking,20155.04,2025-03-27,Refunded
7381,7381,Wallet,38662.75,2022-07-21,Refunded
7382,7382,Debit Card,36368.01,2023-01-22,Success
7383,7383,Debit Card,8988.46,2025-02-23,Refunded
7384,7384,COD,96449.06,2024-10-13,Success
7385,7385,Debit Card,230102.08,2025-04-11,Success
7386,7386,Credit Card,115859.84,2025-07-25,Success
7387,7387,COD,86680.47,2023-03-04,Refunded
7388,7388,Wallet,15550.98,2022-07-17,Success
7389,7389,Wallet,138374.0,2022-07-20,Refunded
7390,7390,UPI,157583.56,2024-03-03,Success
7391,7391,Debit Card,120349.95,2025-05-11,Success
7392,7392,Net Banking,63506.96,2024-10-10,Success
7393,7393,Credit Card,27107.66,2022-03-30,Success
7394,7394,Credit Card,3716.74,2024-11-27,Success
7395,7395,UPI,20364.4,2022-03-27,Success
7396,7396,Credit Card,131656.72,2022-04-20,Success
7397,7397,Credit Card,80979.16,2025-08-14,Success
7398,7398,UPI,124199.33,2023-06-22,Success
7399,7399,UPI,4228.47,2025-11-14,Success
7400,7400,Debit Card,152280.43,2022-05-02,Refunded
7401,7401,Wallet,69103.24,2025-06-15,Success
7402,7402,COD,16563.24,2023-05-06,Refunded
7403,7403,COD,60435.03,2022-03-23,Refunded
7404,7404,Wallet,66903.32,2025-03-29,Failed
7405,7405,Credit Card,51020.04,2022-11-21,Success
7406,7406,UPI,9839.62,2023-10-16,Refunded
7407,7407,UPI,8298.3,2022-12-12,Success
7408,7408,Wallet,48545.19,2023-03-27,Success
7409,7409,Debit Card,154727.87,2025-11-20,Refunded
7410,7410,Wallet,33328.41,2022-02-08,Refunded
7411,7411,COD,5148.32,2023-05-31,Failed
7412,7412,COD,63313.4,2024-07-30,Failed
7413,7413,COD,58967.43,2022-12-09,Success
7414,7414,Credit Card,53049.38,2024-04-15,Success
7415,7415,Debit Card,49241.61,2022-12-02,Refunded
7416,7416,Credit Card,129477.18,2025-10-21,Success
7417,7417,Net Banking,33159.59,2025-03-11,Success
7418,7418,Wallet,20721.08,2025-06-12,Success
7419,7419,Net Banking,65438.39,2023-11-04,Failed
7420,7420,Net Banking,135833.52,2023-08-10,Success
7421,7421,UPI,634.22,2025-11-26,Success
7422,7422,COD,14224.35,2022-02-28,Success
7423,7423,Wallet,298404.08,2024-05-13,Success
7424,7424,Wallet,152105.01,2023-07-12,Refunded
7425,7425,COD,49638.69,2023-04-25,Success
7426,7426,Debit Card,83443.35,2025-04-24,Success
7427,7427,Net Banking,57821.28,2024-06-10,Success
7428,7428,Wallet,193969.9,2022-01-03,Success
7429,7429,UPI,53402.12,2024-04-06,Success
7430,7430,Wallet,3957.6,2023-09-18,Refunded
7431,7431,Wallet,13060.28,2023-10-07,Success
7432,7432,UPI,4666.45,2025-06-13,Success
7433,7433,Debit Card,38448.48,2024-08-06,Failed
7434,7434,COD,42498.94,2023-07-19,Success
7435,7435,Debit Card,35221.81,2024-10-24,Success
7436,7436,Debit Card,14417.89,2022-04-23,Success
7437,7437,COD,2482.27,2022-06-17,Success
7438,7438,Credit Card,20440.73,2023-12-29,Refunded
7439,7439,Credit Card,52467.89,2022-10-01,Success
7440,7440,UPI,610.9,2022-12-13,Success
7441,7441,Wallet,56944.12,2024-12-01,Success
7442,7442,Credit Card,69011.27,2022-08-31,Success
7443,7443,Debit Card,46854.73,2024-09-23,Failed
7444,7444,UPI,87530.09,2022-06-25,Success
7445,7445,Wallet,61303.14,2025-03-22,Success
7446,7446,UPI,19481.7,2023-01-16,Success
7447,7447,Wallet,9027.89,2025-04-16,Refunded
7448,7448,Net Banking,14457.38,2022-07-29,Success
7449,7449,UPI,182232.77,2024-05-01,Refunded
7450,7450,UPI,54122.7,2025-06-13,Success
7451,7451,UPI,152750.6,2023-01-12,Success
7452,7452,Wallet,77816.2,2022-11-10,Success
7453,7453,Debit Card,26408.06,2024-03-25,Success
7454,7454,Credit Card,27323.9,2023-02-17,Success
7455,7455,UPI,9746.58,2025-03-12,Refunded
7456,7456,Debit Card,51026.49,2022-09-27,Success
7457,7457,Credit Card,272339.38,2025-12-20,Success
7458,7458,Wallet,49159.27,2025-07-30,Success
7459,7459,COD,112696.22,2025-05-28,Success
7460,7460,Credit Card,28435.28,2025-10-02,Failed
7461,7461,Credit Card,81555.5,2024-02-19,Failed
7462,7462,Wallet,47598.24,2022-09-07,Success
7463,7463,Debit Card,24427.62,2024-10-11,Success
7464,7464,Debit Card,86056.68,2024-08-30,Success
7465,7465,Debit Card,16303.89,2023-04-03,Success
7466,7466,Wallet,37710.15,2022-05-09,Refunded
7467,7467,Debit Card,31525.78,2024-10-22,Success
7468,7468,Debit Card,5625.49,2023-12-12,Success
7469,7469,COD,80348.39,2025-05-17,Success
7470,7470,Wallet,206189.7,2023-06-19,Failed
7471,7471,Net Banking,168580.18,2024-11-02,Refunded
7472,7472,Wallet,54663.84,2024-09-19,Failed
7473,7473,UPI,3554.22,2022-05-29,Refunded
7474,7474,Net Banking,86201.3,2024-09-18,Success
7475,7475,Credit Card,45131.1,2023-02-19,Success
7476,7476,Net Banking,79150.85,2024-09-09,Refunded
7477,7477,Wallet,21571.33,2025-01-21,Success
7478,7478,Debit Card,10233.2,2024-06-27,Success
7479,7479,UPI,154226.8,2024-06-21,Success
7480,7480,Debit Card,80440.2,2023-03-09,Success
7481,7481,COD,165371.12,2023-08-24,Refunded
7482,7482,UPI,28198.14,2023-09-11,Success
7483,7483,COD,17771.08,2022-03-09,Success
7484,7484,Credit Card,30245.04,2022-08-17,Success
7485,7485,Credit Card,78823.11,2025-07-19,Success
7486,7486,Wallet,44801.37,2022-03-03,Refunded
7487,7487,UPI,76516.82,2024-10-14,Failed
7488,7488,COD,37358.83,2022-10-31,Success
7489,7489,UPI,20459.25,2025-05-21,Success
7490,7490,Debit Card,60021.45,2025-11-29,Success
7491,7491,COD,23301.76,2025-06-14,Success
7492,7492,COD,35825.52,2024-10-14,Success
7493,7493,Net Banking,103334.38,2022-11-12,Success
7494,7494,COD,207905.98,2023-09-10,Success
7495,7495,Credit Card,131196.61,2023-09-04,Success
7496,7496,Debit Card,15625.1,2025-08-17,Success
7497,7497,UPI,29700.61,2024-12-26,Success
7498,7498,COD,36036.13,2023-06-11,Success
7499,7499,Credit Card,66258.64,2022-09-21,Success
7500,7500,Net Banking,69735.62,2022-01-26,Success
7501,7501,Wallet,73127.0,2025-02-09,Refunded
7502,7502,Wallet,28818.26,2023-09-20,Success
7503,7503,COD,19324.03,2024-10-01,Success
7504,7504,Debit Card,39180.95,2025-12-10,Success
7505,7505,COD,62135.44,2024-03-31,Success
7506,7506,Debit Card,19757.13,2024-09-21,Failed
7507,7507,Wallet,31829.96,2024-11-27,Success
7508,7508,UPI,54892.79,2023-03-17,Success
7509,7509,Net Banking,93899.83,2025-06-01,Success
7510,7510,Debit Card,19362.42,2022-06-20,Success
7511,7511,UPI,74159.08,2025-11-07,Success
7512,7512,Net Banking,232152.99,2025-12-18,Success
7513,7513,COD,40830.78,2022-04-04,Success
7514,7514,COD,11605.58,2023-01-05,Refunded
7515,7515,Wallet,1608.21,2024-02-08,Refunded
7516,7516,UPI,24530.01,2025-10-29,Refunded
7517,7517,COD,7595.13,2023-08-11,Refunded
7518,7518,Wallet,21713.88,2025-05-04,Success
7519,7519,Debit Card,91205.68,2023-06-17,Failed
7520,7520,COD,127661.6,2025-08-20,Success
7521,7521,Wallet,16474.08,2023-10-25,Refunded
7522,7522,Wallet,138755.61,2024-06-22,Refunded
7523,7523,Wallet,65896.32,2024-12-08,Success
7524,7524,Credit Card,148172.21,2025-06-19,Success
7525,7525,Debit Card,72628.25,2024-04-28,Success
7526,7526,Credit Card,34742.14,2024-10-25,Success
7527,7527,UPI,3512.81,2025-12-02,Success
7528,7528,Debit Card,27171.66,2024-10-31,Success
7529,7529,Credit Card,42303.61,2023-01-02,Success
7530,7530,Credit Card,15285.8,2022-01-14,Success
7531,7531,Credit Card,76248.43,2025-03-09,Success
7532,7532,UPI,62148.86,2023-03-01,Refunded
7533,7533,Credit Card,30789.54,2025-03-05,Success
7534,7534,UPI,117716.87,2022-12-13,Success
7535,7535,Debit Card,6863.35,2023-06-29,Success
7536,7536,Wallet,20706.77,2024-05-20,Success
7537,7537,UPI,65969.31,2024-03-04,Success
7538,7538,UPI,16540.46,2022-01-24,Refunded
7539,7539,Debit Card,18783.99,2025-08-10,Success
7540,7540,COD,51390.24,2022-03-28,Success
7541,7541,UPI,158187.09,2025-09-22,Success
7542,7542,Net Banking,12067.79,2024-07-08,Success
7543,7543,COD,82167.64,2022-08-31,Success
7544,7544,Credit Card,108749.7,2022-08-16,Refunded
7545,7545,COD,121226.49,2025-07-18,Success
7546,7546,Credit Card,6471.7,2024-02-06,Success
7547,7547,Net Banking,146789.92,2023-11-01,Success
7548,7548,UPI,94795.0,2025-04-07,Refunded
7549,7549,Credit Card,13990.33,2023-09-10,Success
7550,7550,Net Banking,36778.72,2022-01-14,Success
7551,7551,Debit Card,95451.06,2023-08-13,Failed
7552,7552,Debit Card,19801.46,2022-06-08,Success
7553,7553,Credit Card,21667.49,2024-03-15,Success
7554,7554,Wallet,74560.04,2022-03-01,Refunded
7555,7555,Credit Card,37503.42,2025-11-30,Success
7556,7556,Credit Card,59158.37,2023-12-08,Refunded
7557,7557,Net Banking,29285.26,2023-12-31,Success
7558,7558,Net Banking,239573.67,2024-03-19,Success
7559,7559,UPI,44586.65,2023-05-19,Success
7560,7560,COD,61373.18,2025-09-10,Success
7561,7561,Net Banking,87657.52,2022-09-22,Success
7562,7562,UPI,2742.71,2024-02-16,Success
7563,7563,COD,278013.63,2025-06-13,Success
7564,7564,Net Banking,70262.91,2022-10-19,Success
7565,7565,Wallet,184865.29,2023-12-28,Success
7566,7566,Credit Card,28974.94,2022-01-30,Success
7567,7567,COD,79668.13,2025-09-20,Success
7568,7568,UPI,10042.34,2022-10-18,Success
7569,7569,Credit Card,69258.02,2023-07-06,Success
7570,7570,UPI,24103.93,2024-08-09,Success
7571,7571,Net Banking,68881.93,2023-07-25,Success
7572,7572,Net Banking,11023.78,2024-06-17,Refunded
7573,7573,Debit Card,26636.64,2024-06-29,Success
7574,7574,COD,253695.12,2022-06-12,Success
7575,7575,Net Banking,101735.25,2025-01-23,Success
7576,7576,COD,115205.17,2023-08-03,Failed
7577,7577,Debit Card,9164.81,2024-04-08,Success
7578,7578,Credit Card,4301.54,2024-06-13,Failed
7579,7579,Credit Card,38972.3,2022-05-09,Success
7580,7580,Wallet,51292.6,2022-08-31,Refunded
7581,7581,Credit Card,53112.83,2022-07-31,Success
7582,7582,Debit Card,63658.45,2022-08-25,Refunded
7583,7583,Debit Card,14575.47,2025-12-17,Success
7584,7584,COD,528.52,2025-11-09,Success
7585,7585,Net Banking,29131.84,2022-07-16,Refunded
7586,7586,UPI,17323.88,2024-03-12,Failed
7587,7587,Wallet,7938.84,2024-05-25,Success
7588,7588,Net Banking,118712.35,2023-06-17,Success
7589,7589,Net Banking,54507.5,2023-10-09,Success
7590,7590,Net Banking,37122.55,2023-02-26,Refunded
7591,7591,Credit Card,149959.57,2024-06-30,Success
7592,7592,Debit Card,68498.63,2025-12-15,Failed
7593,7593,COD,13234.53,2024-12-11,Refunded
7594,7594,UPI,35798.81,2023-08-15,Refunded
7595,7595,Credit Card,122222.55,2024-05-20,Success
7596,7596,UPI,72128.97,2024-02-25,Success
7597,7597,COD,15468.23,2023-09-21,Failed
7598,7598,UPI,47540.96,2022-06-15,Refunded
7599,7599,Wallet,87606.48,2025-08-08,Success
7600,7600,Credit Card,92742.15,2022-09-02,Success
7601,7601,Net Banking,5719.25,2024-07-10,Success
7602,7602,Debit Card,50475.13,2022-12-30,Success
7603,7603,Wallet,173640.33,2022-05-09,Failed
7604,7604,Credit Card,152786.42,2025-10-08,Failed
7605,7605,Net Banking,97637.73,2025-04-13,Failed
7606,7606,Net Banking,10860.79,2024-02-22,Success
7607,7607,UPI,17889.15,2022-05-15,Success
7608,7608,Credit Card,112901.75,2025-04-03,Refunded
7609,7609,Wallet,13054.61,2023-08-28,Failed
7610,7610,Net Banking,14510.95,2025-12-02,Success
7611,7611,Credit Card,100993.27,2024-05-24,Success
7612,7612,Credit Card,137273.98,2023-12-10,Success
7613,7613,COD,76292.56,2022-03-16,Success
7614,7614,Net Banking,43365.96,2024-07-07,Success
7615,7615,Net Banking,138337.52,2022-04-10,Refunded
7616,7616,COD,25669.62,2024-12-12,Success
7617,7617,Net Banking,82685.25,2024-07-01,Success
7618,7618,Credit Card,96353.06,2024-10-23,Success
7619,7619,COD,22908.31,2023-11-29,Success
7620,7620,Net Banking,79351.3,2024-03-11,Success
7621,7621,UPI,24853.38,2023-11-07,Success
7622,7622,UPI,18387.33,2024-08-15,Success
7623,7623,COD,22211.26,2024-01-17,Refunded
7624,7624,COD,6309.38,2024-11-24,Success
7625,7625,COD,18239.24,2024-06-16,Success
7626,7626,Net Banking,85825.92,2022-11-15,Success
7627,7627,Wallet,17877.82,2023-04-06,Success
7628,7628,Net Banking,129688.7,2022-03-05,Success
7629,7629,COD,217711.15,2023-02-28,Refunded
7630,7630,Debit Card,42306.16,2025-06-19,Success
7631,7631,COD,21829.4,2024-05-07,Success
7632,7632,Net Banking,16866.78,2023-01-20,Success
7633,7633,UPI,31309.61,2022-01-12,Success
7634,7634,Wallet,50538.55,2023-09-07,Success
7635,7635,Credit Card,80558.7,2025-10-11,Success
7636,7636,Wallet,11669.49,2025-10-07,Success
7637,7637,Credit Card,96888.29,2023-12-07,Success
7638,7638,Debit Card,30725.44,2022-05-28,Success
7639,7639,Net Banking,16802.42,2025-09-15,Success
7640,7640,Credit Card,70731.69,2025-05-15,Success
7641,7641,Debit Card,58878.96,2025-08-16,Failed
7642,7642,COD,3385.7,2024-04-23,Success
7643,7643,Net Banking,21871.52,2024-07-25,Failed
7644,7644,Credit Card,109828.9,2022-09-26,Refunded
7645,7645,UPI,32655.12,2023-05-28,Refunded
7646,7646,Credit Card,27814.56,2025-12-06,Refunded
7647,7647,Debit Card,22278.0,2022-09-25,Success
7648,7648,Debit Card,84991.64,2023-12-25,Success
7649,7649,COD,9568.04,2023-12-26,Failed
7650,7650,Debit Card,165113.74,2022-12-20,Success
7651,7651,COD,104705.71,2024-12-16,Refunded
7652,7652,Credit Card,93975.96,2023-05-13,Success
7653,7653,UPI,18795.8,2023-02-28,Success
7654,7654,Wallet,97747.51,2023-01-04,Success
7655,7655,Net Banking,93774.59,2025-08-29,Refunded
7656,7656,COD,190259.2,2022-11-07,Success
7657,7657,Net Banking,75017.53,2022-12-10,Success
7658,7658,Net Banking,33627.62,2025-01-09,Success
7659,7659,UPI,104477.63,2022-03-17,Success
7660,7660,Credit Card,29976.76,2022-09-19,Refunded
7661,7661,UPI,40959.18,2023-08-15,Success
7662,7662,Wallet,52129.96,2025-01-15,Success
7663,7663,Net Banking,34291.56,2024-10-19,Success
7664,7664,Wallet,74631.93,2024-06-20,Failed
7665,7665,COD,38729.4,2022-03-19,Success
7666,7666,Debit Card,22371.57,2023-04-12,Success
7667,7667,UPI,9182.2,2023-11-05,Success
7668,7668,Net Banking,1241.14,2023-10-07,Success
7669,7669,Credit Card,21338.76,2025-03-10,Success
7670,7670,Credit Card,32752.92,2025-11-11,Success
7671,7671,Net Banking,172916.09,2025-10-10,Success
7672,7672,Net Banking,60628.06,2023-06-10,Success
7673,7673,Debit Card,139522.87,2025-09-03,Success
7674,7674,Wallet,143104.43,2022-10-04,Refunded
7675,7675,Wallet,13235.32,2023-01-21,Success
7676,7676,Debit Card,68705.39,2024-08-25,Success
7677,7677,Credit Card,34242.42,2024-03-11,Success
7678,7678,Debit Card,87559.83,2024-05-16,Failed
7679,7679,Debit Card,13951.79,2025-01-23,Success
7680,7680,Credit Card,117963.42,2024-06-16,Success
7681,7681,Wallet,180099.39,2024-10-15,Success
7682,7682,Net Banking,96712.24,2023-03-07,Success
7683,7683,COD,135956.62,2023-06-06,Success
7684,7684,Net Banking,14909.07,2025-12-13,Success
7685,7685,Wallet,213715.3,2024-03-11,Success
7686,7686,COD,92716.65,2022-08-11,Success
7687,7687,COD,35874.39,2024-04-24,Refunded
7688,7688,Wallet,108784.37,2022-06-25,Success
7689,7689,Debit Card,139353.21,2024-09-22,Success
7690,7690,UPI,7139.98,2024-06-14,Success
7691,7691,Credit Card,199884.55,2023-09-19,Success
7692,7692,Debit Card,102337.93,2023-05-21,Failed
7693,7693,Net Banking,76262.1,2024-01-14,Success
7694,7694,COD,11049.16,2024-01-06,Success
7695,7695,Credit Card,17885.82,2025-05-31,Success
7696,7696,Debit Card,73803.3,2025-05-01,Success
7697,7697,Wallet,78088.89,2022-03-08,Success
7698,7698,Credit Card,32703.92,2025-07-02,Failed
7699,7699,Debit Card,177870.92,2022-05-12,Failed
7700,7700,Credit Card,112237.88,2024-09-30,Refunded
7701,7701,Net Banking,10368.97,2023-02-18,Success
7702,7702,UPI,83978.24,2023-01-18,Success
7703,7703,Net Banking,112457.75,2022-04-07,Success
7704,7704,UPI,52397.9,2024-07-30,Refunded
7705,7705,Credit Card,153220.29,2024-11-24,Success
7706,7706,Debit Card,63408.64,2025-03-10,Success
7707,7707,Debit Card,48298.49,2023-05-06,Success
7708,7708,UPI,99479.06,2024-08-02,Refunded
7709,7709,Net Banking,70361.85,2023-06-16,Success
7710,7710,Debit Card,132821.72,2022-10-15,Success
7711,7711,Wallet,108279.56,2025-11-14,Failed
7712,7712,UPI,101092.15,2025-06-22,Success
7713,7713,Net Banking,81556.61,2025-03-20,Success
7714,7714,COD,82000.62,2024-05-24,Success
7715,7715,UPI,77991.08,2025-09-26,Success
7716,7716,Credit Card,64874.02,2022-12-03,Success
7717,7717,UPI,69845.38,2025-01-26,Success
7718,7718,Credit Card,93940.95,2024-10-05,Refunded
7719,7719,Debit Card,2021.42,2024-06-29,Success
7720,7720,UPI,124660.81,2025-05-25,Success
7721,7721,UPI,75564.27,2023-08-15,Success
7722,7722,COD,57045.23,2025-01-15,Success
7723,7723,COD,92761.62,2025-09-16,Refunded
7724,7724,Credit Card,158602.66,2023-11-13,Success
7725,7725,Net Banking,64294.68,2025-08-08,Success
7726,7726,UPI,144506.35,2023-10-05,Success
7727,7727,COD,122427.25,2025-03-02,Success
7728,7728,COD,74240.37,2025-04-20,Success
7729,7729,UPI,19714.85,2023-06-02,Success
7730,7730,COD,120615.33,2023-03-31,Refunded
7731,7731,Wallet,15667.04,2023-05-25,Success
7732,7732,Debit Card,247673.4,2024-05-27,Success
7733,7733,Debit Card,34490.8,2023-02-01,Success
7734,7734,COD,102810.66,2024-04-25,Success
7735,7735,Wallet,74241.04,2023-11-22,Refunded
7736,7736,UPI,96075.5,2023-06-30,Success
7737,7737,UPI,23020.0,2022-06-06,Success
7738,7738,Net Banking,122650.66,2022-01-11,Success
7739,7739,Debit Card,12910.53,2022-09-14,Success
7740,7740,Credit Card,67673.2,2024-06-06,Success
7741,7741,Net Banking,7471.44,2023-06-17,Success
7742,7742,COD,63803.97,2024-03-28,Success
7743,7743,Wallet,65578.16,2023-10-29,Success
7744,7744,Wallet,58764.78,2024-02-06,Success
7745,7745,COD,5625.49,2023-08-08,Success
7746,7746,Wallet,56620.72,2022-04-26,Failed
7747,7747,UPI,84057.75,2023-06-18,Success
7748,7748,Credit Card,142128.31,2022-04-11,Success
7749,7749,COD,20507.06,2024-09-23,Success
7750,7750,UPI,118133.39,2024-04-19,Success
7751,7751,Net Banking,69758.58,2024-05-23,Success
7752,7752,Wallet,33983.06,2024-11-19,Success
7753,7753,Wallet,68772.97,2023-05-19,Success
7754,7754,Debit Card,10162.59,2023-08-06,Success
7755,7755,Debit Card,96095.77,2025-10-18,Failed
7756,7756,COD,139655.62,2023-10-24,Refunded
7757,7757,Wallet,15018.47,2023-01-26,Success
7758,7758,UPI,46398.8,2023-11-01,Failed
7759,7759,Credit Card,15918.44,2023-08-17,Success
7760,7760,Debit Card,88632.84,2024-12-10,Success
7761,7761,COD,73440.12,2025-06-14,Success
7762,7762,Net Banking,40718.91,2023-11-13,Success
7763,7763,Net Banking,102865.17,2025-11-01,Success
7764,7764,Credit Card,17228.18,2022-05-22,Success
7765,7765,Debit Card,56735.2,2024-07-04,Success
7766,7766,UPI,133526.65,2025-05-23,Refunded
7767,7767,COD,89956.04,2022-05-24,Success
7768,7768,Credit Card,135416.79,2025-06-01,Success
7769,7769,Credit Card,133775.72,2023-02-04,Success
7770,7770,COD,131711.19,2023-09-26,Success
7771,7771,Wallet,38929.59,2025-07-19,Success
7772,7772,UPI,214188.44,2023-01-24,Failed
7773,7773,Credit Card,159699.93,2022-11-10,Success
7774,7774,Credit Card,64779.23,2025-08-24,Success
7775,7775,Debit Card,56459.13,2025-11-14,Success
7776,7776,Net Banking,61469.9,2023-11-06,Success
7777,7777,Debit Card,14596.33,2022-10-13,Success
7778,7778,UPI,68242.33,2023-03-31,Success
7779,7779,COD,58202.07,2022-09-25,Success
7780,7780,Wallet,144385.53,2022-11-08,Failed
7781,7781,UPI,38026.71,2023-05-02,Success
7782,7782,Net Banking,71107.33,2025-01-30,Success
7783,7783,Wallet,48154.91,2023-09-08,Success
7784,7784,UPI,23481.7,2025-06-25,Success
7785,7785,Debit Card,85873.46,2025-12-04,Success
7786,7786,Debit Card,14780.14,2022-01-06,Success
7787,7787,Credit Card,180039.25,2024-06-03,Success
7788,7788,UPI,35769.13,2025-09-03,Success
7789,7789,UPI,70162.61,2023-11-08,Success
7790,7790,Debit Card,68132.3,2023-12-10,Success
7791,7791,Debit Card,95438.23,2025-01-15,Refunded
7792,7792,Credit Card,197290.98,2022-04-15,Refunded
7793,7793,Wallet,45537.51,2024-11-27,Success
7794,7794,Wallet,33879.05,2025-07-14,Success
7795,7795,Debit Card,2146.9,2025-12-25,Success
7796,7796,COD,219459.55,2022-04-01,Success
7797,7797,COD,73516.31,2023-04-10,Success
7798,7798,Debit Card,38508.02,2023-04-14,Success
7799,7799,Debit Card,50599.29,2024-08-31,Success
7800,7800,Wallet,26979.44,2025-12-06,Success
7801,7801,COD,40423.01,2023-04-10,Success
7802,7802,Debit Card,16430.36,2023-12-09,Success
7803,7803,Wallet,18195.11,2025-08-29,Refunded
7804,7804,Wallet,81595.19,2025-10-09,Success
7805,7805,UPI,90111.85,2023-09-19,Refunded
7806,7806,UPI,108825.99,2024-11-24,Success
7807,7807,Wallet,34134.99,2022-12-20,Refunded
7808,7808,UPI,5199.94,2025-06-19,Success
7809,7809,Net Banking,130432.1,2025-10-19,Success
7810,7810,UPI,103132.77,2024-07-05,Success
7811,7811,COD,90640.47,2024-11-06,Success
7812,7812,Wallet,12235.16,2025-03-20,Success
7813,7813,Debit Card,32814.14,2023-07-24,Success
7814,7814,Credit Card,59973.52,2023-08-22,Failed
7815,7815,Credit Card,42858.14,2024-09-29,Success
7816,7816,UPI,166149.33,2025-04-22,Refunded
7817,7817,Credit Card,139181.14,2024-10-10,Success
7818,7818,UPI,16986.09,2023-11-24,Success
7819,7819,Debit Card,127191.45,2024-07-29,Success
7820,7820,Net Banking,4982.22,2023-08-21,Success
7821,7821,COD,113066.3,2022-05-29,Success
7822,7822,Wallet,69906.95,2024-04-29,Refunded
7823,7823,Debit Card,23201.6,2024-12-01,Success
7824,7824,Debit Card,124870.4,2023-07-02,Success
7825,7825,Credit Card,125113.2,2023-09-04,Success
7826,7826,UPI,137756.18,2024-01-29,Success
7827,7827,COD,138392.4,2025-11-28,Refunded
7828,7828,Wallet,5228.92,2023-11-06,Success
7829,7829,Wallet,33470.36,2025-05-03,Refunded
7830,7830,UPI,29527.58,2024-08-31,Success
7831,7831,UPI,8638.2,2025-04-01,Success
7832,7832,Net Banking,94417.29,2025-05-02,Success
7833,7833,UPI,66090.29,2023-11-19,Refunded
7834,7834,COD,53878.8,2022-09-07,Refunded
7835,7835,Debit Card,77555.24,2022-01-07,Success
7836,7836,Debit Card,65814.31,2025-09-09,Success
7837,7837,Net Banking,20180.79,2024-09-28,Success
7838,7838,Debit Card,64315.46,2024-09-07,Success
7839,7839,Net Banking,74900.82,2023-03-28,Refunded
7840,7840,Debit Card,95215.55,2024-08-11,Success
7841,7841,Credit Card,94590.63,2025-11-08,Success
7842,7842,Debit Card,113499.3,2024-01-31,Success
7843,7843,COD,65751.29,2024-12-01,Refunded
7844,7844,Debit Card,27772.67,2025-02-19,Success
7845,7845,Debit Card,84070.38,2023-09-16,Success
7846,7846,Credit Card,18327.06,2024-12-04,Refunded
7847,7847,Debit Card,1679.71,2023-02-14,Success
7848,7848,UPI,134877.84,2022-08-28,Success
7849,7849,Net Banking,178027.16,2022-10-29,Success
7850,7850,Wallet,24249.99,2025-01-06,Success
7851,7851,Net Banking,145450.66,2022-02-13,Success
7852,7852,Debit Card,21188.47,2025-05-14,Success
7853,7853,Credit Card,95896.87,2022-01-21,Success
7854,7854,Wallet,14408.43,2025-07-10,Failed
7855,7855,Debit Card,75467.02,2022-11-26,Refunded
7856,7856,COD,122468.72,2025-04-07,Success
7857,7857,COD,203806.4,2025-12-29,Refunded
7858,7858,Credit Card,67100.86,2022-03-14,Success
7859,7859,Wallet,254936.82,2023-03-31,Success
7860,7860,Credit Card,4018.8,2025-06-09,Success
7861,7861,Debit Card,93230.81,2025-04-16,Success
7862,7862,Credit Card,141065.41,2023-01-06,Success
7863,7863,Credit Card,69713.82,2022-08-01,Success
7864,7864,Wallet,41014.25,2023-07-22,Success
7865,7865,Wallet,108996.39,2024-05-11,Success
7866,7866,Credit Card,8033.72,2022-11-21,Refunded
7867,7867,Debit Card,60880.75,2023-06-25,Success
7868,7868,Net Banking,143487.92,2024-04-05,Success
7869,7869,Wallet,15263.88,2025-08-29,Refunded
7870,7870,COD,42524.64,2022-10-23,Success
7871,7871,UPI,62699.61,2022-03-13,Success
7872,7872,Credit Card,135618.89,2022-09-17,Success
7873,7873,UPI,104570.05,2025-12-26,Success
7874,7874,COD,979.26,2025-09-23,Success
7875,7875,Debit Card,140517.65,2025-12-20,Failed
7876,7876,Net Banking,20152.02,2022-02-28,Success
7877,7877,Debit Card,12932.52,2025-12-28,Success
7878,7878,UPI,28792.0,2023-09-07,Success
7879,7879,Net Banking,259156.0,2022-02-12,Success
7880,7880,UPI,5554.37,2022-03-18,Success
7881,7881,Net Banking,4815.72,2022-08-11,Success
7882,7882,Net Banking,20607.1,2023-08-18,Success
7883,7883,UPI,47907.89,2025-02-13,Refunded
7884,7884,Debit Card,7393.66,2024-04-01,Success
7885,7885,Debit Card,286586.64,2022-01-07,Success
7886,7886,Debit Card,107581.33,2025-08-12,Success
7887,7887,Net Banking,75944.57,2023-12-01,Success
7888,7888,Wallet,8212.95,2025-09-25,Success
7889,7889,UPI,155017.77,2023-06-23,Success
7890,7890,Net Banking,49398.01,2022-11-21,Success
7891,7891,Net Banking,95257.93,2023-03-26,Success
7892,7892,Credit Card,189995.09,2025-02-22,Refunded
7893,7893,COD,38445.01,2024-07-11,Success
7894,7894,Wallet,87457.21,2022-08-25,Success
7895,7895,Debit Card,83763.9,2024-03-19,Success
7896,7896,Wallet,82430.66,2025-01-09,Success
7897,7897,Wallet,16799.22,2022-11-23,Success
7898,7898,Net Banking,33406.84,2024-02-01,Success
7899,7899,Debit Card,26271.48,2023-08-02,Success
7900,7900,Wallet,11551.61,2025-08-02,Refunded
7901,7901,UPI,36046.66,2023-12-20,Success
7902,7902,UPI,6515.8,2024-06-23,Success
7903,7903,Credit Card,33271.35,2025-02-02,Success
7904,7904,Net Banking,132229.77,2024-11-24,Success
7905,7905,Net Banking,23301.51,2022-09-28,Refunded
7906,7906,Wallet,10099.6,2022-05-27,Success
7907,7907,Debit Card,127430.71,2024-10-15,Success
7908,7908,Debit Card,34886.29,2023-03-28,Success
7909,7909,UPI,73086.29,2023-11-09,Success
7910,7910,UPI,164359.94,2022-12-11,Success
7911,7911,Debit Card,74088.84,2022-12-02,Success
7912,7912,Wallet,115866.18,2024-12-27,Failed
7913,7913,UPI,13063.57,2023-04-12,Success
7914,7914,UPI,15145.34,2024-12-13,Refunded
7915,7915,Debit Card,15822.1,2025-01-13,Success
7916,7916,Net Banking,43891.38,2023-06-20,Success
7917,7917,Wallet,89646.24,2023-11-02,Refunded
7918,7918,UPI,99247.97,2024-09-04,Failed
7919,7919,COD,96243.75,2022-09-20,Success
7920,7920,UPI,5227.34,2025-08-06,Success
7921,7921,Credit Card,33575.92,2023-05-17,Success
7922,7922,Debit Card,10927.58,2022-11-23,Refunded
7923,7923,Credit Card,15185.15,2023-04-28,Success
7924,7924,UPI,5552.45,2023-11-22,Success
7925,7925,Debit Card,34045.84,2022-02-26,Success
7926,7926,Credit Card,77548.46,2022-03-18,Success
7927,7927,Credit Card,46059.09,2025-09-10,Refunded
7928,7928,UPI,74031.98,2024-01-29,Success
7929,7929,Wallet,56709.58,2025-07-29,Refunded
7930,7930,Debit Card,11495.49,2023-05-08,Success
7931,7931,Net Banking,56230.19,2023-02-26,Refunded
7932,7932,UPI,10513.03,2024-03-31,Success
7933,7933,Wallet,100440.07,2025-01-03,Success
7934,7934,Credit Card,59695.19,2023-04-08,Success
7935,7935,UPI,3727.84,2024-07-26,Refunded
7936,7936,COD,22632.35,2023-02-01,Success
7937,7937,COD,86015.63,2022-10-01,Failed
7938,7938,Credit Card,92287.09,2022-04-04,Success
7939,7939,Wallet,38582.83,2024-09-15,Success
7940,7940,Net Banking,29698.04,2023-08-24,Success
7941,7941,Net Banking,25268.87,2023-09-11,Success
7942,7942,UPI,131869.73,2022-05-18,Success
7943,7943,Debit Card,52188.58,2023-12-31,Success
7944,7944,Credit Card,74084.5,2025-08-09,Success
7945,7945,Wallet,7434.55,2025-01-05,Failed
7946,7946,UPI,17619.89,2023-06-26,Success
7947,7947,UPI,44619.61,2023-01-04,Success
7948,7948,COD,28562.73,2025-09-14,Success
7949,7949,UPI,79590.02,2025-01-30,Refunded
7950,7950,Wallet,6390.4,2023-01-07,Success
7951,7951,Credit Card,16556.76,2025-09-24,Success
7952,7952,Net Banking,48832.95,2025-10-28,Success
7953,7953,Net Banking,42122.07,2023-04-18,Success
7954,7954,Credit Card,104995.94,2023-02-08,Success
7955,7955,Wallet,50625.67,2025-04-04,Success
7956,7956,Wallet,86192.05,2023-03-13,Success
7957,7957,COD,181336.25,2022-06-14,Success
7958,7958,Debit Card,19118.37,2023-06-23,Success
7959,7959,Net Banking,71960.2,2022-09-05,Success
7960,7960,COD,27538.69,2022-08-26,Success
7961,7961,UPI,65154.14,2024-04-26,Success
7962,7962,COD,71879.42,2022-01-05,Refunded
7963,7963,Credit Card,24087.02,2025-07-30,Success
7964,7964,UPI,23109.9,2022-03-01,Success
7965,7965,Credit Card,136986.28,2022-08-01,Success
7966,7966,COD,43065.82,2024-11-06,Success
7967,7967,Credit Card,93779.76,2024-01-16,Success
7968,7968,Wallet,40725.83,2023-09-25,Success
7969,7969,Credit Card,98432.26,2025-02-27,Success
7970,7970,Net Banking,119958.97,2025-05-04,Success
7971,7971,Net Banking,52704.57,2024-02-02,Success
7972,7972,Wallet,21201.2,2025-12-31,Refunded
7973,7973,COD,14387.92,2025-06-10,Success
7974,7974,Wallet,41344.94,2022-08-16,Success
7975,7975,Wallet,156671.81,2025-03-26,Success
7976,7976,Wallet,113788.74,2022-09-01,Success
7977,7977,COD,16845.82,2024-02-01,Refunded
7978,7978,Wallet,60223.6,2024-06-01,Success
7979,7979,Debit Card,95392.38,2023-04-26,Success
7980,7980,Net Banking,30708.19,2022-10-10,Success
7981,7981,COD,52908.8,2023-01-22,Success
7982,7982,Wallet,16166.66,2022-11-13,Success
7983,7983,UPI,53368.37,2025-07-25,Success
7984,7984,Wallet,82369.24,2022-10-01,Failed
7985,7985,Credit Card,8082.43,2025-05-10,Success
7986,7986,Wallet,20935.67,2023-11-17,Success
7987,7987,Net Banking,64685.68,2024-06-28,Success
7988,7988,Credit Card,156489.81,2025-12-01,Success
7989,7989,Credit Card,82669.01,2024-05-18,Success
7990,7990,Debit Card,36991.29,2024-04-23,Success
7991,7991,Net Banking,72037.88,2024-11-21,Success
7992,7992,COD,156607.09,2025-05-31,Success
7993,7993,Wallet,182789.41,2025-02-21,Success
7994,7994,Debit Card,72805.81,2024-04-23,Success
7995,7995,Debit Card,11861.47,2025-10-18,Success
7996,7996,Credit Card,74661.78,2024-11-01,Success
7997,7997,UPI,3465.57,2022-11-21,Success
7998,7998,Net Banking,6476.64,2022-09-03,Success
7999,7999,UPI,148082.54,2025-01-13,Success
8000,8000,Net Banking,10981.7,2025-02-20,Success
8001,8001,Debit Card,143561.18,2024-05-15,Success
8002,8002,COD,12020.55,2023-09-07,Success
8003,8003,Net Banking,44914.4,2022-12-13,Failed
8004,8004,UPI,74613.35,2022-04-06,Success
8005,8005,COD,98818.22,2023-11-01,Success
8006,8006,Wallet,44557.48,2023-07-17,Success
8007,8007,Credit Card,25640.48,2025-01-21,Success
8008,8008,Credit Card,176778.46,2023-11-27,Success
8009,8009,Debit Card,9091.67,2024-01-05,Refunded
8010,8010,Credit Card,4475.7,2022-09-29,Success
8011,8011,COD,51492.48,2024-01-11,Refunded
8012,8012,Wallet,4351.1,2023-03-18,Success
8013,8013,COD,26871.27,2025-10-25,Failed
8014,8014,Wallet,23301.76,2022-10-15,Success
8015,8015,UPI,8888.64,2025-03-27,Success
8016,8016,Net Banking,43237.4,2025-04-18,Refunded
8017,8017,UPI,4181.43,2024-04-16,Refunded
8018,8018,Wallet,133589.01,2023-09-28,Success
8019,8019,UPI,42565.7,2024-04-06,Success
8020,8020,Net Banking,51660.21,2024-11-27,Success
8021,8021,Wallet,70952.9,2023-06-29,Success
8022,8022,UPI,35266.42,2024-10-24,Failed
8023,8023,UPI,4163.66,2023-07-09,Success
8024,8024,Credit Card,71606.32,2022-01-29,Success
8025,8025,COD,32335.21,2024-12-18,Success
8026,8026,Debit Card,45474.39,2022-02-20,Failed
8027,8027,Net Banking,204740.4,2025-06-09,Refunded
8028,8028,Credit Card,32492.68,2022-06-17,Success
8029,8029,UPI,10786.16,2022-05-23,Success
8030,8030,UPI,3744.94,2023-07-21,Success
8031,8031,Debit Card,118104.62,2022-08-08,Success
8032,8032,Net Banking,110862.58,2022-04-03,Success
8033,8033,Credit Card,226652.39,2022-05-15,Success
8034,8034,Debit Card,73854.19,2022-11-04,Success
8035,8035,Net Banking,58812.09,2026-01-01,Success
8036,8036,Wallet,23087.26,2022-09-03,Success
8037,8037,Wallet,215.61,2022-11-04,Success
8038,8038,Debit Card,67982.39,2023-04-29,Success
8039,8039,Net Banking,91725.93,2024-08-01,Refunded
8040,8040,Wallet,245479.59,2023-01-10,Success
8041,8041,Debit Card,58387.15,2023-12-26,Success
8042,8042,Wallet,113236.97,2025-04-28,Success
8043,8043,COD,56736.72,2025-09-04,Success
8044,8044,Net Banking,32775.85,2022-11-04,Success
8045,8045,Credit Card,36850.22,2023-12-10,Refunded
8046,8046,Credit Card,159675.73,2025-11-28,Success
8047,8047,UPI,87821.21,2022-03-25,Success
8048,8048,Net Banking,35642.5,2025-06-18,Success
8049,8049,Credit Card,134980.14,2024-09-23,Success
8050,8050,Debit Card,50002.46,2023-04-20,Success
8051,8051,Debit Card,260200.01,2022-12-12,Success
8052,8052,COD,31200.8,2025-05-06,Success
8053,8053,Net Banking,201582.41,2024-07-06,Success
8054,8054,COD,83694.47,2025-08-24,Success
8055,8055,Credit Card,96481.54,2024-06-11,Success
8056,8056,Debit Card,48342.94,2024-01-06,Success
8057,8057,UPI,36196.38,2025-09-12,Success
8058,8058,Debit Card,21215.59,2023-12-23,Success
8059,8059,Net Banking,15583.84,2024-07-05,Refunded
8060,8060,UPI,76400.82,2023-05-29,Refunded
8061,8061,COD,82717.57,2023-07-08,Failed
8062,8062,UPI,124634.81,2023-07-03,Success
8063,8063,UPI,12230.11,2022-03-30,Success
8064,8064,Net Banking,115270.93,2024-03-02,Success
8065,8065,Wallet,42163.85,2024-11-15,Success
8066,8066,COD,112379.48,2023-01-16,Success
8067,8067,COD,116137.38,2024-01-19,Success
8068,8068,Net Banking,14239.89,2024-03-31,Success
8069,8069,Net Banking,128375.55,2023-11-17,Success
8070,8070,UPI,103342.7,2024-01-12,Success
8071,8071,UPI,89611.7,2022-04-20,Success
8072,8072,Debit Card,12559.2,2023-01-08,Success
8073,8073,UPI,51319.22,2023-10-17,Success
8074,8074,Net Banking,36824.2,2023-03-01,Success
8075,8075,Credit Card,213812.61,2024-06-20,Success
8076,8076,COD,163914.85,2022-10-22,Success
8077,8077,Wallet,5524.58,2025-01-03,Refunded
8078,8078,COD,56192.53,2025-12-18,Success
8079,8079,COD,6475.42,2025-09-19,Success
8080,8080,Debit Card,42232.93,2022-07-11,Success
8081,8081,Net Banking,45300.26,2024-10-27,Refunded
8082,8082,Wallet,63243.47,2022-08-29,Success
8083,8083,UPI,81544.65,2025-09-19,Success
8084,8084,Net Banking,116699.67,2023-07-25,Success
8085,8085,Wallet,153919.43,2024-01-11,Success
8086,8086,Net Banking,32471.8,2024-05-20,Success
8087,8087,Credit Card,53177.23,2024-09-11,Failed
8088,8088,COD,143872.39,2025-08-26,Success
8089,8089,Debit Card,70842.74,2024-02-02,Success
8090,8090,Wallet,79187.99,2025-08-05,Success
8091,8091,Debit Card,57380.34,2022-09-03,Success
8092,8092,UPI,111039.43,2022-01-18,Success
8093,8093,UPI,14598.7,2023-10-01,Failed
8094,8094,Credit Card,104900.07,2024-10-16,Success
8095,8095,Credit Card,6593.47,2022-10-01,Success
8096,8096,Wallet,68144.29,2022-03-26,Refunded
8097,8097,Net Banking,107092.4,2025-02-01,Success
8098,8098,COD,32745.53,2025-02-12,Success
8099,8099,Net Banking,91119.14,2025-02-17,Refunded
8100,8100,Credit Card,68479.17,2023-11-04,Refunded
8101,8101,UPI,30741.87,2023-01-10,Failed
8102,8102,Credit Card,86154.12,2025-05-12,Success
8103,8103,Credit Card,1488.35,2023-08-01,Refunded
8104,8104,UPI,21471.15,2023-06-19,Success
8105,8105,Credit Card,11956.97,2025-11-28,Refunded
8106,8106,Net Banking,7479.62,2024-05-26,Refunded
8107,8107,Credit Card,57874.18,2022-01-11,Success
8108,8108,UPI,11727.7,2025-04-01,Refunded
8109,8109,Debit Card,64306.28,2023-11-25,Success
8110,8110,Net Banking,7473.33,2022-01-15,Success
8111,8111,Net Banking,9471.71,2025-11-22,Failed
8112,8112,Debit Card,12760.94,2023-02-12,Success
8113,8113,COD,90866.22,2025-12-26,Success
8114,8114,Credit Card,55906.32,2024-08-29,Refunded
8115,8115,Debit Card,110898.65,2023-10-22,Success
8116,8116,Wallet,68659.39,2022-09-21,Refunded
8117,8117,Wallet,74578.2,2022-07-19,Success
8118,8118,Debit Card,12599.41,2023-10-18,Refunded
8119,8119,UPI,15266.1,2024-08-26,Success
8120,8120,Credit Card,96276.3,2022-06-03,Refunded
8121,8121,Credit Card,141216.54,2025-03-24,Success
8122,8122,Net Banking,64141.4,2023-11-21,Success
8123,8123,Debit Card,49928.83,2022-10-01,Success
8124,8124,COD,117258.09,2023-05-15,Success
8125,8125,Wallet,5259.27,2022-05-21,Success
8126,8126,Wallet,10432.61,2025-08-18,Success
8127,8127,UPI,125271.78,2025-08-06,Failed
8128,8128,Net Banking,49566.56,2022-03-05,Refunded
8129,8129,UPI,39792.5,2024-07-16,Success
8130,8130,COD,137603.93,2024-05-31,Success
8131,8131,Net Banking,147576.1,2025-01-23,Success
8132,8132,Credit Card,24169.99,2024-05-21,Success
8133,8133,Net Banking,29623.39,2022-06-12,Refunded
8134,8134,Net Banking,17187.1,2025-06-30,Success
8135,8135,Net Banking,132115.13,2025-08-02,Success
8136,8136,Debit Card,35755.64,2025-10-21,Success
8137,8137,Wallet,107324.99,2023-11-18,Refunded
8138,8138,Debit Card,17437.72,2023-11-13,Success
8139,8139,Debit Card,78564.33,2025-12-01,Success
8140,8140,Net Banking,119427.7,2023-03-09,Success
8141,8141,Credit Card,106312.3,2022-12-15,Success
8142,8142,Debit Card,103407.79,2024-02-01,Success
8143,8143,Credit Card,88367.7,2022-10-09,Refunded
8144,8144,Net Banking,23128.51,2023-11-12,Success
8145,8145,Credit Card,14217.64,2025-03-13,Success
8146,8146,Wallet,12105.1,2025-02-24,Failed
8147,8147,UPI,72388.32,2023-03-17,Success
8148,8148,UPI,48982.68,2022-08-06,Success
8149,8149,UPI,150566.5,2023-03-26,Success
8150,8150,Credit Card,99609.33,2025-11-21,Success
8151,8151,Credit Card,80440.2,2025-12-16,Success
8152,8152,COD,31996.98,2023-10-16,Success
8153,8153,Debit Card,214166.73,2025-09-06,Refunded
8154,8154,UPI,145377.07,2025-03-28,Failed
8155,8155,Net Banking,79577.3,2023-02-14,Success
8156,8156,COD,44525.98,2022-04-03,Success
8157,8157,Net Banking,43639.49,2025-11-12,Success
8158,8158,Credit Card,13358.18,2023-08-18,Success
8159,8159,Debit Card,44420.61,2025-03-04,Refunded
8160,8160,COD,8593.46,2025-01-20,Success
8161,8161,UPI,128110.08,2024-03-25,Success
8162,8162,UPI,142583.89,2025-11-16,Success
8163,8163,Wallet,122862.0,2025-10-19,Success
8164,8164,Wallet,29287.75,2023-02-02,Success
8165,8165,Wallet,35746.8,2023-07-11,Success
8166,8166,Credit Card,69219.96,2024-11-04,Failed
8167,8167,COD,117654.26,2024-10-03,Refunded
8168,8168,UPI,183017.21,2024-07-07,Success
8169,8169,Wallet,84287.73,2023-12-31,Success
8170,8170,UPI,82029.27,2022-08-20,Success
8171,8171,Credit Card,66519.98,2023-05-03,Success
8172,8172,Net Banking,142385.23,2023-05-30,Success
8173,8173,Credit Card,27628.22,2025-06-24,Success
8174,8174,COD,70508.21,2022-03-06,Success
8175,8175,COD,25821.06,2025-10-11,Success
8176,8176,COD,48063.78,2022-08-20,Success
8177,8177,COD,94140.79,2025-12-06,Success
8178,8178,Credit Card,49797.75,2022-09-08,Success
8179,8179,Credit Card,158618.53,2025-12-02,Refunded
8180,8180,UPI,20776.61,2024-11-22,Success
8181,8181,COD,15083.08,2025-02-10,Success
8182,8182,Net Banking,2758.88,2022-09-28,Success
8183,8183,COD,53900.45,2023-11-05,Success
8184,8184,COD,60295.65,2023-02-05,Success
8185,8185,Credit Card,9033.51,2024-09-28,Success
8186,8186,Debit Card,172623.52,2022-02-06,Success
8187,8187,Debit Card,65885.96,2025-01-11,Refunded
8188,8188,Debit Card,4730.75,2025-05-23,Success
8189,8189,UPI,45633.64,2025-05-31,Success
8190,8190,UPI,29775.78,2022-05-15,Success
8191,8191,Debit Card,169788.8,2025-06-21,Success
8192,8192,UPI,57813.88,2023-09-09,Success
8193,8193,Net Banking,25617.76,2022-02-08,Success
8194,8194,COD,75692.77,2025-03-09,Success
8195,8195,COD,4972.51,2024-09-16,Refunded
8196,8196,Debit Card,123552.62,2024-10-11,Refunded
8197,8197,Credit Card,76856.44,2023-04-08,Success
8198,8198,Wallet,48378.87,2023-03-09,Refunded
8199,8199,Wallet,39503.59,2022-04-07,Success
8200,8200,UPI,138659.99,2025-09-30,Failed
8201,8201,Credit Card,59530.46,2025-05-24,Success
8202,8202,Net Banking,152305.75,2023-12-24,Success
8203,8203,Debit Card,140367.1,2023-10-20,Refunded
8204,8204,COD,29836.61,2025-02-16,Success
8205,8205,Net Banking,93825.59,2025-11-15,Success
8206,8206,COD,132835.14,2022-05-05,Success
8207,8207,UPI,55170.27,2023-09-18,Success
8208,8208,Credit Card,216637.51,2022-02-18,Refunded
8209,8209,Credit Card,102373.34,2024-12-14,Success
8210,8210,UPI,40198.56,2023-10-20,Success
8211,8211,Credit Card,4743.91,2025-11-11,Success
8212,8212,Wallet,6326.92,2024-06-13,Refunded
8213,8213,Net Banking,138709.33,2024-10-13,Success
8214,8214,Debit Card,46227.68,2023-07-15,Success
8215,8215,Debit Card,18985.42,2024-10-20,Success
8216,8216,Net Banking,18122.47,2025-10-14,Failed
8217,8217,UPI,16982.19,2025-06-22,Success
8218,8218,Debit Card,118397.65,2025-12-18,Success
8219,8219,Net Banking,6605.1,2025-06-07,Success
8220,8220,Net Banking,63010.41,2024-01-02,Success
8221,8221,Net Banking,41518.66,2024-08-26,Success
8222,8222,Net Banking,90484.87,2023-09-02,Success
8223,8223,Debit Card,28998.7,2025-01-14,Success
8224,8224,Credit Card,142086.65,2023-12-09,Success
8225,8225,Credit Card,200215.21,2025-12-22,Failed
8226,8226,COD,3247.78,2024-05-29,Success
8227,8227,UPI,39057.6,2025-02-24,Refunded
8228,8228,COD,1131.2,2023-05-28,Success
8229,8229,Credit Card,8110.39,2024-05-06,Success
8230,8230,Wallet,229568.3,2025-01-16,Success
8231,8231,Wallet,94712.52,2025-03-19,Failed
8232,8232,UPI,71042.8,2023-09-17,Success
8233,8233,Wallet,23075.88,2024-06-19,Success
8234,8234,Wallet,14193.21,2022-03-05,Success
8235,8235,Net Banking,68924.04,2023-06-01,Success
8236,8236,Credit Card,17533.69,2022-08-18,Success
8237,8237,Net Banking,524.89,2024-12-27,Success
8238,8238,Net Banking,37085.94,2024-09-22,Success
8239,8239,UPI,71289.06,2025-08-27,Success
8240,8240,Net Banking,86173.77,2023-07-04,Failed
8241,8241,Net Banking,193238.5,2025-04-28,Success
8242,8242,UPI,56192.16,2025-09-26,Success
8243,8243,UPI,38332.81,2024-12-24,Failed
8244,8244,Debit Card,69448.21,2023-09-12,Refunded
8245,8245,COD,236174.07,2023-01-23,Success
8246,8246,COD,24925.38,2025-06-16,Refunded
8247,8247,COD,152267.6,2025-02-12,Success
8248,8248,COD,41274.91,2025-04-02,Success
8249,8249,COD,60867.03,2023-05-02,Success
8250,8250,Net Banking,134323.96,2022-11-21,Success
8251,8251,Debit Card,112857.42,2025-05-03,Success
8252,8252,Credit Card,138411.11,2022-11-22,Success
8253,8253,Wallet,143027.64,2023-04-27,Failed
8254,8254,Wallet,79752.88,2022-08-03,Success
8255,8255,Debit Card,4441.96,2023-09-21,Success
8256,8256,Debit Card,72537.32,2024-09-30,Success
8257,8257,COD,82971.34,2023-09-02,Success
8258,8258,Debit Card,87633.76,2024-11-03,Success
8259,8259,Net Banking,28534.16,2022-11-23,Success
8260,8260,Debit Card,112587.68,2025-01-07,Refunded
8261,8261,Debit Card,184690.25,2023-07-14,Success
8262,8262,UPI,38994.7,2025-03-06,Success
8263,8263,Credit Card,82940.85,2022-11-04,Success
8264,8264,Credit Card,34119.27,2022-10-28,Success
8265,8265,Debit Card,14780.14,2023-03-23,Success
8266,8266,Debit Card,127004.1,2024-11-08,Refunded
8267,8267,UPI,99392.76,2025-10-08,Success
8268,8268,Wallet,105561.22,2022-05-06,Success
8269,8269,Net Banking,43585.45,2023-03-15,Success
8270,8270,COD,13842.04,2023-04-12,Success
8271,8271,Net Banking,15774.86,2023-05-30,Success
8272,8272,Credit Card,31836.88,2024-08-14,Success
8273,8273,Credit Card,111160.96,2024-06-11,Success
8274,8274,Debit Card,100643.23,2023-03-15,Success
8275,8275,Credit Card,98661.84,2025-09-29,Success
8276,8276,Wallet,112238.87,2023-07-05,Success
8277,8277,COD,28978.24,2024-12-22,Refunded
8278,8278,Wallet,49060.43,2023-07-02,Success
8279,8279,Debit Card,27314.53,2024-03-18,Success
8280,8280,Wallet,30972.54,2022-05-18,Success
8281,8281,Debit Card,82089.05,2025-03-24,Success
8282,8282,Credit Card,115091.11,2025-08-06,Success
8283,8283,COD,13374.94,2022-12-13,Success
8284,8284,Net Banking,144747.51,2023-07-22,Failed
8285,8285,Debit Card,23722.94,2025-08-31,Success
8286,8286,Debit Card,130428.99,2022-01-21,Success
8287,8287,UPI,124308.32,2026-01-02,Success
8288,8288,UPI,12029.72,2025-05-10,Success
8289,8289,Wallet,64643.91,2025-10-05,Success
8290,8290,Credit Card,42543.74,2025-10-12,Success
8291,8291,Net Banking,84129.49,2023-08-25,Refunded
8292,8292,COD,43055.97,2023-06-24,Success
8293,8293,COD,4567.81,2024-04-19,Success
8294,8294,Debit Card,8679.8,2022-06-01,Refunded
8295,8295,COD,154634.21,2023-12-26,Success
8296,8296,Credit Card,171964.63,2022-11-15,Success
8297,8297,Credit Card,86635.9,2024-02-23,Success
8298,8298,Debit Card,63271.25,2025-08-05,Success
8299,8299,Debit Card,73761.32,2024-01-31,Refunded
8300,8300,UPI,65210.46,2024-09-17,Failed
8301,8301,Credit Card,91670.74,2025-11-30,Success
8302,8302,Debit Card,100122.01,2023-12-03,Success
8303,8303,Debit Card,65675.91,2025-08-19,Success
8304,8304,Net Banking,31478.96,2024-05-21,Success
8305,8305,Debit Card,70102.11,2025-03-16,Success
8306,8306,UPI,96394.6,2022-12-11,Failed
8307,8307,COD,24756.56,2022-02-12,Success
8308,8308,COD,104215.28,2022-06-10,Success
8309,8309,COD,290057.52,2023-04-16,Success
8310,8310,Wallet,12400.45,2022-01-06,Success
8311,8311,Net Banking,103177.73,2025-03-27,Success
8312,8312,Net Banking,58705.51,2025-09-07,Success
8313,8313,Net Banking,35774.82,2025-11-07,Success
8314,8314,Debit Card,14565.92,2022-02-24,Success
8315,8315,Debit Card,137346.09,2023-12-17,Success
8316,8316,COD,22486.24,2024-01-01,Success
8317,8317,COD,2895.69,2022-09-10,Success
8318,8318,Debit Card,19129.03,2025-05-05,Refunded
8319,8319,Credit Card,26007.56,2022-04-20,Success
8320,8320,Debit Card,107761.92,2023-08-19,Success
8321,8321,Wallet,91608.45,2024-07-05,Success
8322,8322,UPI,61377.36,2024-05-23,Success
8323,8323,Wallet,112247.51,2023-06-16,Success
8324,8324,Debit Card,1089.58,2022-07-06,Success
8325,8325,Wallet,69940.25,2025-02-19,Success
8326,8326,Net Banking,137017.02,2022-05-15,Refunded
8327,8327,COD,127892.61,2024-11-01,Success
8328,8328,UPI,30308.28,2025-06-26,Success
8329,8329,COD,103812.46,2023-10-07,Failed
8330,8330,Credit Card,69933.04,2025-06-17,Success
8331,8331,COD,165924.3,2025-08-28,Refunded
8332,8332,Credit Card,103065.31,2022-02-04,Success
8333,8333,Wallet,77924.78,2022-08-05,Success
8334,8334,Net Banking,27662.03,2025-12-15,Success
8335,8335,Credit Card,194223.08,2023-12-09,Success
8336,8336,Wallet,83939.13,2022-11-25,Success
8337,8337,COD,91011.9,2023-03-31,Refunded
8338,8338,Credit Card,129302.67,2022-12-29,Success
8339,8339,Debit Card,17079.47,2024-08-09,Failed
8340,8340,UPI,20929.0,2025-03-22,Success
8341,8341,COD,34646.42,2024-01-23,Success
8342,8342,Wallet,185545.35,2024-08-17,Success
8343,8343,UPI,112428.25,2025-08-27,Success
8344,8344,UPI,32326.39,2024-08-05,Success
8345,8345,Debit Card,90790.61,2024-08-16,Success
8346,8346,Net Banking,184497.28,2025-07-24,Success
8347,8347,Wallet,81647.3,2023-10-01,Failed
8348,8348,UPI,154115.52,2024-03-21,Success
8349,8349,Net Banking,154339.68,2024-05-05,Failed
8350,8350,Wallet,99362.4,2022-01-19,Success
8351,8351,Net Banking,129972.15,2025-10-25,Success
8352,8352,Net Banking,53054.8,2025-02-25,Success
8353,8353,Debit Card,149738.32,2022-03-19,Success
8354,8354,Debit Card,99461.62,2025-04-22,Success
8355,8355,Net Banking,243379.2,2025-08-30,Success
8356,8356,Credit Card,185378.95,2022-12-13,Success
8357,8357,Credit Card,37962.75,2025-01-10,Success
8358,8358,Wallet,44925.0,2023-06-11,Success
8359,8359,COD,52083.0,2022-01-25,Success
8360,8360,COD,39556.04,2024-05-03,Success
8361,8361,COD,11216.79,2022-04-29,Success
8362,8362,UPI,77449.68,2024-02-10,Success
8363,8363,Credit Card,48966.4,2024-02-19,Success
8364,8364,COD,93386.13,2023-05-02,Success
8365,8365,COD,17091.2,2024-05-17,Success
8366,8366,Net Banking,49260.15,2025-10-29,Refunded
8367,8367,Credit Card,97691.94,2024-10-30,Success
8368,8368,Wallet,51063.05,2025-05-28,Success
8369,8369,Wallet,7100.44,2023-05-15,Success
8370,8370,UPI,15300.56,2022-01-27,Success
8371,8371,UPI,94595.71,2023-02-26,Success
8372,8372,UPI,185861.99,2025-03-14,Success
8373,8373,Credit Card,45489.2,2022-03-10,Success
8374,8374,UPI,166802.14,2024-08-09,Refunded
8375,8375,Debit Card,40287.06,2022-07-14,Success
8376,8376,UPI,62203.93,2025-09-09,Success
8377,8377,UPI,14652.3,2022-03-09,Failed
8378,8378,Credit Card,196934.27,2024-10-18,Success
8379,8379,COD,26371.97,2024-09-14,Failed
8380,8380,Credit Card,20441.34,2025-12-17,Refunded
8381,8381,Credit Card,87153.08,2022-09-05,Success
8382,8382,Credit Card,250098.29,2023-10-06,Failed
8383,8383,COD,57119.74,2025-01-20,Failed
8384,8384,Wallet,17629.63,2023-02-21,Success
8385,8385,Wallet,72298.59,2024-05-14,Success
8386,8386,Net Banking,84958.52,2025-12-12,Success
8387,8387,Wallet,86646.1,2023-02-20,Success
8388,8388,COD,59183.56,2025-05-18,Success
8389,8389,Net Banking,82873.85,2025-09-24,Success
8390,8390,COD,215064.0,2022-11-17,Success
8391,8391,UPI,49043.82,2024-07-13,Success
8392,8392,Wallet,165560.52,2025-07-03,Success
8393,8393,UPI,55393.94,2024-04-12,Success
8394,8394,UPI,62024.58,2022-08-31,Refunded
8395,8395,COD,94943.01,2023-01-05,Success
8396,8396,Wallet,100499.56,2025-04-16,Failed
8397,8397,Debit Card,114857.38,2023-03-24,Success
8398,8398,COD,16627.02,2024-07-05,Success
8399,8399,UPI,170850.29,2022-06-18,Success
8400,8400,Credit Card,34332.29,2022-08-17,Success
8401,8401,Credit Card,117887.91,2023-03-30,Refunded
8402,8402,Debit Card,95376.94,2024-09-19,Failed
8403,8403,Wallet,59396.09,2022-08-21,Success
8404,8404,Net Banking,13993.38,2023-01-30,Refunded
8405,8405,Net Banking,56454.04,2024-12-15,Success
8406,8406,UPI,101674.58,2024-08-04,Success
8407,8407,COD,22018.7,2024-04-16,Success
8408,8408,COD,54155.43,2025-11-23,Success
8409,8409,Debit Card,49900.55,2025-03-23,Success
8410,8410,Debit Card,154926.37,2023-11-05,Success
8411,8411,COD,25528.64,2022-05-05,Failed
8412,8412,COD,144352.23,2022-05-23,Success
8413,8413,Net Banking,8962.86,2022-01-22,Success
8414,8414,COD,29736.02,2023-04-13,Success
8415,8415,Wallet,67387.5,2024-09-16,Success
8416,8416,COD,5440.24,2022-04-02,Success
8417,8417,COD,90755.65,2024-12-28,Success
8418,8418,Debit Card,141983.23,2022-04-12,Success
8419,8419,Debit Card,39021.32,2024-01-29,Success
8420,8420,Net Banking,116849.16,2023-08-02,Success
8421,8421,Credit Card,121693.67,2023-10-15,Success
8422,8422,Credit Card,14213.7,2022-03-23,Success
8423,8423,Wallet,40326.98,2022-02-17,Success
8424,8424,COD,62535.5,2025-11-30,Success
8425,8425,Net Banking,2320.58,2022-09-25,Success
8426,8426,COD,46778.18,2025-01-23,Success
8427,8427,UPI,72700.82,2023-11-16,Success
8428,8428,Credit Card,124364.6,2022-12-28,Success
8429,8429,Debit Card,45168.17,2023-08-29,Success
8430,8430,Debit Card,73307.97,2025-03-05,Success
8431,8431,Debit Card,11306.0,2022-05-06,Success
8432,8432,Wallet,66887.62,2024-03-24,Success
8433,8433,Net Banking,133423.2,2022-01-21,Failed
8434,8434,Credit Card,24618.37,2024-06-04,Success
8435,8435,Net Banking,16411.46,2023-01-12,Success
8436,8436,COD,37833.6,2022-08-21,Success
8437,8437,Wallet,19893.09,2024-10-14,Refunded
8438,8438,UPI,74799.57,2022-09-11,Success
8439,8439,Debit Card,106693.8,2024-05-28,Failed
8440,8440,Net Banking,37927.59,2025-10-27,Refunded
8441,8441,UPI,256244.03,2023-03-02,Success
8442,8442,Wallet,168575.17,2022-01-07,Success
8443,8443,COD,345.74,2022-06-28,Success
8444,8444,Net Banking,92909.0,2023-02-01,Failed
8445,8445,UPI,31137.0,2024-10-02,Failed
8446,8446,UPI,122464.16,2023-11-10,Success
8447,8447,UPI,35112.34,2023-08-31,Success
8448,8448,Credit Card,76438.64,2024-06-04,Success
8449,8449,UPI,34423.36,2022-02-03,Success
8450,8450,COD,231717.34,2024-02-23,Success
8451,8451,UPI,57821.6,2023-02-02,Refunded
8452,8452,Credit Card,19471.87,2022-06-13,Success
8453,8453,COD,60210.65,2022-10-19,Success
8454,8454,Net Banking,80812.36,2025-12-26,Refunded
8455,8455,Wallet,40669.76,2023-08-07,Success
8456,8456,Debit Card,68530.0,2022-03-11,Success
8457,8457,UPI,27445.33,2023-02-23,Success
8458,8458,Credit Card,51679.75,2022-05-07,Success
8459,8459,COD,1247.6,2024-05-23,Success
8460,8460,COD,153662.81,2023-11-21,Success
8461,8461,Wallet,49865.8,2023-08-22,Success
8462,8462,Credit Card,91047.31,2025-03-17,Success
8463,8463,Credit Card,36883.71,2022-12-23,Success
8464,8464,Debit Card,135061.41,2022-01-24,Success
8465,8465,Net Banking,25933.46,2024-12-10,Success
8466,8466,Net Banking,144657.57,2022-05-13,Success
8467,8467,Wallet,52575.62,2025-06-06,Success
8468,8468,Credit Card,74651.44,2025-04-14,Success
8469,8469,COD,137289.9,2025-02-12,Success
8470,8470,Wallet,24034.45,2022-08-23,Success
8471,8471,Debit Card,131190.3,2023-03-28,Success
8472,8472,Wallet,53827.72,2022-08-23,Success
8473,8473,Net Banking,172523.7,2024-10-17,Success
8474,8474,Net Banking,56266.73,2023-10-07,Success
8475,8475,UPI,130944.76,2025-05-15,Success
8476,8476,Net Banking,22309.26,2022-07-10,Success
8477,8477,COD,50125.94,2022-06-25,Success
8478,8478,Credit Card,24157.96,2025-06-07,Success
8479,8479,Net Banking,119145.43,2024-07-09,Refunded
8480,8480,Debit Card,24725.57,2022-06-27,Success
8481,8481,COD,118231.04,2022-07-03,Success
8482,8482,Net Banking,63754.39,2024-07-15,Refunded
8483,8483,COD,15719.78,2022-11-11,Success
8484,8484,COD,14579.56,2024-04-29,Success
8485,8485,Debit Card,13182.79,2024-03-07,Success
8486,8486,Credit Card,2349.15,2024-11-03,Success
8487,8487,COD,56422.18,2025-02-16,Success
8488,8488,UPI,66431.2,2025-02-08,Success
8489,8489,UPI,103738.88,2023-08-23,Success
8490,8490,Credit Card,30887.2,2023-09-06,Refunded
8491,8491,Wallet,66201.09,2025-02-18,Success
8492,8492,COD,42629.39,2022-01-19,Refunded
8493,8493,Debit Card,230919.18,2024-04-28,Success
8494,8494,Credit Card,63582.96,2025-01-03,Success
8495,8495,Net Banking,20507.06,2023-04-20,Refunded
8496,8496,Debit Card,19907.58,2024-07-23,Success
8497,8497,Debit Card,158871.26,2025-11-10,Success
8498,8498,Net Banking,10570.88,2023-03-23,Success
8499,8499,UPI,225734.91,2022-09-15,Refunded
8500,8500,COD,79279.58,2025-11-02,Success
8501,8501,Debit Card,74996.33,2022-02-21,Success
8502,8502,Net Banking,36750.23,2025-04-03,Refunded
8503,8503,COD,112884.57,2024-09-03,Success
8504,8504,Credit Card,166104.01,2024-06-16,Success
8505,8505,Wallet,1490.54,2024-07-12,Failed
8506,8506,Debit Card,163793.4,2025-08-24,Success
8507,8507,COD,70553.38,2022-05-29,Success
8508,8508,COD,52102.22,2025-08-07,Success
8509,8509,Debit Card,86689.58,2024-02-06,Success
8510,8510,Debit Card,13235.08,2023-10-23,Success
8511,8511,Net Banking,74465.81,2023-08-25,Refunded
8512,8512,Wallet,128731.35,2024-10-14,Refunded
8513,8513,Credit Card,53683.89,2023-01-21,Success
8514,8514,COD,87950.13,2023-04-15,Success
8515,8515,Wallet,57842.98,2023-08-02,Success
8516,8516,Wallet,86091.7,2025-03-27,Refunded
8517,8517,Wallet,30023.11,2025-05-01,Success
8518,8518,COD,124260.92,2023-05-13,Success
8519,8519,UPI,99979.71,2025-01-12,Success
8520,8520,Credit Card,14749.02,2025-05-13,Success
8521,8521,Debit Card,23597.49,2022-12-12,Success
8522,8522,Debit Card,34087.01,2025-06-11,Success
8523,8523,Debit Card,27969.49,2025-10-09,Success
8524,8524,Credit Card,43386.4,2024-07-13,Failed
8525,8525,Net Banking,199291.14,2024-12-16,Success
8526,8526,COD,67470.66,2023-03-10,Success
8527,8527,Credit Card,22865.19,2023-01-11,Success
8528,8528,UPI,151833.69,2025-08-20,Success
8529,8529,Credit Card,9347.96,2024-02-21,Success
8530,8530,Wallet,23679.79,2024-09-21,Failed
8531,8531,Net Banking,49342.6,2022-06-30,Success
8532,8532,Debit Card,77239.73,2024-06-20,Failed
8533,8533,Wallet,55428.93,2024-06-04,Success
8534,8534,Debit Card,33133.51,2024-08-26,Success
8535,8535,Net Banking,49628.84,2024-11-15,Success
8536,8536,Net Banking,11042.18,2022-07-29,Success
8537,8537,UPI,50469.08,2025-09-30,Success
8538,8538,UPI,92992.37,2023-08-04,Success
8539,8539,UPI,53369.28,2024-10-04,Refunded
8540,8540,COD,14449.23,2023-12-10,Success
8541,8541,Debit Card,139787.49,2023-03-20,Success
8542,8542,Credit Card,62517.17,2024-07-20,Success
8543,8543,Debit Card,30038.56,2024-02-04,Refunded
8544,8544,Debit Card,20475.08,2025-10-21,Failed
8545,8545,COD,25252.35,2024-12-07,Success
8546,8546,COD,85061.14,2025-07-19,Success
8547,8547,UPI,10513.03,2025-01-31,Success
8548,8548,Debit Card,42204.51,2022-03-03,Success
8549,8549,UPI,57267.8,2023-08-04,Success
8550,8550,Debit Card,52856.29,2022-01-07,Success
8551,8551,Wallet,15401.14,2023-06-23,Success
8552,8552,COD,32851.82,2024-08-24,Success
8553,8553,Credit Card,23530.14,2022-05-16,Refunded
8554,8554,COD,93907.81,2024-06-29,Success
8555,8555,Net Banking,41409.43,2022-11-15,Success
8556,8556,COD,225216.2,2023-06-17,Success
8557,8557,UPI,24246.69,2024-03-31,Success
8558,8558,Debit Card,326.42,2022-10-28,Success
8559,8559,COD,101721.82,2024-06-09,Success
8560,8560,Debit Card,47931.54,2025-02-13,Success
8561,8561,Wallet,45161.15,2025-01-14,Success
8562,8562,Debit Card,179906.66,2024-01-11,Success
8563,8563,UPI,99368.69,2024-04-06,Success
8564,8564,Credit Card,71130.93,2025-04-24,Success
8565,8565,Credit Card,12044.68,2022-07-12,Success
8566,8566,Net Banking,49958.69,2024-07-03,Success
8567,8567,Net Banking,107554.15,2024-06-18,Success
8568,8568,Credit Card,217416.18,2023-07-23,Success
8569,8569,Net Banking,16937.65,2024-01-23,Success
8570,8570,Net Banking,113770.3,2025-12-24,Refunded
8571,8571,Debit Card,186795.7,2022-08-16,Success
8572,8572,Credit Card,180809.23,2023-08-27,Success
8573,8573,Credit Card,99857.73,2024-05-20,Success
8574,8574,Net Banking,114082.22,2022-05-14,Success
8575,8575,Debit Card,61867.94,2022-06-27,Failed
8576,8576,Credit Card,142724.53,2023-02-09,Success
8577,8577,Debit Card,12252.58,2024-09-07,Success
8578,8578,Credit Card,63786.5,2024-05-29,Success
8579,8579,Wallet,69831.97,2022-12-17,Success
8580,8580,COD,81174.67,2024-08-27,Success
8581,8581,Net Banking,68161.08,2024-07-16,Success
8582,8582,Debit Card,8601.57,2024-08-22,Success
8583,8583,Credit Card,115745.19,2025-01-13,Success
8584,8584,Credit Card,50113.15,2023-11-01,Failed
8585,8585,Credit Card,131343.55,2022-01-17,Failed
8586,8586,Net Banking,119686.58,2023-05-08,Success
8587,8587,UPI,60324.12,2025-03-17,Success
8588,8588,UPI,114199.67,2025-01-15,Success
8589,8589,UPI,63241.03,2024-02-03,Refunded
8590,8590,COD,207944.11,2024-10-21,Success
8591,8591,Wallet,25477.22,2023-11-14,Success
8592,8592,Debit Card,54621.61,2025-06-03,Success
8593,8593,Wallet,61361.02,2022-12-29,Failed
8594,8594,UPI,38392.65,2022-09-20,Success
8595,8595,Net Banking,76002.23,2025-03-10,Success
8596,8596,Net Banking,57693.61,2024-04-06,Refunded
8597,8597,Net Banking,38365.56,2025-11-23,Success
8598,8598,Wallet,103584.83,2024-12-30,Success
8599,8599,UPI,59098.32,2024-02-02,Success
8600,8600,Wallet,45634.45,2024-07-28,Refunded
8601,8601,Net Banking,35901.12,2025-11-28,Success
8602,8602,Net Banking,6219.65,2025-06-18,Success
8603,8603,UPI,88903.7,2023-09-13,Success
8604,8604,COD,54798.81,2024-05-10,Success
8605,8605,Debit Card,47579.46,2025-01-24,Success
8606,8606,Wallet,13518.37,2022-06-02,Refunded
8607,8607,Debit Card,15596.86,2023-01-09,Success
8608,8608,Net Banking,145844.55,2023-11-15,Success
8609,8609,Credit Card,55330.68,2023-08-21,Success
8610,8610,Wallet,27348.73,2022-02-10,Success
8611,8611,COD,22246.97,2022-09-14,Success
8612,8612,Wallet,19270.75,2024-04-11,Success
8613,8613,Net Banking,83799.73,2022-03-21,Success
8614,8614,Wallet,86966.29,2024-04-17,Success
8615,8615,Net Banking,17533.53,2025-10-07,Success
8616,8616,Net Banking,83505.71,2025-05-13,Success
8617,8617,Credit Card,78357.54,2023-11-24,Success
8618,8618,UPI,117406.31,2022-02-11,Success
8619,8619,UPI,55803.06,2025-06-03,Success
8620,8620,Net Banking,72219.73,2025-07-14,Success
8621,8621,Debit Card,50013.15,2023-12-17,Success
8622,8622,COD,62322.54,2024-01-05,Success
8623,8623,Debit Card,2070.24,2022-11-24,Refunded
8624,8624,Net Banking,10648.4,2025-05-27,Success
8625,8625,Net Banking,92575.02,2023-07-10,Success
8626,8626,Debit Card,58840.6,2022-09-09,Success
8627,8627,COD,13987.28,2022-03-01,Success
8628,8628,Credit Card,7358.56,2024-12-31,Refunded
8629,8629,Wallet,183131.97,2022-04-11,Success
8630,8630,COD,107730.74,2023-10-16,Success
8631,8631,Credit Card,67102.45,2025-12-15,Success
8632,8632,Wallet,73604.2,2022-05-21,Success
8633,8633,COD,6057.2,2022-10-24,Success
8634,8634,Net Banking,202877.18,2025-08-21,Refunded
8635,8635,Wallet,102756.14,2022-08-16,Success
8636,8636,UPI,31785.37,2022-01-13,Success
8637,8637,Net Banking,150750.04,2024-01-31,Success
8638,8638,UPI,75261.0,2022-08-25,Success
8639,8639,Credit Card,122493.93,2024-01-05,Refunded
8640,8640,COD,31790.26,2023-08-10,Success
8641,8641,Debit Card,82238.31,2024-10-06,Refunded
8642,8642,Debit Card,34640.32,2022-11-13,Success
8643,8643,UPI,33188.68,2025-07-24,Success
8644,8644,Credit Card,8745.26,2024-07-14,Refunded
8645,8645,COD,27134.03,2022-03-13,Success
8646,8646,Debit Card,89734.06,2023-09-30,Refunded
8647,8647,COD,33465.19,2022-04-08,Success
8648,8648,Debit Card,53842.7,2024-04-20,Success
8649,8649,Credit Card,6250.84,2022-12-21,Success
8650,8650,COD,63603.34,2024-01-03,Refunded
8651,8651,UPI,139883.13,2025-03-16,Failed
8652,8652,Net Banking,4265.4,2023-02-28,Success
8653,8653,Credit Card,19327.89,2024-12-14,Success
8654,8654,Wallet,88046.74,2024-06-12,Success
8655,8655,Wallet,30735.19,2025-12-02,Success
8656,8656,Wallet,121667.84,2023-09-28,Success
8657,8657,COD,24827.0,2024-09-19,Success
8658,8658,Debit Card,103966.68,2023-11-07,Success
8659,8659,Net Banking,8026.33,2022-12-10,Success
8660,8660,Debit Card,65160.09,2022-03-06,Success
8661,8661,UPI,60192.04,2025-07-21,Success
8662,8662,Debit Card,112138.82,2023-12-09,Failed
8663,8663,UPI,21537.08,2024-06-21,Success
8664,8664,COD,2905.85,2025-07-18,Failed
8665,8665,Debit Card,66201.09,2023-03-14,Success
8666,8666,Debit Card,9219.58,2025-10-10,Success
8667,8667,Debit Card,63126.73,2025-03-31,Success
8668,8668,Debit Card,52284.33,2025-09-08,Success
8669,8669,Net Banking,24312.98,2024-06-20,Success
8670,8670,COD,13407.83,2022-03-18,Success
8671,8671,Net Banking,88918.69,2025-09-30,Success
8672,8672,Net Banking,118880.99,2025-09-28,Success
8673,8673,COD,14241.54,2024-06-13,Success
8674,8674,COD,98351.48,2022-08-25,Success
8675,8675,UPI,190492.87,2023-07-30,Refunded
8676,8676,Net Banking,48410.18,2022-08-12,Success
8677,8677,Credit Card,234227.59,2023-03-03,Success
8678,8678,Net Banking,33319.35,2022-04-05,Success
8679,8679,Debit Card,110202.1,2024-03-14,Success
8680,8680,Net Banking,16231.72,2022-12-31,Success
8681,8681,COD,6290.87,2023-02-28,Success
8682,8682,Credit Card,191230.83,2025-01-19,Success
8683,8683,Debit Card,82347.48,2023-06-29,Success
8684,8684,Credit Card,33859.54,2025-01-25,Refunded
8685,8685,UPI,18578.14,2023-03-29,Success
8686,8686,Net Banking,137727.36,2024-12-24,Failed
8687,8687,Credit Card,116980.64,2024-04-16,Failed
8688,8688,Wallet,18476.31,2025-06-15,Success
8689,8689,Wallet,70507.29,2022-10-03,Success
8690,8690,COD,149039.54,2022-08-06,Success
8691,8691,UPI,40796.28,2022-04-22,Success
8692,8692,Debit Card,19391.35,2023-06-03,Success
8693,8693,Net Banking,73881.57,2025-04-12,Success
8694,8694,Net Banking,97896.89,2024-08-10,Success
8695,8695,Debit Card,110705.22,2023-08-12,Success
8696,8696,Net Banking,84983.44,2025-01-13,Failed
8697,8697,Wallet,13047.8,2022-07-06,Success
8698,8698,Net Banking,79135.65,2025-03-20,Success
8699,8699,Credit Card,76180.92,2022-09-23,Success
8700,8700,UPI,42841.96,2024-12-18,Success
8701,8701,Debit Card,13740.1,2025-12-16,Success
8702,8702,UPI,209598.31,2025-04-07,Failed
8703,8703,Credit Card,18636.13,2024-02-29,Success
8704,8704,Wallet,121848.66,2023-05-06,Success
8705,8705,COD,87695.22,2022-06-16,Success
8706,8706,Credit Card,6618.44,2024-01-27,Success
8707,8707,Credit Card,94769.55,2024-03-05,Failed
8708,8708,COD,23274.91,2025-11-02,Success
8709,8709,Wallet,153228.57,2023-03-19,Success
8710,8710,UPI,1908.29,2022-08-23,Failed
8711,8711,Wallet,70672.55,2025-05-19,Failed
8712,8712,Credit Card,21503.56,2024-07-01,Success
8713,8713,Credit Card,26977.09,2022-02-19,Success
8714,8714,Credit Card,74389.7,2024-04-11,Success
8715,8715,Credit Card,89803.07,2025-03-10,Success
8716,8716,Debit Card,173066.38,2022-02-12,Success
8717,8717,Wallet,26865.33,2023-02-16,Success
8718,8718,Net Banking,6422.47,2024-08-05,Success
8719,8719,Wallet,64710.89,2022-02-08,Success
8720,8720,UPI,67027.53,2022-05-28,Failed
8721,8721,Wallet,20077.08,2025-12-21,Success
8722,8722,Net Banking,53568.28,2025-12-24,Success
8723,8723,UPI,133876.41,2022-06-20,Success
8724,8724,Debit Card,37880.66,2023-09-09,Success
8725,8725,COD,194510.41,2025-01-24,Refunded
8726,8726,Wallet,36302.26,2023-03-25,Success
8727,8727,Wallet,53993.09,2022-10-27,Success
8728,8728,Credit Card,49386.0,2023-08-17,Success
8729,8729,UPI,48762.12,2022-05-18,Success
8730,8730,Credit Card,64516.25,2025-06-25,Refunded
8731,8731,Net Banking,39494.9,2022-08-04,Success
8732,8732,COD,148765.16,2023-09-07,Success
8733,8733,Debit Card,76144.12,2024-09-18,Success
8734,8734,Wallet,285952.0,2023-07-22,Success
8735,8735,COD,2739.39,2022-05-18,Success
8736,8736,UPI,5857.12,2025-12-01,Refunded
8737,8737,COD,171658.88,2025-12-23,Success
8738,8738,UPI,65719.95,2022-04-18,Refunded
8739,8739,Debit Card,43754.76,2022-07-26,Failed
8740,8740,UPI,19084.1,2024-03-17,Refunded
8741,8741,Credit Card,146711.91,2024-09-03,Success
8742,8742,COD,12730.88,2024-04-17,Success
8743,8743,Debit Card,73180.48,2025-11-16,Success
8744,8744,Credit Card,67303.47,2024-11-12,Success
8745,8745,Net Banking,180467.18,2022-09-02,Success
8746,8746,UPI,15588.14,2022-11-15,Success
8747,8747,Wallet,69163.39,2025-04-29,Failed
8748,8748,Credit Card,108616.28,2025-05-05,Success
8749,8749,Wallet,59178.92,2024-04-14,Success
8750,8750,Debit Card,54625.91,2025-10-23,Failed
8751,8751,Credit Card,40453.77,2022-07-17,Success
8752,8752,UPI,37240.37,2023-11-28,Success
8753,8753,Wallet,34608.68,2022-02-21,Refunded
8754,8754,COD,12820.46,2024-04-29,Success
8755,8755,Debit Card,172300.1,2025-03-02,Failed
8756,8756,UPI,136219.26,2024-10-05,Success
8757,8757,Wallet,21005.24,2025-12-15,Failed
8758,8758,Net Banking,30473.11,2022-09-25,Refunded
8759,8759,Net Banking,53725.99,2024-05-30,Success
8760,8760,UPI,25705.79,2024-08-23,Refunded
8761,8761,Net Banking,155846.93,2022-05-11,Refunded
8762,8762,COD,22501.17,2024-12-07,Failed
8763,8763,UPI,93692.64,2025-10-02,Success
8764,8764,Credit Card,7473.33,2025-08-27,Success
8765,8765,Wallet,119044.48,2024-02-25,Success
8766,8766,Credit Card,298323.07,2022-04-19,Success
8767,8767,UPI,9111.09,2022-10-26,Success
8768,8768,Net Banking,49811.48,2023-08-18,Success
8769,8769,COD,61430.37,2024-10-02,Success
8770,8770,COD,99580.63,2023-12-03,Success
8771,8771,COD,126540.27,2022-03-31,Success
8772,8772,Credit Card,28978.12,2022-01-29,Refunded
8773,8773,Wallet,40259.11,2022-03-27,Success
8774,8774,Net Banking,138590.72,2023-08-05,Success
8775,8775,COD,101604.92,2022-03-10,Success
8776,8776,COD,6319.37,2025-02-15,Success
8777,8777,Debit Card,87403.33,2022-04-05,Failed
8778,8778,Debit Card,120907.01,2022-09-05,Success
8779,8779,Net Banking,16672.53,2025-10-18,Success
8780,8780,Wallet,128909.95,2024-12-22,Success
8781,8781,Net Banking,174460.54,2023-06-27,Success
8782,8782,UPI,154637.97,2024-09-21,Failed
8783,8783,Net Banking,54607.14,2025-05-27,Success
8784,8784,Credit Card,167828.75,2022-05-06,Success
8785,8785,Credit Card,131912.7,2024-02-13,Success
8786,8786,Wallet,174333.79,2023-02-07,Success
8787,8787,COD,18514.34,2022-12-08,Failed
8788,8788,Net Banking,79344.97,2022-04-02,Success
8789,8789,Net Banking,67431.44,2023-12-22,Success
8790,8790,Debit Card,29323.19,2025-03-03,Success
8791,8791,COD,37142.2,2025-05-17,Success
8792,8792,UPI,93620.78,2025-11-05,Failed
8793,8793,Wallet,107970.31,2025-01-08,Success
8794,8794,Wallet,22727.07,2024-05-24,Success
8795,8795,Net Banking,100443.24,2022-05-26,Success
8796,8796,Net Banking,89056.01,2025-03-03,Success
8797,8797,Credit Card,87957.6,2024-10-29,Success
8798,8798,Net Banking,52994.55,2024-06-15,Success
8799,8799,Credit Card,149974.12,2022-07-12,Refunded
8800,8800,Credit Card,45982.33,2022-07-19,Success
8801,8801,COD,68920.96,2024-02-21,Success
8802,8802,Wallet,55363.99,2024-11-16,Success
8803,8803,Debit Card,23615.65,2025-02-08,Success
8804,8804,Wallet,56315.86,2024-07-16,Success
8805,8805,Debit Card,8895.77,2022-11-13,Failed
8806,8806,Net Banking,84579.4,2024-06-02,Success
8807,8807,Net Banking,119769.1,2025-08-28,Failed
8808,8808,UPI,70473.82,2023-08-21,Failed
8809,8809,COD,9839.12,2024-02-10,Success
8810,8810,Credit Card,78650.77,2025-10-09,Refunded
8811,8811,Net Banking,15478.24,2023-06-25,Success
8812,8812,Debit Card,52095.88,2024-03-22,Success
8813,8813,Debit Card,85239.84,2025-04-10,Success
8814,8814,Credit Card,117111.28,2023-05-23,Success
8815,8815,Debit Card,50356.28,2023-04-02,Failed
8816,8816,Credit Card,94812.57,2023-08-12,Success
8817,8817,COD,145712.47,2025-11-21,Success
8818,8818,Net Banking,113268.57,2022-11-28,Success
8819,8819,UPI,77735.93,2022-10-02,Success
8820,8820,COD,27293.16,2025-01-12,Success
8821,8821,Credit Card,12621.67,2023-06-26,Success
8822,8822,UPI,116512.17,2022-11-03,Refunded
8823,8823,COD,158378.8,2023-11-02,Success
8824,8824,Credit Card,136466.56,2023-02-10,Success
8825,8825,Wallet,3124.73,2022-07-01,Success
8826,8826,Net Banking,29532.77,2022-11-11,Success
8827,8827,COD,65485.91,2023-09-14,Success
8828,8828,COD,5521.62,2025-02-15,Success
8829,8829,UPI,105802.81,2023-06-04,Success
8830,8830,UPI,20452.41,2023-03-30,Success
8831,8831,UPI,15857.96,2022-05-03,Success
8832,8832,Debit Card,23871.62,2024-02-28,Success
8833,8833,Wallet,79088.14,2023-06-04,Success
8834,8834,COD,77467.42,2024-04-25,Success
8835,8835,Credit Card,126530.44,2024-05-15,Success
8836,8836,UPI,85516.4,2023-12-27,Success
8837,8837,Credit Card,57866.51,2024-02-18,Success
8838,8838,Net Banking,72755.46,2023-07-31,Success
8839,8839,Credit Card,46654.24,2023-09-28,Success
8840,8840,Debit Card,50259.87,2025-08-05,Refunded
8841,8841,Debit Card,123955.69,2023-04-24,Success
8842,8842,UPI,38038.16,2023-10-11,Success
8843,8843,Debit Card,35862.09,2023-04-29,Success
8844,8844,Wallet,16748.54,2022-08-14,Success
8845,8845,UPI,5031.14,2023-01-30,Success
8846,8846,Debit Card,26053.64,2024-03-17,Refunded
8847,8847,COD,55473.78,2023-05-23,Success
8848,8848,Debit Card,6746.5,2022-07-30,Success
8849,8849,Wallet,80800.11,2025-04-16,Success
8850,8850,COD,68647.37,2023-01-30,Success
8851,8851,COD,21480.3,2025-09-20,Success
8852,8852,Wallet,21947.9,2022-06-26,Refunded
8853,8853,COD,44507.83,2024-10-27,Failed
8854,8854,Credit Card,26470.16,2025-10-09,Success
8855,8855,Credit Card,37540.72,2022-03-26,Success
8856,8856,Debit Card,21429.07,2024-06-09,Success
8857,8857,Debit Card,54591.36,2023-12-06,Success
8858,8858,Credit Card,52250.1,2024-08-02,Success
8859,8859,UPI,8811.92,2023-01-13,Success
8860,8860,Net Banking,30981.79,2025-01-18,Success
8861,8861,UPI,265725.94,2022-02-16,Success
8862,8862,Debit Card,63465.5,2024-11-14,Success
8863,8863,Debit Card,24672.81,2022-11-24,Success
8864,8864,UPI,66837.11,2024-03-31,Failed
8865,8865,Credit Card,17986.48,2023-01-26,Success
8866,8866,Credit Card,96991.48,2024-05-28,Refunded
8867,8867,Net Banking,32476.31,2024-12-07,Success
8868,8868,UPI,28645.94,2024-01-09,Success
8869,8869,Debit Card,73481.45,2022-08-17,Refunded
8870,8870,Debit Card,60733.06,2025-06-20,Success
8871,8871,Wallet,21905.82,2025-12-06,Failed
8872,8872,COD,15930.86,2024-10-24,Success
8873,8873,COD,20199.2,2024-08-02,Refunded
8874,8874,Wallet,12732.78,2022-11-06,Success
8875,8875,COD,65048.94,2025-06-09,Success
8876,8876,Wallet,109657.3,2024-04-11,Success
8877,8877,Debit Card,58331.45,2025-10-28,Success
8878,8878,COD,131666.35,2024-09-07,Success
8879,8879,UPI,2220.54,2023-09-03,Success
8880,8880,COD,5784.32,2024-11-27,Refunded
8881,8881,Debit Card,63718.89,2025-06-10,Success
8882,8882,Net Banking,37691.98,2022-07-31,Success
8883,8883,UPI,156911.09,2022-04-04,Success
8884,8884,UPI,54199.49,2024-10-15,Success
8885,8885,COD,188643.44,2024-06-09,Failed
8886,8886,UPI,77247.52,2025-11-18,Refunded
8887,8887,UPI,31835.8,2024-01-11,Success
8888,8888,Credit Card,53503.32,2025-10-08,Success
8889,8889,Debit Card,15266.1,2023-12-27,Success
8890,8890,Wallet,178941.17,2022-02-04,Success
8891,8891,Debit Card,49163.11,2025-09-30,Success
8892,8892,UPI,71817.16,2025-08-28,Failed
8893,8893,Wallet,34822.11,2024-01-09,Refunded
8894,8894,UPI,77899.71,2022-03-13,Success
8895,8895,Debit Card,72276.22,2022-03-24,Success
8896,8896,Net Banking,111911.82,2022-06-11,Success
8897,8897,COD,91490.39,2024-03-23,Success
8898,8898,UPI,11363.04,2023-04-03,Success
8899,8899,Net Banking,140717.08,2023-12-01,Success
8900,8900,Debit Card,10756.56,2022-01-30,Success
8901,8901,Credit Card,46844.74,2024-04-11,Failed
8902,8902,UPI,97258.46,2022-12-06,Success
8903,8903,UPI,50132.05,2024-11-01,Success
8904,8904,Credit Card,60498.15,2025-10-11,Success
8905,8905,COD,58335.81,2022-06-28,Success
8906,8906,Debit Card,81010.97,2023-04-06,Refunded
8907,8907,Wallet,63002.21,2023-01-27,Failed
8908,8908,Credit Card,50773.71,2025-05-08,Success
8909,8909,Debit Card,122294.78,2025-06-26,Success
8910,8910,Credit Card,40387.17,2023-10-14,Refunded
8911,8911,Net Banking,88906.23,2025-11-21,Success
8912,8912,UPI,52928.95,2025-12-21,Success
8913,8913,UPI,9904.32,2025-03-11,Refunded
8914,8914,COD,172581.63,2025-01-19,Success
8915,8915,UPI,30751.12,2022-12-30,Success
8916,8916,UPI,50530.55,2025-03-24,Refunded
8917,8917,Credit Card,60349.05,2023-06-26,Refunded
8918,8918,Net Banking,67961.16,2024-05-04,Success
8919,8919,Debit Card,69543.91,2025-10-23,Success
8920,8920,COD,38338.54,2023-07-26,Success
8921,8921,Debit Card,40571.84,2022-04-27,Refunded
8922,8922,Credit Card,88172.78,2022-05-02,Refunded
8923,8923,Net Banking,132873.12,2025-09-27,Failed
8924,8924,COD,53127.15,2024-07-21,Success
8925,8925,UPI,148197.52,2023-07-20,Success
8926,8926,Wallet,48762.83,2022-10-02,Success
8927,8927,Net Banking,19433.37,2023-05-04,Success
8928,8928,Net Banking,75249.99,2024-12-04,Success
8929,8929,COD,85030.78,2023-07-22,Success
8930,8930,UPI,32893.94,2024-07-03,Success
8931,8931,Credit Card,177851.33,2025-09-21,Failed
8932,8932,UPI,133897.78,2023-02-21,Success
8933,8933,UPI,58199.33,2023-09-10,Failed
8934,8934,Credit Card,9651.66,2023-06-29,Failed
8935,8935,UPI,100380.81,2024-08-21,Success
8936,8936,UPI,101250.1,2023-12-15,Success
8937,8937,Debit Card,21798.99,2024-03-12,Success
8938,8938,COD,6789.62,2023-12-19,Refunded
8939,8939,COD,46019.88,2022-03-28,Success
8940,8940,Credit Card,93163.35,2022-12-28,Success
8941,8941,UPI,227967.0,2022-10-25,Success
8942,8942,Credit Card,28034.14,2022-05-31,Failed
8943,8943,UPI,163141.63,2022-12-23,Failed
8944,8944,Debit Card,678.72,2023-01-03,Success
8945,8945,Credit Card,109229.0,2022-09-23,Refunded
8946,8946,UPI,131519.74,2023-04-17,Success
8947,8947,Credit Card,67091.16,2022-08-14,Success
8948,8948,Credit Card,2856.5,2022-04-16,Success
8949,8949,UPI,128302.75,2022-08-16,Success
8950,8950,Debit Card,39100.35,2022-09-16,Success
8951,8951,Net Banking,46873.15,2023-07-25,Success
8952,8952,Credit Card,57790.14,2022-03-05,Refunded
8953,8953,Credit Card,79216.8,2026-01-01,Refunded
8954,8954,Wallet,4926.04,2025-05-26,Success
8955,8955,Debit Card,20315.41,2025-12-05,Failed
8956,8956,Wallet,8362.86,2022-07-28,Success
8957,8957,Wallet,127883.51,2024-07-14,Success
8958,8958,Debit Card,57356.01,2025-10-16,Success
8959,8959,UPI,60730.81,2023-03-11,Success
8960,8960,UPI,82788.82,2024-09-20,Success
8961,8961,Wallet,137399.57,2022-05-18,Success
8962,8962,Debit Card,75940.06,2022-03-12,Success
8963,8963,COD,142678.14,2023-09-20,Success
8964,8964,Net Banking,60183.23,2024-08-17,Success
8965,8965,Wallet,68986.56,2022-01-13,Success
8966,8966,UPI,67336.31,2022-01-21,Success
8967,8967,Credit Card,99140.46,2025-03-02,Refunded
8968,8968,Net Banking,48824.04,2023-01-07,Success
8969,8969,Wallet,14286.71,2025-12-12,Success
8970,8970,COD,44988.2,2024-08-04,Refunded
8971,8971,Net Banking,25113.26,2023-03-30,Success
8972,8972,COD,116738.02,2022-07-12,Success
8973,8973,Debit Card,151591.27,2024-10-30,Success
8974,8974,Debit Card,96807.84,2025-10-13,Success
8975,8975,COD,31541.09,2025-02-03,Success
8976,8976,UPI,157557.92,2025-12-21,Success
8977,8977,Credit Card,23997.12,2024-05-08,Failed
8978,8978,UPI,15218.3,2025-10-13,Refunded
8979,8979,Net Banking,7421.69,2025-06-24,Success
8980,8980,UPI,87469.53,2024-05-24,Success
8981,8981,Net Banking,39057.6,2023-05-18,Success
8982,8982,COD,43814.46,2024-01-27,Success
8983,8983,Wallet,157194.73,2025-10-28,Success
8984,8984,Wallet,36206.12,2023-10-27,Success
8985,8985,UPI,100342.72,2022-06-16,Failed
8986,8986,Credit Card,45633.64,2023-03-04,Success
8987,8987,Net Banking,21143.61,2023-08-12,Success
8988,8988,Net Banking,13516.85,2022-02-09,Success
8989,8989,Wallet,167684.99,2024-12-29,Success
8990,8990,Net Banking,24460.22,2023-10-23,Success
8991,8991,Debit Card,83048.89,2022-06-05,Success
8992,8992,Credit Card,8938.91,2022-06-26,Success
8993,8993,UPI,169545.65,2024-09-09,Success
8994,8994,Credit Card,47466.3,2024-07-26,Success
8995,8995,Debit Card,19350.16,2024-05-07,Success
8996,8996,Credit Card,18183.35,2025-04-11,Success
8997,8997,Wallet,67065.46,2023-02-22,Refunded
8998,8998,Wallet,144959.9,2025-12-18,Success
8999,8999,Debit Card,149356.58,2025-02-03,Success
9000,9000,Net Banking,4606.01,2022-03-10,Success
9001,9001,Credit Card,28564.17,2024-10-17,Success
9002,9002,UPI,129699.55,2025-04-06,Refunded
9003,9003,Net Banking,60731.36,2024-01-09,Success
9004,9004,Debit Card,62625.54,2025-06-03,Success
9005,9005,Net Banking,40842.9,2024-07-02,Failed
9006,9006,UPI,98574.66,2022-03-04,Success
9007,9007,Credit Card,2927.39,2023-02-11,Success
9008,9008,Debit Card,99646.88,2025-07-11,Success
9009,9009,Credit Card,144156.54,2024-01-21,Success
9010,9010,UPI,172256.48,2024-02-18,Success
9011,9011,Debit Card,118877.48,2024-04-02,Failed
9012,9012,Wallet,12299.54,2024-12-27,Refunded
9013,9013,Wallet,59868.05,2023-12-08,Success
9014,9014,UPI,134354.73,2022-10-17,Success
9015,9015,COD,4295.55,2025-02-18,Success
9016,9016,Net Banking,20474.06,2023-08-21,Success
9017,9017,UPI,23233.97,2023-03-09,Success
9018,9018,Wallet,61369.43,2022-03-29,Success
9019,9019,Credit Card,162169.96,2025-07-24,Success
9020,9020,Credit Card,39080.23,2022-10-22,Success
9021,9021,UPI,3171.12,2024-10-21,Success
9022,9022,COD,14023.04,2022-07-25,Refunded
9023,9023,UPI,93553.8,2025-04-04,Failed
9024,9024,Net Banking,55282.59,2023-04-08,Success
9025,9025,Net Banking,37302.22,2025-11-28,Success
9026,9026,Debit Card,159330.33,2024-06-27,Success
9027,9027,Net Banking,17646.43,2025-08-29,Success
9028,9028,Debit Card,14580.33,2023-10-01,Success
9029,9029,UPI,57018.76,2025-09-17,Success
9030,9030,Wallet,24957.91,2024-08-17,Refunded
9031,9031,COD,62480.98,2023-02-18,Success
9032,9032,Wallet,29308.69,2025-12-21,Success
9033,9033,Credit Card,5445.45,2022-06-29,Refunded
9034,9034,Wallet,77857.77,2022-11-08,Success
9035,9035,Wallet,32476.59,2025-12-27,Success
9036,9036,Debit Card,157795.97,2024-11-04,Success
9037,9037,Net Banking,41213.67,2023-08-01,Success
9038,9038,Net Banking,115620.85,2025-10-31,Success
9039,9039,COD,74784.68,2025-12-04,Success
9040,9040,Debit Card,12714.57,2024-02-07,Success
9041,9041,UPI,65873.07,2022-10-30,Success
9042,9042,UPI,6029.24,2022-01-04,Success
9043,9043,Wallet,29265.34,2022-10-10,Success
9044,9044,COD,3837.28,2025-11-21,Success
9045,9045,UPI,30159.7,2023-07-31,Success
9046,9046,Wallet,173626.51,2023-11-05,Success
9047,9047,COD,58685.28,2025-04-14,Success
9048,9048,COD,82797.06,2024-06-20,Success
9049,9049,UPI,63210.36,2022-03-24,Success
9050,9050,Credit Card,29269.62,2024-10-25,Success
9051,9051,UPI,78449.69,2025-05-02,Success
9052,9052,COD,87330.57,2025-06-16,Refunded
9053,9053,Credit Card,50135.89,2023-12-15,Success
9054,9054,Net Banking,83316.07,2024-04-16,Success
9055,9055,Wallet,65659.95,2022-04-13,Success
9056,9056,Debit Card,67383.28,2023-07-03,Refunded
9057,9057,UPI,58774.65,2023-02-18,Refunded
9058,9058,Debit Card,33996.91,2024-08-26,Success
9059,9059,Debit Card,101597.21,2022-08-06,Success
9060,9060,Credit Card,43157.65,2022-04-26,Refunded
9061,9061,UPI,18844.4,2022-07-17,Success
9062,9062,COD,50479.65,2023-09-30,Success
9063,9063,Credit Card,58980.12,2025-06-04,Refunded
9064,9064,Wallet,110546.9,2022-04-16,Success
9065,9065,Debit Card,71721.55,2025-03-27,Success
9066,9066,Net Banking,72750.45,2023-07-27,Refunded
9067,9067,UPI,99769.35,2022-12-01,Success
9068,9068,COD,112150.59,2025-11-05,Success
9069,9069,COD,64432.64,2023-09-22,Success
9070,9070,COD,9074.19,2022-07-07,Success
9071,9071,Wallet,151861.9,2025-08-01,Success
9072,9072,Debit Card,85199.82,2023-03-25,Success
9073,9073,COD,14934.91,2022-02-24,Success
9074,9074,Debit Card,120226.95,2023-07-13,Success
9075,9075,Wallet,109856.03,2023-02-16,Success
9076,9076,UPI,72483.31,2022-12-14,Success
9077,9077,Wallet,81921.54,2025-11-26,Success
9078,9078,Debit Card,85543.91,2024-12-09,Success
9079,9079,COD,77905.6,2024-03-06,Success
9080,9080,Net Banking,97449.2,2023-12-12,Success
9081,9081,Debit Card,56007.99,2022-08-03,Success
9082,9082,Wallet,53420.46,2025-10-07,Success
9083,9083,Net Banking,121168.98,2022-04-02,Refunded
9084,9084,Credit Card,3820.92,2022-04-09,Refunded
9085,9085,UPI,161986.48,2024-02-11,Success
9086,9086,Net Banking,97607.78,2023-05-04,Success
9087,9087,COD,104664.31,2022-09-16,Refunded
9088,9088,COD,36252.5,2023-05-06,Success
9089,9089,UPI,152489.74,2025-01-03,Success
9090,9090,Credit Card,172660.65,2024-07-08,Refunded
9091,9091,Wallet,17033.5,2022-12-16,Refunded
9092,9092,Net Banking,137051.47,2022-04-28,Success
9093,9093,Net Banking,155581.49,2025-08-20,Refunded
9094,9094,Credit Card,87540.5,2024-07-30,Success
9095,9095,COD,90503.64,2024-06-30,Refunded
9096,9096,Debit Card,148722.1,2025-05-14,Success
9097,9097,Net Banking,58122.08,2024-06-22,Refunded
9098,9098,UPI,93321.69,2024-12-09,Success
9099,9099,Net Banking,52720.95,2023-10-16,Success
9100,9100,UPI,22690.06,2022-03-25,Failed
9101,9101,COD,104781.13,2025-01-28,Success
9102,9102,Net Banking,134928.79,2024-10-01,Success
9103,9103,COD,39541.3,2024-04-26,Success
9104,9104,Credit Card,117679.45,2022-05-15,Refunded
9105,9105,Credit Card,144122.23,2024-06-09,Success
9106,9106,Credit Card,81940.83,2023-01-16,Success
9107,9107,Credit Card,55726.65,2022-06-12,Success
9108,9108,UPI,43597.02,2025-04-03,Success
9109,9109,Debit Card,157848.04,2025-11-12,Success
9110,9110,COD,66468.6,2024-07-03,Refunded
9111,9111,UPI,125918.64,2025-10-16,Success
9112,9112,COD,92000.37,2025-01-06,Success
9113,9113,Net Banking,9752.46,2022-01-24,Refunded
9114,9114,Wallet,100971.42,2024-06-21,Success
9115,9115,Credit Card,72005.38,2022-12-29,Refunded
9116,9116,UPI,87576.27,2024-04-24,Success
9117,9117,COD,88640.1,2024-12-03,Success
9118,9118,Credit Card,206315.54,2022-08-21,Success
9119,9119,UPI,11018.44,2023-03-06,Success
9120,9120,Net Banking,127564.37,2022-08-26,Failed
9121,9121,UPI,39849.68,2023-04-19,Refunded
9122,9122,COD,11935.37,2025-03-23,Failed
9123,9123,Wallet,55162.42,2024-03-03,Success
9124,9124,Debit Card,16140.57,2022-11-07,Success
9125,9125,UPI,124824.5,2023-09-13,Success
9126,9126,COD,35271.91,2025-12-27,Failed
9127,9127,UPI,907.58,2024-09-19,Success
9128,9128,Debit Card,5505.82,2023-05-07,Success
9129,9129,Net Banking,119919.7,2024-11-10,Success
9130,9130,Debit Card,71821.7,2022-05-21,Success
9131,9131,COD,90855.16,2025-03-15,Success
9132,9132,Debit Card,25952.37,2025-03-30,Refunded
9133,9133,Debit Card,147641.89,2024-04-02,Success
9134,9134,Debit Card,36232.69,2024-08-09,Success
9135,9135,Credit Card,79713.76,2025-10-20,Success
9136,9136,Net Banking,63887.73,2025-08-27,Success
9137,9137,Credit Card,21582.55,2024-10-15,Success
9138,9138,Credit Card,144585.42,2025-02-05,Success
9139,9139,Credit Card,65529.66,2025-06-07,Success
9140,9140,Credit Card,11073.3,2025-09-11,Success
9141,9141,Wallet,55500.2,2025-02-14,Success
9142,9142,Debit Card,61676.15,2024-01-22,Failed
9143,9143,Debit Card,98924.18,2024-01-23,Refunded
9144,9144,Net Banking,59399.51,2023-10-06,Success
9145,9145,Debit Card,65598.98,2022-07-23,Success
9146,9146,UPI,123780.39,2022-01-09,Success
9147,9147,UPI,57377.15,2022-03-15,Success
9148,9148,Debit Card,9033.51,2022-01-15,Success
9149,9149,Wallet,112498.62,2023-12-10,Success
9150,9150,Debit Card,10230.73,2024-09-19,Success
9151,9151,Net Banking,125133.7,2024-04-30,Refunded
9152,9152,UPI,76192.2,2024-04-26,Success
9153,9153,COD,171781.3,2022-08-12,Success
9154,9154,Credit Card,76383.39,2025-09-07,Success
9155,9155,Credit Card,95116.42,2025-07-11,Refunded
9156,9156,Net Banking,65762.76,2025-05-04,Success
9157,9157,Credit Card,21860.52,2022-03-03,Success
9158,9158,Credit Card,44246.95,2022-03-15,Failed
9159,9159,Debit Card,125999.67,2025-02-18,Refunded
9160,9160,UPI,68839.38,2022-05-07,Success
9161,9161,Wallet,14661.59,2023-08-12,Success
9162,9162,UPI,92362.84,2023-09-25,Success
9163,9163,UPI,55814.06,2024-11-26,Success
9164,9164,COD,33993.55,2022-09-23,Success
9165,9165,Debit Card,9329.14,2025-12-14,Success
9166,9166,UPI,67698.28,2025-06-12,Success
9167,9167,Credit Card,26017.44,2024-08-08,Success
9168,9168,UPI,59770.15,2025-09-09,Success
9169,9169,Wallet,12714.5,2022-01-19,Success
9170,9170,Debit Card,107833.68,2022-08-24,Refunded
9171,9171,COD,35806.11,2022-02-14,Success
9172,9172,Wallet,45137.42,2023-10-09,Success
9173,9173,UPI,17507.34,2025-02-24,Success
9174,9174,Wallet,61182.83,2023-05-01,Refunded
9175,9175,Credit Card,70631.67,2024-11-26,Success
9176,9176,Debit Card,65664.01,2023-02-18,Success
9177,9177,Net Banking,100818.6,2023-05-01,Success
9178,9178,Credit Card,56565.14,2024-02-21,Success
9179,9179,Net Banking,128896.99,2023-11-04,Success
9180,9180,Net Banking,45364.18,2023-12-08,Success
9181,9181,Wallet,104179.49,2024-11-21,Success
9182,9182,UPI,17107.71,2025-03-19,Success
9183,9183,Wallet,32538.01,2023-07-10,Success
9184,9184,Credit Card,960.03,2025-07-07,Success
9185,9185,Net Banking,25904.61,2024-12-08,Success
9186,9186,Net Banking,98376.88,2025-03-18,Success
9187,9187,UPI,84654.71,2023-06-25,Refunded
9188,9188,COD,751.13,2023-08-24,Success
9189,9189,COD,8125.01,2023-12-11,Success
9190,9190,COD,119580.71,2023-08-15,Success
9191,9191,Credit Card,13226.97,2024-05-17,Success
9192,9192,UPI,19772.62,2022-08-08,Success
9193,9193,Wallet,124797.56,2023-06-24,Success
9194,9194,Debit Card,52020.76,2023-06-20,Success
9195,9195,Credit Card,64704.68,2024-04-10,Success
9196,9196,COD,130431.56,2023-06-11,Success
9197,9197,UPI,16372.05,2025-03-10,Success
9198,9198,COD,95333.91,2025-12-22,Failed
9199,9199,Wallet,52720.89,2023-11-11,Success
9200,9200,COD,109357.75,2024-03-17,Success
9201,9201,UPI,225413.44,2023-10-09,Success
9202,9202,COD,272803.99,2024-08-17,Refunded
9203,9203,UPI,25079.93,2022-10-19,Refunded
9204,9204,Credit Card,41685.82,2025-08-06,Success
9205,9205,Net Banking,146697.69,2023-03-08,Success
9206,9206,Wallet,11290.81,2025-11-02,Failed
9207,9207,COD,28174.35,2025-12-18,Success
9208,9208,UPI,23060.55,2022-07-23,Success
9209,9209,Debit Card,11232.0,2022-02-08,Success
9210,9210,Debit Card,152985.0,2022-10-11,Success
9211,9211,UPI,92702.66,2023-05-10,Failed
9212,9212,Credit Card,11927.56,2022-09-25,Success
9213,9213,Debit Card,52447.93,2023-07-29,Success
9214,9214,Credit Card,87066.82,2024-07-14,Success
9215,9215,COD,27895.7,2022-02-28,Success
9216,9216,Net Banking,106946.52,2022-04-05,Success
9217,9217,Credit Card,134379.14,2023-06-12,Success
9218,9218,Net Banking,88960.02,2022-11-16,Success
9219,9219,Net Banking,24017.7,2022-04-19,Success
9220,9220,Wallet,120935.29,2025-09-29,Refunded
9221,9221,Net Banking,75543.46,2023-06-11,Success
9222,9222,Wallet,18804.99,2024-06-27,Failed
9223,9223,Debit Card,67704.06,2024-09-07,Refunded
9224,9224,COD,94599.4,2022-01-18,Success
9225,9225,COD,78025.14,2024-07-10,Refunded
9226,9226,Debit Card,7179.46,2024-07-20,Success
9227,9227,Wallet,154391.87,2023-07-05,Success
9228,9228,COD,18358.37,2022-01-29,Success
9229,9229,Debit Card,72547.27,2025-05-08,Success
9230,9230,Wallet,118284.81,2023-12-28,Success
9231,9231,COD,135676.94,2024-01-12,Success
9232,9232,COD,54861.96,2024-05-27,Success
9233,9233,Net Banking,95689.0,2024-08-23,Success
9234,9234,COD,112528.34,2022-09-12,Success
9235,9235,Wallet,8401.59,2025-10-02,Success
9236,9236,Debit Card,113780.89,2025-06-19,Success
9237,9237,UPI,64043.14,2023-10-20,Success
9238,9238,COD,201444.77,2025-10-27,Failed
9239,9239,Net Banking,64486.46,2022-06-17,Success
9240,9240,Wallet,3277.38,2024-09-27,Success
9241,9241,COD,190585.61,2023-11-28,Success
9242,9242,Net Banking,62231.1,2024-03-26,Success
9243,9243,Wallet,62884.1,2025-07-13,Success
9244,9244,COD,95584.48,2022-04-17,Success
9245,9245,Credit Card,173504.87,2025-11-04,Success
9246,9246,Wallet,50130.58,2022-10-08,Success
9247,9247,Wallet,148343.12,2024-04-06,Success
9248,9248,Net Banking,61765.23,2023-04-26,Success
9249,9249,Wallet,19276.48,2022-03-14,Refunded
9250,9250,Net Banking,79707.6,2025-08-31,Success
9251,9251,Debit Card,135563.08,2022-10-04,Success
9252,9252,Net Banking,33269.93,2024-03-07,Success
9253,9253,Credit Card,34096.66,2022-03-09,Success
9254,9254,Wallet,41623.12,2025-03-13,Success
9255,9255,Debit Card,147134.18,2025-12-08,Success
9256,9256,UPI,34084.68,2024-04-27,Success
9257,9257,Credit Card,42803.86,2024-07-24,Success
9258,9258,Wallet,11343.02,2024-02-19,Success
9259,9259,Net Banking,76127.7,2024-06-06,Success
9260,9260,Credit Card,47627.78,2025-06-09,Success
9261,9261,Credit Card,28323.59,2022-01-06,Refunded
9262,9262,UPI,14440.85,2024-10-19,Success
9263,9263,Net Banking,65972.01,2025-06-22,Success
9264,9264,UPI,16916.55,2025-12-11,Success
9265,9265,Debit Card,77283.23,2025-06-17,Success
9266,9266,Wallet,108251.76,2025-06-24,Success
9267,9267,Credit Card,23253.1,2022-03-26,Success
9268,9268,Debit Card,51173.69,2024-11-18,Success
9269,9269,Net Banking,67424.34,2023-04-28,Failed
9270,9270,Debit Card,54309.49,2023-01-28,Failed
9271,9271,Wallet,95906.72,2023-02-12,Success
9272,9272,Credit Card,82411.11,2025-07-08,Failed
9273,9273,Credit Card,81205.81,2024-08-13,Failed
9274,9274,COD,64449.84,2022-02-05,Success
9275,9275,Wallet,14605.01,2025-01-25,Success
9276,9276,Credit Card,19839.17,2023-03-09,Success
9277,9277,UPI,9532.46,2025-06-04,Success
9278,9278,UPI,55539.04,2024-05-05,Success
9279,9279,Debit Card,17573.65,2024-01-03,Success
9280,9280,UPI,48426.79,2024-01-19,Refunded
9281,9281,UPI,38318.61,2024-02-27,Refunded
9282,9282,Wallet,8591.33,2022-08-18,Success
9283,9283,COD,55961.58,2023-02-27,Success
9284,9284,Net Banking,67731.15,2024-10-06,Success
9285,9285,UPI,21471.15,2024-03-20,Success
9286,9286,Debit Card,28600.35,2024-01-05,Success
9287,9287,UPI,22182.81,2022-06-06,Success
9288,9288,Debit Card,46009.67,2024-01-30,Success
9289,9289,Debit Card,158572.06,2023-03-30,Success
9290,9290,UPI,21622.55,2023-10-14,Success
9291,9291,COD,112046.72,2023-04-14,Success
9292,9292,Wallet,98999.96,2022-03-31,Refunded
9293,9293,Credit Card,24784.95,2025-05-11,Success
9294,9294,COD,2530.32,2024-06-17,Success
9295,9295,Wallet,22109.45,2023-05-17,Success
9296,9296,COD,167080.93,2022-01-12,Success
9297,9297,Debit Card,31764.77,2024-12-19,Success
9298,9298,Wallet,113022.56,2022-07-05,Success
9299,9299,Net Banking,154625.38,2024-03-19,Success
9300,9300,Wallet,59932.1,2023-04-01,Success
9301,9301,UPI,17321.25,2025-02-27,Success
9302,9302,Net Banking,129079.1,2024-12-11,Success
9303,9303,COD,97528.26,2024-12-30,Success
9304,9304,Net Banking,115588.32,2023-07-04,Success
9305,9305,Credit Card,55888.83,2022-12-20,Success
9306,9306,UPI,110335.15,2022-12-09,Success
9307,9307,Credit Card,73063.1,2024-01-03,Success
9308,9308,UPI,138739.17,2023-08-08,Success
9309,9309,Net Banking,79646.67,2024-07-09,Success
9310,9310,Wallet,14559.48,2022-05-07,Refunded
9311,9311,COD,99078.8,2025-04-10,Success
9312,9312,Wallet,29096.1,2024-02-22,Success
9313,9313,Net Banking,196011.69,2022-06-22,Success
9314,9314,COD,1144.63,2025-08-09,Success
9315,9315,Debit Card,200692.15,2023-03-23,Failed
9316,9316,Net Banking,98767.82,2025-07-04,Success
9317,9317,Wallet,76326.42,2025-07-20,Success
9318,9318,Debit Card,56940.0,2024-10-02,Success
9319,9319,UPI,73008.3,2022-06-24,Success
9320,9320,UPI,126112.37,2024-11-24,Success
9321,9321,Debit Card,111422.97,2025-01-31,Success
9322,9322,Credit Card,87432.3,2022-07-15,Success
9323,9323,Debit Card,22647.7,2024-10-18,Success
9324,9324,Debit Card,122093.26,2023-01-08,Refunded
9325,9325,Credit Card,16400.76,2024-10-10,Success
9326,9326,Debit Card,51720.44,2023-11-21,Success
9327,9327,Wallet,51792.68,2024-06-18,Refunded
9328,9328,UPI,107404.46,2025-12-07,Success
9329,9329,COD,100087.43,2024-08-24,Success
9330,9330,UPI,54357.03,2022-05-12,Success
9331,9331,Debit Card,41745.26,2022-05-22,Success
9332,9332,Net Banking,60927.62,2024-11-24,Success
9333,9333,Debit Card,27002.51,2025-02-10,Success
9334,9334,Net Banking,88335.09,2023-09-20,Success
9335,9335,Credit Card,150430.52,2022-01-04,Refunded
9336,9336,Net Banking,28631.61,2022-10-02,Refunded
9337,9337,Wallet,33731.08,2023-07-14,Refunded
9338,9338,COD,23109.9,2022-01-14,Success
9339,9339,Credit Card,137002.42,2025-12-30,Failed
9340,9340,Debit Card,90963.06,2022-11-12,Success
9341,9341,Net Banking,10672.94,2022-06-18,Success
9342,9342,Credit Card,149464.08,2023-07-30,Success
9343,9343,COD,29136.52,2023-05-22,Success
9344,9344,UPI,63451.35,2022-11-02,Refunded
9345,9345,Wallet,38620.02,2023-07-16,Success
9346,9346,Wallet,24966.94,2024-08-13,Success
9347,9347,Wallet,23741.68,2025-01-22,Success
9348,9348,UPI,4862.06,2023-09-29,Success
9349,9349,Net Banking,31869.73,2022-06-14,Success
9350,9350,Credit Card,157315.09,2024-12-15,Refunded
9351,9351,Credit Card,244333.63,2024-04-22,Failed
9352,9352,UPI,16574.51,2023-11-19,Success
9353,9353,Debit Card,157538.39,2024-04-29,Refunded
9354,9354,Net Banking,70135.51,2022-02-13,Success
9355,9355,Debit Card,37997.24,2023-12-13,Success
9356,9356,UPI,115030.87,2024-10-16,Success
9357,9357,COD,81762.35,2025-08-18,Success
9358,9358,Wallet,14272.16,2025-06-05,Success
9359,9359,Net Banking,58469.83,2025-09-10,Success
9360,9360,COD,154737.7,2023-01-29,Success
9361,9361,Debit Card,74926.84,2025-08-02,Success
9362,9362,UPI,205074.99,2023-02-01,Success
9363,9363,Net Banking,23320.1,2023-02-05,Success
9364,9364,COD,91165.51,2022-04-15,Success
9365,9365,Net Banking,339084.57,2023-08-21,Success
9366,9366,UPI,135462.08,2023-03-04,Success
9367,9367,UPI,5719.88,2025-05-19,Failed
9368,9368,UPI,42079.04,2024-08-24,Success
9369,9369,Debit Card,114862.81,2023-09-10,Success
9370,9370,COD,198341.04,2024-05-08,Success
9371,9371,COD,15880.61,2025-12-24,Success
9372,9372,Debit Card,64699.34,2025-03-18,Failed
9373,9373,Credit Card,76480.04,2023-01-26,Refunded
9374,9374,Credit Card,164241.63,2022-11-02,Success
9375,9375,UPI,38276.68,2023-08-01,Success
9376,9376,COD,125879.71,2023-03-28,Success
9377,9377,UPI,106669.91,2022-08-22,Success
9378,9378,Debit Card,38032.77,2022-06-28,Success
9379,9379,Wallet,110657.03,2025-06-28,Success
9380,9380,Net Banking,184132.23,2025-07-08,Success
9381,9381,Wallet,105097.46,2024-11-06,Refunded
9382,9382,COD,22198.44,2025-04-25,Success
9383,9383,Debit Card,124151.03,2022-10-15,Success
9384,9384,COD,70050.85,2024-10-16,Success
9385,9385,UPI,189498.62,2023-09-25,Success
9386,9386,Credit Card,118569.26,2025-01-27,Success
9387,9387,Wallet,20459.25,2022-11-11,Failed
9388,9388,Debit Card,106035.19,2023-05-27,Success
9389,9389,Debit Card,29728.24,2024-11-20,Success
9390,9390,Wallet,135881.13,2025-06-06,Success
9391,9391,Wallet,13851.15,2025-01-14,Success
9392,9392,COD,42815.74,2022-12-21,Success
9393,9393,UPI,134332.57,2025-03-01,Failed
9394,9394,Wallet,45349.2,2024-12-14,Success
9395,9395,Credit Card,23728.14,2023-04-11,Success
9396,9396,COD,1290.47,2022-05-03,Refunded
9397,9397,Net Banking,97294.18,2023-04-05,Success
9398,9398,Net Banking,52502.42,2022-06-01,Success
9399,9399,COD,131509.89,2022-09-21,Success
9400,9400,Credit Card,25421.79,2025-07-20,Success
9401,9401,Debit Card,33955.92,2025-07-24,Success
9402,9402,COD,29594.95,2023-12-05,Success
9403,9403,Debit Card,95117.68,2023-10-03,Success
9404,9404,COD,292646.71,2025-08-24,Success
9405,9405,Wallet,137150.58,2023-10-22,Success
9406,9406,COD,18913.33,2024-01-22,Success
9407,9407,UPI,117140.96,2024-10-07,Refunded
9408,9408,UPI,42599.57,2023-06-14,Success
9409,9409,Wallet,172859.53,2023-06-17,Success
9410,9410,Net Banking,65745.14,2026-01-01,Success
9411,9411,Wallet,11652.29,2025-08-04,Success
9412,9412,Wallet,33549.8,2022-05-12,Success
9413,9413,COD,127179.72,2024-10-31,Success
9414,9414,UPI,87439.81,2022-08-03,Failed
9415,9415,Net Banking,3744.94,2023-02-26,Failed
9416,9416,Net Banking,111564.32,2022-04-28,Success
9417,9417,Net Banking,154222.77,2022-01-18,Success
9418,9418,Debit Card,3679.28,2024-04-12,Success
9419,9419,Credit Card,11638.44,2024-07-23,Success
9420,9420,Net Banking,114944.25,2025-10-24,Success
9421,9421,Net Banking,113522.37,2024-06-02,Success
9422,9422,Wallet,87316.04,2024-03-20,Refunded
9423,9423,COD,26360.65,2022-10-20,Success
9424,9424,Credit Card,58545.61,2023-12-07,Success
9425,9425,COD,59803.63,2023-02-13,Refunded
9426,9426,Wallet,35471.73,2025-02-11,Success
9427,9427,COD,94014.1,2023-01-06,Success
9428,9428,Debit Card,1908.93,2025-09-30,Success
9429,9429,Net Banking,115282.58,2025-10-04,Success
9430,9430,UPI,21581.88,2023-12-25,Success
9431,9431,COD,19258.99,2023-01-05,Success
9432,9432,COD,147791.64,2025-02-05,Success
9433,9433,Net Banking,41524.95,2025-03-29,Success
9434,9434,Debit Card,93294.87,2023-06-11,Success
9435,9435,Credit Card,33724.11,2025-02-23,Success
9436,9436,Wallet,17479.55,2023-02-23,Failed
9437,9437,COD,149377.68,2023-05-26,Success
9438,9438,Wallet,137285.8,2022-02-06,Success
9439,9439,UPI,36123.18,2023-06-10,Failed
9440,9440,UPI,49180.88,2024-07-10,Failed
9441,9441,Credit Card,21393.43,2024-03-19,Success
9442,9442,Debit Card,29271.45,2025-07-02,Success
9443,9443,UPI,39196.15,2022-05-15,Success
9444,9444,Debit Card,135757.31,2022-07-06,Success
9445,9445,UPI,133463.49,2024-07-06,Failed
9446,9446,Wallet,88278.91,2023-04-19,Success
9447,9447,Credit Card,121214.21,2022-12-22,Success
9448,9448,COD,9151.54,2025-09-06,Refunded
9449,9449,Wallet,159666.88,2023-11-29,Refunded
9450,9450,COD,93606.52,2025-12-09,Success
9451,9451,Debit Card,155432.58,2022-04-15,Success
9452,9452,Net Banking,168101.67,2025-08-29,Success
9453,9453,Debit Card,112465.86,2025-03-18,Refunded
9454,9454,COD,93284.65,2023-03-03,Success
9455,9455,Net Banking,129344.09,2024-10-08,Success
9456,9456,Credit Card,57741.35,2022-12-30,Success
9457,9457,Credit Card,37546.95,2023-02-09,Success
9458,9458,COD,118199.35,2022-02-24,Failed
9459,9459,UPI,159721.73,2025-04-08,Refunded
9460,9460,COD,40875.32,2023-06-10,Success
9461,9461,UPI,123031.54,2024-10-08,Failed
9462,9462,UPI,96618.77,2024-11-08,Success
9463,9463,COD,50303.3,2025-01-13,Failed
9464,9464,COD,162635.73,2024-09-13,Success
9465,9465,Net Banking,125808.96,2024-02-09,Success
9466,9466,Debit Card,51898.2,2024-10-20,Success
9467,9467,Net Banking,88814.79,2024-10-04,Success
9468,9468,Wallet,4709.44,2025-11-21,Success
9469,9469,Net Banking,33845.24,2023-08-22,Success
9470,9470,COD,27017.73,2024-11-17,Success
9471,9471,Wallet,44706.74,2022-09-01,Success
9472,9472,Wallet,22557.7,2025-07-18,Refunded
9473,9473,Wallet,33072.85,2023-12-30,Success
9474,9474,Debit Card,30518.57,2023-02-16,Success
9475,9475,COD,127124.35,2022-12-09,Success
9476,9476,UPI,17582.89,2025-07-05,Success
9477,9477,Credit Card,37516.68,2025-10-26,Success
9478,9478,UPI,36880.05,2024-12-20,Success
9479,9479,Debit Card,70126.44,2025-12-15,Success
9480,9480,COD,57676.83,2022-02-08,Success
9481,9481,Credit Card,61006.86,2023-06-04,Success
9482,9482,COD,86310.72,2025-09-08,Success
9483,9483,Credit Card,89980.77,2025-07-30,Refunded
9484,9484,Net Banking,145908.4,2022-04-21,Success
9485,9485,Net Banking,768.32,2024-10-09,Success
9486,9486,Wallet,176883.41,2025-02-24,Success
9487,9487,Net Banking,3471.92,2023-03-22,Failed
9488,9488,Net Banking,4928.69,2023-08-22,Success
9489,9489,Debit Card,51391.92,2022-04-18,Success
9490,9490,COD,279293.81,2024-12-02,Success
9491,9491,Credit Card,141208.4,2023-09-16,Success
9492,9492,Debit Card,8887.16,2025-04-26,Success
9493,9493,UPI,180070.15,2022-05-05,Success
9494,9494,COD,3928.2,2024-03-07,Success
9495,9495,Net Banking,59518.67,2025-11-22,Success
9496,9496,Debit Card,42026.55,2022-04-11,Refunded
9497,9497,Credit Card,197438.89,2024-08-21,Success
9498,9498,Net Banking,67879.69,2024-08-09,Success
9499,9499,COD,39534.88,2022-08-08,Success
9500,9500,Wallet,235610.78,2023-07-23,Success
9501,9501,Net Banking,7732.2,2023-07-16,Failed
9502,9502,COD,141406.2,2024-12-18,Success
9503,9503,UPI,19585.6,2025-05-20,Success
9504,9504,UPI,46446.4,2022-02-09,Failed
9505,9505,Wallet,94830.96,2024-01-21,Success
9506,9506,UPI,142798.04,2025-01-24,Success
9507,9507,Debit Card,89450.0,2025-04-17,Success
9508,9508,COD,37535.24,2024-04-10,Success
9509,9509,COD,99885.22,2022-04-28,Success
9510,9510,COD,45045.16,2022-08-13,Success
9511,9511,Net Banking,25767.59,2025-10-28,Success
9512,9512,COD,339.03,2024-12-01,Success
9513,9513,COD,189485.32,2023-11-06,Refunded
9514,9514,COD,48458.43,2023-12-16,Refunded
9515,9515,UPI,37079.54,2024-03-28,Success
9516,9516,Credit Card,113207.1,2023-10-20,Success
9517,9517,UPI,27735.35,2025-03-21,Success
9518,9518,Debit Card,4048.11,2025-05-15,Success
9519,9519,Credit Card,94554.2,2023-08-22,Success
9520,9520,Net Banking,62766.01,2022-06-13,Success
9521,9521,UPI,21661.28,2025-11-21,Success
9522,9522,COD,103809.99,2023-12-03,Success
9523,9523,Wallet,106658.2,2025-10-10,Success
9524,9524,Debit Card,134523.27,2023-10-27,Success
9525,9525,COD,20811.21,2024-10-19,Success
9526,9526,Credit Card,45587.4,2022-06-21,Success
9527,9527,UPI,528.72,2022-12-25,Success
9528,9528,Credit Card,16137.25,2024-11-26,Success
9529,9529,Credit Card,23727.14,2022-07-08,Success
9530,9530,Debit Card,95339.89,2025-07-03,Success
9531,9531,Net Banking,19528.8,2024-04-10,Success
9532,9532,COD,33243.47,2023-01-22,Success
9533,9533,UPI,7907.86,2025-04-20,Success
9534,9534,Credit Card,130139.78,2022-08-02,Success
9535,9535,Net Banking,50630.72,2025-05-15,Success
9536,9536,COD,39152.95,2025-07-16,Success
9537,9537,Wallet,19978.28,2023-06-27,Success
9538,9538,Debit Card,34032.95,2022-12-19,Success
9539,9539,UPI,224504.65,2025-02-21,Failed
9540,9540,Debit Card,46785.45,2023-01-23,Success
9541,9541,Credit Card,14464.91,2022-04-15,Refunded
9542,9542,COD,92288.21,2025-03-24,Success
9543,9543,UPI,83393.4,2024-08-23,Success
9544,9544,COD,22451.06,2025-02-24,Success
9545,9545,COD,33266.46,2025-04-15,Success
9546,9546,Debit Card,195412.61,2025-07-02,Success
9547,9547,Debit Card,59423.19,2023-05-13,Success
9548,9548,Net Banking,92841.24,2022-09-24,Refunded
9549,9549,Debit Card,130453.99,2022-12-14,Refunded
9550,9550,Net Banking,165166.14,2023-07-03,Success
9551,9551,Net Banking,53464.55,2023-11-28,Success
9552,9552,Wallet,69245.78,2024-09-25,Failed
9553,9553,COD,249605.49,2025-09-19,Failed
9554,9554,Credit Card,863.13,2022-08-15,Refunded
9555,9555,Wallet,95026.45,2025-11-22,Success
9556,9556,Credit Card,42557.68,2022-03-06,Refunded
9557,9557,COD,67490.72,2025-07-30,Success
9558,9558,UPI,121656.57,2024-12-13,Success
9559,9559,UPI,114062.7,2025-10-16,Failed
9560,9560,UPI,140381.84,2024-03-22,Success
9561,9561,COD,31393.49,2022-10-30,Success
9562,9562,Wallet,18119.01,2025-09-17,Success
9563,9563,UPI,95023.67,2025-03-28,Success
9564,9564,Credit Card,63873.69,2022-10-13,Success
9565,9565,Debit Card,85422.66,2025-08-20,Success
9566,9566,UPI,205712.48,2025-04-30,Success
9567,9567,Wallet,58650.05,2023-12-11,Refunded
9568,9568,Net Banking,8034.19,2024-05-10,Success
9569,9569,COD,77576.39,2025-07-26,Success
9570,9570,Debit Card,69907.85,2025-08-17,Success
9571,9571,Net Banking,57637.52,2023-04-03,Success
9572,9572,Credit Card,115230.59,2025-04-18,Success
9573,9573,Wallet,21768.34,2025-01-20,Success
9574,9574,UPI,91022.64,2025-11-23,Success
9575,9575,COD,1416.72,2023-07-16,Success
9576,9576,Credit Card,128419.6,2025-11-20,Success
9577,9577,COD,120650.24,2025-01-01,Success
9578,9578,Wallet,41620.75,2022-05-20,Success
9579,9579,COD,33647.12,2023-06-02,Refunded
9580,9580,Wallet,111668.49,2024-04-26,Success
9581,9581,Debit Card,79271.59,2022-02-22,Success
9582,9582,Credit Card,37512.07,2022-05-12,Success
9583,9583,Wallet,22523.56,2025-04-26,Success
9584,9584,Credit Card,12183.22,2022-05-02,Success
9585,9585,Net Banking,162789.13,2022-12-02,Success
9586,9586,UPI,161080.45,2022-06-17,Success
9587,9587,Credit Card,45566.59,2024-12-01,Failed
9588,9588,Net Banking,8726.1,2025-12-29,Failed
9589,9589,UPI,34689.55,2023-09-30,Success
9590,9590,Credit Card,21679.79,2022-01-09,Success
9591,9591,Credit Card,102250.12,2022-11-19,Success
9592,9592,Wallet,74789.29,2024-10-12,Success
9593,9593,UPI,22419.7,2025-07-23,Success
9594,9594,COD,34339.76,2025-09-13,Success
9595,9595,Debit Card,121231.05,2023-12-10,Success
9596,9596,Wallet,13953.38,2025-06-04,Success
9597,9597,Credit Card,190141.52,2022-03-18,Success
9598,9598,Wallet,44672.83,2022-11-11,Refunded
9599,9599,Wallet,62024.58,2025-07-06,Success
9600,9600,COD,73812.13,2024-05-03,Success
9601,9601,COD,123707.82,2022-06-25,Success
9602,9602,Wallet,67069.29,2024-07-22,Success
9603,9603,UPI,16511.91,2023-08-09,Success
9604,9604,Credit Card,18632.26,2022-02-23,Failed
9605,9605,Debit Card,748.56,2024-10-06,Refunded
9606,9606,Debit Card,9909.0,2024-02-14,Success
9607,9607,Net Banking,15859.51,2022-03-22,Success
9608,9608,Credit Card,146486.8,2025-03-17,Success
9609,9609,COD,37709.65,2022-10-02,Success
9610,9610,Net Banking,45573.69,2023-04-24,Success
9611,9611,UPI,98347.95,2023-06-23,Success
9612,9612,Credit Card,9887.14,2025-03-03,Success
9613,9613,Wallet,60187.83,2023-10-24,Success
9614,9614,Credit Card,172811.03,2024-06-19,Success
9615,9615,Credit Card,53676.22,2024-01-13,Success
9616,9616,COD,15131.34,2024-02-21,Success
9617,9617,Net Banking,63883.69,2023-10-30,Success
9618,9618,COD,110099.87,2024-12-28,Success
9619,9619,Wallet,26608.45,2025-09-30,Success
9620,9620,COD,45389.38,2025-11-27,Success
9621,9621,Debit Card,105812.71,2025-01-09,Success
9622,9622,Net Banking,27639.98,2024-06-22,Success
9623,9623,COD,92405.8,2022-02-09,Success
9624,9624,Wallet,164333.15,2025-02-18,Refunded
9625,9625,COD,50131.86,2022-12-13,Success
9626,9626,Debit Card,19921.89,2022-10-05,Refunded
9627,9627,Wallet,23777.18,2022-02-16,Success
9628,9628,COD,45896.22,2025-04-26,Success
9629,9629,Debit Card,110433.31,2023-01-05,Success
9630,9630,UPI,30980.19,2022-05-11,Refunded
9631,9631,Debit Card,30379.37,2023-01-21,Success
9632,9632,Credit Card,24103.93,2025-04-23,Success
9633,9633,Credit Card,186630.97,2025-04-19,Success
9634,9634,Credit Card,79644.33,2023-04-13,Refunded
9635,9635,Wallet,141114.28,2025-12-09,Success
9636,9636,UPI,6005.1,2025-01-13,Success
9637,9637,Wallet,26673.93,2023-06-01,Success
9638,9638,Wallet,69906.21,2024-03-31,Success
9639,9639,Wallet,60657.76,2024-10-05,Success
9640,9640,Debit Card,137130.64,2025-11-26,Success
9641,9641,Wallet,221316.26,2025-10-07,Success
9642,9642,Credit Card,35797.82,2025-01-22,Success
9643,9643,Wallet,7408.8,2024-08-27,Success
9644,9644,Wallet,78777.06,2022-08-02,Success
9645,9645,Net Banking,122131.08,2024-01-23,Success
9646,9646,Credit Card,78164.38,2022-06-04,Success
9647,9647,Credit Card,23369.9,2025-05-22,Success
9648,9648,Credit Card,3054.02,2024-05-22,Success
9649,9649,UPI,36557.52,2025-01-19,Success
9650,9650,COD,176525.88,2025-09-12,Success
9651,9651,Wallet,27753.97,2025-06-14,Success
9652,9652,Net Banking,51518.05,2023-03-14,Refunded
9653,9653,COD,1413.05,2023-06-01,Success
9654,9654,COD,83725.93,2022-05-04,Failed
9655,9655,Credit Card,18617.33,2022-03-26,Success
9656,9656,COD,92281.92,2024-12-14,Success
9657,9657,Debit Card,98546.29,2023-11-18,Success
9658,9658,COD,16066.12,2024-01-11,Success
9659,9659,COD,71036.69,2023-12-21,Success
9660,9660,Net Banking,14365.22,2023-11-27,Success
9661,9661,COD,145562.02,2025-03-06,Success
9662,9662,Credit Card,136234.55,2023-05-23,Success
9663,9663,Wallet,74876.1,2023-05-31,Success
9664,9664,Net Banking,90584.95,2024-11-13,Success
9665,9665,COD,21095.58,2023-01-24,Success
9666,9666,Wallet,18202.38,2024-07-23,Success
9667,9667,Debit Card,17173.16,2022-11-06,Refunded
9668,9668,Wallet,70908.73,2022-01-31,Success
9669,9669,Credit Card,676.02,2024-12-27,Success
9670,9670,UPI,82614.62,2023-08-06,Success
9671,9671,COD,43555.97,2025-04-15,Success
9672,9672,UPI,60019.14,2024-01-29,Success
9673,9673,Debit Card,43570.08,2023-08-11,Success
9674,9674,UPI,9991.3,2024-03-03,Success
9675,9675,Wallet,13390.32,2022-09-18,Refunded
9676,9676,Debit Card,39229.32,2023-03-23,Refunded
9677,9677,Wallet,72437.22,2023-12-25,Failed
9678,9678,Net Banking,176531.58,2022-07-15,Failed
9679,9679,Net Banking,1349.37,2024-05-23,Success
9680,9680,COD,164737.43,2025-02-04,Success
9681,9681,Debit Card,75865.11,2023-05-16,Success
9682,9682,Net Banking,56737.37,2023-09-09,Refunded
9683,9683,Wallet,27582.3,2022-09-22,Success
9684,9684,Net Banking,43838.75,2025-01-25,Success
9685,9685,Wallet,38926.85,2025-08-04,Refunded
9686,9686,Debit Card,50524.91,2023-06-21,Success
9687,9687,Wallet,129640.05,2025-12-06,Success
9688,9688,Debit Card,19636.92,2025-02-25,Success
9689,9689,Credit Card,29083.71,2024-07-14,Success
9690,9690,Net Banking,2426.89,2022-02-20,Success
9691,9691,Net Banking,48472.53,2023-11-30,Success
9692,9692,Wallet,17774.34,2024-02-23,Success
9693,9693,UPI,16503.74,2024-06-05,Refunded
9694,9694,Wallet,42978.55,2025-11-24,Success
9695,9695,UPI,47158.19,2023-02-28,Success
9696,9696,COD,53097.49,2022-08-26,Failed
9697,9697,Credit Card,53260.76,2022-12-21,Success
9698,9698,Credit Card,150979.77,2022-07-13,Success
9699,9699,Debit Card,19410.6,2025-02-16,Success
9700,9700,UPI,7746.16,2024-12-03,Failed
9701,9701,UPI,102571.55,2022-07-29,Success
9702,9702,Credit Card,90854.36,2023-09-20,Success
9703,9703,Net Banking,1841.46,2022-02-15,Success
9704,9704,Net Banking,65645.74,2022-10-31,Success
9705,9705,COD,200745.34,2023-02-26,Success
9706,9706,Debit Card,67811.72,2025-02-26,Success
9707,9707,COD,97892.99,2022-08-12,Failed
9708,9708,UPI,13469.84,2022-04-08,Success
9709,9709,Wallet,40263.72,2022-01-22,Success
9710,9710,Net Banking,59913.78,2022-09-14,Success
9711,9711,Credit Card,35534.2,2023-07-01,Success
9712,9712,COD,45876.49,2022-12-06,Success
9713,9713,Credit Card,99049.01,2023-10-19,Refunded
9714,9714,Wallet,43026.32,2023-07-01,Success
9715,9715,COD,123452.49,2024-02-24,Failed
9716,9716,Wallet,10739.5,2022-01-25,Success
9717,9717,Credit Card,96355.75,2022-11-26,Success
9718,9718,Credit Card,117234.15,2024-01-10,Success
9719,9719,UPI,67262.83,2023-01-16,Success
9720,9720,UPI,115424.8,2023-12-07,Success
9721,9721,Wallet,66568.54,2025-07-13,Success
9722,9722,Credit Card,75083.82,2022-06-23,Success
9723,9723,Credit Card,166660.79,2025-11-29,Success
9724,9724,Wallet,163963.1,2023-10-08,Failed
9725,9725,Debit Card,2553.84,2024-05-03,Failed
9726,9726,Debit Card,29274.48,2022-12-07,Success
9727,9727,Net Banking,69621.42,2024-01-23,Refunded
9728,9728,COD,32349.31,2023-05-10,Success
9729,9729,Wallet,13723.17,2024-05-31,Refunded
9730,9730,Wallet,21193.8,2022-09-14,Success
9731,9731,UPI,63761.75,2024-10-18,Success
9732,9732,Net Banking,7833.52,2023-07-08,Success
9733,9733,Credit Card,76094.14,2023-08-14,Success
9734,9734,Credit Card,61770.13,2023-06-17,Success
9735,9735,Debit Card,30212.99,2023-11-26,Success
9736,9736,Debit Card,27342.47,2023-11-14,Success
9737,9737,Wallet,10042.74,2023-01-25,Success
9738,9738,Debit Card,49368.79,2023-12-31,Success
9739,9739,COD,26416.6,2023-09-21,Refunded
9740,9740,Net Banking,46320.3,2023-08-08,Refunded
9741,9741,Net Banking,121005.28,2025-05-14,Success
9742,9742,Credit Card,43336.47,2024-04-14,Success
9743,9743,COD,32605.43,2025-01-18,Success
9744,9744,Net Banking,106682.19,2023-03-18,Refunded
9745,9745,Credit Card,84995.72,2025-10-19,Success
9746,9746,Wallet,188199.01,2024-11-16,Refunded
9747,9747,Debit Card,117782.86,2022-03-13,Success
9748,9748,Wallet,48703.25,2025-02-06,Success
9749,9749,Wallet,106422.24,2025-07-15,Success
9750,9750,Debit Card,89990.4,2022-10-29,Failed
9751,9751,Debit Card,184045.56,2025-08-29,Success
9752,9752,Credit Card,153081.0,2022-06-27,Failed
9753,9753,Debit Card,38843.84,2023-04-24,Refunded
9754,9754,Wallet,23691.79,2024-06-13,Success
9755,9755,Debit Card,13993.71,2023-10-19,Success
9756,9756,Net Banking,56113.57,2025-07-08,Refunded
9757,9757,Debit Card,80924.1,2023-05-16,Success
9758,9758,Credit Card,15899.14,2022-10-08,Success
9759,9759,UPI,92451.07,2022-12-14,Refunded
9760,9760,COD,157730.11,2025-07-29,Failed
9761,9761,Debit Card,67530.02,2022-04-13,Success
9762,9762,Wallet,64206.06,2022-08-07,Success
9763,9763,Debit Card,52652.87,2025-03-24,Success
9764,9764,Net Banking,328420.32,2024-06-08,Success
9765,9765,Wallet,103917.41,2024-03-21,Refunded
9766,9766,Credit Card,120039.42,2024-05-21,Success
9767,9767,Net Banking,530.28,2024-06-04,Success
9768,9768,COD,31167.8,2022-02-18,Failed
9769,9769,COD,67413.36,2025-04-12,Failed
9770,9770,Wallet,271394.53,2025-09-19,Success
9771,9771,Credit Card,88897.05,2022-09-06,Refunded
9772,9772,Net Banking,183111.39,2025-02-01,Success
9773,9773,COD,14849.02,2022-11-23,Success
9774,9774,Wallet,6904.93,2022-02-24,Success
9775,9775,Wallet,120776.87,2024-07-13,Success
9776,9776,Debit Card,18234.96,2025-11-29,Success
9777,9777,Debit Card,38147.15,2023-08-24,Refunded
9778,9778,Wallet,97406.03,2024-02-16,Success
9779,9779,Wallet,709.03,2024-02-05,Success
9780,9780,COD,103796.07,2023-05-27,Success
9781,9781,Credit Card,77094.05,2024-06-17,Success
9782,9782,Wallet,42204.17,2025-06-12,Success
9783,9783,Credit Card,83088.22,2023-10-23,Success
9784,9784,Credit Card,1278.35,2025-07-28,Refunded
9785,9785,UPI,127675.36,2023-06-06,Failed
9786,9786,UPI,116455.66,2025-12-27,Success
9787,9787,Debit Card,113830.07,2022-07-28,Success
9788,9788,UPI,25911.68,2024-04-02,Failed
9789,9789,UPI,49481.49,2022-09-04,Success
9790,9790,Wallet,95585.41,2022-10-29,Success
9791,9791,Net Banking,12454.04,2024-08-08,Success
9792,9792,Wallet,163463.97,2023-06-23,Success
9793,9793,Credit Card,37604.76,2025-06-27,Refunded
9794,9794,Debit Card,36210.43,2023-09-01,Success
9795,9795,Debit Card,14930.55,2022-04-04,Failed
9796,9796,Credit Card,17004.54,2025-08-18,Success
9797,9797,Debit Card,56711.38,2022-02-16,Refunded
9798,9798,Net Banking,63788.6,2023-02-17,Success
9799,9799,Debit Card,75461.7,2022-08-01,Failed
9800,9800,Debit Card,105732.73,2023-07-17,Success
9801,9801,Wallet,51068.64,2025-12-15,Success
9802,9802,Net Banking,103191.22,2022-07-27,Success
9803,9803,COD,8949.99,2023-06-21,Success
9804,9804,COD,94844.1,2025-10-28,Success
9805,9805,Net Banking,35035.23,2023-08-30,Failed
9806,9806,Credit Card,74900.44,2022-01-24,Success
9807,9807,Credit Card,6640.65,2025-04-09,Success
9808,9808,Net Banking,4389.72,2024-12-07,Failed
9809,9809,Debit Card,15795.67,2025-02-25,Success
9810,9810,Credit Card,27583.98,2025-01-29,Success
9811,9811,COD,92713.34,2024-05-18,Success
9812,9812,UPI,12025.11,2025-11-15,Success
9813,9813,Debit Card,76940.81,2025-10-08,Success
9814,9814,Credit Card,68179.51,2022-02-16,Success
9815,9815,Net Banking,7282.96,2023-11-29,Success
9816,9816,Debit Card,50514.85,2025-01-12,Success
9817,9817,Wallet,68609.5,2025-11-08,Failed
9818,9818,Debit Card,41592.54,2025-06-04,Success
9819,9819,Wallet,68073.91,2025-01-10,Refunded
9820,9820,Credit Card,129691.3,2024-12-29,Success
9821,9821,Credit Card,99799.1,2024-04-30,Success
9822,9822,COD,76553.36,2022-05-11,Success
9823,9823,Net Banking,34476.82,2025-06-06,Success
9824,9824,UPI,56275.02,2022-11-19,Refunded
9825,9825,UPI,14468.56,2025-01-31,Success
9826,9826,UPI,21839.22,2023-10-11,Refunded
9827,9827,Net Banking,161083.95,2022-08-15,Success
9828,9828,UPI,221066.74,2023-10-17,Success
9829,9829,COD,28699.0,2022-05-17,Success
9830,9830,Net Banking,16031.04,2025-05-30,Success
9831,9831,Credit Card,74494.55,2024-10-29,Success
9832,9832,Credit Card,90096.85,2022-01-20,Success
9833,9833,Wallet,58150.87,2025-12-05,Success
9834,9834,Net Banking,76237.92,2025-11-05,Success
9835,9835,Net Banking,38502.35,2023-07-17,Success
9836,9836,COD,47857.43,2022-05-17,Success
9837,9837,Wallet,138239.63,2025-06-10,Failed
9838,9838,Credit Card,114291.33,2025-12-08,Refunded
9839,9839,Credit Card,92248.49,2023-07-23,Success
9840,9840,UPI,18491.26,2024-12-11,Success
9841,9841,Wallet,152538.85,2024-06-12,Success
9842,9842,UPI,120388.8,2023-02-11,Success
9843,9843,Net Banking,102476.6,2025-02-19,Failed
9844,9844,COD,66882.26,2024-10-02,Success
9845,9845,Debit Card,159653.76,2025-08-03,Success
9846,9846,COD,61305.17,2022-11-08,Success
9847,9847,Debit Card,75540.99,2024-11-03,Success
9848,9848,UPI,93383.04,2024-09-21,Success
9849,9849,COD,38071.87,2022-04-30,Success
9850,9850,Debit Card,7358.85,2025-12-15,Success
9851,9851,Wallet,200769.28,2023-08-25,Success
9852,9852,Net Banking,78586.95,2025-09-21,Failed
9853,9853,Net Banking,34989.96,2023-08-30,Success
9854,9854,Wallet,41182.28,2024-09-15,Success
9855,9855,Debit Card,18434.06,2022-02-15,Success
9856,9856,UPI,12446.38,2024-05-13,Success
9857,9857,Debit Card,105420.46,2023-10-28,Failed
9858,9858,Credit Card,106693.8,2024-10-28,Success
9859,9859,Wallet,157584.95,2024-07-06,Success
9860,9860,Debit Card,51485.46,2023-03-24,Success
9861,9861,Credit Card,20921.02,2025-03-25,Success
9862,9862,Credit Card,117334.6,2024-11-01,Refunded
9863,9863,UPI,174736.58,2023-03-28,Refunded
9864,9864,Debit Card,130629.13,2024-11-21,Success
9865,9865,UPI,103405.47,2025-04-04,Refunded
9866,9866,UPI,11201.8,2024-03-26,Success
9867,9867,Net Banking,79074.42,2022-11-07,Success
9868,9868,Wallet,31890.78,2022-09-22,Success
9869,9869,COD,30588.84,2022-07-23,Success
9870,9870,Credit Card,35529.55,2023-03-03,Success
9871,9871,UPI,34655.63,2024-04-27,Success
9872,9872,UPI,1918.0,2024-07-03,Success
9873,9873,Credit Card,10583.31,2024-04-23,Success
9874,9874,COD,74096.88,2023-11-14,Refunded
9875,9875,Net Banking,86043.32,2022-10-01,Success
9876,9876,UPI,13940.64,2023-05-23,Success
9877,9877,Debit Card,64553.03,2024-10-17,Success
9878,9878,UPI,143933.74,2024-01-14,Refunded
9879,9879,Wallet,115751.76,2025-12-21,Success
9880,9880,Wallet,38631.86,2023-09-10,Success
9881,9881,COD,212544.83,2023-01-05,Success
9882,9882,Credit Card,20699.63,2024-08-25,Success
9883,9883,COD,90420.56,2023-03-13,Success
9884,9884,Credit Card,83014.09,2025-07-11,Success
9885,9885,Net Banking,115130.62,2024-07-04,Success
9886,9886,Credit Card,31992.88,2023-11-14,Success
9887,9887,Debit Card,12511.73,2022-10-22,Success
9888,9888,UPI,22092.82,2023-11-20,Refunded
9889,9889,UPI,8959.41,2022-10-01,Success
9890,9890,Debit Card,49464.84,2024-06-17,Success
9891,9891,UPI,72780.44,2025-09-13,Success
9892,9892,Net Banking,4358.32,2022-04-27,Success
9893,9893,Credit Card,22789.3,2024-10-26,Success
9894,9894,UPI,68264.22,2024-04-23,Success
9895,9895,Debit Card,32893.96,2022-06-01,Refunded
9896,9896,UPI,80175.77,2022-07-10,Refunded
9897,9897,COD,67864.54,2025-09-03,Success
9898,9898,Net Banking,10786.16,2022-02-13,Success
9899,9899,Credit Card,44434.47,2022-07-24,Success
9900,9900,Wallet,39732.8,2022-04-20,Success
9901,9901,Net Banking,30411.6,2025-04-30,Success
9902,9902,UPI,37990.37,2025-04-18,Success
9903,9903,Credit Card,35266.42,2025-12-08,Success
9904,9904,Debit Card,48840.89,2024-10-19,Success
9905,9905,Net Banking,16960.96,2024-06-09,Success
9906,9906,UPI,14042.2,2023-08-11,Success
9907,9907,Credit Card,70516.46,2023-08-30,Success
9908,9908,Wallet,30956.47,2025-07-18,Success
9909,9909,Net Banking,25378.42,2023-11-12,Success
9910,9910,Credit Card,40542.5,2023-02-28,Success
9911,9911,COD,237074.33,2022-06-15,Success
9912,9912,Net Banking,181236.27,2022-12-23,Success
9913,9913,COD,48926.88,2022-01-19,Success
9914,9914,UPI,36301.39,2024-11-07,Success
9915,9915,UPI,43630.52,2024-12-02,Success
9916,9916,Net Banking,83699.26,2025-10-14,Success
9917,9917,Credit Card,118182.07,2024-10-23,Success
9918,9918,COD,80250.44,2022-06-23,Success
9919,9919,Debit Card,51026.49,2023-06-17,Success
9920,9920,Debit Card,30266.27,2025-01-23,Success
9921,9921,Debit Card,55144.34,2025-03-01,Success
9922,9922,Debit Card,27981.58,2025-04-25,Failed
9923,9923,Wallet,31273.07,2024-07-18,Success
9924,9924,Wallet,2678.18,2023-06-21,Success
9925,9925,COD,164820.14,2023-03-24,Success
9926,9926,Debit Card,87556.22,2023-09-06,Refunded
9927,9927,COD,145111.72,2024-06-01,Failed
9928,9928,UPI,40125.22,2022-09-23,Failed
9929,9929,COD,75946.2,2023-12-04,Success
9930,9930,Net Banking,68907.17,2024-03-11,Success
9931,9931,Wallet,46182.0,2022-08-05,Refunded
9932,9932,COD,117895.91,2024-06-01,Success
9933,9933,Wallet,115724.79,2024-08-28,Success
9934,9934,COD,48139.15,2025-08-07,Success
9935,9935,UPI,122158.66,2023-03-26,Refunded
9936,9936,COD,42252.69,2023-02-06,Success
9937,9937,Debit Card,96027.0,2023-12-06,Refunded
9938,9938,COD,48070.59,2023-12-22,Success
9939,9939,UPI,23186.76,2025-09-03,Failed
9940,9940,Wallet,123048.33,2024-05-15,Success
9941,9941,Wallet,70201.12,2022-10-12,Failed
9942,9942,Wallet,81555.3,2023-07-07,Refunded
9943,9943,COD,65327.11,2024-12-22,Success
9944,9944,Credit Card,224691.92,2022-10-13,Success
9945,9945,Net Banking,102700.07,2025-02-05,Refunded
9946,9946,Credit Card,15738.16,2023-04-30,Success
9947,9947,UPI,12974.58,2024-04-09,Refunded
9948,9948,Wallet,19436.35,2025-11-15,Success
9949,9949,Credit Card,161097.62,2022-01-19,Success
9950,9950,Debit Card,71054.39,2025-02-21,Success
9951,9951,COD,154400.32,2024-05-31,Success
9952,9952,UPI,68426.76,2025-01-01,Success
9953,9953,UPI,26979.08,2025-11-10,Success
9954,9954,UPI,111419.83,2023-09-10,Success
9955,9955,Debit Card,51038.43,2023-09-15,Success
9956,9956,Debit Card,136388.51,2022-07-04,Refunded
9957,9957,Debit Card,68130.76,2023-10-23,Success
9958,9958,Credit Card,34878.11,2024-01-11,Success
9959,9959,Wallet,164689.33,2025-09-10,Refunded
9960,9960,UPI,102860.26,2024-03-01,Failed
9961,9961,Credit Card,217611.07,2023-08-04,Refunded
9962,9962,UPI,151638.16,2023-12-07,Success
9963,9963,Net Banking,117032.9,2023-06-27,Success
9964,9964,Net Banking,58084.23,2024-08-02,Refunded
9965,9965,UPI,34497.5,2025-01-27,Success
9966,9966,COD,40990.21,2022-04-01,Refunded
9967,9967,Credit Card,21040.56,2024-04-11,Success
9968,9968,Debit Card,5457.35,2023-02-04,Success
9969,9969,Wallet,50493.03,2022-08-30,Success
9970,9970,Credit Card,108414.58,2024-12-23,Refunded
9971,9971,Debit Card,35755.64,2024-02-04,Refunded
9972,9972,Wallet,167757.72,2023-10-05,Success
9973,9973,UPI,84915.19,2024-10-28,Success
9974,9974,Wallet,136652.77,2022-11-11,Success
9975,9975,Credit Card,115983.14,2022-04-18,Success
9976,9976,UPI,83527.57,2022-09-12,Refunded
9977,9977,UPI,106104.67,2025-04-07,Success
9978,9978,Credit Card,128981.22,2023-10-29,Refunded
9979,9979,Wallet,2366.55,2024-01-30,Failed
9980,9980,Credit Card,35063.3,2023-12-23,Success
9981,9981,Net Banking,2853.08,2022-08-22,Success
9982,9982,Credit Card,271273.88,2022-11-11,Success
9983,9983,COD,178499.11,2024-06-08,Success
9984,9984,Credit Card,96086.46,2023-08-19,Success
9985,9985,Debit Card,113077.86,2025-08-03,Success
9986,9986,Net Banking,41427.22,2025-04-09,Success
9987,9987,UPI,130491.01,2025-09-14,Success
9988,9988,Net Banking,75673.98,2025-05-23,Success
9989,9989,Net Banking,120592.75,2022-09-07,Refunded
9990,9990,Credit Card,64186.06,2025-05-11,Refunded
9991,9991,COD,69583.57,2022-11-01,Success
9992,9992,COD,30308.28,2024-11-28,Success
9993,9993,Wallet,107329.46,2024-06-16,Success
9994,9994,Wallet,97792.1,2023-04-06,Success
9995,9995,Credit Card,146038.15,2023-02-14,Success
9996,9996,COD,50022.05,2022-11-14,Success
9997,9997,COD,29421.9,2024-09-14,Success
9998,9998,Credit Card,55847.19,2023-07-08,Success
9999,9999,Debit Card,10544.7,2023-01-19,Success
10000,10000,Debit Card,163562.36,2023-01-19,Success
10001,10001,Credit Card,62684.06,2023-09-13,Failed
10002,10002,Debit Card,58628.8,2023-06-10,Failed
10003,10003,UPI,22384.86,2024-07-19,Success
10004,10004,Credit Card,118100.04,2024-06-18,Success
10005,10005,UPI,49722.25,2023-10-17,Success
10006,10006,COD,122438.73,2023-05-19,Success
10007,10007,Debit Card,23466.92,2023-07-25,Success
10008,10008,Debit Card,57248.55,2024-02-11,Success
10009,10009,Credit Card,54858.94,2024-09-24,Success
10010,10010,Net Banking,3348.2,2022-09-14,Success
10011,10011,UPI,117865.91,2023-06-16,Refunded
10012,10012,Net Banking,75750.01,2022-01-05,Success
10013,10013,Debit Card,28661.87,2025-12-28,Refunded
10014,10014,Credit Card,768.02,2022-03-08,Success
10015,10015,Credit Card,34524.65,2024-10-24,Success
10016,10016,Wallet,79414.36,2022-09-06,Success
10017,10017,COD,92817.58,2024-09-26,Refunded
10018,10018,Debit Card,22681.12,2025-07-19,Success
10019,10019,UPI,63020.0,2024-01-01,Success
10020,10020,Debit Card,117508.0,2022-10-28,Success
10021,10021,Net Banking,45025.56,2022-04-28,Success
10022,10022,UPI,76309.56,2025-01-28,Success
10023,10023,UPI,127974.94,2024-11-29,Success
10024,10024,Wallet,249.52,2022-05-11,Success
10025,10025,COD,47235.06,2023-07-17,Success
10026,10026,COD,7425.49,2023-04-28,Failed
10027,10027,Net Banking,226096.32,2022-09-25,Success
10028,10028,Debit Card,268300.44,2025-09-27,Refunded
10029,10029,Net Banking,10260.57,2023-11-15,Success
10030,10030,COD,41944.61,2025-03-25,Success
10031,10031,Debit Card,214392.3,2024-04-07,Refunded
10032,10032,Debit Card,3171.59,2022-07-27,Success
10033,10033,Net Banking,122225.99,2022-10-19,Refunded
10034,10034,Wallet,254494.8,2024-01-06,Success
10035,10035,Net Banking,108688.17,2024-08-24,Success
10036,10036,UPI,84120.96,2024-12-07,Success
10037,10037,COD,47010.27,2024-12-20,Success
10038,10038,Net Banking,79826.0,2024-05-01,Success
10039,10039,Net Banking,128828.38,2023-04-26,Success
10040,10040,Net Banking,29637.7,2024-01-13,Success
10041,10041,Wallet,42423.11,2022-01-13,Success
10042,10042,Net Banking,88966.51,2022-04-13,Success
10043,10043,Debit Card,91706.02,2022-01-04,Success
10044,10044,Net Banking,68035.32,2022-07-01,Success
10045,10045,Wallet,180620.23,2022-10-17,Success
10046,10046,UPI,12805.99,2022-07-31,Refunded
10047,10047,COD,111042.78,2022-03-02,Success
10048,10048,COD,108593.93,2025-12-09,Success
10049,10049,UPI,46122.87,2025-12-07,Success
10050,10050,UPI,152425.67,2022-11-27,Success
10051,10051,COD,86599.34,2025-11-04,Success
10052,10052,Wallet,125297.84,2022-10-21,Success
10053,10053,Credit Card,18450.18,2023-11-29,Success
10054,10054,Net Banking,7102.14,2022-04-21,Success
10055,10055,Debit Card,286076.2,2025-09-25,Success
10056,10056,UPI,1945.87,2025-11-22,Success
10057,10057,COD,140878.18,2024-01-28,Success
10058,10058,UPI,66000.59,2022-07-11,Success
10059,10059,Debit Card,19434.6,2024-11-27,Success
10060,10060,COD,120840.68,2025-08-01,Success
10061,10061,Net Banking,190316.17,2022-02-19,Success
10062,10062,Debit Card,20828.37,2022-05-11,Success
10063,10063,COD,57563.64,2024-04-05,Success
10064,10064,Net Banking,116649.8,2025-09-25,Success
10065,10065,Net Banking,102289.4,2024-02-17,Success
10066,10066,Net Banking,122395.07,2024-04-01,Success
10067,10067,COD,38250.25,2025-09-12,Success
10068,10068,Credit Card,119195.82,2024-05-19,Refunded
10069,10069,Debit Card,61367.3,2023-08-07,Success
10070,10070,Net Banking,2006.7,2025-03-05,Success
10071,10071,Debit Card,44694.55,2024-12-27,Success
10072,10072,Debit Card,84865.19,2022-03-26,Success
10073,10073,Debit Card,17437.16,2025-01-01,Refunded
10074,10074,Credit Card,171876.26,2025-12-06,Success
10075,10075,UPI,61702.48,2025-01-12,Success
10076,10076,Credit Card,116639.14,2023-05-27,Success
10077,10077,Debit Card,98383.14,2022-08-16,Success
10078,10078,Wallet,9377.16,2025-11-10,Success
10079,10079,Wallet,17836.2,2024-12-18,Refunded
10080,10080,UPI,20407.29,2023-04-07,Success
10081,10081,UPI,90259.72,2023-12-11,Success
10082,10082,Credit Card,44752.14,2022-06-30,Refunded
10083,10083,UPI,123700.71,2023-07-24,Success
10084,10084,Net Banking,33903.36,2024-08-13,Success
10085,10085,COD,33686.95,2024-12-07,Failed
10086,10086,UPI,9366.57,2024-01-11,Success
10087,10087,Credit Card,29569.86,2023-10-12,Success
10088,10088,UPI,118850.01,2024-06-17,Success
10089,10089,Credit Card,54515.28,2025-08-07,Success
10090,10090,COD,20625.3,2022-05-08,Success
10091,10091,COD,249725.97,2024-11-10,Success
10092,10092,Net Banking,82948.13,2023-03-06,Success
10093,10093,COD,34369.84,2025-05-29,Refunded
10094,10094,COD,38654.92,2025-04-12,Success
10095,10095,Net Banking,20819.34,2025-10-17,Success
10096,10096,Credit Card,142409.7,2023-08-12,Success
10097,10097,Debit Card,678.72,2024-08-22,Success
10098,10098,Credit Card,20592.25,2022-11-19,Success
10099,10099,Debit Card,39055.32,2024-10-30,Success
10100,10100,COD,53005.64,2022-07-06,Success
10101,10101,Debit Card,155095.34,2023-04-21,Success
10102,10102,Wallet,68592.5,2023-07-09,Success
10103,10103,Wallet,89294.33,2023-03-19,Success
10104,10104,Credit Card,65242.53,2022-04-23,Success
10105,10105,Credit Card,139856.42,2024-06-11,Success
10106,10106,COD,61320.36,2022-12-24,Refunded
10107,10107,Credit Card,45425.31,2025-01-26,Refunded
10108,10108,COD,5012.55,2025-03-30,Success
10109,10109,UPI,148108.04,2023-06-04,Refunded
10110,10110,Wallet,93688.42,2023-06-11,Success
10111,10111,Debit Card,48986.73,2024-05-27,Success
10112,10112,Debit Card,36354.66,2023-10-27,Success
10113,10113,Debit Card,32880.01,2025-07-21,Success
10114,10114,Wallet,131066.31,2024-03-26,Refunded
10115,10115,Debit Card,42983.35,2024-05-13,Success
10116,10116,Debit Card,37428.59,2025-01-21,Refunded
10117,10117,Credit Card,176576.28,2025-07-12,Refunded
10118,10118,Credit Card,110638.34,2025-11-09,Success
10119,10119,Credit Card,90476.79,2025-12-31,Success
10120,10120,Debit Card,99651.44,2025-01-15,Success
10121,10121,Net Banking,11194.49,2025-11-15,Success
10122,10122,Credit Card,135081.04,2025-07-02,Success
10123,10123,COD,137903.1,2025-04-15,Success
10124,10124,Credit Card,29320.04,2024-07-16,Success
10125,10125,Debit Card,34154.03,2022-07-22,Failed
10126,10126,Net Banking,112785.97,2024-09-11,Success
10127,10127,COD,60380.42,2025-09-30,Success
10128,10128,COD,79232.45,2024-09-13,Success
10129,10129,Net Banking,43501.76,2024-01-27,Success
10130,10130,Debit Card,38356.76,2022-06-16,Success
10131,10131,Credit Card,74109.44,2024-10-16,Success
10132,10132,UPI,87884.61,2023-07-05,Success
10133,10133,Debit Card,68896.26,2024-01-02,Success
10134,10134,COD,72749.54,2024-01-05,Success
10135,10135,UPI,139088.22,2022-10-17,Success
10136,10136,Credit Card,64258.43,2023-04-07,Success
10137,10137,Credit Card,10147.86,2025-05-20,Success
10138,10138,UPI,19362.42,2023-06-10,Success
10139,10139,Wallet,102036.94,2024-11-05,Success
10140,10140,Credit Card,65597.33,2024-06-19,Success
10141,10141,Credit Card,160139.84,2025-11-18,Success
10142,10142,Debit Card,16052.66,2023-08-17,Success
10143,10143,UPI,55136.34,2024-07-28,Success
10144,10144,Net Banking,118061.64,2024-10-23,Success
10145,10145,UPI,60979.32,2025-11-04,Success
10146,10146,Wallet,66034.42,2022-06-17,Success
10147,10147,Wallet,69748.65,2023-10-22,Success
10148,10148,COD,23256.55,2022-06-05,Refunded
10149,10149,COD,38801.03,2024-02-03,Refunded
10150,10150,Debit Card,84930.25,2022-01-20,Success
10151,10151,Credit Card,142814.43,2023-10-04,Success
10152,10152,Wallet,80439.42,2025-04-21,Success
10153,10153,Wallet,17489.79,2023-10-09,Success
10154,10154,COD,173452.2,2022-08-24,Success
10155,10155,Debit Card,191572.5,2023-04-04,Success
10156,10156,Credit Card,66693.46,2025-01-20,Success
10157,10157,Credit Card,106246.05,2025-04-01,Success
10158,10158,UPI,956.75,2022-06-22,Success
10159,10159,Wallet,35005.84,2024-12-24,Failed
10160,10160,Net Banking,242137.9,2023-01-22,Success
10161,10161,Wallet,44571.72,2023-10-24,Refunded
10162,10162,UPI,86195.4,2024-04-13,Success
10163,10163,COD,27541.64,2022-10-27,Success
10164,10164,Net Banking,49783.02,2022-07-06,Refunded
10165,10165,Wallet,78688.59,2024-11-16,Failed
10166,10166,UPI,105135.24,2023-03-21,Success
10167,10167,UPI,42677.52,2024-06-03,Success
10168,10168,COD,111643.62,2025-04-25,Failed
10169,10169,Net Banking,128175.46,2025-08-24,Success
10170,10170,COD,66588.64,2023-03-12,Success
10171,10171,Net Banking,28225.72,2023-04-02,Success
10172,10172,Net Banking,28830.3,2023-09-08,Failed
10173,10173,Wallet,63822.46,2025-11-06,Failed
10174,10174,COD,144309.54,2024-01-27,Failed
10175,10175,Net Banking,163477.4,2025-12-02,Success
10176,10176,Credit Card,11444.72,2023-02-26,Success
10177,10177,Credit Card,37005.11,2023-08-24,Success
10178,10178,Credit Card,31381.19,2023-03-29,Success
10179,10179,Wallet,262748.11,2024-04-01,Success
10180,10180,Wallet,134413.21,2024-08-29,Failed
10181,10181,COD,65072.41,2025-05-25,Success
10182,10182,UPI,36252.5,2024-12-25,Refunded
10183,10183,Debit Card,56511.38,2024-05-18,Success
10184,10184,UPI,61262.69,2025-11-26,Success
10185,10185,UPI,91420.31,2024-02-05,Success
10186,10186,Net Banking,50408.33,2023-02-04,Success
10187,10187,Wallet,13418.23,2022-07-14,Success
10188,10188,Net Banking,34348.72,2024-10-16,Success
10189,10189,Credit Card,28667.42,2022-08-26,Success
10190,10190,Wallet,138107.32,2023-05-08,Success
10191,10191,Credit Card,213105.36,2024-09-15,Failed
10192,10192,Debit Card,39005.23,2022-09-01,Success
10193,10193,COD,121989.8,2024-07-25,Success
10194,10194,Wallet,28585.12,2025-06-14,Success
10195,10195,UPI,32007.35,2025-10-25,Success
10196,10196,Debit Card,66761.16,2025-10-03,Success
10197,10197,UPI,71414.93,2022-02-21,Success
10198,10198,Wallet,18543.65,2023-12-26,Success
10199,10199,Credit Card,11616.32,2025-04-19,Success
10200,10200,UPI,108394.89,2024-03-06,Success
10201,10201,COD,126111.3,2022-12-23,Success
10202,10202,Debit Card,23358.43,2022-10-22,Success
10203,10203,Credit Card,26199.88,2023-10-16,Success
10204,10204,Wallet,86871.09,2022-09-19,Success
10205,10205,UPI,32792.84,2024-05-25,Success
10206,10206,UPI,164143.93,2022-03-28,Success
10207,10207,Credit Card,135948.33,2025-01-18,Refunded
10208,10208,COD,50303.3,2024-09-03,Success
10209,10209,Debit Card,95203.2,2024-10-15,Success
10210,10210,COD,130993.9,2024-08-23,Success
10211,10211,Credit Card,55147.75,2024-04-26,Failed
10212,10212,UPI,170453.73,2023-02-06,Success
10213,10213,Debit Card,49042.5,2024-02-08,Failed
10214,10214,Wallet,21686.08,2023-10-28,Success
10215,10215,Net Banking,13170.24,2023-08-12,Success
10216,10216,UPI,146255.58,2024-07-11,Success
10217,10217,UPI,70349.65,2023-12-08,Success
10218,10218,Credit Card,43733.13,2025-03-09,Success
10219,10219,Net Banking,12634.53,2023-09-16,Success
10220,10220,Credit Card,82050.3,2023-08-07,Success
10221,10221,COD,200980.41,2025-06-21,Success
10222,10222,Net Banking,22317.22,2022-03-08,Success
10223,10223,COD,187134.98,2022-11-06,Success
10224,10224,Credit Card,148230.48,2023-04-09,Success
10225,10225,Wallet,31410.32,2024-06-20,Success
10226,10226,UPI,11502.62,2025-08-13,Refunded
10227,10227,UPI,24936.6,2024-07-06,Success
10228,10228,Wallet,1117.91,2025-01-01,Success
10229,10229,COD,64303.95,2023-10-04,Success
10230,10230,UPI,91367.51,2022-11-29,Success
10231,10231,Wallet,57949.13,2025-11-19,Success
10232,10232,Credit Card,40197.1,2024-09-02,Failed
10233,10233,Net Banking,17133.31,2022-10-03,Success
10234,10234,Net Banking,47753.04,2025-03-01,Success
10235,10235,Wallet,105533.48,2022-02-04,Success
10236,10236,Wallet,11482.44,2024-12-02,Success
10237,10237,Net Banking,156630.12,2022-09-29,Failed
10238,10238,Wallet,14226.81,2022-01-20,Failed
10239,10239,COD,89355.91,2022-05-26,Success
10240,10240,COD,10808.89,2023-08-18,Success
10241,10241,COD,1536.05,2022-04-04,Success
10242,10242,COD,2300.44,2023-11-08,Success
10243,10243,COD,112792.4,2024-01-27,Success
10244,10244,UPI,157326.29,2025-12-19,Success
10245,10245,COD,3923.2,2024-01-23,Success
10246,10246,UPI,30138.54,2025-05-08,Success
10247,10247,Wallet,5123.43,2023-07-29,Success
10248,10248,Credit Card,42788.47,2025-01-16,Failed
10249,10249,Credit Card,125503.6,2024-01-27,Success
10250,10250,Debit Card,42985.56,2023-01-28,Success
10251,10251,Credit Card,29554.91,2023-07-14,Success
10252,10252,Net Banking,522.48,2025-08-08,Refunded
10253,10253,COD,50804.46,2022-05-11,Success
10254,10254,Credit Card,177730.57,2025-10-26,Success
10255,10255,Net Banking,15579.4,2022-10-03,Success
10256,10256,Net Banking,115443.87,2025-11-16,Success
10257,10257,Net Banking,48818.11,2022-06-28,Success
10258,10258,Net Banking,29393.26,2024-02-14,Failed
10259,10259,Debit Card,70090.92,2022-11-11,Success
10260,10260,Credit Card,85774.73,2022-03-07,Failed
10261,10261,Net Banking,8735.87,2024-05-24,Success
10262,10262,Net Banking,232234.49,2023-10-27,Success
10263,10263,Debit Card,19374.11,2023-10-28,Success
10264,10264,Credit Card,173080.69,2022-03-05,Refunded
10265,10265,Credit Card,42458.64,2023-03-28,Success
10266,10266,Debit Card,163665.5,2025-05-27,Refunded
10267,10267,UPI,17573.65,2022-10-31,Success
10268,10268,Credit Card,362.01,2024-09-15,Success
10269,10269,Debit Card,87763.73,2022-11-02,Success
10270,10270,UPI,76301.6,2024-10-09,Success
10271,10271,Credit Card,115630.43,2023-05-30,Failed
10272,10272,COD,38427.52,2025-02-26,Refunded
10273,10273,Wallet,29433.48,2025-01-15,Success
10274,10274,Net Banking,20938.8,2025-04-27,Success
10275,10275,UPI,224879.7,2024-05-26,Success
10276,10276,Wallet,75651.03,2025-05-31,Success
10277,10277,COD,91647.16,2024-03-19,Success
10278,10278,UPI,30724.6,2022-11-13,Success
10279,10279,Net Banking,80402.63,2024-12-16,Success
10280,10280,UPI,69150.18,2025-01-06,Success
10281,10281,UPI,59280.16,2025-07-26,Success
10282,10282,COD,66246.37,2024-12-03,Success
10283,10283,Wallet,43235.56,2023-11-12,Success
10284,10284,UPI,43097.16,2022-10-17,Refunded
10285,10285,Credit Card,22973.68,2022-06-16,Success
10286,10286,Credit Card,16181.82,2024-11-04,Success
10287,10287,COD,12236.6,2025-07-16,Refunded
10288,10288,COD,26272.38,2023-09-22,Success
10289,10289,COD,33219.9,2024-05-17,Success
10290,10290,COD,127926.93,2024-04-03,Refunded
10291,10291,COD,63364.46,2022-04-15,Success
10292,10292,Debit Card,106827.78,2024-09-02,Success
10293,10293,UPI,46003.62,2025-02-14,Success
10294,10294,Wallet,19946.88,2024-08-22,Success
10295,10295,UPI,151534.61,2022-07-23,Success
10296,10296,COD,10237.98,2022-03-10,Refunded
10297,10297,Debit Card,77936.16,2024-08-10,Failed
10298,10298,Net Banking,92418.01,2023-09-25,Success
10299,10299,Wallet,24837.5,2024-12-06,Success
10300,10300,Credit Card,32521.89,2024-02-29,Success
10301,10301,Net Banking,46008.73,2023-09-02,Refunded
10302,10302,Wallet,8932.2,2022-06-26,Success
10303,10303,Debit Card,172307.92,2025-03-22,Success
10304,10304,Credit Card,68365.44,2022-12-26,Success
10305,10305,Credit Card,388.85,2022-01-04,Success
10306,10306,Debit Card,100803.72,2024-06-09,Success
10307,10307,Wallet,27834.97,2023-04-14,Success
10308,10308,Debit Card,179255.71,2025-01-30,Success
10309,10309,Credit Card,24203.3,2025-11-26,Success
10310,10310,Credit Card,109211.98,2023-06-12,Success
10311,10311,Wallet,76295.06,2024-11-27,Success
10312,10312,Debit Card,156844.71,2023-12-18,Refunded
10313,10313,Wallet,22449.99,2024-10-15,Success
10314,10314,Credit Card,19356.0,2023-06-18,Success
10315,10315,COD,34640.32,2023-07-01,Success
10316,10316,Debit Card,96255.82,2023-11-02,Success
10317,10317,Net Banking,6074.06,2024-11-14,Success
10318,10318,COD,45157.86,2023-02-05,Refunded
10319,10319,Debit Card,170306.01,2025-03-17,Failed
10320,10320,Debit Card,80501.69,2025-08-13,Success
10321,10321,UPI,11745.75,2023-06-11,Success
10322,10322,Wallet,100416.87,2024-02-17,Success
10323,10323,Wallet,93092.58,2025-03-30,Success
10324,10324,COD,160995.68,2022-08-22,Success
10325,10325,Debit Card,162979.29,2023-03-09,Success
10326,10326,COD,7009.52,2025-08-22,Success
10327,10327,Net Banking,103622.74,2023-12-02,Success
10328,10328,COD,5918.99,2022-02-22,Refunded
10329,10329,COD,93177.2,2023-12-18,Success
10330,10330,COD,7151.9,2024-02-01,Success
10331,10331,Debit Card,23303.78,2022-07-05,Success
10332,10332,Credit Card,27541.64,2022-01-08,Success
10333,10333,Wallet,67553.85,2023-07-06,Success
10334,10334,Debit Card,51518.31,2024-08-15,Success
10335,10335,Wallet,135413.18,2025-07-23,Success
10336,10336,COD,27264.79,2023-07-27,Success
10337,10337,COD,77023.22,2025-08-02,Success
10338,10338,Net Banking,42696.33,2024-01-15,Success
10339,10339,Debit Card,83471.48,2025-04-30,Success
10340,10340,Credit Card,76791.22,2024-02-29,Success
10341,10341,Net Banking,138677.56,2022-04-14,Failed
10342,10342,Wallet,78927.2,2023-07-28,Success
10343,10343,Credit Card,22039.06,2022-01-28,Refunded
10344,10344,UPI,45678.03,2024-01-26,Refunded
10345,10345,COD,151126.56,2024-07-23,Success
10346,10346,UPI,115275.95,2023-02-21,Success
10347,10347,Credit Card,158234.98,2025-08-27,Success
10348,10348,UPI,89376.45,2023-05-18,Success
10349,10349,Wallet,51895.0,2025-09-06,Success
10350,10350,Wallet,52627.63,2022-05-24,Success
10351,10351,COD,67415.0,2022-06-15,Success
10352,10352,Credit Card,32040.04,2022-09-27,Success
10353,10353,UPI,5884.79,2023-10-23,Success
10354,10354,COD,55285.79,2025-06-05,Success
10355,10355,UPI,55755.46,2022-09-11,Refunded
10356,10356,Net Banking,92625.76,2025-01-22,Success
10357,10357,UPI,12462.0,2025-05-12,Success
10358,10358,Credit Card,51361.78,2025-07-06,Refunded
10359,10359,UPI,43661.64,2025-03-10,Success
10360,10360,Credit Card,46233.02,2025-02-24,Success
10361,10361,Net Banking,51469.91,2022-07-30,Success
10362,10362,COD,138484.56,2025-10-08,Success
10363,10363,Credit Card,1676.86,2025-08-19,Success
10364,10364,Wallet,41870.38,2022-07-17,Refunded
10365,10365,COD,17426.18,2023-02-18,Refunded
10366,10366,Wallet,4892.98,2025-12-10,Success
10367,10367,COD,87994.03,2022-10-12,Success
10368,10368,Credit Card,36286.63,2023-11-22,Success
10369,10369,COD,32460.09,2025-07-13,Success
10370,10370,Wallet,91302.55,2025-10-09,Success
10371,10371,Debit Card,35713.44,2023-01-23,Success
10372,10372,Debit Card,38193.18,2022-06-29,Success
10373,10373,Wallet,7027.98,2025-02-24,Refunded
10374,10374,COD,15859.32,2024-07-14,Success
10375,10375,UPI,4441.96,2024-05-22,Success
10376,10376,UPI,90982.05,2023-12-26,Success
10377,10377,Wallet,82324.65,2024-11-30,Success
10378,10378,Credit Card,71515.02,2022-08-11,Success
10379,10379,Credit Card,80109.68,2025-08-15,Success
10380,10380,UPI,128282.68,2025-10-07,Refunded
10381,10381,Net Banking,143016.94,2025-09-27,Success
10382,10382,Credit Card,19125.13,2022-08-08,Success
10383,10383,Wallet,129407.43,2023-08-15,Success
10384,10384,Wallet,40975.3,2024-07-13,Refunded
10385,10385,UPI,13039.12,2023-02-14,Refunded
10386,10386,Debit Card,36926.43,2023-08-18,Success
10387,10387,COD,20092.11,2024-08-04,Refunded
10388,10388,Net Banking,21546.9,2023-07-05,Success
10389,10389,UPI,87977.83,2024-11-20,Refunded
10390,10390,Debit Card,56486.34,2023-08-14,Failed
10391,10391,Debit Card,201305.71,2025-10-20,Failed
10392,10392,Debit Card,246600.6,2023-06-04,Success
10393,10393,Credit Card,10761.7,2025-12-23,Success
10394,10394,Debit Card,68414.88,2024-08-26,Refunded
10395,10395,Net Banking,136493.05,2023-02-16,Refunded
10396,10396,Debit Card,2079.34,2024-10-08,Success
10397,10397,UPI,129987.76,2023-03-14,Success
10398,10398,Debit Card,62750.25,2025-04-20,Failed
10399,10399,Debit Card,6695.08,2025-05-10,Success
10400,10400,Credit Card,64443.79,2025-07-31,Success
10401,10401,Net Banking,63773.32,2023-09-18,Success
10402,10402,Net Banking,11080.92,2025-08-06,Success
10403,10403,Credit Card,10289.02,2025-01-12,Success
10404,10404,COD,5236.45,2023-08-09,Failed
10405,10405,Debit Card,28671.23,2023-02-13,Refunded
10406,10406,Credit Card,30888.63,2023-05-15,Success
10407,10407,Net Banking,63160.65,2023-01-14,Success
10408,10408,COD,134673.33,2024-05-01,Success
10409,10409,Debit Card,24371.11,2024-03-05,Success
10410,10410,Net Banking,2794.77,2025-05-20,Refunded
10411,10411,UPI,107864.85,2025-08-12,Success
10412,10412,COD,11647.97,2025-09-15,Success
10413,10413,Debit Card,116783.83,2024-04-17,Success
10414,10414,UPI,47025.13,2024-07-31,Success
10415,10415,Credit Card,792.78,2024-09-24,Success
10416,10416,Credit Card,106209.02,2025-01-28,Refunded
10417,10417,Debit Card,102956.67,2023-10-15,Success
10418,10418,UPI,107850.47,2022-12-11,Success
10419,10419,Credit Card,73483.15,2022-08-10,Success
10420,10420,Credit Card,126681.14,2025-06-08,Success
10421,10421,UPI,63621.64,2025-07-08,Success
10422,10422,Credit Card,50958.63,2024-08-23,Refunded
10423,10423,Debit Card,41788.42,2023-04-09,Success
10424,10424,Net Banking,33168.98,2024-10-16,Failed
10425,10425,Credit Card,36959.11,2022-09-28,Success
10426,10426,Wallet,43282.5,2025-12-31,Success
10427,10427,Net Banking,17673.23,2024-06-28,Success
10428,10428,UPI,10041.14,2024-10-08,Success
10429,10429,Net Banking,22417.35,2025-02-08,Success
10430,10430,Credit Card,85693.88,2023-06-11,Refunded
10431,10431,Wallet,86230.19,2023-12-03,Success
10432,10432,Net Banking,43908.81,2022-05-17,Success
10433,10433,UPI,124348.33,2025-10-11,Success
10434,10434,Credit Card,135024.9,2023-02-05,Success
10435,10435,Net Banking,38054.53,2022-10-26,Success
10436,10436,Wallet,11348.77,2023-10-25,Success
10437,10437,Credit Card,69115.48,2022-03-25,Failed
10438,10438,Debit Card,20827.53,2024-12-02,Refunded
10439,10439,Debit Card,55498.4,2023-06-18,Success
10440,10440,Net Banking,4944.02,2024-09-29,Success
10441,10441,Debit Card,42401.63,2023-03-26,Success
10442,10442,UPI,72392.22,2022-04-30,Success
10443,10443,COD,89984.41,2025-06-27,Success
10444,10444,Net Banking,15352.7,2024-05-28,Success
10445,10445,UPI,120698.68,2025-12-05,Success
10446,10446,Wallet,87607.41,2022-12-08,Failed
10447,10447,Credit Card,144541.47,2023-06-12,Success
10448,10448,Credit Card,72595.0,2025-07-21,Failed
10449,10449,Wallet,3757.0,2025-08-17,Success
10450,10450,Debit Card,131142.99,2023-02-23,Success
10451,10451,COD,42778.85,2022-12-12,Success
10452,10452,Net Banking,144.02,2024-02-22,Success
10453,10453,COD,17167.08,2023-06-16,Success
10454,10454,Credit Card,134054.63,2022-03-06,Success
10455,10455,Debit Card,4517.96,2023-06-04,Failed
10456,10456,Net Banking,19716.22,2024-08-08,Success
10457,10457,Net Banking,135914.95,2024-05-09,Refunded
10458,10458,Credit Card,39160.18,2022-01-14,Refunded
10459,10459,Net Banking,10593.59,2025-09-12,Refunded
10460,10460,Net Banking,65497.64,2025-01-26,Refunded
10461,10461,Credit Card,73683.4,2024-08-05,Success
10462,10462,Wallet,111888.78,2023-10-11,Success
10463,10463,Debit Card,2891.58,2022-11-14,Success
10464,10464,Net Banking,69800.72,2025-10-26,Success
10465,10465,Debit Card,110737.8,2025-07-01,Success
10466,10466,UPI,87176.91,2025-04-28,Refunded
10467,10467,Net Banking,43040.8,2023-01-31,Success
10468,10468,COD,29597.92,2024-11-22,Success
10469,10469,Debit Card,87624.5,2023-08-01,Success
10470,10470,COD,16290.66,2023-10-29,Refunded
10471,10471,COD,107048.95,2024-09-15,Refunded
10472,10472,Net Banking,93718.27,2023-07-06,Success
10473,10473,COD,156480.68,2025-11-28,Success
10474,10474,UPI,83839.13,2025-03-12,Success
10475,10475,Wallet,93441.49,2025-12-24,Success
10476,10476,COD,48779.93,2025-09-21,Success
10477,10477,Debit Card,85355.04,2024-10-22,Success
10478,10478,Wallet,9665.04,2023-06-17,Refunded
10479,10479,COD,63307.1,2025-08-10,Success
10480,10480,Debit Card,62280.96,2022-05-16,Success
10481,10481,Credit Card,6264.06,2025-01-25,Refunded
10482,10482,Credit Card,245092.09,2025-04-27,Success
10483,10483,Net Banking,117786.37,2025-08-12,Success
10484,10484,UPI,111139.21,2025-02-09,Refunded
10485,10485,Net Banking,18440.07,2024-05-18,Success
10486,10486,UPI,59292.57,2024-07-11,Success
10487,10487,Debit Card,18151.89,2022-12-15,Success
10488,10488,Wallet,16694.97,2024-09-06,Success
10489,10489,Credit Card,100541.29,2024-06-04,Success
10490,10490,UPI,163.27,2022-12-03,Refunded
10491,10491,Credit Card,3655.93,2024-04-04,Success
10492,10492,COD,107531.19,2024-12-19,Success
10493,10493,Wallet,30178.23,2022-12-02,Success
10494,10494,Wallet,70294.6,2025-05-04,Success
10495,10495,Debit Card,46203.48,2023-11-29,Success
10496,10496,Credit Card,60265.68,2024-01-09,Success
10497,10497,Debit Card,117211.99,2022-03-07,Success
10498,10498,Debit Card,95881.08,2023-08-19,Success
10499,10499,Wallet,13227.2,2025-01-03,Success
10500,10500,Debit Card,101118.59,2025-08-30,Success
10501,10501,Wallet,160754.08,2024-10-28,Success
10502,10502,Net Banking,79517.53,2025-06-07,Success
10503,10503,Net Banking,57261.32,2022-02-02,Success
10504,10504,Debit Card,96002.34,2022-12-04,Success
10505,10505,COD,73042.1,2024-01-14,Success
10506,10506,COD,135657.64,2024-03-29,Success
10507,10507,Credit Card,34700.46,2025-12-23,Success
10508,10508,UPI,25577.34,2022-09-02,Success
10509,10509,Debit Card,115857.14,2022-04-21,Success
10510,10510,UPI,117480.49,2022-03-08,Success
10511,10511,Wallet,63546.09,2024-01-05,Success
10512,10512,Wallet,46265.25,2024-03-03,Success
10513,10513,Wallet,97447.45,2024-10-08,Success
10514,10514,Debit Card,37697.52,2023-12-29,Success
10515,10515,Net Banking,12946.63,2023-09-14,Failed
10516,10516,Debit Card,75229.04,2022-02-14,Refunded
10517,10517,Credit Card,117009.16,2025-11-03,Refunded
10518,10518,Wallet,62253.6,2025-06-05,Success
10519,10519,Net Banking,73187.68,2023-09-23,Success
10520,10520,Debit Card,30436.6,2025-02-22,Failed
10521,10521,Credit Card,63860.8,2022-03-13,Success
10522,10522,Credit Card,28036.46,2025-04-24,Success
10523,10523,UPI,197343.33,2023-06-03,Refunded
10524,10524,COD,120936.12,2023-07-04,Success
10525,10525,Wallet,106470.44,2024-03-08,Success
10526,10526,Credit Card,69758.58,2022-11-19,Refunded
10527,10527,Debit Card,130353.55,2022-04-24,Success
10528,10528,COD,102725.34,2023-11-14,Success
10529,10529,Wallet,33691.64,2025-11-11,Refunded
10530,10530,UPI,147160.97,2025-12-02,Refunded
10531,10531,Credit Card,125942.13,2023-01-04,Success
10532,10532,Wallet,30771.56,2023-07-15,Refunded
10533,10533,Debit Card,130345.16,2024-04-06,Success
10534,10534,Wallet,65969.31,2023-01-04,Success
10535,10535,Debit Card,24712.05,2022-10-18,Success
10536,10536,Net Banking,22889.44,2025-08-31,Success
10537,10537,Net Banking,24652.15,2022-03-10,Success
10538,10538,Credit Card,77952.47,2022-07-15,Success
10539,10539,COD,4719.54,2023-04-06,Refunded
10540,10540,Wallet,18468.1,2023-03-30,Success
10541,10541,Wallet,41467.26,2024-08-11,Success
10542,10542,Net Banking,61798.39,2023-08-07,Success
10543,10543,Net Banking,88770.5,2023-10-10,Success
10544,10544,UPI,182130.59,2023-06-22,Failed
10545,10545,Debit Card,109726.58,2024-04-23,Success
10546,10546,Wallet,13488.54,2024-08-01,Success
10547,10547,Credit Card,92472.42,2023-05-22,Success
10548,10548,Debit Card,6530.14,2024-11-23,Success
10549,10549,Net Banking,6732.41,2024-05-24,Success
10550,10550,UPI,40047.71,2022-06-21,Success
10551,10551,Credit Card,30377.7,2025-12-08,Success
10552,10552,COD,20181.82,2023-06-04,Success
10553,10553,COD,35937.85,2023-01-04,Success
10554,10554,Wallet,31912.94,2025-02-13,Success
10555,10555,Net Banking,77449.54,2023-09-14,Success
10556,10556,COD,103303.78,2022-08-27,Success
10557,10557,UPI,47389.22,2023-05-19,Success
10558,10558,UPI,40411.04,2022-02-05,Success
10559,10559,COD,87519.22,2023-04-24,Success
10560,10560,Credit Card,77162.22,2023-08-26,Refunded
10561,10561,Debit Card,85809.1,2024-06-13,Success
10562,10562,Wallet,27006.03,2023-08-07,Success
10563,10563,COD,55853.64,2023-10-27,Success
10564,10564,Credit Card,36369.94,2024-01-09,Success
10565,10565,Wallet,120568.83,2025-08-03,Success
10566,10566,COD,7426.68,2023-05-21,Success
10567,10567,Wallet,170305.66,2022-11-29,Success
10568,10568,Debit Card,83147.14,2022-05-13,Success
10569,10569,Debit Card,436.38,2023-05-08,Success
10570,10570,UPI,102413.11,2025-06-04,Refunded
10571,10571,COD,15228.82,2023-07-27,Refunded
10572,10572,Debit Card,16162.01,2022-08-13,Success
10573,10573,COD,60657.08,2023-05-10,Success
10574,10574,Debit Card,43670.53,2025-02-16,Success
10575,10575,Credit Card,211296.6,2024-06-29,Success
10576,10576,COD,79953.85,2025-10-08,Success
10577,10577,Net Banking,63421.94,2024-09-15,Refunded
10578,10578,UPI,25526.91,2025-10-20,Success
10579,10579,UPI,142474.71,2024-04-12,Refunded
10580,10580,COD,38106.48,2024-04-29,Success
10581,10581,COD,63956.56,2022-11-25,Success
10582,10582,Wallet,63845.32,2022-06-16,Refunded
10583,10583,Net Banking,76518.28,2024-01-16,Success
10584,10584,Debit Card,27889.83,2022-11-22,Success
10585,10585,Debit Card,91155.75,2025-01-09,Success
10586,10586,COD,30851.24,2025-06-02,Failed
10587,10587,Wallet,15625.06,2023-08-26,Failed
10588,10588,Wallet,129290.19,2024-11-09,Success
10589,10589,Debit Card,96633.45,2025-06-09,Success
10590,10590,Debit Card,482.68,2024-07-08,Success
10591,10591,Wallet,80440.2,2025-03-20,Success
10592,10592,Wallet,47082.3,2022-08-22,Success
10593,10593,Credit Card,135732.6,2023-05-09,Success
10594,10594,Debit Card,30137.2,2023-01-17,Failed
10595,10595,Debit Card,92095.97,2025-06-27,Success
10596,10596,COD,64945.31,2022-12-09,Success
10597,10597,Debit Card,138065.96,2025-08-11,Success
10598,10598,UPI,10922.3,2022-01-25,Success
10599,10599,Debit Card,13626.3,2023-07-13,Success
10600,10600,Wallet,136480.75,2025-04-13,Success
10601,10601,Debit Card,95620.18,2023-04-10,Success
10602,10602,Credit Card,73851.69,2025-07-13,Success
10603,10603,Net Banking,2865.69,2023-08-07,Success
10604,10604,Net Banking,18396.4,2024-09-01,Refunded
10605,10605,UPI,111025.11,2025-06-17,Success
10606,10606,Net Banking,11731.05,2024-04-23,Success
10607,10607,Credit Card,52077.38,2024-09-24,Success
10608,10608,UPI,139386.94,2022-03-28,Failed
10609,10609,Debit Card,89500.27,2024-02-27,Success
10610,10610,Wallet,13462.49,2022-10-13,Success
10611,10611,Wallet,2070.2,2023-02-03,Success
10612,10612,Wallet,73625.91,2022-12-14,Success
10613,10613,Net Banking,43478.96,2024-06-13,Failed
10614,10614,Net Banking,68820.74,2023-03-29,Success
10615,10615,Credit Card,5071.66,2025-11-19,Success
10616,10616,Debit Card,37761.82,2025-05-10,Failed
10617,10617,Credit Card,31340.06,2024-09-15,Success
10618,10618,Credit Card,59972.32,2022-07-09,Refunded
10619,10619,COD,55507.29,2025-06-26,Success
10620,10620,Debit Card,47899.43,2025-12-12,Success
10621,10621,COD,10008.58,2024-06-09,Failed
10622,10622,Credit Card,97196.92,2024-09-24,Success
10623,10623,Debit Card,32713.56,2025-07-10,Success
10624,10624,Wallet,40519.87,2023-05-11,Success
10625,10625,UPI,188704.09,2024-05-26,Success
10626,10626,Net Banking,52395.05,2025-12-08,Success
10627,10627,Credit Card,163823.53,2022-02-09,Success
10628,10628,Credit Card,37966.71,2024-10-11,Refunded
10629,10629,Debit Card,254.35,2022-07-25,Success
10630,10630,Debit Card,17585.09,2025-07-27,Refunded
10631,10631,UPI,49026.45,2024-03-24,Success
10632,10632,COD,14254.4,2023-08-02,Success
10633,10633,COD,15901.01,2022-11-14,Success
10634,10634,Debit Card,153972.88,2022-12-22,Failed
10635,10635,Wallet,203599.9,2025-05-30,Success
10636,10636,Net Banking,9466.61,2024-02-25,Refunded
10637,10637,COD,144943.41,2024-09-28,Success
10638,10638,Net Banking,21979.32,2023-08-06,Success
10639,10639,Debit Card,155842.41,2022-02-12,Success
10640,10640,COD,46391.61,2022-01-03,Refunded
10641,10641,Debit Card,84832.21,2024-05-18,Success
10642,10642,Debit Card,36126.51,2022-03-17,Success
10643,10643,Credit Card,88953.97,2025-03-12,Refunded
10644,10644,Credit Card,55283.77,2024-02-06,Refunded
10645,10645,Debit Card,167525.9,2024-02-27,Success
10646,10646,Net Banking,64433.4,2023-09-25,Success
10647,10647,COD,58521.84,2025-07-25,Success
10648,10648,Credit Card,28871.33,2025-11-14,Success
10649,10649,COD,50970.16,2025-06-14,Success
10650,10650,Credit Card,46181.46,2024-10-05,Refunded
10651,10651,Wallet,58496.17,2022-03-18,Success
10652,10652,Wallet,34373.84,2025-01-29,Success
10653,10653,Credit Card,161835.51,2025-09-30,Success
10654,10654,UPI,3904.42,2024-12-25,Success
10655,10655,Credit Card,6661.55,2025-07-13,Success
10656,10656,COD,1936.54,2024-06-29,Success
10657,10657,Wallet,64663.97,2022-10-10,Success
10658,10658,UPI,48692.36,2022-12-22,Success
10659,10659,Net Banking,48699.34,2022-12-24,Refunded
10660,10660,Wallet,89499.52,2023-08-27,Success
10661,10661,COD,96009.44,2025-01-29,Success
10662,10662,COD,35458.99,2022-04-10,Success
10663,10663,Wallet,31593.37,2023-10-15,Failed
10664,10664,Credit Card,20859.81,2022-07-01,Success
10665,10665,Wallet,46646.1,2025-03-08,Success
10666,10666,Debit Card,5519.14,2025-08-07,Refunded
10667,10667,Wallet,10334.4,2023-01-24,Success
10668,10668,UPI,72199.3,2022-02-14,Success
10669,10669,Net Banking,148864.16,2023-05-10,Success
10670,10670,Wallet,67536.56,2024-05-19,Failed
10671,10671,Wallet,36369.99,2025-09-15,Success
10672,10672,Credit Card,69341.16,2022-12-11,Success
10673,10673,Debit Card,65626.71,2024-01-16,Success
10674,10674,Debit Card,66391.65,2022-10-23,Success
10675,10675,Credit Card,26555.12,2024-09-30,Success
10676,10676,COD,206720.86,2024-10-16,Success
10677,10677,COD,23061.5,2025-03-15,Success
10678,10678,UPI,75501.57,2022-11-28,Success
10679,10679,Net Banking,66716.91,2023-11-01,Success
10680,10680,Net Banking,69805.69,2022-10-20,Refunded
10681,10681,UPI,68231.37,2025-08-06,Success
10682,10682,COD,166535.74,2024-01-31,Success
10683,10683,UPI,22808.71,2023-02-16,Refunded
10684,10684,Credit Card,3942.57,2024-04-26,Success
10685,10685,Wallet,8206.82,2022-08-13,Success
10686,10686,Wallet,238724.0,2023-05-29,Success
10687,10687,Wallet,91765.62,2025-06-30,Success
10688,10688,Net Banking,13003.78,2025-01-01,Success
10689,10689,Net Banking,49458.15,2025-09-06,Refunded
10690,10690,UPI,63288.63,2024-03-02,Success
10691,10691,COD,149574.82,2024-05-29,Success
10692,10692,Net Banking,61655.63,2025-10-16,Success
10693,10693,Debit Card,52195.41,2023-08-22,Success
10694,10694,COD,31311.15,2025-12-03,Success
10695,10695,UPI,12868.83,2025-11-30,Success
10696,10696,Credit Card,3115.34,2024-05-10,Success
10697,10697,Net Banking,180739.15,2023-10-09,Success
10698,10698,Net Banking,4803.54,2025-05-17,Success
10699,10699,Debit Card,45548.39,2025-06-30,Success
10700,10700,Credit Card,7632.26,2024-06-21,Refunded
10701,10701,Wallet,65619.93,2024-11-22,Success
10702,10702,COD,58814.89,2024-03-11,Success
10703,10703,UPI,54658.36,2022-06-03,Success
10704,10704,Wallet,95178.03,2023-03-11,Success
10705,10705,COD,31714.31,2024-04-26,Success
10706,10706,UPI,87129.02,2025-08-24,Success
10707,10707,Debit Card,85278.99,2024-11-23,Success
10708,10708,UPI,19982.6,2025-11-25,Success
10709,10709,Wallet,25591.72,2025-08-25,Success
10710,10710,Debit Card,20118.44,2024-02-01,Success
10711,10711,UPI,174246.21,2022-07-28,Success
10712,10712,Net Banking,42996.52,2025-06-29,Failed
10713,10713,COD,198893.06,2022-01-26,Success
10714,10714,Debit Card,1089.58,2025-01-22,Success
10715,10715,COD,53248.22,2022-03-16,Success
10716,10716,Debit Card,32304.5,2025-11-23,Failed
10717,10717,Credit Card,47577.96,2023-08-19,Success
10718,10718,Net Banking,197666.95,2022-12-16,Success
10719,10719,UPI,15925.75,2023-02-02,Refunded
10720,10720,Credit Card,10082.43,2023-06-02,Success
10721,10721,UPI,20485.96,2025-04-14,Success
10722,10722,Net Banking,81220.0,2024-08-19,Success
10723,10723,Net Banking,1755.11,2025-11-05,Success
10724,10724,Credit Card,245662.09,2023-12-14,Refunded
10725,10725,UPI,32759.37,2022-03-06,Failed
10726,10726,Debit Card,53388.29,2022-08-31,Failed
10727,10727,COD,7580.34,2025-06-30,Refunded
10728,10728,Wallet,160118.79,2023-02-08,Success
10729,10729,Net Banking,77899.44,2022-09-18,Success
10730,10730,COD,19017.48,2024-12-05,Success
10731,10731,Credit Card,80279.46,2022-08-27,Refunded
10732,10732,COD,97738.85,2023-09-24,Failed
10733,10733,UPI,33895.72,2024-05-20,Success
10734,10734,Debit Card,22203.06,2024-01-28,Success
10735,10735,Credit Card,8674.22,2023-11-13,Success
10736,10736,COD,32077.9,2023-12-25,Refunded
10737,10737,Debit Card,71075.29,2023-08-13,Refunded
10738,10738,Credit Card,115617.76,2024-03-27,Success
10739,10739,Credit Card,141653.22,2022-12-31,Refunded
10740,10740,COD,101579.14,2024-03-23,Failed
10741,10741,Debit Card,13790.5,2023-08-30,Failed
10742,10742,COD,146187.31,2023-03-25,Success
10743,10743,Debit Card,121291.41,2024-02-02,Success
10744,10744,Debit Card,2357.24,2022-05-08,Success
10745,10745,UPI,81246.42,2024-07-20,Success
10746,10746,UPI,65807.93,2024-05-29,Success
10747,10747,Wallet,87573.92,2022-12-20,Success
10748,10748,Net Banking,35640.85,2024-10-18,Success
10749,10749,COD,94745.04,2024-04-24,Success
10750,10750,COD,66030.03,2022-07-15,Success
10751,10751,Wallet,65762.76,2025-09-10,Refunded
10752,10752,UPI,176044.17,2024-08-27,Refunded
10753,10753,Wallet,44089.89,2023-10-14,Success
10754,10754,COD,127547.55,2022-02-14,Success
10755,10755,Credit Card,95807.3,2022-10-25,Success
10756,10756,Credit Card,21892.19,2025-07-08,Failed
10757,10757,Net Banking,60693.75,2025-03-14,Success
10758,10758,COD,35826.26,2025-09-18,Success
10759,10759,COD,113903.24,2022-03-04,Refunded
10760,10760,Wallet,36505.92,2022-03-07,Success
10761,10761,Credit Card,126332.6,2022-04-21,Success
10762,10762,UPI,90121.01,2024-12-08,Refunded
10763,10763,COD,159558.75,2025-04-09,Refunded
10764,10764,Credit Card,39891.3,2025-12-15,Success
10765,10765,Debit Card,35698.68,2022-04-27,Success
10766,10766,Net Banking,123684.34,2025-09-13,Success
10767,10767,UPI,25033.95,2022-10-31,Success
10768,10768,Net Banking,32773.32,2024-01-07,Success
10769,10769,Net Banking,66582.1,2022-09-15,Refunded
10770,10770,COD,117109.14,2025-12-16,Success
10771,10771,Debit Card,68481.07,2023-05-28,Success
10772,10772,COD,13277.56,2022-12-11,Success
10773,10773,Credit Card,25637.43,2025-11-07,Success
10774,10774,Wallet,104583.64,2022-02-06,Success
10775,10775,Debit Card,218683.32,2025-12-31,Failed
10776,10776,COD,226040.25,2024-01-13,Success
10777,10777,Credit Card,164161.54,2023-01-25,Success
10778,10778,UPI,111577.67,2024-05-18,Success
10779,10779,COD,52466.05,2025-09-03,Success
10780,10780,UPI,11392.81,2023-11-22,Failed
10781,10781,Wallet,120696.89,2024-10-24,Success
10782,10782,UPI,55352.47,2022-08-13,Success
10783,10783,Credit Card,76492.94,2023-12-09,Success
10784,10784,Credit Card,113389.96,2023-05-09,Success
10785,10785,COD,133423.2,2022-11-22,Success
10786,10786,Debit Card,138491.33,2025-11-02,Success
10787,10787,Net Banking,27151.12,2023-12-28,Success
10788,10788,Wallet,86495.94,2023-05-03,Success
10789,10789,Net Banking,59530.84,2024-10-15,Success
10790,10790,Wallet,12910.53,2024-10-15,Success
10791,10791,Wallet,84260.65,2024-01-19,Success
10792,10792,Credit Card,76622.73,2025-04-20,Success
10793,10793,COD,62986.78,2023-10-30,Success
10794,10794,Debit Card,18827.86,2024-07-02,Success
10795,10795,Debit Card,57554.84,2024-03-31,Success
10796,10796,Credit Card,27457.0,2025-06-26,Success
10797,10797,Debit Card,19578.6,2022-03-04,Success
10798,10798,COD,1540.2,2024-11-27,Refunded
10799,10799,Wallet,32446.67,2025-05-28,Success
10800,10800,COD,136332.19,2025-09-13,Success
10801,10801,Net Banking,87697.16,2022-07-05,Success
10802,10802,Credit Card,43005.41,2024-08-07,Success
10803,10803,COD,42322.17,2022-06-14,Success
10804,10804,Net Banking,73292.23,2024-04-18,Failed
10805,10805,Wallet,44925.0,2022-10-11,Refunded
10806,10806,Net Banking,158546.9,2022-02-19,Success
10807,10807,UPI,132546.89,2023-12-07,Success
10808,10808,COD,99806.32,2025-10-30,Success
10809,10809,Debit Card,81541.8,2025-04-21,Refunded
10810,10810,Net Banking,119824.03,2022-03-24,Success
10811,10811,Wallet,115573.22,2024-04-20,Success
10812,10812,UPI,107699.0,2025-03-15,Success
10813,10813,Wallet,11610.42,2023-11-16,Success
10814,10814,COD,2187.51,2024-02-19,Success
10815,10815,Credit Card,70686.63,2024-05-22,Success
10816,10816,Net Banking,36315.01,2025-09-24,Success
10817,10817,COD,234560.74,2024-10-27,Success
10818,10818,Credit Card,28435.28,2023-09-30,Success
10819,10819,Debit Card,34097.45,2023-03-16,Success
10820,10820,Debit Card,28451.07,2024-09-14,Success
10821,10821,Net Banking,75111.02,2024-01-08,Success
10822,10822,Net Banking,94562.88,2024-11-10,Success
10823,10823,Debit Card,13338.0,2025-08-20,Success
10824,10824,UPI,20507.06,2024-09-11,Failed
10825,10825,UPI,58854.89,2025-01-03,Success
10826,10826,Credit Card,6612.87,2025-04-17,Success
10827,10827,UPI,64381.9,2024-02-29,Success
10828,10828,Wallet,140162.53,2025-03-03,Success
10829,10829,UPI,56833.54,2024-06-14,Failed
10830,10830,Debit Card,60291.01,2025-12-06,Success
10831,10831,Credit Card,39477.28,2023-03-25,Success
10832,10832,Credit Card,214060.14,2023-05-17,Refunded
10833,10833,UPI,8502.49,2025-05-07,Success
10834,10834,COD,9839.53,2024-11-09,Success
10835,10835,Net Banking,5685.48,2025-09-17,Success
10836,10836,Net Banking,54369.58,2024-09-13,Success
10837,10837,Credit Card,121314.83,2022-05-27,Success
10838,10838,Net Banking,93638.31,2023-08-02,Success
10839,10839,UPI,90407.33,2025-02-21,Success
10840,10840,Wallet,30532.2,2025-08-31,Success
10841,10841,Wallet,22268.07,2022-05-07,Success
10842,10842,Credit Card,11343.02,2024-01-08,Success
10843,10843,COD,53603.72,2025-03-23,Refunded
10844,10844,Debit Card,141796.93,2023-08-14,Success
10845,10845,Wallet,10508.95,2022-07-13,Success
10846,10846,UPI,86395.61,2023-07-20,Refunded
10847,10847,UPI,12545.3,2022-08-16,Success
10848,10848,Debit Card,34353.12,2025-11-15,Failed
10849,10849,Wallet,2151.31,2025-01-02,Success
10850,10850,Net Banking,54261.11,2024-01-07,Success
10851,10851,Wallet,61994.27,2025-01-22,Success
10852,10852,Debit Card,28694.68,2022-12-19,Failed
10853,10853,Debit Card,120074.62,2022-06-10,Success
10854,10854,Credit Card,110099.8,2024-09-17,Success
10855,10855,COD,56876.09,2022-03-14,Success
10856,10856,Net Banking,69443.75,2022-05-31,Refunded
10857,10857,COD,38794.65,2023-07-06,Failed
10858,10858,Net Banking,135393.29,2023-04-20,Success
10859,10859,Debit Card,118741.08,2024-01-12,Success
10860,10860,Wallet,62762.6,2025-07-11,Failed
10861,10861,Debit Card,66338.12,2025-01-01,Success
10862,10862,UPI,67960.77,2023-04-18,Success
10863,10863,COD,16464.0,2025-01-24,Refunded
10864,10864,UPI,19180.15,2025-10-23,Success
10865,10865,Credit Card,1292.78,2024-02-12,Success
10866,10866,Debit Card,1643.91,2023-09-16,Success
10867,10867,COD,60725.56,2024-07-06,Success
10868,10868,Debit Card,13885.58,2022-08-30,Success
10869,10869,Credit Card,117054.55,2022-11-14,Success
10870,10870,Net Banking,167830.35,2022-12-13,Failed
10871,10871,Debit Card,61486.5,2022-11-02,Refunded
10872,10872,Credit Card,19641.1,2022-08-12,Success
10873,10873,Net Banking,164102.93,2022-03-06,Success
10874,10874,Net Banking,77704.23,2023-12-25,Success
10875,10875,Credit Card,57171.51,2024-03-27,Success
10876,10876,Credit Card,33440.02,2023-06-15,Success
10877,10877,Net Banking,166165.7,2023-02-10,Success
10878,10878,UPI,158699.85,2023-11-13,Failed
10879,10879,Debit Card,6347.78,2022-02-23,Refunded
10880,10880,UPI,65948.96,2024-12-15,Success
10881,10881,UPI,69750.77,2022-05-20,Success
10882,10882,UPI,149288.3,2022-10-11,Success
10883,10883,Wallet,49802.25,2024-12-08,Success
10884,10884,COD,49961.35,2025-07-05,Success
10885,10885,Debit Card,142547.6,2025-12-28,Success
10886,10886,Net Banking,76581.82,2024-05-25,Success
10887,10887,Net Banking,65104.49,2025-08-20,Success
10888,10888,UPI,61006.11,2022-10-06,Refunded
10889,10889,Credit Card,97441.08,2022-08-08,Success
10890,10890,UPI,162518.36,2022-07-13,Failed
10891,10891,UPI,119580.39,2025-06-03,Refunded
10892,10892,COD,9457.15,2025-07-04,Success
10893,10893,Net Banking,30565.71,2023-12-05,Success
10894,10894,UPI,135606.14,2022-12-25,Failed
10895,10895,Credit Card,67324.73,2023-07-05,Success
10896,10896,Wallet,30245.91,2022-09-25,Success
10897,10897,Debit Card,233805.56,2023-07-12,Success
10898,10898,Wallet,37079.54,2022-08-21,Success
10899,10899,Credit Card,23795.88,2025-03-01,Success
10900,10900,UPI,50617.0,2023-09-01,Success
10901,10901,Credit Card,99876.69,2022-08-25,Success
10902,10902,Credit Card,49344.51,2024-05-07,Success
10903,10903,Net Banking,57278.81,2022-12-28,Refunded
10904,10904,UPI,8362.86,2023-06-13,Success
10905,10905,Net Banking,156943.8,2022-03-21,Success
10906,10906,Debit Card,205299.4,2022-01-07,Success
10907,10907,Wallet,75635.49,2023-10-22,Success
10908,10908,COD,67852.56,2025-05-09,Success
10909,10909,Wallet,89139.96,2022-07-15,Success
10910,10910,COD,37700.02,2023-08-24,Success
10911,10911,UPI,3451.0,2024-05-10,Success
10912,10912,COD,204206.08,2024-08-29,Success
10913,10913,Wallet,32000.01,2022-02-01,Success
10914,10914,Wallet,49627.99,2025-04-11,Success
10915,10915,Wallet,69169.04,2025-12-30,Success
10916,10916,COD,117521.08,2024-05-19,Success
10917,10917,COD,12352.87,2024-08-02,Success
10918,10918,COD,42517.04,2023-07-29,Success
10919,10919,Debit Card,155330.19,2024-09-09,Success
10920,10920,UPI,140230.25,2022-03-13,Success
10921,10921,Wallet,30209.15,2023-05-28,Refunded
10922,10922,Credit Card,14863.49,2022-05-21,Success
10923,10923,Net Banking,29125.97,2024-02-24,Success
10924,10924,COD,16652.66,2024-07-13,Success
10925,10925,Net Banking,5578.15,2022-12-29,Success
10926,10926,UPI,76892.6,2024-07-01,Success
10927,10927,Wallet,97911.45,2025-02-06,Success
10928,10928,Credit Card,53615.94,2023-01-06,Success
10929,10929,UPI,79932.58,2025-11-26,Success
10930,10930,Debit Card,44714.97,2025-03-22,Success
10931,10931,Debit Card,45268.51,2024-02-01,Success
10932,10932,UPI,21972.21,2023-09-26,Success
10933,10933,UPI,3274.68,2022-07-07,Success
10934,10934,Credit Card,29632.3,2024-09-11,Success
10935,10935,Net Banking,6072.8,2024-04-15,Success
10936,10936,Net Banking,23155.17,2025-05-21,Success
10937,10937,Wallet,119823.27,2022-12-12,Success
10938,10938,Wallet,40774.15,2022-05-02,Success
10939,10939,COD,114254.97,2025-08-24,Failed
10940,10940,UPI,111750.98,2023-03-05,Success
10941,10941,UPI,26257.7,2024-10-17,Success
10942,10942,UPI,55560.99,2025-03-13,Success
10943,10943,UPI,70465.69,2025-02-21,Success
10944,10944,Credit Card,72088.7,2022-12-26,Success
10945,10945,Net Banking,102931.92,2022-05-26,Success
10946,10946,UPI,38543.94,2025-08-05,Success
10947,10947,Credit Card,20971.58,2025-09-03,Success
10948,10948,Credit Card,141772.78,2022-06-07,Refunded
10949,10949,COD,2449.21,2025-02-10,Success
10950,10950,Debit Card,43208.82,2024-09-15,Success
10951,10951,UPI,13136.19,2023-08-18,Success
10952,10952,Net Banking,34812.54,2022-01-06,Failed
10953,10953,Debit Card,57954.05,2022-09-03,Failed
10954,10954,UPI,53461.6,2023-10-07,Success
10955,10955,Wallet,50525.9,2023-10-14,Success
10956,10956,UPI,36500.22,2025-05-30,Success
10957,10957,Debit Card,53626.06,2023-08-13,Success
10958,10958,Credit Card,20867.37,2024-09-01,Success
10959,10959,Credit Card,65107.8,2022-03-05,Success
10960,10960,Debit Card,20405.45,2022-05-25,Failed
10961,10961,Wallet,199.62,2025-01-02,Refunded
10962,10962,Debit Card,106940.57,2022-09-28,Success
10963,10963,COD,86398.1,2022-11-30,Success
10964,10964,Wallet,37451.93,2025-10-29,Success
10965,10965,Net Banking,27606.29,2024-04-27,Success
10966,10966,UPI,35033.01,2025-06-07,Success
10967,10967,Net Banking,40634.75,2024-09-17,Success
10968,10968,COD,68777.6,2022-08-09,Success
10969,10969,Net Banking,19676.84,2023-03-28,Success
10970,10970,Credit Card,30834.85,2022-11-17,Success
10971,10971,COD,59637.8,2025-03-09,Refunded
10972,10972,Debit Card,168286.02,2023-09-13,Failed
10973,10973,Debit Card,27621.93,2025-09-08,Success
10974,10974,Net Banking,7833.52,2025-02-22,Success
10975,10975,Wallet,103562.92,2025-03-15,Success
10976,10976,UPI,39529.65,2023-07-07,Refunded
10977,10977,Net Banking,128159.4,2023-11-21,Success
10978,10978,Credit Card,4654.01,2025-05-09,Success
10979,10979,UPI,120116.36,2024-12-30,Success
10980,10980,COD,74447.48,2024-08-10,Refunded
10981,10981,Debit Card,48926.11,2022-06-24,Success
10982,10982,COD,40198.56,2025-11-25,Success
10983,10983,Wallet,45067.32,2022-09-09,Success
10984,10984,COD,7159.99,2025-01-06,Success
10985,10985,UPI,141252.7,2022-06-26,Success
10986,10986,Wallet,78193.59,2022-07-02,Success
10987,10987,UPI,16540.46,2022-07-11,Success
10988,10988,Credit Card,6822.27,2023-12-17,Failed
10989,10989,COD,40811.46,2023-01-13,Success
10990,10990,Credit Card,266986.45,2025-12-02,Success
10991,10991,COD,147115.84,2025-08-19,Success
10992,10992,Debit Card,69769.01,2024-04-15,Refunded
10993,10993,Net Banking,112671.02,2024-07-16,Failed
10994,10994,Wallet,25334.06,2022-02-06,Success
10995,10995,COD,62400.0,2023-05-30,Success
10996,10996,Debit Card,143717.65,2022-10-31,Success
10997,10997,UPI,5844.25,2025-04-01,Refunded
10998,10998,COD,108286.09,2022-05-31,Refunded
10999,10999,UPI,148229.64,2025-09-10,Success
11000,11000,Wallet,69187.92,2024-11-06,Success
11001,11001,Wallet,59714.15,2022-11-01,Success
11002,11002,COD,31383.95,2022-05-03,Success
11003,11003,Debit Card,82309.34,2023-02-04,Success
11004,11004,Credit Card,30600.08,2024-12-18,Failed
11005,11005,Credit Card,208352.35,2023-05-26,Refunded
11006,11006,Net Banking,96963.39,2022-01-26,Success
11007,11007,Debit Card,38947.99,2022-06-26,Success
11008,11008,Credit Card,60989.25,2025-11-05,Failed
11009,11009,Credit Card,79278.76,2025-02-11,Success
11010,11010,Credit Card,60557.22,2025-02-17,Success
11011,11011,UPI,94290.59,2024-06-02,Success
11012,11012,Debit Card,106797.79,2023-09-19,Success
11013,11013,Net Banking,109846.64,2024-02-01,Refunded
11014,11014,Debit Card,18804.99,2025-07-09,Success
11015,11015,UPI,84245.44,2025-08-02,Refunded
11016,11016,Wallet,186238.77,2024-11-23,Success
11017,11017,Debit Card,57821.6,2023-07-19,Success
11018,11018,UPI,35304.68,2023-07-29,Success
11019,11019,Net Banking,53136.38,2022-10-26,Success
11020,11020,UPI,63928.23,2024-07-11,Success
11021,11021,Debit Card,28513.3,2024-04-20,Success
11022,11022,Debit Card,107236.07,2023-07-29,Success
11023,11023,Net Banking,17426.18,2023-03-21,Success
11024,11024,Net Banking,82804.24,2024-10-06,Success
11025,11025,Wallet,171372.19,2024-03-25,Success
11026,11026,UPI,47475.83,2025-07-30,Success
11027,11027,Net Banking,83449.2,2025-01-18,Success
11028,11028,COD,166637.14,2024-04-29,Success
11029,11029,Credit Card,99690.94,2024-12-15,Success
11030,11030,UPI,28826.2,2025-02-08,Success
11031,11031,Debit Card,94529.14,2023-03-13,Success
11032,11032,COD,121199.69,2025-06-01,Success
11033,11033,UPI,13506.74,2023-04-04,Success
11034,11034,COD,2083.21,2025-05-09,Success
11035,11035,Credit Card,147257.13,2022-09-24,Failed
11036,11036,COD,99952.98,2023-11-06,Success
11037,11037,Credit Card,120288.88,2024-05-24,Refunded
11038,11038,Debit Card,55881.62,2022-10-15,Failed
11039,11039,Net Banking,3878.34,2023-07-01,Success
11040,11040,COD,148556.26,2025-04-10,Success
11041,11041,Credit Card,9758.73,2022-10-23,Success
11042,11042,Net Banking,119538.52,2025-11-08,Success
11043,11043,COD,125153.16,2025-07-07,Refunded
11044,11044,Wallet,56712.47,2024-02-04,Success
11045,11045,UPI,145776.34,2022-05-02,Refunded
11046,11046,Credit Card,87577.99,2023-04-08,Success
11047,11047,Debit Card,97297.66,2024-10-06,Success
11048,11048,Credit Card,46282.67,2023-12-10,Refunded
11049,11049,Credit Card,72791.35,2024-08-14,Refunded
11050,11050,Debit Card,13600.6,2022-06-06,Success
11051,11051,Net Banking,82937.91,2022-12-09,Success
11052,11052,Net Banking,118970.99,2025-03-07,Success
11053,11053,UPI,2310.38,2024-12-22,Refunded
11054,11054,Net Banking,126581.83,2023-07-19,Success
11055,11055,Credit Card,161584.98,2023-01-28,Success
11056,11056,Wallet,212173.6,2024-11-04,Refunded
11057,11057,Debit Card,79451.05,2022-05-28,Failed
11058,11058,Credit Card,27814.46,2022-08-28,Success
11059,11059,Net Banking,11233.76,2022-03-03,Success
11060,11060,Credit Card,101900.29,2024-08-26,Success
11061,11061,Wallet,37184.26,2023-03-29,Success
11062,11062,Net Banking,46802.3,2022-01-25,Success
11063,11063,UPI,72890.18,2025-09-23,Refunded
11064,11064,Debit Card,157131.48,2024-03-04,Failed
11065,11065,Credit Card,8343.83,2022-01-26,Success
11066,11066,Wallet,46120.71,2023-12-29,Refunded
11067,11067,Debit Card,2581.81,2022-01-23,Failed
11068,11068,COD,140040.46,2023-05-04,Success
11069,11069,Credit Card,10207.96,2024-11-15,Success
11070,11070,Debit Card,129760.62,2024-04-08,Success
11071,11071,Net Banking,25982.08,2023-05-17,Success
11072,11072,Net Banking,105683.23,2024-09-09,Success
11073,11073,Credit Card,85925.48,2023-10-15,Failed
11074,11074,Credit Card,1550.5,2022-12-17,Success
11075,11075,UPI,2244.12,2024-04-23,Success
11076,11076,UPI,43401.36,2022-02-03,Success
11077,11077,COD,73082.56,2023-11-09,Success
11078,11078,UPI,26486.69,2022-01-14,Success
11079,11079,Credit Card,39181.02,2022-02-05,Success
11080,11080,UPI,60409.78,2024-08-19,Success
11081,11081,Credit Card,69745.71,2022-12-04,Failed
11082,11082,Net Banking,63866.52,2025-12-13,Success
11083,11083,Credit Card,140209.57,2025-06-26,Success
11084,11084,COD,97776.69,2025-12-20,Success
11085,11085,Credit Card,20718.14,2023-05-18,Success
11086,11086,COD,12966.1,2024-11-19,Success
11087,11087,Credit Card,907.58,2022-11-17,Success
11088,11088,Debit Card,64867.29,2025-04-12,Success
11089,11089,Debit Card,74033.18,2022-06-27,Success
11090,11090,UPI,78491.06,2024-05-30,Failed
11091,11091,COD,66587.72,2024-02-19,Success
11092,11092,COD,52209.24,2022-09-22,Success
11093,11093,Credit Card,78622.14,2023-01-25,Refunded
11094,11094,UPI,61910.41,2024-08-27,Success
11095,11095,Wallet,60696.36,2022-05-25,Success
11096,11096,Wallet,135399.81,2025-06-03,Success
11097,11097,Credit Card,8878.98,2023-04-27,Success
11098,11098,Wallet,106813.01,2023-03-08,Success
11099,11099,Credit Card,98340.09,2025-08-15,Refunded
11100,11100,UPI,127074.58,2025-04-14,Refunded
11101,11101,Debit Card,164786.76,2025-10-03,Success
11102,11102,Net Banking,28126.04,2022-10-08,Success
11103,11103,Debit Card,45634.41,2024-12-13,Success
11104,11104,Wallet,25323.78,2022-06-19,Success
11105,11105,UPI,78407.55,2024-07-02,Success
11106,11106,UPI,40454.91,2025-02-08,Refunded
11107,11107,Wallet,77626.4,2025-11-14,Success
11108,11108,Net Banking,5423.74,2022-09-30,Success
11109,11109,UPI,121014.9,2025-08-04,Refunded
11110,11110,Wallet,24268.45,2025-10-13,Success
11111,11111,COD,108080.25,2022-02-13,Success
11112,11112,COD,27155.38,2022-02-16,Success
11113,11113,COD,40198.56,2024-07-05,Success
11114,11114,Wallet,55243.43,2022-11-15,Refunded
11115,11115,Credit Card,32948.16,2024-08-14,Success
11116,11116,Wallet,169821.38,2024-12-13,Success
11117,11117,Credit Card,39010.72,2022-05-29,Refunded
11118,11118,UPI,47617.92,2022-09-21,Refunded
11119,11119,Debit Card,78135.29,2024-09-05,Success
11120,11120,UPI,172572.54,2024-07-06,Success
11121,11121,Debit Card,71571.05,2025-09-10,Success
11122,11122,Debit Card,10080.09,2023-04-14,Success
11123,11123,COD,61316.93,2022-05-30,Success
11124,11124,Net Banking,61981.37,2025-02-17,Success
11125,11125,Net Banking,19542.1,2023-11-14,Success
11126,11126,Net Banking,74670.58,2022-07-09,Refunded
11127,11127,Wallet,73256.82,2023-09-14,Success
11128,11128,Wallet,59825.87,2023-07-26,Success
11129,11129,Net Banking,56016.85,2025-10-07,Success
11130,11130,Wallet,45496.38,2023-09-19,Success
11131,11131,COD,92310.98,2022-01-03,Success
11132,11132,Wallet,14811.7,2025-05-16,Success
11133,11133,Wallet,3795.48,2023-11-13,Refunded
11134,11134,COD,59208.18,2022-12-05,Success
11135,11135,UPI,3927.34,2024-04-22,Success
11136,11136,UPI,19488.59,2025-01-03,Success
11137,11137,COD,57227.28,2025-07-15,Success
11138,11138,UPI,47758.07,2022-07-14,Refunded
11139,11139,Wallet,31579.67,2023-01-10,Failed
11140,11140,UPI,260896.67,2023-10-29,Success
11141,11141,Net Banking,106749.8,2024-12-10,Success
11142,11142,Net Banking,77274.3,2025-04-08,Success
11143,11143,COD,63677.28,2023-12-17,Success
11144,11144,COD,63732.97,2023-08-17,Refunded
11145,11145,Debit Card,31454.35,2025-04-07,Success
11146,11146,Credit Card,24406.32,2024-06-13,Refunded
11147,11147,Wallet,84437.47,2022-08-27,Success
11148,11148,Wallet,16866.97,2024-03-05,Success
11149,11149,COD,24483.2,2025-09-15,Success
11150,11150,UPI,3443.85,2025-08-14,Success
11151,11151,Net Banking,1547.5,2022-04-13,Success
11152,11152,Wallet,28772.83,2024-07-23,Refunded
11153,11153,Credit Card,212305.38,2023-12-31,Failed
11154,11154,COD,38525.36,2023-01-24,Success
11155,11155,Credit Card,60508.39,2023-04-06,Success
11156,11156,UPI,21089.39,2024-09-12,Success
11157,11157,UPI,48008.65,2023-09-22,Success
11158,11158,Debit Card,34385.4,2022-07-06,Success
11159,11159,Credit Card,2941.92,2025-07-06,Success
11160,11160,Credit Card,11937.45,2022-08-20,Success
11161,11161,Debit Card,34476.25,2023-09-25,Success
11162,11162,COD,252213.02,2022-05-07,Success
11163,11163,COD,181623.88,2023-01-20,Success
11164,11164,COD,35696.48,2023-10-19,Refunded
11165,11165,COD,17931.0,2025-09-19,Refunded
11166,11166,Net Banking,159002.86,2023-06-14,Failed
11167,11167,Credit Card,12299.36,2023-06-04,Refunded
11168,11168,Credit Card,76568.62,2025-04-01,Success
11169,11169,Net Banking,94291.27,2022-12-31,Success
11170,11170,Credit Card,56389.23,2024-04-01,Success
11171,11171,Wallet,50093.92,2024-03-29,Success
11172,11172,Debit Card,82112.76,2022-12-09,Success
11173,11173,Net Banking,55434.15,2022-08-26,Success
11174,11174,UPI,105286.31,2023-08-30,Success
11175,11175,Net Banking,53670.26,2023-05-02,Refunded
11176,11176,COD,51413.42,2023-10-20,Success
11177,11177,Net Banking,65305.63,2024-10-05,Success
11178,11178,UPI,24850.07,2022-11-28,Success
11179,11179,Credit Card,32589.6,2023-07-17,Success
11180,11180,UPI,20350.63,2023-07-22,Success
11181,11181,Net Banking,54235.88,2025-08-28,Success
11182,11182,UPI,52891.13,2024-02-29,Success
11183,11183,COD,71559.71,2024-06-10,Success
11184,11184,COD,77539.82,2022-10-26,Success
11185,11185,COD,83406.54,2023-07-02,Failed
11186,11186,Net Banking,139943.19,2025-02-09,Success
11187,11187,Credit Card,122308.73,2025-05-13,Success
11188,11188,Net Banking,45793.45,2024-08-26,Success
11189,11189,Credit Card,34982.99,2025-03-16,Failed
11190,11190,Net Banking,61192.89,2025-10-06,Success
11191,11191,Wallet,42399.23,2023-12-04,Success
11192,11192,Debit Card,16907.63,2022-06-22,Success
11193,11193,Debit Card,11935.81,2024-04-18,Success
11194,11194,Credit Card,22490.53,2025-06-06,Success
11195,11195,Wallet,151265.33,2024-04-17,Success
11196,11196,COD,104389.92,2025-05-12,Success
11197,11197,UPI,100866.47,2022-09-20,Success
11198,11198,Wallet,89133.37,2022-12-05,Success
11199,11199,Debit Card,16613.94,2024-09-30,Success
11200,11200,Net Banking,121019.85,2023-10-01,Success
11201,11201,Credit Card,59695.4,2022-01-04,Success
11202,11202,Net Banking,47483.23,2024-03-12,Failed
11203,11203,Net Banking,14213.7,2025-07-16,Success
11204,11204,UPI,13009.79,2022-09-18,Failed
11205,11205,Wallet,77077.3,2024-01-25,Success
11206,11206,COD,70406.4,2025-08-14,Refunded
11207,11207,Net Banking,35015.64,2022-10-17,Success
11208,11208,COD,58231.93,2023-09-15,Success
11209,11209,Debit Card,21957.45,2022-05-04,Failed
11210,11210,COD,50169.76,2024-10-17,Success
11211,11211,COD,9151.18,2024-08-27,Success
11212,11212,Debit Card,38033.48,2024-11-11,Refunded
11213,11213,Wallet,95469.0,2023-12-06,Success
11214,11214,Wallet,169610.49,2023-08-28,Success
11215,11215,Wallet,176609.5,2024-07-19,Success
11216,11216,Net Banking,44324.77,2022-01-11,Success
11217,11217,UPI,55906.32,2022-07-08,Success
11218,11218,COD,44235.09,2022-08-18,Success
11219,11219,Net Banking,23254.44,2025-08-14,Success
11220,11220,Credit Card,1705.57,2025-06-16,Success
11221,11221,Debit Card,205738.33,2023-06-19,Success
11222,11222,UPI,55697.32,2022-12-25,Success
11223,11223,Net Banking,62902.14,2023-08-04,Refunded
11224,11224,UPI,52663.76,2025-08-14,Success
11225,11225,Debit Card,224711.15,2025-09-07,Success
11226,11226,COD,10750.23,2023-11-10,Success
11227,11227,COD,58718.44,2025-10-01,Success
11228,11228,Debit Card,19758.44,2024-12-02,Failed
11229,11229,Net Banking,82063.81,2023-03-31,Success
11230,11230,Net Banking,14825.98,2023-09-05,Success
11231,11231,Credit Card,111874.74,2023-01-27,Success
11232,11232,COD,12567.07,2023-12-08,Refunded
11233,11233,Wallet,22628.75,2025-11-05,Success
11234,11234,COD,131744.06,2022-11-10,Success
11235,11235,Credit Card,16141.69,2022-12-26,Success
11236,11236,COD,33285.23,2023-07-28,Refunded
11237,11237,UPI,42524.29,2025-10-11,Success
11238,11238,Wallet,7938.4,2024-01-28,Success
11239,11239,Debit Card,122768.08,2025-03-10,Refunded
11240,11240,Debit Card,42652.86,2022-01-27,Success
11241,11241,Wallet,25789.05,2024-01-16,Success
11242,11242,UPI,65528.57,2023-02-19,Success
11243,11243,COD,115009.91,2024-07-28,Success
11244,11244,Net Banking,24941.4,2024-02-25,Success
11245,11245,Debit Card,83236.77,2025-05-28,Success
11246,11246,UPI,18514.27,2024-08-13,Refunded
11247,11247,Debit Card,108752.76,2023-04-07,Success
11248,11248,UPI,52245.43,2023-03-10,Success
11249,11249,Wallet,112350.03,2024-12-06,Success
11250,11250,Credit Card,139683.13,2022-05-27,Success
11251,11251,UPI,82506.34,2024-09-16,Success
11252,11252,Wallet,4730.75,2025-05-19,Success
11253,11253,COD,21588.89,2025-02-21,Success
11254,11254,Credit Card,29858.44,2023-01-16,Success
11255,11255,UPI,78122.23,2025-03-29,Success
11256,11256,Debit Card,32947.23,2023-02-14,Success
11257,11257,COD,45932.02,2024-11-09,Success
11258,11258,Wallet,88721.75,2022-10-06,Success
11259,11259,Debit Card,52040.91,2025-12-12,Success
11260,11260,COD,190561.74,2023-02-26,Success
11261,11261,Credit Card,166275.74,2022-01-13,Success
11262,11262,COD,63174.39,2022-08-23,Refunded
11263,11263,UPI,53955.1,2024-05-24,Success
11264,11264,Net Banking,102473.47,2022-02-01,Success
11265,11265,COD,82416.3,2024-01-04,Success
11266,11266,Debit Card,24892.44,2023-02-02,Success
11267,11267,COD,60379.94,2025-07-27,Success
11268,11268,Wallet,95623.47,2024-08-18,Failed
11269,11269,Net Banking,8151.5,2024-08-11,Success
11270,11270,UPI,42463.03,2022-01-06,Success
11271,11271,Credit Card,32827.74,2023-09-14,Success
11272,11272,UPI,97205.79,2023-04-19,Success
11273,11273,Net Banking,77179.31,2025-03-25,Success
11274,11274,Debit Card,31141.36,2023-09-03,Success
11275,11275,COD,15080.41,2023-02-12,Success
11276,11276,Debit Card,85918.88,2024-08-19,Success
11277,11277,Debit Card,89034.1,2022-08-07,Success
11278,11278,Credit Card,93722.19,2022-08-09,Success
11279,11279,Wallet,49324.76,2024-04-30,Success
11280,11280,Net Banking,30819.3,2022-03-03,Refunded
11281,11281,Wallet,119493.66,2024-10-15,Success
11282,11282,Credit Card,137207.75,2024-02-07,Success
11283,11283,UPI,43074.16,2022-06-30,Success
11284,11284,Credit Card,148048.82,2025-09-25,Success
11285,11285,UPI,47541.88,2025-05-06,Success
11286,11286,Credit Card,85377.79,2022-08-16,Success
11287,11287,Debit Card,226452.59,2024-01-15,Success
11288,11288,Debit Card,7591.0,2022-10-18,Success
11289,11289,Credit Card,134842.83,2025-04-20,Success
11290,11290,Debit Card,107402.17,2024-03-10,Success
11291,11291,Credit Card,29698.04,2023-01-09,Success
11292,11292,Credit Card,59215.78,2022-11-05,Success
11293,11293,COD,22917.84,2022-07-14,Success
11294,11294,Credit Card,87128.34,2025-07-18,Success
11295,11295,UPI,37756.2,2025-01-27,Failed
11296,11296,Debit Card,133697.32,2024-06-12,Refunded
11297,11297,UPI,64356.86,2025-05-31,Success
11298,11298,UPI,137054.93,2025-05-23,Success
11299,11299,COD,100766.7,2022-12-29,Failed
11300,11300,Wallet,30615.89,2024-04-08,Refunded
11301,11301,Wallet,46477.91,2023-03-18,Success
11302,11302,Wallet,75716.28,2023-07-19,Success
11303,11303,Net Banking,46494.91,2022-02-02,Success
11304,11304,Wallet,263987.62,2024-05-23,Success
11305,11305,Debit Card,24837.99,2024-12-28,Refunded
11306,11306,COD,97411.37,2022-04-02,Success
11307,11307,Net Banking,40014.0,2025-01-13,Refunded
11308,11308,Wallet,37546.61,2022-10-19,Failed
11309,11309,UPI,65007.68,2022-11-22,Success
11310,11310,Wallet,76478.84,2023-02-20,Refunded
11311,11311,COD,66782.99,2024-09-30,Success
11312,11312,Net Banking,35323.9,2025-05-08,Success
11313,11313,Debit Card,32893.94,2024-01-11,Success
11314,11314,Credit Card,53155.8,2022-05-01,Success
11315,11315,UPI,63153.66,2023-02-14,Success
11316,11316,UPI,258989.06,2025-03-23,Success
11317,11317,COD,89894.18,2022-10-31,Success
11318,11318,Net Banking,2585.56,2025-08-01,Success
11319,11319,UPI,48526.41,2023-02-26,Success
11320,11320,Wallet,127000.04,2024-01-25,Success
11321,11321,Credit Card,71301.98,2025-08-27,Success
11322,11322,Debit Card,67150.47,2022-04-08,Success
11323,11323,UPI,74213.96,2023-06-19,Success
11324,11324,Debit Card,18694.56,2022-03-07,Success
11325,11325,UPI,26330.98,2024-09-18,Success
11326,11326,UPI,112600.11,2023-05-25,Failed
11327,11327,Net Banking,242585.57,2025-06-09,Success
11328,11328,Wallet,103676.75,2025-11-14,Success
11329,11329,Wallet,19469.76,2024-09-20,Success
11330,11330,Debit Card,11068.34,2023-01-22,Success
11331,11331,Credit Card,97574.22,2023-06-24,Success
11332,11332,Debit Card,17172.15,2023-02-13,Success
11333,11333,Wallet,10391.97,2024-06-02,Success
11334,11334,Credit Card,123551.48,2024-03-27,Success
11335,11335,Credit Card,151837.88,2025-05-16,Refunded
11336,11336,Credit Card,91564.46,2022-04-12,Success
11337,11337,Wallet,48105.0,2025-11-27,Success
11338,11338,Wallet,83439.22,2025-10-19,Success
11339,11339,Debit Card,72291.29,2022-10-12,Failed
11340,11340,Debit Card,9053.06,2022-11-11,Success
11341,11341,Debit Card,17781.58,2025-07-21,Success
11342,11342,Wallet,31335.03,2024-10-19,Success
11343,11343,Wallet,31650.51,2022-10-17,Success
11344,11344,Credit Card,228943.63,2025-04-25,Failed
11345,11345,COD,96543.28,2025-08-10,Success
11346,11346,Wallet,54558.44,2025-07-08,Refunded
11347,11347,Credit Card,41770.24,2022-08-21,Success
11348,11348,Credit Card,96287.67,2025-07-13,Success
11349,11349,Credit Card,77899.76,2024-04-28,Success
11350,11350,Credit Card,566.69,2022-06-13,Success
11351,11351,Credit Card,98778.68,2023-05-05,Refunded
11352,11352,Wallet,18578.56,2024-06-23,Success
11353,11353,COD,51846.32,2025-10-05,Success
11354,11354,UPI,11726.46,2025-03-09,Refunded
11355,11355,UPI,107200.58,2025-04-20,Success
11356,11356,Debit Card,60711.0,2023-05-15,Success
11357,11357,COD,14181.13,2023-02-26,Success
11358,11358,UPI,57643.8,2025-05-30,Success
11359,11359,Net Banking,33895.72,2024-10-07,Success
11360,11360,Debit Card,45159.22,2023-03-27,Success
11361,11361,Debit Card,135902.12,2024-03-15,Success
11362,11362,Credit Card,72881.18,2022-12-12,Success
11363,11363,Net Banking,13338.0,2025-12-07,Success
11364,11364,UPI,169635.54,2025-12-11,Failed
11365,11365,Net Banking,215232.31,2023-03-22,Failed
11366,11366,Debit Card,59921.12,2025-05-15,Success
11367,11367,UPI,103901.92,2022-08-03,Success
11368,11368,Credit Card,71160.27,2025-05-13,Success
11369,11369,Net Banking,12417.55,2025-01-05,Success
11370,11370,Credit Card,66514.03,2022-03-31,Success
11371,11371,Debit Card,80520.59,2023-04-27,Success
11372,11372,Wallet,145847.48,2023-10-07,Success
11373,11373,COD,21083.44,2022-01-14,Success
11374,11374,COD,41413.53,2025-10-31,Success
11375,11375,Debit Card,19475.9,2024-12-02,Success
11376,11376,COD,157639.0,2023-01-22,Success
11377,11377,Credit Card,187494.65,2025-02-25,Success
11378,11378,Net Banking,164468.81,2025-02-14,Success
11379,11379,Credit Card,155169.98,2025-08-29,Success
11380,11380,Debit Card,73099.25,2022-06-11,Success
11381,11381,COD,25375.66,2025-08-04,Success
11382,11382,Net Banking,42572.03,2022-06-24,Success
11383,11383,COD,96011.85,2023-03-25,Success
11384,11384,Net Banking,109828.57,2024-01-03,Success
11385,11385,Credit Card,23075.33,2023-04-02,Failed
11386,11386,COD,125836.54,2025-03-01,Success
11387,11387,Credit Card,70845.95,2025-01-06,Success
11388,11388,UPI,49547.06,2024-12-02,Failed
11389,11389,COD,47504.32,2023-09-25,Success
11390,11390,UPI,34916.39,2025-12-01,Refunded
11391,11391,Credit Card,99786.99,2022-11-27,Success
11392,11392,UPI,116488.38,2022-08-04,Success
11393,11393,UPI,132229.89,2022-06-01,Refunded
11394,11394,COD,2023.2,2022-10-05,Success
11395,11395,Net Banking,16430.57,2025-08-07,Failed
11396,11396,Debit Card,17220.52,2022-01-13,Success
11397,11397,COD,67573.28,2022-08-26,Success
11398,11398,Net Banking,81521.09,2023-07-23,Success
11399,11399,Debit Card,130565.4,2023-01-14,Success
11400,11400,Net Banking,30027.44,2024-11-20,Success
11401,11401,Debit Card,69335.12,2024-03-03,Success
11402,11402,UPI,30345.23,2025-05-26,Refunded
11403,11403,Net Banking,14591.83,2022-02-13,Success
11404,11404,Debit Card,98309.34,2023-12-20,Refunded
11405,11405,COD,170562.35,2024-06-27,Refunded
11406,11406,Credit Card,19876.83,2023-11-27,Success
11407,11407,Credit Card,33808.58,2023-03-05,Success
11408,11408,Credit Card,25730.28,2022-07-01,Success
11409,11409,UPI,904.96,2024-10-15,Refunded
11410,11410,COD,115508.14,2023-10-05,Success
11411,11411,Debit Card,58192.2,2024-04-11,Success
11412,11412,Net Banking,49522.89,2022-04-16,Refunded
11413,11413,Debit Card,267233.73,2025-02-16,Refunded
11414,11414,Wallet,105805.47,2023-04-11,Refunded
11415,11415,Credit Card,48616.56,2023-07-11,Success
11416,11416,Net Banking,105172.33,2023-09-02,Success
11417,11417,Debit Card,89384.06,2023-03-21,Success
11418,11418,COD,144519.63,2024-03-29,Success
11419,11419,COD,26598.95,2023-02-02,Success
11420,11420,Credit Card,40782.9,2022-05-30,Success
11421,11421,UPI,17827.78,2023-10-15,Refunded
11422,11422,Credit Card,36684.76,2024-09-18,Success
11423,11423,Net Banking,83960.26,2023-10-18,Success
11424,11424,UPI,22095.32,2022-11-25,Failed
11425,11425,Net Banking,80668.77,2022-09-15,Success
11426,11426,Net Banking,159168.57,2025-08-21,Success
11427,11427,Net Banking,93541.88,2024-01-30,Success
11428,11428,UPI,318.76,2022-01-18,Success
11429,11429,Credit Card,33923.82,2022-09-05,Success
11430,11430,Wallet,48911.19,2022-02-07,Refunded
11431,11431,Net Banking,56376.05,2025-11-21,Success
11432,11432,Debit Card,73213.22,2022-07-22,Success
11433,11433,COD,33155.93,2024-01-20,Success
11434,11434,Wallet,81112.79,2022-03-14,Success
11435,11435,Debit Card,65659.88,2024-02-16,Refunded
11436,11436,Wallet,64805.97,2025-07-14,Success
11437,11437,UPI,141778.24,2024-06-09,Success
11438,11438,Net Banking,122032.65,2024-10-24,Refunded
11439,11439,Wallet,46785.36,2025-05-11,Refunded
11440,11440,COD,39944.86,2022-03-26,Success
11441,11441,UPI,28088.67,2024-11-30,Success
11442,11442,Credit Card,90055.77,2024-04-24,Success
11443,11443,Wallet,135740.51,2024-06-21,Success
11444,11444,Credit Card,51975.76,2025-09-01,Success
11445,11445,COD,82719.63,2022-07-15,Success
11446,11446,Wallet,98166.77,2023-09-28,Success
11447,11447,Credit Card,124723.25,2022-04-13,Success
11448,11448,COD,107197.36,2024-05-05,Success
11449,11449,UPI,65637.81,2024-09-23,Success
11450,11450,COD,62389.53,2025-12-08,Success
11451,11451,Credit Card,114719.87,2025-02-05,Refunded
11452,11452,UPI,68981.6,2022-01-08,Success
11453,11453,Credit Card,11819.66,2023-05-24,Refunded
11454,11454,Net Banking,27314.08,2023-08-29,Success
11455,11455,UPI,58307.54,2023-12-24,Refunded
11456,11456,Debit Card,88438.02,2022-01-12,Success
11457,11457,Net Banking,121628.99,2024-12-23,Success
11458,11458,Net Banking,32468.59,2023-02-04,Success
11459,11459,Credit Card,144286.36,2022-07-23,Success
11460,11460,Wallet,94527.37,2022-04-27,Success
11461,11461,Wallet,72081.45,2024-04-21,Success
11462,11462,Net Banking,149624.52,2025-03-06,Success
11463,11463,Wallet,64958.43,2025-01-29,Refunded
11464,11464,COD,18261.96,2024-10-20,Success
11465,11465,Net Banking,162464.1,2023-06-06,Success
11466,11466,Net Banking,61309.67,2024-09-02,Success
11467,11467,UPI,115314.97,2023-04-30,Success
11468,11468,Credit Card,88998.33,2024-12-28,Success
11469,11469,UPI,21697.08,2023-03-24,Success
11470,11470,UPI,23564.5,2024-03-09,Success
11471,11471,Debit Card,64047.93,2022-11-30,Failed
11472,11472,COD,116831.97,2025-09-18,Refunded
11473,11473,Debit Card,8254.82,2023-04-27,Success
11474,11474,Debit Card,26458.28,2023-06-28,Success
11475,11475,UPI,57465.08,2025-06-10,Success
11476,11476,UPI,111148.56,2023-11-16,Refunded
11477,11477,Debit Card,113858.06,2023-11-02,Success
11478,11478,COD,11185.89,2022-10-04,Success
11479,11479,Wallet,72305.05,2023-05-16,Success
11480,11480,Net Banking,60247.49,2024-11-10,Success
11481,11481,Wallet,1926.42,2022-02-09,Success
11482,11482,Credit Card,45955.43,2025-05-01,Success
11483,11483,COD,4100.19,2024-05-08,Success
11484,11484,Wallet,297.67,2022-08-08,Success
11485,11485,Net Banking,28492.02,2024-04-09,Success
11486,11486,UPI,82702.32,2024-01-08,Success
11487,11487,Credit Card,137322.68,2023-02-10,Success
11488,11488,UPI,50499.86,2024-10-23,Refunded
11489,11489,Wallet,128516.37,2025-11-18,Success
11490,11490,Credit Card,11516.8,2022-06-21,Success
11491,11491,Net Banking,46204.13,2023-06-05,Success
11492,11492,Credit Card,97571.57,2024-04-27,Success
11493,11493,Net Banking,43892.75,2025-07-02,Refunded
11494,11494,Net Banking,172257.29,2022-01-11,Success
11495,11495,Net Banking,117485.64,2026-01-01,Success
11496,11496,Debit Card,95684.38,2024-08-16,Success
11497,11497,Debit Card,4370.84,2023-01-20,Success
11498,11498,Net Banking,49438.58,2024-01-27,Success
11499,11499,Debit Card,104111.02,2022-12-06,Success
11500,11500,Wallet,86065.78,2025-08-05,Success
11501,11501,COD,35627.45,2025-05-25,Success
11502,11502,Credit Card,60317.2,2023-02-22,Success
11503,11503,UPI,139162.86,2025-02-27,Success
11504,11504,Debit Card,12741.85,2023-03-07,Success
11505,11505,COD,133676.07,2022-07-15,Success
11506,11506,Net Banking,163128.07,2024-10-22,Success
11507,11507,UPI,133235.73,2025-10-28,Failed
11508,11508,Debit Card,25421.79,2022-11-08,Success
11509,11509,Debit Card,119016.06,2023-10-25,Failed
11510,11510,COD,24863.65,2024-01-27,Success
11511,11511,Debit Card,54742.55,2024-05-05,Success
11512,11512,Credit Card,56302.86,2023-07-09,Refunded
11513,11513,Wallet,151818.98,2023-12-17,Refunded
11514,11514,Net Banking,54825.7,2024-11-17,Success
11515,11515,Net Banking,37550.25,2022-09-30,Success
11516,11516,Wallet,26479.88,2022-04-09,Success
11517,11517,Net Banking,10772.97,2024-06-22,Success
11518,11518,Debit Card,25511.86,2022-11-12,Success
11519,11519,Net Banking,204189.23,2022-12-02,Refunded
11520,11520,Credit Card,58609.22,2025-05-18,Success
11521,11521,Wallet,119404.8,2023-10-10,Success
11522,11522,UPI,38807.02,2025-09-19,Success
11523,11523,Credit Card,101404.03,2023-11-15,Success
11524,11524,Net Banking,46604.14,2023-10-10,Success
11525,11525,Net Banking,61832.73,2024-02-01,Success
11526,11526,Wallet,179612.84,2022-01-22,Success
11527,11527,Net Banking,45642.84,2024-10-05,Success
11528,11528,COD,142860.35,2023-08-11,Refunded
11529,11529,Net Banking,73867.85,2022-06-16,Success
11530,11530,Debit Card,135259.4,2025-10-01,Success
11531,11531,Debit Card,52594.51,2023-03-19,Success
11532,11532,Wallet,112988.81,2025-08-23,Failed
11533,11533,Debit Card,51493.78,2022-01-24,Success
11534,11534,COD,75640.77,2024-06-10,Success
11535,11535,Credit Card,81775.88,2022-10-02,Success
11536,11536,Credit Card,38981.82,2025-01-16,Success
11537,11537,Net Banking,124748.8,2025-10-27,Success
11538,11538,UPI,49095.35,2024-04-13,Success
11539,11539,COD,66311.73,2025-11-20,Success
11540,11540,Debit Card,117087.71,2023-09-09,Refunded
11541,11541,Net Banking,32656.41,2025-05-04,Success
11542,11542,Net Banking,4636.39,2025-05-18,Refunded
11543,11543,Net Banking,50636.09,2025-01-04,Success
11544,11544,COD,34415.48,2024-08-23,Failed
11545,11545,Net Banking,25965.32,2024-12-17,Success
11546,11546,Wallet,12262.63,2024-06-07,Success
11547,11547,UPI,56083.95,2023-04-15,Success
11548,11548,Net Banking,14642.63,2022-08-07,Success
11549,11549,COD,90490.75,2025-08-14,Success
11550,11550,Debit Card,33314.22,2025-04-14,Success
11551,11551,COD,15578.73,2023-11-26,Success
11552,11552,Debit Card,51454.91,2022-06-24,Success
11553,11553,UPI,197836.42,2025-10-05,Success
11554,11554,Credit Card,142735.32,2024-01-29,Failed
11555,11555,UPI,28897.99,2025-01-08,Success
11556,11556,COD,138530.74,2022-08-20,Failed
11557,11557,Credit Card,29304.61,2024-05-11,Success
11558,11558,Credit Card,120826.29,2024-06-14,Success
11559,11559,Wallet,59821.52,2022-02-12,Success
11560,11560,Wallet,17157.16,2022-05-02,Success
11561,11561,Wallet,31270.55,2024-01-27,Success
11562,11562,Debit Card,256068.06,2024-07-07,Failed
11563,11563,Net Banking,206335.53,2025-09-10,Refunded
11564,11564,Net Banking,106473.45,2023-10-11,Success
11565,11565,Debit Card,52632.66,2022-04-18,Success
11566,11566,UPI,48192.1,2023-12-15,Success
11567,11567,Credit Card,53673.66,2023-08-30,Success
11568,11568,Wallet,47741.48,2024-06-06,Success
11569,11569,Debit Card,22596.08,2023-03-18,Success
11570,11570,Debit Card,31205.52,2022-10-28,Success
11571,11571,Wallet,9166.77,2025-10-26,Success
11572,11572,Credit Card,11756.85,2025-09-07,Success
11573,11573,Debit Card,98512.52,2023-05-28,Success
11574,11574,COD,114489.04,2023-11-15,Refunded
11575,11575,UPI,48555.0,2024-06-12,Success
11576,11576,Debit Card,33913.53,2022-08-11,Failed
11577,11577,Credit Card,68052.73,2024-01-13,Refunded
11578,11578,Wallet,41938.59,2024-11-17,Success
11579,11579,COD,51972.15,2022-08-19,Success
11580,11580,UPI,149456.66,2022-03-19,Success
11581,11581,Wallet,29546.1,2025-07-02,Success
11582,11582,Credit Card,14452.01,2024-01-15,Success
11583,11583,Net Banking,3226.72,2024-11-22,Success
11584,11584,Wallet,69216.6,2023-04-30,Success
11585,11585,Credit Card,89311.61,2024-10-29,Success
11586,11586,Net Banking,27717.82,2023-02-03,Refunded
11587,11587,Wallet,54885.56,2023-07-06,Failed
11588,11588,Debit Card,57375.29,2025-11-09,Refunded
11589,11589,Wallet,54288.3,2024-02-25,Success
11590,11590,COD,240623.4,2025-07-08,Success
11591,11591,UPI,36824.2,2024-05-09,Success
11592,11592,Wallet,107173.25,2022-11-11,Failed
11593,11593,Debit Card,39368.74,2024-05-13,Success
11594,11594,Wallet,83024.48,2023-08-19,Success
11595,11595,Debit Card,37977.77,2025-02-17,Success
11596,11596,Credit Card,14084.68,2023-02-14,Success
11597,11597,Wallet,183164.37,2022-12-20,Success
11598,11598,Debit Card,118282.14,2022-12-31,Success
11599,11599,UPI,112757.42,2025-03-08,Success
11600,11600,UPI,165857.83,2023-10-03,Success
11601,11601,Credit Card,111927.28,2025-03-08,Success
11602,11602,UPI,118272.77,2023-05-05,Failed
11603,11603,Wallet,72746.01,2022-08-26,Success
11604,11604,Credit Card,4776.15,2025-02-21,Success
11605,11605,Wallet,11906.23,2025-08-26,Success
11606,11606,Net Banking,95991.2,2025-07-22,Success
11607,11607,Wallet,44133.41,2023-01-18,Success
11608,11608,UPI,124282.06,2024-04-07,Refunded
11609,11609,Wallet,12455.55,2025-10-19,Success
11610,11610,COD,4537.89,2022-06-28,Refunded
11611,11611,Debit Card,42385.72,2025-07-08,Success
11612,11612,Credit Card,17002.37,2022-10-24,Success
11613,11613,COD,56994.91,2025-01-09,Success
11614,11614,Net Banking,47797.24,2025-03-23,Success
11615,11615,Net Banking,114036.67,2023-02-07,Refunded
11616,11616,UPI,23808.96,2023-08-15,Success
11617,11617,Wallet,191727.16,2022-04-21,Success
11618,11618,Credit Card,177606.22,2025-03-12,Success
11619,11619,Net Banking,28191.26,2022-09-01,Refunded
11620,11620,Credit Card,122987.73,2023-03-22,Success
11621,11621,COD,14652.3,2025-09-16,Refunded
11622,11622,Wallet,150804.52,2023-03-06,Refunded
11623,11623,Debit Card,17348.81,2024-06-17,Success
11624,11624,UPI,89944.71,2023-01-24,Success
11625,11625,Wallet,34990.4,2023-01-30,Success
11626,11626,Credit Card,12010.2,2022-03-12,Success
11627,11627,Credit Card,39819.6,2022-06-01,Refunded
11628,11628,Credit Card,7405.4,2022-06-19,Failed
11629,11629,Debit Card,77382.32,2024-07-22,Success
11630,11630,UPI,121950.87,2024-08-05,Refunded
11631,11631,COD,81478.32,2022-02-11,Success
11632,11632,Debit Card,51138.24,2025-02-10,Success
11633,11633,COD,144202.08,2025-02-01,Success
11634,11634,COD,6223.73,2025-03-11,Success
11635,11635,Wallet,106650.12,2022-03-15,Success
11636,11636,Credit Card,55178.57,2025-09-12,Success
11637,11637,Credit Card,46646.03,2023-07-01,Success
11638,11638,Wallet,49012.07,2025-07-12,Success
11639,11639,Net Banking,213557.05,2022-11-21,Success
11640,11640,Credit Card,110864.34,2022-07-22,Success
11641,11641,Credit Card,160441.73,2024-01-29,Success
11642,11642,Wallet,78207.12,2025-06-03,Success
11643,11643,Wallet,10162.59,2025-03-10,Success
11644,11644,Credit Card,89356.05,2024-10-23,Success
11645,11645,Wallet,73264.61,2022-05-24,Success
11646,11646,UPI,83103.78,2023-01-16,Success
11647,11647,Credit Card,147698.55,2023-05-29,Success
11648,11648,Net Banking,20865.23,2024-08-02,Success
11649,11649,Net Banking,7041.79,2023-03-11,Success
11650,11650,Debit Card,26882.49,2024-05-30,Success
11651,11651,COD,28146.11,2022-08-18,Success
11652,11652,Wallet,41967.5,2022-09-10,Success
11653,11653,Net Banking,137929.5,2022-01-27,Success
11654,11654,Net Banking,124297.5,2025-10-12,Success
11655,11655,UPI,29674.5,2023-02-01,Success
11656,11656,UPI,58413.09,2024-05-19,Success
11657,11657,Net Banking,166453.71,2022-12-24,Success
11658,11658,Net Banking,207632.98,2025-04-09,Refunded
11659,11659,Wallet,126786.7,2023-11-22,Failed
11660,11660,COD,13570.42,2024-08-19,Success
11661,11661,Wallet,33128.05,2025-05-26,Success
11662,11662,Wallet,128072.83,2025-07-13,Success
11663,11663,Wallet,225742.95,2024-10-02,Success
11664,11664,COD,120419.85,2023-03-31,Failed
11665,11665,Debit Card,160605.68,2025-12-04,Failed
11666,11666,COD,6061.57,2023-03-21,Success
11667,11667,Net Banking,41208.54,2022-06-25,Failed
11668,11668,COD,70329.4,2025-09-08,Success
11669,11669,Wallet,61821.6,2024-05-03,Success
11670,11670,Net Banking,64017.2,2022-06-14,Success
11671,11671,UPI,28184.18,2024-01-03,Success
11672,11672,Net Banking,56966.65,2022-03-23,Success
11673,11673,Credit Card,69488.73,2022-09-02,Refunded
11674,11674,Net Banking,172743.81,2022-08-23,Success
11675,11675,Net Banking,19907.58,2022-10-29,Success
11676,11676,COD,83221.35,2023-08-03,Success
11677,11677,Wallet,57227.28,2024-06-29,Success
11678,11678,Credit Card,46946.8,2025-02-27,Success
11679,11679,UPI,33440.02,2022-07-30,Success
11680,11680,Debit Card,176441.15,2025-11-27,Success
11681,11681,Wallet,36936.81,2025-04-30,Refunded
11682,11682,Debit Card,104271.55,2025-08-14,Success
11683,11683,Wallet,34440.2,2025-03-13,Success
11684,11684,COD,13600.6,2023-06-03,Success
11685,11685,Debit Card,24783.86,2022-12-18,Success
11686,11686,COD,83856.37,2022-04-22,Success
11687,11687,Debit Card,49179.86,2024-06-01,Success
11688,11688,UPI,1242.47,2025-09-04,Success
11689,11689,Credit Card,35574.39,2023-09-11,Refunded
11690,11690,Net Banking,7476.27,2022-04-17,Success
11691,11691,Debit Card,49052.24,2023-05-10,Success
11692,11692,Wallet,103163.49,2025-11-10,Success
11693,11693,COD,122545.73,2023-09-26,Failed
11694,11694,Net Banking,90976.36,2023-08-20,Success
11695,11695,Net Banking,271383.63,2022-09-29,Success
11696,11696,UPI,150290.01,2024-02-05,Success
11697,11697,UPI,166781.69,2022-02-23,Success
11698,11698,Debit Card,70463.21,2024-09-19,Success
11699,11699,Net Banking,132105.48,2025-05-18,Success
11700,11700,Debit Card,23200.94,2023-12-20,Failed
11701,11701,Wallet,67141.89,2022-08-25,Success
11702,11702,Wallet,103423.76,2023-05-30,Success
11703,11703,Debit Card,134039.27,2024-10-08,Refunded
11704,11704,Debit Card,29125.25,2023-08-24,Refunded
11705,11705,Debit Card,90160.69,2025-09-30,Success
11706,11706,COD,65859.72,2024-04-30,Refunded
11707,11707,Net Banking,120756.43,2023-07-19,Success
11708,11708,COD,31549.73,2022-07-17,Success
11709,11709,Wallet,56595.35,2023-06-09,Success
11710,11710,Debit Card,31705.79,2023-12-22,Success
11711,11711,UPI,33010.99,2025-09-10,Success
11712,11712,UPI,56716.23,2023-03-07,Success
11713,11713,Net Banking,11577.88,2023-05-13,Success
11714,11714,Credit Card,49506.52,2025-07-30,Failed
11715,11715,Credit Card,42479.26,2025-12-22,Success
11716,11716,Net Banking,84025.21,2022-02-25,Success
11717,11717,COD,12301.91,2023-09-23,Success
11718,11718,Debit Card,189273.49,2023-11-03,Refunded
11719,11719,Debit Card,74891.89,2024-08-10,Success
11720,11720,Net Banking,57057.24,2023-02-05,Refunded
11721,11721,Net Banking,16890.86,2022-08-21,Success
11722,11722,Debit Card,6171.22,2025-10-21,Success
11723,11723,COD,108382.65,2025-08-12,Failed
11724,11724,COD,114936.25,2022-11-28,Success
11725,11725,Wallet,64343.93,2024-11-18,Success
11726,11726,Net Banking,240492.92,2025-05-17,Success
11727,11727,Net Banking,45727.2,2025-06-20,Refunded
11728,11728,Credit Card,37952.0,2024-12-21,Success
11729,11729,Net Banking,196640.15,2023-10-05,Success
11730,11730,Net Banking,62847.32,2025-04-12,Success
11731,11731,Net Banking,5487.24,2025-11-26,Success
11732,11732,UPI,94552.0,2022-01-03,Success
11733,11733,UPI,113138.46,2023-08-30,Success
11734,11734,Debit Card,34785.72,2022-06-02,Success
11735,11735,Wallet,107936.11,2024-07-08,Success
11736,11736,Wallet,105496.56,2025-02-14,Success
11737,11737,Net Banking,39030.12,2024-03-27,Refunded
11738,11738,Wallet,34484.19,2022-02-04,Success
11739,11739,COD,69386.2,2023-05-07,Success
11740,11740,Credit Card,117436.98,2022-12-28,Success
11741,11741,COD,23529.5,2025-01-14,Success
11742,11742,COD,151042.95,2023-10-13,Success
11743,11743,Credit Card,186463.65,2022-03-01,Refunded
11744,11744,Credit Card,125689.82,2024-09-18,Success
11745,11745,Debit Card,31452.33,2023-10-10,Success
11746,11746,Credit Card,114128.19,2023-12-09,Success
11747,11747,Wallet,37926.46,2024-11-26,Refunded
11748,11748,COD,95378.8,2022-05-15,Success
11749,11749,Wallet,74668.48,2023-11-06,Success
11750,11750,Credit Card,33202.32,2022-01-10,Success
11751,11751,UPI,54845.3,2023-12-15,Success
11752,11752,Credit Card,90569.28,2022-06-14,Success
11753,11753,Debit Card,5078.55,2023-02-28,Success
11754,11754,UPI,124873.98,2022-10-30,Failed
11755,11755,UPI,138906.48,2025-01-14,Success
11756,11756,COD,51324.47,2023-02-17,Success
11757,11757,COD,21250.14,2025-10-05,Success
11758,11758,Net Banking,120123.11,2022-08-07,Success
11759,11759,Debit Card,9883.53,2025-01-01,Refunded
11760,11760,UPI,10882.57,2022-02-21,Refunded
11761,11761,Net Banking,38692.71,2024-12-16,Failed
11762,11762,Wallet,29366.75,2023-08-10,Failed
11763,11763,COD,14510.95,2024-04-11,Success
11764,11764,COD,51242.05,2025-09-28,Success
11765,11765,Debit Card,146403.8,2024-12-20,Success
11766,11766,UPI,229869.32,2022-12-07,Success
11767,11767,Net Banking,10696.92,2024-11-10,Success
11768,11768,Credit Card,87503.25,2024-08-03,Success
11769,11769,Debit Card,33079.52,2024-08-15,Success
11770,11770,Credit Card,134781.88,2025-03-04,Success
11771,11771,Net Banking,153103.06,2023-03-05,Success
11772,11772,COD,145502.69,2023-07-18,Success
11773,11773,Credit Card,38743.75,2023-10-31,Success
11774,11774,COD,128404.92,2023-03-05,Success
11775,11775,COD,17426.67,2022-11-06,Refunded
11776,11776,Debit Card,23033.47,2024-11-03,Success
11777,11777,Debit Card,112893.58,2025-01-25,Success
11778,11778,Debit Card,143786.68,2023-04-12,Success
11779,11779,Net Banking,113886.43,2022-07-15,Success
11780,11780,COD,94926.6,2025-06-18,Success
11781,11781,Wallet,36340.04,2023-01-10,Success
11782,11782,UPI,40431.06,2024-05-09,Success
11783,11783,Wallet,26575.94,2022-05-22,Success
11784,11784,Credit Card,61802.37,2023-06-18,Success
11785,11785,Credit Card,49748.18,2024-10-30,Success
11786,11786,UPI,45386.15,2022-09-03,Failed
11787,11787,Debit Card,66058.89,2022-09-27,Success
11788,11788,Debit Card,9965.11,2025-09-22,Success
11789,11789,Credit Card,4875.77,2023-04-04,Success
11790,11790,Debit Card,98209.01,2023-05-18,Success
11791,11791,Debit Card,48259.15,2025-06-17,Success
11792,11792,Debit Card,54852.62,2022-04-10,Failed
11793,11793,Net Banking,47450.76,2023-04-12,Failed
11794,11794,Credit Card,124528.72,2023-09-14,Refunded
11795,11795,COD,21695.68,2022-08-31,Success
11796,11796,Credit Card,236441.64,2022-07-21,Success
11797,11797,Net Banking,73799.4,2025-09-15,Success
11798,11798,COD,117520.96,2024-11-06,Refunded
11799,11799,UPI,22919.0,2023-08-29,Success
11800,11800,Debit Card,111259.14,2025-11-18,Success
11801,11801,Credit Card,27359.48,2022-08-30,Success
11802,11802,Credit Card,87899.8,2025-06-10,Success
11803,11803,Wallet,18148.03,2023-01-08,Refunded
11804,11804,COD,222345.02,2025-04-21,Success
11805,11805,UPI,166785.2,2023-11-24,Success
11806,11806,Net Banking,90187.51,2024-02-24,Success
11807,11807,Credit Card,14485.07,2024-09-25,Success
11808,11808,Net Banking,13743.26,2025-06-30,Success
11809,11809,UPI,54906.72,2023-10-05,Success
11810,11810,UPI,50159.73,2024-02-22,Success
11811,11811,UPI,155728.74,2022-06-04,Success
11812,11812,Wallet,77032.34,2024-08-09,Failed
11813,11813,COD,21947.9,2022-12-22,Refunded
11814,11814,COD,56870.48,2025-07-17,Success
11815,11815,Wallet,1454.57,2024-03-29,Success
11816,11816,Credit Card,97768.19,2024-05-08,Refunded
11817,11817,COD,63764.1,2025-08-26,Success
11818,11818,Credit Card,127422.24,2023-03-14,Success
11819,11819,Net Banking,117413.62,2023-08-03,Success
11820,11820,Wallet,80881.04,2024-10-22,Success
11821,11821,UPI,63149.15,2025-06-20,Failed
11822,11822,Credit Card,94282.99,2024-02-11,Success
11823,11823,Debit Card,145224.81,2025-12-11,Success
11824,11824,Net Banking,78246.54,2024-12-13,Success
11825,11825,Debit Card,191408.46,2023-07-05,Success
11826,11826,Debit Card,14077.91,2025-11-13,Success
11827,11827,Wallet,13747.66,2025-11-15,Success
11828,11828,COD,116510.35,2025-01-04,Success
11829,11829,Debit Card,88714.74,2023-06-24,Refunded
11830,11830,UPI,5552.4,2024-12-21,Success
11831,11831,Net Banking,57060.15,2022-12-07,Success
11832,11832,Credit Card,146480.32,2023-12-11,Success
11833,11833,Credit Card,27902.99,2022-03-11,Success
11834,11834,COD,167592.53,2023-05-06,Refunded
11835,11835,Debit Card,166111.63,2023-04-28,Success
11836,11836,Debit Card,29284.3,2024-09-02,Success
11837,11837,Credit Card,67811.72,2022-05-13,Success
11838,11838,Net Banking,96117.02,2024-11-07,Success
11839,11839,Wallet,47844.35,2022-05-24,Success
11840,11840,UPI,89772.52,2023-05-15,Success
11841,11841,Net Banking,76175.97,2024-10-16,Success
11842,11842,COD,134430.0,2024-12-14,Success
11843,11843,Debit Card,73112.22,2024-10-08,Success
11844,11844,UPI,69796.02,2022-02-01,Success
11845,11845,UPI,216882.22,2024-01-31,Success
11846,11846,Credit Card,91992.84,2023-03-18,Success
11847,11847,UPI,32112.35,2022-03-07,Success
11848,11848,Wallet,63061.3,2022-04-23,Success
11849,11849,Credit Card,61063.45,2022-12-30,Success
11850,11850,COD,12263.01,2023-05-10,Success
11851,11851,COD,87968.36,2024-12-29,Failed
11852,11852,Credit Card,62165.92,2023-01-24,Success
11853,11853,UPI,77342.94,2022-08-21,Success
11854,11854,UPI,87066.27,2025-01-07,Success
11855,11855,Wallet,27411.62,2024-07-01,Success
11856,11856,UPI,21740.71,2022-04-25,Success
11857,11857,Debit Card,38070.15,2025-04-12,Failed
11858,11858,COD,57869.96,2022-03-06,Success
11859,11859,Credit Card,47523.34,2022-09-27,Failed
11860,11860,Credit Card,11660.05,2022-05-13,Success
11861,11861,Debit Card,163299.5,2024-04-29,Success
11862,11862,Net Banking,276607.3,2025-11-19,Success
11863,11863,Debit Card,14964.32,2025-06-11,Success
11864,11864,Debit Card,103642.22,2023-11-05,Success
11865,11865,Debit Card,19332.38,2023-10-03,Success
11866,11866,Credit Card,2452.72,2023-06-27,Success
11867,11867,Wallet,97709.07,2023-03-08,Refunded
11868,11868,Debit Card,58562.6,2024-09-30,Success
11869,11869,UPI,5950.86,2023-01-24,Success
11870,11870,UPI,41430.0,2022-11-12,Success
11871,11871,UPI,65424.89,2022-02-23,Success
11872,11872,UPI,13747.66,2024-01-14,Success
11873,11873,COD,107968.71,2024-01-21,Success
11874,11874,COD,1481.75,2025-07-13,Success
11875,11875,UPI,78662.56,2023-02-03,Failed
11876,11876,COD,45286.53,2022-12-13,Success
11877,11877,Wallet,40252.9,2025-03-27,Success
11878,11878,Debit Card,110154.65,2024-03-20,Success
11879,11879,UPI,181637.81,2025-11-19,Success
11880,11880,Net Banking,28955.22,2023-11-06,Success
11881,11881,UPI,14514.59,2023-01-15,Success
11882,11882,Net Banking,136824.02,2022-10-28,Failed
11883,11883,UPI,35401.47,2022-01-24,Success
11884,11884,COD,76453.36,2022-04-03,Failed
11885,11885,Debit Card,31499.68,2022-06-13,Success
11886,11886,COD,150600.91,2022-12-10,Failed
11887,11887,Credit Card,798.36,2025-11-16,Success
11888,11888,COD,10443.76,2025-06-29,Success
11889,11889,Wallet,54753.53,2025-08-12,Success
11890,11890,Wallet,101542.32,2022-03-03,Success
11891,11891,COD,137663.02,2022-03-04,Success
11892,11892,UPI,45524.3,2025-01-19,Success
11893,11893,UPI,132842.07,2023-10-04,Success
11894,11894,Wallet,55158.07,2022-02-10,Success
11895,11895,COD,137444.04,2023-05-29,Success
11896,11896,Net Banking,46233.7,2024-12-05,Success
11897,11897,COD,46508.88,2024-04-19,Success
11898,11898,Net Banking,142627.53,2025-06-18,Success
11899,11899,Debit Card,124678.53,2025-02-20,Success
11900,11900,Wallet,102135.77,2022-09-08,Refunded
11901,11901,Debit Card,21588.39,2022-12-30,Success
11902,11902,UPI,108374.91,2022-10-13,Success
11903,11903,Credit Card,38007.37,2025-01-31,Refunded
11904,11904,Debit Card,109496.92,2022-04-14,Success
11905,11905,UPI,182348.51,2023-01-01,Success
11906,11906,UPI,55766.93,2025-10-24,Success
11907,11907,Wallet,58544.44,2023-04-10,Success
11908,11908,Wallet,72603.93,2025-07-21,Success
11909,11909,Credit Card,47625.27,2022-09-22,Success
11910,11910,UPI,124383.62,2024-05-24,Success
11911,11911,Wallet,61760.75,2024-02-19,Refunded
11912,11912,Net Banking,52517.71,2025-04-16,Success
11913,11913,Credit Card,4733.75,2025-04-24,Success
11914,11914,Wallet,23679.79,2023-05-11,Success
11915,11915,Net Banking,56676.76,2023-05-13,Failed
11916,11916,COD,19503.08,2025-04-04,Success
11917,11917,Debit Card,65127.91,2023-09-09,Success
11918,11918,Wallet,70100.61,2024-01-05,Success
11919,11919,Debit Card,63775.05,2024-08-12,Refunded
11920,11920,UPI,159393.7,2022-12-06,Success
11921,11921,Net Banking,75127.5,2023-02-27,Success
11922,11922,Debit Card,239781.39,2022-05-14,Success
11923,11923,Credit Card,113084.53,2024-10-28,Success
11924,11924,UPI,68380.99,2022-05-25,Success
11925,11925,UPI,43794.04,2024-08-02,Refunded
11926,11926,Debit Card,123385.17,2022-06-21,Refunded
11927,11927,Net Banking,91057.43,2022-06-04,Success
11928,11928,Net Banking,18902.03,2025-05-31,Success
11929,11929,Wallet,129821.19,2023-03-31,Success
11930,11930,Net Banking,106029.89,2023-03-23,Success
11931,11931,Debit Card,170092.59,2025-11-24,Success
11932,11932,Net Banking,131190.0,2023-07-18,Success
11933,11933,Wallet,125017.03,2024-12-08,Success
11934,11934,Wallet,7448.58,2023-02-24,Success
11935,11935,Credit Card,144612.38,2022-10-16,Success
11936,11936,Wallet,51213.32,2025-12-10,Success
11937,11937,Debit Card,76659.7,2023-01-02,Refunded
11938,11938,Wallet,235588.85,2022-05-24,Success
11939,11939,Credit Card,19921.95,2024-07-01,Success
11940,11940,UPI,35892.05,2022-12-03,Success
11941,11941,Wallet,164364.01,2024-11-04,Refunded
11942,11942,Credit Card,56320.61,2024-07-04,Success
11943,11943,Debit Card,15642.56,2022-12-20,Success
11944,11944,COD,70126.02,2024-02-12,Refunded
11945,11945,Debit Card,5167.2,2022-03-12,Success
11946,11946,Net Banking,191696.99,2024-11-08,Success
11947,11947,Wallet,92865.32,2022-09-12,Success
11948,11948,Net Banking,69115.48,2024-02-21,Success
11949,11949,Debit Card,55525.39,2025-10-08,Success
11950,11950,Wallet,161725.24,2024-04-19,Success
11951,11951,UPI,121934.06,2025-07-06,Refunded
11952,11952,COD,12738.61,2024-09-28,Success
11953,11953,Wallet,47640.57,2024-04-07,Failed
11954,11954,Wallet,69250.26,2023-05-16,Success
11955,11955,Wallet,117331.1,2024-07-07,Success
11956,11956,Debit Card,214013.81,2022-06-05,Success
11957,11957,COD,18465.39,2024-05-15,Refunded
11958,11958,Debit Card,118009.36,2022-05-09,Success
11959,11959,Credit Card,167745.01,2022-07-14,Success
11960,11960,COD,94659.23,2023-03-24,Refunded
11961,11961,Net Banking,132134.23,2024-05-30,Success
11962,11962,COD,51598.84,2022-12-14,Failed
11963,11963,UPI,6970.32,2023-11-12,Success
11964,11964,UPI,9641.83,2024-05-10,Success
11965,11965,Credit Card,8637.05,2023-03-02,Success
11966,11966,Credit Card,167640.28,2023-01-01,Failed
11967,11967,UPI,105045.1,2025-05-05,Success
11968,11968,Debit Card,29029.94,2022-09-30,Success
11969,11969,Credit Card,54018.81,2022-11-16,Success
11970,11970,COD,102223.39,2024-06-03,Success
11971,11971,Debit Card,74414.7,2025-11-02,Success
11972,11972,UPI,119213.45,2022-04-29,Success
11973,11973,Wallet,38275.46,2025-11-17,Success
11974,11974,UPI,71896.35,2024-03-31,Success
11975,11975,COD,118653.26,2022-10-27,Success
11976,11976,Credit Card,65310.24,2024-04-23,Success
11977,11977,Net Banking,107279.17,2022-11-26,Success
11978,11978,Credit Card,13413.97,2023-12-07,Refunded
11979,11979,Net Banking,56141.5,2023-12-10,Failed
11980,11980,UPI,46005.94,2023-08-15,Success
11981,11981,Net Banking,107955.5,2025-01-02,Success
11982,11982,Net Banking,47370.88,2025-04-18,Success
11983,11983,Credit Card,53009.32,2022-03-26,Success
11984,11984,Debit Card,14170.82,2025-10-04,Success
11985,11985,COD,57271.51,2023-11-11,Refunded
11986,11986,UPI,29830.01,2023-12-14,Refunded
11987,11987,Debit Card,34084.68,2022-07-26,Success
11988,11988,Credit Card,97288.08,2024-06-30,Success
11989,11989,COD,21763.34,2024-08-29,Refunded
11990,11990,Debit Card,196863.31,2022-01-19,Success
11991,11991,Debit Card,86776.14,2024-08-21,Success
11992,11992,Credit Card,81599.55,2025-02-20,Success
11993,11993,Credit Card,36136.36,2024-08-05,Success
11994,11994,Debit Card,58980.12,2022-03-16,Success
11995,11995,Net Banking,32415.2,2025-01-13,Success
11996,11996,Debit Card,35910.12,2023-03-30,Success
11997,11997,Net Banking,55734.42,2024-03-21,Success
11998,11998,Net Banking,161873.76,2022-10-12,Success
11999,11999,Debit Card,93577.76,2024-04-02,Failed
12000,12000,UPI,3247.8,2024-12-23,Success
12001,12001,Wallet,20900.88,2024-12-19,Success
12002,12002,Net Banking,180379.99,2024-12-13,Success
12003,12003,Debit Card,14799.55,2023-12-13,Refunded
12004,12004,Debit Card,12945.46,2022-05-12,Success
12005,12005,COD,76135.16,2022-02-12,Success
12006,12006,Credit Card,54127.26,2024-02-11,Refunded
12007,12007,COD,107747.32,2024-12-28,Success
12008,12008,UPI,40400.12,2024-07-20,Success
12009,12009,Debit Card,109060.3,2022-06-14,Success
12010,12010,Debit Card,38477.13,2024-08-16,Success
12011,12011,Wallet,21061.36,2025-10-13,Success
12012,12012,COD,78733.61,2022-04-28,Success
12013,12013,Debit Card,45297.13,2023-05-13,Success
12014,12014,COD,49370.58,2023-12-02,Success
12015,12015,Wallet,200714.88,2022-07-20,Success
12016,12016,Wallet,36253.24,2023-02-03,Success
12017,12017,Credit Card,24227.83,2024-04-01,Success
12018,12018,Net Banking,169261.12,2024-02-10,Failed
12019,12019,COD,38318.61,2022-06-12,Success
12020,12020,Credit Card,19717.05,2023-02-03,Success
12021,12021,Wallet,12353.26,2022-03-02,Success
12022,12022,UPI,56534.1,2023-11-12,Success
12023,12023,COD,97046.11,2023-01-05,Success
12024,12024,COD,139230.79,2022-02-15,Success
12025,12025,COD,46886.92,2023-02-22,Success
12026,12026,Net Banking,217206.87,2023-05-12,Success
12027,12027,COD,23056.51,2024-01-05,Refunded
12028,12028,Wallet,13553.88,2024-12-07,Refunded
12029,12029,Debit Card,5519.14,2023-03-31,Success
12030,12030,Wallet,29665.17,2025-07-24,Success
12031,12031,Net Banking,157438.62,2024-11-18,Success
12032,12032,UPI,13749.54,2025-07-27,Success
12033,12033,Credit Card,95307.17,2023-04-17,Success
12034,12034,Wallet,12405.94,2024-01-28,Refunded
12035,12035,Wallet,58495.77,2025-04-06,Success
12036,12036,COD,115647.45,2023-12-29,Refunded
12037,12037,COD,73595.39,2025-06-18,Success
12038,12038,Wallet,86238.61,2025-09-13,Refunded
12039,12039,COD,89599.6,2024-08-15,Success
12040,12040,Net Banking,68193.86,2024-04-01,Refunded
12041,12041,COD,53553.41,2024-01-30,Success
12042,12042,Debit Card,36635.86,2023-12-14,Success
12043,12043,UPI,77904.65,2023-02-17,Refunded
12044,12044,Credit Card,15561.14,2022-04-17,Failed
12045,12045,Credit Card,106135.79,2023-03-04,Failed
12046,12046,Credit Card,18089.6,2025-12-07,Success
12047,12047,Debit Card,96348.0,2023-02-28,Success
12048,12048,Credit Card,54355.26,2022-02-01,Success
12049,12049,Debit Card,51786.52,2022-04-22,Success
12050,12050,Debit Card,60456.06,2022-09-27,Success
12051,12051,Wallet,207398.32,2023-09-04,Success
12052,12052,Credit Card,41621.44,2024-09-15,Success
12053,12053,Net Banking,230569.28,2022-07-10,Failed
12054,12054,Wallet,67431.44,2025-09-09,Success
12055,12055,Wallet,138162.3,2025-05-28,Success
12056,12056,Credit Card,60599.0,2023-04-23,Success
12057,12057,COD,5488.86,2022-01-06,Failed
12058,12058,COD,68936.44,2022-10-17,Success
12059,12059,COD,32243.23,2022-11-28,Success
12060,12060,COD,40444.48,2022-09-08,Success
12061,12061,Debit Card,24574.01,2024-02-22,Success
12062,12062,Debit Card,41772.63,2024-09-15,Success
12063,12063,Credit Card,641.61,2023-08-17,Success
12064,12064,COD,83887.45,2023-07-23,Success
12065,12065,Wallet,76528.09,2022-03-07,Success
12066,12066,Net Banking,46105.78,2022-05-21,Refunded
12067,12067,Wallet,80722.59,2023-06-29,Success
12068,12068,UPI,22931.95,2025-05-25,Success
12069,12069,Wallet,99518.86,2023-11-04,Success
12070,12070,UPI,68469.84,2023-07-16,Success
12071,12071,COD,33486.85,2025-01-12,Failed
12072,12072,Net Banking,170673.98,2022-02-17,Refunded
12073,12073,COD,20890.79,2025-06-12,Success
12074,12074,COD,20036.92,2025-10-05,Success
12075,12075,COD,101122.63,2024-07-08,Failed
12076,12076,Wallet,60130.08,2025-01-02,Success
12077,12077,COD,154234.19,2022-07-13,Refunded
12078,12078,Net Banking,24920.91,2024-08-24,Refunded
12079,12079,COD,59055.16,2023-02-21,Success
12080,12080,UPI,50963.87,2023-10-26,Success
12081,12081,UPI,180449.2,2025-12-16,Success
12082,12082,COD,24552.69,2025-03-31,Success
12083,12083,Net Banking,92828.56,2025-03-23,Refunded
12084,12084,Credit Card,31049.48,2022-08-12,Success
12085,12085,COD,119090.52,2025-06-17,Success
12086,12086,Debit Card,99586.23,2024-06-29,Success
12087,12087,Net Banking,17963.95,2025-09-03,Success
12088,12088,Net Banking,97709.36,2024-01-27,Success
12089,12089,Wallet,90758.66,2022-10-11,Success
12090,12090,UPI,93911.23,2022-07-03,Success
12091,12091,Debit Card,64885.04,2022-02-16,Success
12092,12092,Debit Card,120477.93,2023-03-07,Failed
12093,12093,Net Banking,26744.68,2024-08-09,Refunded
12094,12094,Wallet,32827.74,2022-01-14,Success
12095,12095,Credit Card,68018.05,2025-04-20,Success
12096,12096,UPI,84985.49,2025-07-07,Failed
12097,12097,UPI,137095.74,2025-07-29,Success
12098,12098,Debit Card,43418.52,2022-04-26,Success
12099,12099,Credit Card,69681.65,2024-12-27,Success
12100,12100,Credit Card,48822.32,2022-05-02,Success
12101,12101,Debit Card,5208.37,2023-09-29,Refunded
12102,12102,Net Banking,62816.95,2025-06-10,Success
12103,12103,Credit Card,55185.28,2024-03-14,Refunded
12104,12104,Wallet,97679.02,2024-11-23,Refunded
12105,12105,Wallet,78745.61,2025-11-29,Success
12106,12106,Net Banking,96800.96,2025-12-23,Success
12107,12107,Wallet,47113.02,2022-06-26,Success
12108,12108,Debit Card,142627.83,2024-08-26,Success
12109,12109,Wallet,128202.27,2024-01-31,Success
12110,12110,COD,110688.75,2022-05-10,Refunded
12111,12111,UPI,69792.06,2025-11-15,Success
12112,12112,Net Banking,58996.12,2025-04-16,Success
12113,12113,Credit Card,76349.63,2024-08-31,Refunded
12114,12114,COD,94659.16,2022-12-14,Success
12115,12115,UPI,35768.05,2025-10-13,Success
12116,12116,Debit Card,68738.68,2025-11-20,Refunded
12117,12117,Credit Card,93042.55,2022-12-18,Success
12118,12118,UPI,68529.71,2024-12-24,Success
12119,12119,Debit Card,43895.8,2025-10-11,Success
12120,12120,UPI,11323.57,2022-05-08,Success
12121,12121,Net Banking,147792.5,2025-11-20,Success
12122,12122,Net Banking,133871.29,2024-09-18,Success
12123,12123,COD,70532.81,2025-09-26,Failed
12124,12124,Net Banking,61010.97,2024-02-25,Success
12125,12125,Debit Card,109462.72,2022-01-27,Success
12126,12126,Net Banking,175875.09,2023-12-19,Success
12127,12127,Debit Card,9884.82,2023-11-05,Success
12128,12128,COD,183617.81,2025-03-01,Success
12129,12129,Net Banking,82898.6,2023-09-15,Success
12130,12130,COD,11564.44,2022-12-07,Success
12131,12131,COD,82681.56,2025-09-06,Success
12132,12132,Wallet,134014.44,2023-08-22,Failed
12133,12133,Net Banking,106887.78,2023-01-19,Success
12134,12134,COD,32343.55,2023-01-30,Success
12135,12135,COD,62045.44,2023-08-19,Success
12136,12136,Wallet,2840.78,2022-07-08,Refunded
12137,12137,Credit Card,116211.03,2025-11-15,Success
12138,12138,Net Banking,73909.33,2023-09-13,Success
12139,12139,Debit Card,52987.97,2024-04-27,Success
12140,12140,Credit Card,123212.79,2022-12-04,Success
12141,12141,Debit Card,49743.5,2025-03-09,Success
12142,12142,Net Banking,194754.99,2024-09-10,Success
12143,12143,Net Banking,54012.85,2023-06-10,Success
12144,12144,Wallet,29844.1,2023-01-09,Success
12145,12145,Credit Card,148765.34,2023-11-23,Success
12146,12146,COD,4523.44,2023-10-23,Success
12147,12147,COD,72773.71,2024-12-27,Success
12148,12148,UPI,4335.31,2025-08-10,Success
12149,12149,Debit Card,18872.61,2022-05-25,Success
12150,12150,Wallet,2519.32,2025-12-19,Success
12151,12151,Debit Card,110208.2,2024-04-17,Failed
12152,12152,UPI,61690.2,2022-07-06,Success
12153,12153,COD,30583.36,2024-12-13,Success
12154,12154,Debit Card,72672.31,2023-05-22,Success
12155,12155,Debit Card,28189.41,2025-02-28,Success
12156,12156,COD,36471.4,2022-07-28,Success
12157,12157,Wallet,43597.98,2022-01-28,Refunded
12158,12158,Debit Card,79998.07,2025-02-24,Failed
12159,12159,Debit Card,3755.65,2025-09-16,Success
12160,12160,Credit Card,16594.34,2022-09-28,Refunded
12161,12161,Debit Card,122546.25,2023-12-31,Success
12162,12162,Debit Card,55644.43,2023-11-06,Refunded
12163,12163,Net Banking,50803.52,2024-11-24,Refunded
12164,12164,Credit Card,10808.89,2024-08-23,Success
12165,12165,COD,20436.59,2023-05-15,Success
12166,12166,Net Banking,25560.96,2024-07-29,Refunded
12167,12167,Credit Card,100344.12,2022-02-19,Success
12168,12168,Credit Card,109627.75,2025-05-24,Refunded
12169,12169,Net Banking,158843.37,2024-01-11,Success
12170,12170,Credit Card,61546.38,2025-07-16,Success
12171,12171,Credit Card,110003.92,2022-12-21,Success
12172,12172,UPI,152926.95,2024-05-25,Success
12173,12173,COD,15854.4,2023-11-26,Failed
12174,12174,COD,52544.76,2025-03-10,Failed
12175,12175,COD,51042.51,2022-06-30,Refunded
12176,12176,Debit Card,8188.11,2022-04-05,Success
12177,12177,Net Banking,17842.03,2024-01-10,Success
12178,12178,Wallet,57202.39,2024-04-17,Success
12179,12179,Debit Card,9020.83,2023-12-11,Success
12180,12180,COD,205970.84,2024-11-25,Success
12181,12181,UPI,13126.2,2024-06-09,Success
12182,12182,Net Banking,24470.07,2024-08-26,Success
12183,12183,COD,27199.13,2022-03-03,Success
12184,12184,Debit Card,67352.74,2023-09-20,Failed
12185,12185,Wallet,156043.32,2022-02-17,Success
12186,12186,Credit Card,75610.48,2023-02-25,Success
12187,12187,Net Banking,1055.8,2025-12-31,Success
12188,12188,Wallet,140236.2,2025-07-13,Success
12189,12189,Wallet,31981.54,2024-12-04,Success
12190,12190,Debit Card,198133.32,2023-03-28,Success
12191,12191,COD,25504.54,2022-04-26,Refunded
12192,12192,Net Banking,110894.75,2025-08-20,Failed
12193,12193,COD,87501.76,2024-01-04,Refunded
12194,12194,COD,117836.24,2024-09-11,Success
12195,12195,Wallet,231217.53,2024-04-27,Success
12196,12196,COD,107352.99,2024-10-10,Success
12197,12197,Credit Card,143185.6,2025-05-17,Success
12198,12198,Net Banking,208271.56,2022-06-19,Success
12199,12199,Wallet,2941.87,2022-06-23,Success
12200,12200,Net Banking,34767.3,2022-11-16,Success
12201,12201,Debit Card,44671.71,2023-02-13,Success
12202,12202,Credit Card,40073.84,2024-12-26,Refunded
12203,12203,Credit Card,200584.94,2024-01-02,Success
12204,12204,COD,8250.27,2025-09-06,Success
12205,12205,Wallet,10734.42,2023-08-13,Success
12206,12206,UPI,9495.11,2023-08-08,Success
12207,12207,UPI,17986.06,2024-05-26,Refunded
12208,12208,Debit Card,7802.57,2024-06-27,Success
12209,12209,Debit Card,60540.21,2023-04-01,Refunded
12210,12210,Debit Card,88196.28,2024-09-22,Success
12211,12211,COD,140564.05,2024-07-09,Success
12212,12212,Debit Card,35308.45,2025-10-14,Success
12213,12213,Wallet,104871.49,2025-05-17,Success
12214,12214,Net Banking,89244.77,2023-01-27,Success
12215,12215,UPI,97130.23,2024-03-22,Success
12216,12216,COD,59198.42,2022-06-22,Success
12217,12217,COD,176610.84,2025-09-27,Success
12218,12218,Wallet,43074.16,2024-08-17,Refunded
12219,12219,Credit Card,89229.45,2022-12-18,Success
12220,12220,Credit Card,113802.44,2023-08-01,Success
12221,12221,UPI,32019.09,2024-04-27,Success
12222,12222,Credit Card,16292.88,2024-02-02,Success
12223,12223,Net Banking,29658.93,2023-10-02,Success
12224,12224,Net Banking,37929.85,2025-11-25,Success
12225,12225,Debit Card,73082.55,2025-05-29,Success
12226,12226,Wallet,106169.05,2025-06-12,Success
12227,12227,Net Banking,42735.94,2025-10-29,Success
12228,12228,Debit Card,37761.67,2024-02-18,Success
12229,12229,Debit Card,42623.8,2022-09-18,Success
12230,12230,Debit Card,80693.92,2022-11-30,Success
12231,12231,COD,47038.44,2025-06-14,Success
12232,12232,Credit Card,29623.9,2024-02-04,Success
12233,12233,Debit Card,106657.64,2024-12-28,Success
12234,12234,Net Banking,68625.58,2025-05-01,Success
12235,12235,Debit Card,57408.58,2024-08-04,Failed
12236,12236,COD,27259.36,2024-08-04,Success
12237,12237,COD,262864.86,2025-06-01,Failed
12238,12238,COD,76659.11,2023-09-10,Success
12239,12239,UPI,50816.1,2023-01-26,Success
12240,12240,Net Banking,155666.89,2023-10-19,Refunded
12241,12241,Credit Card,86705.82,2022-01-29,Success
12242,12242,Credit Card,59005.95,2023-06-04,Failed
12243,12243,Debit Card,24425.76,2024-07-24,Success
12244,12244,Net Banking,22203.55,2024-09-26,Success
12245,12245,Wallet,87631.16,2025-12-11,Success
12246,12246,Credit Card,58287.54,2025-01-01,Success
12247,12247,UPI,132394.76,2025-03-05,Success
12248,12248,COD,50665.89,2022-06-02,Success
12249,12249,Wallet,42869.3,2022-10-20,Success
12250,12250,UPI,2676.86,2023-06-06,Success
12251,12251,Debit Card,14410.62,2023-11-09,Success
12252,12252,Credit Card,11543.63,2025-07-10,Success
12253,12253,Debit Card,91757.49,2023-05-23,Success
12254,12254,Wallet,64636.93,2025-05-18,Refunded
12255,12255,Net Banking,144571.49,2022-11-25,Success
12256,12256,Net Banking,9007.65,2022-08-25,Refunded
12257,12257,Wallet,6625.61,2025-07-22,Success
12258,12258,COD,153236.44,2024-12-12,Success
12259,12259,Credit Card,49814.59,2024-09-16,Success
12260,12260,Debit Card,30423.38,2025-01-07,Success
12261,12261,Debit Card,74100.83,2022-04-03,Success
12262,12262,Debit Card,33613.11,2024-05-29,Refunded
12263,12263,COD,2016.84,2022-05-01,Success
12264,12264,UPI,48392.91,2025-11-29,Success
12265,12265,UPI,90602.32,2024-08-30,Success
12266,12266,Credit Card,74564.22,2022-10-18,Success
12267,12267,COD,78088.05,2023-11-21,Success
12268,12268,Credit Card,56083.95,2022-07-20,Failed
12269,12269,Wallet,36541.13,2022-01-02,Success
12270,12270,Wallet,28910.64,2023-05-23,Refunded
12271,12271,Debit Card,72562.95,2023-05-31,Success
12272,12272,COD,48688.09,2025-11-14,Success
12273,12273,Wallet,1431.46,2023-02-25,Success
12274,12274,COD,16200.02,2023-11-24,Success
12275,12275,Net Banking,14606.78,2025-08-19,Refunded
12276,12276,Debit Card,158643.14,2022-02-12,Success
12277,12277,Debit Card,9187.51,2022-02-27,Success
12278,12278,Wallet,81730.99,2022-07-11,Success
12279,12279,Wallet,140564.42,2024-12-06,Refunded
12280,12280,Wallet,46583.42,2024-06-26,Success
12281,12281,UPI,48554.46,2025-09-08,Success
12282,12282,Credit Card,117950.56,2024-01-06,Refunded
12283,12283,Net Banking,261522.7,2022-06-26,Refunded
12284,12284,Wallet,89279.01,2022-11-19,Refunded
12285,12285,Credit Card,73668.56,2024-02-03,Success
12286,12286,Credit Card,102097.95,2025-07-20,Success
12287,12287,Credit Card,26272.86,2025-01-04,Success
12288,12288,Credit Card,26067.7,2025-10-11,Refunded
12289,12289,Debit Card,61965.12,2025-01-28,Failed
12290,12290,COD,4019.0,2025-11-16,Refunded
12291,12291,Credit Card,51391.92,2022-10-16,Success
12292,12292,Wallet,29911.32,2024-06-01,Success
12293,12293,Wallet,69512.36,2024-07-27,Failed
12294,12294,COD,56584.49,2024-11-08,Success
12295,12295,Net Banking,22135.56,2025-02-06,Success
12296,12296,Credit Card,223948.8,2024-10-03,Failed
12297,12297,COD,86719.38,2024-09-23,Success
12298,12298,Debit Card,53709.17,2022-09-25,Success
12299,12299,Credit Card,95382.64,2024-08-29,Refunded
12300,12300,UPI,111606.54,2023-07-11,Success
12301,12301,Wallet,31892.48,2022-03-06,Refunded
12302,12302,Wallet,163165.38,2024-11-28,Refunded
12303,12303,Credit Card,34941.3,2025-07-17,Success
12304,12304,Credit Card,127555.09,2023-02-04,Success
12305,12305,COD,159921.26,2022-12-06,Success
12306,12306,COD,107783.43,2022-09-20,Success
12307,12307,UPI,44323.74,2023-09-09,Success
12308,12308,Net Banking,69354.05,2023-10-22,Success
12309,12309,Wallet,56039.09,2025-07-12,Success
12310,12310,UPI,30093.07,2023-08-31,Success
12311,12311,Credit Card,66690.0,2023-11-14,Success
12312,12312,Net Banking,18350.27,2025-07-21,Success
12313,12313,Debit Card,124355.22,2024-07-31,Success
12314,12314,Credit Card,16001.92,2024-02-01,Success
12315,12315,Debit Card,105089.44,2022-08-10,Failed
12316,12316,UPI,14938.54,2023-01-16,Success
12317,12317,Wallet,110743.96,2022-04-13,Success
12318,12318,Debit Card,42848.95,2024-02-09,Success
12319,12319,Wallet,15528.48,2025-10-04,Success
12320,12320,Net Banking,86585.32,2024-11-13,Success
12321,12321,Net Banking,7945.19,2025-03-16,Success
12322,12322,UPI,25155.71,2022-05-12,Success
12323,12323,Wallet,10966.45,2023-12-21,Refunded
12324,12324,Net Banking,75507.49,2024-04-30,Success
12325,12325,COD,147096.26,2023-06-25,Success
12326,12326,Net Banking,135804.89,2025-12-12,Refunded
12327,12327,Credit Card,34664.85,2025-11-09,Failed
12328,12328,COD,83030.26,2025-12-27,Failed
12329,12329,Wallet,6143.25,2022-11-20,Success
12330,12330,UPI,88690.98,2023-02-19,Success
12331,12331,UPI,106684.25,2025-11-24,Success
12332,12332,Wallet,45273.13,2025-08-23,Success
12333,12333,COD,89296.47,2025-01-11,Success
12334,12334,COD,19818.0,2023-01-18,Success
12335,12335,Debit Card,10515.19,2023-01-08,Success
12336,12336,UPI,4962.6,2022-10-25,Refunded
12337,12337,COD,50930.76,2023-09-21,Failed
12338,12338,Debit Card,36228.02,2024-02-04,Success
12339,12339,Debit Card,9877.68,2025-12-03,Refunded
12340,12340,COD,172154.01,2023-01-04,Refunded
12341,12341,UPI,22501.17,2022-12-30,Success
12342,12342,Debit Card,54052.83,2022-04-14,Success
12343,12343,Credit Card,55407.66,2024-09-18,Failed
12344,12344,Net Banking,12499.7,2022-03-14,Success
12345,12345,UPI,42832.29,2022-12-31,Success
12346,12346,Credit Card,63126.66,2023-05-29,Success
12347,12347,UPI,62453.36,2024-12-22,Refunded
12348,12348,Wallet,67020.3,2025-05-31,Success
12349,12349,Wallet,26555.12,2022-02-14,Success
12350,12350,Debit Card,183218.7,2023-09-21,Failed
12351,12351,Credit Card,35094.44,2022-05-08,Success
12352,12352,Credit Card,102895.53,2024-11-27,Success
12353,12353,COD,134017.01,2022-10-24,Success
12354,12354,Wallet,91364.05,2025-11-25,Success
12355,12355,Credit Card,35195.06,2024-08-04,Refunded
12356,12356,Net Banking,302728.88,2023-01-03,Success
12357,12357,Credit Card,75194.4,2024-08-15,Failed
12358,12358,COD,29920.29,2023-11-12,Success
12359,12359,Debit Card,127725.27,2025-12-16,Success
12360,12360,Debit Card,60436.42,2025-11-19,Refunded
12361,12361,COD,61702.48,2023-05-04,Success
12362,12362,Wallet,67045.1,2023-04-19,Success
12363,12363,Net Banking,32318.91,2022-12-31,Success
12364,12364,Net Banking,163013.4,2025-06-11,Success
12365,12365,UPI,146216.03,2022-12-29,Success
12366,12366,Net Banking,49406.81,2024-12-26,Success
12367,12367,Wallet,127263.2,2025-08-09,Refunded
12368,12368,Net Banking,425.42,2023-12-10,Success
12369,12369,UPI,142731.58,2023-08-09,Success
12370,12370,Credit Card,18225.72,2022-04-02,Success
12371,12371,UPI,89118.9,2023-06-08,Success
12372,12372,Credit Card,63178.04,2023-04-21,Success
12373,12373,Credit Card,95116.46,2022-06-24,Refunded
12374,12374,UPI,33359.02,2022-02-19,Success
12375,12375,UPI,28767.57,2024-07-24,Success
12376,12376,UPI,10107.77,2024-03-25,Refunded
12377,12377,Credit Card,22794.22,2024-09-12,Success
12378,12378,Net Banking,23452.92,2025-11-18,Success
12379,12379,Debit Card,67524.53,2025-11-06,Refunded
12380,12380,Net Banking,16734.23,2024-09-07,Success
12381,12381,Debit Card,14055.96,2024-06-19,Success
12382,12382,Debit Card,175048.7,2025-09-24,Success
12383,12383,Net Banking,86601.53,2023-03-04,Success
12384,12384,Debit Card,55398.25,2025-09-26,Refunded
12385,12385,COD,95984.95,2022-02-16,Success
12386,12386,Credit Card,33506.58,2023-04-22,Success
12387,12387,UPI,226197.53,2022-08-08,Success
12388,12388,COD,7537.98,2024-05-08,Success
12389,12389,COD,132878.7,2025-05-13,Success
12390,12390,Credit Card,143366.0,2025-06-05,Success
12391,12391,COD,106696.34,2024-11-11,Success
12392,12392,Credit Card,68752.7,2022-11-29,Success
12393,12393,Net Banking,9199.03,2023-03-12,Success
12394,12394,Net Banking,105058.43,2025-03-07,Success
12395,12395,UPI,57255.24,2022-12-07,Success
12396,12396,COD,105657.57,2024-05-21,Success
12397,12397,Debit Card,54966.76,2022-10-25,Refunded
12398,12398,Debit Card,16678.96,2024-12-08,Refunded
12399,12399,COD,78139.34,2025-11-24,Success
12400,12400,Net Banking,57165.04,2024-07-17,Refunded
12401,12401,Debit Card,124301.7,2024-03-19,Success
12402,12402,COD,48231.89,2023-11-29,Refunded
12403,12403,Wallet,29658.93,2024-08-29,Refunded
12404,12404,Credit Card,24406.15,2024-09-18,Success
12405,12405,Wallet,130359.71,2022-01-21,Success
12406,12406,Wallet,86879.58,2022-12-26,Success
12407,12407,UPI,109750.37,2024-01-02,Success
12408,12408,Debit Card,37058.61,2025-05-23,Success
12409,12409,UPI,26208.13,2025-12-12,Success
12410,12410,UPI,8396.03,2022-07-11,Success
12411,12411,Net Banking,18942.76,2024-01-18,Success
12412,12412,Net Banking,63657.66,2025-06-26,Refunded
12413,12413,Debit Card,17093.65,2022-12-29,Success
12414,12414,Debit Card,42314.22,2025-07-25,Success
12415,12415,Credit Card,42455.1,2024-06-20,Success
12416,12416,Wallet,109596.01,2022-07-03,Failed
12417,12417,Credit Card,153176.5,2025-11-16,Success
12418,12418,Net Banking,119591.58,2023-01-18,Success
12419,12419,Net Banking,66641.45,2024-02-11,Failed
12420,12420,Credit Card,81734.05,2024-12-13,Success
12421,12421,Credit Card,82069.35,2024-03-18,Refunded
12422,12422,Debit Card,49459.41,2022-01-13,Success
12423,12423,Credit Card,60456.06,2024-11-08,Success
12424,12424,COD,129153.9,2022-12-01,Success
12425,12425,COD,59120.56,2022-04-10,Success
12426,12426,UPI,75799.13,2023-12-13,Success
12427,12427,COD,64647.54,2022-06-05,Success
12428,12428,Net Banking,62697.95,2025-11-11,Success
12429,12429,Wallet,9387.56,2024-04-14,Success
12430,12430,Net Banking,84693.5,2022-01-04,Success
12431,12431,Credit Card,5955.12,2022-02-19,Success
12432,12432,UPI,32448.46,2025-06-26,Success
12433,12433,COD,73900.7,2023-08-19,Success
12434,12434,UPI,3877.97,2025-11-27,Success
12435,12435,Wallet,140800.26,2022-12-18,Success
12436,12436,Net Banking,57949.85,2025-06-24,Success
12437,12437,Credit Card,56984.77,2023-10-18,Success
12438,12438,UPI,85699.18,2025-10-13,Refunded
12439,12439,Credit Card,119368.81,2023-05-12,Failed
12440,12440,Wallet,37788.07,2025-05-07,Success
12441,12441,COD,2118.36,2024-10-23,Success
12442,12442,COD,3090.5,2025-02-14,Success
12443,12443,COD,140963.69,2023-10-03,Refunded
12444,12444,COD,92862.88,2024-10-13,Success
12445,12445,UPI,38839.89,2023-09-06,Success
12446,12446,Debit Card,46544.75,2023-12-29,Success
12447,12447,COD,34858.29,2024-12-04,Success
12448,12448,Credit Card,153915.23,2023-05-20,Success
12449,12449,Debit Card,73725.15,2022-07-21,Success
12450,12450,Net Banking,85834.05,2022-06-04,Success
12451,12451,UPI,55947.29,2023-12-05,Success
12452,12452,UPI,178758.71,2022-10-31,Success
12453,12453,Wallet,191082.19,2024-07-30,Refunded
12454,12454,Net Banking,89277.87,2025-11-29,Success
12455,12455,UPI,27618.15,2024-03-29,Success
12456,12456,Net Banking,108148.93,2025-01-14,Success
12457,12457,Debit Card,94758.04,2023-01-17,Success
12458,12458,Credit Card,66365.81,2023-11-21,Refunded
12459,12459,Net Banking,102943.66,2022-06-16,Success
12460,12460,Debit Card,48412.89,2024-03-11,Success
12461,12461,Debit Card,55593.51,2022-04-26,Success
12462,12462,Wallet,104768.22,2022-11-27,Success
12463,12463,Wallet,63365.69,2022-05-17,Success
12464,12464,COD,54883.07,2025-05-26,Refunded
12465,12465,Net Banking,35051.06,2022-10-15,Success
12466,12466,Debit Card,49438.58,2024-03-27,Success
12467,12467,Net Banking,20637.04,2022-08-07,Success
12468,12468,Wallet,270281.91,2024-02-26,Success
12469,12469,Credit Card,230766.8,2024-07-21,Failed
12470,12470,Credit Card,153499.66,2022-09-16,Success
12471,12471,COD,80894.92,2022-06-09,Success
12472,12472,Wallet,111251.59,2024-08-23,Success
12473,12473,Debit Card,6766.18,2025-09-29,Success
12474,12474,Credit Card,18491.26,2022-01-26,Success
12475,12475,Credit Card,57781.74,2023-01-07,Refunded
12476,12476,Debit Card,62400.0,2023-04-13,Success
12477,12477,COD,149082.11,2023-10-25,Success
12478,12478,COD,139033.6,2022-01-06,Success
12479,12479,Debit Card,114698.16,2022-08-03,Success
12480,12480,Net Banking,127889.4,2025-02-20,Success
12481,12481,UPI,23376.99,2023-05-31,Refunded
12482,12482,Debit Card,155579.94,2025-01-11,Success
12483,12483,Net Banking,213873.16,2024-05-10,Success
12484,12484,Debit Card,67506.28,2024-07-21,Success
12485,12485,COD,54091.29,2023-06-06,Refunded
12486,12486,Wallet,1505.27,2025-03-07,Success
12487,12487,COD,84130.34,2023-09-20,Success
12488,12488,Wallet,39122.75,2025-01-15,Success
12489,12489,COD,232955.37,2023-10-11,Success
12490,12490,Wallet,46375.77,2022-02-28,Success
12491,12491,Debit Card,141523.01,2022-03-31,Success
12492,12492,Net Banking,62243.02,2022-01-20,Success
12493,12493,Net Banking,37516.68,2022-04-13,Failed
12494,12494,Credit Card,122567.8,2025-02-19,Success
12495,12495,Credit Card,106041.64,2022-05-29,Success
12496,12496,Net Banking,108053.06,2023-08-04,Success
12497,12497,Wallet,5929.69,2025-12-26,Success
12498,12498,UPI,127498.49,2023-08-12,Success
12499,12499,UPI,124013.36,2024-01-26,Success
12500,12500,COD,81358.9,2023-02-23,Success
12501,12501,Net Banking,31417.97,2025-01-29,Success
12502,12502,Credit Card,115228.71,2025-01-25,Failed
12503,12503,Debit Card,50243.67,2025-10-26,Refunded
12504,12504,Wallet,69838.31,2024-01-23,Success
12505,12505,Debit Card,33473.51,2022-05-18,Failed
12506,12506,Credit Card,110424.24,2024-09-01,Success
12507,12507,Debit Card,91065.0,2025-07-31,Success
12508,12508,Debit Card,45928.98,2025-03-31,Success
12509,12509,UPI,213886.1,2024-04-22,Success
12510,12510,Debit Card,113486.83,2025-09-04,Success
12511,12511,COD,10115.98,2024-02-21,Success
12512,12512,Net Banking,92063.05,2022-01-20,Success
12513,12513,COD,31996.98,2022-03-19,Success
12514,12514,Net Banking,152611.69,2025-12-28,Success
12515,12515,COD,11124.05,2023-01-09,Success
12516,12516,COD,111704.32,2024-10-03,Success
12517,12517,Debit Card,101359.11,2024-02-22,Success
12518,12518,UPI,84804.8,2025-06-25,Success
12519,12519,Credit Card,16849.08,2024-07-22,Refunded
12520,12520,COD,77500.96,2025-08-23,Success
12521,12521,Credit Card,50729.82,2025-05-29,Failed
12522,12522,UPI,177781.18,2022-06-12,Failed
12523,12523,Credit Card,110685.27,2024-09-21,Success
12524,12524,Wallet,96542.21,2023-09-11,Success
12525,12525,Debit Card,17954.9,2024-05-17,Success
12526,12526,COD,109822.59,2022-12-30,Refunded
12527,12527,COD,92513.26,2023-10-12,Success
12528,12528,COD,86935.06,2024-02-13,Refunded
12529,12529,Net Banking,30812.47,2023-09-07,Success
12530,12530,Wallet,117318.38,2025-03-05,Success
12531,12531,Debit Card,104151.76,2024-05-24,Success
12532,12532,UPI,91542.88,2025-08-01,Success
12533,12533,Net Banking,55548.0,2022-07-29,Failed
12534,12534,Net Banking,28525.13,2022-07-14,Success
12535,12535,COD,10962.21,2022-08-08,Failed
12536,12536,Debit Card,94476.3,2024-12-13,Refunded
12537,12537,Credit Card,166722.08,2022-01-31,Refunded
12538,12538,UPI,76279.17,2023-05-12,Refunded
12539,12539,Net Banking,17829.62,2023-02-27,Success
12540,12540,Credit Card,25538.32,2024-10-20,Success
12541,12541,Net Banking,140430.36,2025-09-13,Success
12542,12542,Net Banking,11322.98,2023-03-14,Success
12543,12543,Credit Card,17327.18,2023-06-03,Success
12544,12544,Wallet,47741.48,2023-05-04,Success
12545,12545,Debit Card,123292.45,2024-09-17,Success
12546,12546,UPI,51737.54,2023-03-17,Refunded
12547,12547,Credit Card,49108.54,2025-04-05,Success
12548,12548,Debit Card,30138.54,2024-11-14,Refunded
12549,12549,Wallet,97007.5,2023-04-17,Success
12550,12550,UPI,92169.0,2023-09-27,Success
12551,12551,Wallet,8632.05,2024-07-20,Success
12552,12552,Credit Card,15080.41,2024-04-19,Success
12553,12553,Debit Card,155949.31,2024-06-03,Success
12554,12554,UPI,89237.04,2023-10-02,Success
12555,12555,Net Banking,47664.92,2022-06-25,Success
12556,12556,COD,55609.69,2022-05-19,Success
12557,12557,Net Banking,20022.86,2024-05-30,Success
12558,12558,Credit Card,124514.95,2023-11-06,Refunded
12559,12559,COD,28262.39,2025-03-29,Success
12560,12560,Net Banking,119878.2,2025-04-19,Success
12561,12561,COD,24736.54,2022-08-02,Success
12562,12562,Debit Card,17040.27,2024-10-12,Success
12563,12563,UPI,3135.5,2025-06-15,Success
12564,12564,Net Banking,113797.72,2025-05-04,Refunded
12565,12565,Debit Card,3178.87,2023-02-01,Success
12566,12566,COD,28945.83,2023-04-26,Refunded
12567,12567,UPI,15309.66,2024-03-14,Success
12568,12568,Net Banking,20702.63,2023-03-31,Success
12569,12569,UPI,27725.87,2025-09-02,Success
12570,12570,Wallet,10838.28,2022-10-30,Success
12571,12571,COD,118202.74,2023-06-26,Success
12572,12572,Debit Card,65527.04,2025-05-09,Refunded
12573,12573,UPI,94473.79,2023-04-13,Success
12574,12574,Wallet,54869.75,2022-10-12,Success
12575,12575,COD,20635.35,2022-05-19,Refunded
12576,12576,COD,76819.54,2023-08-19,Success
12577,12577,UPI,164527.62,2024-08-31,Success
12578,12578,COD,60727.1,2022-08-16,Success
12579,12579,Debit Card,22384.86,2023-10-16,Refunded
12580,12580,Debit Card,48719.73,2025-12-16,Success
12581,12581,UPI,122562.18,2023-02-17,Success
12582,12582,Wallet,77626.52,2024-07-23,Success
12583,12583,Net Banking,186991.25,2025-07-10,Success
12584,12584,Debit Card,151235.08,2024-10-06,Success
12585,12585,Net Banking,120849.89,2025-11-09,Success
12586,12586,Net Banking,40128.02,2025-07-01,Refunded
12587,12587,Credit Card,124242.93,2025-10-25,Success
12588,12588,COD,109956.08,2023-10-24,Success
12589,12589,COD,209871.64,2022-12-17,Success
12590,12590,Credit Card,117899.22,2023-12-21,Success
12591,12591,Debit Card,96434.58,2023-06-09,Success
12592,12592,Credit Card,165145.29,2023-01-02,Success
12593,12593,Debit Card,45064.55,2022-02-17,Refunded
12594,12594,COD,126355.86,2022-04-05,Success
12595,12595,Credit Card,120003.98,2023-08-27,Success
12596,12596,Net Banking,75178.42,2025-07-18,Success
12597,12597,Debit Card,171490.48,2022-02-13,Success
12598,12598,Net Banking,67545.58,2022-11-25,Success
12599,12599,Net Banking,125223.65,2023-02-08,Success
12600,12600,Net Banking,37938.75,2025-01-11,Refunded
12601,12601,UPI,133139.57,2025-04-06,Success
12602,12602,Credit Card,58176.63,2023-05-19,Refunded
12603,12603,COD,57121.92,2024-03-02,Failed
12604,12604,UPI,33284.27,2024-05-17,Success
12605,12605,COD,58793.85,2023-01-30,Failed
12606,12606,Credit Card,68934.59,2024-08-23,Success
12607,12607,Net Banking,55084.24,2022-09-23,Success
12608,12608,Credit Card,41804.8,2025-05-25,Success
12609,12609,UPI,31967.91,2024-03-21,Success
12610,12610,Net Banking,120066.16,2022-02-05,Success
12611,12611,Credit Card,30848.5,2022-06-09,Success
12612,12612,Net Banking,62754.1,2024-07-16,Success
12613,12613,UPI,108744.53,2023-08-27,Success
12614,12614,Wallet,20540.5,2022-06-11,Success
12615,12615,Net Banking,68647.28,2024-10-23,Failed
12616,12616,Net Banking,31951.29,2025-07-21,Refunded
12617,12617,Credit Card,66333.01,2023-10-05,Success
12618,12618,UPI,15934.15,2025-12-23,Success
12619,12619,COD,33277.22,2023-09-21,Success
12620,12620,Credit Card,61936.88,2022-07-21,Failed
12621,12621,Credit Card,7182.61,2022-01-27,Refunded
12622,12622,Net Banking,94488.28,2022-02-14,Refunded
12623,12623,Net Banking,96905.47,2023-09-29,Success
12624,12624,COD,79708.1,2023-06-16,Success
12625,12625,COD,66844.51,2025-04-27,Success
12626,12626,COD,190767.32,2024-10-17,Success
12627,12627,Debit Card,97524.59,2025-10-18,Success
12628,12628,Net Banking,174369.37,2024-12-01,Success
12629,12629,COD,103187.66,2024-08-20,Success
12630,12630,Net Banking,57972.67,2025-04-07,Success
12631,12631,Credit Card,18053.69,2022-03-06,Failed
12632,12632,COD,97518.44,2022-02-16,Success
12633,12633,COD,73596.87,2023-10-20,Refunded
12634,12634,Net Banking,90962.26,2023-05-30,Success
12635,12635,Net Banking,65980.46,2025-03-13,Success
12636,12636,Credit Card,127840.03,2023-03-18,Success
12637,12637,Credit Card,88168.75,2025-01-15,Failed
12638,12638,Net Banking,17004.54,2023-03-21,Success
12639,12639,Net Banking,88129.41,2023-05-17,Success
12640,12640,Wallet,6367.16,2023-05-09,Success
12641,12641,COD,63357.74,2023-03-20,Success
12642,12642,Wallet,132875.98,2024-07-31,Failed
12643,12643,COD,219423.38,2022-12-12,Success
12644,12644,Credit Card,51410.13,2025-02-22,Success
12645,12645,Net Banking,114928.79,2024-04-16,Success
12646,12646,Debit Card,49884.27,2023-09-26,Refunded
12647,12647,Debit Card,20534.08,2024-01-28,Success
12648,12648,Net Banking,111404.52,2025-09-01,Failed
12649,12649,Wallet,19937.11,2023-07-28,Success
12650,12650,Wallet,12151.08,2023-09-29,Success
12651,12651,Net Banking,5692.76,2025-08-31,Success
12652,12652,COD,65352.42,2024-12-20,Success
12653,12653,Net Banking,18923.0,2025-12-14,Refunded
12654,12654,UPI,37429.43,2025-08-13,Failed
12655,12655,COD,81371.21,2024-05-23,Success
12656,12656,COD,235620.73,2023-08-30,Refunded
12657,12657,Net Banking,49547.06,2024-05-16,Success
12658,12658,Credit Card,19496.68,2025-03-25,Success
12659,12659,Debit Card,7589.83,2022-02-04,Success
12660,12660,COD,11704.37,2025-04-26,Success
12661,12661,Wallet,139773.69,2025-12-11,Success
12662,12662,Debit Card,106617.75,2023-02-08,Success
12663,12663,Wallet,247588.1,2025-05-16,Success
12664,12664,UPI,103048.12,2022-08-28,Failed
12665,12665,UPI,24897.57,2022-03-29,Success
12666,12666,Credit Card,24960.0,2025-01-21,Success
12667,12667,Credit Card,11682.54,2022-07-09,Success
12668,12668,UPI,718.71,2025-12-03,Refunded
12669,12669,Wallet,29755.88,2024-03-21,Success
12670,12670,UPI,169054.48,2022-08-19,Success
12671,12671,Wallet,75259.58,2025-10-08,Success
12672,12672,Debit Card,63589.65,2025-06-17,Success
12673,12673,Credit Card,11451.24,2025-05-27,Success
12674,12674,Wallet,64938.96,2022-06-08,Success
12675,12675,Wallet,165145.87,2022-08-21,Success
12676,12676,Wallet,21622.55,2022-04-25,Success
12677,12677,Credit Card,13748.59,2023-08-04,Refunded
12678,12678,COD,941.71,2023-05-11,Success
12679,12679,Credit Card,43858.59,2022-04-16,Success
12680,12680,Credit Card,85359.94,2023-08-07,Success
12681,12681,Debit Card,14596.33,2022-05-24,Refunded
12682,12682,COD,61964.74,2023-02-04,Success
12683,12683,COD,37997.24,2023-08-20,Success
12684,12684,Credit Card,65079.54,2024-01-25,Success
12685,12685,Net Banking,33160.23,2022-10-22,Success
12686,12686,Net Banking,75671.37,2022-05-02,Success
12687,12687,Credit Card,83854.71,2022-01-18,Success
12688,12688,Wallet,96191.96,2024-02-11,Success
12689,12689,Credit Card,177850.91,2024-03-03,Success
12690,12690,Credit Card,4581.03,2023-04-11,Success
12691,12691,UPI,81680.09,2023-01-20,Success
12692,12692,Wallet,88796.06,2023-11-23,Refunded
12693,12693,Credit Card,81364.19,2025-12-04,Refunded
12694,12694,COD,23320.1,2025-12-08,Success
12695,12695,Wallet,49340.92,2023-03-09,Success
12696,12696,Wallet,2333.42,2022-06-20,Success
12697,12697,Wallet,101719.38,2024-09-19,Refunded
12698,12698,Credit Card,34809.36,2024-08-01,Refunded
12699,12699,Net Banking,34834.8,2022-03-13,Refunded
12700,12700,Wallet,79553.85,2025-05-08,Success
12701,12701,Credit Card,99637.02,2023-09-02,Refunded
12702,12702,Credit Card,106106.7,2022-09-17,Success
12703,12703,Wallet,42243.85,2025-01-29,Success
12704,12704,UPI,16607.9,2022-01-21,Refunded
12705,12705,COD,55436.18,2024-01-19,Failed
12706,12706,UPI,30548.01,2022-09-19,Success
12707,12707,COD,174655.74,2023-04-12,Success
12708,12708,Wallet,159627.75,2022-03-25,Success
12709,12709,Credit Card,80264.07,2022-08-17,Success
12710,12710,Wallet,13170.24,2023-02-14,Success
12711,12711,Credit Card,63455.56,2024-03-15,Success
12712,12712,Debit Card,5302.74,2025-04-01,Success
12713,12713,COD,76900.2,2023-03-26,Success
12714,12714,UPI,178936.12,2022-08-02,Success
12715,12715,UPI,80250.44,2024-02-21,Success
12716,12716,Debit Card,7682.89,2023-10-28,Success
12717,12717,Credit Card,34575.62,2024-09-11,Refunded
12718,12718,Net Banking,119731.41,2024-08-15,Refunded
12719,12719,Net Banking,33577.29,2023-07-12,Success
12720,12720,Wallet,10002.3,2023-09-08,Success
12721,12721,Net Banking,96323.02,2022-09-22,Success
12722,12722,UPI,30204.93,2022-08-14,Success
12723,12723,Wallet,496.85,2024-11-15,Success
12724,12724,Debit Card,21102.26,2025-04-29,Success
12725,12725,Debit Card,90861.73,2022-02-17,Success
12726,12726,Net Banking,6181.92,2025-11-30,Success
12727,12727,Credit Card,106882.64,2024-02-25,Success
12728,12728,COD,71060.04,2023-01-16,Success
12729,12729,Credit Card,22398.74,2025-12-01,Refunded
12730,12730,Credit Card,59900.0,2023-09-24,Success
12731,12731,UPI,69748.61,2023-06-28,Success
12732,12732,Wallet,20341.48,2024-01-12,Success
12733,12733,Credit Card,13390.32,2022-05-27,Success
12734,12734,Credit Card,36228.88,2025-12-19,Success
12735,12735,Debit Card,14938.1,2022-11-04,Success
12736,12736,UPI,2408.3,2023-12-27,Success
12737,12737,UPI,17259.83,2025-05-03,Success
12738,12738,Wallet,32295.97,2025-04-29,Success
12739,12739,Net Banking,134381.99,2023-12-14,Refunded
12740,12740,Debit Card,108243.22,2024-12-09,Success
12741,12741,UPI,40564.79,2025-05-24,Success
12742,12742,Debit Card,62584.1,2022-11-29,Success
12743,12743,Credit Card,109948.85,2022-11-11,Failed
12744,12744,Wallet,83511.08,2024-01-14,Success
12745,12745,Net Banking,192949.68,2024-05-19,Success
12746,12746,Net Banking,25646.42,2025-07-13,Success
12747,12747,Wallet,46795.98,2025-05-29,Success
12748,12748,COD,17514.32,2025-08-11,Success
12749,12749,Credit Card,53688.21,2023-04-09,Success
12750,12750,Net Banking,153006.47,2024-06-07,Success
12751,12751,Debit Card,47334.85,2023-12-01,Success
12752,12752,Debit Card,1692.85,2025-11-20,Success
12753,12753,Net Banking,41752.71,2022-01-18,Success
12754,12754,Net Banking,97680.21,2024-07-13,Refunded
12755,12755,Debit Card,58757.45,2025-05-18,Refunded
12756,12756,Net Banking,96449.89,2024-08-22,Success
12757,12757,Credit Card,34045.84,2023-08-06,Success
12758,12758,Net Banking,95378.39,2022-06-03,Success
12759,12759,Wallet,200874.2,2023-05-16,Success
12760,12760,COD,53373.53,2024-03-31,Success
12761,12761,Net Banking,138487.88,2023-09-20,Refunded
12762,12762,Net Banking,66103.74,2025-03-22,Success
12763,12763,Net Banking,14219.47,2023-10-21,Refunded
12764,12764,Debit Card,22934.2,2024-04-19,Success
12765,12765,COD,167950.69,2022-03-24,Failed
12766,12766,Wallet,21174.53,2023-01-25,Success
12767,12767,Credit Card,38356.76,2023-05-11,Success
12768,12768,COD,56306.45,2023-11-10,Refunded
12769,12769,Credit Card,288.04,2025-10-31,Success
12770,12770,Net Banking,38318.61,2022-04-24,Success
12771,12771,UPI,2871.78,2024-05-14,Success
12772,12772,Credit Card,105727.34,2023-01-18,Success
12773,12773,Net Banking,19107.25,2024-05-07,Success
12774,12774,Net Banking,176162.35,2022-11-30,Refunded
12775,12775,Wallet,69629.23,2022-01-08,Success
12776,12776,Net Banking,23709.15,2025-01-14,Success
12777,12777,Wallet,139901.96,2025-04-09,Success
12778,12778,COD,67850.99,2025-08-11,Success
12779,12779,Wallet,58247.06,2024-04-20,Failed
12780,12780,Wallet,21374.07,2024-12-29,Refunded
12781,12781,Net Banking,52770.18,2024-09-16,Success
12782,12782,Debit Card,103413.49,2022-01-25,Refunded
12783,12783,Net Banking,62545.4,2022-04-26,Success
12784,12784,Credit Card,146678.03,2023-09-21,Refunded
12785,12785,Debit Card,45146.05,2025-06-17,Refunded
12786,12786,COD,161167.86,2022-06-27,Success
12787,12787,Net Banking,63739.91,2025-12-26,Success
12788,12788,COD,69871.68,2023-01-12,Success
12789,12789,Net Banking,8067.42,2025-08-31,Success
12790,12790,UPI,55383.0,2022-11-05,Failed
12791,12791,Credit Card,3774.99,2025-09-23,Success
12792,12792,UPI,139343.05,2022-08-17,Success
12793,12793,Debit Card,48017.16,2023-12-24,Failed
12794,12794,Credit Card,14228.88,2022-09-15,Success
12795,12795,COD,77472.15,2023-04-16,Success
12796,12796,Wallet,136516.13,2023-12-13,Success
12797,12797,Debit Card,164648.11,2024-07-24,Success
12798,12798,Wallet,3492.99,2025-10-19,Success
12799,12799,Credit Card,6668.26,2022-10-24,Refunded
12800,12800,Net Banking,216678.37,2024-08-05,Refunded
12801,12801,Debit Card,1214.56,2025-10-09,Failed
12802,12802,Debit Card,11299.45,2025-07-01,Success
12803,12803,UPI,39745.34,2023-01-03,Success
12804,12804,Net Banking,164482.68,2025-08-06,Failed
12805,12805,Credit Card,32790.78,2023-01-23,Success
12806,12806,Net Banking,85727.45,2023-11-26,Failed
12807,12807,Debit Card,36818.15,2022-10-18,Success
12808,12808,Wallet,220545.47,2022-06-26,Success
12809,12809,UPI,5791.39,2023-04-11,Failed
12810,12810,Debit Card,161340.31,2022-11-11,Success
12811,12811,Credit Card,19508.9,2023-06-15,Success
12812,12812,COD,65917.15,2025-11-26,Success
12813,12813,Wallet,221411.07,2024-01-26,Failed
12814,12814,Debit Card,107751.19,2024-08-02,Success
12815,12815,Wallet,31151.42,2024-03-03,Success
12816,12816,Wallet,18880.97,2024-02-13,Refunded
12817,12817,UPI,15742.28,2024-07-15,Success
12818,12818,Net Banking,53812.78,2024-12-25,Success
12819,12819,COD,145286.32,2025-07-27,Success
12820,12820,COD,169113.87,2022-11-12,Success
12821,12821,Debit Card,30326.83,2025-10-08,Success
12822,12822,Debit Card,68203.79,2022-02-22,Refunded
12823,12823,Credit Card,10409.14,2022-08-13,Success
12824,12824,Credit Card,18578.14,2025-12-12,Success
12825,12825,Credit Card,7188.84,2023-03-06,Success
12826,12826,Net Banking,127438.46,2025-02-28,Success
12827,12827,Wallet,132302.83,2023-01-01,Success
12828,12828,Wallet,1075.41,2023-11-24,Success
12829,12829,Wallet,117158.51,2024-03-12,Refunded
12830,12830,UPI,123683.86,2023-06-21,Success
12831,12831,Debit Card,136357.18,2023-03-16,Success
12832,12832,Credit Card,100184.6,2022-10-22,Refunded
12833,12833,Net Banking,28816.86,2022-10-18,Success
12834,12834,UPI,33950.7,2023-04-24,Failed
12835,12835,Wallet,11967.28,2024-08-11,Success
12836,12836,UPI,165342.52,2024-08-18,Refunded
12837,12837,COD,955.23,2025-08-25,Refunded
12838,12838,Credit Card,46244.54,2025-09-25,Failed
12839,12839,Wallet,100069.91,2025-08-31,Success
12840,12840,UPI,84825.88,2023-02-13,Success
12841,12841,COD,53487.67,2022-04-09,Success
12842,12842,Wallet,3903.88,2023-10-23,Success
12843,12843,Net Banking,38165.25,2022-01-25,Success
12844,12844,Wallet,107065.93,2025-04-19,Success
12845,12845,Wallet,3852.84,2023-06-19,Success
12846,12846,Debit Card,27125.31,2022-05-03,Failed
12847,12847,COD,15592.61,2025-03-01,Success
12848,12848,Credit Card,105511.04,2025-06-14,Success
12849,12849,Debit Card,45981.0,2023-02-06,Failed
12850,12850,Net Banking,24879.07,2025-09-17,Success
12851,12851,UPI,156529.84,2024-10-23,Success
12852,12852,Wallet,21964.52,2022-02-11,Success
12853,12853,Credit Card,108418.28,2025-10-07,Failed
12854,12854,Debit Card,159284.09,2025-02-16,Success
12855,12855,UPI,36014.24,2022-01-21,Success
12856,12856,COD,149094.44,2022-10-13,Success
12857,12857,Wallet,153831.31,2025-01-15,Refunded
12858,12858,COD,91236.89,2022-10-23,Success
12859,12859,Credit Card,45233.88,2023-07-16,Success
12860,12860,UPI,88509.29,2023-03-07,Success
12861,12861,UPI,74722.12,2024-09-12,Success
12862,12862,Net Banking,31161.52,2024-09-18,Success
12863,12863,Debit Card,194171.67,2023-08-19,Success
12864,12864,Credit Card,19622.32,2022-10-03,Success
12865,12865,COD,132481.26,2025-11-23,Success
12866,12866,UPI,12204.15,2025-01-19,Success
12867,12867,Debit Card,43559.28,2024-09-03,Success
12868,12868,UPI,52107.28,2023-09-04,Success
12869,12869,Wallet,67845.29,2023-04-15,Success
12870,12870,COD,122566.18,2023-03-04,Failed
12871,12871,Debit Card,16240.12,2023-07-27,Success
12872,12872,Net Banking,28774.64,2022-07-19,Success
12873,12873,Net Banking,9305.92,2024-02-25,Success
12874,12874,Credit Card,61027.9,2024-01-15,Success
12875,12875,Wallet,119419.78,2025-01-20,Success
12876,12876,COD,119762.28,2023-11-22,Success
12877,12877,Net Banking,40514.08,2023-05-28,Success
12878,12878,Wallet,160989.6,2022-07-06,Success
12879,12879,COD,131422.48,2023-10-13,Success
12880,12880,Net Banking,11635.83,2023-08-26,Success
12881,12881,Debit Card,61722.44,2022-05-10,Refunded
12882,12882,Wallet,21533.75,2022-09-12,Success
12883,12883,Wallet,179133.32,2024-12-19,Refunded
12884,12884,COD,156812.43,2022-11-17,Refunded
12885,12885,Credit Card,53996.92,2023-10-03,Refunded
12886,12886,Debit Card,56644.12,2025-09-09,Success
12887,12887,UPI,86486.24,2022-12-31,Success
12888,12888,Wallet,42522.17,2022-06-15,Success
12889,12889,Wallet,26529.56,2024-10-08,Success
12890,12890,Credit Card,31996.98,2025-11-10,Success
12891,12891,Credit Card,34835.68,2022-12-17,Success
12892,12892,Debit Card,74864.43,2025-12-23,Success
12893,12893,Debit Card,139381.4,2022-10-08,Success
12894,12894,Debit Card,31320.3,2022-06-13,Success
12895,12895,Debit Card,26458.08,2023-09-04,Success
12896,12896,Net Banking,54187.07,2024-04-25,Success
12897,12897,UPI,65735.09,2022-10-10,Success
12898,12898,Wallet,136740.74,2022-10-30,Success
12899,12899,Debit Card,205218.99,2023-02-27,Success
12900,12900,UPI,939.28,2025-02-10,Success
12901,12901,Credit Card,21118.04,2022-03-22,Success
12902,12902,Wallet,173396.81,2022-04-06,Success
12903,12903,Wallet,51097.44,2025-06-25,Success
12904,12904,UPI,114690.25,2023-03-01,Success
12905,12905,COD,91237.2,2022-09-20,Success
12906,12906,Net Banking,23803.43,2023-08-17,Failed
12907,12907,Net Banking,103751.01,2023-09-23,Refunded
12908,12908,Credit Card,79781.37,2023-08-20,Success
12909,12909,UPI,53188.49,2022-01-14,Success
12910,12910,Credit Card,98920.91,2025-11-16,Success
12911,12911,Wallet,111143.02,2024-10-15,Refunded
12912,12912,Wallet,203007.85,2023-03-27,Success
12913,12913,UPI,112903.59,2024-04-01,Refunded
12914,12914,Wallet,55980.76,2022-03-06,Success
12915,12915,COD,45626.07,2022-04-09,Success
12916,12916,Credit Card,38748.1,2023-03-03,Success
12917,12917,Net Banking,30891.19,2025-01-17,Success
12918,12918,Credit Card,12219.74,2022-11-12,Success
12919,12919,COD,75966.27,2025-08-12,Success
12920,12920,Debit Card,64958.93,2025-01-12,Success
12921,12921,Wallet,61786.97,2024-08-06,Success
12922,12922,Net Banking,12294.46,2022-01-19,Success
12923,12923,Net Banking,51489.5,2024-03-18,Success
12924,12924,Credit Card,14575.32,2025-05-03,Success
12925,12925,Net Banking,166983.2,2023-08-21,Success
12926,12926,UPI,59576.09,2024-03-12,Refunded
12927,12927,Net Banking,89092.31,2024-01-19,Refunded
12928,12928,Net Banking,163407.08,2024-03-11,Success
12929,12929,Debit Card,82891.28,2023-01-18,Success
12930,12930,COD,111359.66,2023-02-26,Success
12931,12931,COD,9053.06,2023-03-11,Refunded
12932,12932,Credit Card,30103.21,2023-06-22,Refunded
12933,12933,Credit Card,9868.86,2023-05-16,Success
12934,12934,Debit Card,20707.2,2024-09-04,Success
12935,12935,COD,158832.76,2025-03-22,Success
12936,12936,Debit Card,157270.0,2023-07-05,Success
12937,12937,Wallet,14013.61,2022-03-10,Success
12938,12938,Credit Card,180347.76,2025-09-26,Success
12939,12939,Debit Card,9514.78,2022-01-21,Success
12940,12940,Debit Card,65022.71,2023-11-15,Success
12941,12941,Credit Card,28716.29,2022-05-09,Success
12942,12942,COD,28687.69,2025-08-14,Success
12943,12943,Wallet,42779.67,2024-08-12,Refunded
12944,12944,Net Banking,86314.45,2023-04-01,Success
12945,12945,Wallet,63233.26,2022-05-29,Success
12946,12946,UPI,44695.95,2024-11-21,Success
12947,12947,COD,43440.85,2025-06-16,Success
12948,12948,Debit Card,108864.24,2025-05-04,Success
12949,12949,COD,37743.57,2024-05-28,Success
12950,12950,UPI,79587.48,2025-04-27,Success
12951,12951,Wallet,64495.98,2024-11-11,Success
12952,12952,Wallet,10002.3,2023-06-12,Success
12953,12953,UPI,11257.23,2023-01-19,Refunded
12954,12954,Debit Card,122794.58,2023-11-25,Success
12955,12955,Credit Card,15129.79,2025-02-26,Success
12956,12956,Net Banking,47280.81,2025-12-12,Success
12957,12957,Credit Card,111174.14,2024-06-29,Refunded
12958,12958,Wallet,98128.88,2025-08-25,Success
12959,12959,Debit Card,153880.57,2023-02-25,Success
12960,12960,Wallet,41788.42,2023-11-25,Success
12961,12961,Credit Card,93822.0,2025-08-22,Success
12962,12962,Credit Card,189311.26,2022-02-03,Success
12963,12963,COD,26287.32,2022-02-12,Success
12964,12964,Wallet,106047.02,2023-09-29,Success
12965,12965,Debit Card,296469.21,2025-05-04,Success
12966,12966,Net Banking,55453.86,2025-06-08,Refunded
12967,12967,Wallet,64239.9,2024-01-14,Success
12968,12968,COD,51679.32,2025-07-04,Success
12969,12969,UPI,48667.81,2023-01-17,Success
12970,12970,Net Banking,68045.83,2023-12-03,Success
12971,12971,Wallet,61229.5,2023-05-23,Failed
12972,12972,Wallet,18348.66,2022-07-15,Success
12973,12973,Net Banking,93276.06,2023-03-02,Success
12974,12974,UPI,57186.36,2022-11-25,Success
12975,12975,Credit Card,38788.8,2024-02-20,Success
12976,12976,UPI,47088.23,2025-07-24,Refunded
12977,12977,COD,13041.15,2022-10-31,Success
12978,12978,UPI,17009.86,2023-10-31,Refunded
12979,12979,Net Banking,90097.58,2023-03-15,Refunded
12980,12980,Credit Card,75141.78,2022-03-12,Success
12981,12981,UPI,9935.0,2024-05-25,Refunded
12982,12982,Wallet,64032.93,2024-07-11,Success
12983,12983,Credit Card,55092.6,2024-04-10,Success
12984,12984,Wallet,101834.98,2023-07-01,Success
12985,12985,UPI,228364.56,2024-04-13,Success
12986,12986,Wallet,98812.91,2024-09-08,Success
12987,12987,COD,40441.69,2024-02-02,Success
12988,12988,COD,86749.84,2023-10-01,Success
12989,12989,COD,32491.64,2025-02-08,Success
12990,12990,Net Banking,99694.56,2025-06-22,Success
12991,12991,Credit Card,156318.3,2025-03-04,Refunded
12992,12992,COD,34139.96,2025-04-17,Success
12993,12993,Debit Card,163409.83,2024-04-12,Success
12994,12994,UPI,40808.82,2025-03-27,Refunded
12995,12995,COD,16778.96,2023-06-08,Success
12996,12996,Net Banking,94424.6,2022-02-25,Success
12997,12997,Debit Card,168593.1,2022-07-11,Success
12998,12998,COD,3969.42,2024-06-30,Success
12999,12999,COD,18924.65,2022-01-24,Success
13000,13000,Net Banking,118887.29,2025-07-10,Refunded
13001,13001,Net Banking,79216.8,2026-01-01,Refunded
13002,13002,Wallet,55352.47,2022-08-12,Success
13003,13003,COD,32736.44,2022-10-04,Success
13004,13004,Credit Card,18760.28,2022-05-02,Success
13005,13005,Credit Card,214013.81,2022-06-05,Success
13006,13006,Credit Card,140616.21,2025-01-02,Refunded
13007,13007,Wallet,50665.89,2022-06-03,Success
13008,13008,Wallet,5722.36,2024-11-22,Success
13009,13009,Credit Card,91510.86,2024-10-17,Refunded
13010,13010,Wallet,182516.68,2022-08-09,Success
13011,13011,COD,151591.37,2024-07-02,Success
13012,13012,Credit Card,13126.2,2025-03-31,Refunded
13013,13013,Debit Card,115270.93,2024-03-02,Success
13014,13014,COD,118170.43,2023-02-12,Success
13015,13015,Credit Card,86375.0,2023-09-23,Success
13016,13016,UPI,38254.68,2023-10-07,Success
13017,13017,Wallet,85873.46,2025-12-04,Success
13018,13018,Net Banking,103589.06,2025-09-29,Success
13019,13019,Debit Card,149854.87,2024-02-27,Success
13020,13020,COD,15352.71,2024-08-09,Success
13021,13021,Credit Card,49190.08,2022-06-06,Success
13022,13022,Credit Card,26408.06,2024-03-25,Success
13023,13023,UPI,99782.42,2024-03-11,Success
13024,13024,Wallet,3090.5,2025-02-13,Success
13025,13025,Debit Card,18912.24,2025-07-29,Success
13026,13026,Credit Card,7635.72,2023-04-12,Success
13027,13027,UPI,90205.43,2022-02-24,Success
13028,13028,UPI,4926.04,2025-05-25,Success
13029,13029,Debit Card,2016.84,2024-03-06,Success
13030,13030,UPI,13455.56,2023-06-08,Success
13031,13031,UPI,85359.94,2023-08-08,Success
13032,13032,UPI,75554.57,2022-11-06,Refunded
13033,13033,UPI,779.87,2022-02-09,Success
13034,13034,Debit Card,38026.71,2023-05-02,Success
13035,13035,Net Banking,20938.8,2025-04-29,Success
13036,13036,Wallet,129079.1,2024-12-10,Success
13037,13037,Wallet,115857.14,2022-04-22,Success
13038,13038,Credit Card,44178.39,2024-05-17,Refunded
13039,13039,Debit Card,40946.42,2024-07-10,Success
13040,13040,COD,8388.92,2022-03-16,Success
13041,13041,Debit Card,133733.31,2025-07-05,Refunded
13042,13042,Debit Card,130477.66,2022-11-26,Refunded
13043,13043,Net Banking,46620.26,2024-12-19,Success
13044,13044,Debit Card,56833.54,2024-06-14,Success
13045,13045,Wallet,99140.46,2025-03-03,Refunded
13046,13046,UPI,76990.85,2025-05-03,Success
13047,13047,Debit Card,15380.04,2025-12-10,Success
13048,13048,UPI,254494.8,2024-01-06,Success
13049,13049,UPI,10008.58,2024-06-11,Failed
13050,13050,Credit Card,99392.76,2025-10-07,Success
13051,13051,Debit Card,129938.07,2025-11-01,Refunded
13052,13052,UPI,88310.62,2024-10-28,Success
13053,13053,Net Banking,45879.88,2025-11-07,Success
13054,13054,Wallet,145908.4,2022-04-21,Success
13055,13055,Net Banking,55092.6,2024-04-09,Success
13056,13056,Credit Card,27199.13,2022-03-02,Success
13057,13057,Net Banking,85481.07,2024-03-02,Success
13058,13058,COD,44873.24,2023-07-02,Success
13059,13059,Wallet,87312.19,2025-09-24,Failed
13060,13060,Credit Card,31764.77,2024-12-17,Success
13061,13061,Debit Card,84245.44,2025-07-31,Refunded
13062,13062,COD,95906.72,2023-02-12,Success
13063,13063,Wallet,84926.82,2022-06-27,Success
13064,13064,UPI,143337.56,2023-01-03,Failed
13065,13065,Wallet,29755.88,2024-03-20,Success
13066,13066,Debit Card,16137.25,2024-11-27,Success
13067,13067,Debit Card,53248.22,2022-03-15,Success
13068,13068,Debit Card,19180.15,2025-10-24,Success
13069,13069,Wallet,1278.35,2025-07-30,Refunded
13070,13070,Debit Card,277932.1,2025-12-11,Success
13071,13071,Credit Card,146807.11,2025-12-07,Success
13072,13072,COD,136332.19,2025-09-14,Success
13073,13073,Wallet,120003.98,2023-08-27,Success
13074,13074,Net Banking,50903.4,2024-09-19,Success
13075,13075,Debit Card,62599.07,2024-07-12,Success
13076,13076,Debit Card,5833.55,2022-02-15,Success
13077,13077,UPI,10162.59,2025-03-11,Success
13078,13078,Wallet,44752.14,2022-07-01,Refunded
13079,13079,Credit Card,68656.53,2025-08-23,Success
13080,13080,Credit Card,94674.25,2022-03-15,Success
13081,13081,COD,131871.64,2025-01-07,Success
13082,13082,Wallet,3757.0,2025-08-18,Success
13083,13083,Credit Card,84582.4,2023-07-10,Success
13084,13084,Credit Card,76301.6,2024-10-08,Success
13085,13085,Net Banking,91932.93,2024-02-21,Success
13086,13086,Debit Card,48526.41,2023-02-28,Success
13087,13087,Wallet,172811.03,2024-06-19,Success
13088,13088,COD,59183.56,2025-05-18,Success
13089,13089,Net Banking,117881.39,2025-06-29,Success
13090,13090,Credit Card,128828.38,2023-04-26,Success
13091,13091,Credit Card,224770.07,2024-03-28,Success
13092,13092,UPI,39010.72,2022-05-27,Refunded
13093,13093,Wallet,64826.43,2023-07-20,Success
13094,13094,UPI,54753.53,2025-08-12,Success
13095,13095,Net Banking,39141.43,2022-11-09,Success
13096,13096,UPI,6863.35,2023-06-28,Success
13097,13097,Wallet,232955.37,2023-10-11,Success
13098,13098,COD,97124.02,2023-05-18,Success
13099,13099,COD,79251.52,2022-02-02,Success
13100,13100,Net Banking,24892.44,2023-02-02,Failed
13101,13101,UPI,85620.5,2025-01-20,Success
13102,13102,Net Banking,23739.6,2024-07-04,Success
13103,13103,COD,74655.56,2022-09-03,Success
13104,13104,COD,65969.31,2024-03-04,Success
13105,13105,Debit Card,111039.43,2022-01-17,Success
13106,13106,Credit Card,139787.49,2023-03-19,Success
13107,13107,COD,53321.84,2022-12-05,Success
13108,13108,UPI,48534.71,2023-12-25,Refunded
13109,13109,Credit Card,81205.81,2024-08-15,Failed
13110,13110,COD,779.87,2022-02-11,Success
13111,13111,Credit Card,115270.93,2024-03-03,Success
13112,13112,Wallet,75057.06,2023-12-13,Refunded
13113,13113,Wallet,122865.32,2022-08-11,Success
13114,13114,Credit Card,19585.6,2025-05-21,Success
13115,13115,Credit Card,136721.46,2025-11-27,Success
13116,13116,UPI,24912.88,2025-12-02,Success
13117,13117,COD,87312.19,2025-09-22,Failed
13118,13118,COD,79568.49,2025-01-14,Success
13119,13119,UPI,138162.3,2025-05-29,Success
13120,13120,UPI,12025.11,2025-11-16,Success
13121,13121,Net Banking,33314.22,2025-04-16,Success
13122,13122,COD,29859.41,2023-05-17,Success
13123,13123,COD,14598.7,2023-09-30,Failed
13124,13124,COD,142731.58,2023-08-09,Success
13125,13125,Debit Card,32951.35,2023-10-01,Success
13126,13126,Credit Card,14938.54,2023-01-17,Success
13127,13127,Credit Card,59921.12,2025-05-15,Success
13128,13128,Debit Card,22309.26,2022-07-11,Success
13129,13129,Wallet,95866.86,2025-09-27,Success
13130,13130,Debit Card,113084.53,2024-10-26,Failed
13131,13131,UPI,19321.96,2024-07-23,Success
13132,13132,UPI,161340.31,2022-11-12,Success
13133,13133,Wallet,17388.13,2024-07-06,Success
13134,13134,Wallet,80753.28,2022-03-20,Success
13135,13135,Credit Card,81216.91,2022-12-09,Success
13136,13136,UPI,209871.64,2022-12-16,Success
13137,13137,UPI,25406.33,2025-10-26,Success
13138,13138,UPI,141817.03,2023-01-22,Failed
13139,13139,Credit Card,158843.37,2024-01-11,Success
13140,13140,Net Banking,18476.31,2025-06-13,Success
13141,13141,Debit Card,8393.02,2024-08-25,Success
13142,13142,COD,42697.98,2024-06-15,Success
13143,13143,COD,91065.0,2025-07-30,Success
13144,13144,Net Banking,56833.54,2024-06-14,Success
13145,13145,COD,55170.27,2023-09-17,Success
13146,13146,UPI,54441.99,2025-03-11,Success
13147,13147,Net Banking,87858.07,2023-10-10,Success
13148,13148,Wallet,109596.01,2022-07-02,Failed
13149,13149,COD,101735.25,2025-01-23,Success
13150,13150,COD,159673.85,2022-11-11,Success
13151,13151,COD,111359.66,2023-02-26,Success
13152,13152,UPI,74875.0,2023-02-27,Success
13153,13153,COD,16226.22,2024-09-18,Refunded
13154,13154,Wallet,69960.55,2023-07-15,Refunded
13155,13155,Debit Card,20721.08,2025-06-11,Success
13156,13156,UPI,64553.03,2024-10-18,Success
13157,13157,Credit Card,51302.84,2023-03-20,Success
13158,13158,COD,28641.47,2022-09-30,Success
13159,13159,Credit Card,8605.62,2024-11-02,Success
13160,13160,Credit Card,68020.31,2022-11-24,Success
13161,13161,Net Banking,91992.84,2023-03-20,Success
13162,13162,Wallet,80115.26,2022-03-26,Success
13163,13163,Debit Card,34650.99,2022-04-21,Success
13164,13164,Wallet,8432.77,2022-09-27,Refunded
13165,13165,UPI,158843.37,2024-01-11,Success
13166,13166,COD,23301.76,2025-06-14,Success
13167,13167,Debit Card,33155.93,2024-01-20,Success
13168,13168,Net Banking,93975.96,2023-05-15,Success
13169,13169,Net Banking,109856.03,2023-02-18,Success
13170,13170,Credit Card,89296.47,2025-01-11,Success
13171,13171,UPI,21892.19,2025-07-10,Success
13172,13172,UPI,58418.81,2025-05-28,Success
13173,13173,UPI,72276.6,2025-05-03,Refunded
13174,13174,Wallet,11380.43,2025-08-25,Success
13175,13175,Debit Card,93026.23,2022-12-07,Success
13176,13176,COD,59221.55,2022-11-02,Success
13177,13177,COD,100184.6,2023-10-12,Success
13178,13178,COD,3942.57,2024-04-26,Success
13179,13179,Wallet,13320.86,2024-01-17,Success
13180,13180,COD,57255.24,2024-12-15,Success
13181,13181,Credit Card,114690.25,2023-02-28,Success
13182,13182,Net Banking,117845.15,2025-06-20,Refunded
13183,13183,Debit Card,80773.57,2025-10-31,Success
13184,13184,Wallet,77283.23,2025-06-16,Success
13185,13185,Wallet,5844.25,2025-04-02,Refunded
13186,13186,Credit Card,59172.03,2022-09-19,Success
13187,13187,Net Banking,33389.93,2025-06-10,Success
13188,13188,COD,49784.88,2024-09-05,Refunded
13189,13189,Credit Card,87657.52,2022-09-21,Success
13190,13190,COD,119213.45,2022-04-30,Success
13191,13191,Debit Card,14440.85,2024-10-19,Success
13192,13192,Net Banking,75261.0,2022-08-25,Success
13193,13193,Net Banking,44862.61,2025-09-25,Failed
13194,13194,UPI,42399.23,2023-12-03,Success
13195,13195,Debit Card,47907.89,2025-02-12,Refunded
