review_id,product_id,customer_id,rating,review_date,review_text
1,594,1764,5,2023-01-21,Would buy again
2,855,955,4,2025-06-02,Excellent quality
3,465,666,3,2024-04-28,Not as expected
4,89,1654,2,2024-07-21,Value for money
5,487,3197,4,2024-10-20,Would buy again
6,828,1713,4,2025-02-09,Average experience
7,339,2078,4,2022-03-23,Value for money
8,611,882,4,2022-10-12,"Fast delivery, good product"
9,739,2531,4,2025-03-03,Great product!
10,406,1397,4,2025-08-27,Great product!
11,40,1520,5,2025-11-07,Waste of money
12,350,3258,4,2023-03-20,Excellent quality
13,424,217,5,2023-11-05,Not as expected
14,453,170,4,2025-12-10,Excellent quality
15,852,3396,4,2022-04-16,"Fast delivery, good product"
16,146,3892,5,2023-04-28,"Fast delivery, good product"
17,285,3743,5,2022-11-27,"Fast delivery, good product"
18,247,2385,5,2024-12-22,Would buy again
19,775,3203,4,2024-11-04,Would buy again
20,390,3625,3,2022-03-20,Highly recommend
21,448,656,4,2022-07-31,Would buy again
22,52,3791,2,2025-10-27,Average experience
23,167,1115,4,2025-08-23,"Fast delivery, good product"
24,852,601,3,2022-03-09,Great product!
25,516,1356,4,2022-12-19,Highly recommend
26,454,223,4,2025-06-23,Highly recommend
27,70,2054,1,2024-09-30,Not as expected
28,754,1789,5,2022-03-30,Poor packaging
29,628,3533,1,2025-08-03,Not as expected
30,540,1766,4,2023-03-04,Great product!
31,783,2393,5,2023-09-30,Waste of money
32,197,732,5,2025-11-16,Value for money
33,801,3529,3,2023-04-20,"Fast delivery, good product"
34,299,3521,3,2023-01-27,Excellent quality
35,275,1065,2,2025-03-28,Would buy again
36,561,2875,4,2022-11-21,Would buy again
37,490,1244,4,2024-04-29,"Fast delivery, good product"
38,11,3926,5,2023-02-02,Great product!
39,258,1761,3,2024-06-25,Great product!
40,355,1891,3,2024-07-31,Would buy again
41,835,1557,3,2024-05-07,Poor packaging
42,2,3037,4,2024-01-12,Average experience
43,209,3315,5,2025-03-30,Great product!
44,627,515,3,2024-02-10,Value for money
45,521,3692,5,2023-01-27,"Fast delivery, good product"
46,254,3125,5,2022-05-12,Waste of money
47,390,98,4,2024-11-30,Value for money
48,700,371,4,2025-11-07,Value for money
49,890,2504,3,2025-03-26,Not as expected
50,165,663,4,2025-12-09,Excellent quality
51,701,492,5,2025-08-26,Poor packaging
52,31,1703,4,2024-03-11,Value for money
53,504,2077,5,2024-10-02,Highly recommend
54,342,821,5,2024-02-27,Would buy again
55,715,3634,5,2023-10-06,"Fast delivery, good product"
56,565,2108,5,2023-01-10,Average experience
57,814,620,4,2025-09-10,Would buy again
58,735,3221,4,2023-04-22,Waste of money
59,135,2401,5,2024-05-30,Poor packaging
60,551,2229,4,2024-05-21,Highly recommend
61,543,1146,5,2022-12-19,Excellent quality
62,791,1167,5,2022-06-04,Highly recommend
63,92,3554,5,2022-07-21,Poor packaging
64,571,565,4,2024-04-24,Not as expected
65,461,3360,4,2025-01-25,Value for money
66,568,857,3,2024-05-07,Great product!
67,451,3336,4,2023-08-11,Poor packaging
68,732,1613,4,2023-06-22,Highly recommend
69,616,1538,1,2022-12-17,Value for money
70,772,2211,3,2022-01-21,Poor packaging
71,395,336,5,2022-04-22,Waste of money
72,674,1017,2,2025-11-23,Highly recommend
73,743,255,5,2022-02-27,Value for money
74,164,1201,3,2023-12-03,Value for money
75,799,2697,2,2023-11-29,Average experience
76,326,1632,4,2022-08-12,Excellent quality
77,647,1062,2,2022-09-17,Poor packaging
78,118,699,1,2024-02-10,Not as expected
79,713,635,4,2025-08-21,Average experience
80,256,119,1,2024-06-14,Would buy again
81,183,291,5,2024-03-04,Excellent quality
82,583,2963,4,2023-01-11,Would buy again
83,165,220,4,2023-08-06,Great product!
84,314,2443,4,2024-10-22,Not as expected
85,562,1464,4,2023-09-20,Not as expected
86,395,2107,5,2025-03-22,Would buy again
87,661,3406,2,2023-11-19,Waste of money
88,783,1958,2,2025-10-29,Great product!
89,20,2188,5,2023-09-13,Value for money
90,435,1618,5,2022-03-22,Would buy again
91,220,2760,3,2022-05-25,Value for money
92,686,901,4,2023-07-22,Great product!
93,250,1868,3,2022-02-25,Average experience
94,830,301,4,2024-02-18,Great product!
95,743,424,2,2023-08-21,Waste of money
96,31,3980,4,2025-01-03,Average experience
97,176,2112,5,2022-11-13,Highly recommend
98,587,190,4,2025-10-12,Highly recommend
99,592,3110,4,2025-03-19,Average experience
100,876,618,2,2022-12-02,"Fast delivery, good product"
101,830,966,5,2022-04-16,Highly recommend
102,79,50,2,2022-03-29,Would buy again
103,39,1280,4,2024-03-18,Value for money
104,539,803,5,2022-10-30,Not as expected
105,533,1534,2,2024-03-05,Waste of money
106,540,604,5,2022-01-27,Great product!
107,479,168,5,2024-08-31,Would buy again
108,227,2084,5,2023-05-24,Average experience
109,636,1615,4,2022-07-12,Poor packaging
110,607,2825,4,2024-04-08,Average experience
111,633,3172,2,2023-06-21,Highly recommend
112,118,3893,4,2023-11-14,Value for money
113,569,2334,5,2022-04-13,Poor packaging
114,583,277,4,2023-03-23,Great product!
115,661,2399,5,2024-12-11,Great product!
116,191,385,3,2023-02-10,Highly recommend
117,495,49,3,2023-04-23,Great product!
118,372,2799,5,2023-08-22,Average experience
119,285,2513,5,2024-01-06,"Fast delivery, good product"
120,654,987,3,2022-07-04,Average experience
121,128,3970,3,2025-09-06,Not as expected
122,881,3855,3,2022-09-17,Not as expected
123,510,2914,5,2023-01-08,Value for money
124,610,1245,4,2024-12-22,Average experience
125,414,2060,5,2022-04-20,Poor packaging
126,694,649,3,2025-10-22,Not as expected
127,234,78,3,2025-08-03,Waste of money
128,43,10,2,2022-09-01,Not as expected
129,365,2353,3,2025-12-24,Poor packaging
130,408,320,3,2022-06-13,Waste of money
131,697,816,3,2025-11-25,Would buy again
132,506,2149,2,2022-07-08,Waste of money
133,486,397,4,2024-02-09,"Fast delivery, good product"
134,201,3772,4,2022-04-29,Would buy again
135,76,2590,2,2022-07-07,Average experience
136,248,1980,3,2023-08-02,Average experience
137,371,66,5,2023-04-04,Excellent quality
138,279,1713,4,2022-09-17,Waste of money
139,582,2487,4,2024-02-21,Excellent quality
140,626,1181,4,2024-11-22,Highly recommend
141,848,1043,4,2025-12-25,Waste of money
142,842,1083,1,2025-03-07,Waste of money
143,643,807,5,2023-06-06,"Fast delivery, good product"
144,69,3864,4,2024-08-15,"Fast delivery, good product"
145,280,3924,5,2022-02-17,Not as expected
146,805,306,5,2024-03-10,Poor packaging
147,894,3732,3,2023-12-05,Average experience
148,112,703,3,2022-06-23,"Fast delivery, good product"
149,380,2714,4,2024-08-03,Not as expected
150,195,3062,3,2023-08-27,Not as expected
151,637,2457,5,2025-01-08,Not as expected
152,632,1661,3,2025-12-09,Average experience
153,677,2093,5,2025-12-28,"Fast delivery, good product"
154,655,84,5,2023-04-14,Waste of money
155,146,1388,4,2022-12-30,"Fast delivery, good product"
156,821,3464,5,2022-08-06,Value for money
157,896,3960,4,2023-02-03,Value for money
158,708,2068,3,2022-05-20,Highly recommend
159,475,1932,5,2024-11-13,Great product!
160,385,292,4,2025-07-01,Average experience
161,366,1712,4,2022-09-08,Value for money
162,697,602,5,2022-04-08,"Fast delivery, good product"
163,774,2964,5,2023-09-07,Value for money
164,227,813,2,2022-03-12,Waste of money
165,575,1970,5,2022-11-13,"Fast delivery, good product"
166,845,3783,5,2022-01-30,Not as expected
167,166,2964,5,2025-05-09,Excellent quality
168,432,1479,3,2025-03-24,Not as expected
169,140,2020,5,2024-07-27,Value for money
170,382,3152,3,2022-10-17,Poor packaging
171,200,58,4,2024-05-02,Highly recommend
172,113,3233,3,2025-06-08,Not as expected
173,526,2497,4,2022-06-01,Average experience
174,777,3292,2,2025-05-24,Excellent quality
175,370,3382,4,2023-07-17,Would buy again
176,401,299,5,2025-06-28,Not as expected
177,48,1319,5,2024-05-14,Waste of money
178,843,2113,4,2022-04-28,Waste of money
179,561,528,1,2024-03-25,Average experience
180,613,2116,5,2024-10-06,Would buy again
181,458,1816,5,2025-06-03,Not as expected
182,862,3829,4,2024-08-08,Waste of money
183,577,315,5,2022-08-10,Waste of money
184,3,1766,2,2022-05-13,Great product!
185,173,429,3,2025-06-19,Not as expected
186,180,3910,3,2025-11-10,"Fast delivery, good product"
187,556,2326,3,2022-08-17,Waste of money
188,396,883,5,2023-05-05,Average experience
189,503,3582,5,2023-04-14,Waste of money
190,591,1478,5,2023-08-22,Value for money
191,726,767,4,2024-11-09,"Fast delivery, good product"
192,707,2320,2,2025-04-07,Waste of money
193,83,3246,4,2024-12-01,Excellent quality
194,745,130,5,2025-03-03,Average experience
195,138,1982,5,2022-07-20,"Fast delivery, good product"
196,98,2729,5,2025-02-25,Great product!
197,274,3475,4,2022-04-15,Excellent quality
198,92,1179,4,2025-08-22,Waste of money
199,643,3977,2,2022-01-12,Waste of money
200,25,899,4,2025-07-02,"Fast delivery, good product"
201,647,3528,4,2022-04-15,Great product!
202,143,3616,4,2025-07-19,"Fast delivery, good product"
203,230,1924,4,2023-02-01,Value for money
204,651,2069,3,2024-09-16,Would buy again
205,491,1109,3,2025-01-31,Excellent quality
206,812,1333,3,2024-11-02,Not as expected
207,657,1177,5,2024-02-11,Poor packaging
208,875,2500,5,2023-12-01,Value for money
209,885,3337,1,2025-08-03,Waste of money
210,243,1145,3,2023-01-22,Waste of money
211,885,243,5,2023-07-28,Average experience
212,597,2011,4,2023-12-03,"Fast delivery, good product"
213,640,1336,5,2023-12-13,Excellent quality
214,184,1292,5,2025-04-02,Not as expected
215,507,3801,4,2022-02-09,Poor packaging
216,640,130,3,2025-04-27,Waste of money
217,369,1487,3,2023-06-07,Excellent quality
218,763,368,4,2022-10-17,Not as expected
219,20,3963,1,2022-04-06,Highly recommend
220,505,2603,3,2024-07-09,Value for money
221,316,3686,5,2022-12-14,Average experience
222,185,23,4,2024-06-18,Poor packaging
223,261,1951,3,2025-04-23,Value for money
224,642,1353,4,2022-08-09,Average experience
225,313,57,5,2022-11-14,Waste of money
226,619,3702,4,2023-08-01,Poor packaging
227,730,1714,5,2024-06-02,Poor packaging
228,230,1262,4,2024-11-24,Value for money
229,763,1718,3,2022-12-05,Great product!
230,298,1837,3,2025-08-18,Great product!
231,803,3987,3,2024-03-01,"Fast delivery, good product"
232,55,1984,4,2023-02-07,"Fast delivery, good product"
233,319,1482,2,2022-12-14,"Fast delivery, good product"
234,853,709,5,2022-03-29,Excellent quality
235,888,3253,4,2024-10-06,Great product!
236,679,238,4,2025-10-04,Waste of money
237,118,1319,2,2025-10-10,Highly recommend
238,133,1632,5,2023-01-13,Waste of money
239,551,2648,1,2024-12-17,Not as expected
240,150,1743,4,2022-05-23,Value for money
241,496,1490,3,2025-09-19,"Fast delivery, good product"
242,8,1741,5,2023-11-21,Poor packaging
243,382,2533,4,2022-07-30,Great product!
244,491,28,4,2025-10-26,Highly recommend
245,102,3241,3,2022-03-05,Highly recommend
246,665,3686,4,2022-09-27,Excellent quality
247,826,114,4,2023-07-22,Not as expected
248,70,3360,4,2023-04-04,Excellent quality
249,738,2958,4,2024-09-21,"Fast delivery, good product"
250,516,2534,4,2024-11-12,Highly recommend
251,402,2999,4,2023-03-23,Not as expected
252,9,2532,3,2025-11-22,Excellent quality
253,153,1344,5,2024-02-11,Poor packaging
254,679,3900,4,2023-07-25,Highly recommend
255,768,1340,4,2023-08-24,Highly recommend
256,183,2270,5,2024-10-08,Average experience
257,211,392,1,2025-09-27,Value for money
258,106,2641,4,2022-06-22,Average experience
259,69,3077,4,2023-11-21,Not as expected
260,193,3398,5,2025-01-09,Poor packaging
261,668,3314,5,2023-05-11,Not as expected
262,830,1714,4,2023-05-19,Excellent quality
263,432,1003,4,2023-02-07,Value for money
264,54,1503,1,2023-10-30,Excellent quality
265,607,3553,3,2023-07-21,Great product!
266,466,1300,5,2022-03-14,Not as expected
267,589,3307,5,2023-06-01,Average experience
268,308,321,5,2022-04-24,Excellent quality
269,288,1753,4,2025-04-18,Excellent quality
270,556,3547,4,2023-10-11,Average experience
271,526,1737,5,2024-10-04,Waste of money
272,711,557,5,2023-09-04,Waste of money
273,498,1094,5,2024-11-21,Great product!
274,822,1143,3,2022-07-06,Would buy again
275,725,3603,5,2022-04-29,Highly recommend
276,286,677,4,2025-01-22,"Fast delivery, good product"
277,473,3947,5,2024-08-08,"Fast delivery, good product"
278,59,3048,4,2023-11-27,Value for money
279,381,525,3,2022-06-08,Great product!
280,811,3389,4,2024-04-17,Excellent quality
281,741,2076,5,2023-09-21,Poor packaging
282,480,3998,3,2023-09-11,Value for money
283,202,1868,2,2024-09-21,Would buy again
284,243,2038,5,2024-03-08,Not as expected
285,885,444,4,2022-12-07,Waste of money
286,649,608,4,2024-07-15,Average experience
287,362,2722,4,2022-07-30,Poor packaging
288,14,2764,4,2024-11-27,"Fast delivery, good product"
289,46,482,4,2025-06-29,Average experience
290,40,1301,5,2023-03-01,Average experience
291,185,3072,2,2025-04-23,Poor packaging
292,279,2482,4,2023-02-26,Average experience
293,896,51,4,2023-04-18,Value for money
294,533,592,4,2025-08-14,Not as expected
295,435,1783,5,2025-08-31,Average experience
296,80,928,5,2024-05-03,Value for money
297,884,2814,5,2023-02-18,Great product!
298,605,655,5,2025-11-17,"Fast delivery, good product"
299,221,895,4,2025-02-15,Value for money
300,697,687,4,2023-03-04,Value for money
301,895,767,4,2025-07-07,Great product!
302,226,1822,5,2023-06-15,Average experience
303,150,1783,5,2023-07-02,Not as expected
304,151,466,4,2023-06-29,Not as expected
305,423,885,4,2025-04-22,Average experience
306,530,3128,4,2022-04-12,Average experience
307,220,1200,5,2024-09-12,Highly recommend
308,309,2262,5,2023-12-22,"Fast delivery, good product"
309,505,3842,5,2022-03-16,Average experience
310,546,1055,5,2022-06-26,Highly recommend
311,397,2766,4,2023-07-16,Great product!
312,530,3363,3,2025-05-18,Not as expected
313,770,3965,2,2022-12-04,Average experience
314,622,1634,4,2022-04-12,Average experience
315,599,1648,5,2024-11-11,Value for money
316,791,3002,5,2025-07-07,Value for money
317,543,619,4,2024-02-18,Would buy again
318,475,1034,1,2025-06-22,Great product!
319,545,1560,4,2024-12-01,Not as expected
320,341,461,5,2022-07-24,Poor packaging
321,711,1941,5,2025-08-03,Great product!
322,303,3000,5,2025-03-27,Would buy again
323,508,2662,4,2024-08-31,Waste of money
324,733,3207,4,2022-05-28,"Fast delivery, good product"
325,608,1241,5,2025-04-12,Highly recommend
326,771,1144,2,2023-12-20,Waste of money
327,709,472,5,2025-05-05,Highly recommend
328,483,3781,5,2023-11-11,Average experience
329,386,594,4,2022-02-13,Waste of money
330,103,1099,1,2025-12-04,Would buy again
331,142,3311,5,2025-12-03,"Fast delivery, good product"
332,853,3479,4,2024-11-22,Great product!
333,107,3865,2,2022-02-08,Value for money
334,657,1613,2,2022-01-05,Great product!
335,242,2575,5,2024-09-20,"Fast delivery, good product"
336,149,1020,5,2022-02-13,Waste of money
337,745,3099,4,2024-12-18,Average experience
338,660,1609,5,2024-08-20,Value for money
339,157,2589,5,2022-05-10,Waste of money
340,426,3820,4,2025-02-23,Poor packaging
341,609,1704,3,2023-08-31,"Fast delivery, good product"
342,34,3202,4,2024-08-23,Great product!
343,189,2172,4,2025-06-10,Great product!
344,26,3157,4,2022-02-13,Poor packaging
345,351,2708,2,2025-03-08,Value for money
346,198,2793,5,2024-06-03,Waste of money
347,436,3955,3,2023-11-10,Excellent quality
348,33,3008,4,2023-02-25,Great product!
349,50,273,2,2022-01-07,Highly recommend
350,669,2802,5,2023-06-20,Value for money
351,412,3086,5,2023-11-20,Average experience
352,484,2887,4,2022-01-17,"Fast delivery, good product"
353,709,2307,4,2024-09-17,Value for money
354,278,1334,3,2025-11-06,Average experience
355,692,3993,4,2025-09-02,Value for money
356,848,3917,5,2023-08-06,Waste of money
357,788,1187,5,2025-05-06,Waste of money
358,822,685,4,2022-03-30,Poor packaging
359,791,2075,5,2024-12-05,Value for money
360,771,1476,2,2025-10-30,Great product!
361,656,1209,4,2023-09-26,Not as expected
362,176,518,4,2025-02-05,Highly recommend
363,762,1119,5,2023-11-11,Great product!
364,521,3448,5,2022-08-18,Excellent quality
365,679,427,3,2023-05-03,Poor packaging
366,641,2846,3,2024-03-24,Average experience
367,13,1791,5,2024-10-26,"Fast delivery, good product"
368,866,2288,5,2025-09-13,Value for money
369,519,751,4,2023-04-26,Would buy again
370,216,1595,4,2025-05-19,Waste of money
371,568,905,5,2022-08-21,Value for money
372,289,3969,4,2023-06-12,Poor packaging
373,673,953,4,2022-09-02,Average experience
374,784,937,5,2022-05-29,Waste of money
375,362,1549,4,2023-08-09,"Fast delivery, good product"
376,877,3014,4,2024-11-27,Poor packaging
377,808,352,3,2022-09-22,Highly recommend
378,629,3093,3,2023-05-09,Average experience
379,664,1957,4,2025-04-30,Highly recommend
380,8,2094,5,2023-05-26,"Fast delivery, good product"
381,845,1593,4,2024-02-27,Not as expected
382,457,728,5,2024-11-14,Not as expected
383,673,1477,5,2024-12-29,Excellent quality
384,267,2811,4,2023-12-12,Average experience
385,392,2780,3,2022-09-16,Would buy again
386,198,2025,4,2023-03-29,Not as expected
387,800,3072,4,2023-09-24,"Fast delivery, good product"
388,393,3055,5,2022-10-31,Great product!
389,115,3052,5,2024-09-24,Highly recommend
390,556,2748,4,2023-03-24,Not as expected
391,639,3162,5,2024-09-12,Excellent quality
392,824,1951,5,2022-07-28,Would buy again
393,520,577,3,2025-03-31,Would buy again
394,140,3695,1,2024-02-18,Value for money
395,547,1352,5,2024-07-08,Excellent quality
396,170,3730,4,2022-02-26,Highly recommend
397,558,17,2,2023-03-27,Average experience
398,323,286,4,2025-08-16,Average experience
399,480,2288,2,2023-10-24,Poor packaging
400,282,2385,3,2024-08-30,Average experience
401,134,3360,4,2024-05-25,Waste of money
402,859,3996,5,2023-07-21,Poor packaging
403,760,3529,1,2023-12-09,Value for money
404,327,393,5,2023-11-24,Excellent quality
405,828,2340,5,2022-08-29,Excellent quality
406,392,76,4,2024-09-11,Great product!
407,257,1629,5,2024-12-08,Great product!
408,445,1875,3,2025-08-02,"Fast delivery, good product"
409,373,2934,4,2023-08-11,Would buy again
410,610,98,4,2025-09-08,Excellent quality
411,26,825,5,2024-11-20,Would buy again
412,218,2886,5,2022-06-29,"Fast delivery, good product"
413,111,3873,2,2024-11-30,Average experience
414,447,340,5,2024-03-22,Value for money
415,500,3919,5,2024-09-13,Not as expected
416,608,280,1,2025-08-27,Highly recommend
417,885,663,5,2025-05-13,Average experience
418,784,1948,3,2022-03-06,Would buy again
419,14,1581,5,2023-08-25,Waste of money
420,100,1271,5,2022-04-16,Waste of money
421,815,2759,4,2024-09-12,"Fast delivery, good product"
422,887,1423,2,2022-08-05,Excellent quality
423,261,3651,5,2024-07-05,Average experience
424,813,3886,3,2023-12-15,Value for money
425,114,1753,5,2024-02-28,Excellent quality
426,286,1124,3,2022-01-08,Average experience
427,211,2262,5,2025-11-03,Average experience
428,416,602,4,2022-05-19,Poor packaging
429,252,1415,5,2023-06-16,Not as expected
430,170,2736,4,2023-02-01,Poor packaging
431,373,3765,4,2024-02-15,Poor packaging
432,371,2289,4,2022-11-20,Value for money
433,478,3453,4,2025-11-27,Poor packaging
434,185,1392,4,2024-12-23,Waste of money
435,227,3330,4,2023-05-30,Value for money
436,618,2679,4,2025-07-23,Would buy again
437,837,142,5,2023-11-01,Average experience
438,479,245,3,2023-05-20,Average experience
439,142,1955,4,2022-09-02,"Fast delivery, good product"
440,129,2388,4,2024-03-18,Value for money
441,634,3166,3,2024-01-16,Waste of money
442,749,3336,5,2024-06-27,Would buy again
443,512,3646,4,2025-07-07,Would buy again
444,107,927,4,2024-11-16,Average experience
445,20,1016,5,2022-06-29,"Fast delivery, good product"
446,29,688,5,2025-06-11,Value for money
447,640,3274,2,2023-10-23,Waste of money
448,277,1992,4,2025-03-10,Value for money
449,21,2045,3,2025-11-13,Value for money
450,383,3946,5,2025-09-26,Poor packaging
451,330,2597,4,2023-10-20,Excellent quality
452,560,825,3,2024-02-11,Highly recommend
453,527,3267,2,2022-03-11,Highly recommend
454,834,2524,4,2023-08-28,Waste of money
455,870,97,4,2025-02-14,Great product!
456,665,3754,5,2023-09-25,Great product!
457,80,1443,4,2025-05-09,Great product!
458,641,790,2,2022-06-19,Excellent quality
459,550,2848,3,2024-07-02,Value for money
460,537,1381,4,2022-06-08,Value for money
461,750,3344,2,2025-02-09,Average experience
462,687,787,5,2023-05-27,Not as expected
463,594,2548,4,2023-02-06,Value for money
464,821,1397,4,2023-08-19,Excellent quality
465,41,2651,5,2024-08-18,"Fast delivery, good product"
466,296,2603,4,2024-12-06,Highly recommend
467,298,2468,1,2022-02-08,Poor packaging
468,667,2145,5,2022-10-10,Poor packaging
469,549,1838,5,2024-02-14,Value for money
470,713,3566,5,2024-05-03,Value for money
471,359,2045,4,2022-03-19,Waste of money
472,730,2909,5,2022-01-21,Would buy again
473,422,804,4,2025-08-12,Would buy again
474,522,3389,4,2022-07-27,Great product!
475,59,2837,4,2025-06-09,Value for money
476,413,3793,4,2025-10-18,Waste of money
477,73,1551,3,2022-01-28,Poor packaging
478,161,3592,3,2022-05-15,Not as expected
479,106,1849,5,2022-11-16,Highly recommend
480,240,2702,5,2024-05-17,Waste of money
481,10,3530,4,2023-12-07,Highly recommend
482,540,2561,4,2023-07-22,Highly recommend
483,491,2913,5,2022-11-17,"Fast delivery, good product"
484,427,1786,3,2024-11-16,Not as expected
485,800,986,1,2022-02-15,Poor packaging
486,455,3735,1,2023-12-16,Highly recommend
487,793,1208,5,2024-07-28,Great product!
488,543,2966,4,2025-10-15,Value for money
489,71,3828,3,2024-02-18,Not as expected
490,669,2553,3,2023-04-15,Great product!
491,882,1632,4,2023-06-17,Waste of money
492,398,3525,3,2025-08-03,Value for money
493,268,110,4,2022-01-31,Not as expected
494,849,1973,1,2023-04-08,Waste of money
495,739,161,3,2025-09-29,Not as expected
496,788,1368,4,2023-05-09,Excellent quality
497,413,1833,4,2022-09-06,Excellent quality
498,261,1591,3,2022-09-06,Poor packaging
499,30,120,3,2023-07-31,Highly recommend
500,334,2948,2,2022-11-01,"Fast delivery, good product"
501,675,3307,1,2024-12-06,Highly recommend
502,564,247,1,2025-08-26,Not as expected
503,605,1210,5,2024-02-12,Excellent quality
504,353,924,3,2023-11-16,Value for money
505,62,2287,4,2023-02-23,Great product!
506,162,3337,5,2022-11-25,Excellent quality
507,261,503,5,2024-04-28,Excellent quality
508,675,1595,4,2025-11-15,Not as expected
509,69,3044,5,2022-06-18,Value for money
510,448,452,5,2025-04-25,Waste of money
511,190,2514,2,2025-12-18,Waste of money
512,170,1689,4,2022-02-17,Waste of money
513,531,1903,4,2025-10-26,Would buy again
514,162,3066,4,2024-01-02,Poor packaging
515,251,1341,5,2022-10-04,"Fast delivery, good product"
516,34,2009,4,2023-09-08,Great product!
517,795,3164,5,2022-06-29,Excellent quality
518,540,2377,4,2023-10-24,Excellent quality
519,872,2703,5,2022-10-07,Great product!
520,518,2805,4,2023-12-16,"Fast delivery, good product"
521,184,2527,3,2022-10-19,Not as expected
522,489,1120,3,2024-04-10,"Fast delivery, good product"
523,845,1488,4,2025-03-22,Not as expected
524,409,473,1,2022-09-14,Poor packaging
525,827,1405,4,2025-04-05,Great product!
526,677,454,5,2025-08-14,Average experience
527,665,2532,4,2022-07-14,Average experience
528,280,2334,4,2025-12-18,Waste of money
529,4,3099,3,2023-02-20,Poor packaging
530,325,369,3,2023-12-05,"Fast delivery, good product"
531,670,4000,3,2022-06-21,Great product!
532,57,2224,5,2023-03-02,Average experience
533,203,2895,2,2024-04-24,Highly recommend
534,851,1690,4,2024-04-17,Waste of money
535,775,3582,3,2025-02-18,Great product!
536,731,1044,3,2025-01-25,"Fast delivery, good product"
537,558,4,5,2023-09-08,Would buy again
538,178,849,1,2022-11-20,Average experience
539,47,222,4,2023-11-07,Great product!
540,577,3017,5,2025-12-09,Poor packaging
541,207,3166,5,2023-02-22,Excellent quality
542,516,1369,5,2023-04-16,Waste of money
543,546,2651,4,2024-01-06,Great product!
544,410,3541,3,2023-05-14,Value for money
545,859,2710,1,2025-05-15,Would buy again
546,579,1573,4,2025-01-05,Not as expected
547,323,1479,3,2024-02-26,Average experience
548,151,3088,5,2022-07-25,"Fast delivery, good product"
549,752,3818,5,2022-06-03,Average experience
550,146,1245,3,2022-04-23,Not as expected
551,732,3816,1,2023-04-10,Value for money
552,744,3331,3,2023-04-16,Waste of money
553,663,2522,5,2025-04-03,Not as expected
554,355,2577,1,2025-05-05,"Fast delivery, good product"
555,892,1010,4,2023-12-30,Value for money
556,572,3309,5,2024-11-02,Highly recommend
557,704,1531,4,2024-09-18,Waste of money
558,163,3174,2,2024-09-25,Excellent quality
559,257,2545,2,2025-08-27,Would buy again
560,184,914,3,2025-07-21,Would buy again
561,558,712,4,2025-04-27,Poor packaging
562,592,2620,1,2025-12-31,Highly recommend
563,536,3649,5,2024-06-14,Poor packaging
564,740,3455,1,2024-06-10,Not as expected
565,602,188,5,2022-07-27,Would buy again
566,116,2490,4,2023-07-13,Not as expected
567,181,2220,2,2025-04-10,Average experience
568,144,2963,5,2022-02-07,Average experience
569,58,9,5,2023-09-18,Great product!
570,634,2510,5,2024-09-14,Highly recommend
571,838,1345,4,2023-05-19,Highly recommend
572,152,1923,4,2025-05-01,"Fast delivery, good product"
573,521,396,2,2023-04-06,Average experience
574,99,2338,5,2024-08-28,Highly recommend
575,180,117,4,2025-10-25,Average experience
576,649,3644,1,2024-04-04,Average experience
577,33,2886,5,2024-08-03,Would buy again
578,83,327,5,2025-12-12,Poor packaging
579,310,808,5,2025-08-19,Excellent quality
580,278,3638,4,2024-02-10,Would buy again
581,507,210,5,2022-06-04,"Fast delivery, good product"
582,148,1016,5,2023-10-15,Great product!
583,188,1987,2,2023-12-30,"Fast delivery, good product"
584,590,899,3,2024-06-13,Excellent quality
585,480,2362,5,2025-01-24,Great product!
586,264,1029,5,2025-04-23,Average experience
587,339,130,2,2023-03-09,Not as expected
588,546,2563,5,2023-03-09,Not as expected
589,769,3960,3,2025-02-02,Great product!
590,366,90,2,2022-08-12,Great product!
591,881,3154,5,2024-09-10,Would buy again
592,312,2568,5,2025-06-13,Value for money
593,605,2439,3,2023-08-25,Great product!
594,133,2562,2,2022-08-05,Great product!
595,335,2730,4,2022-01-04,Poor packaging
596,676,478,5,2024-05-30,Waste of money
597,156,1039,3,2025-07-04,"Fast delivery, good product"
598,179,25,2,2022-04-29,Value for money
599,379,2439,5,2023-07-12,Value for money
600,400,2886,5,2024-09-23,Would buy again
601,518,640,2,2022-02-10,Excellent quality
602,774,3051,5,2023-06-01,Would buy again
603,567,2506,4,2022-10-04,"Fast delivery, good product"
604,445,3377,3,2023-04-30,Highly recommend
605,517,1328,4,2024-09-23,Would buy again
606,191,1823,4,2022-01-23,Excellent quality
607,788,1921,2,2024-03-21,Great product!
608,786,389,3,2022-09-21,Would buy again
609,353,1957,5,2025-07-19,Highly recommend
610,395,1548,3,2023-08-23,Value for money
611,703,345,1,2025-09-19,"Fast delivery, good product"
612,717,2276,5,2022-11-09,Highly recommend
613,49,3419,5,2023-06-28,"Fast delivery, good product"
614,800,1435,5,2022-06-28,Great product!
615,44,406,5,2023-12-12,Waste of money
616,740,3480,3,2025-10-25,Not as expected
617,714,911,3,2023-10-31,Highly recommend
618,19,2647,3,2022-02-11,Average experience
619,664,2747,5,2025-05-15,Excellent quality
620,470,2053,5,2024-12-03,Poor packaging
621,456,322,3,2023-07-28,Average experience
622,579,2051,5,2023-04-09,Poor packaging
623,466,1560,4,2025-06-23,Highly recommend
624,801,3074,5,2022-03-02,Poor packaging
625,233,3568,4,2023-08-12,Not as expected
626,510,3501,5,2023-11-16,Great product!
627,727,1276,4,2025-01-14,Highly recommend
628,900,2524,2,2022-05-08,Excellent quality
629,59,2225,5,2022-01-11,Highly recommend
630,137,638,4,2025-10-28,Would buy again
631,402,929,5,2022-04-02,Poor packaging
632,645,725,5,2024-07-13,Value for money
633,29,2136,5,2022-04-29,Highly recommend
634,772,2384,4,2022-12-24,"Fast delivery, good product"
635,500,3022,4,2022-08-16,Poor packaging
636,32,795,5,2022-06-04,Highly recommend
637,42,3965,5,2023-09-08,Would buy again
638,97,451,5,2025-05-27,Would buy again
639,324,3140,3,2025-09-28,Great product!
640,821,982,5,2022-03-30,Not as expected
641,194,2900,5,2023-06-21,Average experience
642,446,2517,4,2022-02-19,"Fast delivery, good product"
643,567,1467,5,2024-01-22,Waste of money
644,647,1007,4,2022-04-27,Average experience
645,125,2011,4,2024-01-08,Value for money
646,350,2382,1,2025-03-20,Would buy again
647,5,201,5,2023-06-13,Great product!
648,880,1423,5,2025-01-23,Excellent quality
649,851,113,3,2023-03-13,Poor packaging
650,410,1364,4,2023-04-29,"Fast delivery, good product"
651,87,2568,2,2025-02-04,Excellent quality
652,67,1557,3,2022-07-26,Average experience
653,194,235,3,2025-11-29,"Fast delivery, good product"
654,444,20,4,2025-07-22,Great product!
655,522,3477,4,2023-04-19,Average experience
656,645,2013,1,2022-02-24,Average experience
657,372,1814,3,2024-01-18,"Fast delivery, good product"
658,537,3724,4,2024-07-17,Not as expected
659,318,3036,5,2025-07-04,Average experience
660,604,52,4,2023-05-26,Not as expected
661,176,2719,3,2022-04-11,Great product!
662,480,1481,5,2022-03-03,Highly recommend
663,638,423,5,2023-06-10,Average experience
664,671,408,4,2022-02-10,"Fast delivery, good product"
665,401,3302,5,2023-12-07,"Fast delivery, good product"
666,95,3431,4,2023-01-09,Average experience
667,464,3246,2,2023-08-19,Not as expected
668,306,2382,4,2022-02-08,Excellent quality
669,577,382,5,2025-02-02,Great product!
670,510,2400,4,2023-11-14,Average experience
671,48,1757,4,2023-12-20,Great product!
672,634,1660,3,2022-12-07,Highly recommend
673,399,2008,4,2023-11-03,Value for money
674,350,2949,4,2022-05-13,Not as expected
675,631,2058,5,2022-11-09,Value for money
676,297,444,3,2025-02-20,Would buy again
677,764,384,4,2024-10-05,Highly recommend
678,813,132,4,2024-12-16,Not as expected
679,765,2262,3,2025-05-01,Would buy again
680,590,3809,2,2022-08-08,Waste of money
681,538,2409,3,2023-09-11,Waste of money
682,411,2350,5,2023-01-03,Value for money
683,431,140,4,2025-06-17,Waste of money
684,668,3545,3,2022-11-16,Poor packaging
685,502,2350,5,2022-08-04,Average experience
686,425,2874,1,2023-01-18,Average experience
687,264,3940,4,2022-10-21,Excellent quality
688,545,3779,4,2022-11-08,"Fast delivery, good product"
689,107,2173,5,2024-03-19,"Fast delivery, good product"
690,64,2843,4,2022-09-04,"Fast delivery, good product"
691,365,3507,3,2024-05-23,"Fast delivery, good product"
692,472,3007,4,2023-08-26,Poor packaging
693,148,3850,3,2024-12-17,"Fast delivery, good product"
694,720,255,4,2022-09-23,Poor packaging
695,809,3154,4,2025-11-26,Not as expected
696,845,3286,5,2025-07-30,Great product!
697,310,2058,3,2022-12-22,Would buy again
698,232,2578,4,2023-07-29,Value for money
699,242,973,4,2025-06-28,Average experience
700,891,3520,4,2022-09-16,Excellent quality
701,84,1574,5,2023-08-22,Excellent quality
702,660,279,4,2025-10-13,Average experience
703,849,2277,4,2024-06-08,Excellent quality
704,560,544,4,2023-02-19,Poor packaging
705,579,3139,1,2023-12-31,Would buy again
706,322,1435,2,2023-05-28,Highly recommend
707,443,1775,5,2022-12-26,Waste of money
708,757,432,4,2024-04-29,Would buy again
709,451,3471,4,2024-02-27,Poor packaging
710,612,1698,4,2024-06-13,Not as expected
711,639,3419,5,2025-05-02,Excellent quality
712,828,3982,5,2025-06-30,Poor packaging
713,307,1098,2,2025-11-28,Poor packaging
714,842,2994,5,2022-06-17,"Fast delivery, good product"
715,6,59,3,2023-02-25,Average experience
716,157,2733,4,2024-05-07,Waste of money
717,409,1169,5,2025-06-05,Would buy again
718,888,525,5,2024-09-02,"Fast delivery, good product"
719,480,2626,5,2022-10-15,"Fast delivery, good product"
720,95,1973,4,2022-04-13,Not as expected
721,100,1230,1,2024-01-07,Poor packaging
722,24,692,3,2025-10-11,Highly recommend
723,329,3099,1,2024-04-27,"Fast delivery, good product"
724,755,1843,4,2025-05-17,Waste of money
725,241,3940,3,2025-07-16,"Fast delivery, good product"
726,480,98,4,2024-03-25,"Fast delivery, good product"
727,394,3189,2,2025-04-25,Not as expected
728,139,589,5,2025-09-20,Great product!
729,612,2974,3,2025-07-25,Waste of money
730,485,3752,4,2025-11-06,Average experience
731,62,3209,4,2025-12-09,"Fast delivery, good product"
732,372,3366,3,2023-10-23,Waste of money
733,190,1215,4,2024-06-09,Value for money
734,196,1326,4,2024-06-10,Great product!
735,525,2216,5,2023-06-15,Highly recommend
736,897,3006,3,2022-04-09,Highly recommend
737,797,630,2,2022-12-28,Great product!
738,773,3421,5,2024-12-28,Poor packaging
739,331,3942,4,2025-07-30,Highly recommend
740,460,3839,3,2023-03-31,Average experience
741,631,2993,5,2022-05-11,"Fast delivery, good product"
742,808,63,4,2023-02-22,Would buy again
743,117,1443,3,2024-06-11,Great product!
744,111,2197,5,2025-05-31,"Fast delivery, good product"
745,3,273,4,2023-04-19,Excellent quality
746,261,2918,4,2023-06-26,Would buy again
747,804,3147,5,2022-07-29,Great product!
748,430,1860,4,2025-08-28,"Fast delivery, good product"
749,378,3014,4,2023-03-20,Great product!
750,193,1123,1,2022-06-11,Value for money
751,573,2499,4,2024-11-17,Not as expected
752,253,186,5,2024-11-16,Would buy again
753,216,3000,3,2023-01-05,Highly recommend
754,674,2542,4,2023-12-01,Excellent quality
755,329,295,5,2022-11-22,Poor packaging
756,566,309,2,2023-05-06,Would buy again
757,264,2584,5,2023-03-11,"Fast delivery, good product"
758,284,2040,4,2025-04-25,Excellent quality
759,52,2780,3,2022-11-17,Would buy again
760,812,2776,5,2022-11-17,"Fast delivery, good product"
761,160,2306,4,2024-09-29,Value for money
762,857,3949,5,2025-05-07,Waste of money
763,132,617,5,2025-10-25,Would buy again
764,650,2212,5,2023-05-21,Poor packaging
765,871,2181,5,2022-09-25,Value for money
766,457,163,4,2024-10-08,Great product!
767,723,3317,5,2024-12-09,Average experience
768,678,3218,2,2024-08-22,Great product!
769,793,3317,5,2025-06-26,Excellent quality
770,266,2757,5,2022-07-24,Value for money
771,115,1433,3,2022-05-11,Value for money
772,47,1005,5,2024-02-20,Poor packaging
773,876,3741,3,2024-10-20,Poor packaging
774,856,185,5,2023-09-13,Average experience
775,736,2837,3,2023-06-08,Waste of money
776,882,414,5,2022-05-17,Excellent quality
777,498,2980,5,2023-08-11,Not as expected
778,428,2623,5,2022-09-26,Waste of money
779,188,1383,4,2025-03-09,Would buy again
780,352,2739,4,2025-06-02,"Fast delivery, good product"
781,85,3658,4,2025-11-02,Great product!
782,24,1634,3,2022-01-29,Great product!
783,65,674,4,2023-05-16,Value for money
784,893,1825,4,2022-02-16,Value for money
785,369,1381,3,2024-12-07,Highly recommend
786,809,1128,5,2023-03-04,Excellent quality
787,131,1157,5,2025-01-03,Waste of money
788,518,1034,2,2023-12-20,Waste of money
789,42,309,3,2025-10-20,Great product!
790,669,881,4,2025-09-25,Excellent quality
791,556,894,4,2022-01-11,Great product!
792,838,3554,5,2024-04-21,Average experience
793,405,3493,2,2023-04-11,Average experience
794,281,1077,5,2024-08-31,Highly recommend
795,388,3605,2,2022-12-11,Not as expected
796,491,2759,1,2024-07-11,"Fast delivery, good product"
797,43,2031,5,2025-05-02,Highly recommend
798,536,1198,3,2023-03-14,Not as expected
799,444,83,4,2025-06-14,Great product!
800,664,33,3,2022-04-14,Would buy again
801,211,911,4,2024-08-24,"Fast delivery, good product"
802,347,3879,5,2024-05-20,Not as expected
803,696,3351,4,2024-12-04,Waste of money
804,741,480,4,2024-11-27,Highly recommend
805,833,2671,4,2023-05-05,Excellent quality
806,674,1574,4,2022-07-10,Highly recommend
807,843,3262,4,2022-04-24,Would buy again
808,808,305,4,2022-12-17,Great product!
809,295,2661,3,2025-08-30,Value for money
810,705,2455,5,2023-01-23,Average experience
811,837,3656,4,2025-03-31,Waste of money
812,690,2706,4,2025-08-17,Poor packaging
813,857,1054,5,2025-10-29,Poor packaging
814,364,3102,5,2023-06-05,Highly recommend
815,855,787,5,2023-11-01,"Fast delivery, good product"
816,699,1697,3,2025-01-18,Not as expected
817,443,2216,4,2023-08-05,Value for money
818,31,1390,1,2022-02-06,Average experience
819,732,889,4,2025-03-10,Poor packaging
820,198,1156,2,2023-10-02,Great product!
821,212,2087,5,2025-10-20,Value for money
822,164,1987,3,2024-04-27,Waste of money
823,802,2373,4,2022-12-13,Great product!
824,110,3809,5,2023-12-11,Value for money
825,869,3090,5,2024-09-19,Average experience
826,896,1456,5,2022-09-22,Waste of money
827,232,3807,3,2024-07-15,Value for money
828,22,3654,1,2022-12-31,Excellent quality
829,439,3507,4,2023-11-12,Would buy again
830,200,1015,5,2023-12-29,Would buy again
831,103,2352,5,2024-12-17,Highly recommend
832,229,1568,5,2024-02-19,Poor packaging
833,323,2114,3,2025-01-17,Great product!
834,603,2474,5,2024-07-08,Excellent quality
835,651,357,5,2022-09-08,Not as expected
836,574,491,3,2024-11-17,Excellent quality
837,747,3776,2,2024-05-31,"Fast delivery, good product"
838,870,3251,5,2025-10-17,Average experience
839,807,1805,4,2024-02-19,"Fast delivery, good product"
840,334,830,5,2022-12-24,Not as expected
841,375,2182,4,2025-11-15,Waste of money
842,356,2897,4,2022-07-23,Not as expected
843,241,633,5,2023-08-18,Not as expected
844,510,2662,5,2025-06-07,Average experience
845,540,2858,4,2025-10-18,Waste of money
846,33,3937,5,2024-02-21,Poor packaging
847,842,2711,3,2025-05-23,"Fast delivery, good product"
848,886,3980,5,2022-07-15,"Fast delivery, good product"
849,792,1205,5,2024-08-30,Poor packaging
850,43,1660,4,2025-07-16,Not as expected
851,87,3157,4,2022-03-22,Excellent quality
852,895,98,4,2025-11-18,Waste of money
853,1,541,4,2025-11-10,Poor packaging
854,631,1308,4,2025-06-07,Not as expected
855,569,1473,4,2022-08-11,Excellent quality
856,704,1767,4,2022-10-04,Value for money
857,494,2405,5,2025-07-01,"Fast delivery, good product"
858,54,1171,4,2022-05-17,Highly recommend
859,20,1036,2,2024-06-12,Waste of money
860,423,874,5,2025-01-27,Value for money
861,868,2897,1,2023-07-22,"Fast delivery, good product"
862,36,1118,3,2023-03-25,Great product!
863,438,1401,5,2025-07-21,Highly recommend
864,896,835,5,2025-04-24,Average experience
865,154,3550,4,2024-09-12,Value for money
866,594,133,4,2023-10-15,Not as expected
867,331,3988,5,2024-03-06,Waste of money
868,876,2369,4,2025-12-05,Poor packaging
869,432,1883,5,2024-03-28,Excellent quality
870,191,1569,3,2024-08-18,Not as expected
871,488,186,5,2024-11-02,Poor packaging
872,119,3735,3,2024-09-08,Waste of money
873,60,1445,3,2025-01-21,Would buy again
874,490,3781,4,2022-03-04,Waste of money
875,606,3616,5,2022-06-24,Highly recommend
876,11,309,4,2022-02-10,Excellent quality
877,572,743,3,2022-02-10,Would buy again
878,700,730,4,2023-03-02,Great product!
879,471,3204,3,2022-11-19,Highly recommend
880,652,691,4,2023-09-24,"Fast delivery, good product"
881,145,655,5,2023-11-30,Not as expected
882,639,1552,4,2025-07-30,"Fast delivery, good product"
883,799,2182,2,2024-08-26,Average experience
884,812,3478,5,2023-09-08,Poor packaging
885,225,892,5,2022-01-15,Would buy again
886,543,2290,5,2025-04-24,Waste of money
887,69,300,5,2024-04-21,Great product!
888,591,1441,5,2025-08-30,Would buy again
889,11,3945,4,2025-07-20,Value for money
890,714,1049,2,2025-05-27,Highly recommend
891,86,3207,5,2025-07-02,"Fast delivery, good product"
892,413,2545,5,2023-12-15,Waste of money
893,587,3443,5,2022-04-27,Excellent quality
894,890,50,5,2023-09-25,Average experience
895,884,2137,5,2022-10-05,Poor packaging
896,603,3022,4,2023-03-08,Great product!
897,704,2720,5,2023-09-20,Highly recommend
898,864,626,5,2023-03-08,"Fast delivery, good product"
899,84,3117,4,2025-03-08,Value for money
900,658,3623,4,2022-07-19,Waste of money
901,288,1967,5,2022-04-22,Average experience
902,823,1996,2,2023-11-28,Highly recommend
903,134,1254,4,2025-12-18,Average experience
904,704,1119,5,2025-06-26,Excellent quality
905,158,2900,5,2023-01-30,Would buy again
906,768,492,3,2023-10-31,"Fast delivery, good product"
907,146,808,3,2024-10-11,Poor packaging
908,25,1965,5,2025-06-03,Not as expected
909,481,1346,3,2024-09-20,Value for money
910,85,1113,1,2024-12-03,Great product!
911,864,3461,2,2024-07-27,Waste of money
912,696,2762,4,2024-03-25,"Fast delivery, good product"
913,278,421,5,2023-02-11,Not as expected
914,524,578,1,2022-05-11,Waste of money
915,479,3807,5,2022-09-11,Highly recommend
916,194,2915,5,2022-09-05,Waste of money
917,226,3134,1,2023-09-01,Poor packaging
918,602,706,4,2025-12-30,Average experience
919,638,506,4,2025-05-26,Would buy again
920,235,1049,5,2022-05-07,Average experience
921,484,87,5,2025-12-22,Value for money
922,584,2020,5,2024-11-21,Poor packaging
923,75,2892,1,2025-03-13,Average experience
924,263,3997,4,2023-09-14,Poor packaging
925,82,117,1,2022-05-26,Average experience
926,443,1029,3,2022-10-02,Highly recommend
927,439,1748,3,2023-04-04,Value for money
928,681,878,5,2023-05-25,Waste of money
929,68,1068,4,2022-08-23,"Fast delivery, good product"
930,214,3397,4,2025-02-08,Poor packaging
931,570,2472,4,2022-08-06,Poor packaging
932,550,1521,5,2024-05-10,Value for money
933,84,1122,4,2025-12-27,Great product!
934,122,2583,4,2022-01-05,Would buy again
935,569,3826,3,2025-01-20,"Fast delivery, good product"
936,877,486,4,2025-03-21,Not as expected
937,660,355,5,2023-01-13,Waste of money
938,537,657,5,2022-03-04,Value for money
939,309,2280,5,2022-02-28,Waste of money
940,740,2231,4,2023-05-08,Poor packaging
941,297,432,2,2025-06-11,Waste of money
942,507,1675,4,2025-10-09,"Fast delivery, good product"
943,442,1224,5,2023-03-11,"Fast delivery, good product"
944,584,1815,4,2023-01-18,Highly recommend
945,749,3001,3,2023-08-29,Excellent quality
946,180,260,5,2022-03-01,Highly recommend
947,755,1175,4,2023-01-16,Value for money
948,38,1257,4,2024-04-25,Average experience
949,562,1703,5,2022-11-02,Excellent quality
950,694,1313,5,2025-08-31,Poor packaging
951,444,3988,4,2022-08-05,Great product!
952,888,3042,5,2023-11-04,Average experience
953,507,1446,5,2023-06-26,Highly recommend
954,645,3526,4,2024-09-27,Average experience
955,645,790,3,2025-10-02,"Fast delivery, good product"
956,875,3660,2,2023-09-16,Average experience
957,683,765,5,2025-05-15,Value for money
958,151,2803,5,2022-05-29,"Fast delivery, good product"
959,43,1957,2,2023-05-01,Average experience
960,543,956,5,2024-07-10,"Fast delivery, good product"
961,457,3804,5,2023-04-23,Great product!
962,839,2908,3,2024-10-22,Excellent quality
963,522,2191,5,2023-04-09,Waste of money
964,350,967,2,2023-09-17,Would buy again
965,96,983,3,2023-09-10,Great product!
966,582,2052,4,2024-05-19,Would buy again
967,440,731,5,2025-05-18,Not as expected
968,328,3212,3,2022-12-31,Not as expected
969,799,3636,4,2024-05-17,Excellent quality
970,341,3871,5,2023-02-11,Value for money
971,183,3725,5,2024-09-06,Not as expected
972,549,1592,5,2024-08-27,Excellent quality
973,162,2429,5,2025-10-15,Would buy again
974,871,1212,3,2025-07-31,Great product!
975,489,740,4,2022-06-07,Great product!
976,512,2514,3,2022-04-29,Would buy again
977,205,1171,5,2023-06-26,Would buy again
978,166,2177,5,2023-09-25,Excellent quality
979,770,3400,5,2024-07-03,Poor packaging
980,815,1567,3,2023-12-04,Waste of money
981,884,801,4,2023-10-30,Excellent quality
982,647,3314,5,2023-03-06,"Fast delivery, good product"
983,105,3465,5,2022-09-17,Highly recommend
984,620,3760,5,2025-06-16,Average experience
985,608,1130,4,2022-07-07,Poor packaging
986,395,2419,5,2025-01-13,Average experience
987,870,1746,4,2025-05-06,Waste of money
988,135,2380,5,2022-02-08,"Fast delivery, good product"
989,838,956,5,2023-04-09,Not as expected
990,639,2626,3,2024-09-08,Poor packaging
991,282,3962,4,2022-06-08,Highly recommend
992,532,2154,5,2025-12-26,Would buy again
993,633,791,4,2022-03-18,Value for money
994,885,2393,3,2023-06-06,Would buy again
995,529,933,4,2023-02-23,Average experience
996,538,277,5,2023-07-23,"Fast delivery, good product"
997,726,1419,3,2025-11-23,Poor packaging
998,826,1628,5,2024-06-24,Excellent quality
999,286,3228,4,2023-09-03,Great product!
1000,474,1888,5,2024-12-18,Would buy again
1001,352,1591,2,2023-01-12,Great product!
1002,595,3397,5,2025-11-27,Average experience
1003,675,3115,4,2024-04-19,Not as expected
1004,769,364,3,2024-06-06,"Fast delivery, good product"
1005,515,2461,4,2023-06-15,Would buy again
1006,285,140,5,2024-09-04,Waste of money
1007,861,3141,4,2025-03-04,Average experience
1008,463,1779,5,2022-10-04,Not as expected
1009,228,3293,5,2025-07-16,Great product!
1010,853,2860,4,2022-01-19,Not as expected
1011,466,1107,5,2023-01-22,Waste of money
1012,80,89,4,2024-02-04,Poor packaging
1013,726,3760,4,2025-04-10,Average experience
1014,870,2802,4,2022-12-15,Waste of money
1015,609,2586,4,2023-11-16,Value for money
1016,512,776,3,2024-02-12,Waste of money
1017,662,2458,2,2024-01-28,Highly recommend
1018,81,1077,2,2024-01-16,Not as expected
1019,647,109,5,2022-03-30,Highly recommend
1020,43,1926,4,2022-05-11,Average experience
1021,222,1023,5,2022-04-01,Waste of money
1022,467,886,3,2025-07-01,Excellent quality
1023,495,2446,1,2023-02-18,Excellent quality
1024,807,281,5,2024-09-05,"Fast delivery, good product"
1025,749,2706,2,2023-01-18,Not as expected
1026,440,757,4,2024-12-03,Great product!
1027,595,427,5,2022-04-17,Average experience
1028,812,1036,4,2024-07-07,Excellent quality
1029,785,956,5,2023-05-29,Not as expected
1030,653,1155,5,2025-08-15,Highly recommend
1031,549,3136,4,2022-07-17,"Fast delivery, good product"
1032,118,1119,5,2022-11-21,Not as expected
1033,112,734,5,2025-05-14,Excellent quality
1034,420,1995,5,2025-09-24,Great product!
1035,561,3159,5,2023-01-11,Poor packaging
1036,888,145,5,2023-03-24,Not as expected
1037,575,4,4,2024-02-25,Value for money
1038,524,3981,2,2022-07-17,Average experience
1039,359,710,5,2024-04-14,"Fast delivery, good product"
1040,476,2795,5,2023-01-18,Value for money
1041,407,2355,5,2023-12-16,Not as expected
1042,482,713,5,2022-11-05,Great product!
1043,253,228,4,2023-12-01,Not as expected
1044,151,2314,3,2022-07-30,Average experience
1045,187,3383,5,2024-07-20,Would buy again
1046,381,145,4,2022-04-23,Great product!
1047,628,300,5,2025-10-18,Highly recommend
1048,477,899,5,2024-08-27,Not as expected
1049,119,307,5,2022-09-26,Not as expected
1050,331,482,4,2025-05-30,Excellent quality
1051,109,1336,5,2025-02-14,Value for money
1052,347,597,4,2023-07-17,Not as expected
1053,78,2291,5,2023-12-15,Would buy again
1054,618,2376,4,2024-06-11,Excellent quality
1055,883,2588,5,2025-10-15,"Fast delivery, good product"
1056,223,2095,4,2024-05-07,Would buy again
1057,697,218,5,2024-08-15,Great product!
1058,488,281,4,2025-12-10,"Fast delivery, good product"
1059,176,111,4,2025-12-31,"Fast delivery, good product"
1060,429,2939,5,2022-10-22,Not as expected
1061,34,2099,4,2024-06-18,Great product!
1062,607,3910,4,2025-09-18,Poor packaging
1063,591,3309,5,2025-12-25,Great product!
1064,553,2170,4,2024-03-10,Excellent quality
1065,211,2917,5,2025-11-22,Would buy again
1066,458,908,5,2022-04-10,Waste of money
1067,518,3983,3,2023-10-25,Great product!
1068,113,1281,4,2025-07-05,Waste of money
1069,227,2068,5,2024-05-16,Great product!
1070,23,3132,4,2023-12-19,Average experience
1071,436,2944,5,2022-05-17,Average experience
1072,502,1706,5,2022-11-07,Not as expected
1073,67,1401,4,2022-10-21,Excellent quality
1074,664,2689,5,2024-06-18,Average experience
1075,10,1993,3,2023-01-21,Value for money
1076,409,3133,5,2025-02-19,Poor packaging
1077,317,3220,2,2022-06-07,Not as expected
1078,604,3767,3,2023-10-03,Value for money
1079,170,2485,3,2024-09-06,Excellent quality
1080,52,735,1,2022-05-06,Excellent quality
1081,632,2281,5,2025-11-08,Waste of money
1082,184,1486,1,2025-02-02,Excellent quality
1083,420,3766,4,2023-02-17,Highly recommend
1084,875,249,4,2022-06-16,Poor packaging
1085,811,2000,2,2023-07-23,Waste of money
1086,477,2584,4,2022-12-08,"Fast delivery, good product"
1087,19,490,4,2025-11-17,Poor packaging
1088,74,3703,5,2025-04-03,Excellent quality
1089,642,3493,5,2024-01-15,Waste of money
1090,198,3380,1,2023-10-24,Great product!
1091,232,863,4,2022-03-26,Waste of money
1092,106,938,4,2023-06-06,Excellent quality
1093,498,3627,5,2022-09-30,Would buy again
1094,652,3344,5,2024-12-23,Poor packaging
1095,625,584,3,2024-10-29,Not as expected
1096,290,3290,5,2024-05-14,Poor packaging
1097,875,3482,5,2023-11-04,Great product!
1098,847,3656,5,2022-10-16,Average experience
1099,215,3171,2,2023-08-23,Highly recommend
1100,867,630,5,2025-02-20,Average experience
1101,734,300,4,2025-01-09,Waste of money
1102,427,3402,4,2022-02-15,Average experience
1103,222,202,1,2025-12-21,Highly recommend
1104,333,3801,5,2024-10-08,Average experience
1105,259,3593,4,2023-12-30,Highly recommend
1106,777,1942,4,2022-11-05,Waste of money
1107,141,2870,4,2025-01-24,Poor packaging
1108,389,1721,5,2023-07-31,Not as expected
1109,185,1001,4,2025-04-12,Excellent quality
1110,596,2077,3,2023-01-01,Not as expected
1111,292,2181,5,2025-03-19,Great product!
1112,868,3302,3,2023-07-19,Value for money
1113,83,1669,2,2025-12-28,Great product!
1114,334,3437,5,2024-04-15,Would buy again
1115,681,1991,3,2022-02-06,Great product!
1116,280,117,4,2022-11-02,"Fast delivery, good product"
1117,625,1494,5,2023-12-17,Would buy again
1118,147,3351,2,2023-10-18,Average experience
1119,699,2750,4,2025-07-30,"Fast delivery, good product"
1120,729,2753,5,2025-10-21,Waste of money
1121,153,3404,4,2025-04-05,Waste of money
1122,131,1005,4,2024-01-16,"Fast delivery, good product"
1123,879,1988,5,2024-06-07,Waste of money
1124,225,3036,4,2025-04-11,Excellent quality
1125,477,2683,1,2025-11-03,Average experience
1126,745,2120,4,2023-03-06,Not as expected
1127,814,3101,5,2023-01-16,"Fast delivery, good product"
1128,467,1555,5,2025-08-13,Great product!
1129,269,3400,4,2024-06-21,Not as expected
1130,788,2171,5,2025-03-12,Average experience
1131,723,2226,5,2025-11-12,Average experience
1132,444,2611,1,2024-02-17,Highly recommend
1133,118,2855,4,2022-02-18,Excellent quality
1134,155,128,5,2024-02-07,"Fast delivery, good product"
1135,337,2592,3,2024-06-02,Waste of money
1136,407,3295,5,2024-08-21,"Fast delivery, good product"
1137,1,2580,3,2025-08-20,Average experience
1138,622,1987,5,2025-11-20,Waste of money
1139,872,905,5,2025-07-11,Poor packaging
1140,745,1813,4,2024-08-29,Average experience
1141,361,2256,5,2025-11-10,Not as expected
1142,238,3112,4,2023-10-28,Great product!
1143,40,3336,3,2022-05-28,Poor packaging
1144,325,3485,4,2022-06-09,Not as expected
1145,707,2210,4,2022-06-28,Value for money
1146,292,2304,3,2023-08-09,Waste of money
1147,609,1249,4,2023-07-20,"Fast delivery, good product"
1148,562,456,5,2025-07-24,"Fast delivery, good product"
1149,323,1781,4,2024-02-17,Would buy again
1150,360,218,4,2024-11-02,Value for money
1151,294,3773,1,2022-04-24,Great product!
1152,76,1453,5,2025-07-07,Poor packaging
1153,178,2149,4,2024-03-01,Great product!
1154,312,1140,4,2024-09-24,"Fast delivery, good product"
1155,240,902,4,2024-12-25,Waste of money
1156,773,1988,4,2024-04-26,Would buy again
1157,279,2762,5,2022-07-18,Highly recommend
1158,515,3162,1,2022-09-23,Average experience
1159,195,1492,3,2024-06-14,Not as expected
1160,749,3077,5,2022-11-26,Waste of money
1161,895,3761,1,2023-11-26,Great product!
1162,462,1418,5,2025-03-04,Value for money
1163,711,1605,5,2025-05-19,Excellent quality
1164,118,2726,3,2022-11-02,Highly recommend
1165,166,3456,4,2025-11-14,Great product!
1166,144,3963,5,2025-08-15,Great product!
1167,735,2270,2,2022-08-02,Highly recommend
1168,65,1258,4,2023-02-10,Excellent quality
1169,566,3706,4,2024-04-06,Excellent quality
1170,15,2917,4,2023-09-24,Would buy again
1171,130,838,4,2022-06-27,Excellent quality
1172,188,828,3,2024-02-08,Would buy again
1173,561,3847,5,2022-11-29,Waste of money
1174,627,1186,5,2024-10-30,Poor packaging
1175,184,683,5,2024-02-04,Great product!
1176,506,2878,4,2024-02-05,"Fast delivery, good product"
1177,498,3838,5,2023-09-17,Highly recommend
1178,1,877,5,2025-12-28,Excellent quality
1179,412,1999,4,2025-06-23,Highly recommend
1180,356,1445,3,2025-01-27,Would buy again
1181,813,3722,3,2022-11-21,Would buy again
1182,848,401,5,2022-04-20,Value for money
1183,398,125,4,2022-03-08,Excellent quality
1184,158,2661,5,2023-10-15,Excellent quality
1185,325,2254,5,2022-08-11,Value for money
1186,773,1062,1,2025-12-14,Average experience
1187,412,326,4,2023-02-27,Poor packaging
1188,575,3424,5,2023-06-19,Waste of money
1189,300,586,5,2024-12-20,Waste of money
1190,851,688,4,2024-03-14,Waste of money
1191,357,2507,4,2025-07-22,Great product!
1192,246,3758,4,2025-12-11,Excellent quality
1193,578,313,3,2024-02-23,Not as expected
1194,448,3572,5,2022-09-25,Average experience
1195,185,1285,4,2025-08-16,Value for money
1196,428,2012,5,2025-10-08,Highly recommend
1197,779,461,1,2023-04-05,Not as expected
1198,156,455,5,2024-06-08,Not as expected
1199,199,2703,5,2025-07-15,Not as expected
1200,847,1868,4,2024-07-01,Not as expected
1201,538,1843,3,2024-12-11,Highly recommend
1202,287,3732,5,2023-01-25,Not as expected
1203,228,2704,5,2023-06-13,Would buy again
1204,427,1026,2,2023-03-22,Great product!
1205,26,1442,3,2022-03-08,Poor packaging
1206,66,3288,5,2024-03-17,Not as expected
1207,195,1992,4,2023-03-15,Excellent quality
1208,231,1361,5,2025-07-10,Waste of money
1209,415,196,3,2023-03-30,Excellent quality
1210,698,1942,5,2022-04-02,Value for money
1211,567,806,4,2025-05-05,Great product!
1212,799,1994,2,2023-02-10,"Fast delivery, good product"
1213,173,2201,2,2025-10-25,Not as expected
1214,561,3577,5,2022-11-26,Not as expected
1215,451,313,4,2025-05-19,Value for money
1216,639,148,4,2025-08-28,Great product!
1217,2,3606,3,2023-12-28,Great product!
1218,665,1551,4,2023-01-30,"Fast delivery, good product"
1219,325,1824,5,2022-07-03,Value for money
1220,271,1590,4,2024-11-17,Highly recommend
1221,484,1458,5,2022-09-21,"Fast delivery, good product"
1222,56,64,4,2024-07-27,"Fast delivery, good product"
1223,428,1486,2,2023-11-15,Poor packaging
1224,148,2397,3,2025-07-23,Excellent quality
1225,618,1652,1,2023-06-26,Waste of money
1226,85,3561,5,2024-09-28,"Fast delivery, good product"
1227,402,643,5,2024-01-01,Great product!
1228,78,3839,3,2022-10-09,Poor packaging
1229,647,548,2,2025-01-08,Poor packaging
1230,329,3697,4,2022-04-06,Poor packaging
1231,832,610,5,2025-01-14,Value for money
1232,658,485,4,2025-11-15,Excellent quality
1233,882,251,3,2023-02-07,Not as expected
1234,551,3073,4,2022-11-09,"Fast delivery, good product"
1235,830,700,3,2022-02-05,Average experience
1236,605,2407,2,2022-06-23,Excellent quality
1237,448,1899,5,2024-12-08,Great product!
1238,548,2200,5,2025-11-12,Great product!
1239,497,3101,5,2022-04-03,Great product!
1240,851,96,4,2022-12-02,"Fast delivery, good product"
1241,450,2540,4,2022-09-10,Great product!
1242,852,3262,3,2022-04-22,Great product!
1243,811,2741,4,2022-04-13,Average experience
1244,890,1261,2,2022-07-16,Value for money
1245,59,3171,5,2022-04-30,Would buy again
1246,70,142,3,2022-09-27,Highly recommend
1247,83,3429,5,2025-12-28,"Fast delivery, good product"
1248,52,304,5,2022-09-21,Value for money
1249,854,1981,4,2022-08-12,"Fast delivery, good product"
1250,220,1017,4,2024-09-02,"Fast delivery, good product"
1251,801,1370,5,2024-02-24,Great product!
1252,887,2730,5,2023-01-21,Would buy again
1253,595,1103,5,2023-10-21,Average experience
1254,125,1130,3,2024-03-05,Great product!
1255,203,813,4,2024-10-04,Not as expected
1256,6,3202,4,2022-06-08,Value for money
1257,500,2960,2,2024-12-29,Waste of money
1258,655,3884,4,2022-11-26,Excellent quality
1259,845,513,4,2024-04-09,Would buy again
1260,182,3135,4,2024-06-17,Poor packaging
1261,60,3433,4,2022-05-05,Poor packaging
1262,222,1235,4,2024-08-15,Highly recommend
1263,376,3310,5,2025-07-02,Value for money
1264,62,1763,5,2025-12-12,Not as expected
1265,840,2184,4,2023-03-12,Value for money
1266,532,2492,3,2025-08-08,Highly recommend
1267,536,554,1,2024-04-27,Value for money
1268,337,1791,4,2025-07-22,Poor packaging
1269,270,3185,3,2025-04-24,Average experience
1270,668,1407,3,2023-06-04,Value for money
1271,350,211,3,2023-08-13,Not as expected
1272,92,607,4,2022-09-01,Great product!
1273,377,179,5,2022-12-13,Highly recommend
1274,877,805,1,2022-06-07,Excellent quality
1275,530,2309,5,2022-01-14,Waste of money
1276,213,2697,4,2023-08-16,Excellent quality
1277,805,415,3,2024-03-30,Would buy again
1278,34,2185,4,2022-05-26,Waste of money
1279,535,1544,4,2023-07-12,Poor packaging
1280,546,309,4,2022-11-14,Waste of money
1281,486,1688,1,2022-01-06,Highly recommend
1282,118,1236,4,2022-07-28,Not as expected
1283,276,941,5,2023-05-18,Waste of money
1284,231,546,5,2023-11-01,Poor packaging
1285,442,1358,4,2023-10-22,Not as expected
1286,175,500,2,2023-05-13,Poor packaging
1287,854,3885,4,2024-12-30,"Fast delivery, good product"
1288,573,2103,3,2023-05-06,Average experience
1289,279,2287,5,2025-04-05,Waste of money
1290,92,272,3,2023-08-14,Would buy again
1291,386,1769,5,2022-08-15,"Fast delivery, good product"
1292,671,3862,4,2024-04-20,Would buy again
1293,545,412,3,2025-11-01,Waste of money
1294,397,2479,5,2023-05-29,Not as expected
1295,842,1182,4,2025-04-13,Value for money
1296,199,254,5,2022-08-11,Would buy again
1297,780,1881,5,2024-09-07,Average experience
1298,521,1998,4,2024-10-15,Would buy again
1299,387,2814,5,2022-07-01,Excellent quality
1300,149,1228,4,2025-09-10,Highly recommend
1301,257,2978,5,2024-07-25,Average experience
1302,592,2652,5,2022-12-23,Value for money
1303,809,39,4,2023-09-27,Waste of money
1304,74,12,5,2022-03-30,Great product!
1305,258,22,2,2023-06-09,Poor packaging
1306,314,620,2,2025-05-20,"Fast delivery, good product"
1307,56,956,4,2025-11-27,"Fast delivery, good product"
1308,550,3350,3,2023-10-04,Great product!
1309,780,1088,1,2024-02-10,"Fast delivery, good product"
1310,413,1896,4,2022-12-09,Not as expected
1311,662,958,4,2024-05-26,Highly recommend
1312,378,715,2,2023-02-12,Waste of money
1313,529,171,5,2022-04-27,Would buy again
1314,325,3998,5,2023-05-11,Great product!
1315,833,1605,4,2022-10-03,Great product!
1316,847,3810,5,2025-08-31,Would buy again
1317,545,1692,5,2022-02-07,Value for money
1318,714,334,1,2024-11-15,Value for money
1319,222,2649,5,2025-12-03,Poor packaging
1320,367,1030,4,2025-10-13,Excellent quality
1321,471,3117,4,2023-09-14,Average experience
1322,892,2305,5,2022-12-03,Waste of money
1323,383,771,5,2023-12-19,Not as expected
1324,768,2639,3,2024-01-26,Waste of money
1325,237,3913,5,2024-08-17,Waste of money
1326,375,3778,5,2025-06-05,Great product!
1327,501,2495,4,2025-07-12,Not as expected
1328,440,1945,3,2022-10-03,Value for money
1329,653,340,5,2024-05-08,"Fast delivery, good product"
1330,582,251,5,2022-02-05,Great product!
1331,441,3068,5,2024-11-11,Highly recommend
1332,266,3256,4,2023-11-15,Not as expected
1333,128,331,5,2024-11-11,Value for money
1334,22,3634,5,2024-12-10,Would buy again
1335,121,119,5,2023-04-03,Great product!
1336,730,1875,2,2023-06-23,Not as expected
1337,264,3751,2,2024-10-19,"Fast delivery, good product"
1338,746,2754,3,2024-03-07,Poor packaging
1339,396,1688,5,2024-09-18,Average experience
1340,292,1170,4,2023-03-15,Waste of money
1341,197,1960,3,2023-12-27,Would buy again
1342,38,250,5,2022-08-16,Great product!
1343,171,3691,4,2023-04-22,"Fast delivery, good product"
1344,690,3974,4,2022-01-09,Would buy again
1345,171,2825,4,2025-05-29,Would buy again
1346,110,533,5,2024-05-09,"Fast delivery, good product"
1347,662,2960,4,2023-06-12,"Fast delivery, good product"
1348,48,790,5,2024-04-16,Would buy again
1349,377,3026,5,2025-12-03,Not as expected
1350,325,207,3,2022-11-21,Not as expected
1351,41,2278,2,2022-04-01,Not as expected
1352,702,2220,5,2022-12-16,Would buy again
1353,65,304,4,2023-05-17,"Fast delivery, good product"
1354,446,2141,4,2025-08-12,Poor packaging
1355,193,2139,4,2024-05-30,Excellent quality
1356,772,2072,3,2025-08-04,Great product!
1357,192,509,5,2024-11-19,Would buy again
1358,655,3384,4,2023-10-17,Value for money
1359,473,2706,1,2022-01-05,"Fast delivery, good product"
1360,685,826,3,2023-01-31,Great product!
1361,69,803,5,2023-01-06,Value for money
1362,127,2306,4,2023-09-10,Average experience
1363,193,2311,2,2022-08-26,Highly recommend
1364,236,1643,1,2024-06-25,Highly recommend
1365,137,2668,1,2023-09-11,"Fast delivery, good product"
1366,259,1008,3,2023-01-28,Highly recommend
1367,216,2099,4,2024-04-22,Highly recommend
1368,554,3384,3,2023-02-21,"Fast delivery, good product"
1369,784,2867,4,2025-02-20,Highly recommend
1370,431,2381,1,2024-05-22,Would buy again
1371,575,189,5,2023-05-22,Excellent quality
1372,200,1153,3,2025-02-20,Average experience
1373,221,444,5,2022-01-04,Would buy again
1374,120,395,4,2025-12-27,Would buy again
1375,351,455,4,2022-04-17,Average experience
1376,674,760,5,2023-05-31,Great product!
1377,809,1045,5,2022-10-19,Average experience
1378,671,1319,5,2024-03-26,Poor packaging
1379,518,43,4,2023-10-28,Value for money
1380,795,3581,5,2025-05-05,Poor packaging
1381,625,3510,2,2024-05-02,Average experience
1382,698,3945,5,2022-03-07,Great product!
1383,864,1163,4,2025-04-25,Highly recommend
1384,83,3031,1,2023-09-22,Would buy again
1385,563,636,4,2024-10-21,Average experience
1386,412,2131,3,2025-09-19,Average experience
1387,80,1897,4,2024-03-30,Would buy again
1388,763,1814,5,2023-03-16,Average experience
1389,521,866,3,2023-12-01,Average experience
1390,637,2751,5,2022-09-06,Would buy again
1391,451,1663,5,2024-05-13,Value for money
1392,802,2548,4,2022-01-01,Great product!
1393,188,423,5,2024-11-07,"Fast delivery, good product"
1394,232,2151,5,2024-09-18,"Fast delivery, good product"
1395,649,1842,5,2023-02-27,Poor packaging
1396,869,2119,4,2022-07-21,Value for money
1397,847,1825,5,2025-11-21,Poor packaging
1398,150,1111,4,2023-09-23,Value for money
1399,775,1995,3,2023-08-14,Great product!
1400,700,1377,5,2023-08-13,Waste of money
1401,574,2641,5,2024-08-30,"Fast delivery, good product"
1402,404,3452,3,2025-08-10,Not as expected
1403,343,912,4,2022-02-15,Poor packaging
1404,401,3434,3,2022-07-11,Would buy again
1405,710,2191,4,2023-03-22,Waste of money
1406,748,1238,4,2025-07-02,Excellent quality
1407,887,1006,1,2022-02-28,Value for money
1408,669,2684,5,2024-07-08,Highly recommend
1409,716,2846,4,2025-10-04,Excellent quality
1410,441,1171,5,2024-01-30,"Fast delivery, good product"
1411,246,2964,5,2023-05-02,Excellent quality
1412,272,1995,3,2025-08-12,Poor packaging
1413,125,393,5,2024-07-22,Poor packaging
1414,318,1407,4,2025-08-25,Not as expected
1415,528,1991,4,2022-11-26,Excellent quality
1416,392,650,4,2024-12-03,"Fast delivery, good product"
1417,564,3373,2,2024-09-16,Waste of money
1418,50,2239,4,2024-11-10,Highly recommend
1419,461,2843,3,2023-12-08,Great product!
1420,595,1341,4,2022-09-26,Waste of money
1421,73,1534,3,2024-09-17,Value for money
1422,567,1757,5,2023-03-07,Highly recommend
1423,489,3701,5,2022-04-27,Poor packaging
1424,703,748,5,2022-10-03,Not as expected
1425,64,517,5,2024-01-26,Waste of money
1426,489,3829,3,2025-01-27,Great product!
1427,348,380,4,2023-05-27,"Fast delivery, good product"
1428,687,3140,4,2024-12-23,Not as expected
1429,459,139,4,2025-08-31,"Fast delivery, good product"
1430,867,3756,4,2024-10-10,Waste of money
1431,218,30,4,2023-05-26,Excellent quality
1432,78,3164,4,2025-06-24,Would buy again
1433,455,604,3,2022-01-27,Not as expected
1434,478,2289,5,2025-05-29,Excellent quality
1435,313,412,4,2022-03-01,Waste of money
1436,315,1434,1,2022-02-17,Poor packaging
1437,205,2014,5,2022-06-12,Poor packaging
1438,159,3270,5,2024-10-21,Poor packaging
1439,687,874,4,2025-08-16,Waste of money
1440,427,3404,5,2022-05-27,"Fast delivery, good product"
1441,810,1613,4,2025-10-17,Waste of money
1442,632,2486,3,2023-05-31,Average experience
1443,119,3368,4,2025-09-04,Poor packaging
1444,12,1731,2,2024-05-03,Highly recommend
1445,688,1397,4,2022-06-15,Poor packaging
1446,122,2017,5,2023-09-29,Highly recommend
1447,832,2040,4,2024-11-28,Excellent quality
1448,451,634,2,2024-08-13,Great product!
1449,555,1335,2,2022-09-08,Poor packaging
1450,239,2808,5,2023-11-11,Waste of money
1451,111,960,5,2024-09-23,Highly recommend
1452,659,792,3,2022-02-28,Poor packaging
1453,622,3756,4,2022-08-17,Average experience
1454,76,1127,5,2025-10-20,"Fast delivery, good product"
1455,256,2577,4,2023-02-14,Average experience
1456,42,5,5,2025-08-05,Not as expected
1457,186,1183,3,2022-10-14,Average experience
1458,65,1177,3,2024-08-26,Great product!
1459,608,3215,4,2023-09-16,Average experience
1460,698,630,2,2025-04-22,Would buy again
1461,145,3511,5,2022-11-09,Average experience
1462,281,3802,3,2025-09-20,Average experience
1463,210,2917,3,2022-06-20,Great product!
1464,332,3140,5,2023-06-13,Would buy again
1465,838,3836,4,2022-08-05,Value for money
1466,200,1517,5,2024-06-26,"Fast delivery, good product"
1467,279,1015,4,2025-06-25,Waste of money
1468,765,2488,5,2022-01-11,Highly recommend
1469,749,1418,4,2022-10-25,Waste of money
1470,566,2669,5,2022-11-27,"Fast delivery, good product"
1471,715,3657,5,2025-04-11,"Fast delivery, good product"
1472,392,3814,2,2023-03-29,"Fast delivery, good product"
1473,628,1159,3,2023-06-03,Great product!
1474,513,649,3,2023-01-05,Great product!
1475,451,623,4,2025-08-10,Highly recommend
1476,654,2949,1,2025-07-18,Not as expected
1477,398,2101,5,2022-06-13,Waste of money
1478,371,2766,3,2022-08-28,Average experience
1479,479,278,4,2023-01-22,Highly recommend
1480,610,3946,3,2024-07-11,Excellent quality
1481,43,1,5,2022-08-25,Great product!
1482,33,1260,5,2025-09-01,Would buy again
1483,66,3981,4,2024-08-11,Would buy again
1484,401,3426,4,2023-11-06,Poor packaging
1485,272,252,5,2022-05-12,Great product!
1486,531,3228,5,2022-03-09,Great product!
1487,320,1069,3,2023-04-28,Value for money
1488,804,2374,5,2022-04-12,Great product!
1489,20,841,3,2024-12-01,Not as expected
1490,581,3350,4,2023-02-18,"Fast delivery, good product"
1491,671,1850,3,2022-03-18,Great product!
1492,44,3011,5,2023-01-08,Great product!
1493,538,1821,3,2025-09-27,Excellent quality
1494,219,3666,4,2025-03-10,Great product!
1495,661,2826,5,2023-09-12,Excellent quality
1496,700,2635,5,2023-10-06,Not as expected
1497,437,554,2,2024-12-17,Would buy again
1498,527,2936,5,2023-01-10,Highly recommend
1499,677,1701,4,2023-05-21,Not as expected
1500,628,1037,5,2023-02-09,Excellent quality
1501,489,1201,5,2022-05-06,Great product!
1502,735,260,5,2022-03-15,Poor packaging
1503,762,1053,4,2023-05-02,"Fast delivery, good product"
1504,222,3045,5,2023-08-04,Excellent quality
1505,897,3847,5,2023-06-29,"Fast delivery, good product"
1506,747,828,4,2022-04-15,Highly recommend
1507,582,555,3,2025-03-27,"Fast delivery, good product"
1508,894,2725,4,2024-01-27,Highly recommend
1509,260,3659,4,2024-10-22,Excellent quality
1510,614,2182,5,2025-06-29,Waste of money
1511,667,2719,5,2025-09-02,Waste of money
1512,316,3112,2,2025-01-05,Highly recommend
1513,718,564,4,2025-10-20,Value for money
1514,833,3834,3,2025-05-08,Excellent quality
1515,662,2697,4,2024-09-25,Not as expected
1516,141,18,2,2025-12-29,Poor packaging
1517,546,2185,4,2022-04-16,Poor packaging
1518,828,1911,4,2024-09-05,Waste of money
1519,311,1660,5,2022-06-12,Highly recommend
1520,42,1358,5,2024-03-18,Excellent quality
1521,867,2786,4,2022-11-28,Average experience
1522,464,636,4,2022-08-18,Value for money
1523,474,3621,4,2022-07-10,Value for money
1524,789,323,4,2022-01-07,Would buy again
1525,429,276,3,2025-05-30,Excellent quality
1526,652,1699,4,2025-06-19,Would buy again
1527,596,136,4,2022-10-21,Average experience
1528,188,181,4,2025-05-23,Would buy again
1529,64,100,4,2024-05-29,Excellent quality
1530,82,2944,4,2025-09-15,Average experience
1531,560,1117,5,2024-04-07,Waste of money
1532,136,1992,4,2022-12-30,"Fast delivery, good product"
1533,867,2024,3,2025-09-29,Excellent quality
1534,756,3063,4,2024-08-14,Excellent quality
1535,714,219,5,2025-05-01,Highly recommend
1536,504,2251,1,2024-12-05,Poor packaging
1537,115,3223,3,2023-08-30,Waste of money
1538,582,519,5,2024-01-20,Not as expected
1539,532,1413,5,2023-02-04,Not as expected
1540,471,747,4,2025-03-14,Poor packaging
1541,377,2771,4,2023-08-04,"Fast delivery, good product"
1542,583,871,5,2024-06-29,Average experience
1543,681,1650,5,2024-09-21,Waste of money
1544,463,3886,2,2025-11-03,Waste of money
1545,239,2716,1,2024-08-21,Waste of money
1546,18,3941,5,2025-05-19,Value for money
1547,671,3839,3,2024-01-30,Would buy again
1548,580,1290,4,2025-11-25,Average experience
1549,175,3382,5,2024-10-23,Poor packaging
1550,136,3443,5,2025-07-29,Not as expected
1551,605,2969,1,2023-10-07,Average experience
1552,357,3429,4,2025-09-11,Great product!
1553,223,3172,5,2024-09-22,"Fast delivery, good product"
1554,87,660,3,2025-12-24,Not as expected
1555,128,488,5,2022-02-14,Excellent quality
1556,220,175,2,2023-09-11,Great product!
1557,498,3804,4,2025-04-24,Great product!
1558,463,2356,2,2025-05-03,Average experience
1559,722,2572,4,2024-11-11,Poor packaging
1560,748,1085,5,2022-04-23,Great product!
1561,566,1432,4,2024-01-21,Excellent quality
1562,324,2146,3,2023-10-28,Poor packaging
1563,232,2990,5,2024-04-03,Would buy again
1564,313,108,4,2022-09-12,Would buy again
1565,678,3009,5,2025-03-14,Value for money
1566,490,2101,5,2024-12-06,Waste of money
1567,851,929,5,2022-12-10,Value for money
1568,493,2093,3,2023-10-19,"Fast delivery, good product"
1569,195,616,5,2022-12-07,Poor packaging
1570,756,269,4,2025-01-15,Poor packaging
1571,441,132,4,2024-12-24,"Fast delivery, good product"
1572,300,1569,5,2025-12-09,Poor packaging
1573,255,716,2,2022-12-21,Average experience
1574,574,977,5,2023-02-15,Not as expected
1575,13,3754,3,2024-08-01,Highly recommend
1576,60,89,5,2025-01-27,Waste of money
1577,376,1386,4,2024-07-12,Not as expected
1578,282,2709,2,2022-09-09,Waste of money
1579,410,840,5,2024-04-16,Value for money
1580,348,492,4,2022-11-13,Waste of money
1581,792,3241,5,2022-06-14,Excellent quality
1582,784,3464,4,2024-01-20,Great product!
1583,465,1160,5,2024-01-02,Would buy again
1584,217,2309,3,2022-04-08,Poor packaging
1585,293,2861,5,2023-05-27,Poor packaging
1586,466,1660,3,2023-08-17,"Fast delivery, good product"
1587,547,2137,2,2022-02-13,Not as expected
1588,756,1497,2,2023-05-06,Highly recommend
1589,546,3683,3,2025-03-12,Not as expected
1590,421,3377,2,2022-07-08,Would buy again
1591,715,452,3,2025-10-05,Would buy again
1592,476,3673,5,2023-11-07,Not as expected
1593,847,2278,5,2024-01-28,Excellent quality
1594,614,3132,3,2024-06-06,Average experience
1595,526,2014,4,2024-01-03,Poor packaging
1596,301,3017,3,2025-05-14,Average experience
1597,706,3767,3,2022-03-24,Would buy again
1598,750,3801,1,2023-11-17,Poor packaging
1599,407,2253,4,2023-02-11,"Fast delivery, good product"
1600,723,181,5,2022-06-01,Would buy again
1601,609,3965,5,2025-03-20,Highly recommend
1602,110,1885,5,2022-01-04,Poor packaging
1603,530,604,1,2024-02-29,Great product!
1604,623,3687,5,2025-04-08,Great product!
1605,694,201,5,2024-11-30,Excellent quality
1606,231,1852,4,2023-12-24,Excellent quality
1607,874,2953,4,2025-12-06,Average experience
1608,48,3479,3,2023-10-12,Value for money
1609,163,2993,3,2023-01-10,"Fast delivery, good product"
1610,463,2669,4,2023-09-03,"Fast delivery, good product"
1611,529,2659,5,2024-07-03,Excellent quality
1612,46,1840,2,2024-10-30,Would buy again
1613,530,2938,5,2022-08-11,Average experience
1614,791,2022,4,2024-11-26,Value for money
1615,410,1861,5,2024-11-18,Would buy again
1616,125,2684,2,2023-05-26,Great product!
1617,620,1462,4,2023-11-30,Value for money
1618,251,1069,1,2023-12-17,Excellent quality
1619,269,2839,4,2023-07-08,Not as expected
1620,443,2884,3,2022-11-30,Waste of money
1621,722,672,5,2023-01-12,Poor packaging
1622,272,1616,5,2024-12-30,Value for money
1623,607,2969,4,2025-01-30,Waste of money
1624,94,2110,4,2023-10-10,"Fast delivery, good product"
1625,43,2884,1,2025-11-26,Average experience
1626,604,925,5,2024-06-16,Would buy again
1627,455,930,5,2023-09-23,Waste of money
1628,681,92,3,2022-02-09,Average experience
1629,306,3807,4,2023-12-16,Waste of money
1630,602,2842,4,2022-09-18,Not as expected
1631,251,2915,3,2024-02-05,Excellent quality
1632,393,688,4,2023-12-29,Not as expected
1633,210,929,5,2023-02-03,Excellent quality
1634,456,2127,4,2023-11-23,Value for money
1635,595,3241,5,2024-12-24,Value for money
1636,316,1669,5,2023-01-22,Waste of money
1637,245,3323,5,2023-04-22,Highly recommend
1638,579,1822,5,2025-11-26,"Fast delivery, good product"
1639,47,510,5,2023-06-03,Not as expected
1640,701,2974,5,2022-05-05,Would buy again
1641,204,1762,4,2025-05-29,Would buy again
1642,620,1054,5,2024-08-25,"Fast delivery, good product"
1643,16,2671,5,2024-03-08,Highly recommend
1644,78,2934,4,2024-04-12,Highly recommend
1645,729,619,5,2025-04-18,Poor packaging
1646,565,678,3,2022-06-22,Average experience
1647,733,1082,4,2022-06-23,Not as expected
1648,105,787,3,2024-02-23,Would buy again
1649,674,2609,4,2023-06-06,Would buy again
1650,139,1384,4,2023-08-31,Waste of money
1651,514,3058,3,2024-11-08,Average experience
1652,512,2389,3,2023-09-09,Not as expected
1653,290,1659,4,2022-12-25,Highly recommend
1654,827,3494,5,2024-06-24,"Fast delivery, good product"
1655,297,3884,3,2022-10-25,Highly recommend
1656,608,3508,4,2023-09-25,"Fast delivery, good product"
1657,678,2433,1,2023-03-18,"Fast delivery, good product"
1658,15,2887,3,2025-07-16,"Fast delivery, good product"
1659,163,2597,4,2025-06-08,Average experience
1660,282,2515,4,2022-08-31,"Fast delivery, good product"
1661,724,3721,2,2025-04-08,Not as expected
1662,255,1987,3,2024-04-09,Would buy again
1663,652,2945,1,2025-06-23,Highly recommend
1664,503,844,5,2025-01-16,Great product!
1665,56,1883,1,2024-05-06,Waste of money
1666,674,3496,3,2023-02-09,Average experience
1667,654,1621,5,2023-08-24,Waste of money
1668,880,1896,4,2023-07-25,"Fast delivery, good product"
1669,214,1387,5,2025-05-20,Great product!
1670,785,2010,4,2022-09-04,Highly recommend
1671,843,2787,5,2022-12-10,Average experience
1672,823,1694,2,2023-01-27,Waste of money
1673,153,2526,5,2025-04-03,Excellent quality
1674,749,460,4,2023-07-28,"Fast delivery, good product"
1675,745,455,4,2025-04-15,Excellent quality
1676,156,2892,5,2023-08-23,Waste of money
1677,763,1684,3,2025-11-19,Poor packaging
1678,254,2394,5,2023-03-15,"Fast delivery, good product"
1679,362,4,4,2024-11-20,Not as expected
1680,794,2515,4,2024-06-14,Would buy again
1681,656,2010,4,2025-02-11,Average experience
1682,337,3399,5,2023-04-27,"Fast delivery, good product"
1683,317,3872,3,2025-01-03,Waste of money
1684,810,623,3,2025-09-24,Highly recommend
1685,270,2532,3,2022-04-26,Would buy again
1686,804,615,1,2025-10-20,Not as expected
1687,881,865,4,2022-06-11,Great product!
1688,125,2287,4,2024-12-05,Average experience
1689,845,2949,2,2023-01-28,Not as expected
1690,773,1497,1,2024-10-25,Poor packaging
1691,268,3343,5,2025-07-25,Value for money
1692,130,3224,5,2022-04-12,Excellent quality
1693,249,2272,3,2023-04-13,Average experience
1694,207,2768,3,2025-09-05,"Fast delivery, good product"
1695,638,161,5,2022-05-20,"Fast delivery, good product"
1696,200,2381,5,2022-03-05,Great product!
1697,6,3748,5,2022-06-04,Great product!
1698,478,1658,4,2023-10-02,"Fast delivery, good product"
1699,147,1956,5,2023-02-28,Would buy again
1700,716,3586,3,2023-02-02,Waste of money
1701,178,2036,4,2025-06-10,Excellent quality
1702,714,2629,4,2023-12-31,Waste of money
1703,637,3134,3,2024-05-06,"Fast delivery, good product"
1704,790,273,5,2023-01-11,Great product!
1705,471,1973,2,2024-09-16,Excellent quality
1706,53,3427,4,2024-11-21,Would buy again
1707,677,1255,5,2022-03-28,Great product!
1708,241,3697,5,2025-05-11,Poor packaging
1709,40,3298,4,2025-08-10,Poor packaging
1710,665,2048,2,2024-10-18,Highly recommend
1711,30,1359,3,2023-03-03,Excellent quality
1712,899,462,4,2024-12-04,Highly recommend
1713,436,3266,3,2023-06-23,Poor packaging
1714,203,409,5,2022-06-15,Average experience
1715,146,571,4,2024-09-19,Great product!
1716,860,2793,3,2023-02-17,Value for money
1717,566,391,4,2025-12-31,"Fast delivery, good product"
1718,512,156,5,2024-11-02,"Fast delivery, good product"
1719,272,1380,5,2025-09-19,"Fast delivery, good product"
1720,862,299,3,2023-03-23,Average experience
1721,627,2480,4,2022-07-28,"Fast delivery, good product"
1722,485,1955,1,2022-07-31,Highly recommend
1723,726,1302,5,2023-06-09,Waste of money
1724,97,537,3,2022-05-09,Poor packaging
1725,847,1210,4,2023-01-09,Poor packaging
1726,829,1037,1,2024-07-27,Waste of money
1727,415,3018,5,2022-04-21,Waste of money
1728,253,601,3,2025-09-10,Great product!
1729,265,235,3,2024-05-03,Not as expected
1730,854,2325,5,2025-05-22,Would buy again
1731,533,3753,4,2023-09-27,Waste of money
1732,320,3881,5,2024-07-24,Great product!
1733,681,992,4,2022-01-10,Waste of money
1734,680,3970,4,2024-07-04,"Fast delivery, good product"
1735,63,3573,5,2023-10-31,Highly recommend
1736,726,283,4,2023-03-16,Excellent quality
1737,184,2961,3,2023-05-17,Would buy again
1738,720,1982,5,2023-11-10,Would buy again
1739,15,2198,2,2023-10-13,Highly recommend
1740,523,1074,5,2024-07-14,Value for money
1741,528,3178,1,2022-08-26,Excellent quality
1742,365,1633,5,2022-08-21,Would buy again
1743,606,2150,4,2025-09-26,Value for money
1744,701,2454,4,2024-08-20,Highly recommend
1745,760,3587,5,2025-01-04,Not as expected
1746,499,57,5,2023-01-05,Highly recommend
1747,616,3042,5,2022-07-09,Not as expected
1748,11,1251,3,2022-04-02,Average experience
1749,655,614,1,2023-05-28,Poor packaging
1750,21,1107,5,2024-07-01,Average experience
1751,536,1195,5,2022-09-01,Poor packaging
1752,214,660,5,2023-11-27,Waste of money
1753,521,2489,5,2025-02-05,Excellent quality
1754,635,1984,3,2024-11-02,Great product!
1755,66,3548,4,2023-08-08,"Fast delivery, good product"
1756,787,1827,5,2022-12-02,Great product!
1757,140,3406,4,2024-05-08,Average experience
1758,689,2191,3,2022-02-17,"Fast delivery, good product"
1759,758,633,4,2022-03-29,"Fast delivery, good product"
1760,858,245,4,2022-07-31,Poor packaging
1761,290,241,4,2024-08-25,Value for money
1762,333,2615,5,2023-12-12,Would buy again
1763,496,1958,4,2022-02-15,Not as expected
1764,729,3136,4,2024-01-29,Waste of money
1765,360,100,4,2024-08-27,Excellent quality
1766,438,2060,3,2023-06-15,Excellent quality
1767,486,3176,2,2024-04-25,Would buy again
1768,659,743,4,2025-12-06,Highly recommend
1769,4,2066,5,2022-03-16,Poor packaging
1770,216,1320,4,2022-12-21,Great product!
1771,836,689,5,2025-04-24,Great product!
1772,789,1445,5,2025-10-07,Highly recommend
1773,652,2433,4,2023-02-27,"Fast delivery, good product"
1774,798,3848,4,2022-03-23,Waste of money
1775,668,3230,5,2022-09-09,"Fast delivery, good product"
1776,2,2880,5,2025-08-27,Value for money
1777,189,3058,3,2025-07-02,Not as expected
1778,845,116,5,2025-06-16,Highly recommend
1779,300,1324,2,2023-08-09,Would buy again
1780,49,89,5,2022-10-28,Would buy again
1781,262,2969,5,2025-03-29,Poor packaging
1782,735,2612,5,2024-07-18,Average experience
1783,822,3580,5,2025-02-04,"Fast delivery, good product"
1784,635,3856,3,2023-05-29,Poor packaging
1785,111,1716,4,2022-06-02,"Fast delivery, good product"
1786,585,2108,5,2023-04-13,Highly recommend
1787,760,2427,5,2024-08-20,Not as expected
1788,794,978,5,2023-03-27,Average experience
1789,510,209,4,2024-08-05,"Fast delivery, good product"
1790,877,2142,2,2024-02-05,Value for money
1791,659,3660,4,2024-10-14,Average experience
1792,57,802,5,2022-03-10,Not as expected
1793,768,2889,3,2024-12-12,Excellent quality
1794,196,3724,5,2024-09-17,Would buy again
1795,520,1020,4,2022-09-21,Would buy again
1796,495,2918,3,2023-09-29,Average experience
1797,480,1368,4,2022-04-04,Not as expected
1798,641,3266,4,2025-09-28,Great product!
1799,311,2790,1,2023-06-24,Highly recommend
1800,502,1643,5,2023-12-14,Excellent quality
1801,474,835,3,2024-06-10,Value for money
1802,744,3735,5,2023-12-28,Excellent quality
1803,4,3459,4,2024-07-31,Would buy again
1804,77,975,5,2025-11-15,Waste of money
1805,66,1685,3,2025-12-22,Highly recommend
1806,712,3691,4,2022-10-11,Would buy again
1807,463,2606,3,2025-07-17,Poor packaging
1808,339,2313,5,2023-02-05,Highly recommend
1809,852,1188,5,2023-02-19,Average experience
1810,418,3095,4,2022-04-02,"Fast delivery, good product"
1811,511,2554,2,2022-11-26,Great product!
1812,705,1532,5,2023-10-06,Highly recommend
1813,38,1902,5,2022-01-29,Average experience
1814,704,2434,2,2024-01-18,Would buy again
1815,469,1732,5,2023-03-17,"Fast delivery, good product"
1816,274,1159,2,2024-02-04,Poor packaging
1817,700,871,5,2022-04-15,Poor packaging
1818,821,106,5,2024-11-03,Waste of money
1819,560,156,4,2022-11-02,Value for money
1820,631,1298,5,2022-08-13,Would buy again
1821,841,80,5,2022-05-09,Poor packaging
1822,858,3892,4,2023-11-13,Great product!
1823,213,2257,5,2023-06-21,Highly recommend
1824,887,1856,4,2023-08-26,Waste of money
1825,498,1397,4,2022-03-14,Would buy again
1826,237,418,4,2023-06-02,Waste of money
1827,664,3482,1,2023-10-30,"Fast delivery, good product"
1828,783,1862,1,2022-12-25,Excellent quality
1829,397,3822,4,2025-11-01,Poor packaging
1830,301,2291,4,2024-05-22,"Fast delivery, good product"
1831,228,2490,4,2024-12-08,"Fast delivery, good product"
1832,298,3289,3,2024-05-06,Poor packaging
1833,495,762,4,2025-06-07,Would buy again
1834,236,2677,2,2022-05-05,Highly recommend
1835,454,3266,5,2025-09-07,Average experience
1836,898,3637,4,2022-01-11,"Fast delivery, good product"
1837,246,906,5,2025-06-02,"Fast delivery, good product"
1838,776,2369,3,2025-06-22,Would buy again
1839,433,3590,4,2024-10-26,Excellent quality
1840,172,989,2,2025-10-18,Excellent quality
1841,530,2025,5,2023-02-22,Would buy again
1842,213,1219,5,2025-08-28,Excellent quality
1843,794,1268,5,2023-12-27,Waste of money
1844,239,1703,5,2022-06-05,Waste of money
1845,635,1555,4,2023-06-16,Excellent quality
1846,216,238,5,2025-08-11,Value for money
1847,89,987,5,2024-05-18,Waste of money
1848,153,2630,5,2025-05-07,Value for money
1849,429,3143,4,2025-05-15,"Fast delivery, good product"
1850,715,800,5,2024-11-02,Value for money
1851,686,2424,5,2024-05-15,Would buy again
1852,419,2370,4,2025-05-24,Waste of money
1853,217,1155,5,2024-02-12,"Fast delivery, good product"
1854,899,2632,4,2025-06-16,Average experience
1855,523,1765,4,2024-08-19,"Fast delivery, good product"
1856,620,3678,4,2023-01-16,Waste of money
1857,710,2044,5,2025-02-05,Excellent quality
1858,422,649,5,2022-08-18,Average experience
1859,120,1484,5,2024-04-14,Average experience
1860,777,691,4,2025-03-02,Average experience
1861,404,934,3,2023-11-04,Would buy again
1862,786,918,5,2024-12-12,Average experience
1863,514,1901,4,2022-10-18,"Fast delivery, good product"
1864,669,3416,5,2023-11-10,"Fast delivery, good product"
1865,560,3446,4,2025-02-14,Value for money
1866,429,383,2,2023-10-02,Would buy again
1867,588,77,5,2024-08-09,Excellent quality
1868,686,2257,4,2022-04-22,Great product!
1869,16,2219,5,2022-10-03,Great product!
1870,60,950,5,2023-12-29,Not as expected
1871,550,3750,3,2023-11-07,Highly recommend
1872,193,3709,5,2022-06-14,Would buy again
1873,469,1567,2,2022-07-23,Excellent quality
1874,750,2063,4,2024-04-30,Great product!
1875,11,2028,5,2023-09-30,"Fast delivery, good product"
1876,296,3749,5,2023-02-16,Not as expected
1877,871,130,4,2024-06-29,Poor packaging
1878,779,3443,3,2022-05-08,Highly recommend
1879,788,2104,4,2022-02-08,"Fast delivery, good product"
1880,98,3641,4,2025-12-04,Poor packaging
1881,781,1489,4,2024-06-21,Highly recommend
1882,588,3988,4,2025-05-11,Average experience
1883,725,2814,4,2022-12-31,Value for money
1884,67,3026,3,2024-04-01,Value for money
1885,333,371,3,2022-02-02,"Fast delivery, good product"
1886,243,262,5,2022-12-31,Not as expected
1887,896,100,5,2022-03-10,Value for money
1888,745,2436,5,2023-11-15,Value for money
1889,893,3396,5,2022-11-07,Highly recommend
1890,552,2700,4,2023-01-17,Highly recommend
1891,367,3921,2,2023-09-17,Average experience
1892,409,3521,2,2025-06-26,Average experience
1893,715,1167,4,2025-05-06,"Fast delivery, good product"
1894,54,3792,3,2023-02-15,Value for money
1895,165,2324,4,2024-11-20,Waste of money
1896,131,1222,5,2023-06-10,Average experience
1897,705,2176,5,2022-01-02,Value for money
1898,36,3927,5,2022-03-06,Waste of money
1899,876,277,5,2025-07-27,Great product!
1900,54,660,3,2023-08-09,Waste of money
1901,621,3583,5,2023-01-28,Value for money
1902,819,3624,4,2022-07-11,Great product!
1903,467,3510,4,2024-06-12,Poor packaging
1904,711,479,4,2025-07-09,Great product!
1905,195,2221,2,2022-08-31,Not as expected
1906,398,1541,5,2023-09-03,Would buy again
1907,628,298,4,2024-10-13,Poor packaging
1908,649,3102,4,2023-03-31,"Fast delivery, good product"
1909,503,1215,4,2025-03-16,Excellent quality
1910,468,815,5,2024-08-08,Not as expected
1911,707,3070,3,2025-08-20,Value for money
1912,288,2843,4,2025-05-25,Great product!
1913,213,850,3,2025-07-15,"Fast delivery, good product"
1914,402,2960,2,2025-07-17,Waste of money
1915,700,3120,5,2023-07-26,"Fast delivery, good product"
1916,393,2102,4,2023-01-30,Waste of money
1917,466,3617,2,2022-09-11,Not as expected
1918,1,2212,3,2022-02-21,Poor packaging
1919,617,1283,3,2025-09-08,Excellent quality
1920,555,2427,4,2024-03-29,Not as expected
1921,195,1488,1,2025-01-14,Great product!
1922,107,486,5,2023-12-14,"Fast delivery, good product"
1923,364,1608,5,2025-08-07,Highly recommend
1924,247,534,4,2022-05-17,Highly recommend
1925,822,1791,5,2025-06-17,Value for money
1926,894,2084,5,2025-05-01,Value for money
1927,15,530,1,2024-04-02,Would buy again
1928,708,3829,4,2025-12-01,Value for money
1929,517,1840,5,2023-02-16,Waste of money
1930,128,645,5,2025-04-16,"Fast delivery, good product"
1931,472,3240,4,2022-05-30,"Fast delivery, good product"
1932,12,1769,5,2022-07-28,Highly recommend
1933,568,1667,3,2025-12-11,Average experience
1934,15,2456,5,2022-05-08,Waste of money
1935,650,2150,4,2022-08-03,Not as expected
1936,594,3766,4,2024-10-18,Value for money
1937,370,269,3,2024-06-19,Waste of money
1938,358,2058,3,2023-11-12,Waste of money
1939,850,1044,5,2022-02-27,"Fast delivery, good product"
1940,107,1266,5,2023-10-12,Great product!
1941,753,2956,3,2024-10-16,Waste of money
1942,25,3044,5,2025-12-11,Poor packaging
1943,11,3552,5,2024-11-17,Waste of money
1944,836,802,1,2025-04-22,Average experience
1945,584,830,1,2022-03-18,Would buy again
1946,285,12,5,2025-03-20,Not as expected
1947,696,495,3,2023-10-26,Not as expected
1948,441,2657,5,2024-09-19,Waste of money
1949,660,1148,5,2023-03-24,Poor packaging
1950,432,3989,5,2025-02-27,Would buy again
1951,594,128,3,2023-03-26,Would buy again
1952,530,3273,5,2025-05-24,Great product!
1953,545,1547,5,2024-03-06,Great product!
1954,348,985,5,2022-04-09,Waste of money
1955,527,3828,5,2023-03-04,Great product!
1956,522,3298,4,2023-01-14,"Fast delivery, good product"
1957,104,3956,5,2025-06-01,Excellent quality
1958,806,1701,5,2025-09-22,Would buy again
1959,219,1682,4,2025-01-26,Would buy again
1960,224,755,4,2024-12-13,Average experience
1961,500,872,1,2025-06-28,Great product!
1962,121,2486,5,2025-07-30,Great product!
1963,645,1699,5,2024-11-28,Would buy again
1964,45,3973,4,2025-10-23,Highly recommend
1965,477,2740,4,2025-07-24,Value for money
1966,279,146,3,2024-12-24,Excellent quality
1967,243,1342,1,2022-10-19,Waste of money
1968,349,1743,3,2023-10-16,"Fast delivery, good product"
1969,627,2500,4,2022-06-14,Poor packaging
1970,279,828,4,2025-06-30,Average experience
1971,24,1020,4,2024-04-08,Excellent quality
1972,389,2382,4,2024-05-31,Highly recommend
1973,748,3960,3,2025-11-22,Average experience
1974,462,3708,3,2024-12-19,Great product!
1975,624,104,4,2023-07-03,Value for money
1976,29,923,5,2023-10-04,Not as expected
1977,363,3475,4,2024-03-21,"Fast delivery, good product"
1978,803,3388,5,2022-08-09,Highly recommend
1979,83,3557,4,2022-11-27,Highly recommend
1980,97,2264,3,2023-05-31,Poor packaging
1981,714,2716,5,2023-01-25,"Fast delivery, good product"
1982,531,1218,5,2025-05-04,Poor packaging
1983,662,1097,3,2023-12-30,Waste of money
1984,849,1987,3,2025-07-06,Excellent quality
1985,100,3598,4,2022-11-21,Waste of money
1986,589,2466,5,2025-11-29,Waste of money
1987,433,1812,4,2023-05-12,Excellent quality
1988,357,1524,4,2024-05-15,Not as expected
1989,77,2211,5,2025-12-29,Would buy again
1990,112,3851,5,2022-11-24,Waste of money
1991,770,749,4,2025-01-06,Poor packaging
1992,212,477,4,2022-12-29,Would buy again
1993,742,1752,2,2022-08-30,Highly recommend
1994,370,3016,3,2024-05-04,Not as expected
1995,94,300,5,2025-09-29,Excellent quality
1996,713,1903,1,2025-07-13,Poor packaging
1997,800,1144,5,2022-01-15,Waste of money
1998,760,1630,4,2022-04-10,Would buy again
1999,281,3309,5,2024-09-11,Excellent quality
2000,269,849,4,2023-07-15,Average experience
2001,844,3200,5,2023-10-12,Would buy again
2002,477,759,3,2024-09-02,Average experience
2003,330,1903,5,2024-08-07,Not as expected
2004,812,1032,1,2024-08-29,Excellent quality
2005,68,3890,5,2023-11-02,Average experience
2006,297,2244,2,2022-01-17,Average experience
2007,635,1277,1,2023-07-14,"Fast delivery, good product"
2008,277,1718,4,2025-09-09,Great product!
2009,538,2225,4,2022-12-15,Highly recommend
2010,882,1168,2,2022-04-01,Would buy again
2011,781,1891,3,2022-09-01,Highly recommend
2012,219,1577,4,2023-04-02,Poor packaging
2013,149,33,4,2025-11-05,Waste of money
2014,741,304,5,2025-03-16,Not as expected
2015,316,3243,5,2024-06-19,Not as expected
2016,353,264,5,2025-08-29,Would buy again
2017,682,3724,3,2023-11-05,Great product!
2018,402,479,4,2022-11-23,Excellent quality
2019,793,3120,4,2023-07-31,Poor packaging
2020,479,1445,4,2024-09-14,Waste of money
2021,801,266,4,2023-09-25,Excellent quality
2022,580,3142,5,2023-09-03,Would buy again
2023,369,1175,4,2022-02-03,Waste of money
2024,550,430,4,2023-08-18,Poor packaging
2025,250,2114,4,2023-02-23,Waste of money
2026,591,3281,3,2022-12-02,Average experience
2027,252,311,3,2023-05-27,Waste of money
2028,332,3741,4,2022-07-25,Great product!
2029,880,301,4,2024-09-05,Great product!
2030,477,3188,3,2022-06-10,Poor packaging
2031,296,3257,5,2024-07-09,Not as expected
2032,566,1286,3,2023-08-27,Value for money
2033,620,2853,4,2025-01-03,Highly recommend
2034,485,2424,2,2022-04-10,Waste of money
2035,105,727,4,2022-06-29,Average experience
2036,98,416,1,2025-06-07,Excellent quality
2037,684,3084,4,2024-06-14,Poor packaging
2038,714,3008,4,2024-04-07,Would buy again
2039,179,1580,5,2022-06-29,Highly recommend
2040,494,483,1,2025-04-24,Highly recommend
2041,840,839,5,2023-10-20,Would buy again
2042,51,227,3,2023-03-20,"Fast delivery, good product"
2043,835,1996,4,2022-12-16,"Fast delivery, good product"
2044,820,2861,5,2024-08-16,Value for money
2045,883,1544,4,2025-06-28,Highly recommend
2046,621,2718,4,2023-03-09,Waste of money
2047,19,1096,4,2024-04-11,Value for money
2048,291,425,4,2022-04-12,Value for money
2049,56,615,5,2023-09-13,Highly recommend
2050,773,3174,5,2022-03-21,Average experience
2051,684,3192,4,2025-10-06,Great product!
2052,514,3022,5,2023-10-01,Highly recommend
2053,568,241,2,2022-04-30,Highly recommend
2054,802,2301,5,2025-10-31,Great product!
2055,811,2006,3,2025-02-06,Value for money
2056,503,1931,5,2023-11-30,Poor packaging
2057,91,2987,3,2025-06-28,Average experience
2058,131,144,4,2024-12-19,Great product!
2059,238,2910,3,2022-11-21,Would buy again
2060,252,712,4,2022-12-29,Would buy again
2061,42,1602,4,2022-01-16,Highly recommend
2062,578,2036,5,2025-11-05,Not as expected
2063,564,3680,5,2023-02-13,"Fast delivery, good product"
2064,850,2288,3,2023-10-25,"Fast delivery, good product"
2065,196,3313,5,2022-08-01,Average experience
2066,684,2977,5,2024-04-17,Excellent quality
2067,773,1108,2,2023-12-06,Poor packaging
2068,669,1747,4,2022-05-29,Excellent quality
2069,582,238,5,2023-03-29,Not as expected
2070,441,300,4,2023-01-24,Average experience
2071,311,1697,5,2023-04-13,Poor packaging
2072,541,1789,4,2023-08-31,Not as expected
2073,164,1918,5,2022-04-28,Excellent quality
2074,819,1218,5,2023-03-13,Excellent quality
2075,47,2844,5,2022-02-22,Value for money
2076,433,959,3,2022-02-06,Would buy again
2077,194,3822,5,2023-05-02,Great product!
2078,11,3309,3,2023-08-28,Would buy again
2079,116,2565,5,2022-08-03,Poor packaging
2080,355,3496,5,2022-11-20,Average experience
2081,251,30,5,2025-03-10,Not as expected
2082,727,1228,5,2023-09-11,Not as expected
2083,449,1195,3,2022-12-13,Poor packaging
2084,76,2208,4,2023-02-13,Poor packaging
2085,152,3704,4,2025-07-27,Highly recommend
2086,816,3583,4,2022-07-16,Value for money
2087,111,3923,4,2022-11-24,Excellent quality
2088,556,3042,5,2023-10-15,Excellent quality
2089,759,1946,4,2022-01-17,Average experience
2090,374,1191,4,2025-11-03,Great product!
2091,106,2598,4,2022-01-09,Waste of money
2092,448,3487,4,2022-07-12,Would buy again
2093,32,2812,5,2024-07-19,Not as expected
2094,452,17,4,2024-04-03,Highly recommend
2095,870,1928,4,2023-07-20,Waste of money
2096,93,1111,2,2023-07-27,Value for money
2097,538,1340,5,2022-09-25,Average experience
2098,312,3337,5,2023-01-20,Great product!
2099,277,1859,4,2022-06-07,Value for money
2100,421,1221,4,2023-05-24,Excellent quality
2101,673,257,4,2024-07-24,Value for money
2102,588,3900,3,2022-09-02,Poor packaging
2103,291,1935,4,2022-04-18,"Fast delivery, good product"
2104,712,1335,4,2023-05-19,Average experience
2105,676,1387,4,2023-01-11,Excellent quality
2106,675,688,5,2022-01-08,Waste of money
2107,490,2899,4,2023-01-18,Not as expected
2108,366,368,3,2025-05-31,Highly recommend
2109,406,350,4,2023-11-21,Waste of money
2110,613,3143,4,2025-01-01,"Fast delivery, good product"
2111,405,1488,3,2024-05-08,Highly recommend
2112,614,3414,2,2022-02-21,Highly recommend
2113,259,1317,3,2022-03-22,Average experience
2114,285,978,2,2024-04-18,"Fast delivery, good product"
2115,362,1856,5,2023-05-11,Would buy again
2116,829,1067,4,2024-05-14,Great product!
2117,367,264,4,2022-12-08,Highly recommend
2118,200,2700,3,2022-12-14,Value for money
2119,787,347,4,2024-09-23,Would buy again
2120,803,2018,3,2023-05-25,Value for money
2121,260,2201,5,2022-08-21,Highly recommend
2122,603,2735,4,2023-09-04,Poor packaging
2123,567,2913,4,2024-06-16,Poor packaging
2124,45,689,5,2025-06-10,Average experience
2125,312,3598,5,2023-05-28,Not as expected
2126,613,767,4,2024-09-16,"Fast delivery, good product"
2127,651,1315,4,2024-01-02,Waste of money
2128,216,878,3,2022-06-29,Great product!
2129,704,839,4,2025-02-26,Highly recommend
2130,32,1008,4,2024-04-13,Highly recommend
2131,68,3547,5,2025-12-29,Highly recommend
2132,567,558,3,2024-01-13,Would buy again
2133,289,3492,1,2024-01-21,Poor packaging
2134,387,3717,5,2024-02-10,"Fast delivery, good product"
2135,159,1767,5,2025-10-31,Value for money
2136,662,3380,2,2025-04-02,Waste of money
2137,793,1652,5,2025-03-13,Poor packaging
2138,102,3815,4,2023-02-20,Average experience
2139,697,2311,5,2023-11-15,Great product!
2140,529,785,3,2025-12-17,Excellent quality
2141,581,2004,2,2024-07-06,Average experience
2142,691,3623,5,2022-12-12,Waste of money
2143,607,445,5,2023-07-11,"Fast delivery, good product"
2144,601,19,4,2025-06-25,Would buy again
2145,17,860,5,2023-12-27,Highly recommend
2146,230,1030,2,2025-12-22,Value for money
2147,97,27,4,2024-01-29,Great product!
2148,361,3402,4,2023-02-21,Waste of money
2149,310,2584,3,2024-06-27,Highly recommend
2150,433,1891,4,2022-11-29,Not as expected
2151,705,2396,5,2025-01-17,Value for money
2152,636,1859,4,2025-07-22,Highly recommend
2153,480,3923,1,2022-08-24,Value for money
2154,837,2197,5,2025-02-15,Not as expected
2155,684,3342,4,2022-06-01,Great product!
2156,37,2561,5,2022-11-22,Highly recommend
2157,388,389,5,2023-06-20,Would buy again
2158,9,2435,5,2024-10-23,Would buy again
2159,264,745,3,2022-03-31,Not as expected
2160,80,3906,4,2025-02-02,Not as expected
2161,277,2885,4,2024-06-21,Would buy again
2162,10,1348,5,2025-11-23,Average experience
2163,26,1301,4,2025-07-06,Not as expected
2164,127,2588,1,2023-04-09,Great product!
2165,421,1120,4,2023-07-09,Great product!
2166,66,3878,4,2023-07-25,Great product!
2167,233,139,2,2025-04-11,Poor packaging
2168,684,3366,4,2022-04-20,Excellent quality
2169,837,2319,4,2025-10-26,Poor packaging
2170,356,628,5,2022-10-11,Poor packaging
2171,213,1206,4,2023-06-27,Average experience
2172,584,1103,4,2025-11-04,"Fast delivery, good product"
2173,288,185,5,2024-06-21,"Fast delivery, good product"
2174,858,1766,5,2025-04-06,Not as expected
2175,698,3142,5,2024-08-26,Not as expected
2176,585,2843,4,2022-11-17,Would buy again
2177,621,1687,3,2025-06-15,Excellent quality
2178,595,1456,3,2024-10-26,Not as expected
2179,528,559,3,2022-11-27,Highly recommend
2180,260,202,3,2022-09-22,Great product!
2181,430,3174,3,2024-02-29,Excellent quality
2182,811,3391,5,2025-04-04,"Fast delivery, good product"
2183,192,1018,5,2022-12-26,Waste of money
2184,812,1279,5,2025-12-08,Excellent quality
2185,450,3815,5,2025-01-31,"Fast delivery, good product"
2186,250,822,4,2023-05-04,Waste of money
2187,48,2875,5,2024-05-10,Value for money
2188,730,3396,4,2023-12-10,Value for money
2189,362,2783,4,2023-03-25,Average experience
2190,153,1090,5,2025-09-12,"Fast delivery, good product"
2191,817,723,5,2022-12-02,Average experience
2192,164,3494,4,2022-08-21,Excellent quality
2193,421,2172,4,2025-01-23,Excellent quality
2194,737,3424,4,2022-11-20,Great product!
2195,861,1139,4,2023-03-08,Waste of money
2196,235,637,5,2025-09-02,Value for money
2197,716,2609,5,2023-07-23,Average experience
2198,584,3300,3,2023-08-03,Average experience
2199,381,2795,5,2022-04-17,Average experience
2200,385,902,5,2025-08-07,Would buy again
2201,282,3740,4,2025-12-27,Average experience
2202,451,3981,4,2023-09-12,Waste of money
2203,53,594,4,2022-02-27,Would buy again
2204,349,3044,5,2023-05-02,Poor packaging
2205,487,2133,5,2022-03-23,Value for money
2206,157,3303,3,2024-12-05,Average experience
2207,15,3252,5,2025-12-21,"Fast delivery, good product"
2208,525,3201,5,2023-01-04,"Fast delivery, good product"
2209,614,3995,5,2024-08-29,Value for money
2210,697,1032,5,2023-03-07,Waste of money
2211,499,3159,4,2022-08-23,Would buy again
2212,828,2512,4,2022-11-18,Not as expected
2213,788,2125,5,2023-10-15,Value for money
2214,59,2117,4,2022-09-09,Average experience
2215,895,457,5,2023-09-07,Would buy again
2216,590,1133,4,2024-04-29,Poor packaging
2217,144,1752,4,2022-10-22,Average experience
2218,303,1546,1,2023-01-27,Waste of money
2219,863,1896,4,2022-04-20,Great product!
2220,368,900,5,2024-06-24,Would buy again
2221,143,3230,5,2024-10-30,Poor packaging
2222,810,3680,2,2025-09-21,Waste of money
2223,859,2565,4,2024-06-02,Waste of money
2224,67,2796,4,2024-12-10,Excellent quality
2225,140,3202,4,2025-02-04,Highly recommend
2226,449,2822,5,2025-10-01,Great product!
2227,370,3613,4,2022-08-18,Not as expected
2228,528,2544,5,2022-01-09,Waste of money
2229,164,541,5,2022-09-05,Average experience
2230,566,2152,3,2022-06-08,Great product!
2231,194,2321,5,2023-04-18,"Fast delivery, good product"
2232,108,635,5,2025-05-14,Average experience
2233,336,475,5,2025-02-21,Not as expected
2234,550,3948,3,2024-07-20,Average experience
2235,376,2118,4,2025-10-14,Value for money
2236,466,3965,4,2022-01-26,Great product!
2237,197,3063,5,2025-02-03,Value for money
2238,89,2100,3,2025-12-21,Poor packaging
2239,518,1939,3,2022-08-08,Would buy again
2240,477,175,2,2023-01-20,Average experience
2241,585,1674,5,2023-02-13,Would buy again
2242,244,2403,1,2025-09-15,Average experience
2243,670,897,3,2023-02-24,Great product!
2244,723,225,3,2023-01-29,Poor packaging
2245,407,684,5,2024-03-30,Poor packaging
2246,200,1767,3,2023-02-06,Average experience
2247,168,1831,4,2025-02-01,"Fast delivery, good product"
2248,663,694,5,2023-06-03,Poor packaging
2249,252,1612,3,2024-02-04,Value for money
2250,224,3146,4,2025-06-20,"Fast delivery, good product"
2251,103,1043,4,2024-03-07,Value for money
2252,475,801,3,2022-05-04,Waste of money
2253,333,1907,5,2023-07-26,Great product!
2254,508,3647,5,2024-08-20,Excellent quality
2255,59,3427,4,2022-04-09,Not as expected
2256,755,3164,4,2024-05-19,Not as expected
2257,677,743,1,2023-06-22,Highly recommend
2258,344,1104,4,2022-11-21,Would buy again
2259,216,3961,2,2022-07-13,Great product!
2260,456,2115,5,2025-06-06,"Fast delivery, good product"
2261,771,1653,5,2024-08-15,Waste of money
2262,570,2167,5,2023-09-27,Great product!
2263,426,3676,1,2025-09-12,Waste of money
2264,82,3125,5,2023-07-16,Waste of money
2265,564,3740,5,2023-10-29,Waste of money
2266,457,2630,4,2025-05-29,"Fast delivery, good product"
2267,816,1527,5,2024-02-11,Would buy again
2268,341,2264,4,2025-03-12,Not as expected
2269,849,1013,4,2023-07-15,"Fast delivery, good product"
2270,745,1209,4,2024-06-01,Highly recommend
2271,143,3883,5,2024-03-08,Would buy again
2272,460,1335,3,2025-07-10,Value for money
2273,608,2204,3,2024-11-21,Average experience
2274,726,2312,5,2022-06-29,Waste of money
2275,145,650,4,2024-08-04,Poor packaging
2276,277,2890,4,2024-07-29,Value for money
2277,113,3554,3,2022-03-13,Not as expected
2278,59,3275,1,2025-12-18,Poor packaging
2279,51,2201,1,2024-05-28,Average experience
2280,297,2358,4,2023-12-19,Not as expected
2281,221,3268,3,2022-11-11,Waste of money
2282,333,3132,3,2022-02-22,Great product!
2283,276,3527,2,2025-08-17,Excellent quality
2284,337,256,5,2024-01-11,Poor packaging
2285,221,1735,3,2024-12-03,Would buy again
2286,545,3082,2,2024-11-18,Highly recommend
2287,535,2403,4,2024-07-11,Excellent quality
2288,151,1480,4,2023-05-04,Value for money
2289,896,293,5,2022-12-19,Would buy again
2290,628,2517,4,2024-03-11,Highly recommend
2291,529,3946,5,2022-11-20,Not as expected
2292,552,2468,3,2025-08-29,Poor packaging
2293,653,1025,5,2022-01-02,Would buy again
2294,446,3273,5,2025-02-07,Poor packaging
2295,164,2722,4,2025-10-07,Waste of money
2296,273,3523,4,2025-03-08,"Fast delivery, good product"
2297,488,2613,3,2025-12-20,Great product!
2298,39,2854,3,2025-05-12,"Fast delivery, good product"
2299,293,971,5,2022-09-11,Highly recommend
2300,848,241,3,2024-07-30,Highly recommend
2301,849,3401,5,2022-02-13,Great product!
2302,448,2932,5,2022-10-10,Great product!
2303,368,2866,5,2023-12-06,Average experience
2304,92,2284,5,2023-04-03,Excellent quality
2305,232,915,4,2023-09-29,Waste of money
2306,695,2262,5,2022-10-10,Poor packaging
2307,824,3936,5,2023-09-14,Value for money
2308,343,2639,5,2022-12-06,Poor packaging
2309,557,399,3,2022-10-06,Great product!
2310,732,1258,4,2022-10-07,Waste of money
2311,183,895,2,2022-11-03,Highly recommend
2312,108,2083,2,2023-09-01,Value for money
2313,122,1079,5,2024-11-26,Highly recommend
2314,494,715,4,2023-07-31,Poor packaging
2315,442,1556,4,2025-10-23,Waste of money
2316,472,108,3,2024-01-06,Not as expected
2317,665,2577,2,2024-05-22,Waste of money
2318,837,2871,4,2025-10-16,Waste of money
2319,450,2645,2,2024-12-28,Value for money
2320,37,1188,5,2024-09-24,Would buy again
2321,834,243,4,2024-03-02,Would buy again
2322,98,3088,2,2024-06-16,Highly recommend
2323,879,979,5,2024-01-19,Would buy again
2324,3,3217,4,2022-10-29,Poor packaging
2325,772,1035,5,2023-07-03,Great product!
2326,88,1055,2,2025-12-19,Value for money
2327,251,1604,4,2023-11-09,Average experience
2328,479,2582,5,2023-06-10,Value for money
2329,173,2378,5,2025-06-15,Highly recommend
2330,424,1553,3,2024-03-30,Value for money
2331,364,3961,5,2022-04-07,Not as expected
2332,403,3292,2,2024-08-23,Great product!
2333,836,3636,4,2023-08-06,Average experience
2334,688,2688,5,2025-09-02,Would buy again
2335,191,738,5,2022-12-14,Poor packaging
2336,220,607,5,2022-09-23,Waste of money
2337,442,8,2,2025-01-07,Great product!
2338,892,2437,5,2023-09-08,Excellent quality
2339,645,3540,4,2025-06-25,Excellent quality
2340,402,3640,5,2022-12-08,Poor packaging
2341,242,3318,5,2023-04-06,Value for money
2342,358,2300,4,2023-07-28,Average experience
2343,611,358,3,2024-02-10,Value for money
2344,339,3154,3,2022-10-16,"Fast delivery, good product"
2345,407,1007,2,2024-08-15,Highly recommend
2346,18,1572,5,2023-11-27,Poor packaging
2347,748,1343,5,2022-10-16,Average experience
2348,622,1152,5,2024-12-14,"Fast delivery, good product"
2349,382,2040,5,2024-08-16,Value for money
2350,291,800,4,2022-01-16,Average experience
2351,823,2291,1,2023-05-08,Value for money
2352,594,17,4,2023-06-01,Poor packaging
2353,853,1020,3,2025-01-15,Waste of money
2354,662,3264,4,2025-08-03,Highly recommend
2355,10,1827,5,2022-07-01,Excellent quality
2356,167,1466,3,2023-12-06,Waste of money
2357,424,1570,3,2023-03-27,"Fast delivery, good product"
2358,59,3662,2,2025-06-11,Would buy again
2359,242,718,5,2023-05-23,Excellent quality
2360,822,2033,5,2025-08-25,Value for money
2361,578,1597,4,2022-07-24,Waste of money
2362,790,1946,5,2022-11-28,Highly recommend
2363,866,2993,5,2022-06-04,Excellent quality
2364,423,1522,5,2022-09-02,Great product!
2365,501,1023,5,2022-02-22,Not as expected
2366,546,889,4,2024-06-13,Value for money
2367,438,3276,3,2024-07-02,Excellent quality
2368,83,3596,3,2022-03-23,Average experience
2369,214,1261,4,2023-01-05,Great product!
2370,227,3333,1,2022-09-01,Poor packaging
2371,217,2597,4,2025-06-05,Great product!
2372,650,3049,5,2024-07-13,Average experience
2373,241,741,1,2023-09-19,Highly recommend
2374,391,3108,5,2023-03-20,Value for money
2375,721,756,4,2024-02-28,Highly recommend
2376,472,148,4,2023-02-08,Average experience
2377,104,2262,2,2024-11-07,Would buy again
2378,132,114,4,2024-08-25,Waste of money
2379,806,1932,3,2024-12-19,Not as expected
2380,170,386,5,2022-09-20,Excellent quality
2381,460,657,5,2024-02-06,Great product!
2382,6,2964,3,2023-05-20,Great product!
2383,617,3798,4,2022-03-18,Not as expected
2384,247,2162,5,2023-08-28,Poor packaging
2385,138,2512,1,2022-11-25,Would buy again
2386,561,1095,4,2022-05-05,Value for money
2387,447,3452,4,2023-11-05,Highly recommend
2388,589,3356,4,2024-04-26,Value for money
2389,138,418,2,2024-11-30,Would buy again
2390,861,414,2,2024-10-11,Great product!
2391,643,909,5,2025-02-16,Not as expected
2392,595,198,5,2024-03-26,Value for money
2393,481,1207,4,2023-10-28,Great product!
2394,654,2443,5,2025-04-02,Would buy again
2395,610,454,5,2022-12-22,Great product!
2396,454,1886,5,2022-05-15,Poor packaging
2397,245,319,3,2024-02-22,Average experience
2398,176,2919,5,2023-09-20,Highly recommend
2399,462,3132,4,2025-07-30,"Fast delivery, good product"
2400,894,3906,4,2025-12-02,Highly recommend
2401,333,898,1,2022-01-02,Would buy again
2402,735,1792,5,2025-05-27,Average experience
2403,85,2289,4,2025-08-23,Value for money
2404,361,1421,4,2024-08-28,Would buy again
2405,795,1420,5,2024-01-27,Great product!
2406,852,2366,4,2023-06-30,Waste of money
2407,410,2372,4,2022-05-20,Not as expected
2408,267,2842,5,2024-07-02,Great product!
2409,796,3501,4,2025-04-06,Not as expected
2410,317,3427,4,2025-02-20,Would buy again
2411,635,2552,3,2025-03-17,Excellent quality
2412,610,2235,4,2023-06-05,Average experience
2413,700,2572,4,2024-09-12,"Fast delivery, good product"
2414,796,2042,5,2025-10-18,Poor packaging
2415,109,1856,5,2025-03-07,Value for money
2416,627,3088,2,2023-08-21,Poor packaging
2417,115,1871,4,2024-04-15,Poor packaging
2418,701,1050,2,2022-05-15,Excellent quality
2419,134,1987,4,2022-09-05,Excellent quality
2420,503,1338,2,2022-07-15,Value for money
2421,324,2299,2,2023-05-10,Great product!
2422,658,438,4,2024-10-31,Poor packaging
2423,3,1768,3,2024-06-30,Excellent quality
2424,869,117,4,2025-04-15,Would buy again
2425,844,830,5,2024-08-19,Would buy again
2426,385,1498,5,2025-07-14,"Fast delivery, good product"
2427,814,209,4,2024-12-08,Would buy again
2428,521,1618,5,2025-10-03,Excellent quality
2429,553,1550,4,2024-11-22,Highly recommend
2430,791,2055,4,2025-08-26,Great product!
2431,216,3565,4,2024-01-21,Great product!
2432,272,641,4,2025-06-18,"Fast delivery, good product"
2433,136,2856,3,2023-09-12,Highly recommend
2434,899,241,4,2024-04-19,Great product!
2435,112,893,5,2022-10-11,Would buy again
2436,195,865,5,2025-06-28,Would buy again
2437,488,1843,5,2022-06-14,Excellent quality
2438,517,716,3,2025-12-22,Excellent quality
2439,440,3276,3,2025-02-24,Excellent quality
2440,2,3585,3,2023-04-30,Not as expected
2441,185,2559,4,2024-12-24,Value for money
2442,480,1687,3,2024-02-20,Average experience
2443,450,2661,5,2023-06-21,Great product!
2444,187,1507,4,2023-02-18,Waste of money
2445,444,3708,5,2023-11-20,Excellent quality
2446,885,3592,5,2025-01-23,Highly recommend
2447,613,3812,4,2023-03-16,Excellent quality
2448,421,2561,1,2023-02-07,Not as expected
2449,68,1809,5,2024-04-23,Waste of money
2450,18,2997,2,2024-05-18,Waste of money
2451,725,2772,3,2022-12-15,Excellent quality
2452,222,3930,5,2025-05-01,Highly recommend
2453,292,1555,4,2022-03-10,Great product!
2454,462,1766,5,2025-02-15,Would buy again
2455,200,2680,4,2022-05-06,Not as expected
2456,521,581,5,2024-09-20,Average experience
2457,259,3105,4,2025-03-20,Excellent quality
2458,773,1852,5,2022-06-13,Waste of money
2459,835,1191,1,2025-01-18,Poor packaging
2460,709,2672,3,2022-09-22,Average experience
2461,581,2481,5,2024-10-29,Average experience
2462,321,85,4,2022-11-13,"Fast delivery, good product"
2463,107,3758,5,2025-02-16,Waste of money
2464,825,3521,4,2023-01-18,Waste of money
2465,224,1584,3,2025-07-12,Average experience
2466,521,1576,4,2024-09-29,Highly recommend
2467,666,1017,5,2025-08-28,Waste of money
2468,598,877,5,2023-12-04,Poor packaging
2469,633,251,4,2022-04-30,Average experience
2470,862,1213,4,2024-03-31,Highly recommend
2471,306,1706,4,2022-05-29,Excellent quality
2472,758,741,4,2022-11-18,Value for money
2473,510,2334,4,2025-01-21,Highly recommend
2474,808,1428,5,2025-02-17,Highly recommend
2475,798,1432,4,2025-02-10,Highly recommend
2476,499,1183,4,2024-07-05,Waste of money
2477,647,1113,2,2022-02-10,Great product!
2478,633,2398,5,2022-11-19,Average experience
2479,473,3773,4,2024-01-26,Great product!
2480,104,3985,5,2023-02-15,Average experience
2481,404,3932,4,2023-05-19,Not as expected
2482,589,914,4,2025-03-09,Would buy again
2483,390,325,5,2025-10-30,"Fast delivery, good product"
2484,290,484,5,2023-03-10,"Fast delivery, good product"
2485,453,1113,3,2025-01-14,Highly recommend
2486,454,3140,4,2022-02-27,Excellent quality
2487,596,1917,4,2025-06-04,Average experience
2488,290,947,5,2022-06-04,Average experience
2489,747,2388,5,2022-06-26,Excellent quality
2490,813,1224,5,2024-05-29,Value for money
2491,215,643,5,2023-06-28,Would buy again
2492,177,1972,5,2023-03-26,Great product!
2493,858,2271,4,2022-01-26,Poor packaging
2494,160,3555,1,2025-03-31,Waste of money
2495,827,2934,1,2025-05-02,Great product!
2496,615,1811,4,2025-01-27,Average experience
2497,170,2290,2,2022-06-20,Would buy again
2498,746,1245,3,2022-10-29,"Fast delivery, good product"
2499,295,177,4,2022-01-26,Average experience
2500,642,3457,4,2025-09-07,Not as expected
2501,736,1966,1,2022-06-25,Not as expected
2502,483,783,2,2024-01-01,Not as expected
2503,884,2751,4,2023-03-20,Would buy again
2504,782,3437,5,2025-08-23,Value for money
2505,627,1426,5,2025-01-26,Would buy again
2506,749,3665,3,2025-11-25,Excellent quality
2507,765,3125,4,2022-10-28,Not as expected
2508,473,1400,4,2022-07-22,Would buy again
2509,266,2824,3,2025-07-06,"Fast delivery, good product"
2510,563,169,4,2025-02-17,Highly recommend
2511,872,2485,3,2022-07-01,Would buy again
2512,660,2760,3,2025-05-10,Would buy again
2513,472,4000,5,2025-11-09,Waste of money
2514,72,3734,4,2025-10-20,Value for money
2515,766,3785,3,2023-11-04,Great product!
2516,243,1698,3,2024-05-21,Not as expected
2517,728,1244,5,2022-01-16,Would buy again
2518,862,537,4,2022-10-16,Excellent quality
2519,310,1919,5,2025-08-11,Waste of money
2520,676,1110,5,2023-07-31,Not as expected
2521,147,2881,4,2024-04-04,Waste of money
2522,685,3020,5,2024-12-11,Not as expected
2523,148,1277,3,2023-03-11,Value for money
2524,367,1104,5,2023-04-29,"Fast delivery, good product"
2525,678,2465,5,2022-09-12,Not as expected
2526,658,3542,5,2023-08-12,Waste of money
2527,91,3215,5,2022-05-01,Value for money
2528,837,540,4,2024-11-02,Poor packaging
2529,375,1085,3,2024-11-08,Excellent quality
2530,400,150,2,2024-06-03,Would buy again
2531,880,1473,5,2022-03-10,Highly recommend
2532,334,1487,2,2024-10-26,Waste of money
2533,801,2966,4,2024-08-23,"Fast delivery, good product"
2534,366,2880,4,2024-02-11,Would buy again
2535,317,472,3,2022-10-21,Average experience
2536,564,735,1,2024-02-06,Waste of money
2537,107,746,5,2023-08-31,Excellent quality
2538,60,138,4,2025-03-29,Would buy again
2539,804,3746,4,2025-04-08,Average experience
2540,685,2967,5,2025-03-13,Not as expected
2541,894,1668,5,2023-12-03,Waste of money
2542,227,3666,5,2025-01-28,Poor packaging
2543,148,1377,1,2025-07-25,Not as expected
2544,600,3385,5,2023-01-27,Average experience
2545,510,2408,4,2022-05-26,Would buy again
2546,381,93,5,2023-08-22,Waste of money
2547,97,2222,5,2024-10-26,"Fast delivery, good product"
2548,92,3016,4,2022-12-20,Not as expected
2549,782,3561,4,2025-08-23,"Fast delivery, good product"
2550,698,2740,4,2022-07-12,"Fast delivery, good product"
2551,76,2618,4,2024-05-17,Excellent quality
2552,188,2359,3,2023-08-25,Would buy again
2553,717,2746,4,2024-09-14,Highly recommend
2554,655,2305,5,2023-04-15,Great product!
2555,875,20,5,2022-03-24,Not as expected
2556,778,1659,5,2022-05-12,Poor packaging
2557,171,2925,4,2025-05-03,Waste of money
2558,39,187,5,2023-08-07,Not as expected
2559,250,39,4,2024-03-31,Poor packaging
2560,92,1878,2,2024-02-28,Average experience
2561,896,2303,4,2025-03-11,Highly recommend
2562,266,861,5,2022-08-17,Average experience
2563,202,2276,5,2022-05-20,Value for money
2564,718,3441,5,2025-08-05,"Fast delivery, good product"
2565,742,889,3,2024-08-13,Not as expected
2566,463,1595,5,2023-06-03,Highly recommend
2567,116,2023,3,2025-07-24,Poor packaging
2568,743,1660,5,2022-07-22,Waste of money
2569,20,2655,5,2022-02-15,Not as expected
2570,235,1439,3,2024-04-29,Value for money
2571,551,417,1,2022-06-19,"Fast delivery, good product"
2572,77,3059,3,2024-05-25,Excellent quality
2573,415,2649,4,2024-03-04,Value for money
2574,660,1143,4,2023-12-02,Value for money
2575,159,2914,5,2022-08-20,Would buy again
2576,548,2762,3,2025-12-30,Waste of money
2577,48,2659,1,2025-03-19,Would buy again
2578,149,2719,3,2022-08-11,Not as expected
2579,92,18,5,2023-10-24,Great product!
2580,813,1394,4,2022-01-11,Value for money
2581,698,1061,5,2025-01-06,Waste of money
2582,707,2220,5,2025-10-27,"Fast delivery, good product"
2583,216,1854,4,2022-01-13,"Fast delivery, good product"
2584,551,3810,5,2024-05-05,Average experience
2585,71,794,4,2023-05-03,Excellent quality
2586,528,3415,5,2022-08-24,Highly recommend
2587,441,2899,5,2025-02-15,Not as expected
2588,812,771,5,2025-12-17,Excellent quality
2589,805,3359,4,2024-01-19,Average experience
2590,339,3676,3,2024-11-22,Average experience
2591,819,3836,4,2022-07-12,Average experience
2592,886,2329,4,2024-02-26,"Fast delivery, good product"
2593,613,59,4,2023-10-10,Average experience
2594,162,1987,4,2022-09-28,Excellent quality
2595,765,573,5,2025-04-13,Excellent quality
2596,540,2261,5,2023-04-10,Value for money
2597,561,3831,3,2025-03-16,Waste of money
2598,727,3545,4,2022-03-26,Great product!
2599,746,3748,5,2022-06-01,Great product!
2600,150,414,3,2025-10-02,Excellent quality
2601,599,736,1,2023-02-09,Waste of money
2602,799,1377,5,2023-08-16,"Fast delivery, good product"
2603,850,3031,5,2023-08-17,Great product!
2604,828,3589,5,2022-02-27,Excellent quality
2605,543,2139,4,2023-08-02,Value for money
2606,534,1822,5,2025-06-15,Excellent quality
2607,176,246,5,2025-09-16,Value for money
2608,94,1195,4,2025-10-03,Value for money
2609,30,2261,2,2024-10-15,Average experience
2610,25,3099,4,2024-03-07,Average experience
2611,817,1754,4,2024-12-08,Poor packaging
2612,553,1547,4,2023-12-01,Poor packaging
2613,241,3656,5,2024-08-21,Great product!
2614,872,1341,4,2025-11-08,Poor packaging
2615,638,1154,1,2025-06-12,Great product!
2616,810,2523,4,2025-02-28,Great product!
2617,722,2567,3,2022-12-31,Value for money
2618,353,3207,4,2022-11-10,Value for money
2619,669,3832,3,2023-04-01,Value for money
2620,877,1143,4,2024-06-17,Waste of money
2621,96,769,4,2024-05-15,Highly recommend
2622,62,3857,4,2024-01-28,Waste of money
2623,735,897,4,2023-09-08,Would buy again
2624,380,3199,4,2022-02-08,Waste of money
2625,286,2312,4,2024-03-21,Great product!
2626,177,838,5,2025-10-27,"Fast delivery, good product"
2627,285,2601,4,2023-08-24,Average experience
2628,877,680,5,2023-03-07,Would buy again
2629,364,573,3,2025-12-01,Excellent quality
2630,350,1478,5,2024-12-23,Poor packaging
2631,736,2176,4,2024-12-02,Waste of money
2632,760,194,3,2022-09-27,Average experience
2633,537,2650,4,2025-03-25,"Fast delivery, good product"
2634,345,521,3,2024-05-23,Highly recommend
2635,468,2519,2,2022-02-14,Value for money
2636,315,2125,2,2022-07-25,Highly recommend
2637,139,550,4,2022-05-30,Average experience
2638,128,2058,5,2024-04-30,Poor packaging
2639,754,669,5,2024-01-12,Highly recommend
2640,288,2325,3,2023-05-24,Value for money
2641,633,345,5,2024-03-14,Would buy again
2642,866,3759,4,2025-02-19,Excellent quality
2643,116,2678,5,2025-05-02,Would buy again
2644,377,966,4,2023-01-29,Poor packaging
2645,196,1917,2,2024-11-09,Average experience
2646,531,930,4,2022-10-07,Average experience
2647,552,3586,5,2025-05-12,Not as expected
2648,119,3277,4,2024-11-21,Poor packaging
2649,76,2002,4,2024-04-30,Excellent quality
2650,896,2725,5,2022-10-01,Average experience
2651,278,1824,4,2022-05-18,Value for money
2652,179,466,5,2025-09-10,Value for money
2653,431,2528,4,2025-10-26,Great product!
2654,595,2066,4,2024-02-13,Waste of money
2655,298,2222,4,2022-11-14,Highly recommend
2656,518,1197,4,2023-12-02,Value for money
2657,690,1232,4,2024-10-07,Value for money
2658,265,2143,4,2022-06-13,Waste of money
2659,777,18,4,2025-05-09,Not as expected
2660,862,3494,5,2025-02-19,Average experience
2661,859,380,5,2024-04-26,Average experience
2662,713,838,4,2023-09-29,Waste of money
2663,21,3288,4,2024-08-06,Average experience
2664,227,223,4,2023-05-18,Average experience
2665,522,3094,4,2025-12-20,Value for money
2666,593,359,5,2024-04-15,Average experience
2667,794,3176,5,2025-11-07,Highly recommend
2668,167,3112,4,2025-01-02,Waste of money
2669,535,3427,5,2024-01-11,Great product!
2670,340,765,5,2025-09-01,Great product!
2671,399,1395,5,2024-06-16,Poor packaging
2672,83,3415,4,2022-03-23,Waste of money
2673,308,3004,3,2022-02-21,Highly recommend
2674,861,3942,5,2025-06-29,Poor packaging
2675,431,2552,5,2022-07-03,Highly recommend
2676,246,185,5,2022-04-16,Value for money
2677,12,1556,5,2022-03-07,Highly recommend
2678,485,3346,2,2025-02-14,Not as expected
2679,463,3377,4,2023-05-15,Not as expected
2680,339,761,4,2022-07-26,"Fast delivery, good product"
2681,827,2862,4,2025-06-12,Value for money
2682,638,3234,4,2025-01-16,Waste of money
2683,684,1087,5,2024-06-17,Highly recommend
2684,824,2918,2,2024-05-15,Waste of money
2685,726,950,5,2022-03-14,Would buy again
2686,882,3893,4,2025-06-02,Value for money
2687,780,2743,4,2022-03-13,Average experience
2688,735,2142,4,2024-12-13,Not as expected
2689,242,3143,4,2022-02-13,Would buy again
2690,664,608,4,2023-08-02,"Fast delivery, good product"
2691,54,2776,4,2025-08-27,Excellent quality
2692,610,3437,1,2022-12-08,Great product!
2693,2,3045,4,2024-06-15,Highly recommend
2694,295,3855,5,2023-10-27,Poor packaging
2695,2,3333,5,2025-10-19,Excellent quality
2696,663,212,2,2024-11-27,Excellent quality
2697,563,183,4,2025-09-12,Waste of money
2698,233,2489,5,2025-07-29,Great product!
2699,186,3653,4,2022-10-25,Value for money
2700,584,1701,4,2022-06-04,Value for money
2701,500,3076,4,2025-08-10,Value for money
2702,859,1952,4,2024-10-10,Would buy again
2703,389,3487,4,2025-12-05,Value for money
2704,372,1945,5,2024-01-17,Not as expected
2705,378,825,5,2022-09-24,Not as expected
2706,112,2454,5,2022-05-17,Waste of money
2707,768,3932,4,2022-05-02,Poor packaging
2708,283,3931,5,2024-11-23,Would buy again
2709,351,172,5,2023-08-28,Would buy again
2710,207,1417,4,2022-06-03,Value for money
2711,416,983,5,2025-11-22,Not as expected
2712,534,3734,5,2024-03-27,Value for money
2713,696,586,5,2022-05-27,Waste of money
2714,611,2698,4,2024-08-09,Average experience
2715,9,1262,2,2022-02-14,Would buy again
2716,544,2276,5,2024-07-08,Waste of money
2717,264,2710,5,2025-03-18,Poor packaging
2718,264,1006,3,2022-08-20,"Fast delivery, good product"
2719,835,172,2,2024-05-08,Would buy again
2720,214,185,4,2022-04-28,Waste of money
2721,172,1845,5,2023-02-23,Value for money
2722,628,1034,3,2022-11-08,Highly recommend
2723,382,2226,2,2022-11-28,Value for money
2724,494,2513,5,2023-03-24,Waste of money
2725,50,398,5,2024-01-13,Great product!
2726,766,58,3,2023-06-15,Would buy again
2727,516,83,4,2025-03-14,Average experience
2728,848,3120,5,2022-02-17,"Fast delivery, good product"
2729,555,1965,4,2023-11-24,Value for money
2730,652,2546,5,2025-02-19,Waste of money
2731,707,805,4,2022-08-01,Waste of money
2732,31,3166,3,2023-12-03,Would buy again
2733,28,156,5,2024-01-07,Would buy again
2734,890,3900,4,2022-06-26,Excellent quality
2735,735,2787,4,2025-12-01,Excellent quality
2736,648,2352,5,2024-03-11,Waste of money
2737,651,3066,4,2024-07-23,Great product!
2738,107,1854,4,2022-03-22,"Fast delivery, good product"
2739,382,2151,3,2025-09-14,Excellent quality
2740,786,1945,5,2024-03-17,Waste of money
2741,855,2302,4,2022-02-10,Would buy again
2742,488,491,4,2022-04-18,Not as expected
2743,80,2713,4,2023-06-11,Not as expected
2744,92,1173,3,2025-12-13,Highly recommend
2745,388,2530,4,2025-08-07,Highly recommend
2746,254,3677,4,2024-03-23,"Fast delivery, good product"
2747,640,1522,4,2024-10-24,Waste of money
2748,54,1996,4,2023-09-06,Excellent quality
2749,649,328,4,2024-06-18,Value for money
2750,711,558,3,2024-08-19,Poor packaging
2751,432,2966,4,2022-02-04,Poor packaging
2752,180,2328,5,2025-01-15,"Fast delivery, good product"
2753,372,568,3,2024-10-26,Not as expected
2754,47,2384,4,2022-08-31,Average experience
2755,368,3251,4,2025-02-12,Not as expected
2756,381,2590,2,2024-01-27,"Fast delivery, good product"
2757,49,2093,5,2025-12-12,Value for money
2758,336,3600,3,2023-07-24,Not as expected
2759,112,2839,4,2023-10-06,Average experience
2760,113,1063,2,2023-04-09,Poor packaging
2761,189,3421,5,2025-10-21,Waste of money
2762,263,2538,5,2022-12-21,"Fast delivery, good product"
2763,124,2813,5,2022-11-01,Average experience
2764,698,248,5,2024-02-27,Great product!
2765,4,3905,5,2025-04-05,Great product!
2766,890,3776,4,2022-07-16,Poor packaging
2767,741,2999,5,2022-07-06,Not as expected
2768,210,531,5,2024-07-24,Highly recommend
2769,792,3454,4,2023-07-24,Highly recommend
2770,760,937,5,2025-07-21,Great product!
2771,417,405,2,2025-04-21,"Fast delivery, good product"
2772,278,1821,3,2023-06-10,Highly recommend
2773,735,3286,1,2022-02-14,Average experience
2774,153,1288,4,2025-06-06,Not as expected
2775,12,2934,4,2023-01-13,Highly recommend
2776,238,948,3,2023-02-17,Would buy again
2777,813,425,4,2022-04-26,Waste of money
2778,116,2493,5,2022-11-05,Not as expected
2779,74,1712,5,2024-07-04,Great product!
2780,201,2406,5,2023-02-21,Would buy again
2781,896,2708,4,2023-03-31,Waste of money
2782,297,3252,4,2024-10-23,Highly recommend
2783,761,2206,4,2023-06-12,"Fast delivery, good product"
2784,335,1668,4,2023-06-30,Excellent quality
2785,784,2173,4,2022-12-18,Average experience
2786,429,3141,4,2022-03-17,Poor packaging
2787,840,718,4,2024-06-27,Poor packaging
2788,855,1508,4,2022-08-26,Waste of money
2789,333,3056,4,2025-07-31,Great product!
2790,675,2461,1,2025-07-08,Not as expected
2791,764,1475,5,2022-09-20,Would buy again
2792,254,2358,3,2023-11-10,Value for money
2793,49,2008,4,2025-06-07,Highly recommend
2794,381,3816,1,2022-10-19,Excellent quality
2795,287,2315,5,2022-07-05,Excellent quality
2796,141,1297,5,2022-11-18,Not as expected
2797,488,1407,5,2024-01-31,Excellent quality
2798,742,689,3,2022-05-06,Not as expected
2799,834,110,2,2025-05-04,Excellent quality
2800,769,1703,3,2023-01-01,Would buy again
2801,597,3186,4,2022-07-31,Value for money
2802,590,2766,5,2023-06-25,Not as expected
2803,198,2874,3,2024-04-12,Average experience
2804,649,2522,4,2022-10-30,Excellent quality
2805,737,2875,1,2025-11-09,Not as expected
2806,23,3410,4,2025-10-09,Great product!
2807,343,2280,5,2024-04-06,Average experience
2808,864,1486,5,2025-08-20,"Fast delivery, good product"
2809,642,2009,3,2024-11-10,Not as expected
2810,83,687,4,2024-02-27,"Fast delivery, good product"
2811,355,2635,5,2025-05-05,Excellent quality
2812,795,3309,5,2025-01-12,Excellent quality
2813,764,886,3,2022-04-17,Highly recommend
2814,898,3644,4,2023-04-23,Great product!
2815,350,3545,2,2023-05-16,Waste of money
2816,847,1721,5,2025-07-16,"Fast delivery, good product"
2817,355,1173,4,2024-04-04,Value for money
2818,38,3709,5,2025-04-19,Waste of money
2819,342,1012,4,2024-11-19,Would buy again
2820,662,1112,4,2024-10-21,Average experience
2821,329,1537,4,2024-05-29,Value for money
2822,83,3678,3,2023-06-14,Would buy again
2823,432,3658,5,2022-04-17,Great product!
2824,511,2254,3,2023-10-14,Poor packaging
2825,332,1022,5,2025-11-01,Excellent quality
2826,300,530,5,2023-11-05,Average experience
2827,828,657,4,2025-02-16,Poor packaging
2828,475,3773,5,2023-12-05,Would buy again
2829,778,1499,5,2023-07-06,Excellent quality
2830,82,531,1,2025-06-13,Great product!
2831,828,1056,2,2025-01-11,Excellent quality
2832,153,1452,5,2025-12-31,Waste of money
2833,481,1175,1,2025-11-13,Waste of money
2834,590,3702,3,2024-09-17,Not as expected
2835,103,1485,5,2023-12-16,Value for money
2836,208,671,4,2022-03-31,Would buy again
2837,794,526,3,2022-08-24,Highly recommend
2838,450,646,5,2022-06-18,"Fast delivery, good product"
2839,71,1169,3,2023-12-13,Average experience
2840,620,142,3,2025-07-17,Excellent quality
2841,232,1411,4,2023-12-16,Poor packaging
2842,692,2465,2,2023-09-15,Average experience
2843,135,3683,4,2022-08-26,Would buy again
2844,61,3747,4,2025-11-15,Average experience
2845,809,2759,4,2024-07-13,Great product!
2846,854,1767,5,2025-02-07,Value for money
2847,243,956,5,2024-04-23,Would buy again
2848,791,1095,5,2024-03-17,"Fast delivery, good product"
2849,638,1117,4,2022-02-13,Waste of money
2850,49,2448,3,2023-08-19,Value for money
2851,164,2875,5,2024-08-13,Value for money
2852,503,1943,4,2025-02-09,Poor packaging
2853,161,2234,1,2025-05-14,Not as expected
2854,773,1489,5,2023-10-15,Highly recommend
2855,536,262,5,2023-05-09,Waste of money
2856,330,2448,5,2022-09-06,Excellent quality
2857,677,453,5,2024-12-26,Highly recommend
2858,143,2986,5,2024-01-12,"Fast delivery, good product"
2859,162,1111,3,2024-07-01,Excellent quality
2860,130,299,4,2022-01-15,Highly recommend
2861,447,1552,4,2025-07-04,Waste of money
2862,724,3477,3,2025-05-19,Excellent quality
2863,838,3855,1,2024-01-08,Poor packaging
2864,685,2641,5,2025-01-10,Average experience
2865,328,2896,2,2023-08-17,Great product!
2866,891,989,5,2025-04-15,Poor packaging
2867,720,2939,5,2023-08-07,Excellent quality
2868,867,1252,4,2023-10-25,Value for money
2869,429,995,5,2023-01-09,Value for money
2870,15,333,4,2024-01-10,"Fast delivery, good product"
2871,627,2245,5,2022-04-14,"Fast delivery, good product"
2872,851,800,2,2022-08-01,Would buy again
2873,9,1589,5,2025-08-29,"Fast delivery, good product"
2874,441,2884,5,2023-10-04,Value for money
2875,859,2770,4,2024-11-23,Average experience
2876,198,2411,2,2022-03-11,Would buy again
2877,849,3805,1,2022-05-27,Average experience
2878,681,546,4,2024-12-17,Great product!
2879,858,324,5,2025-02-08,Average experience
2880,419,1514,5,2024-03-13,Would buy again
2881,140,3631,4,2025-04-17,Not as expected
2882,346,1813,4,2024-09-17,Would buy again
2883,417,2980,5,2022-08-05,Waste of money
2884,274,653,4,2024-09-26,Average experience
2885,833,3772,5,2022-01-19,Would buy again
2886,466,3227,3,2023-12-31,Excellent quality
2887,513,1503,5,2022-05-29,Not as expected
2888,235,3665,5,2024-09-15,Great product!
2889,82,3441,5,2024-07-27,Great product!
2890,83,2160,4,2025-07-16,Average experience
2891,563,3744,5,2025-09-22,Highly recommend
2892,627,1052,5,2023-03-17,Would buy again
2893,742,678,5,2023-03-28,Poor packaging
2894,536,137,2,2022-09-14,Would buy again
2895,765,3051,1,2025-12-08,Excellent quality
2896,478,3426,4,2025-08-28,Average experience
2897,831,3274,5,2024-01-05,Waste of money
2898,693,2765,4,2023-05-17,Great product!
2899,334,592,4,2022-08-22,Poor packaging
2900,487,3285,5,2023-02-23,Average experience
2901,104,2571,5,2023-04-25,Poor packaging
2902,564,988,4,2022-12-20,Great product!
2903,802,2529,4,2024-01-17,Would buy again
2904,831,3339,5,2025-07-30,"Fast delivery, good product"
2905,47,3620,5,2023-05-27,Great product!
2906,81,387,5,2022-02-21,Excellent quality
2907,819,3981,5,2024-11-21,Not as expected
2908,597,1675,4,2023-09-22,Value for money
2909,329,3453,5,2023-07-19,Not as expected
2910,673,2759,4,2025-01-13,Average experience
2911,6,821,5,2023-02-02,Value for money
2912,756,932,5,2023-06-02,Not as expected
2913,550,1922,5,2024-11-20,"Fast delivery, good product"
2914,24,2608,5,2023-06-23,Value for money
2915,473,2132,5,2023-08-19,Poor packaging
2916,379,782,3,2022-12-19,Poor packaging
2917,113,909,3,2025-06-11,"Fast delivery, good product"
2918,264,1491,5,2025-12-14,Not as expected
2919,165,352,5,2022-01-05,Not as expected
2920,575,268,4,2022-07-21,Poor packaging
2921,360,1251,5,2024-01-14,"Fast delivery, good product"
2922,116,1825,5,2022-04-16,Poor packaging
2923,458,1539,4,2022-01-25,Excellent quality
2924,409,240,5,2022-09-15,"Fast delivery, good product"
2925,528,3567,5,2022-06-14,Value for money
2926,39,2281,5,2022-02-12,Value for money
2927,884,1551,4,2024-12-11,Not as expected
2928,523,1243,4,2025-02-08,Would buy again
2929,400,1715,5,2022-11-05,Great product!
2930,133,1887,5,2024-04-14,Waste of money
2931,215,1334,4,2022-01-10,"Fast delivery, good product"
2932,599,501,1,2023-11-03,Would buy again
2933,529,2230,2,2022-11-28,"Fast delivery, good product"
2934,266,989,5,2025-12-05,Average experience
2935,728,532,5,2025-07-23,Great product!
2936,785,3238,5,2022-01-05,Value for money
2937,19,2640,5,2024-04-03,Value for money
2938,579,3265,2,2024-10-07,Poor packaging
2939,65,760,5,2023-07-14,Would buy again
2940,747,3915,5,2023-01-10,Great product!
2941,854,316,5,2023-07-16,Average experience
2942,453,3033,5,2023-10-13,"Fast delivery, good product"
2943,189,516,3,2024-03-18,Value for money
2944,224,33,5,2025-09-23,Not as expected
2945,807,2771,5,2024-01-18,Would buy again
2946,69,3450,5,2023-06-27,Excellent quality
2947,429,2488,4,2024-01-18,"Fast delivery, good product"
2948,191,3899,5,2022-10-11,Highly recommend
2949,313,3434,3,2022-08-24,Great product!
2950,118,3056,5,2023-03-23,Great product!
2951,724,1878,4,2022-10-22,Would buy again
2952,199,692,4,2024-12-04,Value for money
2953,471,67,4,2024-12-14,Value for money
2954,888,3574,5,2023-02-07,Value for money
2955,279,110,4,2022-11-03,"Fast delivery, good product"
2956,729,2829,5,2024-10-17,Excellent quality
2957,190,634,3,2024-11-30,Not as expected
2958,428,2745,5,2025-11-05,Value for money
2959,536,1691,4,2023-09-22,Highly recommend
2960,88,1503,5,2022-07-06,Great product!
2961,191,614,1,2023-04-26,Would buy again
2962,477,515,4,2025-06-15,Not as expected
2963,215,2681,5,2022-08-17,Average experience
2964,261,3693,4,2023-12-29,Value for money
2965,677,863,4,2024-11-19,Not as expected
2966,53,1701,1,2022-12-23,Would buy again
2967,760,2663,5,2025-05-19,Poor packaging
2968,299,2036,3,2024-09-12,Average experience
2969,249,524,5,2025-10-19,Average experience
2970,595,337,5,2025-07-22,Value for money
2971,416,303,5,2022-05-12,Great product!
2972,175,419,4,2024-12-19,"Fast delivery, good product"
2973,399,3007,5,2024-10-23,Great product!
2974,750,3802,1,2024-01-07,Highly recommend
2975,607,946,1,2023-06-17,Not as expected
2976,654,2116,4,2025-05-08,Excellent quality
2977,521,1105,4,2025-04-30,Highly recommend
2978,490,3293,4,2022-05-16,Value for money
2979,3,1428,4,2025-03-08,Highly recommend
2980,353,2210,1,2024-05-24,Great product!
2981,109,3247,5,2025-08-24,Not as expected
2982,624,626,5,2022-06-08,Poor packaging
2983,854,1326,3,2025-08-18,Value for money
2984,765,144,3,2024-12-24,Excellent quality
2985,428,336,4,2022-03-22,"Fast delivery, good product"
2986,566,1708,5,2023-08-10,Not as expected
2987,730,1353,4,2025-08-13,"Fast delivery, good product"
2988,809,423,5,2024-06-08,Highly recommend
2989,803,2421,5,2025-05-05,Value for money
2990,148,3771,2,2023-03-20,Waste of money
2991,795,2850,4,2025-11-04,Value for money
2992,596,2845,3,2022-02-17,Average experience
2993,268,981,2,2024-04-10,Waste of money
2994,758,1955,4,2022-09-18,Would buy again
2995,752,2977,5,2025-10-13,Value for money
2996,421,2056,3,2022-06-02,"Fast delivery, good product"
2997,258,3871,1,2022-10-22,Highly recommend
2998,408,567,4,2024-07-13,Value for money
2999,248,3373,5,2022-04-23,Not as expected
3000,182,150,5,2023-03-15,Not as expected
3001,838,3539,3,2024-02-04,Excellent quality
3002,702,167,5,2022-03-02,Average experience
3003,656,1935,2,2023-10-22,Average experience
3004,379,616,4,2023-03-10,Not as expected
3005,134,3351,5,2025-11-18,Great product!
3006,75,3784,2,2025-03-15,Value for money
3007,630,1501,4,2024-05-08,"Fast delivery, good product"
3008,33,1860,3,2022-05-03,Excellent quality
3009,11,1500,3,2024-03-08,Poor packaging
3010,866,2051,5,2025-11-15,Great product!
3011,124,3249,4,2022-07-11,Would buy again
3012,723,3967,4,2023-12-31,Excellent quality
3013,520,2614,2,2022-08-14,Not as expected
3014,66,3337,4,2025-10-02,"Fast delivery, good product"
3015,814,637,4,2022-08-27,Poor packaging
3016,811,3089,5,2023-11-29,Highly recommend
3017,84,2500,3,2025-11-07,Not as expected
3018,580,2574,4,2025-07-15,Waste of money
3019,71,1647,4,2022-02-13,Would buy again
3020,635,19,5,2025-04-28,Poor packaging
3021,595,1515,4,2024-05-06,Average experience
3022,595,2164,3,2025-02-28,Great product!
3023,116,941,3,2022-04-11,Would buy again
3024,580,3600,4,2024-05-05,"Fast delivery, good product"
3025,492,2311,5,2025-03-14,Great product!
3026,787,1798,5,2024-06-03,"Fast delivery, good product"
3027,311,531,4,2022-07-11,Average experience
3028,673,1064,2,2022-11-20,Poor packaging
3029,10,3932,5,2023-09-28,Average experience
3030,871,2730,1,2024-03-20,Highly recommend
3031,440,2251,5,2022-08-29,"Fast delivery, good product"
3032,184,760,3,2025-09-24,Waste of money
3033,616,3252,4,2022-06-10,Poor packaging
3034,685,281,3,2023-03-09,Great product!
3035,553,2324,3,2023-03-14,Waste of money
3036,636,1118,3,2025-11-04,"Fast delivery, good product"
3037,818,3494,3,2023-02-04,Great product!
3038,890,127,3,2023-05-06,Would buy again
3039,569,157,3,2025-12-30,"Fast delivery, good product"
3040,761,625,5,2025-10-27,Excellent quality
3041,407,2230,4,2025-09-23,Excellent quality
3042,399,2578,5,2024-03-17,Excellent quality
3043,729,1669,1,2023-10-03,Average experience
3044,423,3044,5,2025-12-13,Average experience
3045,344,3139,2,2025-09-06,Value for money
3046,880,2341,4,2025-10-13,Excellent quality
3047,18,2820,4,2022-11-25,Value for money
3048,214,1315,2,2023-12-05,"Fast delivery, good product"
3049,718,855,5,2025-01-20,Great product!
3050,892,765,4,2024-06-02,Would buy again
3051,840,3798,3,2024-05-04,Not as expected
3052,48,2965,5,2022-10-21,"Fast delivery, good product"
3053,498,2664,2,2023-03-20,Average experience
3054,84,2258,5,2024-02-28,Poor packaging
3055,40,3628,4,2025-07-13,Would buy again
3056,525,2143,5,2023-09-04,Great product!
3057,599,1527,5,2022-05-17,Waste of money
3058,823,721,5,2022-12-21,Excellent quality
3059,223,2803,3,2024-11-17,Poor packaging
3060,502,2307,4,2024-09-21,Average experience
3061,665,1432,5,2024-12-25,Not as expected
3062,526,309,4,2022-02-21,Highly recommend
3063,783,2220,2,2022-05-23,"Fast delivery, good product"
3064,326,3093,4,2024-05-04,Highly recommend
3065,588,956,5,2025-01-21,Value for money
3066,143,3614,4,2025-12-09,Poor packaging
3067,19,1569,5,2024-07-15,Would buy again
3068,637,2347,1,2023-10-31,"Fast delivery, good product"
3069,401,446,2,2024-01-11,"Fast delivery, good product"
3070,754,3313,4,2024-08-12,Great product!
3071,782,546,4,2024-04-06,"Fast delivery, good product"
3072,676,3482,4,2025-06-30,Waste of money
3073,502,2649,1,2025-01-31,Highly recommend
3074,741,2111,4,2023-11-09,Excellent quality
3075,562,1857,5,2022-02-25,Great product!
3076,566,3216,4,2024-04-10,Highly recommend
3077,534,3003,4,2022-01-11,Average experience
3078,473,1101,3,2024-08-23,Would buy again
3079,62,3390,2,2024-05-27,Excellent quality
3080,408,1941,2,2023-03-21,Great product!
3081,673,1316,4,2023-08-14,Poor packaging
3082,398,1793,4,2022-09-07,Would buy again
3083,128,2318,1,2022-07-30,Not as expected
3084,210,3670,4,2024-04-21,Value for money
3085,290,1093,3,2023-07-08,Excellent quality
3086,711,3610,4,2022-05-30,Great product!
3087,92,3090,5,2022-10-10,Highly recommend
3088,177,3336,3,2022-04-24,Great product!
3089,268,2198,1,2023-03-30,Excellent quality
3090,28,923,5,2024-04-03,Value for money
3091,671,2549,2,2022-07-25,Would buy again
3092,92,1678,3,2022-08-27,Waste of money
3093,94,2083,5,2024-07-19,Not as expected
3094,418,2416,4,2024-05-22,Poor packaging
3095,568,2706,5,2024-04-24,Excellent quality
3096,699,1659,5,2024-03-21,Highly recommend
3097,488,2701,4,2022-04-22,Excellent quality
3098,688,2969,5,2022-07-04,Excellent quality
3099,113,113,5,2024-04-03,Highly recommend
3100,56,1389,5,2024-10-06,"Fast delivery, good product"
3101,20,1381,5,2024-10-28,Poor packaging
3102,321,3695,5,2022-06-09,Great product!
3103,292,2365,1,2022-01-17,Average experience
3104,838,3815,4,2022-03-20,Not as expected
3105,759,475,4,2023-06-21,Not as expected
3106,129,1950,5,2023-01-14,Waste of money
3107,276,1775,1,2024-10-27,Poor packaging
3108,262,2444,4,2024-05-05,Excellent quality
3109,577,2520,3,2022-10-30,Highly recommend
3110,254,1942,5,2024-05-16,Highly recommend
3111,88,2833,4,2025-04-28,Not as expected
3112,281,28,4,2024-01-24,Not as expected
3113,128,3417,5,2022-04-01,Waste of money
3114,210,2301,4,2022-11-18,Excellent quality
3115,798,1633,4,2022-03-16,Highly recommend
3116,601,3065,4,2022-12-19,Highly recommend
3117,876,563,2,2025-12-21,Great product!
3118,41,3931,5,2025-06-23,Not as expected
3119,747,47,5,2025-11-24,Waste of money
3120,677,3271,3,2025-03-18,Not as expected
3121,62,21,4,2022-06-06,Excellent quality
3122,179,1370,4,2022-09-30,Would buy again
3123,777,2832,3,2022-12-16,Highly recommend
3124,621,3174,4,2023-12-14,Not as expected
3125,868,224,4,2024-09-10,Average experience
3126,526,2943,3,2024-08-30,Not as expected
3127,591,657,5,2025-08-26,"Fast delivery, good product"
3128,73,2372,5,2024-08-17,Poor packaging
3129,691,452,4,2024-06-30,Not as expected
3130,593,3984,1,2022-11-19,Average experience
3131,577,1393,4,2024-01-26,Value for money
3132,570,356,4,2022-08-11,Excellent quality
3133,670,3927,4,2022-01-01,Excellent quality
3134,471,425,4,2024-12-15,"Fast delivery, good product"
3135,464,1890,4,2023-06-22,Poor packaging
3136,618,1668,5,2024-11-08,"Fast delivery, good product"
3137,238,3857,3,2024-04-12,Value for money
3138,462,1253,3,2024-08-15,Poor packaging
3139,80,3541,5,2024-10-14,Excellent quality
3140,857,3884,5,2022-09-10,Highly recommend
3141,406,3052,4,2023-10-19,Excellent quality
3142,474,93,4,2024-08-21,Value for money
3143,497,1930,4,2023-12-07,Poor packaging
3144,593,2710,5,2024-10-16,Not as expected
3145,322,3604,5,2025-11-01,Excellent quality
3146,781,421,5,2025-12-05,Excellent quality
3147,34,714,4,2022-06-09,"Fast delivery, good product"
3148,513,959,5,2024-06-12,Waste of money
3149,368,2509,4,2025-01-24,Waste of money
3150,637,3650,3,2023-11-19,Excellent quality
3151,576,395,1,2023-03-21,Excellent quality
3152,98,1628,5,2023-06-19,Poor packaging
3153,429,459,4,2025-01-01,Highly recommend
3154,187,1335,4,2022-01-15,Not as expected
3155,170,1390,2,2025-04-17,Waste of money
3156,866,3140,4,2023-04-27,Waste of money
3157,403,1683,4,2024-05-18,Not as expected
3158,491,156,3,2022-08-23,Would buy again
3159,486,3614,3,2025-11-06,Would buy again
3160,606,3169,1,2024-11-09,"Fast delivery, good product"
3161,522,1084,4,2023-02-27,Would buy again
3162,884,2923,5,2024-10-31,Not as expected
3163,295,13,5,2023-01-29,Poor packaging
3164,631,2969,5,2022-08-21,Waste of money
3165,781,1864,5,2022-04-08,"Fast delivery, good product"
3166,378,3071,4,2024-12-19,Waste of money
3167,446,3722,5,2022-01-08,Not as expected
3168,151,1200,1,2022-10-26,Would buy again
3169,868,42,1,2023-01-10,Average experience
3170,216,929,5,2024-09-20,Would buy again
3171,876,2163,5,2022-05-11,Average experience
3172,59,337,4,2024-01-27,Not as expected
3173,628,2635,5,2023-12-14,Not as expected
3174,876,3388,1,2022-04-25,Would buy again
3175,22,3273,4,2022-12-16,Value for money
3176,42,805,2,2024-12-04,Excellent quality
3177,596,1501,1,2024-07-13,Waste of money
3178,322,1328,4,2025-12-11,"Fast delivery, good product"
3179,302,2355,5,2025-07-06,Great product!
3180,810,3564,3,2024-09-25,Poor packaging
3181,568,3113,5,2022-03-23,Waste of money
3182,690,80,5,2025-02-15,Waste of money
3183,674,3485,4,2023-04-22,Poor packaging
3184,180,1101,4,2023-06-01,Average experience
3185,245,667,5,2024-04-03,Waste of money
3186,767,1540,4,2022-10-17,Value for money
3187,249,805,4,2025-03-21,Highly recommend
3188,346,1656,5,2025-04-02,Great product!
3189,491,3075,5,2025-03-05,Waste of money
3190,723,40,3,2025-01-30,Average experience
3191,771,3039,4,2025-01-24,Waste of money
3192,664,2367,1,2023-09-26,Highly recommend
3193,712,3513,5,2025-09-19,Would buy again
3194,401,2354,5,2023-02-12,Great product!
3195,763,3449,2,2025-02-25,Highly recommend
3196,117,390,2,2024-11-08,"Fast delivery, good product"
3197,490,660,3,2022-05-13,Waste of money
3198,237,2114,4,2023-05-24,Average experience
3199,59,2346,1,2023-04-24,Waste of money
3200,768,3523,5,2022-10-25,Not as expected
3201,54,3979,4,2022-08-01,Average experience
3202,139,2739,4,2022-10-03,Would buy again
3203,813,926,5,2022-09-30,Would buy again
3204,149,2938,3,2025-03-07,Not as expected
3205,673,2105,4,2024-11-21,Waste of money
3206,175,2525,4,2023-01-30,Would buy again
3207,724,3905,4,2022-08-07,Value for money
3208,534,2479,5,2025-03-24,"Fast delivery, good product"
3209,284,3820,5,2025-08-23,Would buy again
3210,249,974,4,2022-04-10,Would buy again
3211,169,2154,5,2023-10-17,Average experience
3212,89,472,2,2024-06-22,Not as expected
3213,493,90,3,2025-09-02,Poor packaging
3214,475,3679,3,2023-05-16,Great product!
3215,40,1239,4,2024-08-14,Waste of money
3216,370,844,5,2024-08-21,Waste of money
3217,532,140,4,2022-02-26,Highly recommend
3218,368,1451,4,2023-05-07,Not as expected
3219,143,3275,3,2025-06-10,Waste of money
3220,505,1781,5,2023-11-12,Not as expected
3221,728,1897,5,2024-12-02,Great product!
3222,843,1688,3,2024-01-01,Would buy again
3223,846,543,5,2022-05-18,Value for money
3224,238,3437,3,2022-02-27,"Fast delivery, good product"
3225,3,3350,3,2025-07-21,"Fast delivery, good product"
3226,860,3177,1,2023-04-20,Poor packaging
3227,837,1984,3,2025-07-30,Poor packaging
3228,45,314,1,2025-09-12,Average experience
3229,89,2820,3,2024-09-16,Highly recommend
3230,400,2415,5,2025-03-04,"Fast delivery, good product"
3231,267,327,4,2023-01-01,"Fast delivery, good product"
3232,798,3492,4,2024-11-07,Excellent quality
3233,874,3643,5,2024-10-09,Average experience
3234,307,3161,4,2023-10-08,Not as expected
3235,201,50,2,2024-07-10,Waste of money
3236,643,112,4,2023-02-16,"Fast delivery, good product"
3237,305,2538,2,2022-11-05,Average experience
3238,446,807,5,2023-12-09,Great product!
3239,646,2316,3,2024-02-12,Average experience
3240,174,3105,4,2025-03-23,Waste of money
3241,397,475,5,2023-10-01,Value for money
3242,621,1059,5,2023-04-08,Highly recommend
3243,757,505,3,2024-01-01,Would buy again
3244,617,686,4,2022-05-03,Not as expected
3245,538,611,3,2025-08-29,Great product!
3246,859,1117,5,2023-03-09,Highly recommend
3247,879,324,4,2025-01-12,Average experience
3248,896,2727,2,2025-10-16,Poor packaging
3249,436,787,2,2024-11-15,Waste of money
3250,801,1780,5,2022-11-11,Value for money
3251,791,1629,4,2025-03-06,"Fast delivery, good product"
3252,282,3683,4,2024-07-06,Poor packaging
3253,174,3345,4,2023-05-12,Poor packaging
3254,318,3815,4,2023-12-14,Great product!
3255,207,1148,4,2025-12-29,Poor packaging
3256,465,3707,1,2022-12-18,Highly recommend
3257,422,397,5,2023-08-29,"Fast delivery, good product"
3258,401,519,5,2024-04-20,Would buy again
3259,723,1933,5,2022-06-19,Not as expected
3260,702,3284,5,2023-03-14,"Fast delivery, good product"
3261,312,1922,4,2023-10-14,Poor packaging
3262,639,3708,4,2025-10-24,Average experience
3263,204,3621,5,2023-11-04,Great product!
3264,237,3896,5,2025-07-29,Not as expected
3265,386,2308,3,2024-06-11,Would buy again
3266,746,625,3,2025-01-21,Excellent quality
3267,632,988,4,2023-10-23,Poor packaging
3268,398,3398,4,2024-09-02,Poor packaging
3269,775,3355,5,2025-08-10,Average experience
3270,286,2494,5,2024-08-25,Waste of money
3271,75,3247,3,2023-01-18,Not as expected
3272,497,2658,5,2025-03-11,Poor packaging
3273,771,862,5,2025-10-15,Value for money
3274,753,3848,5,2025-06-30,"Fast delivery, good product"
3275,686,3129,4,2025-01-11,Highly recommend
3276,311,1998,5,2024-01-27,Average experience
3277,570,3209,4,2023-11-16,Highly recommend
3278,584,2919,5,2023-09-13,Poor packaging
3279,242,1807,4,2025-10-05,Value for money
3280,609,1589,3,2024-12-05,Would buy again
3281,590,769,5,2025-01-19,Would buy again
3282,325,95,5,2025-12-11,Value for money
3283,106,684,5,2025-04-24,Not as expected
3284,169,3303,1,2023-11-15,Poor packaging
3285,533,3829,4,2022-12-21,Poor packaging
3286,301,1630,3,2025-12-04,Great product!
3287,133,2174,4,2024-01-05,Average experience
3288,90,3875,5,2025-08-04,Would buy again
3289,414,778,3,2025-06-16,"Fast delivery, good product"
3290,647,2803,4,2022-12-18,Poor packaging
3291,820,2913,5,2023-05-01,Highly recommend
3292,892,671,5,2024-03-19,Waste of money
3293,712,2495,5,2025-07-20,Would buy again
3294,852,3218,1,2022-02-15,Excellent quality
3295,5,3543,4,2022-10-22,Great product!
3296,84,739,5,2022-12-05,Excellent quality
3297,519,2132,4,2025-04-06,Average experience
3298,263,589,4,2025-07-09,Highly recommend
3299,385,1397,4,2025-04-19,Average experience
3300,429,1553,4,2022-08-12,Average experience
3301,520,333,5,2023-05-22,Waste of money
3302,446,2222,5,2024-08-04,Average experience
3303,674,3409,4,2025-10-30,Waste of money
3304,351,2722,5,2025-11-30,"Fast delivery, good product"
3305,260,31,3,2024-03-06,"Fast delivery, good product"
3306,632,1001,5,2023-07-20,Great product!
3307,432,104,4,2025-01-18,Not as expected
3308,890,2298,4,2024-12-29,Value for money
3309,41,3906,4,2024-01-10,Poor packaging
3310,351,1607,5,2022-12-09,Value for money
3311,660,1381,4,2024-11-24,Excellent quality
3312,531,3247,4,2024-02-20,Poor packaging
3313,869,3314,2,2025-05-17,Highly recommend
3314,394,2660,4,2022-03-22,Would buy again
3315,447,3132,5,2025-03-21,Great product!
3316,583,3049,4,2022-12-15,Not as expected
3317,99,2805,2,2022-11-22,Value for money
3318,329,1584,1,2024-08-09,Not as expected
3319,476,2975,3,2022-08-21,Excellent quality
3320,804,2085,4,2023-03-15,Great product!
3321,290,2991,5,2025-01-17,Great product!
3322,399,3444,5,2025-07-19,Excellent quality
3323,643,557,3,2024-10-15,Waste of money
3324,45,1020,1,2022-01-09,Value for money
3325,757,3959,4,2024-05-15,Highly recommend
3326,564,2850,4,2022-08-25,Great product!
3327,862,2056,3,2025-09-28,Not as expected
3328,255,735,5,2022-04-13,"Fast delivery, good product"
3329,660,465,3,2024-08-19,Great product!
3330,820,822,2,2024-09-03,Would buy again
3331,850,3012,5,2022-11-10,Excellent quality
3332,131,2851,4,2025-11-02,Poor packaging
3333,619,2597,4,2022-09-15,Poor packaging
3334,411,3832,5,2022-07-27,"Fast delivery, good product"
3335,144,1291,1,2022-01-07,Value for money
3336,788,1517,4,2023-02-02,Great product!
3337,767,2947,5,2023-06-15,"Fast delivery, good product"
3338,827,3481,3,2024-11-03,Excellent quality
3339,46,2210,1,2023-06-07,Highly recommend
3340,366,646,4,2022-05-23,Not as expected
3341,792,1981,4,2025-02-10,Excellent quality
3342,325,2792,3,2023-11-17,Highly recommend
3343,325,43,5,2025-12-17,Average experience
3344,399,1074,1,2023-12-16,Waste of money
3345,411,1595,4,2024-04-18,"Fast delivery, good product"
3346,666,3951,5,2025-12-01,Not as expected
3347,388,2949,1,2024-08-28,Waste of money
3348,845,2138,5,2025-10-13,Excellent quality
3349,793,1420,5,2022-08-09,Great product!
3350,562,378,5,2023-01-12,"Fast delivery, good product"
3351,187,2987,3,2024-02-23,Value for money
3352,199,626,4,2022-12-25,Average experience
3353,556,2765,4,2024-05-30,Average experience
3354,220,774,2,2025-03-04,Poor packaging
3355,773,2370,4,2024-01-06,Great product!
3356,351,3651,5,2024-04-19,Value for money
3357,472,264,4,2024-05-30,Would buy again
3358,896,3002,3,2025-01-07,Would buy again
3359,724,2506,4,2024-08-04,Highly recommend
3360,828,1597,4,2024-12-25,Great product!
3361,604,2874,4,2022-04-19,Value for money
3362,130,2931,4,2022-01-17,Excellent quality
3363,492,3880,5,2023-10-06,Value for money
3364,609,460,4,2025-05-21,Great product!
3365,638,3093,4,2023-04-16,Not as expected
3366,449,710,2,2024-01-13,Poor packaging
3367,111,1601,4,2023-10-18,Waste of money
3368,138,852,5,2023-08-08,Not as expected
3369,302,1901,5,2025-11-01,Would buy again
3370,490,2903,5,2024-08-01,Waste of money
3371,685,2707,5,2024-03-27,"Fast delivery, good product"
3372,100,1544,5,2025-01-15,Would buy again
3373,177,1003,4,2024-03-14,Great product!
3374,160,3710,4,2024-08-04,Great product!
3375,865,918,3,2024-09-21,"Fast delivery, good product"
3376,650,2066,4,2025-12-19,"Fast delivery, good product"
3377,74,58,3,2024-12-04,Average experience
3378,503,6,2,2024-01-02,"Fast delivery, good product"
3379,739,3909,5,2023-01-16,"Fast delivery, good product"
3380,91,487,5,2024-04-18,Would buy again
3381,806,2374,3,2023-08-02,Great product!
3382,788,2392,1,2022-01-02,"Fast delivery, good product"
3383,152,307,5,2025-09-11,Great product!
3384,897,3454,5,2023-09-09,"Fast delivery, good product"
3385,183,778,4,2024-05-08,Highly recommend
3386,567,2031,4,2022-12-16,Excellent quality
3387,278,90,2,2025-05-22,Poor packaging
3388,827,1117,2,2022-09-26,Waste of money
3389,728,615,3,2023-11-11,Value for money
3390,234,1641,5,2025-11-22,Great product!
3391,640,122,4,2024-02-20,Not as expected
3392,400,1542,4,2023-05-09,Great product!
3393,273,3356,3,2023-10-14,Excellent quality
3394,294,1970,5,2024-10-23,Excellent quality
3395,540,2330,5,2024-01-22,Highly recommend
3396,453,2571,4,2023-11-21,Poor packaging
3397,858,919,5,2023-02-18,Poor packaging
3398,755,1176,4,2024-05-19,Great product!
3399,29,3901,5,2025-08-24,Not as expected
3400,491,3445,5,2025-06-24,"Fast delivery, good product"
3401,320,1698,4,2023-05-26,Highly recommend
3402,851,1158,3,2024-07-12,Highly recommend
3403,874,2667,2,2025-02-16,Highly recommend
3404,430,2196,5,2024-03-04,Poor packaging
3405,533,148,4,2024-04-21,Would buy again
3406,499,2832,5,2024-06-11,Would buy again
3407,490,1602,4,2025-02-26,Waste of money
3408,477,313,1,2022-09-06,Poor packaging
3409,630,3810,5,2023-12-05,Would buy again
3410,521,2095,5,2025-05-02,Poor packaging
3411,684,1115,5,2022-05-24,Not as expected
3412,849,1577,3,2022-01-05,Waste of money
3413,826,3259,1,2022-05-21,Poor packaging
3414,157,455,4,2025-05-28,Poor packaging
3415,860,2679,3,2024-08-30,Highly recommend
3416,258,346,5,2023-03-11,Poor packaging
3417,146,1362,5,2022-01-16,Highly recommend
3418,269,2445,5,2024-03-27,Excellent quality
3419,108,3512,4,2023-05-22,Excellent quality
3420,864,2976,5,2024-03-05,Average experience
3421,291,2095,5,2022-06-21,Waste of money
3422,124,1763,4,2022-05-22,Great product!
3423,513,1660,3,2023-06-15,Excellent quality
3424,354,158,5,2022-07-23,Poor packaging
3425,574,1141,3,2022-04-01,Value for money
3426,70,2680,3,2024-09-17,Average experience
3427,377,1811,4,2024-10-15,"Fast delivery, good product"
3428,640,352,3,2025-05-21,Great product!
3429,92,2942,1,2023-07-30,Great product!
3430,243,3045,5,2024-09-18,Poor packaging
3431,636,3959,4,2022-02-25,Average experience
3432,844,1710,5,2023-09-26,Poor packaging
3433,206,891,4,2022-01-01,Waste of money
3434,735,1338,3,2022-05-05,Would buy again
3435,877,326,4,2022-10-07,Not as expected
3436,438,3963,3,2025-08-15,Value for money
3437,546,1496,4,2025-12-28,Average experience
3438,300,2910,4,2024-03-20,Would buy again
3439,589,3087,4,2023-09-06,Poor packaging
3440,494,3062,5,2022-11-04,Not as expected
3441,324,3384,3,2025-05-07,Poor packaging
3442,319,2630,5,2022-10-20,"Fast delivery, good product"
3443,640,1302,5,2025-03-08,Highly recommend
3444,451,3318,4,2025-08-25,Would buy again
3445,570,1615,4,2022-05-25,Waste of money
3446,16,198,5,2022-06-20,Would buy again
3447,82,3826,5,2024-05-24,Average experience
3448,684,3004,4,2023-12-07,Excellent quality
3449,726,451,5,2022-01-19,Not as expected
3450,326,3206,2,2022-10-11,Highly recommend
3451,58,765,5,2025-02-14,Waste of money
3452,313,3788,5,2022-03-31,Poor packaging
3453,519,3202,5,2023-03-18,Poor packaging
3454,45,1498,4,2022-09-23,Poor packaging
3455,869,2886,4,2025-04-16,Waste of money
3456,34,1252,3,2023-03-23,Poor packaging
3457,459,3561,5,2023-09-30,Average experience
3458,694,789,5,2023-05-21,Would buy again
3459,532,1187,5,2025-01-21,Waste of money
3460,841,3580,5,2023-10-05,Great product!
3461,236,3653,5,2025-10-25,Waste of money
3462,779,1353,5,2022-07-21,Waste of money
3463,719,3343,4,2025-04-29,Value for money
3464,123,2648,4,2022-04-03,Poor packaging
3465,556,518,4,2023-01-05,Great product!
3466,754,2494,3,2023-02-08,Excellent quality
3467,798,2965,5,2023-01-12,Would buy again
3468,507,1435,1,2022-01-25,Value for money
3469,408,2796,4,2025-03-28,Great product!
3470,449,3667,3,2025-06-30,Value for money
3471,149,1282,1,2024-07-04,Poor packaging
3472,889,2961,3,2023-06-01,Average experience
3473,681,3361,4,2022-04-29,Not as expected
3474,713,3368,5,2025-01-06,Great product!
3475,700,3454,3,2024-10-14,Would buy again
3476,38,559,5,2023-03-09,Highly recommend
3477,729,2702,5,2025-11-26,"Fast delivery, good product"
3478,279,2557,1,2025-05-13,Value for money
3479,689,538,4,2024-05-12,Would buy again
3480,328,1986,5,2022-05-04,Excellent quality
3481,447,2821,5,2024-01-03,Value for money
3482,112,2215,4,2022-10-22,Great product!
3483,292,2370,5,2024-10-16,Would buy again
3484,583,793,4,2025-08-22,Not as expected
3485,352,1405,3,2022-09-17,Would buy again
3486,705,112,5,2024-11-02,Great product!
3487,705,942,1,2025-02-08,Would buy again
3488,588,3586,4,2022-12-28,Poor packaging
3489,677,3233,5,2023-03-25,"Fast delivery, good product"
3490,634,3524,4,2024-10-16,Value for money
3491,523,3913,3,2024-03-01,Excellent quality
3492,633,1092,3,2025-09-15,Would buy again
3493,381,1635,4,2023-01-04,Excellent quality
3494,585,3759,4,2022-07-23,Waste of money
3495,779,90,5,2022-10-18,Great product!
3496,584,345,5,2022-03-14,Highly recommend
3497,850,591,5,2023-10-03,Highly recommend
3498,808,3821,5,2025-08-24,Would buy again
3499,501,3775,5,2022-12-27,"Fast delivery, good product"
3500,527,2307,5,2023-08-24,Great product!
3501,610,1007,3,2022-07-21,"Fast delivery, good product"
3502,471,2428,3,2023-02-11,Would buy again
3503,677,531,4,2024-07-31,Not as expected
3504,677,1274,3,2022-05-18,"Fast delivery, good product"
3505,381,2089,4,2025-03-06,Would buy again
3506,399,447,4,2022-04-11,"Fast delivery, good product"
3507,290,152,5,2022-01-12,Highly recommend
3508,820,3782,4,2022-01-14,Waste of money
3509,157,2268,5,2023-11-10,Value for money
3510,348,3122,4,2022-09-06,"Fast delivery, good product"
3511,36,1332,4,2023-03-06,"Fast delivery, good product"
3512,552,1196,3,2023-09-01,Not as expected
3513,442,1407,5,2024-02-24,Value for money
3514,549,2111,5,2025-06-21,Highly recommend
3515,589,3912,2,2025-01-31,Average experience
3516,168,732,4,2022-03-08,Would buy again
3517,704,231,1,2022-03-12,Great product!
3518,229,1637,4,2025-06-04,Poor packaging
3519,259,2854,2,2025-03-01,Average experience
3520,37,3284,5,2024-04-13,Great product!
3521,180,1853,4,2022-12-06,Not as expected
3522,305,1828,5,2025-08-11,Would buy again
3523,258,31,4,2023-02-08,Poor packaging
3524,182,1832,3,2024-02-26,Average experience
3525,855,3910,4,2025-05-25,Not as expected
3526,803,2300,4,2025-07-20,Poor packaging
3527,595,3013,5,2022-06-08,Average experience
3528,853,2965,5,2025-12-30,Value for money
3529,458,1332,3,2025-12-29,Waste of money
3530,506,1496,4,2024-01-13,Highly recommend
3531,338,3122,2,2025-09-27,Would buy again
3532,182,2199,5,2025-03-22,Poor packaging
3533,406,1372,2,2023-01-26,Great product!
3534,101,522,3,2022-08-18,Average experience
3535,440,3792,5,2022-05-04,Not as expected
3536,278,3488,4,2023-01-08,Poor packaging
3537,103,3165,4,2022-02-01,Waste of money
3538,60,369,5,2024-06-28,Average experience
3539,277,2154,4,2023-10-01,Average experience
3540,342,3175,5,2023-01-01,Average experience
3541,451,3669,4,2022-07-16,Excellent quality
3542,203,3605,5,2025-12-30,Would buy again
3543,708,3917,2,2024-06-11,Would buy again
3544,620,3450,3,2022-04-14,Not as expected
3545,251,386,3,2022-06-27,Waste of money
3546,655,6,5,2025-06-25,Average experience
3547,744,1729,4,2022-05-11,Excellent quality
3548,468,3562,5,2022-11-18,Excellent quality
3549,492,3864,5,2024-05-26,Highly recommend
3550,740,2129,5,2025-06-04,Waste of money
3551,624,3133,5,2023-05-23,Great product!
3552,874,2590,5,2024-10-09,"Fast delivery, good product"
3553,639,1718,4,2024-11-19,Highly recommend
3554,634,1414,5,2022-12-07,Average experience
3555,418,3031,4,2024-02-26,Excellent quality
3556,370,1851,5,2023-12-04,Not as expected
3557,299,2456,4,2022-06-28,Average experience
3558,364,2796,5,2024-09-03,Highly recommend
3559,506,3424,4,2024-07-21,Not as expected
3560,784,2273,4,2024-09-05,Excellent quality
3561,528,804,1,2023-11-17,Highly recommend
3562,771,2680,4,2024-07-06,Great product!
3563,361,1137,5,2022-09-28,Great product!
3564,148,607,4,2025-09-19,Not as expected
3565,276,3349,5,2022-02-22,Average experience
3566,329,1216,4,2025-04-27,Poor packaging
3567,275,3015,4,2023-10-06,Great product!
3568,714,2570,4,2025-01-22,Waste of money
3569,851,782,5,2024-07-31,Poor packaging
3570,859,3788,2,2023-08-27,Waste of money
3571,299,3562,5,2023-08-10,Poor packaging
3572,457,1694,3,2024-09-02,Excellent quality
3573,295,3668,4,2023-06-07,Poor packaging
3574,302,763,3,2023-04-18,Average experience
3575,461,3191,4,2022-11-01,Excellent quality
3576,275,1372,5,2024-09-12,Would buy again
3577,248,3868,4,2023-01-31,Poor packaging
3578,466,1279,4,2022-12-20,Not as expected
3579,522,3765,5,2024-04-17,Value for money
3580,741,244,5,2025-10-23,Highly recommend
3581,396,2085,3,2024-06-23,Waste of money
3582,478,1781,5,2022-11-27,Not as expected
3583,540,1145,1,2023-11-19,Average experience
3584,62,1066,5,2024-01-10,Average experience
3585,240,2545,5,2025-09-26,Poor packaging
3586,460,2385,4,2025-12-18,Would buy again
3587,684,3526,4,2024-04-29,Highly recommend
3588,555,2460,3,2024-06-06,Would buy again
3589,595,940,5,2025-02-28,Not as expected
3590,99,1034,3,2025-09-08,Would buy again
3591,47,1950,4,2024-10-30,Waste of money
3592,55,2776,5,2025-06-06,Average experience
3593,179,2556,4,2024-06-24,"Fast delivery, good product"
3594,435,1350,3,2024-09-16,Great product!
3595,154,2515,3,2025-11-10,"Fast delivery, good product"
3596,773,2212,4,2022-11-21,Highly recommend
3597,333,340,3,2023-02-24,Highly recommend
3598,294,522,5,2022-02-02,Waste of money
3599,839,3623,5,2025-06-25,"Fast delivery, good product"
3600,131,1967,5,2025-03-30,Highly recommend
3601,311,364,4,2022-03-19,Would buy again
3602,477,3467,5,2023-04-30,Not as expected
3603,370,2318,2,2022-08-04,Great product!
3604,700,1021,2,2024-10-13,Highly recommend
3605,788,2091,5,2022-08-12,Waste of money
3606,18,2965,5,2025-05-27,Waste of money
3607,596,644,4,2022-08-22,Average experience
3608,468,1652,4,2025-11-16,Would buy again
3609,635,3256,2,2025-02-28,Excellent quality
3610,785,2898,3,2023-08-20,Average experience
3611,601,2575,4,2022-10-04,Poor packaging
3612,9,1988,5,2025-10-08,Would buy again
3613,788,3466,1,2023-12-12,"Fast delivery, good product"
3614,765,3910,4,2022-09-30,Average experience
3615,185,3998,5,2024-01-31,Would buy again
3616,458,3584,4,2022-11-26,Highly recommend
3617,184,959,5,2023-05-14,Would buy again
3618,826,1812,5,2023-11-09,Excellent quality
3619,668,2783,5,2025-04-04,Highly recommend
3620,727,581,3,2025-06-28,Poor packaging
3621,737,580,5,2025-07-26,Average experience
3622,831,1839,4,2022-01-09,Value for money
3623,607,2715,4,2023-01-05,Excellent quality
3624,660,452,5,2025-06-06,Excellent quality
3625,107,3039,5,2024-05-25,Excellent quality
3626,292,71,5,2023-05-17,Average experience
3627,569,48,4,2023-11-05,Would buy again
3628,174,380,4,2025-01-30,Average experience
3629,78,3860,3,2025-03-13,Waste of money
3630,710,3046,3,2022-02-15,"Fast delivery, good product"
3631,483,1577,4,2024-04-28,"Fast delivery, good product"
3632,144,1352,4,2022-02-18,Would buy again
3633,657,2280,5,2024-09-12,Average experience
3634,365,3434,5,2023-12-24,Great product!
3635,427,1295,5,2022-09-22,Poor packaging
3636,325,3582,3,2025-10-01,Poor packaging
3637,104,538,5,2025-04-28,"Fast delivery, good product"
3638,735,1557,5,2022-09-27,"Fast delivery, good product"
3639,378,461,5,2023-06-24,Waste of money
3640,213,806,4,2022-10-20,"Fast delivery, good product"
3641,609,3332,4,2025-07-08,Average experience
3642,458,557,4,2022-08-07,Poor packaging
3643,71,1703,3,2024-08-05,Waste of money
3644,257,192,3,2024-10-27,Highly recommend
3645,746,2830,5,2023-06-08,Great product!
3646,480,327,2,2025-01-30,Would buy again
3647,59,3452,5,2025-12-21,Value for money
3648,538,2561,3,2023-08-14,Average experience
3649,835,1663,5,2024-06-26,Poor packaging
3650,194,824,4,2023-10-31,"Fast delivery, good product"
3651,428,1405,4,2025-11-24,Waste of money
3652,689,1313,4,2024-05-05,Waste of money
3653,41,3046,4,2025-03-23,Average experience
3654,154,3860,5,2023-06-16,Value for money
3655,747,322,3,2024-10-07,Not as expected
3656,83,1692,1,2023-06-30,Great product!
3657,855,2001,5,2024-01-16,Excellent quality
3658,363,3835,2,2023-08-15,Highly recommend
3659,798,2229,5,2022-10-24,Not as expected
3660,219,3600,4,2023-03-28,Average experience
3661,570,2850,1,2025-05-15,Value for money
3662,813,2572,4,2024-06-20,Value for money
3663,110,1290,5,2025-10-20,Would buy again
3664,753,1334,5,2023-07-01,Highly recommend
3665,586,1452,4,2024-11-29,"Fast delivery, good product"
3666,369,461,5,2024-03-01,Excellent quality
3667,499,1220,5,2022-03-07,Poor packaging
3668,46,1811,5,2022-12-15,Poor packaging
3669,82,2687,4,2023-01-20,Excellent quality
3670,498,41,5,2023-05-31,Average experience
3671,74,1592,5,2024-03-21,Waste of money
3672,465,3276,4,2022-06-19,Poor packaging
3673,478,2726,3,2023-01-12,Value for money
3674,24,907,4,2025-12-14,Average experience
3675,65,1355,5,2024-12-20,Waste of money
3676,716,2104,5,2025-06-27,Value for money
3677,158,3427,4,2025-04-12,Excellent quality
3678,844,610,4,2024-04-11,Waste of money
3679,749,627,1,2022-08-02,Value for money
3680,664,3366,3,2025-10-29,Would buy again
3681,865,3364,4,2023-10-18,Waste of money
3682,358,1474,4,2024-07-10,Would buy again
3683,241,2233,4,2022-05-27,Excellent quality
3684,385,537,5,2022-08-25,Waste of money
3685,417,741,3,2025-07-21,Excellent quality
3686,830,2806,4,2022-05-27,"Fast delivery, good product"
3687,462,643,1,2024-05-04,Waste of money
3688,900,452,5,2024-07-09,Value for money
3689,310,1354,4,2025-11-09,Value for money
3690,669,3271,5,2022-04-20,Value for money
3691,148,2546,2,2025-07-19,Poor packaging
3692,102,359,5,2023-08-27,"Fast delivery, good product"
3693,292,2816,5,2024-10-18,Average experience
3694,613,859,5,2023-11-24,Excellent quality
3695,175,920,4,2025-11-09,Average experience
3696,622,2539,4,2025-12-02,Great product!
3697,161,1668,2,2024-07-05,Poor packaging
3698,656,908,5,2025-01-08,Value for money
3699,109,1930,5,2025-11-08,Would buy again
3700,486,1897,2,2025-03-25,Excellent quality
3701,555,3299,1,2023-05-03,Not as expected
3702,367,1759,4,2024-10-19,Highly recommend
3703,295,424,4,2024-08-03,Great product!
3704,416,1790,4,2022-03-17,Highly recommend
3705,436,3609,4,2022-03-25,Excellent quality
3706,64,923,4,2022-01-04,Not as expected
3707,743,911,2,2025-11-11,"Fast delivery, good product"
3708,503,2221,4,2023-05-30,Waste of money
3709,421,1302,4,2023-07-06,Highly recommend
3710,237,2770,5,2023-09-08,Value for money
3711,132,3577,5,2025-11-04,Would buy again
3712,679,1666,5,2022-08-26,Value for money
3713,880,185,4,2024-06-30,Highly recommend
3714,103,2231,4,2024-12-29,Value for money
3715,669,1654,4,2025-04-29,Not as expected
3716,107,3369,4,2022-01-18,Great product!
3717,783,3888,4,2024-03-17,Not as expected
3718,847,2463,5,2024-01-23,Poor packaging
3719,543,2307,5,2022-06-29,Would buy again
3720,36,1244,3,2025-10-28,Excellent quality
3721,120,2373,4,2022-01-21,Great product!
3722,283,686,4,2025-06-02,Great product!
3723,823,2489,4,2024-01-09,Poor packaging
3724,161,547,5,2023-01-26,Poor packaging
3725,517,331,1,2022-07-29,Average experience
3726,19,1667,5,2025-03-24,Not as expected
3727,898,1907,4,2025-09-11,Average experience
3728,610,207,5,2022-04-22,Would buy again
3729,48,3744,3,2022-10-11,Highly recommend
3730,800,2402,3,2025-02-19,Highly recommend
3731,742,2422,3,2023-10-19,Excellent quality
3732,487,1503,5,2022-05-28,Not as expected
3733,114,1170,5,2023-12-14,Average experience
3734,548,622,4,2025-11-07,Poor packaging
3735,299,240,2,2022-07-10,Poor packaging
3736,319,3271,5,2024-03-28,Poor packaging
3737,54,718,1,2023-04-06,Would buy again
3738,260,630,5,2023-10-01,Great product!
3739,839,2774,5,2023-04-29,Highly recommend
3740,528,135,5,2024-06-26,Would buy again
3741,624,3707,4,2023-11-18,Highly recommend
3742,103,3061,5,2023-09-22,Poor packaging
3743,548,3900,5,2023-09-23,"Fast delivery, good product"
3744,247,2762,5,2024-11-11,Highly recommend
3745,493,1416,4,2025-03-14,Highly recommend
3746,665,301,2,2022-06-23,Average experience
3747,14,602,3,2024-03-16,Not as expected
3748,558,3173,5,2022-04-18,"Fast delivery, good product"
3749,749,3840,5,2024-08-29,Excellent quality
3750,411,1248,4,2024-07-09,Highly recommend
3751,198,3024,5,2022-02-09,Highly recommend
3752,441,670,5,2024-01-21,Poor packaging
3753,267,1382,5,2022-05-10,Not as expected
3754,806,2705,5,2025-12-21,Waste of money
3755,426,2123,2,2025-02-15,Waste of money
3756,557,2930,5,2025-03-27,Value for money
3757,262,3785,4,2025-07-29,Not as expected
3758,266,2276,5,2023-01-09,Not as expected
3759,523,3468,5,2022-09-16,Waste of money
3760,507,3711,5,2024-11-05,Not as expected
3761,448,2927,1,2023-03-21,Great product!
3762,232,3576,2,2023-12-20,Average experience
3763,126,2923,5,2024-09-25,Great product!
3764,693,1397,4,2025-04-03,Excellent quality
3765,836,3422,4,2022-03-04,Highly recommend
3766,683,2118,3,2025-08-22,Value for money
3767,885,300,4,2025-11-06,Waste of money
3768,438,3678,4,2024-01-26,Would buy again
3769,585,1037,4,2025-12-30,Excellent quality
3770,313,2329,5,2025-11-22,Average experience
3771,389,3768,3,2024-02-21,Would buy again
3772,319,1897,5,2023-12-20,Value for money
3773,198,2172,4,2022-07-25,Excellent quality
3774,773,2995,4,2022-09-06,Great product!
3775,145,799,5,2025-07-10,"Fast delivery, good product"
3776,717,3852,3,2024-08-27,"Fast delivery, good product"
3777,667,1863,2,2022-08-04,"Fast delivery, good product"
3778,420,280,5,2022-02-02,Great product!
3779,900,797,3,2025-07-25,Waste of money
3780,539,745,4,2023-08-31,Excellent quality
3781,855,663,3,2024-08-10,Excellent quality
3782,746,2987,5,2025-04-08,Poor packaging
3783,446,3288,5,2022-08-09,Value for money
3784,118,1789,1,2023-09-29,"Fast delivery, good product"
3785,195,1937,4,2025-10-02,Poor packaging
3786,742,3092,4,2024-03-18,Value for money
3787,637,1890,5,2024-07-23,Waste of money
3788,594,2191,5,2022-02-22,"Fast delivery, good product"
3789,405,1341,5,2022-09-19,Would buy again
3790,742,399,4,2022-08-04,Waste of money
3791,6,726,4,2023-02-05,Not as expected
3792,74,2275,5,2023-01-26,Highly recommend
3793,170,1270,4,2023-12-01,Would buy again
3794,557,1427,3,2022-02-10,Value for money
3795,336,2310,5,2024-08-29,Waste of money
3796,47,2406,5,2025-06-29,Excellent quality
3797,741,3323,5,2022-09-27,Average experience
3798,461,1674,4,2023-02-23,Excellent quality
3799,226,3602,4,2025-11-29,Excellent quality
3800,103,2615,3,2023-10-25,Excellent quality
3801,48,731,5,2024-08-18,Waste of money
3802,507,782,3,2024-05-08,Average experience
3803,658,1137,1,2023-03-16,Highly recommend
3804,627,2689,3,2025-01-22,"Fast delivery, good product"
3805,810,630,2,2025-08-28,"Fast delivery, good product"
3806,201,2634,5,2024-05-26,Waste of money
3807,430,170,5,2025-06-11,Would buy again
3808,802,2074,2,2025-09-11,Highly recommend
3809,121,1781,3,2023-04-20,Waste of money
3810,149,2504,5,2025-08-14,"Fast delivery, good product"
3811,184,2675,5,2022-09-02,Would buy again
3812,15,1339,5,2025-11-19,Would buy again
3813,96,1256,4,2024-07-24,Poor packaging
3814,108,625,4,2024-04-12,Value for money
3815,821,19,5,2023-11-14,Excellent quality
3816,696,2593,4,2024-06-13,Would buy again
3817,61,358,4,2025-08-13,Poor packaging
3818,785,1491,5,2022-02-22,Not as expected
3819,438,3660,5,2022-09-18,Value for money
3820,72,1615,5,2025-08-24,Not as expected
3821,656,3372,4,2024-04-27,Great product!
3822,250,2715,5,2025-02-27,Average experience
3823,682,2447,4,2023-09-20,Highly recommend
3824,431,3333,3,2022-08-21,Waste of money
3825,349,1070,1,2022-12-15,Highly recommend
3826,211,2802,5,2024-04-04,Poor packaging
3827,194,3319,5,2025-11-24,"Fast delivery, good product"
3828,159,494,4,2022-12-15,Highly recommend
3829,222,2289,5,2023-12-04,Poor packaging
3830,402,186,4,2022-08-28,Highly recommend
3831,96,1113,4,2024-09-24,Waste of money
3832,128,2694,4,2023-02-06,Not as expected
3833,444,2100,5,2024-09-26,Value for money
3834,199,3391,5,2025-12-28,Not as expected
3835,71,1664,5,2023-12-07,Average experience
3836,343,1463,4,2025-07-09,"Fast delivery, good product"
3837,510,1502,5,2023-11-04,Poor packaging
3838,54,191,4,2023-08-04,Not as expected
3839,388,1443,4,2022-01-29,Average experience
3840,77,1656,4,2025-10-19,"Fast delivery, good product"
3841,346,3697,1,2025-08-20,Great product!
3842,570,1209,2,2025-04-23,Waste of money
3843,238,2892,3,2025-07-23,Would buy again
3844,647,2521,5,2024-12-27,Highly recommend
3845,4,25,1,2022-01-21,Waste of money
3846,815,2007,5,2022-10-26,Average experience
3847,15,236,3,2025-06-11,"Fast delivery, good product"
3848,591,1227,5,2023-09-30,Excellent quality
3849,277,1205,2,2022-05-05,Highly recommend
3850,610,2248,4,2024-12-28,"Fast delivery, good product"
3851,357,2017,5,2023-11-04,Not as expected
3852,690,2562,3,2023-10-23,Not as expected
3853,574,2218,3,2023-03-25,Average experience
3854,775,2198,5,2022-05-29,Average experience
3855,78,944,1,2023-10-15,Would buy again
3856,702,3070,2,2025-01-18,Excellent quality
3857,207,2714,5,2022-07-02,Value for money
3858,596,22,5,2022-04-25,Great product!
3859,726,1180,4,2025-05-30,Great product!
3860,411,2604,5,2022-06-13,Average experience
3861,325,714,4,2024-07-05,"Fast delivery, good product"
3862,77,1589,5,2022-08-22,Great product!
3863,175,1585,4,2024-03-12,Highly recommend
3864,145,2910,3,2024-03-07,Poor packaging
3865,449,920,3,2022-03-21,Great product!
3866,175,2837,4,2025-11-11,"Fast delivery, good product"
3867,63,853,3,2022-06-06,Average experience
3868,640,3098,4,2022-03-18,Average experience
3869,339,2565,4,2023-09-12,Would buy again
3870,680,1569,4,2025-09-04,Highly recommend
3871,570,555,5,2023-10-17,Not as expected
3872,749,1230,3,2025-12-05,"Fast delivery, good product"
3873,808,2140,3,2022-08-14,Great product!
3874,428,1056,5,2025-05-11,Value for money
3875,248,2075,5,2022-07-14,Waste of money
3876,138,3985,5,2023-01-13,Value for money
3877,874,1560,4,2023-04-06,Great product!
3878,706,2405,5,2023-09-23,Excellent quality
3879,781,417,1,2024-12-09,Value for money
3880,843,2,3,2023-11-29,Highly recommend
3881,483,505,5,2023-05-31,Great product!
3882,361,670,5,2022-07-08,Average experience
3883,730,1158,2,2024-05-15,Value for money
3884,24,2708,4,2022-10-19,Excellent quality
3885,196,967,5,2024-08-29,Great product!
3886,51,2165,2,2024-06-16,Waste of money
3887,386,1956,5,2022-05-22,Not as expected
3888,690,2964,5,2022-10-17,Poor packaging
3889,274,194,3,2023-01-17,Highly recommend
3890,650,2356,4,2022-12-04,Excellent quality
3891,263,3372,5,2022-03-27,Average experience
3892,320,2432,2,2023-04-26,Not as expected
3893,69,1355,4,2024-04-29,Highly recommend
3894,134,1803,4,2025-10-26,Value for money
3895,432,918,3,2023-10-06,Great product!
3896,716,727,4,2025-07-21,Excellent quality
3897,343,3886,4,2024-09-16,Poor packaging
3898,70,2164,5,2024-02-08,Highly recommend
3899,848,1674,4,2022-10-13,Value for money
3900,177,3324,3,2024-03-15,Waste of money
3901,211,423,5,2022-12-25,Not as expected
3902,408,3278,5,2024-03-24,Waste of money
3903,271,2545,5,2022-10-09,Average experience
3904,727,1448,5,2023-07-20,Poor packaging
3905,659,519,4,2025-10-21,Waste of money
3906,626,2564,2,2024-03-02,Poor packaging
3907,493,1186,4,2023-06-27,Average experience
3908,830,3089,2,2024-07-13,Average experience
3909,394,2661,5,2024-08-11,Excellent quality
3910,247,3860,5,2024-04-09,Not as expected
3911,770,2788,5,2023-11-15,Highly recommend
3912,102,2052,3,2022-10-30,Great product!
3913,550,2229,5,2025-01-31,Waste of money
3914,38,3478,5,2025-01-21,Highly recommend
3915,430,65,2,2024-05-08,Highly recommend
3916,440,1085,5,2023-12-20,"Fast delivery, good product"
3917,657,2992,5,2022-02-13,Would buy again
3918,305,756,3,2025-11-03,Waste of money
3919,395,975,5,2024-04-18,Poor packaging
3920,445,3296,5,2025-03-04,"Fast delivery, good product"
3921,763,3074,5,2024-08-02,Excellent quality
3922,515,2053,2,2023-09-19,Average experience
3923,137,3995,5,2022-06-20,Great product!
3924,369,889,5,2025-08-08,Would buy again
3925,256,3024,2,2023-12-17,Excellent quality
3926,846,3983,4,2022-08-13,Value for money
3927,378,2212,1,2025-09-26,Would buy again
3928,767,2320,4,2023-06-20,Poor packaging
3929,143,1499,4,2024-10-20,Value for money
3930,885,3164,4,2023-08-28,Not as expected
3931,837,1821,3,2023-05-22,Poor packaging
3932,672,277,5,2024-02-03,Value for money
3933,389,3713,1,2023-11-01,Average experience
3934,611,1889,4,2022-12-27,Value for money
3935,615,2801,3,2023-04-20,Average experience
3936,293,3478,5,2024-12-16,Waste of money
3937,828,334,5,2023-09-09,Value for money
3938,617,1285,5,2023-05-14,"Fast delivery, good product"
3939,132,548,3,2025-09-27,Average experience
3940,34,1637,5,2022-08-27,Value for money
3941,825,992,1,2025-02-03,Would buy again
3942,487,3875,5,2024-12-16,Poor packaging
3943,568,202,4,2025-06-04,Average experience
3944,477,1532,1,2023-05-30,Average experience
3945,670,106,5,2025-08-17,Waste of money
3946,282,704,1,2023-06-04,Value for money
3947,744,2981,4,2025-10-02,"Fast delivery, good product"
3948,663,1860,5,2024-08-25,Poor packaging
3949,466,3590,5,2023-08-24,Waste of money
3950,758,3504,5,2024-07-19,Would buy again
3951,282,523,5,2025-05-30,Not as expected
3952,813,3206,3,2022-08-27,"Fast delivery, good product"
3953,699,2166,5,2022-01-25,Waste of money
3954,66,1609,4,2023-10-05,Average experience
3955,571,3292,5,2023-08-29,Waste of money
3956,267,1723,3,2023-12-30,Value for money
3957,443,1589,5,2024-09-28,Average experience
3958,552,2773,3,2025-03-21,Excellent quality
3959,656,2531,4,2025-01-20,Value for money
3960,60,3769,5,2024-02-14,Would buy again
3961,7,577,5,2022-04-15,Waste of money
3962,204,29,2,2024-11-21,Waste of money
3963,57,2713,4,2025-03-03,Average experience
3964,825,2334,4,2023-05-08,Great product!
3965,250,2935,4,2023-08-09,"Fast delivery, good product"
3966,250,1847,3,2022-06-23,Poor packaging
3967,650,2071,5,2025-10-11,Excellent quality
3968,691,1297,4,2025-02-17,"Fast delivery, good product"
3969,202,3450,5,2024-03-28,"Fast delivery, good product"
3970,211,2234,4,2025-05-23,Not as expected
3971,315,3052,5,2025-05-28,Average experience
3972,519,326,4,2024-09-26,Poor packaging
3973,98,1748,4,2023-06-11,Value for money
3974,307,2069,3,2022-07-04,Great product!
3975,629,3734,5,2022-12-24,Would buy again
3976,664,152,5,2023-11-20,Great product!
3977,360,2288,2,2023-09-09,Poor packaging
3978,158,558,4,2023-09-02,Average experience
3979,133,982,5,2025-03-19,Would buy again
3980,473,1034,2,2023-10-13,Poor packaging
3981,308,3748,4,2022-03-01,Value for money
3982,149,2506,5,2025-04-19,Highly recommend
3983,678,1455,4,2025-03-12,Poor packaging
3984,878,2643,5,2023-08-18,Highly recommend
3985,154,3108,5,2025-09-09,Would buy again
3986,835,3825,4,2023-02-02,"Fast delivery, good product"
3987,766,1652,5,2024-11-07,Waste of money
3988,823,3505,5,2022-01-22,Excellent quality
3989,799,1812,3,2023-08-11,Excellent quality
3990,584,405,5,2025-06-27,Excellent quality
3991,266,14,2,2024-06-03,Poor packaging
3992,555,298,2,2023-06-01,Average experience
3993,571,3076,4,2025-09-11,Excellent quality
3994,425,3116,4,2022-11-28,Not as expected
3995,524,1294,5,2022-02-18,Average experience
3996,523,2436,3,2024-02-24,Not as expected
3997,395,117,5,2022-03-07,Value for money
3998,594,3222,4,2025-06-07,Waste of money
3999,524,836,4,2023-04-12,Waste of money
4000,707,2630,4,2022-08-10,Value for money
4001,26,1956,5,2022-11-18,Waste of money
4002,547,3437,5,2025-11-26,Poor packaging
4003,335,2506,3,2025-03-23,Value for money
4004,872,824,3,2025-04-17,Highly recommend
4005,65,179,4,2023-01-31,Would buy again
4006,812,2881,4,2022-05-01,Value for money
4007,439,3629,5,2024-04-01,Average experience
4008,899,150,3,2024-01-18,Would buy again
4009,585,2390,4,2023-10-31,Would buy again
4010,860,3396,4,2022-05-06,Not as expected
4011,403,1466,4,2024-05-04,Not as expected
4012,526,1714,3,2024-05-22,Would buy again
4013,729,1229,4,2025-06-14,Excellent quality
4014,773,202,1,2023-11-21,Great product!
4015,534,594,4,2025-09-29,Average experience
4016,602,1092,5,2022-04-19,Highly recommend
4017,237,1297,3,2025-07-21,Excellent quality
4018,746,1696,3,2023-09-14,Great product!
4019,737,760,4,2022-06-11,"Fast delivery, good product"
4020,432,2359,5,2025-10-19,Poor packaging
4021,560,546,5,2022-08-01,Not as expected
4022,551,1986,4,2025-02-15,Not as expected
4023,549,1460,4,2025-10-28,Waste of money
4024,211,2077,4,2025-01-14,Waste of money
4025,7,309,5,2023-07-01,Value for money
4026,416,656,2,2022-07-11,Average experience
4027,199,1295,2,2022-03-29,Excellent quality
4028,333,2578,3,2022-09-22,Value for money
4029,737,1800,4,2023-12-24,Would buy again
4030,666,3043,4,2022-05-30,Great product!
4031,601,3479,2,2025-01-20,Waste of money
4032,222,2746,4,2024-12-09,Poor packaging
4033,39,509,4,2025-09-02,Not as expected
4034,750,1960,4,2025-11-24,Would buy again
4035,598,2505,3,2023-07-13,Highly recommend
4036,583,1629,5,2024-10-23,Waste of money
4037,341,2324,5,2025-03-31,Great product!
4038,695,1930,2,2022-07-01,Highly recommend
4039,359,905,4,2024-11-03,"Fast delivery, good product"
4040,673,2262,5,2023-08-08,Waste of money
4041,206,2171,5,2023-02-18,Great product!
4042,753,1418,4,2023-09-01,Great product!
4043,883,154,4,2024-01-30,Not as expected
4044,405,91,2,2025-10-20,Waste of money
4045,563,3086,4,2024-12-26,"Fast delivery, good product"
4046,493,1143,3,2024-05-07,Average experience
4047,838,1363,5,2022-02-15,Average experience
4048,892,871,3,2023-04-29,Value for money
4049,672,1095,4,2023-11-30,Great product!
4050,76,590,4,2025-03-25,Value for money
4051,384,3417,4,2022-11-24,"Fast delivery, good product"
4052,479,3481,3,2024-08-22,Waste of money
4053,794,223,3,2024-03-10,Highly recommend
4054,204,1713,5,2023-06-14,Value for money
4055,674,2481,4,2022-05-11,Would buy again
4056,124,2307,4,2022-05-29,Great product!
4057,688,1660,4,2023-01-15,Average experience
4058,814,2977,5,2023-02-18,Great product!
4059,683,2075,5,2023-09-26,Would buy again
4060,392,3314,4,2023-04-24,Would buy again
4061,827,2382,4,2023-06-09,Average experience
4062,571,933,4,2022-09-09,Average experience
4063,648,806,5,2023-04-18,Would buy again
4064,314,807,5,2025-03-30,Waste of money
4065,783,151,5,2025-04-13,Average experience
4066,91,3493,5,2022-07-20,Value for money
4067,489,2096,3,2025-09-14,Average experience
4068,754,2367,5,2024-08-23,Average experience
4069,160,3115,5,2023-06-19,Would buy again
4070,58,1348,5,2023-11-17,Excellent quality
4071,775,2791,3,2022-12-08,Poor packaging
4072,620,3703,1,2024-04-18,Would buy again
4073,165,2974,1,2025-12-26,Value for money
4074,775,3906,4,2023-09-16,Great product!
4075,449,2915,4,2025-06-11,Value for money
4076,125,2687,3,2024-05-07,Great product!
4077,108,1114,4,2025-02-02,Excellent quality
4078,190,389,4,2022-12-31,Waste of money
4079,227,1691,5,2024-08-25,Waste of money
4080,399,1056,4,2023-06-08,"Fast delivery, good product"
4081,288,2166,2,2024-03-26,Excellent quality
4082,456,3499,5,2022-07-07,Highly recommend
4083,812,590,5,2023-09-24,"Fast delivery, good product"
4084,82,2199,4,2022-12-26,Excellent quality
4085,852,3813,3,2025-08-09,Highly recommend
4086,8,420,4,2022-04-11,Poor packaging
4087,749,1400,1,2022-06-28,Waste of money
4088,232,3361,5,2023-05-24,Excellent quality
4089,34,508,4,2025-04-25,Excellent quality
4090,692,3810,4,2025-09-28,Average experience
4091,806,2548,5,2022-01-29,Great product!
4092,840,1151,3,2024-09-10,Average experience
4093,462,491,4,2022-02-20,Highly recommend
4094,399,3771,2,2025-01-20,Not as expected
4095,326,195,5,2023-10-26,Value for money
4096,465,1569,5,2022-11-20,Highly recommend
4097,432,681,2,2022-11-29,Highly recommend
4098,834,3922,3,2023-07-28,Not as expected
4099,361,866,4,2024-02-10,Average experience
4100,450,450,4,2022-11-17,Not as expected
4101,851,2976,3,2023-08-23,"Fast delivery, good product"
4102,599,2830,5,2025-03-29,Excellent quality
4103,199,1986,2,2022-01-05,Poor packaging
4104,42,1741,4,2024-12-08,Poor packaging
4105,689,3934,5,2024-05-30,Highly recommend
4106,156,674,1,2023-08-07,Not as expected
4107,537,2319,5,2024-01-25,Excellent quality
4108,120,933,5,2022-07-27,Poor packaging
4109,876,660,5,2023-07-09,Great product!
4110,177,2369,5,2024-03-22,Highly recommend
4111,554,1520,4,2022-04-02,Not as expected
4112,372,1853,5,2023-11-06,Excellent quality
4113,26,1356,4,2024-08-28,Poor packaging
4114,198,2461,4,2025-07-07,Would buy again
4115,379,3022,4,2022-07-20,"Fast delivery, good product"
4116,50,2712,5,2023-05-17,Poor packaging
4117,505,75,2,2023-01-12,Poor packaging
4118,268,411,2,2025-09-30,Poor packaging
4119,543,89,1,2023-03-01,"Fast delivery, good product"
4120,428,1202,4,2024-03-12,Highly recommend
4121,723,926,4,2025-06-20,Average experience
4122,792,1035,2,2022-05-15,"Fast delivery, good product"
4123,386,1789,5,2023-09-26,Not as expected
4124,169,2736,4,2022-04-03,Excellent quality
4125,300,1702,3,2025-06-22,Excellent quality
4126,55,2250,3,2023-10-02,Poor packaging
4127,867,2186,3,2025-01-26,Not as expected
4128,148,3879,3,2024-02-20,Average experience
4129,341,3294,3,2024-03-24,Poor packaging
4130,349,780,4,2022-05-16,Would buy again
4131,762,22,4,2025-06-11,Poor packaging
4132,420,3372,3,2024-09-09,Average experience
4133,45,1205,4,2022-05-23,Would buy again
4134,837,2323,2,2025-02-07,Excellent quality
4135,220,787,4,2022-07-16,Value for money
4136,604,2796,4,2025-11-21,Poor packaging
4137,139,1038,5,2024-12-16,"Fast delivery, good product"
4138,766,2051,4,2025-04-03,Average experience
4139,137,3024,4,2022-07-05,Value for money
4140,655,1541,4,2025-12-12,Value for money
4141,380,973,4,2022-01-24,Value for money
4142,215,2463,4,2025-08-25,Excellent quality
4143,307,820,5,2025-05-24,Value for money
4144,351,276,2,2023-02-08,Value for money
4145,155,1520,5,2024-06-23,Value for money
4146,845,3661,5,2025-07-03,Would buy again
4147,148,1265,5,2022-01-24,Poor packaging
4148,675,2454,1,2024-05-06,Average experience
4149,397,3297,5,2024-01-30,Average experience
4150,876,3188,4,2022-05-10,Value for money
4151,565,3296,5,2024-10-25,Would buy again
4152,413,1197,3,2025-10-03,Highly recommend
4153,437,77,3,2022-07-13,Average experience
4154,866,1198,4,2023-05-25,Average experience
4155,422,1139,4,2025-05-05,Would buy again
4156,822,3008,5,2025-08-17,Great product!
4157,632,92,4,2022-07-20,Waste of money
4158,254,2800,4,2022-10-20,Excellent quality
4159,483,1026,5,2025-08-18,"Fast delivery, good product"
4160,717,2060,5,2022-03-23,"Fast delivery, good product"
4161,769,3134,2,2022-07-14,Highly recommend
4162,853,1673,5,2025-10-01,Would buy again
4163,201,1024,3,2025-03-02,Poor packaging
4164,482,1823,5,2025-12-30,Highly recommend
4165,744,684,4,2024-09-10,Highly recommend
4166,171,2164,3,2023-04-02,Great product!
4167,87,847,5,2023-07-09,Would buy again
4168,261,1316,4,2023-04-24,Poor packaging
4169,865,2590,5,2024-08-24,Excellent quality
4170,55,2896,5,2024-07-02,Would buy again
4171,164,2937,5,2024-01-23,Value for money
4172,379,566,4,2024-06-08,Not as expected
4173,40,2533,5,2024-08-12,Not as expected
4174,397,2374,4,2024-12-19,Would buy again
4175,337,3448,5,2025-09-30,Excellent quality
4176,207,2441,5,2023-09-30,Poor packaging
4177,112,1527,4,2023-02-10,Not as expected
4178,509,546,4,2025-10-29,"Fast delivery, good product"
4179,684,3930,5,2023-03-13,Poor packaging
4180,561,819,5,2024-03-24,Would buy again
4181,177,2944,5,2024-01-23,Would buy again
4182,507,1818,4,2022-04-14,Waste of money
4183,11,636,4,2022-11-23,Great product!
4184,754,542,4,2024-07-27,Highly recommend
4185,106,1668,5,2025-03-03,Waste of money
4186,389,2099,3,2025-07-12,Average experience
4187,572,1212,4,2023-08-20,Highly recommend
4188,385,1416,2,2022-04-11,Would buy again
4189,379,2020,5,2023-08-19,Poor packaging
4190,547,150,1,2023-12-01,Poor packaging
4191,155,3959,5,2022-01-31,Waste of money
4192,65,3445,5,2022-02-25,Waste of money
4193,741,580,5,2022-03-09,Poor packaging
4194,804,1260,5,2022-01-26,Highly recommend
4195,697,1085,2,2023-10-11,Value for money
4196,169,3244,4,2025-03-03,Excellent quality
4197,108,789,5,2025-03-11,Would buy again
4198,143,2756,3,2022-08-22,Value for money
4199,339,650,2,2022-10-05,Would buy again
4200,585,577,5,2024-11-02,Not as expected
4201,803,2988,4,2022-06-29,Poor packaging
4202,370,946,4,2022-11-07,Poor packaging
4203,283,3724,1,2024-11-16,Poor packaging
4204,239,2313,5,2025-08-01,Waste of money
4205,386,3181,4,2023-06-16,"Fast delivery, good product"
4206,368,876,5,2023-01-19,Waste of money
4207,239,2502,4,2024-01-02,"Fast delivery, good product"
4208,612,2925,5,2023-05-12,Great product!
4209,822,3503,3,2024-02-01,Would buy again
4210,723,1871,5,2025-01-15,Excellent quality
4211,598,1263,5,2025-01-14,Average experience
4212,485,2488,5,2023-05-21,Value for money
4213,832,1213,1,2024-11-27,Not as expected
4214,866,709,4,2024-06-25,Average experience
4215,297,845,5,2022-09-21,"Fast delivery, good product"
4216,133,324,5,2025-04-01,Not as expected
4217,691,836,4,2024-06-06,"Fast delivery, good product"
4218,750,2921,4,2023-12-12,Poor packaging
4219,588,3079,5,2025-02-12,Value for money
4220,782,2720,4,2025-08-04,Excellent quality
4221,509,2082,5,2023-11-13,Waste of money
4222,181,2442,4,2023-08-18,Waste of money
4223,515,1481,2,2025-09-10,Poor packaging
4224,653,2728,3,2022-04-21,Not as expected
4225,1,1514,5,2023-04-10,Excellent quality
4226,476,3695,4,2024-05-03,Excellent quality
4227,742,2998,3,2023-03-20,Would buy again
4228,517,776,5,2025-09-16,Would buy again
4229,38,224,3,2024-06-05,Poor packaging
4230,656,697,5,2023-07-24,Value for money
4231,379,1379,5,2023-08-19,Not as expected
4232,871,3737,4,2023-06-13,Waste of money
4233,169,542,5,2024-09-27,Average experience
4234,185,311,4,2023-07-07,Waste of money
4235,558,1092,5,2022-08-08,Waste of money
4236,35,3354,3,2024-04-29,Excellent quality
4237,107,3978,4,2023-04-12,Highly recommend
4238,279,1885,4,2022-03-21,Would buy again
4239,610,2089,4,2022-07-05,Average experience
4240,802,147,5,2024-06-27,Would buy again
4241,694,2315,4,2025-10-01,Great product!
4242,584,2482,4,2022-11-24,Would buy again
4243,819,1260,3,2023-06-30,Would buy again
4244,537,2159,4,2022-03-14,Poor packaging
4245,603,3189,3,2024-10-06,Highly recommend
4246,432,2093,4,2025-07-02,Waste of money
4247,252,2177,5,2022-02-11,"Fast delivery, good product"
4248,521,2355,5,2025-01-10,Average experience
4249,244,859,4,2022-03-18,Not as expected
4250,402,1123,5,2025-05-20,Excellent quality
4251,632,1861,4,2022-01-19,Waste of money
4252,459,1630,3,2024-06-21,Waste of money
4253,321,322,4,2024-05-09,Not as expected
4254,731,1379,5,2025-03-10,Poor packaging
4255,777,3798,2,2025-11-14,Poor packaging
4256,829,2970,4,2025-05-02,Would buy again
4257,179,1249,5,2022-03-08,Poor packaging
4258,886,2834,5,2024-06-24,Excellent quality
4259,837,1555,4,2025-04-13,Average experience
4260,392,2559,5,2022-08-19,Great product!
4261,243,3774,5,2025-10-12,Not as expected
4262,586,1993,4,2023-10-05,Highly recommend
4263,360,1311,4,2024-09-07,"Fast delivery, good product"
4264,518,3394,5,2022-06-26,Great product!
4265,808,421,3,2024-06-19,Highly recommend
4266,411,1475,5,2022-01-01,Would buy again
4267,854,2814,1,2024-03-07,Waste of money
4268,508,971,3,2025-07-07,Would buy again
4269,679,3172,4,2025-10-27,Value for money
4270,585,2271,2,2022-07-01,Excellent quality
4271,127,1016,3,2022-03-13,Would buy again
4272,378,2629,3,2022-07-08,Value for money
4273,359,117,4,2025-11-28,Excellent quality
4274,474,3722,5,2024-12-21,Value for money
4275,649,3188,5,2024-01-30,Value for money
4276,315,225,3,2022-09-09,Highly recommend
4277,215,1317,5,2024-11-05,Great product!
4278,169,3842,4,2024-04-28,Would buy again
4279,619,2651,4,2024-10-01,Highly recommend
4280,93,2234,4,2023-08-30,Waste of money
4281,222,1288,5,2023-03-19,"Fast delivery, good product"
4282,749,1585,3,2024-11-08,Poor packaging
4283,403,3434,5,2024-01-04,Waste of money
4284,784,2200,4,2025-07-30,Highly recommend
4285,287,1063,1,2023-01-12,Highly recommend
4286,222,3767,4,2023-05-06,Excellent quality
4287,616,3442,3,2023-09-15,Not as expected
4288,231,398,4,2022-08-02,Excellent quality
4289,213,1199,5,2023-09-03,Highly recommend
4290,96,2169,5,2024-03-16,Average experience
4291,101,1388,4,2023-03-02,Poor packaging
4292,23,1133,5,2024-09-01,Value for money
4293,740,2264,5,2025-04-26,Not as expected
4294,757,186,5,2024-01-04,Great product!
4295,621,696,5,2025-02-24,Waste of money
4296,77,2884,5,2022-07-14,Value for money
4297,718,1848,2,2025-06-22,Great product!
4298,758,2932,4,2024-11-27,Average experience
4299,799,2091,4,2025-09-14,Great product!
4300,840,3077,4,2022-12-22,Would buy again
4301,646,1481,4,2025-06-01,Would buy again
4302,807,878,4,2024-09-04,"Fast delivery, good product"
4303,14,357,4,2024-05-17,"Fast delivery, good product"
4304,21,2252,5,2023-09-01,Average experience
4305,620,1913,4,2023-02-22,Excellent quality
4306,435,1061,4,2024-01-06,Highly recommend
4307,116,1254,4,2023-10-23,Waste of money
4308,782,2579,1,2022-02-03,Average experience
4309,67,1515,2,2025-11-15,Would buy again
4310,216,2765,5,2024-11-02,Poor packaging
4311,11,716,4,2022-02-19,Waste of money
4312,519,66,3,2025-10-22,Great product!
4313,141,436,4,2022-10-23,"Fast delivery, good product"
4314,453,666,5,2023-03-17,Highly recommend
4315,814,2283,2,2023-08-16,Average experience
4316,190,3008,3,2025-04-10,Waste of money
4317,27,578,1,2023-05-08,Excellent quality
4318,787,437,5,2022-10-13,Would buy again
4319,535,1084,5,2023-09-25,Excellent quality
4320,178,1707,4,2024-03-11,Waste of money
4321,113,2881,4,2024-06-28,Would buy again
4322,406,3804,4,2024-05-11,Great product!
4323,595,2825,3,2024-06-06,Average experience
4324,572,2574,3,2024-09-07,Poor packaging
4325,900,2222,4,2022-09-20,Value for money
4326,132,2668,2,2025-04-04,Not as expected
4327,774,1565,4,2022-06-02,Would buy again
4328,216,1443,4,2024-09-22,Great product!
4329,109,2215,4,2024-08-08,Waste of money
4330,436,1506,5,2024-10-12,Poor packaging
4331,703,1509,5,2022-06-27,Excellent quality
4332,637,2455,3,2025-02-01,Highly recommend
4333,863,3618,4,2023-11-28,Value for money
4334,56,344,2,2022-06-11,Excellent quality
4335,196,559,4,2022-07-08,Value for money
4336,534,495,3,2022-05-05,Waste of money
4337,343,555,3,2024-07-02,Not as expected
4338,8,561,5,2025-10-09,Would buy again
4339,259,1053,5,2024-05-21,Waste of money
4340,600,1486,2,2025-09-11,Highly recommend
4341,137,3228,4,2023-02-08,Average experience
4342,731,2055,5,2024-04-14,Would buy again
4343,542,3167,3,2025-05-20,Value for money
4344,863,3543,4,2025-10-07,Great product!
4345,496,2469,4,2023-09-22,Highly recommend
4346,609,1648,4,2025-02-05,Value for money
4347,29,2325,5,2022-11-29,Would buy again
4348,299,1784,3,2025-07-12,Not as expected
4349,388,2729,4,2022-08-07,Poor packaging
4350,217,173,5,2022-01-10,Waste of money
4351,16,449,4,2023-06-03,"Fast delivery, good product"
4352,114,3805,5,2024-11-17,Poor packaging
4353,74,2290,5,2022-05-28,Highly recommend
4354,440,3967,5,2024-08-25,Not as expected
4355,865,3538,5,2024-11-27,Great product!
4356,59,1592,5,2023-05-31,Waste of money
4357,607,408,4,2025-03-01,Not as expected
4358,145,1568,5,2022-05-03,Great product!
4359,650,1872,5,2025-05-19,Highly recommend
4360,615,3819,4,2023-04-17,Poor packaging
4361,738,2123,4,2025-04-23,Value for money
4362,628,1861,1,2022-12-12,Poor packaging
4363,397,2737,4,2024-01-17,Not as expected
4364,379,873,4,2023-05-28,Waste of money
4365,465,1830,5,2022-02-12,Not as expected
4366,604,2558,5,2025-04-12,"Fast delivery, good product"
4367,383,1859,5,2022-08-11,"Fast delivery, good product"
4368,482,1293,5,2022-12-22,Excellent quality
4369,824,3942,4,2022-04-01,Value for money
4370,875,3920,5,2024-06-28,Not as expected
4371,665,3929,5,2025-02-04,Not as expected
4372,640,560,5,2024-09-24,Poor packaging
4373,556,584,5,2025-08-20,Highly recommend
4374,549,2321,4,2022-06-01,Waste of money
4375,448,1907,5,2025-02-10,Not as expected
4376,36,3280,4,2023-11-20,Poor packaging
4377,301,535,2,2022-04-11,Poor packaging
4378,195,538,4,2023-05-03,Great product!
4379,157,3835,4,2022-07-08,Not as expected
4380,242,1161,1,2024-01-22,Great product!
4381,515,1566,5,2024-12-18,Average experience
4382,526,1979,4,2025-07-19,Excellent quality
4383,829,3750,5,2022-07-10,Poor packaging
4384,794,1865,4,2022-08-04,Would buy again
4385,360,292,3,2022-12-31,Value for money
4386,27,2006,5,2023-12-03,Great product!
4387,856,200,4,2023-09-04,Excellent quality
4388,491,557,4,2023-09-09,Average experience
4389,756,2778,4,2025-06-29,Great product!
4390,454,578,4,2022-08-22,"Fast delivery, good product"
4391,332,1827,5,2023-09-18,Not as expected
4392,609,3783,2,2023-02-04,Highly recommend
4393,487,774,5,2023-02-13,Average experience
4394,419,2357,5,2025-05-28,Would buy again
4395,362,2463,4,2025-06-19,Would buy again
4396,236,1314,4,2024-10-31,Excellent quality
4397,678,1026,4,2022-12-21,Not as expected
4398,78,1665,4,2025-09-11,Great product!
4399,873,1871,3,2024-03-20,Waste of money
4400,793,2835,5,2023-09-21,Highly recommend
4401,140,3795,5,2022-12-03,Excellent quality
4402,538,412,4,2023-01-04,Average experience
4403,730,1907,5,2025-08-16,Not as expected
4404,875,3756,5,2022-04-12,"Fast delivery, good product"
4405,891,898,4,2023-09-27,Great product!
4406,744,3977,4,2023-08-06,Great product!
4407,802,3729,4,2025-06-22,Value for money
4408,562,1334,5,2023-08-10,Waste of money
4409,547,384,1,2022-02-24,Not as expected
4410,811,2128,5,2022-07-09,Excellent quality
4411,191,2288,5,2022-02-21,Value for money
4412,533,840,4,2025-09-25,Great product!
4413,459,531,3,2025-08-30,Would buy again
4414,87,2612,5,2022-01-18,Average experience
4415,255,777,5,2025-06-19,Excellent quality
4416,739,3995,5,2024-10-09,Not as expected
4417,701,157,5,2025-01-10,Average experience
4418,428,419,5,2022-11-28,Waste of money
4419,262,3892,4,2025-02-15,Value for money
4420,145,2476,5,2022-09-14,Not as expected
4421,628,938,3,2024-10-22,Waste of money
4422,867,1053,5,2024-06-30,Great product!
4423,272,2182,4,2022-12-28,"Fast delivery, good product"
4424,231,1916,4,2025-12-03,Poor packaging
4425,362,2350,4,2022-09-13,Average experience
4426,489,1708,4,2025-04-30,Would buy again
4427,488,1350,4,2025-06-10,Highly recommend
4428,870,2677,5,2023-04-22,Waste of money
4429,435,2881,5,2024-09-03,Highly recommend
4430,507,2668,5,2023-09-19,Not as expected
4431,145,1965,4,2025-10-19,Highly recommend
4432,481,1510,4,2025-05-06,Would buy again
4433,28,2805,3,2022-07-03,Waste of money
4434,76,2483,4,2023-04-18,Value for money
4435,353,255,4,2023-04-18,Not as expected
4436,815,1266,4,2023-03-04,Waste of money
4437,706,1283,3,2024-06-27,Great product!
4438,199,2218,5,2022-03-02,Excellent quality
4439,849,2554,4,2025-02-27,Average experience
4440,334,3353,3,2023-07-12,Poor packaging
4441,448,3650,5,2022-03-28,Excellent quality
4442,406,412,5,2025-05-01,Not as expected
4443,551,664,3,2024-04-16,"Fast delivery, good product"
4444,461,668,5,2024-02-22,Would buy again
4445,833,1217,4,2023-06-09,Great product!
4446,850,3636,5,2024-03-18,Average experience
4447,436,2182,4,2023-03-12,Average experience
4448,263,3857,5,2022-02-26,Excellent quality
4449,700,2701,4,2023-04-24,Great product!
4450,643,3696,4,2025-01-12,Highly recommend
4451,501,2632,5,2024-09-15,Value for money
4452,334,1790,5,2024-09-06,"Fast delivery, good product"
4453,603,2645,1,2024-01-09,Poor packaging
4454,278,1332,4,2022-12-29,Not as expected
4455,636,868,5,2024-09-21,Poor packaging
4456,234,2240,2,2022-06-15,Great product!
4457,287,25,4,2022-08-01,Not as expected
4458,755,1848,5,2022-02-04,Excellent quality
4459,77,27,4,2022-08-07,Highly recommend
4460,830,804,4,2022-12-15,"Fast delivery, good product"
4461,115,3374,5,2023-03-17,Not as expected
4462,559,2022,3,2022-12-16,Not as expected
4463,429,3502,4,2022-04-18,Not as expected
4464,58,1441,5,2022-03-05,"Fast delivery, good product"
4465,401,1735,5,2024-09-28,"Fast delivery, good product"
4466,442,3486,2,2022-08-09,Waste of money
4467,571,893,4,2024-02-09,Poor packaging
4468,661,1805,5,2025-04-19,Poor packaging
4469,425,1066,4,2023-06-01,"Fast delivery, good product"
4470,228,3758,3,2025-03-26,Poor packaging
4471,600,3068,4,2023-12-19,Highly recommend
4472,602,1831,4,2025-04-08,Waste of money
4473,299,219,4,2025-08-28,Not as expected
4474,132,2075,4,2023-04-21,Excellent quality
4475,642,2552,4,2023-12-15,Not as expected
4476,573,694,5,2024-02-05,Excellent quality
4477,807,3825,5,2025-05-11,Waste of money
4478,11,3609,2,2024-01-18,Poor packaging
4479,772,1794,3,2025-03-05,Highly recommend
4480,287,152,5,2024-08-10,Not as expected
4481,254,740,4,2022-11-20,Waste of money
4482,855,769,5,2023-06-08,Waste of money
4483,502,3029,5,2023-02-22,Would buy again
4484,749,1375,5,2024-02-22,Would buy again
4485,95,777,5,2025-02-10,Waste of money
4486,537,3143,5,2022-03-29,Waste of money
4487,593,1718,5,2023-07-06,"Fast delivery, good product"
4488,162,410,3,2025-11-19,Would buy again
4489,316,3644,4,2023-02-02,Average experience
4490,838,2598,1,2022-08-23,Would buy again
4491,666,738,5,2025-09-22,Waste of money
4492,170,3675,5,2023-08-24,Value for money
4493,149,1443,3,2023-07-27,Average experience
4494,818,2749,4,2023-02-27,Excellent quality
4495,694,161,5,2022-01-14,"Fast delivery, good product"
4496,229,2597,5,2024-06-18,Value for money
4497,711,3662,5,2024-02-05,Great product!
4498,360,1992,5,2023-02-21,Would buy again
4499,235,314,5,2025-01-21,Excellent quality
4500,253,3020,5,2024-02-28,Great product!
4501,87,769,3,2023-05-16,Waste of money
4502,434,1703,5,2024-09-26,"Fast delivery, good product"
4503,570,2081,5,2024-11-30,Not as expected
4504,59,765,5,2022-11-04,Poor packaging
4505,235,535,5,2024-03-20,Value for money
4506,90,2527,5,2022-04-16,Excellent quality
4507,225,1248,5,2025-07-23,Poor packaging
4508,173,3185,5,2024-08-05,"Fast delivery, good product"
4509,396,2322,4,2024-09-04,Waste of money
4510,663,3646,5,2022-11-09,Not as expected
4511,45,2462,4,2022-02-20,Waste of money
4512,683,1531,5,2022-08-15,Poor packaging
4513,162,676,5,2022-06-15,Value for money
4514,776,1544,3,2022-12-28,Would buy again
4515,657,3341,5,2024-05-05,Excellent quality
4516,713,2888,5,2024-02-07,Poor packaging
4517,568,3766,2,2023-05-22,Waste of money
4518,502,3816,5,2022-06-25,Would buy again
4519,366,2460,3,2025-11-04,Great product!
4520,257,1369,3,2022-04-29,"Fast delivery, good product"
4521,123,2457,5,2024-06-03,Average experience
4522,233,1098,1,2023-06-01,Highly recommend
4523,366,1980,5,2023-08-29,Great product!
4524,530,401,5,2024-12-30,Value for money
4525,360,138,5,2023-08-15,Waste of money
4526,366,2962,4,2022-07-28,Poor packaging
4527,686,750,4,2024-10-26,Average experience
4528,166,3252,5,2023-04-07,Not as expected
4529,450,3494,2,2023-03-12,Waste of money
4530,576,2708,2,2023-07-25,Highly recommend
4531,886,3977,3,2023-03-30,Average experience
4532,473,2257,5,2022-04-23,Waste of money
4533,559,1906,5,2023-09-19,Value for money
4534,98,2987,5,2023-07-01,Would buy again
4535,377,668,5,2024-03-16,Average experience
4536,538,1083,4,2025-08-02,Poor packaging
4537,233,1207,4,2024-08-30,Would buy again
4538,475,1745,1,2022-11-27,Average experience
4539,413,169,5,2023-08-16,Average experience
4540,502,3910,4,2023-08-14,Waste of money
4541,46,748,5,2024-08-12,Great product!
4542,215,3565,4,2024-02-07,Great product!
4543,461,1803,4,2023-12-15,"Fast delivery, good product"
4544,696,1863,4,2022-09-05,Average experience
4545,752,1913,4,2023-05-16,Value for money
4546,648,1077,1,2023-08-29,Excellent quality
4547,618,3808,5,2024-02-08,Highly recommend
4548,304,2683,4,2024-01-31,Waste of money
4549,87,2573,5,2024-06-08,Value for money
4550,284,340,5,2024-04-10,Value for money
4551,497,3900,2,2022-12-04,Great product!
4552,182,1852,5,2022-04-16,Highly recommend
4553,55,1128,5,2025-06-27,Value for money
4554,503,2616,3,2022-03-30,Poor packaging
4555,517,2269,1,2025-08-23,Average experience
4556,252,1697,5,2025-12-18,Average experience
4557,737,2157,5,2023-07-20,"Fast delivery, good product"
4558,761,1562,5,2025-04-14,Poor packaging
4559,740,2127,1,2024-05-08,"Fast delivery, good product"
4560,135,495,5,2023-08-07,Not as expected
4561,212,1354,4,2022-12-28,Waste of money
4562,456,324,4,2025-10-31,Value for money
4563,182,541,4,2025-04-25,Not as expected
4564,314,1948,4,2024-05-16,Great product!
4565,422,2312,1,2025-04-03,"Fast delivery, good product"
4566,296,1749,3,2025-07-09,Excellent quality
4567,709,1479,4,2023-11-18,Highly recommend
4568,27,927,1,2024-11-21,Highly recommend
4569,722,509,4,2023-01-20,Highly recommend
4570,846,1524,5,2025-03-23,Average experience
4571,122,743,5,2025-03-10,Highly recommend
4572,745,3043,4,2023-08-07,Highly recommend
4573,147,109,3,2025-07-03,Waste of money
4574,514,2254,5,2025-12-12,"Fast delivery, good product"
4575,424,2066,4,2023-01-04,Highly recommend
4576,238,1576,4,2024-10-29,Average experience
4577,570,1669,4,2025-03-28,Waste of money
4578,97,753,5,2024-02-13,"Fast delivery, good product"
4579,388,981,1,2025-09-05,Highly recommend
4580,146,1336,5,2025-12-20,Great product!
4581,416,2208,4,2023-10-23,Value for money
4582,98,289,3,2022-07-16,Value for money
4583,619,2976,5,2023-10-12,Excellent quality
4584,847,1689,5,2022-01-26,Waste of money
4585,266,584,5,2023-07-08,Not as expected
4586,387,1770,4,2023-05-21,Waste of money
4587,715,1300,4,2022-11-10,Not as expected
4588,171,1866,4,2022-02-08,Poor packaging
4589,280,1989,3,2024-08-02,Great product!
4590,457,2885,5,2022-01-12,Excellent quality
4591,310,143,4,2024-08-22,Waste of money
4592,263,1745,2,2023-06-26,Would buy again
4593,28,2115,5,2023-01-23,"Fast delivery, good product"
4594,473,3628,3,2024-12-17,Highly recommend
4595,389,2548,1,2025-01-06,Highly recommend
4596,687,2137,5,2023-03-19,Great product!
4597,360,3787,4,2025-09-19,Value for money
4598,162,356,3,2024-01-22,Average experience
4599,683,2326,4,2025-02-24,Excellent quality
4600,340,3865,5,2024-05-05,Excellent quality
4601,508,2376,5,2023-02-24,Highly recommend
4602,739,577,5,2025-03-13,Not as expected
4603,349,1239,3,2024-12-09,"Fast delivery, good product"
4604,175,1193,2,2023-12-30,Highly recommend
4605,593,3380,5,2024-09-05,Value for money
4606,584,3579,4,2022-08-08,Average experience
4607,295,3009,3,2023-02-16,Would buy again
4608,831,42,4,2025-12-29,Average experience
4609,375,2161,5,2024-10-19,Average experience
4610,282,252,3,2025-05-16,Highly recommend
4611,443,2225,3,2024-11-04,Highly recommend
4612,825,3020,4,2024-01-05,Poor packaging
4613,11,3585,3,2024-05-31,Highly recommend
4614,766,1583,5,2023-05-25,"Fast delivery, good product"
4615,239,1778,5,2025-12-21,Excellent quality
4616,597,1833,4,2023-02-13,Not as expected
4617,655,1024,4,2023-12-24,Would buy again
4618,621,3678,3,2024-06-16,Great product!
4619,324,2322,4,2022-02-06,Great product!
4620,399,518,4,2023-09-30,Would buy again
4621,175,2106,4,2024-09-01,Not as expected
4622,335,1445,4,2023-03-25,Excellent quality
4623,796,2654,4,2024-12-12,Average experience
4624,49,2114,5,2022-10-30,Value for money
4625,352,240,5,2024-07-12,Not as expected
4626,672,27,5,2025-09-09,Not as expected
4627,206,1573,5,2025-06-10,Waste of money
4628,331,450,3,2025-01-05,Average experience
4629,306,2341,3,2024-12-07,Excellent quality
4630,537,3538,5,2023-03-07,Not as expected
4631,516,1354,3,2023-09-14,Highly recommend
4632,704,3759,5,2022-11-11,Highly recommend
4633,870,1715,1,2024-06-03,Waste of money
4634,454,810,4,2025-01-22,Waste of money
4635,865,811,5,2022-09-19,Great product!
4636,683,159,4,2024-07-08,Waste of money
4637,174,461,4,2025-04-16,Would buy again
4638,809,1241,3,2024-05-01,"Fast delivery, good product"
4639,607,1411,4,2023-08-23,Not as expected
4640,194,2839,5,2025-10-12,Not as expected
4641,798,406,5,2025-10-25,Highly recommend
4642,798,4000,5,2025-12-17,Poor packaging
4643,344,3589,5,2022-01-06,Excellent quality
4644,207,2495,4,2023-03-14,Average experience
4645,357,3455,5,2025-05-25,"Fast delivery, good product"
4646,732,167,4,2022-10-07,Excellent quality
4647,718,1428,3,2025-06-14,Would buy again
4648,637,1099,5,2025-10-01,Value for money
4649,207,725,5,2025-05-22,"Fast delivery, good product"
4650,155,2601,5,2025-11-22,Highly recommend
4651,839,159,1,2023-12-14,Value for money
4652,264,244,4,2022-10-06,Great product!
4653,257,1836,3,2023-03-18,Great product!
4654,638,1533,5,2025-06-04,Excellent quality
4655,78,3183,4,2022-01-16,Great product!
4656,122,13,4,2025-09-08,Poor packaging
4657,142,356,5,2025-04-05,Poor packaging
4658,90,3670,4,2023-06-07,Average experience
4659,890,278,4,2025-10-29,Great product!
4660,706,1082,5,2022-07-20,Waste of money
4661,492,3042,2,2024-09-16,Excellent quality
4662,677,431,4,2023-07-28,Highly recommend
4663,851,461,4,2022-09-10,Not as expected
4664,165,3253,5,2022-11-08,Average experience
4665,773,2946,4,2025-06-19,Poor packaging
4666,166,3457,4,2024-06-04,Excellent quality
4667,604,2319,4,2023-03-17,"Fast delivery, good product"
4668,382,3234,4,2024-02-20,Average experience
4669,490,2115,4,2022-03-30,Great product!
4670,573,1341,4,2022-11-07,Poor packaging
4671,688,665,4,2025-10-20,Great product!
4672,11,3825,5,2024-12-10,"Fast delivery, good product"
4673,498,1021,5,2025-09-17,Excellent quality
4674,886,2641,1,2024-10-19,Great product!
4675,898,2749,5,2025-02-23,Average experience
4676,45,1405,4,2022-10-30,"Fast delivery, good product"
4677,290,1402,5,2025-02-07,Highly recommend
4678,651,191,3,2025-02-28,Would buy again
4679,545,2582,5,2025-08-23,Poor packaging
4680,569,1068,4,2024-04-03,Poor packaging
4681,685,131,1,2025-06-22,Would buy again
4682,20,3864,2,2024-08-27,Excellent quality
4683,139,2456,5,2023-03-09,"Fast delivery, good product"
4684,647,3995,5,2024-04-02,Highly recommend
4685,270,3598,4,2023-04-10,Not as expected
4686,178,2565,5,2022-05-12,Value for money
4687,755,1419,4,2025-10-01,Excellent quality
4688,377,3445,4,2024-06-15,Great product!
4689,267,2542,2,2024-07-23,Not as expected
4690,689,2800,3,2024-03-08,Average experience
4691,113,2751,5,2025-08-14,Would buy again
4692,29,546,2,2024-12-30,Value for money
4693,852,320,5,2025-01-29,Waste of money
4694,502,2558,3,2023-10-24,Excellent quality
4695,318,2845,1,2024-11-12,"Fast delivery, good product"
4696,263,1945,5,2024-03-13,Would buy again
4697,190,1295,5,2025-07-27,Highly recommend
4698,473,724,4,2023-10-18,Value for money
4699,622,541,4,2023-11-28,Waste of money
4700,102,1099,4,2024-05-07,Great product!
4701,265,676,5,2025-11-20,Would buy again
4702,900,3437,4,2023-09-03,Highly recommend
4703,806,3641,3,2024-07-20,Great product!
4704,623,2015,5,2022-01-12,Not as expected
4705,825,2101,5,2023-07-10,Waste of money
4706,368,545,5,2024-11-21,Average experience
4707,790,3817,1,2025-03-14,Great product!
4708,294,2256,4,2022-12-24,Poor packaging
4709,205,3341,3,2023-02-14,Excellent quality
4710,580,3445,4,2024-01-11,"Fast delivery, good product"
4711,395,389,5,2023-01-05,Average experience
4712,306,387,1,2023-09-22,Great product!
4713,733,2891,5,2023-03-20,Value for money
4714,268,1608,4,2022-07-23,Highly recommend
4715,608,1104,5,2025-12-12,Average experience
4716,518,2800,5,2023-01-08,Great product!
4717,728,246,4,2025-02-24,Average experience
4718,342,2192,4,2023-11-19,Highly recommend
4719,633,2210,2,2025-10-05,Great product!
4720,898,865,3,2022-05-07,Poor packaging
4721,320,3216,5,2025-08-03,Not as expected
4722,739,3713,3,2022-03-04,Would buy again
4723,464,3710,3,2023-12-30,Poor packaging
4724,52,2964,4,2022-07-15,Great product!
4725,323,2773,3,2022-10-10,Excellent quality
4726,108,212,4,2022-05-09,Waste of money
4727,437,1060,5,2025-09-14,Great product!
4728,334,3611,4,2023-11-16,Value for money
4729,742,853,5,2024-08-29,Waste of money
4730,819,1425,5,2024-09-11,"Fast delivery, good product"
4731,321,1461,3,2025-01-19,Highly recommend
4732,598,326,4,2024-02-11,Great product!
4733,892,580,5,2024-05-14,Would buy again
4734,5,1061,5,2024-11-29,Excellent quality
4735,775,2974,5,2023-02-14,Great product!
4736,395,3149,5,2022-07-22,Highly recommend
4737,672,2127,5,2024-12-27,Highly recommend
4738,774,1665,4,2024-04-13,Great product!
4739,99,1080,5,2025-11-15,Average experience
4740,880,1095,4,2025-06-12,Poor packaging
4741,5,3931,5,2023-11-19,Waste of money
4742,353,707,2,2025-05-31,"Fast delivery, good product"
4743,632,2860,5,2024-06-09,Excellent quality
4744,638,1305,5,2022-05-08,Average experience
4745,646,2309,5,2022-08-22,Waste of money
4746,145,803,4,2023-10-25,Value for money
4747,505,977,1,2023-04-11,Highly recommend
4748,461,1068,3,2023-06-27,Value for money
4749,349,2514,4,2024-05-28,"Fast delivery, good product"
4750,736,3213,5,2022-05-02,Highly recommend
4751,684,2919,5,2022-09-11,Excellent quality
4752,851,1275,4,2025-10-15,Waste of money
4753,787,1913,3,2025-12-24,Would buy again
4754,556,2413,3,2025-01-29,Average experience
4755,327,3755,5,2025-10-11,Waste of money
4756,93,2645,5,2025-09-13,Value for money
4757,876,1055,3,2025-07-01,Highly recommend
4758,726,1821,2,2025-11-19,Highly recommend
4759,403,584,2,2022-01-22,Average experience
4760,897,3554,5,2022-07-22,Average experience
4761,57,612,3,2025-10-08,Not as expected
4762,285,2528,5,2025-09-22,Value for money
4763,617,1948,4,2025-09-13,Great product!
4764,178,1511,3,2023-01-15,Great product!
4765,196,2091,5,2022-10-26,Waste of money
4766,602,1302,4,2022-08-13,Poor packaging
4767,673,3350,5,2022-03-14,Not as expected
4768,505,2234,4,2023-11-27,Value for money
4769,69,717,4,2024-03-31,Value for money
4770,432,2252,5,2022-02-17,Great product!
4771,621,1342,3,2022-07-11,Value for money
4772,174,3836,4,2024-01-30,Not as expected
4773,584,3982,3,2022-08-19,Not as expected
4774,147,3804,1,2024-03-29,Poor packaging
4775,132,3582,5,2023-04-14,Value for money
4776,785,1872,4,2025-07-03,Would buy again
4777,345,481,4,2024-06-13,Waste of money
4778,328,2573,3,2024-05-02,Would buy again
4779,487,2074,4,2023-12-08,Would buy again
4780,45,828,5,2023-05-26,Great product!
4781,226,2198,3,2022-05-26,Great product!
4782,200,2168,5,2024-03-14,Average experience
4783,309,3645,1,2023-10-24,Highly recommend
4784,419,1579,5,2023-01-28,Great product!
4785,721,807,3,2025-02-25,Highly recommend
4786,98,1119,5,2024-06-17,Value for money
4787,507,2091,5,2022-07-25,Average experience
4788,555,886,3,2025-10-10,"Fast delivery, good product"
4789,765,154,4,2023-09-26,Excellent quality
4790,553,1516,5,2022-04-24,Great product!
4791,298,1249,5,2025-05-08,Not as expected
4792,72,755,2,2022-10-27,Excellent quality
4793,842,789,5,2025-04-07,Average experience
4794,521,593,4,2024-03-16,Excellent quality
4795,753,1899,4,2025-07-20,Waste of money
4796,239,3364,5,2022-08-30,Excellent quality
4797,371,3247,4,2025-10-07,Poor packaging
4798,438,1346,5,2024-10-10,Would buy again
4799,432,161,5,2022-01-21,Waste of money
4800,771,611,5,2024-06-02,Excellent quality
4801,103,3402,3,2025-01-10,Great product!
4802,178,3275,2,2025-06-16,"Fast delivery, good product"
4803,9,3329,5,2023-03-06,Great product!
4804,301,1020,5,2024-03-10,Not as expected
4805,408,2254,3,2024-06-11,Poor packaging
4806,674,2108,5,2025-05-21,Waste of money
4807,632,2863,5,2022-03-02,Value for money
4808,734,2441,5,2023-04-28,"Fast delivery, good product"
4809,835,745,3,2023-09-04,Excellent quality
4810,513,3360,5,2023-04-26,"Fast delivery, good product"
4811,668,858,1,2023-06-11,Not as expected
4812,439,458,4,2025-08-13,Poor packaging
4813,533,2265,5,2024-07-30,Waste of money
4814,250,1443,5,2023-10-29,Would buy again
4815,611,1958,5,2025-08-04,Highly recommend
4816,367,2540,4,2022-01-12,"Fast delivery, good product"
4817,23,3441,4,2025-09-24,Would buy again
4818,274,1048,5,2023-05-20,Excellent quality
4819,195,1320,1,2022-07-13,Waste of money
4820,295,2711,4,2025-10-02,Great product!
4821,181,373,5,2024-08-14,Value for money
4822,20,2564,5,2023-07-31,Not as expected
4823,118,1964,5,2023-05-09,"Fast delivery, good product"
4824,303,931,5,2025-01-31,Highly recommend
4825,328,617,4,2023-08-07,Highly recommend
4826,799,1868,2,2024-08-15,"Fast delivery, good product"
4827,190,29,5,2023-07-29,Would buy again
4828,393,899,4,2022-03-23,Great product!
4829,234,525,5,2025-02-06,Highly recommend
4830,516,77,5,2022-03-31,Would buy again
4831,677,2856,2,2025-12-26,Great product!
4832,818,2503,5,2023-12-11,"Fast delivery, good product"
4833,783,2355,3,2023-09-01,Highly recommend
4834,585,907,4,2022-02-05,Excellent quality
4835,133,90,4,2024-11-15,Waste of money
4836,538,526,1,2025-12-29,Excellent quality
4837,860,3820,4,2024-06-09,Great product!
4838,516,1613,4,2023-05-23,Not as expected
4839,288,2903,5,2025-10-29,Value for money
4840,583,1016,3,2024-01-03,Would buy again
4841,804,674,3,2025-11-16,Great product!
4842,2,276,5,2022-11-27,Great product!
4843,829,1820,4,2022-04-12,Average experience
4844,466,193,5,2022-01-27,Would buy again
4845,722,3290,4,2022-01-14,Would buy again
4846,544,3491,4,2023-03-05,Highly recommend
4847,112,1031,4,2024-02-04,Would buy again
4848,291,3548,5,2023-06-03,Waste of money
4849,178,2236,5,2023-04-18,Average experience
4850,234,383,4,2022-09-20,Waste of money
4851,862,757,4,2022-03-01,Great product!
4852,497,3520,2,2023-09-23,Waste of money
4853,132,2584,5,2025-03-25,Value for money
4854,532,601,5,2025-03-31,Would buy again
4855,84,2978,4,2023-02-28,Not as expected
4856,170,1087,5,2023-08-30,Highly recommend
4857,377,2192,4,2022-11-10,Average experience
4858,101,1058,5,2025-08-11,Would buy again
4859,587,2657,5,2024-06-09,"Fast delivery, good product"
4860,781,2126,3,2023-06-26,"Fast delivery, good product"
4861,738,3927,1,2024-08-14,Poor packaging
4862,279,1105,5,2025-07-14,Poor packaging
4863,833,2311,3,2025-02-04,"Fast delivery, good product"
4864,886,3920,4,2025-12-13,Highly recommend
4865,782,1537,4,2023-12-11,Excellent quality
4866,659,1103,5,2025-03-29,Excellent quality
4867,714,1824,5,2025-07-06,Waste of money
4868,680,3692,3,2022-03-22,Value for money
4869,842,3511,5,2025-07-04,Would buy again
4870,715,2877,4,2025-04-23,Great product!
4871,300,2493,5,2023-06-20,Highly recommend
4872,731,1999,5,2023-06-21,Would buy again
4873,663,2987,5,2022-10-18,Excellent quality
4874,767,1131,3,2024-05-02,Would buy again
4875,104,1202,5,2022-01-31,Great product!
4876,844,1263,5,2022-11-12,Excellent quality
4877,709,1362,5,2022-04-06,Excellent quality
4878,684,753,5,2023-03-16,Value for money
4879,515,1977,5,2024-11-29,Great product!
4880,379,3273,3,2024-03-22,Highly recommend
4881,24,3808,3,2022-01-28,Not as expected
4882,893,2148,5,2025-01-24,Waste of money
4883,870,536,3,2024-10-17,Great product!
4884,576,2998,5,2022-07-05,Would buy again
4885,429,2971,5,2024-02-02,Value for money
4886,832,3416,3,2024-09-23,Average experience
4887,623,1887,5,2025-10-21,Highly recommend
4888,15,2919,4,2023-04-10,"Fast delivery, good product"
4889,439,3379,5,2023-06-29,Highly recommend
4890,861,2136,4,2024-10-05,Not as expected
4891,598,2772,5,2025-05-20,Average experience
4892,87,1496,5,2024-04-30,Great product!
4893,15,2641,5,2024-03-07,Poor packaging
4894,687,3471,5,2024-01-01,Great product!
4895,85,3983,3,2024-07-15,Great product!
4896,138,3013,4,2022-10-19,Waste of money
4897,718,1774,5,2022-07-22,Great product!
4898,125,3965,4,2024-05-14,Average experience
4899,288,1130,5,2025-11-16,Would buy again
4900,56,3894,5,2023-03-23,Excellent quality
4901,390,3448,4,2023-08-11,Would buy again
4902,507,3037,5,2024-01-17,Not as expected
4903,822,240,3,2024-02-15,"Fast delivery, good product"
4904,819,3980,3,2025-12-06,Poor packaging
4905,289,2448,5,2023-01-27,Value for money
4906,690,383,5,2023-12-26,Waste of money
4907,823,2350,4,2024-01-27,Not as expected
4908,641,1151,4,2023-09-30,Highly recommend
4909,106,3511,4,2024-11-15,Waste of money
4910,161,1280,3,2023-05-01,Excellent quality
4911,594,70,5,2023-04-27,Waste of money
4912,238,3250,4,2024-10-27,Waste of money
4913,446,3715,5,2025-01-11,Poor packaging
4914,533,2775,4,2024-02-17,Highly recommend
4915,368,1656,5,2022-08-04,Average experience
4916,277,1601,4,2025-06-07,Great product!
4917,401,1049,3,2022-12-01,Not as expected
4918,692,1000,4,2025-09-14,Not as expected
4919,589,2078,4,2023-04-04,Excellent quality
4920,271,1897,5,2024-07-06,Average experience
4921,686,3279,3,2025-02-08,Not as expected
4922,895,1348,5,2025-10-21,Would buy again
4923,612,1116,5,2022-05-30,Average experience
4924,355,235,2,2025-12-11,Waste of money
4925,569,3145,5,2024-11-04,Waste of money
4926,579,1062,4,2025-08-06,Excellent quality
4927,856,830,4,2023-01-31,Waste of money
4928,181,3688,4,2025-09-28,Poor packaging
4929,469,104,5,2023-10-23,Waste of money
4930,509,24,1,2023-03-20,Poor packaging
4931,701,139,5,2022-08-27,Excellent quality
4932,488,257,4,2024-12-19,Average experience
4933,798,2446,2,2025-01-21,Value for money
4934,295,2245,4,2024-05-24,Value for money
4935,330,1032,3,2025-02-27,"Fast delivery, good product"
4936,382,2809,5,2022-12-16,Would buy again
4937,283,2231,1,2023-11-20,Highly recommend
4938,70,1943,5,2024-06-01,Would buy again
4939,309,1463,5,2024-05-28,Not as expected
4940,474,2487,5,2023-09-16,Value for money
4941,506,3515,5,2024-08-11,Great product!
4942,311,427,4,2023-11-28,Value for money
4943,22,1228,4,2024-03-06,Excellent quality
4944,547,619,4,2023-11-23,Highly recommend
4945,501,3133,4,2023-07-15,Highly recommend
4946,84,1636,4,2025-11-20,Average experience
4947,182,3832,5,2023-08-11,Highly recommend
4948,154,720,4,2025-05-02,Great product!
4949,892,2824,5,2022-11-24,Waste of money
4950,789,1466,2,2023-01-06,Great product!
4951,505,3604,3,2022-04-08,Great product!
4952,859,2347,5,2025-05-01,Would buy again
4953,691,199,3,2023-03-25,Not as expected
4954,174,638,4,2025-10-28,Average experience
4955,400,2888,4,2024-10-09,Great product!
4956,814,3841,5,2022-08-28,Great product!
4957,335,3679,5,2024-09-12,Average experience
4958,434,1247,1,2023-03-04,"Fast delivery, good product"
4959,137,3630,5,2025-02-01,Highly recommend
4960,832,1958,4,2023-05-23,Great product!
4961,160,1966,4,2025-05-30,Not as expected
4962,62,1017,2,2024-03-04,Great product!
4963,276,3636,3,2024-08-26,Highly recommend
4964,252,1663,5,2023-03-01,Great product!
4965,252,1560,2,2024-06-13,Excellent quality
4966,693,316,4,2024-01-28,Highly recommend
4967,614,3739,5,2024-09-22,Highly recommend
4968,612,3999,5,2024-06-15,Value for money
4969,665,3090,5,2022-08-06,Poor packaging
4970,300,183,4,2022-07-15,Great product!
4971,708,1579,1,2022-05-05,Value for money
4972,803,2224,5,2025-05-16,Average experience
4973,412,1262,5,2025-02-27,"Fast delivery, good product"
4974,134,3246,3,2022-12-10,Highly recommend
4975,209,235,4,2024-09-26,Highly recommend
4976,523,557,4,2025-10-06,Highly recommend
4977,303,2761,2,2022-05-12,"Fast delivery, good product"
4978,773,2017,3,2022-11-24,Would buy again
4979,478,1890,2,2025-08-01,Excellent quality
4980,108,477,3,2025-09-23,Excellent quality
4981,57,3372,3,2023-05-14,Poor packaging
4982,647,509,4,2025-06-05,Value for money
4983,823,2116,4,2024-12-11,Excellent quality
4984,207,500,4,2023-11-18,Would buy again
4985,609,368,2,2022-04-14,Highly recommend
4986,743,2191,4,2025-04-26,Highly recommend
4987,829,3494,3,2025-12-17,Not as expected
4988,97,1752,1,2024-08-26,Poor packaging
4989,441,1498,5,2024-01-21,Value for money
4990,274,1003,3,2025-01-13,Not as expected
4991,521,3197,5,2023-04-27,Poor packaging
4992,863,872,2,2022-07-09,"Fast delivery, good product"
4993,10,2489,3,2025-04-09,Highly recommend
4994,732,1786,3,2022-12-21,Highly recommend
4995,512,3713,5,2024-11-04,Not as expected
4996,746,3254,5,2022-06-21,Highly recommend
4997,617,2539,5,2023-04-13,Great product!
4998,128,3102,4,2024-10-12,Average experience
4999,83,62,5,2025-04-13,Not as expected
5000,279,2133,4,2022-02-21,Great product!
5001,379,393,2,2025-02-20,Average experience
5002,436,2076,3,2022-05-11,Not as expected
5003,1,3477,4,2022-08-28,Average experience
5004,580,38,3,2025-09-24,Would buy again
5005,634,1815,4,2023-07-16,Value for money
5006,695,3962,5,2024-05-18,Would buy again
5007,559,3520,2,2022-11-17,"Fast delivery, good product"
5008,383,3250,3,2023-06-09,Would buy again
5009,698,38,5,2022-12-29,Poor packaging
5010,459,3857,4,2023-04-29,"Fast delivery, good product"
5011,800,1472,4,2025-08-11,"Fast delivery, good product"
5012,684,1839,4,2024-02-27,Highly recommend
5013,353,1395,3,2022-11-24,Not as expected
5014,445,1056,2,2025-02-02,Waste of money
5015,152,3883,5,2024-12-17,Would buy again
5016,332,269,5,2025-09-03,Poor packaging
5017,461,411,2,2022-04-26,Great product!
5018,441,1856,5,2025-02-03,Not as expected
5019,539,1243,1,2022-04-28,Highly recommend
5020,636,3389,4,2025-08-31,"Fast delivery, good product"
5021,720,1321,1,2023-07-24,Value for money
5022,754,2879,5,2025-05-01,Excellent quality
5023,664,2160,5,2022-05-10,Not as expected
5024,9,855,5,2022-07-15,Waste of money
5025,413,268,5,2025-11-11,Not as expected
5026,57,3630,5,2022-06-17,Average experience
5027,673,3670,4,2023-01-14,Highly recommend
5028,246,3941,4,2022-07-30,Great product!
5029,888,3974,3,2024-01-12,Highly recommend
5030,800,2401,3,2024-11-16,Excellent quality
5031,872,3092,4,2024-02-06,Would buy again
5032,467,2028,3,2022-09-21,Value for money
5033,252,285,3,2024-12-14,Excellent quality
5034,452,2345,5,2024-08-04,Excellent quality
5035,82,3675,4,2023-12-25,Not as expected
5036,669,276,5,2025-06-27,"Fast delivery, good product"
5037,165,2430,4,2024-11-11,Great product!
5038,413,1228,2,2025-09-28,Average experience
5039,654,538,3,2023-05-19,Not as expected
5040,531,3625,5,2023-04-23,Average experience
5041,391,3586,4,2025-03-06,Waste of money
5042,823,1487,5,2025-08-07,Average experience
5043,172,2566,2,2025-12-09,"Fast delivery, good product"
5044,314,2212,3,2024-01-03,Value for money
5045,765,3897,3,2022-01-30,Great product!
5046,618,2092,4,2024-03-01,Would buy again
5047,739,2613,5,2025-01-17,"Fast delivery, good product"
5048,59,2629,4,2024-12-02,Highly recommend
5049,265,3268,4,2025-05-23,Not as expected
5050,810,3249,1,2025-02-17,Would buy again
5051,423,164,5,2022-05-15,Highly recommend
5052,668,212,4,2022-10-20,Highly recommend
5053,553,1208,5,2024-07-29,Highly recommend
5054,893,2492,5,2024-09-23,Not as expected
5055,523,3436,5,2022-05-27,Great product!
5056,834,1122,3,2025-10-13,Great product!
5057,655,1421,3,2023-08-02,Waste of money
5058,280,2033,5,2024-10-19,Not as expected
5059,303,605,3,2025-06-20,Excellent quality
5060,400,2011,5,2023-11-08,Waste of money
5061,417,1043,4,2025-09-20,Poor packaging
5062,27,1472,5,2023-06-16,Value for money
5063,762,3812,5,2024-10-28,Great product!
5064,298,2495,4,2023-05-10,Value for money
5065,111,2983,4,2023-12-05,Not as expected
5066,700,2488,5,2023-04-10,Average experience
5067,333,3931,4,2024-07-09,Excellent quality
5068,768,2212,4,2025-01-04,Value for money
5069,311,3830,4,2025-09-28,Average experience
5070,812,687,5,2024-08-08,Value for money
5071,88,2358,2,2023-05-03,Not as expected
5072,137,1810,5,2022-08-14,Average experience
5073,570,3975,4,2022-11-22,Not as expected
5074,6,1274,2,2022-03-26,Not as expected
5075,585,881,4,2022-08-04,Would buy again
5076,543,25,4,2024-06-27,Highly recommend
5077,876,742,4,2024-03-17,Average experience
5078,120,1366,5,2022-02-07,Poor packaging
5079,225,2276,4,2025-06-03,Excellent quality
5080,806,266,4,2023-08-31,Poor packaging
5081,54,1082,5,2025-04-24,Would buy again
5082,85,2739,5,2025-02-09,Great product!
5083,342,211,4,2023-02-07,Average experience
5084,320,999,5,2022-10-26,Would buy again
5085,45,276,4,2023-02-13,Waste of money
5086,40,2549,4,2024-01-06,Value for money
5087,196,1454,4,2025-09-17,Great product!
5088,840,1520,4,2025-09-22,Value for money
5089,321,1337,5,2022-02-15,Highly recommend
5090,807,2539,5,2023-11-20,Value for money
5091,676,3743,4,2024-12-23,Excellent quality
5092,172,491,2,2025-11-13,Value for money
5093,641,1703,4,2023-02-05,Excellent quality
5094,86,3217,5,2025-07-29,Excellent quality
5095,757,3936,5,2023-02-02,"Fast delivery, good product"
5096,691,1794,4,2022-02-13,Poor packaging
5097,790,1165,4,2025-08-09,Not as expected
5098,815,3521,3,2023-10-20,Waste of money
5099,414,3568,4,2025-12-09,Would buy again
5100,624,3647,5,2024-05-19,Average experience
5101,125,667,4,2023-10-02,Excellent quality
5102,78,2832,5,2022-02-27,Waste of money
5103,560,2797,3,2023-04-19,Great product!
5104,412,1396,4,2022-03-17,Would buy again
5105,588,158,2,2024-12-17,Highly recommend
5106,171,2992,2,2024-05-15,Not as expected
5107,759,3438,4,2025-12-29,Waste of money
5108,512,304,5,2022-05-22,Not as expected
5109,564,1035,3,2024-04-02,Would buy again
5110,432,3685,4,2023-05-09,"Fast delivery, good product"
5111,278,494,4,2023-03-23,Excellent quality
5112,887,665,4,2025-11-09,Would buy again
5113,421,1489,5,2022-09-10,Great product!
5114,572,661,5,2022-05-22,Value for money
5115,76,1515,5,2024-05-31,Poor packaging
5116,446,3094,3,2022-02-09,Average experience
5117,879,1043,5,2023-03-05,Great product!
5118,144,3412,4,2024-02-04,Average experience
5119,211,3836,4,2025-01-05,Value for money
5120,513,1338,5,2024-11-03,Great product!
5121,526,1482,5,2022-12-29,Not as expected
5122,219,1769,2,2022-01-31,Excellent quality
5123,871,3612,4,2024-10-16,Average experience
5124,638,456,5,2022-04-05,Average experience
5125,231,139,4,2023-01-02,Excellent quality
5126,247,2678,5,2025-09-23,Value for money
5127,868,1353,5,2022-02-04,Great product!
5128,887,976,5,2024-05-27,Average experience
5129,408,640,3,2023-12-23,Not as expected
5130,104,3431,4,2024-12-09,Excellent quality
5131,397,3676,4,2023-02-25,Great product!
5132,212,3798,3,2023-07-17,Not as expected
5133,795,1135,4,2024-11-02,Poor packaging
5134,2,2076,5,2022-06-26,Excellent quality
5135,197,2784,4,2024-03-27,Poor packaging
5136,503,3776,5,2024-07-12,Waste of money
5137,333,3492,4,2023-06-20,Highly recommend
5138,884,170,4,2023-11-05,Would buy again
5139,48,1046,4,2024-03-22,Poor packaging
5140,120,999,4,2023-04-18,Value for money
5141,593,2871,4,2024-12-25,Average experience
5142,108,1073,4,2024-08-25,Excellent quality
5143,221,3794,4,2023-03-29,Poor packaging
5144,65,3002,4,2025-05-19,Highly recommend
5145,839,1193,3,2024-07-14,Great product!
5146,600,2053,5,2023-12-13,Highly recommend
5147,378,2104,4,2024-04-08,Not as expected
5148,839,2173,4,2022-04-06,Poor packaging
5149,373,2525,3,2025-09-02,Highly recommend
5150,10,1780,4,2024-01-04,Not as expected
5151,538,3638,3,2023-01-06,Poor packaging
5152,699,1064,5,2023-04-22,"Fast delivery, good product"
5153,864,608,3,2022-06-02,Average experience
5154,757,105,5,2025-12-20,Average experience
5155,878,1441,5,2022-10-26,Poor packaging
5156,451,3990,2,2025-12-25,Would buy again
5157,522,503,5,2023-01-21,Value for money
5158,755,1925,4,2023-08-25,Not as expected
5159,652,3959,5,2022-01-31,Would buy again
5160,580,2845,5,2025-08-07,Great product!
5161,791,1556,3,2023-07-19,Excellent quality
5162,363,2206,4,2022-12-24,"Fast delivery, good product"
5163,462,3856,1,2024-10-17,Average experience
5164,847,3958,3,2022-04-03,Poor packaging
5165,790,2466,4,2023-12-10,Not as expected
5166,388,3797,4,2025-02-03,Not as expected
5167,759,221,5,2024-08-20,Highly recommend
5168,537,2614,5,2025-12-27,Waste of money
5169,771,3634,4,2023-06-30,Highly recommend
5170,748,3743,5,2025-04-03,Waste of money
5171,495,1418,4,2025-10-30,Value for money
5172,517,1112,4,2025-03-06,Great product!
5173,694,734,5,2022-11-03,"Fast delivery, good product"
5174,715,316,5,2023-12-25,Average experience
5175,267,1297,3,2023-06-28,Excellent quality
5176,387,3273,4,2024-12-18,Average experience
5177,525,538,4,2024-05-08,Poor packaging
5178,343,3515,1,2024-02-17,Not as expected
5179,471,931,5,2025-11-13,Not as expected
5180,5,3518,4,2025-04-08,Great product!
5181,257,3772,4,2023-06-02,Excellent quality
5182,796,1159,5,2023-09-03,Great product!
5183,525,1769,3,2024-02-23,Would buy again
5184,511,1729,5,2023-05-15,Not as expected
5185,138,2221,2,2022-12-06,Great product!
5186,716,1822,4,2025-06-21,Value for money
5187,124,357,2,2024-12-10,Not as expected
5188,733,1025,5,2024-01-29,"Fast delivery, good product"
5189,900,1675,3,2024-09-13,Average experience
5190,732,1183,4,2023-08-21,Great product!
5191,336,3200,5,2022-12-09,Waste of money
5192,9,1477,5,2023-02-18,Value for money
5193,628,1741,3,2023-09-18,Value for money
5194,287,3807,5,2025-04-15,Would buy again
5195,45,635,1,2024-10-30,Average experience
5196,195,533,5,2023-04-25,Would buy again
5197,327,3116,4,2022-08-25,Excellent quality
5198,96,3479,4,2022-07-11,"Fast delivery, good product"
5199,442,1418,5,2022-05-09,Excellent quality
5200,685,3132,5,2022-03-24,Excellent quality
5201,603,2741,4,2024-11-02,Waste of money
5202,848,3106,3,2025-08-09,Poor packaging
5203,894,3791,4,2023-02-28,Great product!
5204,504,1267,5,2022-06-11,Poor packaging
5205,261,843,2,2024-02-03,Great product!
5206,467,1334,3,2022-08-01,Would buy again
5207,198,673,4,2024-07-13,Average experience
5208,694,680,3,2023-03-05,Great product!
5209,236,2209,4,2023-06-01,Would buy again
5210,211,2325,2,2022-11-14,"Fast delivery, good product"
5211,544,343,5,2025-05-09,Excellent quality
5212,855,25,3,2025-08-03,Great product!
5213,769,725,4,2025-10-08,Great product!
5214,202,1409,4,2023-01-04,Highly recommend
5215,610,654,3,2024-10-19,Poor packaging
5216,753,3342,5,2025-10-27,Average experience
5217,814,3100,4,2023-01-18,Poor packaging
5218,298,80,2,2023-10-16,Average experience
5219,239,3207,4,2025-05-01,Excellent quality
5220,517,3970,4,2022-09-16,Value for money
5221,204,317,5,2025-12-02,Highly recommend
5222,834,474,5,2024-08-28,Excellent quality
5223,656,2949,4,2022-06-15,Value for money
5224,763,158,1,2022-04-23,Value for money
5225,423,2473,4,2024-01-15,"Fast delivery, good product"
5226,266,1838,4,2022-11-13,"Fast delivery, good product"
5227,64,3885,3,2025-07-03,Would buy again
5228,30,164,5,2024-11-30,Poor packaging
5229,432,3668,3,2022-08-08,Value for money
5230,637,1360,5,2022-03-07,Would buy again
5231,95,2121,4,2023-05-31,Would buy again
5232,334,1278,4,2022-02-23,Excellent quality
5233,885,1996,3,2025-05-08,Highly recommend
5234,873,3689,4,2025-06-12,Value for money
5235,260,298,5,2022-07-23,Would buy again
5236,31,312,3,2023-07-05,Would buy again
5237,207,1882,3,2025-08-27,Value for money
5238,611,1507,5,2024-05-31,Value for money
5239,163,1249,3,2025-03-05,Great product!
5240,473,3840,5,2024-11-29,"Fast delivery, good product"
5241,159,1368,1,2023-01-04,Highly recommend
5242,226,531,4,2022-04-02,Not as expected
5243,622,3767,4,2023-08-31,Average experience
5244,610,3047,4,2022-03-08,Not as expected
5245,431,2116,3,2022-11-10,Highly recommend
5246,616,1845,3,2022-06-07,Value for money
5247,708,1290,4,2024-09-07,Value for money
5248,167,3260,2,2022-05-27,Would buy again
5249,802,1552,5,2024-01-15,Not as expected
5250,574,699,5,2022-12-28,Great product!
5251,444,561,5,2023-05-12,Waste of money
5252,499,3609,3,2024-06-18,Highly recommend
5253,258,1046,4,2025-05-06,"Fast delivery, good product"
5254,551,3683,3,2023-01-09,Excellent quality
5255,53,2990,2,2024-04-02,"Fast delivery, good product"
5256,895,209,4,2022-05-24,Not as expected
5257,454,2718,5,2025-11-11,"Fast delivery, good product"
5258,825,1776,5,2023-09-24,Waste of money
5259,395,444,3,2025-04-09,Waste of money
5260,58,2117,3,2022-04-13,Poor packaging
5261,528,578,5,2023-05-11,Excellent quality
5262,405,2481,5,2023-01-12,Poor packaging
5263,390,195,5,2023-12-09,Not as expected
5264,847,2568,2,2023-10-13,Average experience
5265,309,2921,4,2025-10-30,Excellent quality
5266,262,2794,1,2025-12-04,Great product!
5267,476,119,4,2024-02-05,Highly recommend
5268,620,1361,4,2023-08-02,Would buy again
5269,202,340,5,2025-08-25,"Fast delivery, good product"
5270,294,1893,1,2022-09-11,Would buy again
5271,756,1361,3,2025-06-15,Value for money
5272,370,755,4,2022-01-20,Average experience
5273,168,2931,2,2025-06-27,"Fast delivery, good product"
5274,413,3665,5,2022-10-04,Not as expected
5275,515,2909,2,2023-10-11,Would buy again
5276,64,1535,4,2025-05-25,Waste of money
5277,705,592,4,2025-11-27,Would buy again
5278,57,650,5,2024-02-01,Value for money
5279,76,13,5,2024-05-21,Waste of money
5280,27,2435,3,2022-06-11,Poor packaging
5281,149,119,5,2024-05-28,"Fast delivery, good product"
5282,494,2802,5,2024-03-09,Excellent quality
5283,840,420,4,2025-11-15,Would buy again
5284,548,157,4,2023-09-18,"Fast delivery, good product"
5285,312,953,5,2025-01-03,Would buy again
5286,861,3889,5,2025-05-20,Great product!
5287,10,1093,5,2023-02-23,Value for money
5288,389,3446,5,2023-07-13,Great product!
5289,182,3758,4,2022-03-14,Would buy again
5290,900,2987,4,2022-07-23,Poor packaging
5291,92,2278,4,2023-01-27,Great product!
5292,366,2758,2,2022-07-04,Not as expected
5293,113,2948,4,2024-01-09,Not as expected
5294,589,1859,5,2024-10-10,Excellent quality
5295,463,377,5,2025-10-08,"Fast delivery, good product"
5296,246,1087,1,2023-10-29,Great product!
5297,816,3835,4,2025-11-22,Value for money
5298,532,992,5,2024-12-05,"Fast delivery, good product"
5299,809,950,4,2024-03-06,Excellent quality
5300,597,2899,5,2024-09-07,Not as expected
5301,491,1873,4,2024-02-01,Waste of money
5302,102,3160,4,2022-12-23,Excellent quality
5303,789,3284,4,2025-11-10,Would buy again
5304,662,1752,4,2025-01-06,Highly recommend
5305,358,3576,4,2025-08-20,Excellent quality
5306,185,1820,5,2024-01-09,Highly recommend
5307,838,100,2,2022-04-05,Not as expected
5308,691,1850,4,2022-09-08,Highly recommend
5309,517,3238,4,2024-10-13,Poor packaging
5310,646,3337,2,2023-01-14,Poor packaging
5311,592,2764,4,2023-10-23,Poor packaging
5312,500,3472,5,2023-03-09,Highly recommend
5313,442,1435,5,2022-09-03,Poor packaging
5314,109,741,4,2022-10-02,Highly recommend
5315,135,3355,4,2023-09-30,"Fast delivery, good product"
5316,738,2948,1,2024-12-23,Great product!
5317,577,809,5,2023-06-18,Value for money
5318,811,3634,5,2022-08-08,"Fast delivery, good product"
5319,62,2238,5,2023-07-15,Waste of money
5320,870,3577,4,2022-11-17,Not as expected
5321,330,2517,5,2024-06-23,Highly recommend
5322,240,1649,3,2025-01-06,Waste of money
5323,801,1716,2,2025-04-14,Poor packaging
5324,120,2771,4,2025-03-19,Highly recommend
5325,269,2594,3,2023-01-08,Waste of money
5326,698,2040,3,2023-12-23,Poor packaging
5327,334,2440,5,2022-04-13,Poor packaging
5328,153,3824,4,2023-04-26,Average experience
5329,304,709,5,2025-01-31,Would buy again
5330,636,545,5,2022-10-02,Value for money
5331,590,3370,5,2025-04-29,Great product!
5332,23,837,3,2022-05-22,Not as expected
5333,496,3263,4,2023-06-18,Highly recommend
5334,772,2085,5,2025-10-14,"Fast delivery, good product"
5335,520,3710,4,2023-06-27,Waste of money
5336,404,1761,4,2025-10-31,"Fast delivery, good product"
5337,545,1108,4,2022-06-21,Would buy again
5338,597,1337,2,2023-06-04,Average experience
5339,40,2090,5,2023-03-19,Excellent quality
5340,69,2688,4,2023-07-28,Highly recommend
5341,753,1384,4,2022-02-08,Highly recommend
5342,778,536,2,2023-09-27,Waste of money
5343,718,3484,2,2022-12-26,Would buy again
5344,223,2716,5,2022-04-25,Poor packaging
5345,733,2757,2,2025-04-19,Would buy again
5346,200,1316,4,2023-12-04,"Fast delivery, good product"
5347,145,2440,2,2022-10-04,"Fast delivery, good product"
5348,562,2785,4,2023-05-03,Great product!
5349,248,713,5,2025-09-29,Waste of money
5350,542,1086,4,2023-09-27,"Fast delivery, good product"
5351,363,341,4,2025-04-15,Great product!
5352,817,440,3,2022-08-19,Highly recommend
5353,53,308,2,2022-02-26,Poor packaging
5354,240,3277,5,2022-02-11,Great product!
5355,365,2654,4,2022-08-13,"Fast delivery, good product"
5356,520,3511,5,2023-08-05,"Fast delivery, good product"
5357,326,1550,3,2024-07-05,Great product!
5358,332,2082,4,2023-07-05,Value for money
5359,431,386,5,2023-08-04,Not as expected
5360,57,1596,3,2022-02-02,Waste of money
5361,151,2719,4,2024-09-25,Poor packaging
5362,74,1307,5,2022-10-10,Excellent quality
5363,618,2474,5,2025-08-13,Highly recommend
5364,445,697,4,2023-11-30,Would buy again
5365,36,1000,3,2024-11-06,Not as expected
5366,796,3464,5,2022-01-05,Would buy again
5367,814,3184,5,2025-01-30,Excellent quality
5368,595,152,3,2024-08-16,Highly recommend
5369,490,3264,1,2023-08-30,Would buy again
5370,39,2402,4,2023-07-20,Poor packaging
5371,757,3940,2,2022-05-20,Excellent quality
5372,780,580,4,2023-02-21,Waste of money
5373,561,626,3,2024-05-14,Great product!
5374,429,3163,4,2024-12-07,"Fast delivery, good product"
5375,657,281,4,2024-12-13,Great product!
5376,818,1664,3,2023-04-24,Excellent quality
5377,165,1788,4,2023-07-28,Would buy again
5378,357,1798,2,2024-02-15,Average experience
5379,340,245,4,2025-08-17,Poor packaging
5380,196,482,4,2025-03-12,Excellent quality
5381,52,2304,5,2022-06-06,Poor packaging
5382,475,3659,5,2023-08-14,Highly recommend
5383,672,2367,5,2023-05-06,Average experience
5384,546,2662,5,2023-12-06,Excellent quality
5385,328,3263,5,2022-04-30,Excellent quality
5386,126,785,4,2023-05-08,Value for money
5387,835,983,5,2023-05-01,Would buy again
5388,273,2890,5,2025-02-23,Not as expected
5389,47,731,4,2023-10-21,Waste of money
5390,573,1296,3,2022-09-15,Great product!
5391,555,1041,5,2025-11-18,Would buy again
5392,179,2927,1,2024-10-27,Waste of money
5393,243,3233,4,2023-10-24,Poor packaging
5394,500,2040,5,2022-06-17,Excellent quality
5395,194,266,4,2023-01-15,Great product!
5396,410,2746,5,2025-11-06,Value for money
5397,386,743,3,2023-09-01,Value for money
5398,174,308,5,2023-12-05,Average experience
5399,534,3600,2,2025-03-28,Great product!
5400,559,2593,4,2024-04-21,Great product!
5401,549,3343,4,2022-09-27,Excellent quality
5402,653,3211,3,2023-04-24,Would buy again
5403,733,2261,4,2024-04-18,Not as expected
5404,491,1666,2,2025-08-05,Not as expected
5405,509,3129,4,2025-11-22,Poor packaging
5406,186,1957,4,2022-06-05,Excellent quality
5407,677,3230,3,2023-08-15,Poor packaging
5408,635,3712,5,2025-07-02,Great product!
5409,372,2074,5,2023-02-23,Would buy again
5410,639,1530,3,2023-08-01,Average experience
5411,885,3766,5,2024-09-12,Waste of money
5412,120,3574,5,2025-11-11,Highly recommend
5413,454,2142,3,2025-08-20,Average experience
5414,197,1680,4,2025-08-11,Not as expected
5415,69,3163,2,2025-10-07,Poor packaging
5416,518,147,4,2024-07-10,Great product!
5417,688,1986,5,2025-06-22,Waste of money
5418,430,695,4,2025-10-30,Not as expected
5419,73,3133,4,2022-10-26,Not as expected
5420,844,690,5,2022-05-01,Not as expected
5421,668,3828,4,2025-11-20,"Fast delivery, good product"
5422,838,1211,3,2025-09-23,Not as expected
5423,113,1440,4,2024-09-13,Waste of money
5424,447,1423,3,2025-02-27,Excellent quality
5425,753,3755,4,2023-08-14,Poor packaging
5426,441,111,3,2024-01-07,Value for money
5427,365,1321,4,2022-01-24,Excellent quality
5428,345,2295,4,2023-04-15,Would buy again
5429,585,3081,4,2023-03-01,"Fast delivery, good product"
5430,518,3134,4,2022-04-26,Great product!
5431,86,814,4,2024-12-15,Poor packaging
5432,451,3421,4,2022-11-14,Value for money
5433,885,3611,3,2022-03-19,Highly recommend
5434,747,1534,5,2025-04-11,Poor packaging
5435,593,3670,4,2022-07-08,Not as expected
5436,499,950,3,2023-11-16,Value for money
5437,607,87,5,2024-03-02,Would buy again
5438,763,1936,4,2024-08-10,"Fast delivery, good product"
5439,223,2754,5,2023-02-01,Would buy again
5440,776,3894,3,2024-11-20,Value for money
5441,358,2847,5,2022-02-15,Value for money
5442,408,1840,4,2024-07-22,Average experience
5443,543,3970,3,2023-11-21,Highly recommend
5444,141,3085,4,2023-04-17,Would buy again
5445,4,2684,5,2024-04-20,Would buy again
5446,358,2182,4,2022-01-12,Highly recommend
5447,242,97,4,2024-05-13,"Fast delivery, good product"
5448,751,3392,2,2023-10-03,Highly recommend
5449,85,3638,5,2022-10-02,Highly recommend
5450,658,1869,2,2025-11-25,Excellent quality
5451,803,3000,3,2025-04-06,"Fast delivery, good product"
5452,667,2707,5,2023-05-22,"Fast delivery, good product"
5453,554,333,3,2024-07-06,Poor packaging
5454,306,3893,3,2023-10-12,Great product!
5455,8,476,5,2022-03-25,Would buy again
5456,634,2768,4,2023-07-11,Poor packaging
5457,502,3525,3,2022-05-18,Great product!
5458,410,3783,3,2025-02-21,Excellent quality
5459,639,3565,3,2023-12-05,Average experience
5460,528,2863,5,2024-08-10,Great product!
5461,880,3542,5,2022-11-27,Waste of money
5462,96,296,4,2024-01-22,Would buy again
5463,208,3734,5,2024-07-11,Not as expected
5464,86,2054,2,2023-03-22,Value for money
5465,584,3948,4,2025-11-27,Not as expected
5466,204,2505,5,2023-02-17,Poor packaging
5467,49,2088,5,2024-09-01,Average experience
5468,396,292,5,2024-11-29,Value for money
5469,514,449,2,2022-02-28,Average experience
5470,155,2665,2,2022-07-23,Value for money
5471,234,3394,5,2024-08-22,Great product!
5472,896,1560,5,2022-04-22,Would buy again
5473,266,2435,5,2023-11-06,Average experience
5474,884,211,5,2025-12-25,Average experience
5475,859,3901,3,2025-06-18,Not as expected
5476,525,3632,3,2022-05-23,Poor packaging
5477,717,3887,5,2022-01-09,Would buy again
5478,774,1891,2,2024-07-18,Average experience
5479,480,1329,5,2022-07-06,Value for money
5480,327,950,4,2025-02-21,Average experience
5481,357,3185,5,2022-09-01,Value for money
5482,244,3901,5,2022-06-14,Would buy again
5483,653,1172,4,2025-06-06,Great product!
5484,385,1307,5,2024-08-19,Highly recommend
5485,458,1329,5,2023-10-14,Value for money
5486,823,3247,5,2025-10-04,Average experience
5487,531,525,3,2022-07-07,Waste of money
5488,741,1956,4,2025-10-04,Would buy again
5489,422,1298,2,2025-04-23,Highly recommend
5490,306,391,3,2022-03-09,Value for money
5491,815,3538,5,2024-07-31,Highly recommend
5492,493,1384,2,2025-04-21,Excellent quality
5493,795,106,5,2024-09-16,Value for money
5494,469,3270,3,2024-06-29,Average experience
5495,84,3623,3,2022-06-13,Highly recommend
5496,304,1390,5,2022-06-11,Average experience
5497,259,3592,4,2024-04-28,Great product!
5498,246,1793,3,2023-05-01,Would buy again
5499,429,1375,3,2023-08-06,Great product!
5500,307,2927,1,2025-04-23,Not as expected
5501,564,1677,2,2023-01-30,Excellent quality
5502,482,45,4,2024-05-17,Great product!
5503,863,38,5,2023-09-26,"Fast delivery, good product"
5504,686,731,5,2023-03-17,Highly recommend
5505,779,944,5,2022-05-20,"Fast delivery, good product"
5506,204,2898,3,2022-01-01,Not as expected
5507,451,2026,5,2023-12-29,Not as expected
5508,599,2748,3,2022-09-06,Great product!
5509,475,902,4,2023-07-23,Not as expected
5510,203,956,5,2022-04-14,Average experience
5511,890,2146,5,2023-03-09,Poor packaging
5512,630,282,5,2025-07-09,Would buy again
5513,661,2061,4,2023-10-11,Would buy again
5514,476,1263,5,2024-04-22,Would buy again
5515,402,906,4,2025-08-17,Poor packaging
5516,88,1721,1,2023-09-14,Average experience
5517,773,1550,1,2022-12-16,Average experience
5518,674,1874,4,2023-02-25,Would buy again
5519,866,1015,3,2024-08-10,Would buy again
5520,162,2528,4,2022-02-15,Value for money
5521,739,2242,5,2024-07-22,Poor packaging
5522,391,1388,3,2025-02-02,Would buy again
5523,126,2353,4,2024-07-30,Poor packaging
5524,678,763,3,2023-03-11,Excellent quality
5525,110,2680,4,2023-01-08,Highly recommend
5526,610,1550,5,2024-06-10,Highly recommend
5527,473,728,3,2024-06-22,Waste of money
5528,131,1121,4,2022-09-18,Poor packaging
5529,662,2286,4,2025-08-10,Poor packaging
5530,323,2348,4,2025-05-19,Not as expected
5531,468,484,5,2023-03-26,Excellent quality
5532,281,3138,3,2025-06-07,Poor packaging
5533,90,100,5,2025-02-06,Value for money
5534,732,657,4,2022-11-17,"Fast delivery, good product"
5535,249,3976,5,2024-08-21,Waste of money
5536,773,3477,3,2023-06-26,"Fast delivery, good product"
5537,297,2294,4,2022-05-17,Would buy again
5538,122,3689,5,2022-01-09,Poor packaging
5539,721,1829,5,2024-03-06,Poor packaging
5540,744,2932,4,2022-11-17,Not as expected
5541,838,1005,2,2024-07-21,Would buy again
5542,692,1348,3,2022-08-11,Not as expected
5543,618,3004,5,2024-07-25,Value for money
5544,854,2885,5,2023-07-13,Great product!
5545,728,2017,5,2024-04-29,Would buy again
5546,577,646,5,2023-10-28,Waste of money
5547,429,610,5,2024-12-01,Average experience
5548,361,1287,2,2024-07-11,Highly recommend
5549,164,22,4,2023-06-19,Average experience
5550,848,1187,5,2024-08-09,Great product!
5551,618,2873,3,2025-10-26,Waste of money
5552,325,980,3,2024-07-26,Waste of money
5553,799,3743,1,2023-09-13,Not as expected
5554,827,3825,4,2023-08-28,Waste of money
5555,525,82,5,2022-10-31,Not as expected
5556,387,3098,4,2023-08-06,Poor packaging
5557,89,3173,1,2022-04-11,Average experience
5558,82,1318,4,2025-04-22,"Fast delivery, good product"
5559,95,1080,3,2025-05-11,Not as expected
5560,315,2723,5,2024-10-21,Highly recommend
5561,854,765,4,2022-10-03,"Fast delivery, good product"
5562,379,33,5,2024-06-02,Average experience
5563,683,1652,5,2023-11-28,Highly recommend
5564,849,1992,4,2024-07-20,Excellent quality
5565,89,2846,4,2023-08-30,Average experience
5566,897,3839,5,2025-09-27,Not as expected
5567,694,2820,1,2024-12-19,"Fast delivery, good product"
5568,815,1713,4,2022-10-25,Great product!
5569,797,1010,5,2023-01-10,Value for money
5570,103,3972,5,2022-08-23,Great product!
5571,827,2654,5,2023-03-24,Not as expected
5572,701,876,5,2022-12-18,Not as expected
5573,263,1414,5,2022-05-20,Waste of money
5574,844,2514,4,2025-10-03,Not as expected
5575,485,1820,5,2023-01-23,Not as expected
5576,24,1994,4,2024-03-13,Waste of money
5577,604,2746,4,2025-01-23,Not as expected
5578,783,3722,4,2022-07-18,Great product!
5579,7,2107,3,2024-02-17,Excellent quality
5580,460,2474,5,2024-12-05,Great product!
5581,797,1999,4,2023-03-16,Would buy again
5582,127,2846,4,2025-12-03,"Fast delivery, good product"
5583,642,976,3,2023-05-21,Would buy again
5584,48,285,4,2025-07-27,Value for money
5585,305,2846,4,2022-05-19,"Fast delivery, good product"
5586,403,2908,4,2025-09-28,Great product!
5587,504,3265,1,2022-10-11,Value for money
5588,657,2751,5,2023-01-03,Great product!
5589,705,2006,4,2022-08-07,Great product!
5590,458,1463,5,2024-07-14,"Fast delivery, good product"
5591,521,1169,2,2024-02-26,Highly recommend
5592,250,1560,2,2022-11-21,Highly recommend
5593,407,2063,1,2024-08-08,Poor packaging
5594,229,540,4,2023-04-01,Not as expected
5595,506,396,5,2025-08-18,Not as expected
5596,42,464,5,2022-07-13,Waste of money
5597,122,1547,4,2022-07-16,Highly recommend
5598,47,248,5,2024-04-18,Excellent quality
5599,234,2999,3,2024-12-15,Would buy again
5600,727,3210,4,2022-04-17,Value for money
5601,275,1218,3,2022-05-25,Average experience
5602,531,3086,4,2023-12-01,"Fast delivery, good product"
5603,356,3094,4,2025-01-15,Would buy again
5604,317,1822,4,2025-09-22,Highly recommend
5605,132,2394,5,2025-01-08,Would buy again
5606,192,111,3,2023-05-21,Would buy again
5607,8,345,3,2023-08-20,Value for money
5608,122,1977,4,2024-02-06,Not as expected
5609,245,2520,4,2022-04-16,"Fast delivery, good product"
5610,257,2056,4,2025-07-06,Excellent quality
5611,820,1277,1,2023-09-06,Great product!
5612,138,1212,4,2022-05-08,Would buy again
5613,479,3188,1,2023-09-24,Poor packaging
5614,474,2593,4,2022-09-26,Excellent quality
5615,830,3062,3,2025-09-30,Not as expected
5616,584,3254,4,2022-03-24,Would buy again
5617,795,166,3,2022-02-26,Excellent quality
5618,348,32,5,2023-07-08,"Fast delivery, good product"
5619,579,1494,5,2022-07-12,Poor packaging
5620,11,2727,4,2024-08-16,"Fast delivery, good product"
5621,628,873,3,2022-06-18,Average experience
5622,579,2830,5,2023-03-09,Would buy again
5623,338,2127,4,2024-08-31,Would buy again
5624,85,2973,5,2024-10-11,Value for money
5625,561,3656,4,2022-06-21,Waste of money
5626,36,311,3,2022-07-20,Would buy again
5627,362,1307,4,2024-05-12,Not as expected
5628,681,795,5,2024-11-08,"Fast delivery, good product"
5629,159,842,4,2024-09-22,Poor packaging
5630,113,42,4,2025-08-11,Would buy again
5631,270,68,5,2025-10-30,Poor packaging
5632,354,2100,4,2024-03-12,Average experience
5633,808,1318,3,2023-05-10,Average experience
5634,673,2903,3,2025-10-29,Highly recommend
5635,853,2578,4,2023-10-12,Highly recommend
5636,827,3285,5,2023-05-07,Average experience
5637,393,880,4,2025-10-01,Value for money
5638,741,1183,4,2022-05-31,Average experience
5639,473,3162,5,2025-04-29,Waste of money
5640,337,1658,1,2023-01-10,Average experience
5641,464,3729,4,2025-08-20,Average experience
5642,113,618,5,2022-12-30,Value for money
5643,108,2739,3,2025-09-06,Great product!
5644,461,1534,3,2023-09-08,Not as expected
5645,603,416,3,2024-04-06,Value for money
5646,471,3278,4,2023-08-29,Average experience
5647,16,2161,4,2024-10-08,Highly recommend
5648,773,761,4,2022-09-05,Waste of money
5649,797,2749,5,2024-09-29,"Fast delivery, good product"
5650,830,2062,5,2025-04-10,Not as expected
5651,225,2892,5,2025-03-22,Average experience
5652,875,3878,4,2024-10-25,Great product!
5653,785,610,4,2023-04-26,Great product!
5654,370,3102,5,2023-08-07,"Fast delivery, good product"
5655,155,2476,4,2023-06-02,Waste of money
5656,385,1828,3,2022-07-26,Great product!
5657,523,1865,3,2025-07-20,Excellent quality
5658,861,513,5,2022-10-07,"Fast delivery, good product"
5659,792,641,4,2024-11-05,Not as expected
5660,727,84,4,2024-12-23,Waste of money
5661,217,1947,3,2022-12-27,Average experience
5662,75,3743,4,2023-05-18,Would buy again
5663,482,751,5,2025-05-15,Not as expected
5664,806,281,4,2025-10-24,Not as expected
5665,222,1530,5,2023-12-21,Excellent quality
5666,55,882,2,2025-04-29,Would buy again
5667,447,303,3,2024-11-20,"Fast delivery, good product"
5668,732,3301,4,2023-12-27,Not as expected
5669,879,140,5,2023-02-06,Average experience
5670,550,1570,2,2025-08-19,Not as expected
5671,590,2263,4,2023-07-16,Great product!
5672,198,1497,4,2025-07-05,Value for money
5673,103,730,5,2022-03-12,Poor packaging
5674,649,1169,3,2023-01-11,Value for money
5675,310,2804,3,2022-06-15,Great product!
5676,529,1578,4,2025-05-11,Great product!
5677,518,3158,3,2024-06-09,Excellent quality
5678,598,3088,4,2022-03-27,"Fast delivery, good product"
5679,158,1769,5,2024-08-15,Waste of money
5680,81,1027,5,2024-12-30,Excellent quality
5681,798,3521,3,2022-08-26,Would buy again
5682,419,3825,4,2022-08-24,Highly recommend
5683,561,680,3,2024-08-30,Excellent quality
5684,888,799,3,2024-11-23,Highly recommend
5685,265,417,2,2023-05-28,Excellent quality
5686,176,2531,4,2024-02-25,Would buy again
5687,293,2929,4,2022-03-02,Excellent quality
5688,360,3289,5,2025-11-12,Highly recommend
5689,623,2657,4,2024-11-17,Waste of money
5690,716,1530,5,2025-04-22,Poor packaging
5691,406,3797,4,2024-10-04,Not as expected
5692,606,983,5,2025-06-13,Would buy again
5693,632,1633,5,2025-04-29,Excellent quality
5694,178,3259,3,2022-12-24,Highly recommend
5695,798,3389,4,2025-02-13,Would buy again
5696,95,892,4,2023-11-25,Value for money
5697,135,3984,5,2022-12-09,Highly recommend
5698,380,2775,5,2024-04-23,Average experience
5699,134,2212,3,2025-06-14,Would buy again
5700,319,3624,4,2023-08-10,Poor packaging
5701,311,2648,5,2022-10-19,Would buy again
5702,482,2234,4,2022-08-31,Not as expected
5703,25,951,5,2022-05-01,Not as expected
5704,328,2269,4,2023-02-19,Waste of money
5705,109,324,5,2025-03-09,Great product!
5706,443,2366,4,2025-03-02,Waste of money
5707,829,2353,3,2022-07-11,Waste of money
5708,4,440,5,2024-12-16,Highly recommend
5709,543,2947,1,2022-05-20,Value for money
5710,329,1486,4,2023-06-02,Value for money
5711,133,2881,4,2024-09-09,Average experience
5712,766,210,5,2025-10-23,Value for money
5713,611,3775,1,2023-09-26,"Fast delivery, good product"
5714,833,2049,5,2022-04-29,Highly recommend
5715,34,1565,5,2025-08-10,Waste of money
5716,622,415,5,2024-07-01,Excellent quality
5717,24,1993,4,2024-04-20,"Fast delivery, good product"
5718,317,714,4,2023-06-19,Poor packaging
5719,697,3129,5,2023-09-02,Average experience
5720,527,2567,2,2023-10-10,Great product!
5721,463,2069,3,2022-02-05,Highly recommend
5722,372,3291,4,2024-04-25,Waste of money
5723,405,392,5,2024-03-30,Waste of money
5724,484,1157,5,2025-05-13,Great product!
5725,859,2747,1,2024-05-16,Poor packaging
5726,811,2782,4,2024-05-29,Would buy again
5727,532,3304,1,2023-05-24,Average experience
5728,168,3455,2,2025-07-12,Average experience
5729,488,842,4,2023-06-12,Average experience
5730,506,3848,1,2024-05-31,Value for money
5731,582,3800,3,2025-07-19,Highly recommend
5732,382,369,1,2022-03-29,Waste of money
5733,726,3621,2,2025-03-09,Excellent quality
5734,516,2532,4,2024-06-13,Average experience
5735,371,250,4,2023-04-29,Would buy again
5736,518,629,4,2022-03-24,Great product!
5737,161,695,5,2022-03-16,"Fast delivery, good product"
5738,399,3201,3,2023-08-29,Great product!
5739,677,2475,1,2025-10-29,Excellent quality
5740,547,1634,5,2024-05-02,Would buy again
5741,497,2108,4,2024-08-21,Not as expected
5742,592,3100,3,2023-08-05,Would buy again
5743,696,2073,4,2023-02-09,"Fast delivery, good product"
5744,228,3230,4,2022-06-16,Great product!
5745,472,3767,5,2022-08-16,Excellent quality
5746,707,3406,5,2023-11-27,Would buy again
5747,132,3866,4,2025-12-20,"Fast delivery, good product"
5748,381,74,4,2022-03-01,Value for money
5749,363,2871,5,2022-07-05,Poor packaging
5750,478,3458,5,2023-07-03,Average experience
5751,120,1864,3,2022-06-16,Waste of money
5752,524,862,5,2024-11-30,Highly recommend
5753,144,3181,4,2022-08-03,"Fast delivery, good product"
5754,255,1552,5,2023-09-12,"Fast delivery, good product"
5755,546,824,2,2025-07-02,Not as expected
5756,35,1988,3,2022-07-14,Great product!
5757,481,749,1,2022-01-14,"Fast delivery, good product"
5758,148,2040,4,2022-01-05,"Fast delivery, good product"
5759,540,616,3,2022-11-16,Waste of money
5760,862,175,4,2024-06-07,Excellent quality
5761,781,1215,5,2022-12-15,Waste of money
5762,263,3892,2,2024-09-29,Not as expected
5763,881,3431,4,2025-02-21,Average experience
5764,698,3199,3,2025-10-04,Excellent quality
5765,256,3095,5,2025-12-11,Great product!
5766,722,2143,5,2023-02-09,Would buy again
5767,566,382,5,2023-01-21,"Fast delivery, good product"
5768,427,3310,1,2025-12-24,Not as expected
5769,581,3717,4,2025-11-17,"Fast delivery, good product"
5770,812,2350,5,2025-01-04,Great product!
5771,624,146,5,2025-11-17,"Fast delivery, good product"
5772,877,3229,4,2022-06-09,"Fast delivery, good product"
5773,139,1891,5,2024-01-07,Value for money
5774,433,3102,5,2023-04-07,Not as expected
5775,402,2646,1,2024-09-08,Great product!
5776,174,40,4,2023-04-01,Value for money
5777,795,3016,2,2025-11-27,Waste of money
5778,361,2466,3,2023-09-09,Would buy again
5779,566,2231,5,2022-10-22,"Fast delivery, good product"
5780,501,727,4,2023-10-16,Great product!
5781,311,1391,3,2024-08-07,"Fast delivery, good product"
5782,818,2046,4,2024-03-29,"Fast delivery, good product"
5783,194,2901,1,2023-03-17,Average experience
5784,593,2487,4,2022-07-04,Value for money
5785,758,111,4,2023-12-10,Poor packaging
5786,618,3409,4,2025-07-18,Average experience
5787,263,1270,4,2025-10-08,Great product!
5788,526,1827,3,2022-01-14,Value for money
5789,712,1185,5,2022-01-24,Would buy again
5790,455,891,5,2023-08-03,Waste of money
5791,743,1999,5,2023-06-10,Excellent quality
5792,446,2202,4,2025-03-08,Excellent quality
5793,48,910,4,2024-09-15,Great product!
5794,712,1822,5,2024-06-06,Average experience
5795,783,3872,2,2022-02-01,Excellent quality
5796,479,2552,1,2025-05-15,Not as expected
5797,584,324,4,2024-12-03,"Fast delivery, good product"
5798,88,3260,4,2023-10-17,Would buy again
5799,778,872,1,2024-11-24,Highly recommend
5800,273,3501,5,2023-06-06,Value for money
5801,182,2681,3,2025-05-10,Excellent quality
5802,730,201,4,2025-11-26,"Fast delivery, good product"
5803,381,3605,5,2024-01-18,"Fast delivery, good product"
5804,375,3614,2,2025-06-16,Value for money
5805,801,2975,4,2024-08-14,Not as expected
5806,575,2111,4,2025-05-07,Value for money
5807,13,1573,4,2022-09-13,Excellent quality
5808,402,3420,5,2023-11-28,Not as expected
5809,161,3047,5,2023-02-28,Waste of money
5810,107,3604,3,2022-07-15,Value for money
5811,379,36,3,2024-08-10,Not as expected
5812,185,1092,4,2025-11-10,Excellent quality
5813,42,3706,4,2022-10-02,Not as expected
5814,709,915,3,2023-06-06,Would buy again
5815,523,3534,5,2022-03-10,Value for money
5816,199,3216,5,2025-10-08,Value for money
5817,255,3647,4,2023-03-28,Great product!
5818,874,907,5,2022-08-26,Value for money
5819,891,1764,5,2022-04-29,Average experience
5820,430,777,3,2023-08-02,Not as expected
5821,501,178,5,2025-11-11,Excellent quality
5822,180,2197,5,2024-08-23,Excellent quality
5823,533,2243,4,2024-01-23,Value for money
5824,202,960,4,2022-04-27,Waste of money
5825,168,1496,3,2024-02-20,Waste of money
5826,481,2173,1,2022-10-02,Highly recommend
5827,284,482,5,2024-05-22,Not as expected
5828,773,3453,4,2022-11-04,Not as expected
5829,691,508,4,2024-05-15,Waste of money
5830,689,164,4,2025-10-31,Waste of money
5831,822,3761,4,2025-09-08,Would buy again
5832,409,858,4,2025-02-06,"Fast delivery, good product"
5833,138,1206,4,2025-10-30,Highly recommend
5834,322,2892,3,2023-11-20,Highly recommend
5835,880,3490,2,2024-05-30,Value for money
5836,89,1356,4,2024-01-29,Highly recommend
5837,717,1954,5,2024-07-27,Average experience
5838,152,2119,3,2023-07-07,"Fast delivery, good product"
5839,684,2478,5,2023-12-13,Would buy again
5840,391,364,4,2023-07-05,Highly recommend
5841,757,1995,5,2024-09-07,Highly recommend
5842,432,318,4,2024-08-15,Great product!
5843,556,1209,3,2024-08-02,Value for money
5844,855,428,5,2024-03-28,Highly recommend
5845,396,2224,3,2023-03-02,Would buy again
5846,838,3448,4,2024-10-03,Waste of money
5847,623,860,4,2025-05-01,Would buy again
5848,740,1396,5,2024-08-24,Average experience
5849,603,1363,5,2022-04-01,Excellent quality
5850,142,2411,5,2022-07-04,Average experience
5851,351,2858,5,2025-01-30,Great product!
5852,527,2871,3,2023-01-17,Highly recommend
5853,233,2003,3,2024-05-19,Poor packaging
5854,389,1276,5,2022-03-27,Value for money
5855,381,2785,4,2022-04-30,Would buy again
5856,645,416,5,2025-02-23,Value for money
5857,160,1908,1,2025-04-06,Highly recommend
5858,297,3091,4,2023-10-10,Waste of money
5859,863,3214,3,2024-01-24,Value for money
5860,171,2513,3,2025-02-07,Would buy again
5861,763,1403,3,2024-04-15,"Fast delivery, good product"
5862,732,2389,4,2022-06-24,Waste of money
5863,819,2713,2,2024-12-08,Not as expected
5864,825,1580,4,2025-03-22,Poor packaging
5865,848,687,5,2022-07-06,"Fast delivery, good product"
5866,1,1414,5,2023-06-26,Excellent quality
5867,197,2377,4,2024-08-07,Would buy again
5868,408,1389,5,2022-05-13,Not as expected
5869,812,1803,4,2022-05-16,Waste of money
5870,21,3471,5,2022-12-29,Waste of money
5871,550,478,3,2022-01-21,Excellent quality
5872,653,3629,5,2023-05-09,Poor packaging
5873,367,1634,4,2022-06-22,Highly recommend
5874,270,3269,4,2024-12-22,Great product!
5875,818,1824,5,2024-01-04,Great product!
5876,880,507,5,2022-12-12,Highly recommend
5877,377,2583,4,2023-02-24,Value for money
5878,125,1999,3,2024-05-02,Highly recommend
5879,37,3479,3,2025-06-02,Waste of money
5880,286,2077,5,2024-01-05,"Fast delivery, good product"
5881,231,318,5,2025-11-23,Waste of money
5882,538,1360,1,2025-05-03,"Fast delivery, good product"
5883,198,3715,3,2023-12-28,Highly recommend
5884,429,2443,4,2024-10-05,Value for money
5885,193,1620,1,2024-01-11,Average experience
5886,100,704,4,2022-10-28,Would buy again
5887,309,75,4,2022-04-05,Excellent quality
5888,577,1534,5,2022-10-09,"Fast delivery, good product"
5889,252,1261,4,2025-08-07,Great product!
5890,74,246,5,2025-04-19,Not as expected
5891,808,92,5,2022-05-21,Average experience
5892,281,1073,5,2024-03-07,Poor packaging
5893,336,3801,5,2022-06-22,"Fast delivery, good product"
5894,529,515,3,2024-03-03,Poor packaging
5895,508,531,5,2024-03-23,"Fast delivery, good product"
5896,113,2761,5,2023-04-07,Not as expected
5897,481,877,5,2023-06-10,Not as expected
5898,485,65,5,2022-11-03,Excellent quality
5899,181,1687,3,2023-02-12,Great product!
5900,622,2419,4,2025-11-11,Great product!
5901,298,3510,5,2025-12-19,Not as expected
5902,645,2777,5,2025-02-24,Great product!
5903,763,1140,5,2022-11-29,Waste of money
5904,796,1913,5,2023-01-17,Excellent quality
5905,848,2258,4,2025-07-24,Would buy again
5906,668,1454,4,2022-08-24,Not as expected
5907,315,3980,4,2025-06-12,Excellent quality
5908,222,2680,5,2025-11-17,Excellent quality
5909,312,1863,5,2025-10-16,Average experience
5910,15,3173,4,2024-10-29,Would buy again
5911,294,2498,3,2023-04-21,Highly recommend
5912,796,2224,2,2023-02-03,Average experience
5913,480,1686,5,2025-09-08,Average experience
5914,295,1621,5,2025-08-07,Not as expected
5915,109,3082,3,2023-07-08,Not as expected
5916,189,2313,5,2023-02-16,Poor packaging
5917,384,3162,5,2022-12-30,Poor packaging
5918,775,1582,3,2025-05-26,Value for money
5919,213,875,3,2025-12-17,Waste of money
5920,448,2048,3,2024-07-31,Highly recommend
5921,151,2025,4,2022-07-16,Highly recommend
5922,368,1628,5,2025-10-20,Not as expected
5923,224,408,5,2024-03-05,Great product!
5924,861,1674,5,2025-06-07,Excellent quality
5925,677,989,4,2022-06-13,Highly recommend
5926,862,2783,4,2023-01-22,Excellent quality
5927,204,2557,4,2024-05-28,Highly recommend
5928,478,674,5,2022-02-27,Excellent quality
5929,107,1323,4,2025-04-04,Highly recommend
5930,805,2554,5,2022-06-11,Excellent quality
5931,702,2662,2,2023-01-29,Poor packaging
5932,803,1434,3,2024-02-07,Not as expected
5933,169,258,5,2024-11-03,Average experience
5934,564,2128,4,2023-01-08,Poor packaging
5935,336,1276,5,2024-07-27,Poor packaging
5936,680,846,5,2024-10-19,Not as expected
5937,125,1656,5,2022-01-22,Excellent quality
5938,270,3507,3,2023-12-27,Waste of money
5939,842,2217,4,2024-01-15,Not as expected
5940,707,3397,4,2025-01-09,Average experience
5941,157,1576,4,2024-02-21,"Fast delivery, good product"
5942,296,2073,5,2022-07-13,Not as expected
5943,295,432,5,2023-11-01,Average experience
5944,818,867,4,2022-07-14,Value for money
5945,841,724,4,2023-01-27,Excellent quality
5946,621,3039,4,2022-04-28,Poor packaging
5947,67,1120,5,2022-08-24,"Fast delivery, good product"
5948,33,1358,3,2022-11-26,Poor packaging
5949,65,1896,4,2022-02-23,Poor packaging
5950,600,2612,4,2022-01-10,Not as expected
5951,176,1361,3,2024-07-16,Poor packaging
5952,89,1613,4,2025-09-03,Excellent quality
5953,181,3886,2,2022-09-25,"Fast delivery, good product"
5954,805,3221,5,2022-09-16,Waste of money
5955,801,736,1,2022-08-20,Value for money
5956,51,3540,2,2022-12-16,Not as expected
5957,369,2839,4,2025-05-10,Value for money
5958,458,666,5,2024-11-16,Poor packaging
5959,541,498,5,2025-05-06,Average experience
5960,539,3169,3,2024-10-04,Waste of money
5961,822,24,4,2025-03-20,"Fast delivery, good product"
5962,487,1621,4,2025-05-22,"Fast delivery, good product"
5963,774,841,4,2025-05-21,Great product!
5964,860,3440,4,2023-02-11,Value for money
5965,275,893,3,2022-08-14,Average experience
5966,19,31,4,2025-02-07,Great product!
5967,809,3784,4,2024-12-22,Would buy again
5968,229,3159,4,2024-07-13,"Fast delivery, good product"
5969,67,273,3,2022-01-09,Value for money
5970,575,3356,4,2023-07-21,Value for money
5971,561,38,5,2023-12-21,Value for money
5972,762,1572,5,2025-04-22,Would buy again
5973,575,2265,1,2024-03-07,Highly recommend
5974,412,3039,5,2023-09-19,Waste of money
5975,187,2171,5,2024-01-05,Excellent quality
5976,487,1224,4,2024-01-13,Not as expected
5977,399,2384,5,2025-05-15,Highly recommend
5978,397,3852,5,2024-02-11,"Fast delivery, good product"
5979,900,2946,3,2022-01-21,"Fast delivery, good product"
5980,825,1067,4,2025-10-04,Waste of money
5981,425,164,3,2025-05-11,Waste of money
5982,160,3810,4,2025-03-15,Value for money
5983,370,3325,3,2024-02-03,Poor packaging
5984,529,2346,4,2022-05-24,Waste of money
5985,800,2607,5,2022-05-17,Highly recommend
5986,680,1375,5,2022-01-28,"Fast delivery, good product"
5987,484,1538,5,2023-08-07,Excellent quality
5988,592,2240,4,2024-10-07,Waste of money
5989,111,2231,4,2023-01-28,Highly recommend
5990,751,3670,3,2024-08-06,"Fast delivery, good product"
5991,131,106,5,2022-09-25,Waste of money
5992,570,1983,4,2024-11-25,Waste of money
5993,192,735,4,2022-03-31,Not as expected
5994,425,3582,4,2025-08-31,Waste of money
5995,498,369,3,2025-03-02,Would buy again
5996,736,3143,5,2025-05-08,"Fast delivery, good product"
5997,579,1159,5,2025-01-25,Value for money
5998,176,2993,3,2022-03-27,Highly recommend
5999,801,2380,4,2024-05-23,Highly recommend
6000,335,2820,5,2022-10-16,Waste of money
6001,50,2126,5,2024-06-19,Excellent quality
6002,636,3494,4,2022-05-09,Not as expected
6003,366,820,2,2022-01-29,"Fast delivery, good product"
6004,429,3859,3,2025-05-13,Great product!
6005,218,1814,5,2023-04-16,Value for money
6006,591,2793,4,2023-01-05,Poor packaging
6007,42,3896,4,2024-09-09,Average experience
6008,438,3349,1,2025-04-02,Value for money
6009,620,3258,5,2024-04-26,Great product!
6010,811,3329,5,2024-07-08,"Fast delivery, good product"
6011,609,3910,3,2024-11-27,Highly recommend
6012,386,2564,5,2023-12-28,Average experience
6013,531,1332,4,2025-02-13,Would buy again
6014,431,2294,4,2023-08-23,Excellent quality
6015,539,1698,4,2022-08-19,Highly recommend
6016,801,2199,5,2023-07-27,Average experience
6017,435,3430,2,2023-05-14,Great product!
6018,863,1103,4,2023-04-01,Poor packaging
6019,615,1628,4,2023-08-06,Waste of money
6020,282,1936,1,2022-09-30,Great product!
6021,638,2516,5,2023-07-11,Excellent quality
6022,118,1926,5,2023-01-20,Poor packaging
6023,792,3881,4,2025-02-09,Average experience
6024,798,1536,3,2022-11-24,Poor packaging
6025,46,2364,2,2024-12-12,Average experience
6026,738,1196,4,2023-05-21,Average experience
6027,57,550,5,2024-04-14,Waste of money
6028,64,1212,3,2024-11-21,Highly recommend
6029,206,536,5,2025-10-10,Highly recommend
6030,425,1073,5,2023-08-10,Waste of money
6031,93,1535,5,2024-10-25,"Fast delivery, good product"
6032,554,717,4,2025-10-15,Highly recommend
6033,723,2887,5,2024-01-02,Not as expected
6034,611,3192,5,2025-05-09,Would buy again
6035,832,2151,2,2025-08-28,Highly recommend
6036,553,2526,3,2022-03-26,"Fast delivery, good product"
6037,806,1058,5,2024-12-25,Value for money
6038,843,3587,5,2024-05-29,Value for money
6039,446,1512,4,2023-09-27,"Fast delivery, good product"
6040,664,1135,4,2023-02-28,Value for money
6041,529,1486,4,2024-04-22,Poor packaging
6042,369,446,4,2023-05-30,Poor packaging
6043,298,2357,2,2024-09-22,Highly recommend
6044,235,2132,5,2023-05-17,Value for money
6045,69,2128,5,2023-02-04,Would buy again
6046,493,2674,5,2025-06-10,Not as expected
6047,390,1607,5,2022-10-12,Waste of money
6048,663,3886,5,2025-05-31,Great product!
6049,267,2378,3,2025-08-15,"Fast delivery, good product"
6050,436,1974,4,2022-08-13,"Fast delivery, good product"
6051,702,955,4,2023-09-05,Poor packaging
6052,430,1872,1,2024-05-05,Highly recommend
6053,35,1731,5,2025-06-29,Average experience
6054,25,1045,4,2023-09-20,Value for money
6055,697,3649,5,2024-12-19,Not as expected
6056,383,2938,4,2024-04-25,Excellent quality
6057,592,221,5,2025-08-07,"Fast delivery, good product"
6058,538,2887,4,2023-09-27,Highly recommend
6059,860,1007,5,2022-02-05,Average experience
6060,245,1001,3,2025-07-27,Great product!
6061,736,3221,4,2022-12-13,Great product!
6062,257,1682,1,2025-09-06,Highly recommend
6063,868,1298,4,2023-09-21,Would buy again
6064,205,1621,3,2022-07-02,Would buy again
6065,192,3222,4,2025-12-22,Great product!
6066,677,3661,5,2022-04-06,"Fast delivery, good product"
6067,566,307,1,2023-11-16,Excellent quality
6068,492,3465,3,2023-09-05,Would buy again
6069,176,983,4,2024-05-16,Highly recommend
6070,435,879,2,2024-11-03,Excellent quality
6071,34,1874,5,2025-03-16,Excellent quality
6072,625,1873,5,2023-12-23,"Fast delivery, good product"
6073,860,2557,5,2022-03-31,Would buy again
6074,684,225,2,2024-02-18,"Fast delivery, good product"
6075,718,2749,3,2025-01-28,"Fast delivery, good product"
6076,283,1982,4,2025-06-02,Poor packaging
6077,97,790,5,2024-03-02,Waste of money
6078,690,1274,1,2023-07-13,"Fast delivery, good product"
6079,648,2996,4,2025-02-02,Highly recommend
6080,493,1291,5,2025-09-07,Value for money
6081,43,238,5,2023-02-05,Value for money
6082,871,515,4,2022-06-26,Highly recommend
6083,729,1976,4,2024-02-23,Waste of money
6084,277,2499,4,2024-03-06,Average experience
6085,572,1823,4,2024-11-26,Average experience
6086,210,3683,3,2025-09-11,Highly recommend
6087,126,1964,3,2022-10-06,Great product!
6088,715,1583,2,2025-09-29,Value for money
6089,252,1064,3,2023-02-05,Poor packaging
6090,63,87,1,2025-08-08,Value for money
6091,769,1800,4,2022-11-10,Highly recommend
6092,302,3930,4,2024-01-01,Great product!
6093,449,1704,5,2022-03-07,Not as expected
6094,403,1549,4,2023-07-01,Poor packaging
6095,431,424,4,2024-07-25,Value for money
6096,745,2551,1,2023-12-22,Would buy again
6097,762,3298,5,2022-08-08,Poor packaging
6098,113,2118,5,2023-12-15,Great product!
6099,43,3011,4,2022-10-04,Waste of money
6100,672,2376,4,2022-06-22,Excellent quality
6101,487,1673,5,2023-01-11,Highly recommend
6102,392,1474,4,2025-01-19,"Fast delivery, good product"
6103,260,3204,5,2024-06-05,Value for money
6104,432,1137,4,2025-02-28,Not as expected
6105,5,1518,5,2022-03-01,Great product!
6106,532,787,5,2025-10-13,Waste of money
6107,379,2453,5,2023-08-14,"Fast delivery, good product"
6108,681,2964,4,2023-03-16,"Fast delivery, good product"
6109,89,1478,5,2023-03-01,"Fast delivery, good product"
6110,538,1522,4,2025-02-12,Would buy again
6111,696,3289,5,2024-04-04,Great product!
6112,776,1301,4,2023-12-06,Value for money
6113,267,455,3,2022-05-07,Not as expected
6114,863,550,5,2022-01-31,Great product!
6115,386,194,5,2023-10-20,Waste of money
6116,468,2460,5,2023-07-21,Value for money
6117,451,3158,4,2022-02-24,Highly recommend
6118,288,1353,5,2023-07-02,Average experience
6119,264,3181,3,2025-05-27,Waste of money
6120,762,1146,4,2022-07-02,Value for money
6121,894,2822,5,2022-12-09,Average experience
6122,698,3602,3,2023-01-17,Excellent quality
6123,254,717,3,2023-12-30,Highly recommend
6124,648,3035,4,2022-08-12,Poor packaging
6125,753,3330,5,2024-03-31,Average experience
6126,338,457,4,2024-01-13,Great product!
6127,265,40,4,2022-04-28,Highly recommend
6128,110,38,4,2023-10-23,Excellent quality
6129,619,3149,2,2024-04-22,Highly recommend
6130,849,3794,5,2023-05-23,Would buy again
6131,814,1314,5,2025-03-16,Waste of money
6132,534,1915,4,2022-10-26,Poor packaging
6133,773,779,4,2025-07-21,"Fast delivery, good product"
6134,231,2263,5,2022-10-11,Would buy again
6135,597,1732,4,2024-11-25,Not as expected
6136,774,2919,4,2022-09-04,Highly recommend
6137,842,2925,4,2023-08-09,Value for money
6138,554,2138,4,2025-03-07,Great product!
6139,163,1167,1,2022-12-05,Highly recommend
6140,22,3505,1,2025-02-05,Value for money
6141,173,1190,4,2025-12-27,Poor packaging
6142,724,2324,5,2024-10-02,Excellent quality
6143,741,916,5,2023-09-25,Waste of money
6144,572,3015,2,2025-01-23,"Fast delivery, good product"
6145,101,1975,4,2024-11-15,Highly recommend
6146,893,2263,2,2022-11-19,Highly recommend
6147,52,1893,1,2024-11-02,Value for money
6148,64,895,4,2025-08-10,Waste of money
6149,213,1521,5,2024-09-04,Highly recommend
6150,635,1173,4,2024-07-27,"Fast delivery, good product"
6151,250,3768,5,2022-04-17,Waste of money
6152,761,1218,5,2023-06-15,Excellent quality
6153,588,1552,4,2023-02-02,"Fast delivery, good product"
6154,856,307,4,2023-06-12,Poor packaging
6155,765,2848,4,2025-11-01,Poor packaging
6156,3,453,4,2022-08-02,Waste of money
6157,600,1554,5,2023-01-13,Highly recommend
6158,472,3086,1,2023-06-08,"Fast delivery, good product"
6159,62,3264,5,2024-08-23,Not as expected
6160,862,1995,4,2025-04-21,Highly recommend
6161,82,3351,5,2023-05-31,Excellent quality
6162,726,3494,1,2022-08-29,Would buy again
6163,183,3191,5,2023-04-24,Great product!
6164,101,1382,1,2025-03-21,Poor packaging
6165,725,1696,5,2022-02-13,Great product!
6166,851,3840,5,2024-08-01,Highly recommend
6167,868,266,4,2025-04-11,Would buy again
6168,421,1111,5,2025-10-22,"Fast delivery, good product"
6169,609,494,1,2025-09-11,"Fast delivery, good product"
6170,786,951,5,2022-12-13,Value for money
6171,636,1616,5,2025-09-16,Great product!
6172,481,667,4,2023-09-15,Great product!
6173,394,2856,5,2025-11-01,Excellent quality
6174,751,3895,5,2023-03-08,Value for money
6175,433,3850,5,2025-12-01,Excellent quality
6176,363,2892,4,2025-03-05,Not as expected
6177,232,157,1,2023-05-02,Not as expected
6178,263,616,4,2023-06-15,Would buy again
6179,153,3761,1,2023-09-20,Waste of money
6180,13,1654,4,2022-07-27,Average experience
6181,241,3222,1,2025-06-23,Value for money
6182,524,1199,5,2023-11-22,Great product!
6183,740,1011,5,2022-11-16,Great product!
6184,357,41,4,2025-02-25,Value for money
6185,859,805,1,2024-10-20,Not as expected
6186,869,3146,5,2023-04-08,Value for money
6187,188,1907,5,2025-11-15,Waste of money
6188,325,327,4,2023-03-20,Waste of money
6189,121,2176,4,2025-03-07,Would buy again
6190,799,2424,1,2023-01-18,"Fast delivery, good product"
6191,806,1531,5,2024-09-25,Value for money
6192,347,2485,5,2022-11-18,"Fast delivery, good product"
6193,410,83,4,2024-04-20,Value for money
6194,343,3874,5,2025-12-09,Excellent quality
6195,458,3990,1,2024-06-03,Great product!
6196,684,520,3,2023-06-21,Average experience
6197,386,2385,4,2023-05-10,Not as expected
6198,360,3934,2,2024-01-21,Would buy again
6199,803,2889,1,2024-01-17,Highly recommend
6200,63,320,2,2025-07-12,Great product!
6201,285,224,3,2025-07-10,Value for money
6202,245,3295,4,2025-09-23,Poor packaging
6203,675,3610,5,2023-07-09,Excellent quality
6204,22,2469,5,2023-06-04,Highly recommend
6205,517,2842,5,2022-03-24,Value for money
6206,394,1919,5,2025-06-20,"Fast delivery, good product"
6207,851,1520,4,2022-12-09,"Fast delivery, good product"
6208,140,3331,4,2023-08-07,Value for money
6209,605,474,2,2025-01-27,Average experience
6210,635,2600,4,2025-04-15,Excellent quality
6211,764,3718,5,2022-04-13,Excellent quality
6212,348,1765,2,2022-02-16,"Fast delivery, good product"
6213,809,344,3,2024-12-24,Great product!
6214,723,3860,3,2022-08-25,Not as expected
6215,393,3603,4,2022-02-16,Would buy again
6216,81,1663,4,2023-10-30,"Fast delivery, good product"
6217,701,2245,1,2022-10-02,"Fast delivery, good product"
6218,57,1359,5,2023-10-14,Not as expected
6219,329,272,2,2025-07-22,Not as expected
6220,278,2969,3,2022-03-17,Value for money
6221,201,2829,5,2022-02-09,Great product!
6222,653,2352,4,2022-03-09,Not as expected
6223,2,3327,5,2025-09-07,Poor packaging
6224,228,3494,5,2022-06-26,Would buy again
6225,502,479,4,2024-05-26,"Fast delivery, good product"
6226,799,2839,5,2025-12-02,Not as expected
6227,612,1020,5,2023-06-04,Would buy again
6228,879,3121,2,2024-05-18,Waste of money
6229,325,3012,5,2025-04-18,Not as expected
6230,498,2759,4,2023-12-15,Average experience
6231,252,3650,4,2023-11-08,"Fast delivery, good product"
6232,765,2075,2,2022-08-29,Not as expected
6233,534,2236,5,2025-07-04,Not as expected
6234,353,3020,1,2025-01-27,Excellent quality
6235,312,3058,3,2023-07-22,"Fast delivery, good product"
6236,632,10,4,2025-07-20,Average experience
6237,257,342,2,2022-06-14,Highly recommend
6238,850,3609,4,2024-01-02,"Fast delivery, good product"
6239,362,3976,3,2025-12-13,Not as expected
6240,421,2522,5,2022-10-06,Waste of money
6241,571,293,5,2022-01-04,Excellent quality
6242,23,130,3,2024-11-11,Value for money
6243,449,3309,2,2024-04-18,Highly recommend
6244,851,3593,5,2022-06-04,Waste of money
6245,216,1057,4,2025-11-04,Value for money
6246,742,190,2,2023-12-10,"Fast delivery, good product"
6247,324,1021,1,2023-09-11,Highly recommend
6248,244,1213,3,2023-11-12,Waste of money
6249,571,1032,4,2024-12-05,Great product!
6250,706,3610,5,2025-01-11,Average experience
6251,652,2620,4,2022-08-11,"Fast delivery, good product"
6252,897,224,5,2024-11-19,Waste of money
6253,720,2699,5,2025-01-31,Not as expected
6254,727,800,5,2025-05-25,"Fast delivery, good product"
6255,46,313,3,2025-12-13,Poor packaging
6256,630,3559,5,2024-05-29,Highly recommend
6257,720,3062,4,2024-02-07,Highly recommend
6258,573,3077,3,2025-05-27,Would buy again
6259,657,3022,5,2025-07-17,Great product!
6260,204,2799,5,2022-08-04,Not as expected
6261,419,3662,5,2022-07-12,Value for money
6262,787,1314,5,2022-06-28,Great product!
6263,579,114,5,2022-08-19,Poor packaging
6264,615,1148,5,2022-09-23,Average experience
6265,52,1345,4,2023-03-30,Value for money
6266,694,2148,4,2025-03-02,Would buy again
6267,377,244,3,2022-04-01,Poor packaging
6268,711,1236,4,2025-09-06,Not as expected
6269,671,3749,4,2022-02-26,Great product!
6270,170,3438,5,2023-10-31,Poor packaging
6271,612,3597,2,2023-12-07,Waste of money
6272,600,3673,5,2024-12-03,"Fast delivery, good product"
6273,503,2747,2,2022-12-18,Not as expected
6274,767,3774,2,2023-11-03,Waste of money
6275,213,1901,3,2025-08-06,Average experience
6276,96,2286,5,2025-09-23,Great product!
6277,239,2314,3,2023-02-10,Waste of money
6278,838,3130,5,2023-08-15,Waste of money
6279,112,3947,5,2025-02-07,Great product!
6280,601,2659,1,2023-07-17,Not as expected
6281,60,1748,4,2025-07-21,Excellent quality
6282,52,3275,5,2025-02-25,"Fast delivery, good product"
6283,100,3977,5,2022-08-24,Waste of money
6284,132,460,5,2024-10-21,Excellent quality
6285,783,3078,2,2023-02-28,Great product!
6286,9,2726,3,2025-04-10,Would buy again
6287,337,2006,5,2022-07-14,Would buy again
6288,394,747,5,2022-05-04,"Fast delivery, good product"
6289,153,3343,1,2024-03-17,Not as expected
6290,503,3600,4,2025-06-21,Average experience
6291,848,725,5,2025-02-28,Waste of money
6292,686,2705,4,2025-03-08,Highly recommend
6293,296,3314,1,2023-05-26,Highly recommend
6294,295,2410,3,2022-10-28,Poor packaging
6295,724,3196,4,2024-07-18,Not as expected
6296,152,411,3,2024-11-29,Would buy again
6297,274,2858,3,2022-11-17,Waste of money
6298,711,2775,4,2024-08-06,Would buy again
6299,337,447,4,2024-10-31,Value for money
6300,244,1809,5,2024-07-19,Value for money
6301,834,3552,5,2023-11-17,Poor packaging
6302,569,607,3,2023-08-30,Poor packaging
6303,659,2113,4,2023-12-20,Would buy again
6304,523,3367,2,2022-08-06,Highly recommend
6305,209,410,5,2022-04-23,"Fast delivery, good product"
6306,108,3001,1,2023-05-15,Highly recommend
6307,49,2919,5,2023-03-06,Would buy again
6308,331,563,5,2025-09-13,"Fast delivery, good product"
6309,434,1205,5,2023-02-23,Excellent quality
6310,286,1499,4,2025-04-15,"Fast delivery, good product"
6311,407,3941,2,2023-04-15,"Fast delivery, good product"
6312,832,3981,5,2025-06-25,Average experience
6313,824,3438,5,2023-08-03,Great product!
6314,78,1089,5,2025-06-18,Value for money
6315,458,1873,4,2025-09-20,"Fast delivery, good product"
6316,271,2570,5,2023-01-07,Value for money
6317,142,1544,4,2025-01-08,Highly recommend
6318,862,1257,4,2023-10-20,Great product!
6319,602,1547,1,2023-04-07,Highly recommend
6320,157,1070,2,2023-04-28,Would buy again
6321,479,1012,5,2025-10-01,"Fast delivery, good product"
6322,734,2589,5,2024-11-10,Average experience
6323,591,3829,5,2025-08-14,Would buy again
6324,566,3473,5,2024-03-21,Excellent quality
6325,39,1249,4,2022-01-17,Would buy again
6326,528,1699,3,2025-03-23,Average experience
6327,641,1927,5,2022-10-28,Not as expected
6328,116,927,4,2025-04-11,Great product!
6329,519,3819,5,2022-03-17,Excellent quality
6330,831,3577,5,2023-10-27,Excellent quality
6331,202,525,5,2025-05-12,Poor packaging
6332,455,1613,5,2025-03-11,Poor packaging
6333,624,3984,5,2024-09-07,Highly recommend
6334,311,1038,4,2025-11-21,Highly recommend
6335,431,3086,4,2023-01-27,Would buy again
6336,341,328,4,2023-07-12,Great product!
6337,785,1427,2,2023-03-18,Not as expected
6338,779,3332,1,2023-10-23,Highly recommend
6339,109,2091,5,2024-07-16,Waste of money
6340,894,2400,5,2025-05-16,Average experience
6341,832,2786,5,2025-01-30,Poor packaging
6342,503,2184,4,2025-11-25,Not as expected
6343,184,289,5,2022-05-20,Waste of money
6344,335,2122,5,2024-11-16,Great product!
6345,583,2159,5,2022-07-26,Waste of money
6346,404,1754,4,2025-02-18,Excellent quality
6347,225,1414,5,2024-09-17,Poor packaging
6348,309,1364,5,2024-05-24,Would buy again
6349,364,2122,4,2022-08-01,Not as expected
6350,559,1638,4,2025-07-04,Waste of money
6351,579,2398,3,2023-02-23,Not as expected
6352,113,2499,2,2025-10-23,Great product!
6353,169,1228,4,2023-10-21,Average experience
6354,102,47,4,2022-03-11,"Fast delivery, good product"
6355,281,2994,4,2024-04-30,Highly recommend
6356,372,1519,4,2025-09-10,Not as expected
6357,432,3728,5,2025-06-14,Average experience
6358,726,1621,3,2022-04-07,"Fast delivery, good product"
6359,647,3039,3,2023-01-26,Great product!
6360,458,942,5,2024-09-03,Excellent quality
6361,437,1954,5,2023-12-11,Not as expected
6362,848,105,4,2024-07-08,Great product!
6363,185,3369,5,2022-06-20,Great product!
6364,741,2020,5,2022-09-26,Poor packaging
6365,188,3487,5,2024-06-08,Poor packaging
6366,391,3638,5,2023-08-29,Would buy again
6367,570,3934,5,2022-07-01,Average experience
6368,554,2546,4,2024-03-18,Great product!
6369,804,2639,5,2024-12-01,Average experience
6370,424,168,4,2025-12-24,"Fast delivery, good product"
6371,426,1301,5,2022-05-05,Waste of money
6372,495,2358,2,2022-12-11,Poor packaging
6373,522,919,5,2023-12-19,Poor packaging
6374,424,3661,5,2022-11-27,"Fast delivery, good product"
6375,82,138,4,2022-10-13,Poor packaging
6376,223,3915,4,2025-06-15,Waste of money
6377,706,1895,4,2023-12-25,Value for money
6378,551,116,5,2023-09-13,Would buy again
6379,831,1618,3,2023-08-01,Would buy again
6380,39,3771,5,2025-11-12,Value for money
6381,142,2977,2,2022-03-11,Poor packaging
6382,588,1201,5,2025-07-14,"Fast delivery, good product"
6383,1,3765,3,2023-09-04,Average experience
6384,475,1641,5,2024-07-27,Average experience
6385,593,1226,4,2022-06-10,Highly recommend
6386,850,490,4,2025-07-12,Poor packaging
6387,510,2901,5,2024-04-30,"Fast delivery, good product"
6388,117,171,5,2024-05-25,Excellent quality
6389,139,1226,5,2024-06-04,Poor packaging
6390,813,670,4,2022-11-25,Would buy again
6391,475,1783,2,2025-05-04,Not as expected
6392,380,2745,4,2022-03-29,Average experience
6393,865,1052,4,2024-09-12,Poor packaging
6394,224,455,5,2024-09-01,"Fast delivery, good product"
6395,294,1728,5,2024-11-25,Value for money
6396,270,537,4,2025-05-22,"Fast delivery, good product"
6397,629,304,2,2024-11-11,"Fast delivery, good product"
6398,426,3267,5,2023-03-20,"Fast delivery, good product"
6399,638,521,3,2023-01-20,Poor packaging
6400,296,111,5,2022-05-10,Highly recommend
6401,213,41,4,2024-04-26,"Fast delivery, good product"
6402,221,3849,2,2023-12-26,Poor packaging
6403,42,2310,4,2024-08-15,Poor packaging
6404,718,3897,2,2023-08-27,Value for money
6405,86,2505,5,2024-01-13,Waste of money
6406,91,1205,5,2022-07-29,Poor packaging
6407,330,988,2,2022-11-12,Great product!
6408,197,2089,5,2025-09-30,Great product!
6409,542,3933,5,2024-03-22,Great product!
6410,487,1649,3,2022-09-24,Great product!
6411,399,3215,5,2025-01-04,Would buy again
6412,61,2214,5,2023-07-14,"Fast delivery, good product"
6413,39,1872,4,2022-04-21,Great product!
6414,807,2063,2,2022-04-18,Poor packaging
6415,447,3954,1,2024-07-17,"Fast delivery, good product"
6416,687,3756,5,2022-07-30,Not as expected
6417,323,2273,5,2025-11-07,Value for money
6418,620,1103,5,2024-01-30,Great product!
6419,686,2674,2,2022-05-28,Waste of money
6420,450,3286,5,2025-11-12,Not as expected
6421,10,2248,5,2023-06-29,Would buy again
6422,764,491,5,2022-08-18,"Fast delivery, good product"
6423,818,3440,1,2023-10-10,Waste of money
6424,328,1011,4,2022-10-08,Average experience
6425,173,2825,2,2024-04-13,Not as expected
6426,382,2858,2,2022-11-14,"Fast delivery, good product"
6427,870,3006,3,2023-06-14,Great product!
6428,298,781,2,2025-07-13,Value for money
6429,348,3343,5,2025-09-22,Poor packaging
6430,209,3998,5,2023-09-01,Value for money
6431,280,3553,5,2022-04-12,Waste of money
6432,839,916,5,2025-03-20,Waste of money
6433,790,3171,3,2022-12-12,Waste of money
6434,699,3638,4,2025-05-19,Not as expected
6435,38,1439,5,2025-06-10,Value for money
6436,615,929,4,2024-04-24,Great product!
6437,294,3797,4,2024-09-24,Value for money
6438,613,3933,5,2022-01-04,Not as expected
6439,665,1929,5,2022-05-18,Highly recommend
6440,496,3494,2,2025-06-29,Would buy again
6441,375,2239,5,2024-07-22,Waste of money
6442,100,143,5,2024-07-02,Great product!
6443,891,3835,5,2025-08-20,Highly recommend
6444,899,1098,4,2022-09-28,Highly recommend
6445,407,3528,5,2024-02-21,Would buy again
6446,345,3397,2,2023-08-05,Great product!
6447,229,2289,4,2025-06-20,Average experience
6448,370,538,5,2025-11-21,Highly recommend
6449,756,2374,1,2024-03-29,Highly recommend
6450,503,1056,2,2022-02-21,Average experience
6451,93,1839,5,2024-03-14,"Fast delivery, good product"
6452,851,3239,5,2023-06-18,Excellent quality
6453,694,710,4,2025-02-12,Poor packaging
6454,241,3725,4,2023-04-27,Great product!
6455,512,2462,5,2023-03-07,Highly recommend
6456,59,2914,3,2025-09-22,"Fast delivery, good product"
6457,133,2530,5,2024-10-05,Value for money
6458,800,2362,5,2022-05-10,Poor packaging
6459,239,2884,4,2023-12-09,Highly recommend
6460,549,1891,5,2024-05-27,Great product!
6461,679,3084,5,2024-04-19,Value for money
6462,729,1450,5,2023-10-21,Excellent quality
6463,42,2707,5,2022-01-05,Average experience
6464,138,2702,3,2024-12-04,Poor packaging
6465,214,1021,5,2025-05-03,Average experience
6466,269,3467,5,2022-12-27,Not as expected
6467,245,1560,3,2022-06-25,Value for money
6468,520,571,4,2024-06-08,Waste of money
6469,498,2150,3,2024-11-05,Excellent quality
6470,582,1668,4,2024-08-26,Waste of money
6471,607,3446,2,2024-01-16,Highly recommend
6472,631,2992,5,2023-03-11,Average experience
6473,68,1516,2,2022-05-02,Poor packaging
6474,639,390,5,2023-05-04,Excellent quality
6475,537,2579,5,2025-12-10,Poor packaging
6476,643,3034,5,2023-06-15,Would buy again
6477,743,1591,5,2024-11-10,Highly recommend
6478,454,1907,4,2024-01-23,"Fast delivery, good product"
6479,41,972,5,2024-03-24,Poor packaging
6480,563,1282,5,2025-12-25,Poor packaging
6481,441,3603,2,2024-02-14,Would buy again
6482,657,1502,5,2025-12-10,Highly recommend
6483,486,2186,5,2025-09-11,Poor packaging
6484,562,3985,5,2023-05-24,Average experience
6485,197,2858,5,2024-04-25,Value for money
6486,441,2007,4,2024-11-13,Highly recommend
6487,193,3020,4,2023-03-04,Great product!
6488,251,2805,4,2023-01-31,Waste of money
6489,118,2975,4,2024-03-20,Highly recommend
6490,168,1000,4,2022-02-03,Excellent quality
6491,860,1318,4,2023-10-25,Great product!
6492,143,3301,4,2025-05-01,Excellent quality
6493,168,2454,3,2023-04-07,Would buy again
6494,883,2782,4,2025-02-25,Poor packaging
6495,372,299,5,2022-04-08,Would buy again
6496,349,2340,3,2025-06-18,Poor packaging
6497,183,2717,4,2022-03-12,Average experience
6498,739,1508,5,2023-07-30,Would buy again
6499,116,9,2,2023-07-11,Not as expected
6500,815,2112,3,2023-02-19,Value for money
6501,404,2586,3,2024-06-10,"Fast delivery, good product"
6502,673,1496,4,2024-01-25,Would buy again
6503,65,1043,3,2024-04-28,Would buy again
6504,366,2299,3,2025-06-13,Average experience
6505,179,124,5,2024-07-20,Excellent quality
6506,208,3248,4,2024-11-29,"Fast delivery, good product"
6507,607,1247,5,2024-08-07,Poor packaging
6508,889,3540,4,2024-03-07,Value for money
6509,517,3932,4,2024-03-13,Value for money
6510,25,2534,5,2023-09-06,Great product!
6511,294,3647,1,2023-10-09,Value for money
6512,826,161,2,2023-11-18,Would buy again
6513,318,3480,5,2025-10-11,Value for money
6514,379,19,1,2023-11-26,Would buy again
6515,131,1345,5,2022-01-29,Would buy again
6516,111,1494,5,2023-04-02,Highly recommend
6517,559,1120,4,2024-12-08,"Fast delivery, good product"
6518,899,3567,2,2022-09-26,Waste of money
6519,394,1540,3,2023-01-01,Excellent quality
6520,710,3974,3,2025-07-26,Not as expected
6521,206,736,4,2022-04-18,Poor packaging
6522,833,454,3,2023-12-11,Highly recommend
6523,165,2288,5,2024-11-23,Waste of money
6524,248,1024,3,2022-08-08,Excellent quality
6525,545,3725,5,2024-11-05,"Fast delivery, good product"
6526,595,1635,5,2022-05-26,Waste of money
6527,764,3528,5,2022-05-17,Value for money
6528,351,3618,5,2024-11-16,Waste of money
6529,765,598,5,2022-03-27,Would buy again
6530,433,2792,4,2022-11-27,Average experience
6531,741,334,4,2025-04-20,Average experience
6532,407,1232,5,2025-01-20,Excellent quality
6533,412,3239,2,2024-08-23,Excellent quality
6534,329,3819,2,2024-02-10,Not as expected
6535,686,2675,5,2023-01-02,Would buy again
6536,462,2702,4,2023-03-31,Value for money
6537,323,3549,4,2022-12-26,Excellent quality
6538,211,1393,3,2025-04-29,Waste of money
6539,239,2083,4,2023-08-11,Value for money
6540,459,818,4,2022-05-21,Highly recommend
6541,749,2417,3,2022-11-11,Not as expected
6542,397,3409,4,2022-05-16,Would buy again
6543,310,498,1,2023-09-14,Average experience
6544,141,1916,3,2023-06-02,Highly recommend
6545,545,1203,5,2023-03-04,Poor packaging
6546,493,300,5,2025-10-31,Average experience
6547,720,1788,4,2023-09-26,Excellent quality
6548,445,1229,4,2025-04-14,Poor packaging
6549,418,1464,5,2023-12-04,"Fast delivery, good product"
6550,194,2003,5,2023-08-04,Value for money
6551,258,1175,4,2024-07-27,Highly recommend
6552,483,2881,3,2024-07-13,Would buy again
6553,619,3346,4,2025-09-15,Average experience
6554,85,79,2,2022-05-21,Value for money
6555,137,3009,4,2023-04-08,Great product!
6556,603,2657,5,2023-05-10,Waste of money
6557,244,3953,2,2025-07-25,Value for money
6558,197,3383,5,2023-01-11,Waste of money
6559,613,2997,3,2022-07-02,Would buy again
6560,777,1841,4,2022-08-23,Value for money
6561,833,2461,5,2024-10-21,Not as expected
6562,80,1988,4,2022-10-03,Poor packaging
6563,434,3109,4,2022-05-16,Excellent quality
6564,514,2268,3,2022-03-23,Would buy again
6565,122,3506,3,2023-09-12,Average experience
6566,692,2790,2,2024-05-09,Waste of money
6567,645,1535,5,2023-12-31,Not as expected
6568,185,2796,2,2025-02-24,Not as expected
6569,114,219,4,2023-01-08,Poor packaging
6570,270,1344,5,2023-03-28,Would buy again
6571,676,356,4,2024-07-14,Not as expected
6572,347,659,5,2022-12-12,Value for money
6573,525,107,3,2025-02-14,Would buy again
6574,184,3485,2,2025-01-20,Excellent quality
6575,681,3530,4,2022-11-15,Would buy again
6576,436,2377,1,2024-05-15,Would buy again
6577,678,796,4,2025-06-05,Excellent quality
6578,719,3461,4,2022-10-09,Average experience
6579,562,145,3,2022-01-03,Would buy again
6580,710,3832,5,2025-11-11,Waste of money
6581,593,1422,5,2025-08-29,Great product!
6582,889,3424,5,2024-09-04,Great product!
6583,30,24,2,2023-06-13,Not as expected
6584,276,445,5,2023-10-15,Waste of money
6585,425,3323,4,2024-10-22,Excellent quality
6586,175,2994,3,2025-03-22,"Fast delivery, good product"
6587,661,734,4,2024-12-24,Value for money
6588,341,1113,5,2025-10-17,Great product!
6589,699,1252,5,2023-03-01,Great product!
6590,871,538,5,2025-03-02,Great product!
6591,116,2229,4,2022-03-21,Waste of money
6592,66,3354,3,2025-09-13,"Fast delivery, good product"
6593,288,3793,4,2022-07-21,Average experience
6594,838,105,5,2022-04-16,Would buy again
6595,458,3401,4,2024-03-24,Value for money
6596,185,2054,5,2024-11-10,Highly recommend
6597,810,3975,4,2025-10-07,Poor packaging
6598,99,3892,3,2023-12-15,Not as expected
6599,759,2537,3,2023-03-26,Poor packaging
6600,671,483,5,2022-11-15,"Fast delivery, good product"
6601,686,1293,5,2024-02-17,Great product!
6602,98,3988,4,2022-09-24,"Fast delivery, good product"
6603,732,3002,5,2024-03-01,Highly recommend
6604,300,3909,4,2023-01-04,Excellent quality
6605,97,2308,3,2025-02-08,Not as expected
6606,694,2081,4,2024-09-14,Excellent quality
6607,638,539,3,2022-11-04,Would buy again
6608,10,1252,5,2023-10-30,Not as expected
6609,321,446,4,2025-03-20,Not as expected
6610,137,1463,2,2024-08-27,Average experience
6611,507,790,5,2022-09-03,Highly recommend
6612,51,3164,4,2022-09-03,Highly recommend
6613,667,1775,4,2024-12-30,Excellent quality
6614,374,188,4,2023-04-05,Great product!
6615,605,3668,3,2022-12-31,Average experience
6616,451,3724,5,2025-01-28,Value for money
6617,679,2310,3,2023-06-17,Would buy again
6618,676,1119,3,2025-01-07,Great product!
6619,297,1078,3,2024-05-12,Poor packaging
6620,475,1011,5,2023-08-10,Poor packaging
6621,221,2628,1,2022-03-27,Highly recommend
6622,683,1448,4,2025-08-26,Great product!
6623,678,1336,1,2024-07-09,Great product!
6624,369,3249,1,2024-09-20,Poor packaging
6625,26,262,5,2024-08-04,Poor packaging
6626,179,1912,4,2023-08-29,Not as expected
6627,303,198,5,2025-02-05,Great product!
6628,503,1723,5,2023-02-05,Poor packaging
6629,260,1939,4,2023-08-24,"Fast delivery, good product"
6630,688,2304,5,2024-12-30,Average experience
6631,211,3973,5,2022-04-08,Highly recommend
6632,496,3324,3,2024-10-13,Highly recommend
6633,98,3086,4,2025-09-18,Would buy again
6634,460,3771,4,2024-04-24,Not as expected
6635,164,3084,3,2022-01-08,Not as expected
6636,761,3197,5,2025-06-29,Value for money
6637,464,2179,1,2024-04-26,Highly recommend
6638,4,1342,3,2022-10-04,Great product!
6639,600,1230,3,2025-06-10,Not as expected
6640,478,755,5,2025-10-22,Poor packaging
6641,100,1818,4,2023-04-26,Average experience
6642,886,2803,1,2023-09-20,Highly recommend
6643,885,109,5,2024-08-15,Highly recommend
6644,368,2654,3,2022-12-27,Excellent quality
6645,788,2268,1,2025-09-30,"Fast delivery, good product"
6646,584,3225,4,2023-09-17,Excellent quality
6647,117,1697,5,2022-04-19,Excellent quality
6648,112,496,4,2023-01-09,Value for money
6649,773,1005,5,2022-11-02,Great product!
6650,489,3423,1,2022-03-09,Value for money
6651,417,268,5,2022-12-12,Average experience
6652,753,3172,3,2025-05-17,Poor packaging
6653,416,975,5,2025-05-16,Not as expected
6654,175,1759,4,2024-11-15,Poor packaging
6655,303,2855,3,2025-12-08,Poor packaging
6656,729,1694,4,2023-03-10,Would buy again
6657,64,839,5,2023-02-11,Poor packaging
6658,871,948,5,2025-10-09,Waste of money
6659,401,2369,4,2025-01-11,Would buy again
6660,74,2444,5,2025-03-09,Great product!
6661,238,3597,5,2022-12-01,Waste of money
6662,509,2313,3,2025-01-03,"Fast delivery, good product"
6663,624,2472,2,2024-01-24,Excellent quality
6664,608,1455,5,2024-04-08,Poor packaging
6665,380,3472,4,2022-09-25,Poor packaging
6666,593,1190,5,2022-10-02,Great product!
6667,427,3688,5,2025-11-08,Highly recommend
6668,252,2456,5,2022-06-16,Not as expected
6669,324,3246,4,2024-02-27,Great product!
6670,72,3247,3,2022-07-21,Average experience
6671,888,674,4,2023-03-28,Average experience
6672,477,2095,4,2024-03-13,Poor packaging
6673,876,3105,5,2024-10-30,Highly recommend
6674,474,1813,4,2024-12-15,Would buy again
6675,218,2668,5,2025-11-06,Waste of money
6676,379,3561,2,2024-08-20,Great product!
6677,719,235,3,2022-05-03,Highly recommend
6678,887,674,4,2023-06-22,Highly recommend
6679,604,2504,5,2024-11-02,Poor packaging
6680,473,3879,5,2024-11-03,Would buy again
6681,5,96,1,2023-12-30,Highly recommend
6682,575,30,4,2023-07-14,Waste of money
6683,706,1096,4,2024-03-05,Not as expected
6684,686,3881,5,2023-06-08,Would buy again
6685,133,3929,4,2022-07-19,Value for money
6686,459,3820,4,2024-03-25,Waste of money
6687,278,703,3,2024-12-04,Excellent quality
6688,838,2061,5,2025-10-27,Poor packaging
6689,315,1395,4,2022-06-17,Would buy again
6690,94,2432,5,2024-02-21,Average experience
6691,723,2717,5,2024-08-10,Great product!
6692,360,400,3,2022-02-13,Value for money
6693,312,1083,2,2022-09-06,Not as expected
6694,373,3625,5,2025-11-21,Not as expected
6695,604,3886,5,2023-09-22,Not as expected
6696,373,1449,4,2025-07-29,Excellent quality
6697,610,992,3,2022-11-05,Excellent quality
6698,47,1050,3,2025-05-22,Highly recommend
6699,64,2648,3,2024-04-15,Value for money
6700,831,1393,4,2024-05-29,Would buy again
6701,224,2846,3,2024-08-06,Poor packaging
6702,37,3134,5,2023-01-10,Great product!
6703,101,2346,1,2025-07-30,Poor packaging
6704,1,3121,4,2022-10-18,Poor packaging
6705,440,2611,5,2024-07-26,Poor packaging
6706,89,2947,5,2022-10-04,Value for money
6707,668,2873,5,2024-10-17,Not as expected
6708,360,3048,1,2022-11-21,Waste of money
6709,97,744,3,2023-03-23,Value for money
6710,589,196,5,2025-04-23,Highly recommend
6711,45,742,5,2023-07-08,Not as expected
6712,512,599,5,2023-12-13,Not as expected
6713,172,232,5,2022-07-08,"Fast delivery, good product"
6714,400,2319,2,2023-01-12,"Fast delivery, good product"
6715,206,2988,4,2022-10-15,Average experience
6716,855,3945,1,2022-01-28,"Fast delivery, good product"
6717,146,2470,5,2023-09-27,Great product!
6718,5,2464,4,2024-08-20,Waste of money
6719,345,3658,3,2022-11-03,Would buy again
6720,155,1848,3,2022-04-18,Excellent quality
6721,386,2730,5,2024-07-05,Value for money
6722,200,1601,4,2024-01-28,"Fast delivery, good product"
6723,845,492,5,2022-10-25,Not as expected
6724,273,2714,2,2023-08-16,Waste of money
6725,176,3308,5,2025-07-15,Not as expected
6726,619,748,4,2022-08-06,Great product!
6727,764,3310,1,2025-12-10,Waste of money
6728,810,3004,3,2022-11-26,Not as expected
6729,139,2908,4,2023-10-01,Great product!
6730,459,3690,4,2024-05-31,Great product!
6731,603,2667,4,2023-06-22,Great product!
6732,840,2660,5,2023-03-29,Waste of money
6733,309,3068,5,2022-07-11,Highly recommend
6734,541,1338,3,2023-09-10,Waste of money
6735,204,873,5,2025-09-03,Excellent quality
6736,230,550,3,2023-12-01,Great product!
6737,438,2686,4,2022-12-21,Value for money
6738,775,3890,5,2022-06-14,Value for money
6739,293,3409,3,2022-11-28,Value for money
6740,773,2095,5,2024-11-29,Excellent quality
6741,74,3020,3,2024-04-25,Great product!
6742,124,2507,3,2025-10-05,Would buy again
6743,305,1830,5,2023-05-24,Value for money
6744,814,3924,3,2022-02-24,Highly recommend
6745,658,557,5,2025-09-18,"Fast delivery, good product"
6746,278,3076,5,2025-12-11,Value for money
6747,869,2593,4,2025-08-31,Waste of money
6748,144,3009,3,2025-12-29,Highly recommend
6749,811,3871,4,2022-09-12,Waste of money
6750,480,1741,5,2024-09-06,Great product!
6751,856,1127,4,2022-07-17,Not as expected
6752,115,3501,5,2022-02-05,Waste of money
6753,439,3046,4,2024-12-28,Waste of money
6754,441,897,5,2024-04-24,Average experience
6755,84,3622,5,2022-09-22,Great product!
6756,664,2314,5,2025-03-23,"Fast delivery, good product"
6757,121,3398,5,2024-12-02,Excellent quality
6758,775,2539,3,2023-09-20,Not as expected
6759,656,3579,3,2024-01-05,Would buy again
6760,98,1929,2,2024-06-03,Great product!
6761,702,915,3,2022-10-31,Poor packaging
6762,752,3061,3,2025-10-13,Would buy again
6763,599,741,4,2024-05-07,"Fast delivery, good product"
6764,317,2686,4,2022-08-02,Excellent quality
6765,171,3044,5,2023-12-08,Excellent quality
6766,622,1375,5,2022-07-24,Excellent quality
6767,569,3204,5,2023-09-19,Not as expected
6768,447,3765,5,2024-04-17,Great product!
6769,550,3114,5,2025-06-08,Average experience
6770,564,1780,4,2024-03-27,Not as expected
6771,707,2422,5,2022-03-30,Not as expected
6772,430,386,4,2025-01-07,Not as expected
6773,730,955,4,2025-01-24,Highly recommend
6774,64,3788,5,2023-05-12,Value for money
6775,132,3678,4,2022-06-05,"Fast delivery, good product"
6776,152,3333,4,2023-10-23,Value for money
6777,438,3745,5,2022-07-17,Highly recommend
6778,48,264,4,2023-07-30,Excellent quality
6779,555,1454,5,2025-03-20,Great product!
6780,246,868,3,2024-07-28,Highly recommend
6781,99,157,5,2023-01-18,Poor packaging
6782,238,3753,5,2023-09-03,Average experience
6783,397,3783,4,2025-03-14,Great product!
6784,9,3748,5,2024-06-03,Highly recommend
6785,532,3846,5,2025-04-02,"Fast delivery, good product"
6786,129,1049,3,2024-07-26,Would buy again
6787,220,3187,3,2022-01-29,Waste of money
6788,69,2643,4,2023-08-21,Waste of money
6789,660,3413,1,2024-08-20,"Fast delivery, good product"
6790,432,2536,4,2022-02-06,"Fast delivery, good product"
6791,310,3766,4,2025-03-29,Excellent quality
6792,778,3373,5,2025-11-05,Poor packaging
6793,353,3518,5,2024-06-05,Excellent quality
6794,426,3529,2,2024-01-18,Excellent quality
6795,900,3771,5,2022-08-26,Poor packaging
6796,78,2841,3,2023-07-14,Poor packaging
6797,116,3713,3,2025-08-15,Great product!
6798,270,3310,5,2023-06-22,Great product!
6799,23,727,5,2022-12-09,Value for money
6800,388,2198,3,2025-09-03,Great product!
6801,276,1647,5,2022-07-10,Poor packaging
6802,841,1292,2,2024-10-10,Great product!
6803,541,167,4,2023-02-26,Average experience
6804,256,531,4,2023-01-14,Excellent quality
6805,325,1929,5,2022-10-05,Not as expected
6806,376,2847,5,2025-06-25,Not as expected
6807,288,2839,4,2024-03-22,Great product!
6808,100,1177,4,2022-02-26,Excellent quality
6809,688,3781,4,2025-05-03,Highly recommend
6810,784,1976,5,2025-12-02,Average experience
6811,782,3250,5,2024-02-28,Highly recommend
6812,309,1049,3,2022-08-11,"Fast delivery, good product"
6813,121,3085,4,2025-11-22,Excellent quality
6814,9,1613,2,2023-06-22,Average experience
6815,314,3598,1,2023-11-29,Not as expected
6816,666,3874,3,2022-07-10,Not as expected
6817,700,1229,3,2024-06-10,Poor packaging
6818,195,925,3,2023-06-22,Great product!
6819,413,3734,4,2023-08-06,Poor packaging
6820,707,3155,5,2024-12-15,Great product!
6821,741,3564,3,2023-02-28,Not as expected
6822,175,482,3,2025-06-28,"Fast delivery, good product"
6823,408,1268,2,2024-09-06,Not as expected
6824,189,2779,5,2025-01-23,Excellent quality
6825,717,842,5,2022-02-06,Great product!
6826,391,3254,4,2025-08-08,Would buy again
6827,404,361,5,2024-07-26,Excellent quality
6828,685,3849,2,2023-09-05,Great product!
6829,15,260,5,2022-05-08,Value for money
6830,295,2817,4,2025-05-04,Would buy again
6831,814,3459,5,2022-05-02,"Fast delivery, good product"
6832,101,3276,2,2024-02-02,Would buy again
6833,870,2574,5,2024-11-12,"Fast delivery, good product"
6834,206,3873,4,2022-08-23,Value for money
6835,893,2088,4,2023-06-05,Not as expected
6836,64,1474,2,2023-01-07,Poor packaging
6837,370,2216,4,2022-11-05,Excellent quality
6838,423,3035,4,2024-09-25,Would buy again
6839,792,143,5,2025-08-11,Poor packaging
6840,2,2300,3,2022-07-23,Would buy again
6841,79,3620,2,2025-01-06,Not as expected
6842,381,2706,1,2023-03-31,Would buy again
6843,899,1703,5,2022-11-23,Average experience
6844,287,275,4,2024-01-10,Poor packaging
6845,79,192,5,2025-02-02,Average experience
6846,634,885,5,2025-10-16,Not as expected
6847,95,3388,4,2022-03-05,Average experience
6848,470,3595,3,2023-08-14,"Fast delivery, good product"
6849,887,1918,4,2023-04-23,Poor packaging
6850,521,412,5,2022-04-18,Highly recommend
6851,609,638,4,2022-04-14,Highly recommend
6852,248,2072,5,2025-08-13,Waste of money
6853,530,2977,4,2022-01-27,Great product!
6854,888,2847,5,2025-07-04,"Fast delivery, good product"
6855,410,3709,3,2025-06-14,Would buy again
6856,134,1922,4,2022-12-26,Average experience
6857,113,608,3,2025-08-21,Average experience
6858,24,2836,5,2022-09-16,Great product!
6859,680,1630,4,2025-02-27,Waste of money
6860,237,1592,5,2022-12-13,Waste of money
6861,439,140,5,2022-08-28,Great product!
6862,311,2791,4,2024-08-10,Great product!
6863,177,488,3,2025-04-19,Great product!
6864,139,3804,4,2023-11-21,Highly recommend
6865,59,1099,4,2022-01-11,"Fast delivery, good product"
6866,376,275,3,2022-09-14,Excellent quality
6867,59,3810,4,2022-07-27,Poor packaging
6868,860,796,4,2025-09-11,Highly recommend
6869,34,3074,4,2023-05-26,Not as expected
6870,873,2341,5,2022-04-06,Would buy again
6871,119,2801,4,2024-03-01,Excellent quality
6872,786,932,5,2024-03-05,Great product!
6873,613,2707,3,2025-05-22,Waste of money
6874,341,3235,4,2023-02-16,Not as expected
6875,897,1472,4,2023-01-03,Excellent quality
6876,605,3292,4,2023-10-16,Would buy again
6877,394,2930,5,2023-05-12,Average experience
6878,640,795,3,2025-05-15,Waste of money
6879,360,1233,4,2025-10-12,Value for money
6880,408,3680,4,2024-08-10,Waste of money
6881,714,2944,3,2024-02-24,Not as expected
6882,638,3253,1,2022-09-27,Excellent quality
6883,730,845,5,2024-10-30,Not as expected
6884,469,1839,5,2025-03-05,Highly recommend
6885,111,187,5,2022-04-13,Excellent quality
6886,545,1639,3,2022-04-16,Value for money
6887,77,2271,5,2024-12-09,"Fast delivery, good product"
6888,817,1538,5,2025-01-03,Average experience
6889,715,1119,5,2025-05-31,Average experience
6890,29,3025,5,2025-11-07,Value for money
6891,70,2593,5,2025-02-03,Poor packaging
6892,183,1993,4,2024-04-14,Value for money
6893,666,179,4,2024-09-27,Great product!
6894,133,494,4,2024-04-08,Value for money
6895,359,2875,3,2022-11-24,Not as expected
6896,883,3376,4,2023-03-01,Value for money
6897,163,1485,3,2025-01-25,Average experience
6898,545,960,4,2023-10-14,Would buy again
6899,353,1526,5,2024-11-07,Great product!
6900,2,640,4,2023-08-26,Value for money
6901,579,1673,5,2022-07-03,"Fast delivery, good product"
6902,493,710,5,2024-11-26,Average experience
6903,31,238,4,2025-01-16,Excellent quality
6904,743,3454,4,2024-12-30,Not as expected
6905,803,2220,4,2022-08-25,"Fast delivery, good product"
6906,493,881,5,2025-05-12,Average experience
6907,364,3555,5,2025-07-09,Not as expected
6908,886,1062,1,2024-05-23,Highly recommend
6909,709,1149,5,2023-10-07,Great product!
6910,699,722,4,2025-05-03,Poor packaging
6911,193,464,5,2025-10-10,Not as expected
6912,71,2071,1,2025-12-08,Average experience
6913,574,2726,1,2024-06-14,Would buy again
6914,418,2527,4,2022-11-17,Average experience
6915,619,3420,4,2025-03-31,Excellent quality
6916,543,1199,4,2025-02-23,Waste of money
6917,210,2491,4,2024-09-03,Highly recommend
6918,898,3339,4,2025-07-05,Average experience
6919,252,930,4,2023-04-27,Waste of money
6920,836,1109,5,2022-03-22,Not as expected
6921,278,3193,3,2024-11-14,Highly recommend
6922,774,877,5,2022-04-30,Would buy again
6923,811,1792,5,2025-11-06,Excellent quality
6924,16,115,2,2023-11-07,Not as expected
6925,815,601,3,2022-11-23,Waste of money
6926,324,666,4,2022-07-22,Value for money
6927,757,2133,3,2022-03-14,Value for money
6928,677,3761,5,2022-02-04,"Fast delivery, good product"
6929,299,783,2,2023-01-12,Would buy again
6930,230,1639,3,2022-08-09,Waste of money
6931,708,1935,3,2024-07-01,Not as expected
6932,409,1796,4,2024-03-13,Poor packaging
6933,710,289,5,2024-06-21,Value for money
6934,711,3333,4,2024-02-16,Not as expected
6935,293,3094,4,2025-04-27,Value for money
6936,120,3604,1,2025-12-29,Average experience
6937,499,1079,5,2025-08-12,Highly recommend
6938,50,1684,1,2023-09-20,Would buy again
6939,106,1840,5,2023-11-08,Highly recommend
6940,659,3532,5,2023-05-31,Value for money
6941,344,1510,4,2022-05-05,Waste of money
6942,309,1759,4,2023-04-24,Value for money
6943,3,416,4,2022-01-08,Poor packaging
6944,25,318,4,2022-10-05,Highly recommend
6945,470,2942,5,2025-09-22,"Fast delivery, good product"
6946,793,3973,4,2025-02-02,Poor packaging
6947,76,2782,5,2025-04-26,Highly recommend
6948,138,1596,2,2023-09-25,Excellent quality
6949,636,2034,5,2022-07-09,"Fast delivery, good product"
6950,650,2445,5,2023-03-05,Not as expected
6951,733,1795,2,2022-02-12,Poor packaging
6952,488,3224,1,2024-03-20,Great product!
6953,385,1604,1,2022-02-15,"Fast delivery, good product"
6954,74,3437,3,2025-05-22,Excellent quality
6955,185,2123,5,2024-05-09,Highly recommend
6956,122,2733,5,2022-04-20,Not as expected
6957,886,1527,4,2023-11-27,Highly recommend
6958,302,1963,5,2023-12-25,Waste of money
6959,806,777,5,2024-03-01,Highly recommend
6960,518,2006,5,2025-04-08,Excellent quality
6961,497,2400,5,2022-08-12,Waste of money
6962,86,1014,5,2022-08-23,Average experience
6963,758,1628,3,2025-06-27,Poor packaging
6964,298,415,4,2024-05-13,Poor packaging
6965,672,3635,5,2022-04-23,Excellent quality
6966,650,3370,4,2024-05-21,"Fast delivery, good product"
6967,436,3570,3,2023-02-25,Not as expected
6968,432,3162,1,2023-08-28,Not as expected
6969,569,2176,5,2025-10-28,Average experience
6970,223,1118,3,2024-03-26,Would buy again
6971,285,971,4,2022-03-05,"Fast delivery, good product"
6972,285,3897,5,2025-11-09,Waste of money
6973,510,1681,4,2025-09-06,Value for money
6974,124,669,4,2025-07-14,Value for money
6975,26,1873,3,2024-12-17,Waste of money
6976,729,1629,3,2023-10-15,"Fast delivery, good product"
6977,255,1145,5,2023-09-03,Excellent quality
6978,459,2592,2,2023-03-04,Not as expected
6979,879,1442,4,2022-07-14,"Fast delivery, good product"
6980,202,3734,3,2024-05-26,Excellent quality
6981,231,336,3,2024-04-28,Not as expected
6982,288,2824,3,2024-01-12,Great product!
6983,401,687,3,2023-07-28,"Fast delivery, good product"
6984,553,865,4,2023-03-09,Would buy again
6985,598,1124,4,2024-01-30,Value for money
6986,488,2958,4,2022-11-29,"Fast delivery, good product"
6987,245,539,3,2022-02-08,Highly recommend
6988,455,3584,4,2024-02-04,Great product!
6989,45,3089,4,2024-09-20,"Fast delivery, good product"
6990,837,3276,5,2022-03-30,Average experience
6991,52,1825,5,2024-04-18,Excellent quality
6992,119,2423,3,2023-01-01,Poor packaging
6993,67,1977,4,2024-10-07,Excellent quality
6994,638,2544,3,2024-12-02,"Fast delivery, good product"
6995,658,1581,5,2022-01-06,Value for money
6996,499,464,3,2025-06-12,"Fast delivery, good product"
6997,706,3556,5,2023-07-11,Great product!
6998,304,3862,5,2024-01-24,Average experience
6999,687,3808,5,2025-12-14,Great product!
7000,750,801,5,2025-04-24,Excellent quality
7001,354,2381,5,2022-08-13,Poor packaging
7002,520,2452,5,2022-11-29,Value for money
7003,60,1050,4,2022-12-19,"Fast delivery, good product"
7004,96,2510,4,2023-05-27,Waste of money
7005,666,1231,5,2024-09-08,Excellent quality
7006,605,2058,3,2024-10-20,"Fast delivery, good product"
7007,674,3388,5,2022-11-06,"Fast delivery, good product"
7008,630,3487,4,2024-05-09,"Fast delivery, good product"
7009,130,1248,3,2023-01-11,Great product!
7010,824,2366,3,2023-07-15,Not as expected
7011,871,1211,4,2024-08-11,Average experience
7012,649,2947,5,2025-03-14,Excellent quality
7013,419,1596,5,2023-11-19,Highly recommend
7014,86,312,5,2024-04-10,Would buy again
7015,240,3842,4,2022-05-17,Great product!
7016,465,3771,1,2025-01-31,Poor packaging
7017,171,3987,4,2024-12-13,Not as expected
7018,143,1571,4,2022-12-22,"Fast delivery, good product"
7019,731,1836,5,2022-08-08,Waste of money
7020,598,528,5,2024-01-04,Waste of money
7021,553,227,5,2023-11-03,Waste of money
7022,292,3332,4,2023-08-16,Value for money
7023,293,515,4,2024-01-29,Would buy again
7024,742,1432,3,2022-09-19,Value for money
7025,65,3949,5,2022-10-20,Average experience
7026,720,322,5,2023-01-03,Excellent quality
7027,680,1374,5,2024-10-02,Not as expected
7028,271,1122,4,2024-04-30,Would buy again
7029,173,3797,4,2024-10-16,Great product!
7030,59,1100,4,2025-11-15,Excellent quality
7031,803,2757,5,2025-12-24,Value for money
7032,764,667,5,2024-10-03,Highly recommend
7033,875,971,5,2024-05-28,Value for money
7034,135,45,4,2025-06-14,Excellent quality
7035,184,1785,5,2025-03-18,Excellent quality
7036,29,1071,1,2024-09-10,Great product!
7037,881,3722,4,2022-04-05,Poor packaging
7038,116,1368,5,2022-08-08,Poor packaging
7039,688,1567,4,2025-09-22,Excellent quality
7040,651,2564,2,2025-07-26,Poor packaging
7041,672,1561,5,2022-05-30,Poor packaging
7042,139,1004,5,2023-09-13,Not as expected
7043,601,1335,5,2024-05-19,Average experience
7044,640,243,5,2023-08-19,Would buy again
7045,365,3238,3,2023-10-23,Poor packaging
7046,675,1970,4,2024-01-09,Value for money
7047,400,1354,2,2024-03-27,Highly recommend
7048,386,1994,4,2022-04-12,Highly recommend
7049,320,1416,4,2022-05-26,Waste of money
7050,176,3800,5,2022-05-21,"Fast delivery, good product"
7051,493,3976,4,2024-12-31,Poor packaging
7052,26,1646,5,2023-11-10,Not as expected
7053,407,2082,4,2022-10-30,Waste of money
7054,705,190,5,2025-06-04,"Fast delivery, good product"
7055,278,3597,5,2023-06-05,Waste of money
7056,170,670,5,2023-05-27,Poor packaging
7057,771,2393,4,2023-04-21,Average experience
7058,351,407,4,2024-12-01,Great product!
7059,169,1230,4,2025-01-16,Highly recommend
7060,102,3105,2,2023-06-04,Highly recommend
7061,184,590,5,2022-03-09,Value for money
7062,693,1271,4,2023-05-19,Waste of money
7063,898,1915,4,2022-09-02,Waste of money
7064,759,334,5,2024-10-08,Would buy again
7065,810,336,2,2023-12-16,Highly recommend
7066,102,44,5,2022-03-15,Waste of money
7067,517,3713,5,2024-04-13,"Fast delivery, good product"
7068,702,1802,5,2022-06-14,"Fast delivery, good product"
7069,544,437,4,2024-12-26,"Fast delivery, good product"
7070,262,3909,4,2023-10-17,Would buy again
7071,393,863,3,2025-12-09,Poor packaging
7072,597,2036,3,2024-10-08,Value for money
7073,293,567,4,2023-07-22,Not as expected
7074,615,695,5,2024-08-14,"Fast delivery, good product"
7075,88,3842,5,2022-03-01,Excellent quality
7076,158,732,4,2023-12-09,Would buy again
7077,236,1430,4,2022-04-02,Average experience
7078,200,1551,3,2022-09-05,Value for money
7079,370,1639,3,2024-06-23,Value for money
7080,112,822,3,2023-06-19,Value for money
7081,57,179,1,2024-10-13,Excellent quality
7082,830,1157,5,2022-08-12,Great product!
7083,283,2313,2,2022-03-02,Waste of money
7084,157,2308,5,2023-05-27,Excellent quality
7085,846,2992,4,2022-03-07,Great product!
7086,324,1044,4,2024-11-27,Average experience
7087,621,2446,5,2023-11-09,Great product!
7088,760,361,3,2022-04-30,"Fast delivery, good product"
7089,774,1903,5,2023-04-15,Value for money
7090,564,3297,3,2023-04-25,Not as expected
7091,280,3830,3,2025-07-28,Highly recommend
7092,736,1797,2,2023-08-01,"Fast delivery, good product"
7093,776,167,5,2023-10-11,Value for money
7094,154,1136,4,2025-09-22,"Fast delivery, good product"
7095,304,107,4,2023-03-18,Average experience
7096,890,3648,5,2024-06-06,Great product!
7097,42,2591,5,2023-10-30,Value for money
7098,593,2486,4,2025-01-09,Would buy again
7099,831,2855,4,2022-11-03,Not as expected
7100,145,3640,3,2022-07-04,Would buy again
7101,363,3522,5,2022-05-31,Great product!
7102,722,628,5,2022-11-09,Not as expected
7103,431,2402,5,2024-10-02,Average experience
7104,198,3415,4,2025-01-30,Not as expected
7105,66,2346,5,2024-08-11,Waste of money
7106,368,1111,4,2023-04-05,Not as expected
7107,536,3972,2,2022-10-09,Excellent quality
7108,101,3532,5,2023-05-07,Not as expected
7109,403,2375,4,2025-09-15,Highly recommend
7110,1,1499,3,2025-02-11,Value for money
7111,346,3603,3,2024-06-11,Highly recommend
7112,867,244,4,2022-03-20,Waste of money
7113,641,3519,5,2025-11-18,Poor packaging
7114,425,1309,4,2024-08-05,Value for money
7115,741,2068,1,2023-07-08,Poor packaging
7116,353,3248,4,2022-11-06,Great product!
7117,354,585,3,2024-08-01,Excellent quality
7118,533,1369,3,2024-06-28,Great product!
7119,95,1932,4,2025-03-18,Average experience
7120,377,1965,4,2025-06-20,Average experience
7121,184,2346,5,2022-06-15,Average experience
7122,324,622,4,2022-01-01,Poor packaging
7123,831,237,4,2023-12-02,Not as expected
7124,485,1677,5,2023-07-31,Value for money
7125,545,598,5,2025-04-20,Would buy again
7126,334,1267,5,2024-06-20,Value for money
7127,185,3020,4,2022-07-13,Excellent quality
7128,626,89,3,2023-10-11,Not as expected
7129,871,3234,2,2025-04-28,Great product!
7130,452,2779,3,2024-02-08,Not as expected
7131,841,2161,4,2022-06-05,Value for money
7132,703,816,4,2025-03-14,Waste of money
7133,252,595,5,2022-03-04,Not as expected
7134,888,1942,5,2023-05-28,"Fast delivery, good product"
7135,867,3559,5,2023-09-07,Would buy again
7136,316,1450,3,2023-06-06,Average experience
7137,690,783,4,2023-08-05,Excellent quality
7138,214,790,5,2023-04-28,Average experience
7139,457,3036,5,2025-06-18,Waste of money
7140,130,3266,1,2023-02-16,Not as expected
7141,899,964,4,2023-01-05,Highly recommend
7142,118,3892,5,2024-10-03,Average experience
7143,665,2751,5,2024-05-04,Excellent quality
7144,114,948,4,2022-12-09,Would buy again
7145,144,2026,1,2024-12-22,Not as expected
7146,776,3766,4,2022-01-26,"Fast delivery, good product"
7147,326,200,5,2024-11-26,"Fast delivery, good product"
7148,74,1349,4,2024-12-26,Not as expected
7149,175,2295,3,2024-04-05,Excellent quality
7150,764,2341,3,2023-08-01,Waste of money
7151,80,1597,1,2025-01-30,Waste of money
7152,90,1938,5,2025-08-13,Value for money
7153,94,138,4,2025-03-29,Average experience
7154,147,3325,4,2024-04-11,"Fast delivery, good product"
7155,217,3483,5,2023-05-22,Not as expected
7156,510,1044,4,2025-07-14,Great product!
7157,593,3364,5,2022-09-20,Would buy again
7158,177,17,5,2022-03-15,Not as expected
7159,169,804,4,2025-07-19,Highly recommend
7160,540,25,5,2024-02-16,"Fast delivery, good product"
7161,605,3014,4,2022-04-24,Great product!
7162,614,3937,4,2022-09-29,Highly recommend
7163,728,3457,5,2024-02-26,Value for money
7164,243,3558,3,2025-03-29,Would buy again
7165,646,1903,5,2023-07-14,"Fast delivery, good product"
7166,210,902,5,2024-12-20,Not as expected
7167,281,1537,4,2025-10-24,Excellent quality
7168,309,1994,4,2023-08-28,Waste of money
7169,261,885,5,2025-07-24,Value for money
7170,191,3204,3,2022-02-08,Average experience
7171,501,65,4,2023-05-07,Poor packaging
7172,301,3660,4,2023-06-17,Not as expected
7173,598,2950,1,2023-07-21,Excellent quality
7174,569,2166,4,2022-08-17,Excellent quality
7175,470,3596,5,2023-04-06,Value for money
7176,874,743,5,2025-09-20,Value for money
7177,886,1191,5,2025-09-06,"Fast delivery, good product"
7178,278,1703,3,2025-11-03,Not as expected
7179,103,2947,4,2022-12-17,Not as expected
7180,816,2151,5,2023-11-23,Waste of money
7181,612,1718,3,2022-09-26,"Fast delivery, good product"
7182,7,1605,5,2025-02-08,Waste of money
7183,800,3214,4,2023-01-18,Average experience
7184,402,249,3,2022-11-22,Excellent quality
7185,95,1732,5,2022-02-18,Excellent quality
7186,124,1392,4,2024-03-23,Poor packaging
7187,252,2128,4,2024-07-29,"Fast delivery, good product"
7188,93,109,4,2022-04-25,Average experience
7189,629,1585,5,2023-09-20,"Fast delivery, good product"
7190,289,3120,4,2022-09-15,Great product!
7191,196,496,3,2022-03-14,Highly recommend
7192,343,2083,3,2025-10-03,Not as expected
7193,674,1135,3,2025-12-25,Waste of money
7194,664,3065,4,2024-04-20,Average experience
7195,54,815,4,2023-07-26,Value for money
7196,508,2505,4,2022-01-12,Waste of money
7197,153,976,4,2024-04-22,Highly recommend
7198,753,1225,5,2024-12-05,Poor packaging
7199,476,3166,4,2022-07-11,Average experience
7200,852,722,5,2025-08-22,Waste of money
7201,520,3350,5,2022-01-20,Value for money
7202,196,358,5,2024-11-02,Excellent quality
7203,560,1353,4,2022-01-05,Poor packaging
7204,360,1877,1,2022-12-26,Excellent quality
7205,253,1307,5,2025-07-17,Waste of money
7206,32,3749,2,2022-04-16,Great product!
7207,745,814,5,2025-02-11,Poor packaging
7208,435,2562,4,2023-01-27,Value for money
7209,315,3376,4,2025-09-30,Highly recommend
7210,678,288,4,2022-07-13,Not as expected
7211,213,348,5,2024-10-10,Excellent quality
7212,625,3549,4,2025-03-08,Great product!
7213,813,1539,4,2025-11-26,Excellent quality
7214,894,75,3,2025-10-15,Poor packaging
7215,44,242,5,2022-06-21,Value for money
7216,544,249,3,2024-10-06,Waste of money
7217,618,1284,5,2025-06-14,Value for money
7218,557,2646,2,2025-04-03,Value for money
7219,880,2168,5,2023-10-30,Excellent quality
7220,578,1496,5,2025-05-14,Highly recommend
7221,550,1098,3,2022-01-04,Would buy again
7222,528,517,4,2022-10-23,Poor packaging
7223,10,3343,5,2022-09-25,Poor packaging
7224,222,3843,4,2023-06-19,Waste of money
7225,519,813,1,2022-06-01,Poor packaging
7226,43,1828,3,2024-12-04,"Fast delivery, good product"
7227,762,1143,5,2022-11-28,Would buy again
7228,195,83,4,2024-02-14,Great product!
7229,83,3864,4,2022-07-04,Highly recommend
7230,623,1949,3,2023-04-28,Not as expected
7231,734,1537,2,2024-11-17,Great product!
7232,532,3924,5,2025-06-30,"Fast delivery, good product"
7233,453,3169,5,2025-12-23,Waste of money
7234,18,3343,4,2023-05-17,Would buy again
7235,425,306,3,2024-11-03,Excellent quality
7236,877,2932,4,2024-04-02,Not as expected
7237,120,3636,3,2022-02-24,Poor packaging
7238,10,3825,4,2022-12-23,Average experience
7239,831,2572,5,2023-04-20,Highly recommend
7240,677,2619,4,2024-03-30,Value for money
7241,509,1318,4,2022-06-03,Highly recommend
7242,611,2431,4,2024-11-14,Value for money
7243,482,1760,5,2025-08-29,Waste of money
7244,851,2885,3,2024-10-10,Not as expected
7245,398,3670,5,2024-04-26,"Fast delivery, good product"
7246,845,1368,4,2025-12-25,Highly recommend
7247,770,1696,3,2025-02-25,Value for money
7248,74,276,5,2022-09-22,Would buy again
7249,73,1801,4,2022-05-11,Value for money
7250,554,3634,5,2024-09-22,"Fast delivery, good product"
7251,860,2531,4,2023-12-12,Great product!
7252,855,269,3,2025-05-26,Great product!
7253,678,2873,3,2025-06-28,Poor packaging
7254,633,3980,5,2023-08-28,Average experience
7255,451,3127,5,2022-01-12,Great product!
7256,660,1323,5,2024-10-13,Would buy again
7257,863,3455,2,2024-03-31,Would buy again
7258,665,2797,4,2022-02-26,"Fast delivery, good product"
7259,754,3020,5,2023-10-29,Highly recommend
7260,394,3491,5,2023-03-25,Value for money
7261,214,2797,4,2025-04-04,"Fast delivery, good product"
7262,449,3290,1,2024-08-19,Waste of money
7263,630,152,4,2025-12-25,Would buy again
7264,337,827,1,2022-03-17,Poor packaging
7265,681,2476,2,2025-06-15,"Fast delivery, good product"
7266,834,712,3,2022-11-05,Poor packaging
7267,804,1053,4,2022-07-06,"Fast delivery, good product"
7268,239,173,4,2023-08-06,"Fast delivery, good product"
7269,453,3799,5,2024-06-05,Value for money
7270,617,868,2,2023-02-25,Excellent quality
7271,82,3745,5,2025-04-06,Excellent quality
7272,119,539,5,2022-05-31,Highly recommend
7273,97,2785,3,2022-10-17,Average experience
7274,865,538,4,2025-01-31,Poor packaging
7275,148,1888,5,2024-01-07,Excellent quality
7276,841,1875,4,2025-03-24,Average experience
7277,712,1245,4,2024-10-09,Highly recommend
7278,64,1055,4,2025-08-17,Not as expected
7279,349,2894,4,2025-05-08,Poor packaging
7280,876,1646,5,2023-03-18,Value for money
7281,880,1260,1,2022-10-15,Average experience
7282,556,741,4,2025-03-29,Value for money
7283,436,2735,5,2022-07-15,Would buy again
7284,831,3576,4,2023-06-26,Great product!
7285,166,2803,4,2024-08-09,Average experience
7286,885,625,4,2022-01-30,Would buy again
7287,185,2913,4,2024-08-20,Great product!
7288,882,2866,4,2024-12-08,Poor packaging
7289,689,2116,4,2025-02-18,"Fast delivery, good product"
7290,487,1942,4,2025-09-24,Poor packaging
7291,66,3675,5,2023-02-11,Not as expected
7292,232,3583,4,2022-08-11,Waste of money
7293,314,3912,3,2025-07-09,Great product!
7294,864,3970,5,2022-12-23,Great product!
7295,858,2398,1,2023-05-21,Not as expected
7296,135,1213,3,2022-01-22,Poor packaging
7297,70,2251,4,2024-09-03,Great product!
7298,443,1846,5,2022-09-17,Would buy again
7299,792,1193,4,2024-02-09,Poor packaging
7300,359,822,3,2024-01-28,Highly recommend
7301,778,3067,4,2022-08-27,Excellent quality
7302,714,1108,4,2025-03-19,Excellent quality
7303,234,3197,3,2023-03-17,Great product!
7304,861,3644,1,2022-08-28,Value for money
7305,153,3313,2,2024-08-27,Excellent quality
7306,832,807,5,2024-08-20,Poor packaging
7307,338,2248,5,2023-09-23,Poor packaging
7308,719,1122,2,2022-01-18,Would buy again
7309,476,132,4,2025-06-18,Value for money
7310,193,3879,3,2025-03-27,Value for money
7311,442,313,5,2025-12-05,Waste of money
7312,229,3969,3,2024-04-03,Not as expected
7313,812,3804,4,2024-09-29,Excellent quality
7314,378,1586,5,2024-08-08,Not as expected
7315,240,797,5,2023-09-18,Great product!
7316,112,3056,1,2023-06-29,Not as expected
7317,533,598,2,2025-12-09,Average experience
7318,704,2267,4,2024-09-29,Would buy again
7319,671,1252,5,2022-12-06,Highly recommend
7320,795,3449,5,2022-06-10,Average experience
7321,809,2489,5,2025-07-11,Waste of money
7322,501,1583,5,2024-09-25,Would buy again
7323,501,2186,3,2022-07-03,Would buy again
7324,234,993,2,2022-06-09,Not as expected
7325,864,1382,5,2023-04-22,"Fast delivery, good product"
7326,817,2234,4,2023-10-19,Would buy again
7327,702,862,5,2024-01-04,Not as expected
7328,482,2007,5,2025-06-29,Poor packaging
7329,453,2833,4,2022-03-07,Would buy again
7330,738,407,4,2025-07-06,Excellent quality
7331,249,2478,3,2025-04-17,Not as expected
7332,663,1849,4,2024-01-29,Value for money
7333,767,1826,5,2025-01-17,"Fast delivery, good product"
7334,265,3496,3,2023-03-23,Great product!
7335,82,1340,1,2022-12-24,Excellent quality
7336,799,3461,5,2025-09-28,Value for money
7337,479,1518,5,2022-03-04,Value for money
7338,211,3193,5,2022-05-09,Would buy again
7339,628,3768,5,2022-07-23,"Fast delivery, good product"
7340,59,846,5,2023-05-14,Not as expected
7341,351,3984,2,2024-03-01,Not as expected
7342,255,3547,5,2025-12-30,Waste of money
7343,121,3383,4,2023-08-01,Great product!
7344,616,892,5,2024-01-17,Would buy again
7345,312,221,3,2024-03-01,Highly recommend
7346,694,2466,4,2023-07-05,Value for money
7347,576,3767,2,2023-08-09,Not as expected
7348,155,2886,3,2025-07-15,Not as expected
7349,499,2977,4,2024-02-19,Poor packaging
7350,699,3584,3,2024-08-27,"Fast delivery, good product"
7351,544,946,4,2023-05-01,Average experience
7352,870,709,5,2025-12-27,Highly recommend
7353,488,2937,3,2024-05-21,Highly recommend
7354,194,1018,1,2024-02-01,"Fast delivery, good product"
7355,102,2960,5,2025-07-06,Value for money
7356,494,63,5,2022-01-20,Waste of money
7357,281,989,2,2025-11-27,Poor packaging
7358,202,776,4,2023-09-11,Great product!
7359,522,3339,4,2024-04-20,Value for money
7360,127,1649,5,2025-08-31,Average experience
7361,218,212,3,2025-07-08,Waste of money
7362,589,473,3,2022-01-07,Not as expected
7363,656,2610,5,2025-08-09,Poor packaging
7364,62,2468,3,2025-03-16,Great product!
7365,72,1180,4,2023-05-28,Not as expected
7366,525,3912,5,2024-10-04,Would buy again
7367,892,2640,5,2022-01-31,Would buy again
7368,645,192,5,2024-08-01,Would buy again
7369,251,3055,3,2025-06-09,Excellent quality
7370,691,1831,5,2025-04-06,Would buy again
7371,656,614,1,2025-02-10,Average experience
7372,636,2372,4,2022-08-07,Not as expected
7373,58,1865,3,2022-06-12,Not as expected
7374,680,2830,4,2023-06-13,Would buy again
7375,826,2001,4,2022-02-18,Highly recommend
7376,491,135,4,2025-05-21,Average experience
7377,664,3660,4,2025-09-21,Great product!
7378,82,474,5,2022-06-26,Average experience
7379,648,1569,1,2024-04-15,Would buy again
7380,823,1818,5,2022-03-01,Poor packaging
7381,795,2718,5,2022-05-27,Average experience
7382,3,2141,2,2025-02-13,Highly recommend
7383,255,1205,3,2024-08-21,Not as expected
7384,525,2987,4,2024-07-15,Average experience
7385,297,3741,5,2023-05-14,Great product!
7386,43,1035,5,2023-09-05,Would buy again
7387,884,3946,4,2023-10-12,Poor packaging
7388,370,140,4,2023-07-18,Value for money
7389,158,2804,5,2024-08-20,Waste of money
7390,874,3162,5,2024-10-25,Waste of money
7391,671,246,5,2025-09-30,Highly recommend
7392,73,3472,4,2024-05-22,"Fast delivery, good product"
7393,729,3585,5,2024-03-30,Would buy again
7394,288,3932,5,2025-01-14,Excellent quality
7395,347,2399,2,2025-06-18,Great product!
7396,70,2300,4,2024-12-22,Waste of money
7397,818,3082,5,2023-06-15,Would buy again
7398,208,3456,4,2022-06-25,Poor packaging
7399,582,2258,3,2025-09-02,Excellent quality
7400,496,3158,5,2024-02-05,"Fast delivery, good product"
7401,234,406,1,2022-03-10,Average experience
7402,616,3107,5,2024-08-02,"Fast delivery, good product"
7403,405,1380,1,2022-03-24,Value for money
7404,763,2028,5,2024-04-11,Highly recommend
7405,369,1720,4,2023-12-02,Value for money
7406,529,1708,4,2023-04-27,Would buy again
7407,612,3439,1,2024-08-15,Would buy again
7408,533,648,5,2024-03-03,Average experience
7409,758,3109,5,2022-11-14,Poor packaging
7410,426,1397,4,2023-10-21,Highly recommend
7411,836,635,5,2024-02-15,Value for money
7412,415,2319,4,2023-01-24,Excellent quality
7413,151,2108,5,2024-08-15,Not as expected
7414,94,2121,4,2024-04-26,Not as expected
7415,496,1139,5,2022-02-05,Great product!
7416,167,811,4,2025-08-16,Value for money
7417,537,1008,4,2024-05-03,Value for money
7418,724,2641,3,2024-12-13,Poor packaging
7419,407,696,4,2025-07-02,Poor packaging
7420,18,488,1,2025-01-27,Average experience
7421,686,911,4,2025-08-16,Average experience
7422,439,1955,5,2024-10-18,Would buy again
7423,751,1288,4,2022-11-05,Excellent quality
7424,40,2499,5,2025-09-09,Great product!
7425,637,464,5,2025-12-24,Average experience
7426,127,3308,2,2024-11-04,"Fast delivery, good product"
7427,712,2664,5,2025-02-07,Poor packaging
7428,843,1079,4,2024-07-24,Not as expected
7429,266,3186,5,2024-04-13,Great product!
7430,425,347,4,2023-06-24,Great product!
7431,821,2205,5,2023-08-31,"Fast delivery, good product"
7432,75,3101,5,2025-11-12,Average experience
7433,270,2163,5,2025-02-15,Highly recommend
7434,3,2903,5,2024-09-21,Would buy again
7435,334,2269,3,2025-05-27,Poor packaging
7436,488,3050,4,2024-11-01,Not as expected
7437,25,3738,3,2024-01-15,Poor packaging
7438,596,3373,4,2024-09-20,Highly recommend
7439,600,1712,1,2023-06-09,Average experience
7440,689,2628,5,2023-04-05,Highly recommend
7441,800,1604,5,2022-10-19,Value for money
7442,428,2608,5,2023-07-28,Great product!
7443,694,3293,5,2023-08-23,Highly recommend
7444,630,3167,3,2024-07-14,Average experience
7445,70,187,4,2024-07-02,Excellent quality
7446,160,2049,4,2025-09-11,Would buy again
7447,782,650,2,2023-11-25,Great product!
7448,254,1048,5,2023-05-20,Excellent quality
7449,418,124,5,2022-05-29,Would buy again
7450,62,608,4,2024-02-18,"Fast delivery, good product"
7451,550,2922,3,2025-12-26,Average experience
7452,312,2983,4,2024-06-06,Excellent quality
7453,729,3107,5,2023-04-21,Average experience
7454,772,3883,5,2022-02-01,Excellent quality
7455,519,3453,4,2023-02-22,Excellent quality
7456,339,1066,4,2025-10-19,Average experience
7457,723,3079,5,2023-06-24,Excellent quality
7458,6,2456,4,2025-04-01,Would buy again
7459,441,1141,3,2024-07-01,Great product!
7460,564,1053,5,2025-09-24,Would buy again
7461,832,2775,4,2022-08-04,Would buy again
7462,309,4000,5,2022-08-06,"Fast delivery, good product"
7463,566,2287,5,2024-02-19,"Fast delivery, good product"
7464,283,2118,3,2025-03-21,Waste of money
7465,113,3279,3,2025-06-24,Waste of money
7466,199,285,5,2023-09-14,Average experience
7467,257,1105,4,2025-11-27,Great product!
7468,128,279,5,2025-06-06,Average experience
7469,203,1181,3,2023-05-12,"Fast delivery, good product"
7470,438,1863,5,2022-04-25,Highly recommend
7471,10,3185,5,2024-09-28,Would buy again
7472,74,3707,5,2024-06-03,Value for money
7473,853,2307,4,2024-03-20,Poor packaging
7474,289,1041,4,2024-09-14,Would buy again
7475,789,1079,5,2022-11-08,Not as expected
7476,576,3943,4,2024-08-11,Excellent quality
7477,849,2460,3,2025-09-03,Excellent quality
7478,640,3706,4,2024-09-17,Highly recommend
7479,474,2910,4,2025-12-03,"Fast delivery, good product"
7480,800,2491,4,2025-12-01,Great product!
7481,7,3758,5,2025-10-21,Would buy again
7482,770,1187,5,2024-07-03,Poor packaging
7483,819,1058,4,2023-02-10,Poor packaging
7484,702,838,4,2022-02-25,Average experience
7485,682,608,4,2024-07-29,Great product!
7486,715,748,4,2025-10-16,Excellent quality
7487,850,1091,5,2024-07-06,Would buy again
7488,882,235,5,2023-10-24,Highly recommend
7489,432,3372,5,2025-03-10,Value for money
7490,475,3614,1,2025-12-03,Highly recommend
7491,156,1232,5,2025-09-21,Poor packaging
7492,588,3086,4,2025-04-25,Value for money
7493,107,686,4,2024-01-14,Highly recommend
7494,186,2868,1,2022-03-18,Highly recommend
7495,342,1036,5,2024-05-17,Would buy again
7496,369,3037,3,2022-04-28,Not as expected
7497,86,1084,5,2025-03-14,Great product!
7498,823,3463,4,2025-01-21,Poor packaging
7499,673,522,2,2025-01-18,Value for money
7500,597,2152,1,2022-09-03,Would buy again
7501,347,2089,5,2024-02-09,Would buy again
7502,216,479,4,2023-11-05,Poor packaging
7503,440,2745,4,2023-10-05,Waste of money
7504,270,608,4,2023-01-11,Would buy again
7505,281,2866,5,2022-04-07,Waste of money
7506,499,2206,4,2024-01-17,Not as expected
7507,569,3155,1,2022-08-27,Not as expected
7508,416,159,5,2023-07-21,Highly recommend
7509,859,3270,4,2024-08-08,Great product!
7510,745,1464,3,2023-04-22,Highly recommend
7511,171,1923,4,2025-02-04,Not as expected
7512,297,3868,4,2022-10-10,Would buy again
7513,8,3260,5,2024-01-29,Highly recommend
7514,381,1394,5,2025-04-29,Would buy again
7515,849,2167,4,2024-10-11,Highly recommend
7516,531,3440,5,2022-11-09,Waste of money
7517,114,3952,3,2025-08-24,Average experience
7518,462,1974,5,2024-05-21,Value for money
7519,401,522,1,2025-11-01,Value for money
7520,257,2980,3,2025-08-12,Not as expected
7521,16,1010,4,2022-10-14,Value for money
7522,259,3886,4,2023-11-29,Great product!
7523,492,2645,5,2023-03-07,Would buy again
7524,626,2910,4,2025-01-04,Excellent quality
7525,201,2243,4,2025-06-15,Not as expected
7526,288,1956,4,2025-10-19,Excellent quality
7527,323,3207,5,2023-02-17,Average experience
7528,545,54,5,2022-07-03,Poor packaging
7529,445,3513,4,2024-02-03,Waste of money
7530,523,1776,4,2023-08-26,"Fast delivery, good product"
7531,203,1469,5,2024-01-18,Excellent quality
7532,813,2305,5,2023-06-20,Poor packaging
7533,675,3002,4,2024-10-24,Great product!
7534,171,3756,5,2023-07-14,Highly recommend
7535,178,404,4,2025-05-30,Highly recommend
7536,554,676,4,2023-08-15,Excellent quality
7537,829,3004,4,2024-05-10,Poor packaging
7538,601,2730,5,2023-10-16,Poor packaging
7539,847,1381,5,2023-10-16,"Fast delivery, good product"
7540,692,1577,4,2022-10-20,Great product!
7541,437,3983,4,2025-07-12,Great product!
7542,238,3004,4,2022-12-08,Average experience
7543,832,1168,1,2022-02-18,Highly recommend
7544,55,3797,5,2022-03-06,Waste of money
7545,575,1071,5,2023-10-12,Excellent quality
7546,723,1574,4,2024-03-11,Excellent quality
7547,280,6,4,2024-02-11,"Fast delivery, good product"
7548,659,2570,5,2024-12-05,Poor packaging
7549,341,434,5,2022-10-11,Value for money
7550,253,96,5,2023-12-10,Excellent quality
7551,453,906,5,2023-06-05,Not as expected
7552,223,179,5,2022-07-22,Value for money
7553,65,2757,4,2023-10-11,"Fast delivery, good product"
7554,479,2362,3,2024-06-09,Great product!
7555,701,840,4,2023-07-28,Would buy again
7556,731,902,4,2025-04-11,Would buy again
7557,169,1171,4,2024-05-06,Would buy again
7558,342,1409,5,2025-11-18,Excellent quality
7559,712,1301,3,2025-12-20,Value for money
7560,458,2416,3,2025-12-20,Excellent quality
7561,809,2338,4,2023-05-04,"Fast delivery, good product"
7562,369,3781,4,2022-04-13,Value for money
7563,527,3295,4,2025-06-19,Waste of money
7564,571,2986,3,2022-05-07,Would buy again
7565,890,1914,5,2025-01-10,Value for money
7566,398,3451,5,2024-06-30,Poor packaging
7567,701,2474,3,2023-04-15,Would buy again
7568,99,1580,5,2025-12-11,Poor packaging
7569,708,2208,2,2024-07-04,Would buy again
7570,56,3372,5,2022-08-19,Highly recommend
7571,606,1846,5,2025-11-23,Great product!
7572,592,1580,3,2022-06-09,Excellent quality
7573,753,2302,4,2023-09-01,Would buy again
7574,437,727,5,2023-02-27,Value for money
7575,846,2423,5,2022-11-08,Not as expected
7576,90,1454,5,2022-10-28,Average experience
7577,595,1425,3,2022-03-08,Average experience
7578,802,1729,4,2024-01-31,Not as expected
7579,268,2073,3,2023-05-08,Poor packaging
7580,854,2312,3,2025-04-08,"Fast delivery, good product"
7581,529,3745,3,2025-05-12,Value for money
7582,543,3643,4,2022-12-06,Not as expected
7583,35,1329,5,2024-11-09,Waste of money
7584,132,1485,4,2022-11-26,Not as expected
7585,858,2393,2,2025-11-24,"Fast delivery, good product"
7586,348,1560,3,2025-04-25,Highly recommend
7587,37,2730,5,2023-07-22,Poor packaging
7588,482,830,4,2023-06-02,Would buy again
7589,233,1372,3,2023-05-10,Not as expected
7590,671,3494,1,2025-08-19,Waste of money
7591,341,1984,3,2022-05-20,Great product!
7592,361,3771,5,2022-09-06,Great product!
7593,231,1209,5,2025-03-08,Excellent quality
7594,129,3201,4,2022-11-23,Not as expected
7595,75,2286,2,2022-02-14,Average experience
7596,845,2067,5,2023-10-18,Not as expected
7597,704,1562,3,2023-03-19,Would buy again
7598,27,3356,3,2022-01-16,Highly recommend
7599,438,400,4,2023-10-07,Great product!
7600,202,1038,4,2022-10-24,Poor packaging
7601,9,1036,4,2024-03-25,"Fast delivery, good product"
7602,854,477,5,2025-04-26,Value for money
7603,377,629,1,2022-01-16,Not as expected
7604,683,2169,5,2025-11-27,Not as expected
7605,751,644,5,2023-09-13,Highly recommend
7606,900,641,4,2023-09-09,Great product!
7607,523,732,2,2023-07-25,Not as expected
7608,594,3063,4,2025-06-02,Average experience
7609,595,3305,5,2025-10-05,"Fast delivery, good product"
7610,752,267,5,2025-06-18,"Fast delivery, good product"
7611,430,1795,5,2025-08-24,Waste of money
7612,14,897,4,2025-06-07,Not as expected
7613,63,1340,5,2023-11-10,Average experience
7614,433,368,3,2024-11-10,Highly recommend
7615,42,2676,3,2023-11-29,Would buy again
7616,62,920,5,2024-09-22,Would buy again
7617,290,31,4,2025-02-19,Would buy again
7618,401,1253,3,2023-09-17,Poor packaging
7619,43,348,4,2025-10-12,Would buy again
7620,393,1554,4,2023-04-05,Highly recommend
7621,488,2770,3,2022-12-24,Average experience
7622,598,2896,4,2025-09-28,Excellent quality
7623,215,196,1,2022-10-18,Would buy again
7624,2,222,4,2023-10-20,"Fast delivery, good product"
7625,662,2364,4,2024-07-27,Highly recommend
7626,672,3340,5,2024-01-21,Excellent quality
7627,657,3443,5,2024-01-10,"Fast delivery, good product"
7628,742,2749,4,2023-06-13,Average experience
7629,208,615,1,2024-09-28,Average experience
7630,415,3945,4,2022-06-27,Not as expected
7631,256,2209,1,2022-10-11,Highly recommend
7632,759,2262,3,2022-08-27,Would buy again
7633,206,3717,5,2022-08-03,Excellent quality
7634,618,2777,3,2025-05-19,Great product!
7635,858,2431,1,2022-03-12,Excellent quality
7636,316,1460,2,2022-07-13,Waste of money
7637,90,2355,4,2025-09-20,Value for money
7638,886,1478,3,2025-02-10,Great product!
7639,650,402,3,2023-06-16,Poor packaging
7640,146,2887,5,2025-10-21,Value for money
7641,853,1530,5,2025-09-19,Not as expected
7642,439,1815,4,2024-08-02,Highly recommend
7643,182,557,3,2025-03-14,Waste of money
7644,350,2319,3,2023-07-27,Excellent quality
7645,769,2084,5,2023-03-31,Value for money
7646,108,2462,5,2025-11-18,Highly recommend
7647,234,1885,5,2023-09-28,Waste of money
7648,9,3266,2,2023-10-17,Excellent quality
7649,174,1682,5,2024-11-14,Would buy again
7650,417,3525,5,2023-06-18,Highly recommend
7651,287,2718,3,2023-11-14,Would buy again
7652,546,3804,3,2023-07-18,Would buy again
7653,675,3884,4,2024-07-21,Excellent quality
7654,151,1775,5,2022-12-16,Excellent quality
7655,1,9,5,2022-01-24,Value for money
7656,198,3612,3,2024-07-03,Value for money
7657,805,273,4,2023-06-12,Value for money
7658,840,2623,4,2025-02-05,Highly recommend
7659,131,2138,3,2024-04-10,Highly recommend
7660,562,3522,5,2022-08-22,Poor packaging
7661,412,1604,4,2024-04-06,Average experience
7662,394,3063,4,2023-07-28,Great product!
7663,698,278,3,2023-01-07,Highly recommend
7664,70,3250,3,2022-07-22,"Fast delivery, good product"
7665,388,3359,2,2024-09-20,Not as expected
7666,823,3449,4,2023-07-12,Highly recommend
7667,182,68,3,2023-03-23,Not as expected
7668,762,1048,5,2024-06-29,Waste of money
7669,786,1547,4,2025-02-23,Great product!
7670,444,3078,4,2023-08-12,Waste of money
7671,269,459,5,2023-06-21,Great product!
7672,194,2043,5,2023-08-16,Average experience
7673,366,1566,5,2025-08-26,Poor packaging
7674,668,2544,4,2025-10-14,Highly recommend
7675,747,1421,4,2022-10-07,Poor packaging
7676,713,3572,5,2024-09-27,Would buy again
7677,733,2679,4,2022-08-31,Highly recommend
7678,195,2766,1,2023-05-22,Would buy again
7679,828,897,4,2024-12-01,Poor packaging
7680,585,2468,1,2023-06-30,Would buy again
7681,807,334,1,2024-12-29,Great product!
7682,888,3824,4,2022-08-26,Not as expected
7683,869,3442,3,2024-01-26,Poor packaging
7684,117,509,4,2022-03-31,Would buy again
7685,640,3849,5,2022-09-08,Excellent quality
7686,503,220,4,2025-06-26,Excellent quality
7687,527,3620,4,2025-05-29,Great product!
7688,505,3071,4,2025-11-02,Waste of money
7689,119,3461,4,2024-04-14,"Fast delivery, good product"
7690,346,2564,5,2023-12-04,"Fast delivery, good product"
7691,828,1814,5,2025-02-18,Excellent quality
7692,697,3976,3,2025-07-17,Would buy again
7693,21,1445,2,2023-04-17,Average experience
7694,778,1045,4,2023-04-22,Average experience
7695,266,1345,5,2023-05-17,Average experience
7696,140,1229,5,2022-08-17,Not as expected
7697,179,2314,4,2025-06-10,Excellent quality
7698,386,167,5,2025-11-30,Would buy again
7699,649,2834,4,2022-08-20,Great product!
7700,69,260,4,2025-04-27,"Fast delivery, good product"
7701,430,1339,5,2025-03-11,Excellent quality
7702,293,799,4,2023-02-26,Excellent quality
7703,888,64,5,2022-12-23,Waste of money
7704,51,3924,5,2024-03-03,Average experience
7705,652,1568,4,2025-10-27,Would buy again
7706,401,2951,5,2022-09-06,Not as expected
7707,389,3846,2,2024-09-21,Would buy again
7708,59,3431,3,2023-08-30,Value for money
7709,424,1814,5,2022-09-22,Great product!
7710,639,97,5,2023-04-07,"Fast delivery, good product"
7711,446,2958,5,2024-10-19,Value for money
7712,491,614,5,2022-05-31,Poor packaging
7713,612,2519,3,2024-01-19,Value for money
7714,195,895,2,2025-06-14,Excellent quality
7715,513,1056,1,2022-06-09,"Fast delivery, good product"
7716,218,3515,4,2022-08-19,Average experience
7717,767,949,4,2023-11-12,Would buy again
7718,217,221,5,2025-03-04,"Fast delivery, good product"
7719,724,410,4,2023-03-03,"Fast delivery, good product"
7720,477,471,3,2025-03-29,Great product!
7721,780,2084,5,2025-03-01,Excellent quality
7722,778,3863,4,2022-02-14,Would buy again
7723,49,2190,5,2022-09-09,Highly recommend
7724,358,491,3,2022-07-07,Excellent quality
7725,225,2983,5,2022-07-19,Would buy again
7726,296,3597,3,2022-07-29,Highly recommend
7727,426,194,5,2024-04-21,Waste of money
7728,27,395,5,2022-08-14,Would buy again
7729,799,580,4,2023-08-15,Not as expected
7730,688,2094,4,2022-07-21,Excellent quality
7731,106,3262,1,2025-04-27,"Fast delivery, good product"
7732,17,3281,3,2025-02-05,Highly recommend
7733,688,3644,5,2022-12-23,Average experience
7734,110,3902,4,2024-05-14,Would buy again
7735,175,3477,4,2023-10-31,Would buy again
7736,623,146,1,2023-02-19,Not as expected
7737,28,3822,3,2024-06-15,Value for money
7738,397,133,5,2024-08-14,Excellent quality
7739,352,3146,3,2024-12-05,"Fast delivery, good product"
7740,296,3602,5,2023-01-21,Not as expected
7741,891,2820,4,2024-03-31,Poor packaging
7742,789,573,4,2023-05-03,Waste of money
7743,550,1433,2,2023-06-15,"Fast delivery, good product"
7744,374,2817,4,2022-03-26,Value for money
7745,284,3082,4,2025-05-31,Waste of money
7746,322,3770,3,2025-07-06,Would buy again
7747,362,3442,4,2024-03-02,Highly recommend
7748,741,643,4,2022-10-17,Would buy again
7749,127,983,5,2024-08-13,Not as expected
7750,184,3277,2,2022-05-24,Waste of money
7751,85,868,3,2025-03-30,Excellent quality
7752,170,3899,5,2024-02-27,"Fast delivery, good product"
7753,827,3513,3,2025-05-17,Average experience
7754,136,2493,2,2024-11-30,Great product!
7755,832,2622,5,2024-07-08,Highly recommend
7756,246,1910,4,2024-04-19,Poor packaging
7757,203,2491,4,2025-09-04,Waste of money
7758,547,977,4,2023-08-17,Poor packaging
7759,199,2116,5,2023-11-02,Poor packaging
7760,581,1628,3,2025-06-19,Average experience
7761,729,3094,3,2024-11-28,Value for money
7762,225,2238,2,2022-10-07,Not as expected
7763,796,3799,5,2022-11-22,Value for money
7764,255,830,5,2024-02-27,Excellent quality
7765,848,3211,4,2024-06-03,Poor packaging
7766,676,1249,3,2022-01-17,Value for money
7767,567,625,3,2024-08-27,Average experience
7768,636,34,3,2022-11-04,Average experience
7769,257,3311,5,2022-03-05,Would buy again
7770,234,423,5,2024-01-15,Excellent quality
7771,842,3079,5,2022-03-12,Great product!
7772,426,169,5,2023-06-12,Great product!
7773,370,492,3,2023-07-20,Not as expected
7774,897,2689,3,2025-11-04,Waste of money
7775,189,3062,4,2025-07-31,Would buy again
7776,780,166,5,2023-07-14,Value for money
7777,377,2468,3,2024-11-25,Highly recommend
7778,424,2446,1,2023-10-31,Waste of money
7779,633,3545,4,2024-03-13,Great product!
7780,296,2450,5,2024-03-22,Not as expected
7781,89,3138,2,2025-03-22,Great product!
7782,562,2907,5,2022-06-10,Would buy again
7783,284,2304,3,2024-02-10,Average experience
7784,764,3499,5,2024-06-22,Great product!
7785,209,2759,2,2025-04-25,Not as expected
7786,818,2660,5,2022-02-20,Not as expected
7787,651,3579,4,2025-03-18,"Fast delivery, good product"
7788,759,1779,5,2022-07-29,Waste of money
7789,554,27,5,2023-03-14,Average experience
7790,295,3337,4,2022-11-09,Average experience
7791,511,1797,4,2024-08-10,Not as expected
7792,840,2330,5,2022-03-09,Poor packaging
7793,16,3667,5,2022-04-05,Great product!
7794,888,1153,5,2023-09-18,"Fast delivery, good product"
7795,528,3377,3,2022-01-22,Poor packaging
7796,380,316,4,2024-02-17,Average experience
7797,219,2090,4,2022-07-06,Waste of money
7798,735,3268,5,2022-10-09,Would buy again
7799,894,1617,5,2025-10-10,Average experience
7800,832,921,4,2025-05-04,Excellent quality
7801,469,2981,3,2023-01-25,Not as expected
7802,587,928,5,2024-07-04,Waste of money
7803,617,499,4,2022-12-21,Poor packaging
7804,129,2969,5,2023-01-21,Not as expected
7805,826,855,4,2023-07-14,Great product!
7806,17,2059,5,2023-04-02,Would buy again
7807,208,3799,5,2022-10-12,Would buy again
7808,445,2764,5,2022-09-24,Highly recommend
7809,143,1737,3,2025-08-27,Not as expected
7810,337,2078,4,2024-04-18,Great product!
7811,828,532,5,2024-05-29,"Fast delivery, good product"
7812,671,476,5,2024-02-11,Highly recommend
7813,698,1289,2,2024-02-08,Not as expected
7814,631,602,5,2025-07-14,Not as expected
7815,361,510,3,2023-04-16,Would buy again
7816,263,2035,4,2023-02-05,Value for money
7817,592,874,1,2023-02-10,Excellent quality
7818,205,1741,5,2025-05-17,Highly recommend
7819,147,1055,3,2025-07-27,Value for money
7820,564,1578,4,2025-08-01,Great product!
7821,880,1789,2,2024-09-24,Highly recommend
7822,376,921,5,2024-03-12,Waste of money
7823,699,2729,4,2023-07-20,Value for money
7824,259,1460,3,2024-05-20,Value for money
7825,892,113,5,2025-10-23,Not as expected
7826,716,3009,5,2023-10-10,Excellent quality
7827,306,2332,5,2023-07-13,Poor packaging
7828,592,488,5,2024-04-20,Value for money
7829,452,305,3,2024-02-10,Highly recommend
7830,292,548,5,2023-08-19,Would buy again
7831,763,3384,4,2025-02-21,Poor packaging
7832,435,2892,5,2023-09-25,Waste of money
7833,19,2409,5,2025-04-19,Not as expected
7834,222,3218,4,2023-02-20,Excellent quality
7835,744,2836,1,2023-05-30,Poor packaging
7836,331,2023,4,2023-05-24,Not as expected
7837,77,907,2,2024-08-25,Waste of money
7838,483,1534,3,2023-12-04,"Fast delivery, good product"
7839,116,3667,2,2023-09-06,Waste of money
7840,471,3787,5,2023-05-27,Poor packaging
7841,162,1979,4,2025-10-15,Not as expected
7842,805,747,5,2022-11-02,Average experience
7843,584,1659,4,2022-11-12,Waste of money
7844,683,1632,5,2023-12-28,Highly recommend
7845,240,1446,1,2024-07-24,Waste of money
7846,772,2216,4,2024-11-13,Average experience
7847,673,2579,5,2023-07-06,Poor packaging
7848,20,815,5,2025-08-30,Average experience
7849,640,14,4,2022-10-08,Waste of money
7850,328,2850,5,2023-01-22,Excellent quality
7851,720,70,3,2025-10-29,Great product!
7852,860,80,4,2025-08-19,Great product!
7853,514,3186,3,2023-07-25,Great product!
7854,595,1105,4,2023-03-02,Waste of money
7855,96,3059,2,2025-01-31,Excellent quality
7856,774,14,1,2025-07-31,Average experience
7857,282,1595,4,2023-08-12,Would buy again
7858,790,1768,4,2024-04-22,Highly recommend
7859,362,3887,5,2025-05-03,Highly recommend
7860,53,706,5,2025-06-20,Highly recommend
7861,256,2310,5,2025-03-09,Excellent quality
7862,345,3704,4,2022-06-19,Great product!
7863,209,2210,4,2022-08-05,Poor packaging
7864,810,3679,1,2024-06-20,Would buy again
7865,594,1329,4,2024-08-03,Not as expected
7866,212,1005,4,2025-06-15,Value for money
7867,631,3176,1,2022-03-04,Average experience
7868,274,166,3,2022-01-09,Highly recommend
7869,866,26,4,2022-03-03,Highly recommend
7870,767,2694,5,2022-11-03,Not as expected
7871,819,875,5,2025-02-26,Great product!
7872,808,3426,5,2023-12-11,Not as expected
7873,682,751,3,2024-10-12,Excellent quality
7874,736,1232,5,2022-02-09,"Fast delivery, good product"
7875,763,3588,3,2022-08-18,Not as expected
7876,155,2287,3,2025-09-24,Would buy again
7877,300,774,2,2024-02-10,Great product!
7878,180,3042,4,2024-02-07,Would buy again
7879,413,760,4,2023-07-25,Not as expected
7880,31,2025,4,2024-05-01,Value for money
7881,551,3114,4,2022-03-23,Waste of money
7882,76,1975,3,2024-11-29,Average experience
7883,555,2248,4,2024-02-24,Value for money
7884,564,1021,4,2024-10-08,Waste of money
7885,473,462,3,2025-12-18,Not as expected
7886,702,1790,5,2025-05-04,Not as expected
7887,287,2811,4,2024-01-06,Average experience
7888,354,2649,5,2025-08-31,Value for money
7889,150,186,4,2022-08-16,Average experience
7890,384,1720,5,2024-02-20,Poor packaging
7891,28,3718,5,2022-07-30,"Fast delivery, good product"
7892,801,1367,5,2024-02-04,Highly recommend
7893,312,2066,5,2025-12-01,Excellent quality
7894,717,1412,4,2025-07-13,Waste of money
7895,37,1,5,2022-04-20,Great product!
7896,222,1869,5,2024-11-18,"Fast delivery, good product"
7897,493,3474,5,2023-11-24,Great product!
7898,73,2433,3,2022-02-08,"Fast delivery, good product"
7899,321,1165,2,2025-08-23,Highly recommend
7900,713,1035,4,2023-05-19,Poor packaging
7901,56,3937,2,2024-11-09,Poor packaging
7902,723,3082,4,2025-12-10,Average experience
7903,509,3420,2,2023-09-13,"Fast delivery, good product"
7904,539,3783,5,2022-01-12,Highly recommend
7905,83,1339,5,2024-03-05,Excellent quality
7906,754,2674,4,2022-09-24,Poor packaging
7907,435,1400,4,2023-02-27,Would buy again
7908,188,3617,5,2024-09-24,Poor packaging
7909,370,218,5,2023-05-27,Not as expected
7910,798,1932,4,2024-07-23,Waste of money
7911,320,3622,3,2024-01-30,Highly recommend
7912,806,2741,5,2025-03-04,Average experience
7913,308,3279,4,2024-04-21,Excellent quality
7914,435,2898,5,2024-02-06,Poor packaging
7915,682,1653,5,2025-02-25,Highly recommend
7916,300,1200,1,2024-05-20,Excellent quality
7917,864,596,4,2022-05-23,Great product!
7918,217,3858,4,2023-10-12,Poor packaging
7919,73,2272,5,2025-04-30,Not as expected
7920,729,413,4,2024-11-26,Value for money
7921,680,3914,2,2022-02-28,Value for money
7922,530,2468,5,2023-04-03,Would buy again
7923,581,2680,3,2022-08-15,"Fast delivery, good product"
7924,146,1530,4,2025-07-24,Value for money
7925,558,1812,4,2024-09-08,"Fast delivery, good product"
7926,250,826,5,2025-04-24,Waste of money
7927,168,3852,3,2023-05-28,Not as expected
7928,555,269,2,2022-06-22,Great product!
7929,109,1401,1,2022-12-17,Great product!
7930,822,2649,4,2022-02-25,Average experience
7931,413,1292,4,2023-04-01,"Fast delivery, good product"
7932,368,3431,3,2022-03-31,Waste of money
7933,74,870,4,2025-07-02,Would buy again
7934,836,916,4,2023-10-18,Value for money
7935,196,1578,2,2024-05-02,Waste of money
7936,564,1722,4,2023-01-22,Great product!
7937,63,365,5,2023-08-14,Not as expected
7938,255,2579,5,2025-07-03,"Fast delivery, good product"
7939,591,3656,3,2025-05-03,Average experience
7940,795,1856,4,2023-11-18,Value for money
7941,792,1952,4,2023-08-28,Excellent quality
7942,393,2009,5,2022-11-06,Excellent quality
7943,805,1723,4,2022-05-13,Would buy again
7944,566,1950,4,2022-04-27,"Fast delivery, good product"
7945,801,1887,4,2025-12-29,Would buy again
7946,75,3521,5,2025-07-09,Poor packaging
7947,408,1241,2,2023-02-14,Great product!
7948,409,2918,4,2023-05-18,Waste of money
7949,80,2518,5,2025-01-30,"Fast delivery, good product"
7950,809,334,3,2022-07-21,Average experience
7951,285,89,4,2025-11-21,Poor packaging
7952,595,2855,4,2023-12-11,Would buy again
7953,672,3978,5,2024-12-24,Value for money
7954,591,1872,4,2024-12-13,Waste of money
7955,848,1099,5,2023-02-17,Excellent quality
7956,700,264,4,2023-05-13,Average experience
7957,567,3775,2,2022-04-23,Great product!
7958,470,317,1,2024-10-17,Excellent quality
7959,342,306,5,2022-10-09,Not as expected
7960,459,1282,5,2023-10-01,Highly recommend
7961,165,1341,4,2025-05-01,Would buy again
7962,881,3172,5,2023-09-18,"Fast delivery, good product"
7963,265,2913,5,2022-08-07,Highly recommend
7964,351,613,3,2023-04-08,Average experience
7965,449,1407,2,2022-03-31,Not as expected
7966,675,3624,5,2023-06-08,Highly recommend
7967,882,2934,5,2023-02-25,Great product!
7968,179,2281,5,2022-04-01,Average experience
7969,388,1151,4,2023-12-28,Value for money
7970,141,154,4,2022-11-17,Great product!
7971,837,1535,5,2025-08-14,"Fast delivery, good product"
7972,502,2260,3,2022-11-15,Waste of money
7973,477,98,5,2022-04-03,Not as expected
7974,81,1225,5,2024-03-26,"Fast delivery, good product"
7975,259,3751,4,2025-10-25,Would buy again
7976,131,2025,5,2025-08-30,Poor packaging
7977,93,2522,4,2025-03-01,Not as expected
7978,637,1916,4,2022-12-19,Excellent quality
7979,292,2284,3,2022-03-30,Excellent quality
7980,378,3539,4,2023-03-02,Waste of money
7981,767,901,4,2025-07-09,Average experience
7982,556,1445,5,2024-05-04,Not as expected
7983,26,133,4,2023-09-23,Excellent quality
7984,462,640,4,2022-01-31,Would buy again
7985,657,1967,4,2025-01-03,Would buy again
7986,325,1491,4,2022-12-10,Excellent quality
7987,148,30,5,2025-01-27,Not as expected
7988,569,1696,3,2025-07-01,Not as expected
7989,195,3834,4,2025-05-21,Highly recommend
7990,600,1176,5,2024-03-27,Value for money
7991,594,596,5,2023-10-09,Excellent quality
7992,534,1501,2,2022-02-23,Poor packaging
7993,166,1079,5,2025-08-16,Highly recommend
7994,679,2684,4,2024-12-12,Great product!
7995,270,1240,4,2022-11-11,Average experience
7996,67,3394,3,2023-08-12,Excellent quality
7997,895,2524,4,2023-11-15,"Fast delivery, good product"
7998,762,3748,5,2025-01-20,"Fast delivery, good product"
7999,323,2631,5,2023-09-22,Waste of money
8000,595,42,4,2025-06-10,Excellent quality
8001,713,1801,5,2024-02-26,Excellent quality
8002,273,3273,5,2025-06-04,Would buy again
8003,224,327,4,2023-09-12,Highly recommend
8004,554,2939,3,2023-10-10,Waste of money
8005,448,2260,2,2025-07-30,Excellent quality
8006,114,2784,5,2025-06-22,"Fast delivery, good product"
8007,34,1868,5,2023-08-15,Highly recommend
8008,668,3517,2,2024-08-15,Average experience
8009,589,3293,3,2025-12-02,Excellent quality
8010,451,157,2,2022-04-27,Average experience
8011,498,3676,5,2023-08-08,Poor packaging
8012,326,3818,5,2024-01-28,Great product!
8013,94,2905,2,2025-01-21,Excellent quality
8014,233,2388,5,2024-01-15,Great product!
8015,482,1106,5,2024-11-19,Great product!
8016,496,3834,5,2023-11-13,Excellent quality
8017,55,2140,1,2024-12-11,Would buy again
8018,419,1319,2,2024-09-24,Waste of money
8019,889,2883,5,2025-06-08,Excellent quality
8020,555,2800,4,2022-05-15,Poor packaging
8021,667,521,4,2022-04-13,Highly recommend
8022,505,2288,4,2024-09-12,Highly recommend
8023,863,340,4,2022-10-01,Waste of money
8024,677,3989,5,2022-03-06,"Fast delivery, good product"
8025,2,3044,4,2024-03-26,Highly recommend
8026,640,672,5,2023-02-21,Not as expected
8027,550,1675,4,2024-06-13,Excellent quality
8028,223,1892,5,2025-05-13,Would buy again
8029,63,3569,4,2025-06-18,Excellent quality
8030,152,2034,2,2025-11-03,Great product!
8031,676,3893,4,2025-04-09,Excellent quality
8032,315,3410,4,2024-03-05,Not as expected
8033,731,1354,2,2024-09-17,Poor packaging
8034,161,1141,4,2023-12-09,Great product!
8035,891,3360,5,2023-01-10,"Fast delivery, good product"
8036,857,3442,4,2025-01-30,Great product!
8037,11,112,5,2024-04-01,Would buy again
8038,519,1471,4,2022-05-04,Poor packaging
8039,178,1874,5,2025-07-09,Not as expected
8040,719,2862,5,2025-08-31,Not as expected
8041,105,2293,5,2023-03-30,"Fast delivery, good product"
8042,517,2506,4,2024-04-20,Great product!
8043,577,1118,5,2025-04-20,Great product!
8044,778,2226,5,2024-06-28,Highly recommend
8045,236,1612,4,2025-11-03,Would buy again
8046,802,3383,3,2022-02-24,Waste of money
8047,170,555,5,2023-11-27,Not as expected
8048,449,3884,5,2025-10-03,Waste of money
8049,339,3721,4,2024-09-12,Value for money
8050,876,813,5,2024-04-26,"Fast delivery, good product"
8051,220,1196,5,2024-02-05,Value for money
8052,305,2567,5,2025-11-18,Average experience
8053,729,859,4,2023-05-16,Great product!
8054,194,3220,5,2024-06-18,Poor packaging
8055,670,2305,5,2023-12-13,Waste of money
8056,353,3679,2,2023-09-16,Excellent quality
8057,378,537,4,2024-03-18,Would buy again
8058,405,2069,5,2022-10-27,Highly recommend
8059,1,1732,4,2025-01-15,Not as expected
8060,739,2374,4,2023-07-22,Value for money
8061,810,2716,3,2025-02-09,Highly recommend
8062,628,3653,3,2023-06-10,Highly recommend
8063,541,2015,5,2025-05-12,Excellent quality
8064,220,1998,2,2022-11-09,Would buy again
8065,295,1606,4,2022-04-17,"Fast delivery, good product"
8066,688,1234,4,2025-02-04,Poor packaging
8067,824,1736,3,2023-06-21,Not as expected
8068,588,2629,5,2023-10-17,Waste of money
8069,761,202,3,2023-12-25,Average experience
8070,437,3942,5,2024-09-03,Poor packaging
8071,234,2256,3,2023-04-05,Waste of money
8072,894,3566,5,2023-07-27,Average experience
8073,281,1640,3,2023-04-02,Value for money
8074,295,1183,5,2022-08-14,Average experience
8075,453,1128,4,2023-05-30,Great product!
8076,677,1550,4,2024-05-14,Highly recommend
8077,722,1908,4,2023-11-18,Great product!
8078,277,3807,2,2025-03-21,"Fast delivery, good product"
8079,298,3920,1,2025-08-06,Would buy again
8080,504,2992,5,2024-07-30,Would buy again
8081,822,1457,4,2023-07-07,Not as expected
8082,269,2456,5,2023-07-24,Great product!
8083,640,3645,4,2023-05-09,Highly recommend
8084,744,606,5,2023-10-01,Average experience
8085,160,372,1,2024-05-29,"Fast delivery, good product"
8086,43,2179,4,2025-12-09,Not as expected
8087,362,1562,4,2022-05-16,Not as expected
8088,264,3113,1,2023-01-23,Would buy again
8089,673,3027,4,2023-09-21,Excellent quality
8090,545,3715,5,2022-05-09,Would buy again
8091,353,1384,4,2024-12-25,Great product!
8092,326,523,3,2023-08-04,Would buy again
8093,26,3713,5,2025-07-02,Highly recommend
8094,118,1070,2,2024-07-03,Average experience
8095,434,3396,3,2023-06-02,Highly recommend
8096,863,3350,5,2022-04-10,"Fast delivery, good product"
8097,491,2240,4,2022-07-27,Average experience
8098,112,1068,3,2023-03-02,Average experience
8099,839,1132,5,2024-08-22,Not as expected
8100,575,3335,4,2023-08-20,Would buy again
8101,760,3218,5,2023-03-05,Poor packaging
8102,419,3830,3,2025-02-17,Great product!
8103,131,2303,3,2024-07-10,Highly recommend
8104,254,1205,4,2025-07-02,Not as expected
8105,650,2478,4,2025-10-17,Waste of money
8106,813,1973,1,2025-07-31,Not as expected
8107,616,1169,3,2022-05-17,Not as expected
8108,121,447,4,2025-07-07,Highly recommend
8109,602,3114,3,2024-05-21,Highly recommend
8110,390,3318,4,2025-09-29,Poor packaging
8111,205,2845,5,2023-06-20,Average experience
8112,617,433,4,2025-09-12,Value for money
8113,236,3710,5,2023-02-15,Excellent quality
8114,61,1540,5,2022-12-12,Highly recommend
8115,450,1156,4,2023-03-07,Would buy again
8116,73,2056,5,2024-03-31,Highly recommend
8117,681,3309,3,2023-03-29,Average experience
8118,482,1853,4,2024-12-22,"Fast delivery, good product"
8119,176,3333,3,2023-12-21,Would buy again
8120,432,33,4,2023-02-28,Highly recommend
8121,723,3282,4,2022-07-12,Not as expected
8122,211,1775,4,2025-02-12,Value for money
8123,452,602,4,2022-05-10,"Fast delivery, good product"
8124,416,1881,1,2024-08-18,Value for money
8125,669,3734,4,2024-11-12,Great product!
8126,679,3294,4,2025-06-17,Highly recommend
8127,374,3006,5,2025-10-26,Poor packaging
8128,433,2657,1,2025-01-19,Excellent quality
8129,230,1440,1,2024-02-17,Would buy again
8130,709,440,5,2022-10-05,"Fast delivery, good product"
8131,526,1940,3,2024-01-12,"Fast delivery, good product"
8132,20,2505,4,2022-01-16,"Fast delivery, good product"
8133,174,3668,4,2024-04-15,Excellent quality
8134,622,3998,4,2022-08-08,Poor packaging
8135,485,3488,5,2024-11-10,Would buy again
8136,557,3609,1,2022-02-15,Great product!
8137,242,1774,3,2024-04-27,Highly recommend
8138,380,1722,5,2024-09-29,Would buy again
8139,213,933,2,2023-11-12,"Fast delivery, good product"
8140,99,306,5,2022-04-08,Average experience
8141,343,1474,4,2024-10-13,Not as expected
8142,289,1239,4,2022-09-09,Highly recommend
8143,3,3584,4,2023-05-01,"Fast delivery, good product"
8144,35,3583,5,2023-06-12,Would buy again
8145,106,686,2,2025-02-02,Great product!
8146,53,2297,5,2022-06-21,Excellent quality
8147,884,2966,5,2023-11-28,Excellent quality
8148,814,2889,4,2024-05-01,Not as expected
8149,148,1219,5,2024-04-17,Would buy again
8150,388,986,5,2024-12-25,Highly recommend
8151,1,2964,4,2025-05-21,"Fast delivery, good product"
8152,693,1748,4,2023-03-30,Waste of money
8153,219,2469,2,2022-12-19,"Fast delivery, good product"
8154,840,1896,4,2023-06-03,Highly recommend
8155,217,1087,5,2022-07-01,Great product!
8156,518,1525,3,2025-07-17,Waste of money
8157,802,1186,5,2023-03-07,Value for money
8158,883,2587,5,2022-04-08,Would buy again
8159,644,2121,5,2022-04-27,Highly recommend
8160,229,427,4,2025-10-26,Excellent quality
8161,841,2683,5,2023-05-30,Great product!
8162,535,2361,3,2024-12-01,Excellent quality
8163,379,2087,3,2022-11-18,Highly recommend
8164,456,3006,1,2022-02-10,Average experience
8165,323,2312,5,2023-01-26,Waste of money
8166,712,2799,5,2022-11-24,Would buy again
8167,217,2339,5,2023-01-23,Not as expected
8168,793,1664,4,2025-09-08,Would buy again
8169,719,2786,4,2022-11-29,Highly recommend
8170,365,2569,5,2024-05-02,"Fast delivery, good product"
8171,61,1818,3,2024-07-29,Would buy again
8172,39,3211,3,2022-03-15,Average experience
8173,332,3078,2,2023-09-12,Poor packaging
8174,650,3848,5,2025-09-11,Would buy again
8175,583,2853,2,2024-07-17,Great product!
8176,882,2748,5,2023-08-01,Average experience
8177,440,1289,3,2022-02-21,Great product!
8178,559,638,5,2025-04-02,Not as expected
8179,278,1658,3,2023-09-05,Excellent quality
8180,96,1027,5,2025-11-24,Would buy again
8181,439,2640,3,2025-01-06,Great product!
8182,784,2943,4,2025-10-18,Excellent quality
8183,369,3099,4,2022-04-19,Great product!
8184,168,1889,5,2023-11-04,Waste of money
8185,845,1745,5,2024-04-12,Would buy again
8186,180,982,4,2022-08-25,Highly recommend
8187,289,3228,4,2025-09-20,Value for money
8188,324,2880,4,2025-12-20,Poor packaging
8189,439,1912,4,2023-03-23,Value for money
8190,502,2294,4,2024-05-10,Would buy again
8191,47,513,3,2023-02-04,"Fast delivery, good product"
8192,220,3313,4,2024-10-02,Would buy again
8193,884,989,4,2025-11-28,Not as expected
8194,513,36,3,2024-06-24,Not as expected
8195,133,2378,4,2022-08-03,Highly recommend
8196,900,3193,3,2025-09-11,Would buy again
8197,373,1908,4,2024-04-28,Waste of money
8198,632,2659,5,2025-01-31,Not as expected
8199,306,168,4,2022-01-06,Value for money
8200,815,1130,4,2024-09-26,"Fast delivery, good product"
8201,151,3783,4,2023-12-11,Great product!
8202,235,324,5,2022-10-06,Great product!
8203,873,921,5,2024-02-03,Value for money
8204,152,3539,4,2023-08-12,Poor packaging
8205,450,2260,5,2022-11-05,"Fast delivery, good product"
8206,800,935,5,2024-03-18,Great product!
8207,383,1925,2,2024-12-19,Not as expected
8208,701,2442,5,2025-08-04,Would buy again
8209,866,3829,4,2022-09-04,Would buy again
8210,671,3450,3,2022-04-03,"Fast delivery, good product"
8211,437,2112,5,2022-04-18,Excellent quality
8212,690,970,5,2022-08-04,Poor packaging
8213,349,2179,4,2022-05-24,Not as expected
8214,557,1490,1,2024-08-04,Would buy again
8215,492,2017,5,2024-11-06,Not as expected
8216,767,3852,3,2022-04-11,Value for money
8217,315,1334,5,2025-09-01,Highly recommend
8218,135,3367,5,2022-04-19,Poor packaging
8219,692,2004,5,2023-07-12,Excellent quality
8220,857,2469,3,2024-05-11,Value for money
8221,724,1846,1,2023-01-25,Poor packaging
8222,152,3109,2,2025-02-28,Poor packaging
8223,57,3294,4,2023-12-08,Excellent quality
8224,500,3732,5,2022-08-17,Waste of money
8225,99,1098,4,2024-05-16,Poor packaging
8226,606,3708,3,2025-09-04,Excellent quality
8227,766,2000,2,2023-10-16,Highly recommend
8228,312,3524,5,2024-10-09,Poor packaging
8229,251,1743,5,2022-09-16,Value for money
8230,558,1018,5,2024-02-10,Would buy again
8231,801,2836,1,2025-04-15,Value for money
8232,568,2005,4,2024-11-03,Would buy again
8233,142,3035,5,2022-07-23,Waste of money
8234,604,3146,3,2022-06-27,Waste of money
8235,632,2626,4,2025-09-15,Not as expected
8236,789,1628,5,2024-02-21,Highly recommend
8237,441,3329,5,2022-07-20,Excellent quality
8238,86,1305,5,2023-12-31,Not as expected
8239,871,2457,4,2023-01-20,Value for money
8240,535,3877,1,2022-04-21,Great product!
8241,227,33,4,2024-10-20,Poor packaging
8242,514,2631,5,2022-11-26,Excellent quality
8243,371,2352,4,2023-08-01,Great product!
8244,173,1441,5,2025-06-23,Highly recommend
8245,572,2922,4,2022-02-07,"Fast delivery, good product"
8246,474,269,5,2023-05-27,"Fast delivery, good product"
8247,730,106,5,2023-08-26,Excellent quality
8248,640,1458,1,2023-12-27,Would buy again
8249,160,2645,5,2024-11-02,Not as expected
8250,866,3913,5,2022-10-18,Not as expected
8251,443,3899,5,2023-11-15,Average experience
8252,751,1148,5,2025-06-04,Excellent quality
8253,188,444,3,2025-08-16,Would buy again
8254,543,1403,5,2024-01-15,Average experience
8255,409,1059,4,2025-03-09,Average experience
8256,99,2121,5,2025-12-15,Waste of money
8257,395,3490,4,2023-10-20,"Fast delivery, good product"
8258,540,2851,1,2022-08-31,Average experience
8259,131,898,4,2025-04-27,Average experience
8260,169,1088,5,2025-09-15,Average experience
8261,322,2164,3,2022-12-07,Great product!
8262,363,3467,4,2024-07-16,Poor packaging
8263,126,2138,5,2024-03-15,Highly recommend
8264,653,2600,4,2024-02-05,Not as expected
8265,883,629,4,2024-05-16,Waste of money
8266,833,322,3,2024-08-27,Waste of money
8267,859,544,1,2024-10-17,Great product!
8268,563,558,4,2025-08-11,Average experience
8269,11,3912,5,2022-06-26,Waste of money
8270,316,3633,4,2025-03-07,Would buy again
8271,313,1344,4,2023-05-14,Average experience
8272,523,3721,5,2025-05-24,Average experience
8273,266,1779,5,2023-08-29,"Fast delivery, good product"
8274,167,3629,5,2023-08-26,Would buy again
8275,861,859,4,2024-04-12,Average experience
8276,395,3152,2,2022-07-19,Value for money
8277,580,3032,5,2024-02-23,Average experience
8278,24,3721,4,2025-01-09,"Fast delivery, good product"
8279,731,9,5,2024-11-30,Average experience
8280,83,2267,2,2025-03-31,Would buy again
8281,866,534,3,2024-01-20,Average experience
8282,106,125,5,2025-11-15,Waste of money
8283,166,168,5,2025-04-22,Waste of money
8284,197,604,5,2023-07-22,Not as expected
8285,190,1289,5,2022-04-18,Excellent quality
8286,374,543,2,2022-10-18,Highly recommend
8287,281,1380,2,2025-07-04,"Fast delivery, good product"
8288,635,3490,4,2022-08-13,"Fast delivery, good product"
8289,153,3789,5,2023-07-28,Value for money
8290,318,3266,4,2023-09-27,Would buy again
8291,795,3893,4,2022-07-08,Highly recommend
8292,781,1313,4,2023-08-24,Great product!
8293,815,1302,1,2022-08-22,Great product!
8294,204,3581,3,2024-12-25,Average experience
8295,189,1064,5,2023-11-06,Not as expected
8296,568,2916,4,2022-03-17,Average experience
8297,281,1138,5,2024-03-18,"Fast delivery, good product"
8298,116,189,5,2024-03-03,Great product!
8299,542,2860,4,2024-11-27,Would buy again
8300,692,1289,5,2023-12-19,Not as expected
8301,598,2581,3,2022-08-21,Waste of money
8302,829,1120,2,2022-06-04,Poor packaging
8303,844,1541,2,2022-04-16,Average experience
8304,455,2318,3,2024-04-15,Great product!
8305,733,1035,5,2023-09-23,Great product!
8306,716,652,1,2023-07-07,Not as expected
8307,892,2283,4,2023-01-07,"Fast delivery, good product"
8308,248,399,1,2022-06-27,Highly recommend
8309,273,2225,2,2023-07-08,Great product!
8310,228,3210,3,2024-11-01,Great product!
8311,70,1297,4,2022-01-04,Waste of money
8312,510,2302,5,2022-08-15,Value for money
8313,26,704,3,2025-08-07,Poor packaging
8314,253,391,3,2025-10-29,"Fast delivery, good product"
8315,845,957,5,2023-06-03,Value for money
8316,86,14,3,2023-02-04,Great product!
8317,503,1877,4,2022-04-28,Would buy again
8318,49,2765,4,2022-09-25,Value for money
8319,130,3441,4,2023-06-09,Not as expected
8320,790,1281,3,2024-04-03,Great product!
8321,670,3912,5,2025-02-27,Waste of money
8322,11,1792,5,2023-09-04,Not as expected
8323,560,2987,4,2023-01-16,Would buy again
8324,649,1536,4,2022-04-12,"Fast delivery, good product"
8325,540,2536,5,2024-07-07,Poor packaging
8326,848,3138,3,2023-11-02,Value for money
8327,517,2060,2,2024-07-22,"Fast delivery, good product"
8328,400,428,4,2023-03-04,Would buy again
8329,289,523,4,2024-12-01,Great product!
8330,203,1718,2,2023-04-28,Waste of money
8331,307,1348,5,2022-08-31,Average experience
8332,857,1442,3,2022-08-17,Value for money
8333,743,3396,5,2025-07-18,Not as expected
8334,127,516,5,2024-04-29,Average experience
8335,704,2352,5,2023-01-06,Poor packaging
8336,700,387,1,2024-04-27,Great product!
8337,871,674,4,2025-07-31,Poor packaging
8338,72,2015,3,2022-12-07,"Fast delivery, good product"
8339,101,716,4,2023-12-02,"Fast delivery, good product"
8340,762,1980,5,2024-12-21,"Fast delivery, good product"
8341,167,181,3,2022-09-06,"Fast delivery, good product"
8342,796,613,5,2024-02-11,Average experience
8343,833,346,4,2024-09-06,Excellent quality
8344,640,2998,2,2022-09-06,Value for money
8345,192,573,5,2023-09-18,Not as expected
8346,424,2648,4,2024-08-07,Value for money
8347,842,463,4,2025-12-22,Average experience
8348,549,3333,1,2023-06-01,Average experience
8349,900,2811,5,2022-07-13,Poor packaging
8350,15,44,4,2022-03-31,Average experience
8351,791,3960,5,2024-11-13,Would buy again
8352,583,457,5,2025-06-20,Not as expected
8353,371,2636,4,2022-08-04,Average experience
8354,239,2056,5,2022-08-17,Excellent quality
8355,881,633,5,2022-02-10,Average experience
8356,547,2386,5,2025-10-05,Excellent quality
8357,517,1226,4,2025-04-10,Would buy again
8358,487,1752,3,2023-11-11,Average experience
8359,356,307,2,2023-09-23,Highly recommend
8360,585,28,3,2025-12-13,Poor packaging
8361,60,846,2,2025-11-27,Excellent quality
8362,235,3055,5,2023-03-21,"Fast delivery, good product"
8363,731,2629,2,2025-06-22,"Fast delivery, good product"
8364,691,3279,4,2022-03-25,Excellent quality
8365,204,59,5,2023-05-05,Waste of money
8366,702,3290,4,2023-10-24,Excellent quality
8367,503,2773,5,2022-11-12,Poor packaging
8368,726,516,4,2023-02-18,Not as expected
8369,378,3199,2,2022-03-18,Would buy again
8370,766,1356,5,2024-08-11,Would buy again
8371,184,1873,5,2024-01-29,Not as expected
8372,389,2518,4,2025-10-24,Waste of money
8373,663,3344,2,2023-08-10,Average experience
8374,742,1960,4,2023-06-01,Highly recommend
8375,865,2657,4,2024-11-14,Poor packaging
8376,227,686,5,2025-03-21,Highly recommend
8377,43,1784,4,2023-06-30,Value for money
8378,773,2936,4,2023-09-02,Highly recommend
8379,271,723,1,2024-10-23,"Fast delivery, good product"
8380,848,3577,3,2022-02-26,Value for money
8381,385,3268,5,2025-11-09,Would buy again
8382,550,1254,1,2024-06-23,Excellent quality
8383,771,70,4,2024-03-25,Waste of money
8384,207,249,5,2022-10-30,Not as expected
8385,397,2976,3,2025-04-29,"Fast delivery, good product"
8386,72,2894,5,2022-06-19,Value for money
8387,476,47,3,2025-05-23,Highly recommend
8388,185,536,3,2025-10-30,Value for money
8389,854,2960,4,2023-05-15,Value for money
8390,401,3865,5,2024-12-21,Excellent quality
8391,457,3184,2,2022-09-01,Would buy again
8392,164,430,3,2022-02-08,Value for money
8393,642,3463,5,2024-03-30,Average experience
8394,526,821,4,2023-02-13,Great product!
8395,470,2200,3,2025-12-21,Not as expected
8396,135,1453,3,2023-03-29,Not as expected
8397,856,1615,4,2024-08-21,"Fast delivery, good product"
8398,215,3067,1,2023-02-05,Great product!
8399,275,3655,5,2022-09-08,Great product!
8400,457,2538,3,2022-10-10,Would buy again
8401,29,3534,3,2023-12-25,Waste of money
8402,553,1939,5,2023-12-12,Excellent quality
8403,456,2209,3,2023-12-06,Excellent quality
8404,511,2677,3,2023-12-09,Would buy again
8405,774,965,4,2025-04-30,Would buy again
8406,618,3243,5,2022-06-19,Would buy again
8407,448,2908,5,2025-03-23,Waste of money
8408,797,298,5,2023-01-08,Great product!
8409,426,187,4,2022-08-21,Would buy again
8410,486,1211,5,2022-12-25,Waste of money
8411,435,2629,5,2022-09-25,"Fast delivery, good product"
8412,414,3458,5,2022-02-20,Average experience
8413,553,1567,4,2023-01-18,Waste of money
8414,400,2662,3,2024-07-19,Great product!
8415,873,1803,4,2025-04-16,Waste of money
8416,228,286,3,2024-05-19,Would buy again
8417,308,2782,3,2025-08-13,Not as expected
8418,833,2939,4,2024-04-29,Excellent quality
8419,426,1752,3,2023-03-04,Excellent quality
8420,724,259,5,2025-07-03,Poor packaging
8421,16,786,3,2023-04-18,Value for money
8422,390,550,5,2023-04-04,"Fast delivery, good product"
8423,408,2676,5,2023-11-22,Excellent quality
8424,417,3493,5,2024-03-26,Average experience
8425,706,3937,5,2022-04-15,Value for money
8426,862,989,5,2025-12-02,"Fast delivery, good product"
8427,517,2510,3,2025-04-11,Value for money
8428,164,3129,5,2024-06-11,Poor packaging
8429,705,175,5,2025-09-06,Highly recommend
8430,334,96,4,2024-09-19,Would buy again
8431,136,2776,4,2024-01-16,Average experience
8432,818,1381,5,2022-09-09,Value for money
8433,15,3863,4,2025-11-12,"Fast delivery, good product"
8434,804,1121,3,2024-05-01,Highly recommend
8435,796,336,3,2025-01-22,"Fast delivery, good product"
8436,216,3732,3,2025-06-15,Great product!
8437,560,172,3,2023-12-15,Would buy again
8438,661,2352,5,2022-09-07,Great product!
8439,449,3546,4,2025-12-21,Great product!
8440,776,1841,4,2022-01-18,Highly recommend
8441,607,509,2,2025-01-05,Highly recommend
8442,567,3860,4,2023-11-23,Average experience
8443,816,3290,5,2024-10-24,Average experience
8444,252,1659,5,2023-09-29,Poor packaging
8445,513,3996,4,2022-01-19,Great product!
8446,469,1797,5,2023-01-29,Would buy again
8447,477,2891,5,2022-09-05,Waste of money
8448,446,1855,4,2023-12-02,Poor packaging
8449,361,3614,5,2022-09-20,Waste of money
8450,138,3294,4,2024-11-19,Average experience
8451,430,1536,5,2025-01-21,Poor packaging
8452,113,1927,5,2024-05-29,Excellent quality
8453,18,2436,2,2023-10-05,Great product!
8454,2,1608,5,2025-09-02,Value for money
8455,811,3647,3,2025-10-09,Highly recommend
8456,668,871,5,2022-05-14,Not as expected
8457,522,2455,4,2025-01-25,Highly recommend
8458,628,3167,5,2023-12-01,"Fast delivery, good product"
8459,592,3338,4,2023-07-01,Great product!
8460,840,1446,4,2025-01-31,"Fast delivery, good product"
8461,12,1035,5,2022-11-24,Great product!
8462,695,321,5,2022-07-09,Waste of money
8463,701,3631,5,2024-03-02,Great product!
8464,155,123,4,2022-01-06,Highly recommend
8465,148,3990,3,2025-10-15,Value for money
8466,593,220,5,2023-02-09,"Fast delivery, good product"
8467,379,3250,4,2022-11-02,Excellent quality
8468,597,1032,5,2023-08-25,"Fast delivery, good product"
8469,19,1360,3,2023-03-07,Would buy again
8470,513,3910,2,2023-05-29,Waste of money
8471,372,1869,5,2024-06-03,Not as expected
8472,670,2636,4,2025-10-19,"Fast delivery, good product"
8473,720,1521,4,2022-11-07,"Fast delivery, good product"
8474,708,1158,4,2024-05-08,Great product!
8475,450,596,3,2024-06-06,Poor packaging
8476,763,2435,5,2025-10-06,Great product!
8477,228,1949,4,2023-07-27,Excellent quality
8478,18,1752,5,2022-10-14,Highly recommend
8479,609,2423,5,2024-02-14,Would buy again
8480,843,1562,4,2022-11-18,"Fast delivery, good product"
8481,856,1865,2,2024-09-03,Excellent quality
8482,102,2716,5,2025-08-18,Not as expected
8483,743,1098,5,2024-07-20,"Fast delivery, good product"
8484,323,3695,4,2025-11-24,Highly recommend
8485,70,1370,5,2025-03-12,Highly recommend
8486,847,2793,4,2024-02-26,Waste of money
8487,515,2923,5,2023-03-19,Waste of money
8488,305,2453,1,2024-07-28,Excellent quality
8489,134,3832,5,2022-04-15,Poor packaging
8490,110,1611,5,2022-09-13,Not as expected
8491,36,586,5,2024-08-10,Highly recommend
8492,681,491,4,2023-12-29,Great product!
8493,741,1071,3,2022-02-06,Value for money
8494,238,3211,3,2023-10-13,Highly recommend
8495,210,629,5,2024-09-05,Waste of money
8496,59,3410,4,2023-11-21,Highly recommend
8497,124,1433,3,2024-07-05,Average experience
8498,331,9,5,2023-02-10,Poor packaging
8499,584,1321,3,2023-06-01,Not as expected
8500,318,282,4,2025-05-14,Poor packaging
8501,304,2557,4,2024-12-17,Excellent quality
8502,873,1919,5,2025-09-25,Highly recommend
8503,68,3358,2,2025-12-08,"Fast delivery, good product"
8504,126,972,5,2024-11-21,"Fast delivery, good product"
8505,134,781,2,2022-12-23,"Fast delivery, good product"
8506,527,921,5,2024-01-27,Great product!
8507,343,1224,5,2025-11-26,Great product!
8508,368,3001,3,2023-09-25,Highly recommend
8509,784,2034,4,2022-06-15,Excellent quality
8510,795,2898,3,2024-09-27,Great product!
8511,46,1547,3,2024-06-18,Waste of money
8512,688,1251,4,2023-09-05,Value for money
8513,256,432,4,2022-04-08,Would buy again
8514,144,1843,4,2024-05-13,"Fast delivery, good product"
8515,686,2265,5,2023-08-08,Highly recommend
8516,433,301,2,2024-10-25,Great product!
8517,503,2508,5,2024-11-23,Not as expected
8518,693,3641,4,2023-09-06,Average experience
8519,397,3954,3,2023-09-25,Value for money
8520,599,1282,1,2023-05-22,Poor packaging
8521,298,1783,2,2024-07-02,Average experience
8522,25,1390,5,2025-04-02,Excellent quality
8523,468,2741,3,2024-09-06,Value for money
8524,34,975,5,2024-01-25,Value for money
8525,782,3698,4,2022-03-12,"Fast delivery, good product"
8526,334,886,5,2022-08-02,Waste of money
8527,211,372,4,2022-03-16,Great product!
8528,476,3117,4,2022-11-05,"Fast delivery, good product"
8529,434,1021,5,2024-11-25,Highly recommend
8530,293,1860,4,2025-07-17,Average experience
8531,145,3468,5,2023-01-28,Value for money
8532,426,3014,4,2023-07-13,Not as expected
8533,326,298,3,2022-08-26,"Fast delivery, good product"
8534,124,1784,4,2025-05-09,Highly recommend
8535,899,1231,4,2022-03-28,Highly recommend
8536,810,3270,4,2023-09-17,Excellent quality
8537,448,3651,4,2025-04-12,Value for money
8538,184,28,4,2022-10-10,Poor packaging
8539,875,919,4,2023-04-28,Waste of money
8540,519,379,5,2025-02-09,Waste of money
8541,161,3985,4,2022-09-26,Would buy again
8542,803,3405,1,2022-03-20,Poor packaging
8543,574,395,5,2022-11-29,Would buy again
8544,842,1915,4,2024-08-16,Highly recommend
8545,24,3540,1,2022-04-15,"Fast delivery, good product"
8546,89,942,5,2025-10-20,Not as expected
8547,492,1573,1,2025-09-24,Highly recommend
8548,474,1295,2,2025-08-20,Poor packaging
8549,651,429,4,2023-08-16,Poor packaging
8550,360,1822,4,2022-05-05,Waste of money
8551,28,939,4,2023-09-07,Value for money
8552,817,899,5,2024-09-12,Would buy again
8553,378,3650,3,2023-05-10,Highly recommend
8554,863,1776,2,2023-08-03,Highly recommend
8555,843,1952,5,2025-05-30,"Fast delivery, good product"
8556,29,3155,4,2025-10-10,Waste of money
8557,155,2339,5,2023-07-23,Would buy again
8558,614,3276,4,2024-06-03,Average experience
8559,833,1223,3,2025-03-26,Waste of money
8560,465,2000,5,2022-04-26,Excellent quality
8561,354,2880,4,2022-11-18,Poor packaging
8562,452,3171,1,2024-10-21,Highly recommend
8563,655,2055,5,2024-12-12,Value for money
8564,365,2566,5,2025-05-20,Waste of money
8565,523,2111,4,2024-04-17,Not as expected
8566,672,3001,5,2023-10-08,Average experience
8567,888,3580,3,2025-06-07,Average experience
8568,886,1616,3,2022-01-06,Great product!
8569,748,1861,5,2024-07-23,Waste of money
8570,96,576,4,2025-07-26,Average experience
8571,853,3573,5,2023-11-15,Average experience
8572,180,307,5,2025-12-27,Excellent quality
8573,23,3897,5,2025-05-25,Would buy again
8574,883,1463,5,2023-12-25,Would buy again
8575,745,2346,4,2025-01-26,Excellent quality
8576,118,3631,4,2022-04-25,Value for money
8577,232,2341,4,2024-09-05,"Fast delivery, good product"
8578,125,746,5,2022-05-24,Excellent quality
8579,401,2210,3,2024-02-16,Great product!
8580,135,2173,4,2025-04-30,Poor packaging
8581,12,599,5,2023-01-31,Would buy again
8582,91,2314,4,2025-06-04,Average experience
8583,641,826,3,2023-12-11,Value for money
8584,228,2263,5,2024-02-14,Would buy again
8585,505,2505,5,2023-07-17,Not as expected
8586,402,303,3,2022-02-10,"Fast delivery, good product"
8587,740,1338,5,2022-08-16,Excellent quality
8588,388,3032,4,2024-03-06,"Fast delivery, good product"
8589,202,2061,5,2023-07-10,Would buy again
8590,308,3217,5,2025-12-05,"Fast delivery, good product"
8591,232,3963,4,2023-02-06,Would buy again
8592,96,2901,1,2022-01-07,Highly recommend
8593,719,679,1,2022-11-30,Waste of money
8594,306,3224,3,2025-08-12,Value for money
8595,386,3342,5,2022-03-15,"Fast delivery, good product"
8596,546,1066,5,2022-04-25,Not as expected
8597,297,330,5,2023-10-29,Would buy again
8598,110,2811,5,2024-10-23,Average experience
8599,395,1669,5,2022-01-20,Waste of money
8600,4,1853,5,2024-02-22,"Fast delivery, good product"
8601,58,1615,4,2024-09-19,Waste of money
8602,159,975,5,2024-04-29,Would buy again
8603,246,2083,4,2024-03-20,Great product!
8604,633,1088,4,2024-09-09,Would buy again
8605,686,3947,5,2022-02-04,Not as expected
8606,482,3858,5,2023-03-20,Great product!
8607,520,988,4,2024-05-14,Would buy again
8608,465,2020,4,2024-02-22,Great product!
8609,45,1256,1,2022-11-06,"Fast delivery, good product"
8610,176,3977,4,2022-02-11,Would buy again
8611,80,1225,5,2025-02-15,"Fast delivery, good product"
8612,346,928,5,2024-09-03,Highly recommend
8613,632,3473,4,2022-05-20,Not as expected
8614,20,616,4,2024-06-25,Highly recommend
8615,550,1699,3,2023-11-19,Would buy again
8616,286,1036,5,2025-11-23,Waste of money
8617,790,859,5,2024-02-02,Excellent quality
8618,299,2420,4,2024-07-02,Would buy again
8619,193,3886,1,2023-05-17,Highly recommend
8620,493,1976,3,2024-11-29,Poor packaging
8621,621,577,5,2025-07-07,"Fast delivery, good product"
8622,323,3091,3,2025-02-08,Would buy again
8623,519,3832,4,2023-07-31,Average experience
8624,730,1669,5,2025-03-22,"Fast delivery, good product"
8625,899,1741,5,2025-11-05,"Fast delivery, good product"
8626,852,1979,5,2024-01-06,Average experience
8627,648,2370,4,2023-07-26,Highly recommend
8628,431,2020,1,2023-06-25,Great product!
8629,1,2741,3,2025-11-22,Would buy again
8630,835,2261,4,2023-09-09,Excellent quality
8631,627,437,4,2025-01-13,Not as expected
8632,798,777,5,2025-11-02,Highly recommend
8633,445,1341,5,2022-04-22,"Fast delivery, good product"
8634,627,863,5,2023-02-22,Highly recommend
8635,50,1148,3,2025-09-29,Not as expected
8636,823,1536,4,2023-08-28,Highly recommend
8637,898,1296,5,2025-10-04,Average experience
8638,60,2779,4,2023-05-29,Highly recommend
8639,104,3012,5,2024-11-29,Waste of money
8640,142,2644,5,2022-02-14,Average experience
8641,337,3281,5,2023-03-15,Highly recommend
8642,872,695,4,2022-04-30,"Fast delivery, good product"
8643,747,1864,2,2022-12-28,Great product!
8644,255,1925,4,2023-01-04,Great product!
8645,104,474,4,2022-07-02,Value for money
8646,880,2563,5,2022-11-14,Highly recommend
8647,360,349,1,2025-12-10,Average experience
8648,765,2231,5,2025-10-04,Value for money
8649,712,3467,4,2024-12-20,Not as expected
8650,554,3257,5,2022-02-19,Highly recommend
8651,8,1971,5,2025-11-23,Poor packaging
8652,543,3237,2,2025-10-10,Not as expected
8653,419,2066,4,2022-03-03,Waste of money
8654,522,1830,4,2022-09-23,Highly recommend
8655,654,1034,3,2022-03-29,"Fast delivery, good product"
8656,368,3557,4,2022-05-06,Would buy again
8657,455,818,3,2023-04-13,"Fast delivery, good product"
8658,767,480,5,2024-07-20,Great product!
8659,806,3134,5,2024-04-20,Value for money
8660,12,1947,1,2022-03-21,Waste of money
8661,592,549,3,2023-04-08,Poor packaging
8662,263,3223,4,2022-01-17,Poor packaging
8663,803,3577,4,2025-05-24,Average experience
8664,166,906,1,2024-08-22,Not as expected
8665,712,701,4,2025-08-03,Not as expected
8666,726,1824,4,2022-12-11,Waste of money
8667,622,2505,3,2025-11-05,Not as expected
8668,591,3926,5,2025-07-17,Value for money
8669,342,2581,5,2023-11-20,Excellent quality
8670,884,2210,2,2023-05-11,Not as expected
8671,500,282,3,2023-07-13,"Fast delivery, good product"
8672,684,672,3,2023-12-13,Poor packaging
8673,814,1539,4,2022-06-08,Average experience
8674,822,1996,5,2023-08-31,Poor packaging
8675,212,2022,3,2022-10-20,Would buy again
8676,116,1466,2,2024-05-18,"Fast delivery, good product"
8677,443,1456,3,2022-09-07,Value for money
8678,743,734,5,2022-03-28,"Fast delivery, good product"
8679,393,3175,3,2023-08-29,"Fast delivery, good product"
8680,248,3541,1,2024-07-11,Great product!
8681,305,1067,5,2024-12-25,Poor packaging
8682,529,2668,5,2023-12-10,Waste of money
8683,116,3532,2,2023-04-05,Great product!
8684,410,1804,4,2025-11-07,Waste of money
8685,591,3888,5,2025-06-11,Would buy again
8686,476,1652,1,2024-07-20,Waste of money
8687,90,3042,4,2023-11-19,Average experience
8688,811,2701,2,2023-07-14,"Fast delivery, good product"
8689,726,147,5,2023-02-26,Would buy again
8690,235,311,3,2022-01-31,Waste of money
8691,471,3234,4,2022-01-30,Great product!
8692,124,1940,4,2023-04-11,"Fast delivery, good product"
8693,445,3427,3,2022-08-27,Waste of money
8694,621,1268,4,2024-03-29,"Fast delivery, good product"
8695,204,700,5,2022-10-01,Excellent quality
8696,484,3451,3,2024-01-26,Average experience
8697,700,2375,2,2022-03-25,Not as expected
8698,141,3183,5,2022-11-03,Excellent quality
8699,349,1505,4,2022-04-10,Would buy again
8700,761,2620,5,2025-03-28,Excellent quality
8701,247,2589,3,2023-06-28,Poor packaging
8702,803,3947,1,2024-08-11,Great product!
8703,190,1977,5,2025-06-18,Highly recommend
8704,618,1212,5,2023-10-02,Highly recommend
8705,457,3843,3,2024-06-10,Would buy again
8706,443,794,5,2023-08-12,Value for money
8707,718,3965,3,2022-12-12,Waste of money
8708,673,1492,3,2025-08-13,Waste of money
8709,556,1891,3,2024-10-26,Great product!
8710,729,3820,3,2022-04-09,Would buy again
8711,61,488,5,2022-09-02,Average experience
8712,86,2881,4,2022-07-20,"Fast delivery, good product"
8713,638,1785,4,2023-08-12,Value for money
8714,497,2121,4,2022-06-14,Great product!
8715,173,2923,2,2022-05-20,Not as expected
8716,879,3965,2,2024-11-17,Not as expected
8717,196,2502,4,2025-09-02,Average experience
8718,595,288,5,2025-08-26,Average experience
8719,690,696,4,2022-02-08,Excellent quality
8720,3,748,1,2024-11-13,Would buy again
8721,761,2928,4,2024-03-23,"Fast delivery, good product"
8722,555,3596,4,2024-10-23,Excellent quality
8723,310,1418,5,2023-12-06,Waste of money
8724,719,3815,5,2025-05-07,Would buy again
8725,760,3046,4,2022-12-19,Not as expected
8726,793,2401,3,2022-05-02,Not as expected
8727,307,521,4,2024-12-12,"Fast delivery, good product"
8728,505,1865,3,2022-05-11,Waste of money
8729,462,1891,5,2025-05-01,Value for money
8730,588,661,4,2025-07-30,Poor packaging
8731,253,2640,4,2024-02-07,"Fast delivery, good product"
8732,203,1361,5,2023-10-12,Average experience
8733,334,1486,4,2025-04-26,Waste of money
8734,529,2837,5,2023-04-17,Not as expected
8735,854,3377,5,2023-08-15,Waste of money
8736,373,67,4,2024-11-09,Value for money
8737,748,3487,4,2025-08-26,"Fast delivery, good product"
8738,43,887,4,2024-02-14,Excellent quality
8739,382,769,3,2022-02-21,Waste of money
8740,123,1055,2,2023-09-23,"Fast delivery, good product"
8741,365,617,3,2022-11-19,Value for money
8742,700,1382,4,2023-10-24,Excellent quality
8743,810,1230,5,2024-12-02,Not as expected
8744,869,1901,4,2023-01-04,Value for money
8745,732,1464,5,2023-12-01,Not as expected
8746,264,3180,5,2025-12-13,Not as expected
8747,866,2464,3,2022-05-10,Would buy again
8748,654,642,4,2025-03-20,Average experience
8749,425,337,2,2022-04-21,Excellent quality
8750,95,3592,5,2022-10-28,Highly recommend
8751,799,2618,3,2025-02-21,Waste of money
8752,794,2209,5,2025-01-19,Excellent quality
8753,415,1441,5,2025-08-30,Great product!
8754,505,2489,5,2022-05-18,Highly recommend
8755,36,3612,5,2022-08-15,Highly recommend
8756,891,735,3,2024-10-12,Excellent quality
8757,572,2615,4,2024-11-30,Value for money
8758,347,908,4,2025-04-21,Value for money
8759,648,1536,5,2022-09-05,"Fast delivery, good product"
8760,117,1947,4,2024-11-18,Poor packaging
8761,98,695,4,2025-06-11,Value for money
8762,10,446,4,2023-03-27,Great product!
8763,430,1529,3,2024-05-16,Average experience
8764,853,1523,2,2023-08-14,Value for money
8765,579,2211,5,2024-03-14,Highly recommend
8766,542,642,5,2024-07-28,Great product!
8767,285,486,5,2024-11-04,Great product!
8768,245,1505,4,2024-01-05,Would buy again
8769,779,1630,4,2022-03-25,Average experience
8770,96,2567,4,2025-06-30,Waste of money
8771,653,2949,4,2022-03-02,"Fast delivery, good product"
8772,684,2327,5,2025-12-04,Waste of money
8773,604,2200,5,2024-06-07,Excellent quality
8774,536,19,4,2024-09-04,"Fast delivery, good product"
8775,598,1114,5,2024-06-05,Would buy again
8776,443,731,5,2024-12-20,Great product!
8777,821,2399,4,2023-10-20,Average experience
8778,296,2688,5,2024-02-21,Value for money
8779,514,166,4,2023-11-24,Value for money
8780,181,323,5,2025-11-26,Waste of money
8781,743,3145,5,2023-10-23,Average experience
8782,900,3392,5,2023-07-08,Great product!
8783,535,769,4,2022-03-13,Poor packaging
8784,417,974,4,2022-07-17,Highly recommend
8785,553,2524,5,2022-05-30,Poor packaging
8786,26,1200,5,2025-12-10,Waste of money
8787,366,1923,4,2025-09-20,Highly recommend
8788,62,2185,3,2025-12-24,Poor packaging
8789,219,1528,2,2025-10-07,Great product!
8790,618,3678,5,2023-12-24,Waste of money
8791,670,3130,3,2023-10-05,Average experience
8792,387,834,5,2024-03-06,Excellent quality
8793,671,2419,5,2024-03-20,Excellent quality
8794,371,1589,5,2023-07-23,Not as expected
8795,501,644,5,2022-06-30,Excellent quality
8796,607,1519,1,2024-05-05,Waste of money
8797,130,2490,5,2025-12-29,Value for money
8798,346,1815,5,2023-10-01,Great product!
8799,628,663,4,2023-09-25,Waste of money
8800,414,724,5,2024-12-08,Average experience
8801,447,3978,1,2025-04-27,"Fast delivery, good product"
8802,467,3774,2,2023-07-07,Value for money
8803,79,1268,1,2024-11-19,"Fast delivery, good product"
8804,794,183,5,2023-11-20,Average experience
8805,181,3039,4,2024-09-13,Waste of money
8806,392,1104,3,2024-06-30,Great product!
8807,74,584,5,2023-02-24,Average experience
8808,214,1891,5,2022-09-27,Poor packaging
8809,712,1863,4,2024-03-12,Average experience
8810,380,335,4,2022-03-13,Would buy again
8811,683,1254,3,2022-12-25,Waste of money
8812,223,1992,5,2022-01-25,Great product!
8813,65,580,5,2025-01-22,Would buy again
8814,407,93,5,2022-12-22,Not as expected
8815,436,1543,3,2023-09-28,Would buy again
8816,788,601,4,2023-03-05,"Fast delivery, good product"
8817,830,676,5,2024-09-19,Excellent quality
8818,140,115,5,2023-02-12,"Fast delivery, good product"
8819,761,1205,4,2024-09-30,Would buy again
8820,352,1044,5,2025-11-08,Average experience
8821,801,3218,5,2022-01-04,Highly recommend
8822,45,19,3,2025-03-06,Great product!
8823,319,3673,5,2024-11-09,Highly recommend
8824,85,3491,4,2025-11-30,Highly recommend
8825,443,1019,3,2022-01-28,"Fast delivery, good product"
8826,844,3655,4,2024-12-02,Excellent quality
8827,287,3344,5,2023-10-16,"Fast delivery, good product"
8828,380,3573,4,2025-07-12,Highly recommend
8829,609,2919,5,2025-04-06,Value for money
8830,113,3216,2,2025-10-09,Poor packaging
8831,534,1921,4,2024-12-21,Great product!
8832,803,1648,1,2025-06-28,Excellent quality
8833,246,530,5,2024-09-21,Waste of money
8834,738,2014,4,2024-10-02,Highly recommend
8835,864,2522,3,2024-08-15,Highly recommend
8836,817,3585,4,2023-01-15,Highly recommend
8837,732,1039,5,2022-01-12,Poor packaging
8838,870,2147,4,2024-05-21,Not as expected
8839,572,786,1,2023-08-10,Average experience
8840,478,129,5,2025-07-27,Waste of money
8841,554,2243,5,2023-05-11,Not as expected
8842,453,1543,5,2025-10-15,Poor packaging
8843,158,2761,2,2024-05-25,Not as expected
8844,572,733,2,2022-03-08,Would buy again
8845,692,3660,5,2025-05-28,Value for money
8846,262,567,4,2025-04-10,Would buy again
8847,884,3545,4,2025-12-06,Average experience
8848,444,2562,5,2023-12-31,Excellent quality
8849,481,3266,4,2025-03-27,Excellent quality
8850,256,2123,4,2025-03-04,Excellent quality
8851,302,908,4,2025-11-28,"Fast delivery, good product"
8852,822,3753,4,2022-07-31,Would buy again
8853,251,1791,4,2023-02-25,Highly recommend
8854,529,1354,2,2025-12-02,Value for money
8855,132,3248,4,2023-05-17,Highly recommend
8856,883,1924,5,2024-06-12,Not as expected
8857,825,464,5,2022-02-02,Would buy again
8858,500,1853,2,2023-03-09,Waste of money
8859,106,326,5,2022-12-02,Not as expected
8860,265,1584,5,2022-05-19,"Fast delivery, good product"
8861,244,824,2,2025-11-17,Not as expected
8862,867,3948,4,2024-07-16,Value for money
8863,814,2188,4,2024-02-17,Average experience
8864,644,1600,4,2025-02-22,Poor packaging
8865,143,561,2,2024-08-01,Waste of money
8866,538,3159,5,2022-10-16,Excellent quality
8867,1,2975,4,2024-09-29,Waste of money
8868,503,1311,4,2025-07-29,"Fast delivery, good product"
8869,433,3244,4,2023-11-05,Value for money
8870,332,3111,4,2025-09-17,Waste of money
8871,270,2332,3,2025-12-30,Highly recommend
8872,224,189,5,2023-09-20,Excellent quality
8873,713,2380,4,2022-01-02,Not as expected
8874,646,1791,5,2025-06-30,Great product!
8875,561,396,4,2024-03-31,Average experience
8876,25,2005,5,2023-03-08,Highly recommend
8877,485,3991,4,2023-02-03,Would buy again
8878,683,451,5,2024-05-04,Waste of money
8879,354,3245,5,2025-01-01,Average experience
8880,125,2986,5,2024-10-04,Highly recommend
8881,696,2608,3,2023-06-14,Highly recommend
8882,55,1837,4,2023-11-09,Waste of money
8883,605,361,1,2022-04-01,Poor packaging
8884,415,2739,5,2023-05-22,"Fast delivery, good product"
8885,182,229,4,2022-06-29,Excellent quality
8886,894,3752,3,2025-04-17,"Fast delivery, good product"
8887,128,3385,4,2025-09-17,Great product!
8888,274,1843,5,2022-12-23,Great product!
8889,793,1942,4,2023-06-08,Value for money
8890,681,3028,4,2022-06-19,"Fast delivery, good product"
8891,115,658,5,2025-02-11,Poor packaging
8892,554,3254,5,2022-01-16,Waste of money
8893,718,1812,5,2022-01-07,Not as expected
8894,246,1179,3,2024-10-10,Highly recommend
8895,488,2304,5,2024-06-10,Value for money
8896,467,1696,1,2024-07-10,"Fast delivery, good product"
8897,667,336,4,2022-10-06,Waste of money
8898,2,2804,5,2023-11-26,Highly recommend
8899,29,1323,4,2025-08-15,"Fast delivery, good product"
8900,472,2776,5,2024-06-24,Excellent quality
8901,860,176,5,2025-06-14,Excellent quality
8902,36,1022,5,2022-08-23,Would buy again
8903,269,1110,5,2023-04-09,Not as expected
8904,273,3304,4,2022-09-22,Waste of money
8905,298,648,4,2023-12-22,"Fast delivery, good product"
8906,296,3578,3,2024-12-21,Not as expected
8907,437,1542,5,2023-01-30,Highly recommend
8908,209,2516,5,2025-06-10,Highly recommend
8909,597,1542,4,2023-01-14,Highly recommend
8910,340,2136,3,2022-02-09,Value for money
8911,154,780,3,2024-03-14,Highly recommend
8912,72,877,4,2022-05-19,Highly recommend
8913,410,1534,4,2023-06-19,Great product!
8914,514,782,3,2022-06-28,Value for money
8915,886,3224,3,2023-06-25,Excellent quality
8916,478,2421,5,2024-06-23,Waste of money
8917,665,193,4,2023-11-05,Highly recommend
8918,748,2900,4,2023-12-11,Value for money
8919,706,714,3,2025-11-17,Great product!
8920,327,3489,3,2023-05-29,Poor packaging
8921,640,1309,3,2022-02-19,Poor packaging
8922,379,3468,5,2023-06-16,Highly recommend
8923,245,210,3,2023-07-12,Not as expected
8924,889,960,5,2023-07-27,Would buy again
8925,439,3581,4,2025-11-04,Great product!
8926,77,3170,5,2023-02-13,Great product!
8927,719,3380,2,2025-06-30,Would buy again
8928,295,2761,4,2022-01-24,Would buy again
8929,347,58,5,2025-01-22,Value for money
8930,635,1604,4,2025-10-28,"Fast delivery, good product"
8931,19,2445,5,2023-10-17,Waste of money
8932,560,814,5,2022-01-20,Excellent quality
8933,788,716,3,2024-06-03,Not as expected
8934,106,3636,1,2024-04-11,"Fast delivery, good product"
8935,786,1966,4,2023-12-12,Highly recommend
8936,292,401,2,2023-05-23,Excellent quality
8937,793,1356,4,2022-02-02,Poor packaging
8938,692,3049,4,2022-04-22,Excellent quality
8939,856,1054,5,2022-09-27,Waste of money
8940,96,2936,5,2025-12-20,"Fast delivery, good product"
8941,877,3801,2,2024-11-24,Value for money
8942,868,1341,5,2023-11-12,Average experience
8943,621,2213,5,2024-11-20,Waste of money
8944,327,80,3,2022-07-01,Excellent quality
8945,36,3959,4,2025-04-12,"Fast delivery, good product"
8946,819,1652,5,2023-03-23,Excellent quality
8947,857,956,4,2025-04-29,Average experience
8948,247,2787,5,2022-03-10,Value for money
8949,593,1063,5,2024-10-02,Would buy again
8950,541,446,5,2025-10-15,Poor packaging
8951,351,593,3,2025-12-31,"Fast delivery, good product"
8952,689,2859,5,2022-01-20,Value for money
8953,196,2371,5,2023-10-03,"Fast delivery, good product"
8954,361,1710,2,2024-11-06,Value for money
8955,303,2112,4,2023-07-22,"Fast delivery, good product"
8956,822,857,3,2025-10-21,Value for money
8957,740,2501,3,2024-06-05,Great product!
8958,827,1124,4,2024-12-16,Would buy again
8959,597,266,4,2023-02-12,Great product!
8960,299,2058,5,2023-08-22,Excellent quality
8961,782,3490,5,2023-11-10,Average experience
8962,402,1607,5,2023-10-08,Value for money
8963,282,1148,5,2022-04-03,Value for money
8964,16,3892,4,2024-05-24,Highly recommend
8965,472,3749,4,2024-03-03,Would buy again
8966,894,3673,2,2023-09-06,Waste of money
8967,768,1229,2,2022-06-02,Highly recommend
8968,204,3654,3,2025-04-28,"Fast delivery, good product"
8969,555,3449,2,2024-07-22,Excellent quality
8970,233,495,4,2024-04-02,Average experience
8971,303,1009,5,2024-02-19,"Fast delivery, good product"
8972,182,2012,5,2024-01-12,Waste of money
8973,279,3911,5,2022-04-08,Average experience
8974,132,1155,3,2022-10-07,"Fast delivery, good product"
8975,698,2980,5,2023-11-07,Average experience
8976,465,1219,2,2024-10-05,Value for money
8977,130,2768,2,2025-05-14,Not as expected
8978,146,704,3,2024-09-02,Great product!
8979,867,2749,4,2022-12-16,"Fast delivery, good product"
8980,244,1012,4,2024-11-14,Not as expected
8981,531,925,5,2025-05-03,Average experience
8982,38,2544,4,2022-11-05,"Fast delivery, good product"
8983,51,1416,5,2022-03-16,Not as expected
8984,345,3950,4,2022-09-05,Excellent quality
8985,72,185,4,2025-07-27,Would buy again
8986,390,1327,4,2025-04-27,Highly recommend
8987,256,974,4,2022-10-09,Highly recommend
8988,501,119,5,2024-06-26,Poor packaging
8989,879,2694,4,2024-07-08,Average experience
8990,336,3215,4,2022-01-23,Excellent quality
8991,530,2298,5,2022-12-19,Average experience
8992,718,1517,4,2022-08-19,Excellent quality
8993,825,355,5,2024-06-30,Great product!
8994,837,599,5,2022-01-03,Great product!
8995,168,985,5,2024-06-30,Excellent quality
8996,296,2704,5,2022-06-14,Not as expected
8997,299,3794,4,2025-05-05,Average experience
8998,117,2185,5,2024-06-11,Poor packaging
8999,63,3396,3,2022-09-04,Excellent quality
9000,556,880,5,2023-11-05,Would buy again
