shipping_id,order_id,ship_date,delivery_date,delivery_city,carrier,shipping_status
1,1,2023-03-08,2023-03-12,Jaipur,Ekart,Delivered
2,2,2025-11-07,2025-11-10,Lucknow,Ekart,Delivered
3,3,2022-10-20,2022-10-26,Indore,DTDC,Delivered
4,4,2025-10-15,2025-10-22,Indore,Ekart,Delivered
5,5,2023-08-23,2023-08-24,Lucknow,BlueDart,Delivered
6,6,2024-01-05,2024-01-12,Surat,DTDC,Delivered
7,7,2024-07-22,2024-07-29,Surat,Ekart,Delivered
8,8,2022-06-29,2022-06-30,Jaipur,IndiaPost,Delivered
9,9,2022-12-10,2022-12-11,Pune,IndiaPost,Delayed
10,10,2025-09-03,2025-09-06,Mumbai,Delhivery,Delivered
11,11,2022-02-13,2022-02-14,Kochi,IndiaPost,Delayed
12,12,2022-09-16,2022-09-19,Kolkata,Delhivery,Delivered
13,13,2022-03-22,2022-03-28,Mumbai,Delhivery,Delivered
14,14,2023-09-02,2023-09-07,Kochi,Delhivery,Delivered
15,15,2023-05-22,2023-05-27,Chennai,BlueDart,Delivered
16,16,2025-06-04,2025-06-10,Mumbai,Delhivery,Delivered
17,17,2023-06-16,2023-06-17,Chandigarh,DTDC,Delivered
18,21,2024-10-28,2024-11-01,Jaipur,Delhivery,Delivered
19,22,2025-03-09,2025-03-13,Jaipur,IndiaPost,Delivered
20,23,2024-07-13,2024-07-14,Pune,BlueDart,Delivered
21,24,2022-06-17,2022-06-18,Indore,BlueDart,Delivered
22,26,2024-03-31,2024-04-07,Kolkata,DTDC,Delivered
23,27,2025-10-25,2025-11-01,Chennai,IndiaPost,Delivered
24,29,2022-04-11,2022-04-17,Surat,BlueDart,Delayed
25,31,2025-10-08,2025-10-10,Jaipur,DTDC,Delivered
26,32,2025-10-19,2025-10-24,Delhi,Delhivery,Delivered
27,33,2023-09-21,2023-09-28,Indore,BlueDart,Delivered
28,34,2022-07-24,2022-07-30,Kochi,Delhivery,In Transit
29,35,2025-02-23,2025-03-01,Surat,BlueDart,Delivered
30,36,2022-08-15,2022-08-16,Pune,Ekart,Delayed
31,37,2025-05-25,2025-05-29,Jaipur,IndiaPost,Delivered
32,38,2023-01-17,2023-01-24,Ahmedabad,DTDC,Delivered
33,39,2024-04-30,2024-05-05,Kochi,IndiaPost,Delayed
34,40,2024-04-02,2024-04-06,Surat,DTDC,In Transit
35,41,2024-12-10,2024-12-16,Chandigarh,Ekart,Delivered
36,42,2024-02-21,2024-02-26,Nagpur,BlueDart,Delivered
37,43,2022-07-20,2022-07-23,Mumbai,Delhivery,Delivered
38,45,2024-03-07,2024-03-14,Kolkata,IndiaPost,Delivered
39,46,2022-02-28,2022-03-04,Pune,BlueDart,Delivered
40,47,2022-06-13,2022-06-20,Chennai,Delhivery,In Transit
41,48,2025-09-16,2025-09-23,Jaipur,Ekart,Delivered
42,49,2022-04-02,2022-04-08,Kolkata,DTDC,Delivered
43,50,2022-12-15,2022-12-21,Pune,IndiaPost,Delivered
44,52,2025-09-05,2025-09-07,Lucknow,BlueDart,Delivered
45,53,2025-01-25,2025-01-31,Lucknow,Delhivery,Delayed
46,54,2022-01-21,2022-01-22,Delhi,BlueDart,Delivered
47,55,2023-02-14,2023-02-17,Ahmedabad,IndiaPost,In Transit
48,56,2022-12-31,2023-01-05,Hyderabad,IndiaPost,Delivered
49,57,2025-11-15,2025-11-18,Lucknow,IndiaPost,Delivered
50,58,2023-03-02,2023-03-09,Surat,DTDC,Delivered
51,59,2023-02-04,2023-02-07,Chennai,Ekart,Delivered
52,60,2025-05-18,2025-05-19,Ahmedabad,Ekart,Delayed
53,61,2024-11-22,2024-11-28,Chennai,Delhivery,In Transit
54,62,2023-04-26,2023-05-01,Kolkata,Delhivery,Delivered
55,63,2025-07-20,2025-07-26,Surat,BlueDart,Delivered
56,64,2025-05-15,2025-05-22,Lucknow,DTDC,Delivered
57,65,2022-08-07,2022-08-10,Indore,Delhivery,Delayed
58,66,2023-06-13,2023-06-17,Bengaluru,BlueDart,Delivered
59,67,2023-05-13,2023-05-20,Delhi,IndiaPost,Delivered
60,69,2024-08-03,2024-08-06,Ahmedabad,DTDC,Delivered
61,70,2025-06-27,2025-07-02,Surat,Ekart,Delivered
62,71,2024-09-08,2024-09-13,Chennai,Ekart,Delivered
63,72,2025-08-25,2025-09-01,Pune,Delhivery,Delivered
64,73,2023-04-17,2023-04-18,Chennai,BlueDart,In Transit
65,74,2025-01-20,2025-01-23,Chennai,DTDC,Delivered
66,75,2022-11-16,2022-11-21,Lucknow,DTDC,Delivered
67,76,2025-09-09,2025-09-15,Kolkata,BlueDart,Delivered
68,77,2022-03-23,2022-03-30,Indore,Delhivery,Delivered
69,79,2022-05-27,2022-05-29,Bengaluru,Ekart,Delivered
70,80,2022-03-15,2022-03-18,Indore,BlueDart,Delivered
71,81,2025-03-11,2025-03-14,Chandigarh,BlueDart,Delivered
72,82,2022-02-04,2022-02-06,Lucknow,DTDC,Delayed
73,83,2022-01-06,2022-01-09,Bengaluru,Ekart,Delivered
74,85,2024-02-21,2024-02-26,Surat,IndiaPost,Delivered
75,86,2025-06-25,2025-06-28,Delhi,IndiaPost,Delivered
76,87,2023-12-15,2023-12-18,Nagpur,Ekart,Delivered
77,88,2024-05-15,2024-05-21,Hyderabad,Delhivery,Delivered
78,89,2023-11-04,2023-11-11,Mumbai,IndiaPost,Delivered
79,90,2025-04-29,2025-05-03,Chennai,IndiaPost,Delayed
80,91,2025-06-05,2025-06-09,Kolkata,BlueDart,Delivered
81,92,2024-07-26,2024-08-02,Kolkata,Delhivery,Delivered
82,93,2024-06-21,2024-06-28,Nagpur,Delhivery,Delivered
83,94,2024-07-06,2024-07-11,Pune,DTDC,Delivered
84,95,2025-08-29,2025-09-01,Chennai,Ekart,Delivered
85,96,2024-02-28,2024-03-03,Delhi,IndiaPost,Delivered
86,98,2024-04-18,2024-04-25,Jaipur,IndiaPost,Delivered
87,99,2022-12-12,2022-12-16,Pune,IndiaPost,Delivered
88,100,2022-12-22,2022-12-23,Nagpur,Ekart,In Transit
89,101,2024-11-27,2024-12-02,Delhi,DTDC,Delivered
90,102,2024-03-02,2024-03-08,Chandigarh,DTDC,Delivered
91,103,2022-06-14,2022-06-16,Chandigarh,Delhivery,In Transit
92,104,2024-10-28,2024-10-29,Kochi,Ekart,Delayed
93,105,2023-03-21,2023-03-27,Lucknow,DTDC,Delivered
94,106,2023-09-15,2023-09-18,Chandigarh,DTDC,Delivered
95,107,2024-02-15,2024-02-18,Jaipur,IndiaPost,Delivered
96,108,2024-09-03,2024-09-04,Lucknow,Delhivery,Delivered
97,109,2022-10-08,2022-10-09,Kochi,Ekart,Delivered
98,111,2024-10-27,2024-10-28,Nagpur,Delhivery,Delivered
99,112,2023-06-04,2023-06-11,Bengaluru,BlueDart,In Transit
100,113,2024-09-11,2024-09-17,Surat,IndiaPost,Delivered
101,114,2024-08-23,2024-08-25,Chandigarh,IndiaPost,In Transit
102,115,2022-03-09,2022-03-16,Bengaluru,IndiaPost,Delivered
103,116,2023-08-20,2023-08-27,Kochi,IndiaPost,Delivered
104,117,2023-05-20,2023-05-27,Surat,BlueDart,Delivered
105,118,2023-05-18,2023-05-24,Lucknow,Ekart,In Transit
106,119,2025-11-13,2025-11-20,Pune,Delhivery,In Transit
107,121,2023-09-22,2023-09-23,Pune,Delhivery,Delivered
108,122,2025-04-11,2025-04-14,Delhi,DTDC,Delivered
109,123,2025-12-29,2026-01-05,Indore,DTDC,Delivered
110,124,2022-12-05,2022-12-08,Chandigarh,DTDC,Delivered
111,125,2024-05-16,2024-05-17,Nagpur,DTDC,Delivered
112,127,2024-07-18,2024-07-25,Lucknow,IndiaPost,Delivered
113,128,2022-08-02,2022-08-03,Hyderabad,IndiaPost,Delivered
114,129,2024-04-12,2024-04-13,Chandigarh,IndiaPost,Delivered
115,130,2023-02-22,2023-02-26,Bengaluru,IndiaPost,Delivered
116,131,2023-02-06,2023-02-11,Delhi,DTDC,Delivered
117,133,2025-12-18,2025-12-19,Jaipur,Ekart,Delivered
118,134,2024-08-01,2024-08-04,Kochi,Ekart,Delivered
119,135,2025-01-27,2025-02-01,Pune,BlueDart,Delivered
120,136,2022-11-18,2022-11-22,Bengaluru,BlueDart,Delivered
121,138,2024-04-03,2024-04-08,Lucknow,Delhivery,Delivered
122,139,2022-04-22,2022-04-29,Jaipur,BlueDart,Delivered
123,140,2024-07-12,2024-07-17,Surat,Delhivery,Delivered
124,141,2023-09-13,2023-09-15,Jaipur,Ekart,Delivered
125,143,2022-11-09,2022-11-11,Indore,IndiaPost,Delivered
126,144,2025-11-23,2025-11-28,Bengaluru,DTDC,Delivered
127,145,2025-12-11,2025-12-12,Nagpur,IndiaPost,Delivered
128,146,2024-10-28,2024-11-01,Chennai,Delhivery,Delivered
129,147,2025-08-25,2025-08-26,Chennai,DTDC,In Transit
130,148,2025-03-19,2025-03-22,Lucknow,DTDC,Delayed
131,149,2023-02-19,2023-02-20,Lucknow,IndiaPost,Delivered
132,150,2024-10-08,2024-10-09,Chennai,Ekart,Delivered
133,151,2025-06-04,2025-06-10,Lucknow,BlueDart,Delivered
134,152,2024-11-15,2024-11-22,Kolkata,IndiaPost,Delayed
135,153,2022-02-28,2022-03-07,Kochi,IndiaPost,Delivered
136,154,2025-05-29,2025-05-31,Bengaluru,Delhivery,Delivered
137,156,2025-07-10,2025-07-16,Surat,BlueDart,Delayed
138,157,2024-02-20,2024-02-21,Indore,DTDC,Delivered
139,158,2025-08-18,2025-08-21,Pune,Ekart,Delivered
140,159,2024-07-05,2024-07-10,Chandigarh,DTDC,Delivered
141,161,2024-07-30,2024-08-05,Pune,DTDC,Delayed
142,162,2022-07-12,2022-07-13,Kochi,Ekart,Delivered
143,163,2024-03-18,2024-03-24,Ahmedabad,Delhivery,Delivered
144,165,2025-09-20,2025-09-24,Mumbai,DTDC,Delivered
145,167,2024-04-18,2024-04-19,Pune,Ekart,Delivered
146,169,2025-07-27,2025-07-28,Pune,Ekart,Delivered
147,170,2025-05-14,2025-05-15,Jaipur,IndiaPost,Delivered
148,171,2022-06-30,2022-07-05,Mumbai,IndiaPost,Delivered
149,172,2024-06-29,2024-07-03,Mumbai,BlueDart,Delivered
150,173,2025-06-09,2025-06-14,Chennai,DTDC,Delivered
151,175,2024-10-30,2024-11-03,Delhi,IndiaPost,Delayed
152,176,2022-06-27,2022-07-02,Surat,DTDC,In Transit
153,177,2023-03-19,2023-03-22,Delhi,BlueDart,Delivered
154,178,2025-09-05,2025-09-07,Pune,BlueDart,Delivered
155,180,2024-12-15,2024-12-20,Mumbai,IndiaPost,Delivered
156,182,2023-07-04,2023-07-10,Bengaluru,Ekart,Delivered
157,183,2025-03-20,2025-03-21,Chandigarh,DTDC,Delivered
158,184,2024-06-29,2024-06-30,Mumbai,BlueDart,Delivered
159,185,2025-08-23,2025-08-25,Surat,Delhivery,In Transit
160,186,2022-11-22,2022-11-24,Surat,BlueDart,Delivered
161,187,2024-11-16,2024-11-18,Indore,IndiaPost,Delivered
162,188,2022-02-17,2022-02-20,Bengaluru,BlueDart,In Transit
163,189,2024-09-17,2024-09-18,Bengaluru,DTDC,Delivered
164,190,2023-02-27,2023-03-03,Mumbai,Ekart,Delivered
165,191,2025-08-12,2025-08-15,Surat,Ekart,Delivered
166,192,2024-01-12,2024-01-13,Bengaluru,BlueDart,Delivered
167,193,2023-09-20,2023-09-22,Indore,IndiaPost,Delivered
168,194,2022-04-23,2022-04-25,Chandigarh,Delhivery,Delivered
169,195,2022-09-13,2022-09-18,Mumbai,Ekart,Delivered
170,196,2025-09-20,2025-09-23,Kolkata,Delhivery,Delivered
171,197,2024-04-01,2024-04-03,Pune,IndiaPost,Delivered
172,198,2023-09-27,2023-09-28,Chandigarh,Delhivery,Delivered
173,200,2025-05-09,2025-05-10,Lucknow,IndiaPost,Delivered
174,201,2024-04-21,2024-04-23,Kochi,DTDC,Delivered
175,202,2022-07-29,2022-07-31,Bengaluru,Ekart,Delivered
176,203,2025-11-23,2025-11-26,Ahmedabad,DTDC,Delivered
177,204,2025-06-02,2025-06-06,Bengaluru,Delhivery,Delayed
178,205,2022-08-05,2022-08-09,Surat,Delhivery,Delivered
179,206,2023-10-03,2023-10-05,Mumbai,BlueDart,Delivered
180,207,2025-04-13,2025-04-14,Jaipur,DTDC,Delivered
181,208,2025-10-12,2025-10-19,Lucknow,Delhivery,In Transit
182,209,2025-01-08,2025-01-10,Lucknow,DTDC,Delivered
183,211,2022-12-04,2022-12-05,Jaipur,Ekart,Delivered
184,212,2025-03-08,2025-03-11,Kolkata,Ekart,Delivered
185,213,2025-09-30,2025-10-01,Nagpur,Ekart,Delivered
186,214,2024-03-10,2024-03-17,Kolkata,Delhivery,Delayed
187,215,2023-05-02,2023-05-08,Chandigarh,DTDC,Delivered
188,216,2025-04-11,2025-04-17,Mumbai,DTDC,Delivered
189,217,2023-06-26,2023-06-30,Chandigarh,IndiaPost,Delivered
190,218,2022-10-29,2022-10-31,Lucknow,IndiaPost,Delayed
191,219,2024-07-14,2024-07-16,Lucknow,IndiaPost,Delivered
192,220,2023-07-30,2023-08-05,Surat,Ekart,Delivered
193,221,2023-11-24,2023-11-26,Lucknow,DTDC,Delivered
194,223,2023-06-18,2023-06-19,Indore,DTDC,Delivered
195,224,2022-07-20,2022-07-21,Chandigarh,Ekart,Delivered
196,226,2025-09-17,2025-09-18,Nagpur,DTDC,Delivered
197,227,2024-09-18,2024-09-20,Indore,BlueDart,Delivered
198,228,2024-11-25,2024-11-26,Delhi,IndiaPost,Delivered
199,229,2025-10-08,2025-10-15,Jaipur,DTDC,Delivered
200,231,2023-05-30,2023-05-31,Indore,Delhivery,In Transit
201,232,2025-05-05,2025-05-10,Lucknow,Ekart,Delivered
202,233,2024-03-14,2024-03-18,Delhi,Ekart,Delivered
203,234,2022-12-25,2022-12-27,Indore,Ekart,Delivered
204,235,2022-01-22,2022-01-27,Surat,DTDC,Delivered
205,236,2022-06-19,2022-06-26,Hyderabad,IndiaPost,Delivered
206,237,2025-03-21,2025-03-28,Indore,Delhivery,Delivered
207,238,2025-01-18,2025-01-24,Surat,Delhivery,Delivered
208,239,2025-12-18,2025-12-25,Jaipur,IndiaPost,Delivered
209,240,2024-09-22,2024-09-26,Delhi,BlueDart,Delivered
210,241,2025-03-21,2025-03-24,Pune,BlueDart,Delivered
211,242,2025-01-13,2025-01-14,Chennai,DTDC,Delayed
212,244,2024-08-09,2024-08-11,Kochi,Ekart,Delayed
213,245,2024-07-20,2024-07-21,Kolkata,Ekart,Delivered
214,246,2022-12-30,2022-12-31,Delhi,IndiaPost,Delivered
215,247,2022-01-02,2022-01-07,Hyderabad,BlueDart,Delivered
216,248,2023-03-22,2023-03-28,Delhi,Ekart,In Transit
217,249,2023-08-16,2023-08-22,Chandigarh,Delhivery,Delivered
218,250,2024-04-28,2024-04-30,Hyderabad,Ekart,In Transit
219,251,2024-03-16,2024-03-19,Chennai,Delhivery,Delivered
220,254,2024-05-04,2024-05-09,Hyderabad,IndiaPost,Delivered
221,255,2025-07-05,2025-07-08,Ahmedabad,Delhivery,Delayed
222,256,2024-10-16,2024-10-19,Nagpur,Ekart,Delivered
223,257,2024-01-05,2024-01-10,Surat,IndiaPost,Delivered
224,258,2025-01-11,2025-01-18,Nagpur,Ekart,Delivered
225,259,2024-02-16,2024-02-23,Indore,DTDC,Delivered
226,260,2023-12-06,2023-12-13,Chennai,Ekart,Delivered
227,262,2024-02-23,2024-02-29,Bengaluru,Ekart,In Transit
228,263,2022-01-22,2022-01-26,Bengaluru,Ekart,Delivered
229,264,2023-05-24,2023-05-31,Delhi,Delhivery,Delivered
230,265,2024-12-22,2024-12-23,Ahmedabad,DTDC,Delivered
231,267,2024-12-11,2024-12-18,Kolkata,Delhivery,In Transit
232,268,2025-03-10,2025-03-17,Chennai,Ekart,Delivered
233,269,2023-02-05,2023-02-10,Kolkata,BlueDart,Delayed
234,270,2022-06-12,2022-06-18,Bengaluru,DTDC,Delivered
235,271,2022-02-15,2022-02-22,Nagpur,DTDC,Delivered
236,273,2025-08-25,2025-08-27,Pune,Ekart,Delivered
237,274,2024-07-05,2024-07-09,Hyderabad,Delhivery,Delivered
238,276,2023-03-20,2023-03-26,Mumbai,BlueDart,Delivered
239,277,2022-11-11,2022-11-12,Ahmedabad,Delhivery,Delivered
240,278,2024-10-22,2024-10-23,Lucknow,Delhivery,Delivered
241,280,2025-03-17,2025-03-23,Nagpur,Delhivery,Delivered
242,281,2022-09-16,2022-09-19,Bengaluru,Ekart,Delivered
243,282,2025-03-24,2025-03-27,Pune,Delhivery,Delivered
244,283,2023-03-10,2023-03-15,Surat,DTDC,In Transit
245,284,2024-08-01,2024-08-02,Kolkata,BlueDart,Delivered
246,285,2024-02-29,2024-03-04,Kochi,DTDC,Delivered
247,286,2023-09-08,2023-09-11,Ahmedabad,IndiaPost,Delivered
248,287,2023-06-15,2023-06-16,Jaipur,Ekart,Delivered
249,289,2025-12-28,2025-12-30,Mumbai,Ekart,In Transit
250,290,2023-04-11,2023-04-16,Kolkata,BlueDart,Delivered
251,291,2025-05-18,2025-05-19,Bengaluru,IndiaPost,Delivered
252,292,2024-02-24,2024-02-29,Pune,Delhivery,Delivered
253,293,2025-05-04,2025-05-07,Pune,DTDC,Delayed
254,294,2023-05-11,2023-05-13,Kolkata,Delhivery,Delivered
255,296,2023-07-13,2023-07-15,Surat,DTDC,Delivered
256,297,2025-11-22,2025-11-29,Chennai,BlueDart,Delivered
257,298,2023-09-09,2023-09-15,Pune,Delhivery,Delivered
258,299,2025-07-28,2025-08-03,Hyderabad,BlueDart,Delivered
259,300,2023-05-27,2023-06-01,Surat,DTDC,Delayed
260,301,2022-10-23,2022-10-26,Jaipur,Delhivery,Delivered
261,302,2025-03-24,2025-03-31,Chennai,BlueDart,Delivered
262,303,2024-11-17,2024-11-23,Bengaluru,BlueDart,Delivered
263,304,2023-04-01,2023-04-08,Pune,DTDC,Delivered
264,305,2023-01-08,2023-01-09,Kochi,Ekart,Delivered
265,307,2022-05-31,2022-06-01,Indore,IndiaPost,Delivered
266,308,2025-12-22,2025-12-28,Lucknow,DTDC,Delivered
267,309,2025-12-01,2025-12-02,Nagpur,IndiaPost,Delivered
268,311,2024-11-12,2024-11-17,Kochi,DTDC,Delayed
269,312,2022-02-15,2022-02-17,Jaipur,DTDC,Delivered
270,313,2023-11-16,2023-11-22,Lucknow,BlueDart,Delivered
271,314,2024-11-20,2024-11-22,Chandigarh,IndiaPost,Delivered
272,315,2022-06-02,2022-06-09,Indore,Ekart,Delivered
273,316,2022-05-30,2022-06-06,Surat,IndiaPost,Delivered
274,317,2024-10-22,2024-10-26,Bengaluru,IndiaPost,Delayed
275,318,2024-05-16,2024-05-21,Surat,IndiaPost,Delivered
276,320,2025-05-01,2025-05-07,Pune,BlueDart,Delivered
277,321,2024-12-07,2024-12-14,Mumbai,IndiaPost,Delivered
278,325,2023-03-08,2023-03-13,Hyderabad,IndiaPost,Delivered
279,327,2022-06-14,2022-06-20,Chandigarh,IndiaPost,Delivered
280,328,2024-02-04,2024-02-05,Bengaluru,BlueDart,Delivered
281,329,2024-04-05,2024-04-12,Lucknow,DTDC,Delivered
282,330,2023-11-11,2023-11-15,Lucknow,DTDC,Delayed
283,331,2024-09-13,2024-09-19,Nagpur,DTDC,Delivered
284,332,2022-01-28,2022-01-30,Chandigarh,IndiaPost,Delayed
285,333,2023-11-22,2023-11-26,Chandigarh,DTDC,Delivered
286,334,2022-03-18,2022-03-22,Chandigarh,Delhivery,Delivered
287,335,2024-11-10,2024-11-14,Ahmedabad,IndiaPost,Delivered
288,336,2023-08-02,2023-08-08,Surat,IndiaPost,Delivered
289,338,2022-08-07,2022-08-11,Surat,DTDC,Delivered
290,339,2022-10-26,2022-10-31,Chandigarh,IndiaPost,Delivered
291,340,2022-09-19,2022-09-22,Mumbai,BlueDart,Delivered
292,341,2024-07-14,2024-07-15,Kochi,Delhivery,In Transit
293,342,2022-12-08,2022-12-11,Hyderabad,IndiaPost,In Transit
294,344,2024-02-21,2024-02-28,Mumbai,DTDC,In Transit
295,345,2025-02-04,2025-02-06,Surat,Delhivery,Delayed
296,346,2022-11-02,2022-11-07,Lucknow,IndiaPost,Delivered
297,347,2022-06-09,2022-06-10,Nagpur,IndiaPost,Delivered
298,348,2025-04-19,2025-04-22,Hyderabad,IndiaPost,Delayed
299,349,2024-04-19,2024-04-20,Bengaluru,IndiaPost,Delivered
300,350,2022-09-12,2022-09-17,Mumbai,BlueDart,Delayed
301,351,2025-09-11,2025-09-16,Surat,BlueDart,Delivered
302,352,2022-05-12,2022-05-18,Jaipur,DTDC,Delivered
303,353,2022-08-02,2022-08-08,Mumbai,IndiaPost,Delivered
304,354,2023-09-29,2023-10-05,Ahmedabad,Ekart,Delivered
305,355,2024-03-04,2024-03-11,Hyderabad,IndiaPost,Delivered
306,356,2023-02-10,2023-02-17,Indore,BlueDart,Delivered
307,357,2024-08-30,2024-09-04,Lucknow,BlueDart,Delivered
308,359,2022-12-10,2022-12-13,Chennai,BlueDart,Delivered
309,360,2022-06-30,2022-07-06,Kolkata,Delhivery,Delivered
310,361,2024-03-07,2024-03-10,Surat,Ekart,Delivered
311,362,2025-05-14,2025-05-21,Chandigarh,Ekart,Delivered
312,363,2025-08-24,2025-08-31,Mumbai,DTDC,Delivered
313,364,2023-03-31,2023-04-01,Lucknow,IndiaPost,Delivered
314,365,2024-12-16,2024-12-19,Surat,Delhivery,Delivered
315,366,2022-04-19,2022-04-21,Jaipur,Ekart,Delivered
316,367,2024-01-01,2024-01-08,Pune,Delhivery,Delivered
317,369,2024-02-28,2024-03-06,Hyderabad,Ekart,Delivered
318,370,2024-07-24,2024-07-29,Hyderabad,IndiaPost,Delivered
319,371,2025-11-23,2025-11-30,Mumbai,Delhivery,Delivered
320,372,2023-12-18,2023-12-25,Hyderabad,DTDC,In Transit
321,375,2023-04-15,2023-04-20,Chennai,IndiaPost,In Transit
322,376,2022-10-07,2022-10-13,Jaipur,Ekart,Delivered
323,377,2023-06-25,2023-06-26,Surat,DTDC,Delivered
324,378,2022-07-28,2022-07-30,Indore,Ekart,Delivered
325,379,2022-09-29,2022-10-05,Delhi,Delhivery,Delivered
326,381,2025-04-15,2025-04-17,Mumbai,Ekart,Delivered
327,382,2022-06-18,2022-06-24,Hyderabad,BlueDart,Delivered
328,383,2025-10-26,2025-11-02,Ahmedabad,Delhivery,Delivered
329,384,2023-05-19,2023-05-20,Nagpur,DTDC,Delivered
330,386,2023-06-21,2023-06-23,Indore,DTDC,Delayed
331,387,2023-10-11,2023-10-16,Mumbai,IndiaPost,Delivered
332,388,2025-03-28,2025-04-02,Chandigarh,DTDC,Delivered
333,389,2024-12-30,2025-01-04,Surat,BlueDart,Delivered
334,390,2023-10-22,2023-10-28,Chennai,Ekart,In Transit
335,391,2025-07-13,2025-07-17,Kochi,BlueDart,Delivered
336,392,2024-05-24,2024-05-26,Chandigarh,BlueDart,Delivered
337,393,2022-06-25,2022-06-28,Chennai,Delhivery,In Transit
338,394,2022-04-25,2022-05-01,Delhi,IndiaPost,Delayed
339,395,2022-12-19,2022-12-24,Hyderabad,DTDC,Delivered
340,396,2022-08-27,2022-08-30,Surat,Delhivery,Delivered
341,397,2023-01-25,2023-01-29,Kochi,DTDC,Delivered
342,398,2023-04-12,2023-04-17,Chandigarh,Delhivery,Delivered
343,399,2023-12-11,2023-12-12,Chandigarh,IndiaPost,Delivered
344,400,2024-09-08,2024-09-10,Kolkata,BlueDart,Delivered
345,401,2022-10-31,2022-11-04,Bengaluru,IndiaPost,Delivered
346,402,2022-11-26,2022-11-30,Hyderabad,IndiaPost,Delivered
347,403,2022-03-07,2022-03-13,Kochi,DTDC,Delivered
348,406,2024-07-10,2024-07-13,Jaipur,Delhivery,In Transit
349,407,2022-05-24,2022-05-31,Chennai,IndiaPost,Delivered
350,408,2023-11-12,2023-11-15,Ahmedabad,Ekart,Delivered
351,409,2025-12-25,2025-12-27,Ahmedabad,BlueDart,Delivered
352,410,2024-05-06,2024-05-12,Indore,IndiaPost,Delivered
353,411,2024-07-24,2024-07-31,Ahmedabad,Delhivery,Delivered
354,412,2023-03-31,2023-04-03,Lucknow,Ekart,Delivered
355,413,2023-05-25,2023-05-29,Surat,DTDC,Delivered
356,414,2025-01-24,2025-01-31,Indore,BlueDart,Delivered
357,415,2025-09-07,2025-09-14,Chandigarh,BlueDart,Delivered
358,416,2022-07-16,2022-07-22,Surat,Delhivery,Delivered
359,417,2024-05-03,2024-05-04,Kolkata,DTDC,Delivered
360,418,2022-12-02,2022-12-08,Kolkata,Ekart,Delivered
361,419,2023-12-18,2023-12-19,Chennai,Ekart,Delivered
362,420,2024-01-18,2024-01-20,Kochi,Ekart,Delivered
363,421,2024-07-03,2024-07-05,Mumbai,DTDC,Delivered
364,422,2025-04-20,2025-04-24,Jaipur,BlueDart,Delivered
365,423,2022-09-26,2022-09-29,Lucknow,Ekart,Delivered
366,424,2023-01-08,2023-01-11,Ahmedabad,IndiaPost,Delivered
367,426,2025-01-28,2025-02-04,Indore,Delhivery,Delivered
368,427,2023-05-28,2023-05-31,Hyderabad,Ekart,Delivered
369,428,2022-08-13,2022-08-15,Ahmedabad,DTDC,Delivered
370,429,2024-11-19,2024-11-22,Kochi,IndiaPost,Delivered
371,432,2023-03-29,2023-04-05,Chennai,DTDC,Delivered
372,434,2025-03-12,2025-03-16,Hyderabad,Delhivery,Delivered
373,435,2025-08-31,2025-09-04,Pune,IndiaPost,Delayed
374,436,2023-06-04,2023-06-08,Kochi,BlueDart,In Transit
375,437,2023-12-06,2023-12-12,Jaipur,Delhivery,Delivered
376,438,2023-05-26,2023-05-29,Indore,DTDC,Delivered
377,439,2022-04-22,2022-04-27,Delhi,BlueDart,Delivered
378,440,2025-10-09,2025-10-10,Indore,Delhivery,Delivered
379,441,2023-03-25,2023-04-01,Chandigarh,DTDC,Delivered
380,442,2024-03-07,2024-03-09,Pune,Ekart,Delivered
381,443,2023-01-26,2023-01-27,Mumbai,BlueDart,Delivered
382,444,2023-11-15,2023-11-22,Pune,DTDC,Delivered
383,445,2023-10-05,2023-10-06,Surat,Delhivery,Delivered
384,446,2022-09-22,2022-09-29,Mumbai,Delhivery,Delivered
385,448,2022-11-03,2022-11-09,Chandigarh,Ekart,Delivered
386,449,2023-06-28,2023-07-04,Lucknow,DTDC,Delayed
387,450,2025-03-02,2025-03-03,Kolkata,DTDC,Delivered
388,451,2022-11-14,2022-11-20,Surat,DTDC,Delivered
389,452,2023-06-10,2023-06-15,Hyderabad,Delhivery,Delivered
390,453,2023-11-15,2023-11-20,Indore,Ekart,Delivered
391,454,2023-10-02,2023-10-06,Surat,BlueDart,In Transit
392,455,2025-05-15,2025-05-16,Lucknow,DTDC,Delivered
393,456,2023-05-17,2023-05-23,Nagpur,BlueDart,Delivered
394,458,2025-08-11,2025-08-18,Hyderabad,DTDC,Delivered
395,459,2022-04-27,2022-04-28,Kochi,DTDC,Delivered
396,460,2022-12-04,2022-12-06,Lucknow,Ekart,Delivered
397,461,2025-07-24,2025-07-26,Hyderabad,BlueDart,In Transit
398,462,2022-12-23,2022-12-27,Ahmedabad,DTDC,Delivered
399,463,2025-08-30,2025-09-04,Surat,BlueDart,Delivered
400,465,2022-06-12,2022-06-17,Bengaluru,Delhivery,Delivered
401,466,2025-04-03,2025-04-08,Ahmedabad,Ekart,Delivered
402,467,2025-11-19,2025-11-20,Delhi,BlueDart,Delayed
403,468,2023-12-04,2023-12-08,Mumbai,DTDC,Delivered
404,469,2022-01-29,2022-02-01,Indore,Ekart,Delivered
405,470,2024-07-27,2024-08-02,Nagpur,BlueDart,In Transit
406,471,2025-05-11,2025-05-14,Delhi,Ekart,Delivered
407,472,2023-12-02,2023-12-06,Indore,IndiaPost,Delivered
408,473,2025-08-07,2025-08-10,Delhi,Delhivery,Delivered
409,474,2024-12-10,2024-12-12,Kochi,IndiaPost,Delivered
410,476,2024-08-23,2024-08-24,Bengaluru,Delhivery,Delivered
411,477,2022-04-23,2022-04-26,Lucknow,Delhivery,Delivered
412,478,2025-12-05,2025-12-11,Nagpur,DTDC,Delivered
413,479,2025-03-16,2025-03-18,Jaipur,Delhivery,Delivered
414,480,2022-12-30,2023-01-01,Bengaluru,BlueDart,Delivered
415,481,2025-12-13,2025-12-17,Pune,DTDC,Delivered
416,482,2025-07-04,2025-07-07,Pune,DTDC,Delayed
417,483,2025-05-05,2025-05-09,Chennai,Ekart,In Transit
418,484,2023-06-13,2023-06-17,Bengaluru,BlueDart,Delivered
419,485,2023-08-22,2023-08-26,Jaipur,BlueDart,Delivered
420,486,2025-03-20,2025-03-21,Lucknow,Delhivery,In Transit
421,487,2022-07-03,2022-07-05,Mumbai,DTDC,Delayed
422,488,2022-06-11,2022-06-18,Bengaluru,IndiaPost,Delivered
423,489,2024-04-02,2024-04-09,Kolkata,Delhivery,Delivered
424,491,2025-04-25,2025-04-30,Kolkata,Delhivery,Delivered
425,492,2024-02-02,2024-02-06,Hyderabad,IndiaPost,In Transit
426,493,2025-05-07,2025-05-14,Pune,BlueDart,Delivered
427,494,2025-11-23,2025-11-25,Pune,IndiaPost,Delivered
428,496,2025-06-04,2025-06-07,Kochi,Ekart,Delivered
429,497,2024-09-13,2024-09-17,Nagpur,Ekart,Delivered
430,498,2023-01-13,2023-01-18,Chandigarh,BlueDart,Delivered
431,499,2023-01-06,2023-01-11,Lucknow,Ekart,Delivered
432,500,2024-12-10,2024-12-16,Chandigarh,IndiaPost,Delivered
433,501,2023-03-13,2023-03-16,Delhi,DTDC,Delivered
434,502,2022-02-27,2022-03-05,Surat,Delhivery,Delivered
435,503,2023-05-12,2023-05-13,Lucknow,Ekart,Delivered
436,504,2025-12-07,2025-12-13,Kolkata,BlueDart,Delivered
437,505,2025-12-20,2025-12-22,Nagpur,Ekart,Delivered
438,506,2025-08-26,2025-08-30,Hyderabad,Ekart,Delivered
439,507,2023-01-23,2023-01-26,Delhi,IndiaPost,Delayed
440,508,2025-12-02,2025-12-07,Chennai,Ekart,Delivered
441,509,2022-06-09,2022-06-16,Delhi,Delhivery,Delivered
442,510,2023-09-02,2023-09-08,Chandigarh,BlueDart,Delivered
443,512,2023-09-29,2023-10-05,Lucknow,DTDC,Delivered
444,513,2022-06-12,2022-06-17,Indore,DTDC,Delivered
445,514,2024-08-02,2024-08-09,Indore,Ekart,Delivered
446,515,2024-06-13,2024-06-15,Pune,Ekart,Delivered
447,516,2025-12-10,2025-12-13,Kolkata,BlueDart,Delivered
448,517,2025-02-23,2025-02-24,Jaipur,Delhivery,Delivered
449,518,2025-12-13,2025-12-20,Hyderabad,BlueDart,Delivered
450,519,2024-10-22,2024-10-29,Nagpur,Ekart,Delivered
451,520,2022-09-15,2022-09-17,Surat,Ekart,In Transit
452,521,2022-02-16,2022-02-17,Nagpur,DTDC,Delivered
453,522,2025-12-06,2025-12-08,Kolkata,DTDC,Delivered
454,523,2022-08-01,2022-08-04,Pune,DTDC,Delivered
455,524,2025-08-15,2025-08-17,Kochi,Ekart,Delivered
456,525,2024-11-21,2024-11-23,Lucknow,Delhivery,Delivered
457,527,2022-11-29,2022-12-03,Delhi,DTDC,Delivered
458,529,2024-11-14,2024-11-19,Surat,Delhivery,Delivered
459,530,2025-07-04,2025-07-05,Surat,Ekart,Delivered
460,531,2024-01-22,2024-01-29,Mumbai,IndiaPost,In Transit
461,532,2024-07-29,2024-08-02,Nagpur,Delhivery,Delivered
462,533,2023-10-15,2023-10-19,Kolkata,IndiaPost,Delivered
463,534,2023-08-30,2023-08-31,Indore,Delhivery,Delivered
464,535,2024-06-27,2024-06-29,Jaipur,Ekart,Delivered
465,536,2022-11-27,2022-12-01,Delhi,DTDC,Delivered
466,537,2025-10-01,2025-10-02,Kochi,IndiaPost,Delayed
467,538,2025-12-25,2025-12-26,Kolkata,Ekart,Delivered
468,539,2022-11-02,2022-11-09,Indore,IndiaPost,Delivered
469,540,2025-01-26,2025-01-29,Jaipur,BlueDart,Delivered
470,541,2023-05-13,2023-05-17,Kolkata,BlueDart,Delivered
471,542,2023-08-19,2023-08-24,Nagpur,Delhivery,Delivered
472,544,2023-06-04,2023-06-06,Bengaluru,BlueDart,Delivered
473,547,2022-09-21,2022-09-25,Pune,Delhivery,Delivered
474,548,2022-07-09,2022-07-10,Hyderabad,BlueDart,Delivered
475,549,2025-01-22,2025-01-24,Lucknow,Ekart,Delivered
476,550,2022-08-28,2022-08-29,Chennai,DTDC,In Transit
477,551,2023-10-22,2023-10-24,Kolkata,Delhivery,Delivered
478,552,2025-11-26,2025-11-27,Mumbai,BlueDart,Delivered
479,553,2022-03-15,2022-03-19,Kochi,Ekart,Delivered
480,554,2024-01-25,2024-01-26,Lucknow,DTDC,Delivered
481,555,2024-03-11,2024-03-12,Bengaluru,DTDC,Delivered
482,556,2025-12-20,2025-12-24,Delhi,DTDC,Delayed
483,558,2024-02-16,2024-02-19,Indore,BlueDart,In Transit
484,560,2022-03-01,2022-03-05,Hyderabad,Delhivery,Delivered
485,561,2025-04-02,2025-04-04,Nagpur,BlueDart,Delivered
486,562,2024-04-11,2024-04-17,Delhi,IndiaPost,Delivered
487,563,2022-01-11,2022-01-16,Indore,Ekart,In Transit
488,565,2022-12-05,2022-12-10,Surat,Ekart,In Transit
489,566,2025-07-24,2025-07-31,Delhi,IndiaPost,Delivered
490,567,2023-06-08,2023-06-09,Jaipur,Ekart,Delivered
491,568,2023-06-30,2023-07-03,Ahmedabad,Delhivery,Delivered
492,569,2023-12-08,2023-12-12,Indore,BlueDart,Delivered
493,570,2022-08-01,2022-08-07,Indore,DTDC,Delivered
494,571,2025-12-10,2025-12-12,Ahmedabad,BlueDart,Delivered
495,572,2022-12-08,2022-12-12,Surat,IndiaPost,Delivered
496,573,2023-05-22,2023-05-26,Delhi,Ekart,Delivered
497,574,2023-02-13,2023-02-20,Chennai,Delhivery,Delivered
498,575,2022-01-16,2022-01-23,Mumbai,Delhivery,In Transit
499,576,2022-11-05,2022-11-07,Hyderabad,Ekart,Delivered
500,578,2023-06-16,2023-06-21,Kolkata,Ekart,Delivered
501,579,2025-11-20,2025-11-24,Lucknow,IndiaPost,Delayed
502,581,2024-05-12,2024-05-17,Kochi,BlueDart,Delivered
503,582,2025-06-09,2025-06-14,Ahmedabad,BlueDart,Delivered
504,583,2025-11-27,2025-12-03,Indore,IndiaPost,Delivered
505,584,2025-09-20,2025-09-26,Mumbai,Ekart,Delayed
506,585,2022-08-29,2022-09-04,Bengaluru,Delhivery,In Transit
507,586,2024-09-23,2024-09-26,Hyderabad,Delhivery,Delivered
508,587,2025-02-15,2025-02-20,Ahmedabad,BlueDart,Delivered
509,588,2024-04-09,2024-04-12,Kochi,BlueDart,Delivered
510,589,2025-07-06,2025-07-11,Mumbai,BlueDart,Delivered
511,590,2024-08-24,2024-08-28,Mumbai,DTDC,Delivered
512,591,2022-10-11,2022-10-16,Surat,BlueDart,Delivered
513,592,2024-12-11,2024-12-12,Indore,BlueDart,Delayed
514,593,2024-04-01,2024-04-02,Kolkata,DTDC,Delivered
515,594,2023-05-09,2023-05-12,Indore,IndiaPost,Delivered
516,596,2024-07-29,2024-08-04,Pune,Ekart,Delivered
517,597,2022-12-20,2022-12-25,Bengaluru,Delhivery,Delivered
518,598,2024-04-17,2024-04-21,Ahmedabad,BlueDart,Delivered
519,599,2025-01-30,2025-02-04,Indore,DTDC,Delivered
520,600,2022-01-05,2022-01-06,Mumbai,BlueDart,In Transit
521,601,2022-02-13,2022-02-20,Lucknow,IndiaPost,Delivered
522,602,2024-11-16,2024-11-22,Surat,DTDC,Delayed
523,603,2025-12-19,2025-12-22,Indore,IndiaPost,Delivered
524,605,2023-08-10,2023-08-15,Pune,Delhivery,Delivered
525,606,2024-10-25,2024-10-26,Kolkata,Ekart,Delivered
526,607,2023-09-23,2023-09-28,Indore,BlueDart,Delivered
527,608,2024-03-09,2024-03-13,Chennai,BlueDart,Delivered
528,610,2024-01-24,2024-01-26,Nagpur,IndiaPost,Delivered
529,611,2025-05-01,2025-05-06,Mumbai,Ekart,Delivered
530,613,2023-03-25,2023-03-26,Chennai,IndiaPost,Delivered
531,614,2025-12-03,2025-12-09,Hyderabad,Ekart,Delivered
532,615,2023-02-08,2023-02-15,Chennai,Delhivery,Delivered
533,616,2024-01-24,2024-01-28,Chandigarh,Ekart,Delivered
534,617,2024-08-09,2024-08-14,Jaipur,DTDC,Delivered
535,619,2023-09-24,2023-09-30,Hyderabad,Ekart,Delivered
536,620,2023-08-16,2023-08-19,Kolkata,IndiaPost,Delivered
537,621,2025-05-18,2025-05-20,Pune,Delhivery,Delivered
538,622,2025-03-18,2025-03-23,Nagpur,Delhivery,Delivered
539,623,2024-11-27,2024-12-02,Nagpur,BlueDart,Delayed
540,625,2023-11-11,2023-11-16,Hyderabad,BlueDart,Delivered
541,626,2024-10-11,2024-10-18,Kolkata,DTDC,Delivered
542,627,2025-06-15,2025-06-16,Indore,Delhivery,Delivered
543,628,2024-04-01,2024-04-02,Indore,DTDC,Delivered
544,629,2025-02-26,2025-03-03,Jaipur,IndiaPost,Delivered
545,630,2025-09-01,2025-09-08,Jaipur,Delhivery,Delivered
546,631,2022-11-05,2022-11-11,Hyderabad,IndiaPost,Delivered
547,632,2024-08-04,2024-08-09,Kolkata,BlueDart,Delivered
548,633,2025-09-29,2025-10-05,Chandigarh,Delhivery,Delivered
549,635,2024-04-28,2024-05-01,Mumbai,BlueDart,Delivered
550,636,2025-11-15,2025-11-22,Bengaluru,Ekart,Delivered
551,637,2025-06-16,2025-06-17,Lucknow,Ekart,Delivered
552,638,2025-12-19,2025-12-22,Mumbai,Ekart,Delivered
553,640,2025-09-14,2025-09-19,Chandigarh,IndiaPost,Delivered
554,641,2024-07-10,2024-07-11,Hyderabad,IndiaPost,Delivered
555,642,2023-05-20,2023-05-21,Mumbai,Delhivery,Delayed
556,644,2025-03-14,2025-03-16,Pune,DTDC,Delivered
557,645,2023-04-22,2023-04-24,Delhi,Ekart,Delivered
558,646,2022-07-31,2022-08-06,Chennai,DTDC,Delivered
559,647,2023-03-06,2023-03-09,Kochi,IndiaPost,Delivered
560,648,2024-06-02,2024-06-07,Bengaluru,DTDC,Delivered
561,649,2025-03-23,2025-03-28,Indore,IndiaPost,In Transit
562,650,2025-03-01,2025-03-07,Surat,Delhivery,Delivered
563,651,2023-03-21,2023-03-24,Kolkata,Delhivery,Delivered
564,652,2022-07-25,2022-07-26,Ahmedabad,Ekart,In Transit
565,653,2025-04-15,2025-04-19,Mumbai,Delhivery,Delivered
566,654,2024-08-13,2024-08-20,Pune,IndiaPost,Delivered
567,655,2022-03-17,2022-03-21,Kochi,DTDC,Delivered
568,656,2023-04-03,2023-04-04,Delhi,IndiaPost,Delayed
569,657,2025-05-09,2025-05-13,Surat,DTDC,Delayed
570,658,2024-01-20,2024-01-25,Indore,Delhivery,Delivered
571,659,2022-10-15,2022-10-21,Pune,Delhivery,Delivered
572,660,2024-09-06,2024-09-09,Kochi,Delhivery,Delayed
573,661,2024-03-08,2024-03-09,Hyderabad,BlueDart,Delivered
574,662,2022-03-09,2022-03-11,Nagpur,Delhivery,Delivered
575,663,2024-05-29,2024-06-01,Nagpur,IndiaPost,Delivered
576,664,2022-06-19,2022-06-21,Nagpur,DTDC,Delivered
577,667,2025-01-26,2025-01-31,Kochi,Delhivery,Delivered
578,668,2022-08-02,2022-08-04,Chandigarh,DTDC,Delivered
579,669,2025-02-04,2025-02-09,Mumbai,IndiaPost,In Transit
580,670,2024-04-09,2024-04-16,Lucknow,BlueDart,Delivered
581,671,2024-07-24,2024-07-26,Pune,IndiaPost,Delivered
582,673,2025-06-25,2025-06-30,Chandigarh,BlueDart,Delivered
583,675,2022-04-04,2022-04-05,Nagpur,IndiaPost,Delivered
584,676,2025-10-08,2025-10-15,Lucknow,DTDC,Delivered
585,677,2025-06-02,2025-06-03,Bengaluru,Delhivery,Delayed
586,678,2024-06-12,2024-06-15,Chennai,Delhivery,Delivered
587,679,2024-09-16,2024-09-22,Kolkata,BlueDart,Delivered
588,680,2024-10-02,2024-10-09,Indore,DTDC,In Transit
589,681,2022-11-01,2022-11-05,Jaipur,BlueDart,Delivered
590,682,2022-03-12,2022-03-14,Hyderabad,Delhivery,Delivered
591,683,2023-01-05,2023-01-09,Jaipur,BlueDart,Delivered
592,684,2023-04-13,2023-04-19,Mumbai,IndiaPost,Delivered
593,685,2024-04-27,2024-04-29,Kolkata,Ekart,Delivered
594,686,2022-11-04,2022-11-09,Chandigarh,BlueDart,Delivered
595,687,2022-08-13,2022-08-16,Indore,BlueDart,Delayed
596,688,2025-11-24,2025-11-29,Chennai,Ekart,In Transit
597,689,2024-12-23,2024-12-27,Bengaluru,DTDC,Delivered
598,690,2024-11-25,2024-11-26,Mumbai,BlueDart,Delivered
599,691,2024-04-17,2024-04-19,Ahmedabad,Delhivery,Delivered
600,692,2022-09-20,2022-09-24,Pune,IndiaPost,Delivered
601,693,2023-02-06,2023-02-07,Nagpur,IndiaPost,Delivered
602,694,2022-08-28,2022-08-30,Delhi,IndiaPost,Delivered
603,695,2024-12-15,2024-12-21,Delhi,BlueDart,Delivered
604,696,2024-02-15,2024-02-19,Lucknow,Delhivery,Delivered
605,697,2025-12-20,2025-12-27,Hyderabad,IndiaPost,Delivered
606,699,2023-08-29,2023-09-01,Mumbai,Delhivery,Delivered
607,700,2025-05-09,2025-05-14,Mumbai,Ekart,Delivered
608,701,2023-05-14,2023-05-17,Surat,Ekart,Delivered
609,702,2023-02-27,2023-03-02,Chennai,IndiaPost,In Transit
610,703,2025-12-06,2025-12-11,Jaipur,Ekart,Delivered
611,704,2024-04-06,2024-04-11,Kochi,Delhivery,Delivered
612,705,2022-04-04,2022-04-05,Indore,DTDC,Delivered
613,706,2025-02-14,2025-02-17,Delhi,BlueDart,Delivered
614,707,2024-10-15,2024-10-22,Nagpur,Delhivery,Delivered
615,708,2024-04-04,2024-04-09,Jaipur,DTDC,Delivered
616,709,2023-01-08,2023-01-10,Delhi,DTDC,In Transit
617,711,2024-01-10,2024-01-15,Surat,Ekart,Delivered
618,713,2024-12-03,2024-12-07,Jaipur,DTDC,Delayed
619,714,2022-11-12,2022-11-18,Nagpur,Delhivery,Delivered
620,715,2025-12-22,2025-12-26,Lucknow,BlueDart,Delivered
621,716,2022-07-14,2022-07-19,Kochi,IndiaPost,Delivered
622,717,2025-06-30,2025-07-06,Hyderabad,Delhivery,Delivered
623,718,2025-03-27,2025-04-02,Delhi,DTDC,Delivered
624,720,2024-09-21,2024-09-25,Jaipur,Ekart,Delivered
625,722,2022-07-12,2022-07-14,Hyderabad,Ekart,Delivered
626,723,2023-08-03,2023-08-04,Chennai,Ekart,Delivered
627,724,2024-12-10,2024-12-16,Kochi,DTDC,Delivered
628,725,2023-10-02,2023-10-07,Hyderabad,Ekart,In Transit
629,726,2024-12-24,2024-12-29,Nagpur,DTDC,Delivered
630,727,2023-01-09,2023-01-12,Surat,IndiaPost,In Transit
631,729,2024-01-16,2024-01-21,Hyderabad,DTDC,Delivered
632,730,2024-08-14,2024-08-18,Pune,DTDC,Delivered
633,731,2024-11-07,2024-11-14,Bengaluru,DTDC,Delivered
634,732,2024-12-10,2024-12-17,Nagpur,BlueDart,Delivered
635,733,2023-02-04,2023-02-07,Kochi,IndiaPost,Delayed
636,734,2024-10-08,2024-10-10,Kolkata,Delhivery,Delivered
637,736,2022-06-10,2022-06-12,Chennai,Ekart,Delivered
638,737,2025-08-02,2025-08-06,Mumbai,Ekart,Delivered
639,738,2025-08-18,2025-08-21,Nagpur,Delhivery,Delivered
640,739,2023-06-15,2023-06-18,Kolkata,Delhivery,Delivered
641,740,2023-03-21,2023-03-24,Lucknow,IndiaPost,Delivered
642,741,2024-12-11,2024-12-15,Lucknow,BlueDart,Delivered
643,742,2023-12-22,2023-12-29,Pune,DTDC,Delivered
644,744,2023-08-20,2023-08-21,Lucknow,Delhivery,Delivered
645,745,2023-03-24,2023-03-27,Kolkata,Ekart,Delayed
646,746,2025-03-24,2025-03-26,Chennai,Delhivery,Delivered
647,747,2025-10-29,2025-11-03,Chennai,Delhivery,Delayed
648,748,2025-07-24,2025-07-29,Jaipur,IndiaPost,Delivered
649,749,2023-06-24,2023-07-01,Chennai,Delhivery,Delivered
650,751,2023-01-11,2023-01-16,Kochi,Ekart,Delivered
651,752,2023-11-17,2023-11-22,Kochi,DTDC,Delivered
652,753,2022-07-15,2022-07-17,Indore,DTDC,In Transit
653,754,2025-05-11,2025-05-12,Surat,Delhivery,Delivered
654,755,2022-01-21,2022-01-24,Nagpur,Ekart,Delivered
655,756,2023-07-04,2023-07-11,Mumbai,Ekart,Delivered
656,758,2022-09-22,2022-09-28,Chandigarh,DTDC,Delivered
657,759,2024-11-04,2024-11-11,Pune,Delhivery,Delivered
658,760,2024-10-27,2024-10-28,Bengaluru,Ekart,Delayed
659,761,2023-10-10,2023-10-13,Chandigarh,Delhivery,Delivered
660,762,2022-01-13,2022-01-18,Bengaluru,DTDC,In Transit
661,764,2022-03-04,2022-03-06,Chandigarh,Delhivery,Delivered
662,765,2022-12-01,2022-12-08,Nagpur,Delhivery,Delivered
663,766,2022-02-16,2022-02-17,Chandigarh,DTDC,Delivered
664,770,2022-11-06,2022-11-13,Chandigarh,Delhivery,Delivered
665,771,2024-11-21,2024-11-25,Chennai,DTDC,Delayed
666,772,2023-12-05,2023-12-08,Chandigarh,Delhivery,Delivered
667,773,2023-05-15,2023-05-16,Chennai,IndiaPost,Delivered
668,776,2023-11-14,2023-11-19,Kolkata,Ekart,Delivered
669,777,2023-03-08,2023-03-09,Kolkata,Delhivery,Delivered
670,778,2024-07-14,2024-07-16,Indore,IndiaPost,Delivered
671,780,2022-02-06,2022-02-11,Lucknow,IndiaPost,Delivered
672,782,2025-09-12,2025-09-14,Pune,DTDC,In Transit
673,783,2024-07-11,2024-07-15,Bengaluru,IndiaPost,Delivered
674,784,2024-10-04,2024-10-08,Chennai,Ekart,Delivered
675,785,2023-11-28,2023-11-29,Indore,IndiaPost,Delivered
676,786,2023-02-22,2023-03-01,Kolkata,Delhivery,Delivered
677,787,2022-01-17,2022-01-24,Pune,BlueDart,Delivered
678,788,2022-11-22,2022-11-26,Chennai,Delhivery,Delivered
679,789,2025-06-16,2025-06-18,Surat,IndiaPost,Delivered
680,790,2025-02-06,2025-02-13,Nagpur,BlueDart,Delivered
681,791,2022-04-12,2022-04-16,Jaipur,Delhivery,Delivered
682,792,2022-03-31,2022-04-06,Chennai,Ekart,Delivered
683,793,2023-09-01,2023-09-08,Surat,BlueDart,Delivered
684,794,2024-11-15,2024-11-16,Pune,IndiaPost,Delivered
685,795,2024-09-12,2024-09-16,Bengaluru,Ekart,Delivered
686,796,2024-08-08,2024-08-10,Jaipur,BlueDart,Delivered
687,799,2025-12-12,2025-12-18,Pune,BlueDart,Delivered
688,800,2025-09-02,2025-09-06,Bengaluru,IndiaPost,Delivered
689,801,2025-04-11,2025-04-13,Surat,IndiaPost,In Transit
690,802,2024-03-06,2024-03-12,Surat,DTDC,Delivered
691,803,2022-10-28,2022-10-30,Indore,BlueDart,Delivered
692,804,2024-08-17,2024-08-18,Kolkata,IndiaPost,Delivered
693,805,2025-12-30,2026-01-02,Jaipur,BlueDart,Delivered
694,807,2023-10-29,2023-11-05,Bengaluru,Delhivery,Delivered
695,808,2023-12-25,2023-12-31,Nagpur,Ekart,Delivered
696,809,2024-05-19,2024-05-21,Hyderabad,Ekart,Delivered
697,810,2022-08-08,2022-08-11,Chandigarh,IndiaPost,Delivered
698,811,2024-01-26,2024-02-01,Hyderabad,Delhivery,Delivered
699,812,2023-12-15,2023-12-16,Pune,DTDC,Delivered
700,813,2023-01-18,2023-01-21,Delhi,BlueDart,Delayed
701,814,2025-12-25,2025-12-26,Ahmedabad,DTDC,Delivered
702,815,2022-09-23,2022-09-25,Hyderabad,DTDC,Delivered
703,816,2022-06-08,2022-06-14,Hyderabad,IndiaPost,Delivered
704,817,2024-04-14,2024-04-15,Lucknow,IndiaPost,Delivered
705,818,2022-08-20,2022-08-23,Chandigarh,Delhivery,Delayed
706,819,2022-01-15,2022-01-18,Indore,IndiaPost,Delivered
707,820,2022-11-12,2022-11-17,Jaipur,IndiaPost,Delivered
708,821,2024-07-30,2024-07-31,Nagpur,IndiaPost,Delivered
709,823,2024-04-22,2024-04-29,Kochi,BlueDart,Delivered
710,824,2024-11-11,2024-11-15,Jaipur,Ekart,Delivered
711,825,2022-04-21,2022-04-22,Jaipur,IndiaPost,Delivered
712,826,2023-10-08,2023-10-15,Pune,DTDC,Delivered
713,827,2022-01-07,2022-01-10,Chandigarh,IndiaPost,Delivered
714,828,2024-07-20,2024-07-21,Ahmedabad,Ekart,Delayed
715,829,2025-07-13,2025-07-19,Kolkata,DTDC,In Transit
716,830,2024-08-28,2024-08-30,Jaipur,IndiaPost,Delayed
717,831,2024-12-19,2024-12-23,Pune,Ekart,Delivered
718,832,2024-12-20,2024-12-27,Surat,Ekart,Delayed
719,833,2022-03-12,2022-03-13,Lucknow,BlueDart,Delivered
720,834,2022-03-10,2022-03-15,Ahmedabad,BlueDart,In Transit
721,835,2024-01-19,2024-01-21,Delhi,BlueDart,Delivered
722,836,2025-12-24,2025-12-31,Kochi,IndiaPost,In Transit
723,837,2023-08-01,2023-08-08,Surat,Ekart,Delivered
724,838,2024-08-07,2024-08-11,Mumbai,BlueDart,Delivered
725,839,2023-04-06,2023-04-08,Pune,Delhivery,Delayed
726,840,2025-01-10,2025-01-14,Mumbai,IndiaPost,Delivered
727,841,2023-05-01,2023-05-08,Lucknow,IndiaPost,Delivered
728,842,2025-05-27,2025-05-30,Bengaluru,BlueDart,Delayed
729,843,2025-08-11,2025-08-18,Nagpur,DTDC,Delivered
730,844,2025-12-14,2025-12-17,Kolkata,BlueDart,Delivered
731,845,2024-10-17,2024-10-20,Jaipur,DTDC,Delayed
732,847,2022-02-10,2022-02-15,Chandigarh,Ekart,Delivered
733,849,2022-04-11,2022-04-14,Chennai,BlueDart,Delivered
734,850,2022-04-14,2022-04-20,Chandigarh,DTDC,Delivered
735,851,2022-07-26,2022-07-31,Chennai,DTDC,Delivered
736,852,2023-02-21,2023-02-28,Ahmedabad,BlueDart,Delivered
737,854,2025-09-19,2025-09-20,Delhi,IndiaPost,Delivered
738,855,2023-06-29,2023-07-01,Jaipur,BlueDart,Delayed
739,856,2024-10-15,2024-10-17,Surat,Ekart,Delivered
740,857,2025-06-30,2025-07-07,Hyderabad,IndiaPost,Delivered
741,858,2022-09-12,2022-09-16,Nagpur,IndiaPost,Delivered
742,861,2025-02-11,2025-02-14,Pune,IndiaPost,Delivered
743,862,2024-09-04,2024-09-07,Mumbai,BlueDart,Delivered
744,865,2022-09-19,2022-09-20,Hyderabad,Ekart,Delivered
745,867,2024-09-16,2024-09-18,Surat,IndiaPost,Delayed
746,868,2025-11-27,2025-12-04,Indore,IndiaPost,Delivered
747,869,2024-07-31,2024-08-05,Bengaluru,BlueDart,Delivered
748,870,2025-04-27,2025-05-02,Bengaluru,BlueDart,Delivered
749,871,2024-08-01,2024-08-04,Bengaluru,Delhivery,Delivered
750,872,2023-07-13,2023-07-17,Indore,IndiaPost,Delivered
751,873,2025-06-29,2025-07-04,Mumbai,IndiaPost,Delivered
752,874,2024-12-10,2024-12-11,Chandigarh,IndiaPost,In Transit
753,875,2022-08-21,2022-08-25,Mumbai,Delhivery,Delivered
754,876,2024-10-20,2024-10-27,Nagpur,Ekart,Delivered
755,877,2023-10-26,2023-10-30,Hyderabad,BlueDart,Delivered
756,878,2025-06-30,2025-07-03,Jaipur,DTDC,Delivered
757,879,2023-04-16,2023-04-22,Nagpur,IndiaPost,Delivered
758,880,2022-04-15,2022-04-18,Delhi,Delhivery,Delivered
759,882,2023-11-25,2023-11-30,Ahmedabad,DTDC,Delivered
760,884,2024-11-28,2024-12-04,Jaipur,Delhivery,Delivered
761,885,2023-11-07,2023-11-14,Indore,Delhivery,Delivered
762,887,2024-11-19,2024-11-20,Delhi,Ekart,Delivered
763,888,2022-09-05,2022-09-07,Ahmedabad,Delhivery,Delayed
764,891,2025-09-30,2025-10-07,Chandigarh,Delhivery,Delivered
765,892,2023-10-07,2023-10-08,Pune,BlueDart,Delivered
766,893,2023-04-28,2023-05-05,Surat,DTDC,Delivered
767,894,2022-12-25,2022-12-29,Bengaluru,BlueDart,Delivered
768,895,2023-06-03,2023-06-07,Bengaluru,Delhivery,Delivered
769,896,2024-03-01,2024-03-06,Surat,IndiaPost,Delivered
770,897,2025-08-03,2025-08-08,Hyderabad,DTDC,Delivered
771,898,2023-08-23,2023-08-25,Kochi,BlueDart,Delayed
772,899,2022-10-24,2022-10-29,Jaipur,DTDC,Delivered
773,901,2025-09-10,2025-09-16,Ahmedabad,DTDC,Delivered
774,903,2025-08-27,2025-09-02,Mumbai,IndiaPost,Delivered
775,904,2022-06-15,2022-06-18,Kochi,DTDC,Delivered
776,905,2025-12-21,2025-12-26,Delhi,IndiaPost,Delivered
777,906,2023-08-03,2023-08-09,Ahmedabad,BlueDart,Delivered
778,907,2024-04-29,2024-04-30,Lucknow,BlueDart,Delivered
779,908,2024-01-07,2024-01-11,Hyderabad,BlueDart,Delivered
780,909,2022-05-19,2022-05-26,Mumbai,IndiaPost,Delivered
781,910,2025-12-13,2025-12-14,Pune,IndiaPost,Delivered
782,911,2024-05-30,2024-06-06,Bengaluru,Ekart,Delivered
783,912,2023-05-02,2023-05-03,Kochi,Delhivery,Delivered
784,913,2023-02-12,2023-02-17,Surat,Ekart,Delayed
785,914,2025-06-28,2025-07-04,Hyderabad,DTDC,Delivered
786,915,2022-11-27,2022-12-02,Hyderabad,DTDC,Delivered
787,916,2022-08-04,2022-08-11,Ahmedabad,Delhivery,Delivered
788,917,2022-02-08,2022-02-10,Kolkata,DTDC,Delivered
789,918,2025-12-18,2025-12-22,Hyderabad,DTDC,Delivered
790,919,2022-05-09,2022-05-11,Nagpur,BlueDart,Delivered
791,921,2024-10-11,2024-10-15,Lucknow,BlueDart,Delivered
792,922,2024-01-12,2024-01-17,Lucknow,BlueDart,Delivered
793,924,2025-10-28,2025-11-04,Kochi,IndiaPost,Delivered
794,925,2025-05-15,2025-05-19,Kolkata,DTDC,In Transit
795,926,2024-09-04,2024-09-07,Indore,BlueDart,Delivered
796,929,2024-11-10,2024-11-16,Pune,IndiaPost,Delayed
797,932,2022-03-11,2022-03-12,Hyderabad,Delhivery,Delivered
798,933,2024-11-23,2024-11-26,Hyderabad,BlueDart,Delivered
799,934,2025-11-07,2025-11-13,Indore,BlueDart,Delivered
800,935,2022-03-17,2022-03-24,Hyderabad,Ekart,Delivered
801,936,2022-12-05,2022-12-06,Mumbai,DTDC,Delivered
802,937,2022-01-19,2022-01-21,Mumbai,Ekart,Delivered
803,938,2022-12-24,2022-12-25,Chandigarh,BlueDart,Delivered
804,939,2022-02-18,2022-02-20,Chennai,Ekart,Delivered
805,940,2025-11-25,2025-11-27,Surat,BlueDart,Delivered
806,941,2022-01-31,2022-02-07,Chandigarh,IndiaPost,Delivered
807,942,2023-08-26,2023-08-29,Surat,DTDC,Delivered
808,943,2024-09-17,2024-09-20,Nagpur,Ekart,Delivered
809,945,2022-08-05,2022-08-12,Surat,BlueDart,Delivered
810,946,2022-10-08,2022-10-13,Bengaluru,IndiaPost,Delivered
811,947,2024-11-12,2024-11-16,Chennai,Ekart,In Transit
812,948,2022-02-14,2022-02-21,Ahmedabad,BlueDart,Delivered
813,949,2024-02-20,2024-02-26,Kochi,Ekart,Delayed
814,950,2023-02-26,2023-02-28,Bengaluru,Delhivery,Delivered
815,951,2022-02-25,2022-02-27,Surat,DTDC,Delivered
816,952,2025-04-10,2025-04-15,Nagpur,IndiaPost,Delivered
817,953,2023-09-27,2023-10-01,Kolkata,Ekart,Delivered
818,954,2024-01-20,2024-01-25,Nagpur,IndiaPost,Delayed
819,955,2024-04-20,2024-04-22,Mumbai,DTDC,Delivered
820,956,2024-06-19,2024-06-23,Kochi,Ekart,Delayed
821,959,2023-11-21,2023-11-28,Pune,DTDC,Delivered
822,960,2023-08-28,2023-09-03,Nagpur,DTDC,Delivered
823,961,2024-03-12,2024-03-15,Chandigarh,Ekart,Delivered
824,962,2024-11-12,2024-11-17,Pune,IndiaPost,Delivered
825,963,2024-10-16,2024-10-21,Indore,Ekart,Delivered
826,964,2022-07-28,2022-08-02,Hyderabad,DTDC,Delivered
827,965,2023-12-29,2024-01-03,Lucknow,Ekart,Delivered
828,966,2025-06-14,2025-06-18,Hyderabad,DTDC,Delayed
829,967,2025-12-19,2025-12-23,Surat,BlueDart,Delivered
830,968,2022-05-01,2022-05-06,Kolkata,BlueDart,Delivered
831,969,2022-11-13,2022-11-16,Lucknow,DTDC,Delivered
832,971,2024-11-04,2024-11-10,Kolkata,DTDC,Delivered
833,972,2025-09-11,2025-09-12,Chennai,BlueDart,Delayed
834,973,2025-11-01,2025-11-05,Lucknow,Delhivery,Delivered
835,974,2022-03-06,2022-03-09,Hyderabad,BlueDart,Delayed
836,975,2022-06-14,2022-06-19,Ahmedabad,Ekart,Delivered
837,976,2024-12-13,2024-12-19,Hyderabad,IndiaPost,Delivered
838,977,2022-10-02,2022-10-04,Nagpur,Ekart,Delivered
839,978,2022-03-28,2022-04-03,Indore,Ekart,Delivered
840,979,2023-02-03,2023-02-10,Hyderabad,Ekart,Delivered
841,980,2024-10-14,2024-10-15,Indore,Ekart,Delivered
842,981,2025-02-13,2025-02-20,Hyderabad,IndiaPost,Delivered
843,982,2023-04-24,2023-04-29,Kochi,Ekart,Delivered
844,985,2022-05-01,2022-05-05,Surat,IndiaPost,Delivered
845,986,2022-11-18,2022-11-19,Indore,IndiaPost,Delayed
846,987,2024-04-26,2024-05-03,Nagpur,BlueDart,In Transit
847,989,2022-04-28,2022-05-04,Kolkata,Ekart,In Transit
848,990,2023-03-31,2023-04-01,Lucknow,Delhivery,Delivered
849,991,2025-12-05,2025-12-09,Indore,BlueDart,In Transit
850,992,2023-11-20,2023-11-23,Chennai,Delhivery,Delivered
851,993,2025-06-29,2025-07-01,Kochi,BlueDart,Delivered
852,994,2023-09-26,2023-10-01,Ahmedabad,Ekart,In Transit
853,995,2023-02-19,2023-02-23,Hyderabad,IndiaPost,Delayed
854,996,2025-02-12,2025-02-16,Pune,BlueDart,Delivered
855,998,2024-03-22,2024-03-26,Jaipur,DTDC,Delivered
856,1000,2023-03-12,2023-03-16,Chandigarh,Ekart,Delayed
857,1001,2022-10-31,2022-11-03,Surat,BlueDart,Delivered
858,1002,2024-03-17,2024-03-22,Hyderabad,IndiaPost,Delayed
859,1003,2025-10-01,2025-10-04,Ahmedabad,DTDC,Delivered
860,1004,2024-03-08,2024-03-11,Kochi,IndiaPost,Delivered
861,1005,2023-09-19,2023-09-26,Hyderabad,DTDC,Delivered
862,1006,2022-01-04,2022-01-11,Jaipur,Delhivery,In Transit
863,1007,2025-12-01,2025-12-07,Kolkata,BlueDart,Delivered
864,1008,2025-07-30,2025-08-02,Nagpur,DTDC,Delivered
865,1009,2025-01-03,2025-01-05,Pune,Delhivery,Delivered
866,1010,2022-03-31,2022-04-05,Pune,BlueDart,Delivered
867,1011,2023-05-07,2023-05-12,Pune,Delhivery,Delivered
868,1012,2025-07-30,2025-08-01,Lucknow,Delhivery,In Transit
869,1013,2022-01-14,2022-01-16,Delhi,Ekart,Delivered
870,1014,2023-08-19,2023-08-21,Kolkata,DTDC,Delayed
871,1015,2022-05-13,2022-05-14,Surat,BlueDart,Delivered
872,1016,2023-03-01,2023-03-05,Jaipur,Delhivery,Delivered
873,1018,2022-10-11,2022-10-15,Delhi,Delhivery,Delivered
874,1019,2025-09-28,2025-10-05,Kolkata,DTDC,Delivered
875,1021,2024-08-28,2024-09-04,Indore,Ekart,Delivered
876,1022,2024-10-22,2024-10-27,Delhi,IndiaPost,Delivered
877,1023,2024-01-16,2024-01-18,Delhi,BlueDart,Delivered
878,1025,2025-11-09,2025-11-11,Chandigarh,Delhivery,Delivered
879,1026,2025-10-24,2025-10-30,Chennai,Ekart,Delivered
880,1027,2024-04-30,2024-05-02,Chandigarh,DTDC,In Transit
881,1028,2022-02-11,2022-02-18,Delhi,Delhivery,Delivered
882,1030,2025-03-12,2025-03-13,Surat,DTDC,Delivered
883,1031,2023-06-04,2023-06-07,Lucknow,DTDC,Delivered
884,1032,2024-10-26,2024-11-02,Delhi,BlueDart,Delivered
885,1033,2023-02-22,2023-02-25,Surat,BlueDart,In Transit
886,1034,2022-04-07,2022-04-10,Kochi,Ekart,Delivered
887,1035,2022-09-22,2022-09-29,Kochi,Delhivery,Delivered
888,1036,2024-01-14,2024-01-19,Delhi,BlueDart,Delayed
889,1037,2025-05-26,2025-05-28,Pune,IndiaPost,Delivered
890,1038,2024-10-11,2024-10-13,Lucknow,IndiaPost,In Transit
891,1039,2025-10-17,2025-10-22,Surat,Delhivery,Delayed
892,1040,2022-07-26,2022-08-02,Bengaluru,BlueDart,Delivered
893,1041,2023-07-18,2023-07-23,Pune,IndiaPost,Delivered
894,1042,2024-05-20,2024-05-25,Delhi,Delhivery,Delivered
895,1043,2024-12-04,2024-12-06,Delhi,Delhivery,Delivered
896,1044,2025-01-09,2025-01-14,Indore,Delhivery,Delivered
897,1045,2023-09-02,2023-09-08,Pune,DTDC,Delivered
898,1046,2024-11-23,2024-11-26,Lucknow,Ekart,Delivered
899,1047,2025-06-24,2025-06-28,Chandigarh,DTDC,Delivered
900,1048,2022-09-24,2022-09-30,Mumbai,Delhivery,Delayed
901,1049,2024-09-03,2024-09-07,Pune,DTDC,Delivered
902,1050,2024-03-10,2024-03-13,Nagpur,IndiaPost,Delivered
903,1052,2022-05-01,2022-05-08,Kolkata,Delhivery,Delivered
904,1053,2022-11-20,2022-11-23,Delhi,Delhivery,Delivered
905,1054,2024-07-03,2024-07-09,Ahmedabad,Delhivery,Delivered
906,1055,2025-05-21,2025-05-24,Chandigarh,Ekart,In Transit
907,1057,2023-01-07,2023-01-13,Lucknow,Ekart,Delivered
908,1058,2025-05-11,2025-05-18,Indore,DTDC,Delivered
909,1059,2023-03-18,2023-03-19,Kochi,Delhivery,Delivered
910,1060,2022-07-11,2022-07-12,Lucknow,DTDC,Delivered
911,1061,2024-06-24,2024-06-28,Bengaluru,IndiaPost,Delivered
912,1062,2024-09-15,2024-09-19,Ahmedabad,DTDC,Delivered
913,1063,2022-01-30,2022-02-04,Mumbai,DTDC,Delivered
914,1064,2024-09-03,2024-09-08,Chandigarh,DTDC,Delivered
915,1065,2023-07-18,2023-07-21,Chandigarh,DTDC,Delayed
916,1066,2025-10-06,2025-10-07,Nagpur,BlueDart,Delivered
917,1067,2023-02-24,2023-02-28,Chandigarh,Ekart,Delivered
918,1068,2024-04-23,2024-04-27,Kochi,DTDC,Delivered
919,1070,2023-12-27,2024-01-02,Chandigarh,Delhivery,Delivered
920,1071,2024-05-31,2024-06-03,Pune,DTDC,Delivered
921,1072,2023-03-28,2023-04-01,Kolkata,DTDC,Delayed
922,1073,2025-08-02,2025-08-05,Lucknow,Ekart,Delayed
923,1074,2022-06-30,2022-07-01,Mumbai,Ekart,Delivered
924,1075,2025-01-08,2025-01-10,Kochi,IndiaPost,Delivered
925,1076,2022-11-18,2022-11-22,Lucknow,IndiaPost,Delivered
926,1077,2023-03-31,2023-04-07,Mumbai,IndiaPost,Delivered
927,1078,2025-04-01,2025-04-08,Bengaluru,BlueDart,Delivered
928,1079,2024-02-12,2024-02-14,Lucknow,DTDC,Delivered
929,1080,2024-09-28,2024-10-04,Mumbai,DTDC,Delivered
930,1081,2025-10-30,2025-11-04,Chennai,BlueDart,Delivered
931,1082,2023-12-26,2023-12-29,Nagpur,IndiaPost,Delivered
932,1084,2022-06-28,2022-07-03,Ahmedabad,Delhivery,Delivered
933,1085,2022-02-26,2022-02-28,Surat,Ekart,Delivered
934,1086,2023-02-21,2023-02-27,Indore,IndiaPost,Delivered
935,1087,2022-03-05,2022-03-12,Lucknow,Ekart,Delivered
936,1088,2024-03-21,2024-03-24,Bengaluru,Delhivery,Delivered
937,1089,2023-01-13,2023-01-14,Chennai,Delhivery,Delivered
938,1090,2025-06-30,2025-07-01,Pune,DTDC,Delivered
939,1091,2025-03-25,2025-03-30,Delhi,IndiaPost,Delivered
940,1092,2023-03-12,2023-03-13,Mumbai,IndiaPost,Delayed
941,1093,2022-05-29,2022-06-02,Hyderabad,BlueDart,Delivered
942,1094,2025-07-06,2025-07-13,Kolkata,DTDC,Delivered
943,1095,2024-12-02,2024-12-03,Pune,IndiaPost,Delivered
944,1096,2024-02-08,2024-02-15,Delhi,Delhivery,In Transit
945,1097,2025-12-27,2026-01-03,Indore,DTDC,Delivered
946,1098,2025-03-02,2025-03-08,Bengaluru,DTDC,Delivered
947,1100,2024-04-24,2024-04-29,Chandigarh,IndiaPost,Delivered
948,1101,2024-11-04,2024-11-09,Chennai,Ekart,Delivered
949,1102,2023-11-25,2023-11-28,Hyderabad,IndiaPost,Delivered
950,1103,2022-06-04,2022-06-05,Pune,Delhivery,Delivered
951,1104,2024-10-01,2024-10-04,Ahmedabad,DTDC,Delivered
952,1105,2024-10-05,2024-10-08,Pune,Delhivery,Delivered
953,1106,2024-11-11,2024-11-12,Delhi,IndiaPost,Delivered
954,1107,2022-12-09,2022-12-15,Kolkata,IndiaPost,Delivered
955,1108,2023-05-01,2023-05-08,Kolkata,IndiaPost,Delivered
956,1109,2022-02-26,2022-03-04,Nagpur,BlueDart,Delivered
957,1110,2022-05-17,2022-05-21,Ahmedabad,DTDC,Delivered
958,1111,2022-04-11,2022-04-18,Mumbai,DTDC,Delivered
959,1112,2025-09-10,2025-09-11,Mumbai,Delhivery,Delivered
960,1113,2025-07-24,2025-07-31,Chandigarh,DTDC,Delivered
961,1114,2023-07-17,2023-07-24,Ahmedabad,Delhivery,Delayed
962,1115,2022-03-03,2022-03-06,Chennai,IndiaPost,Delivered
963,1116,2024-08-14,2024-08-21,Surat,Ekart,Delayed
964,1117,2022-11-29,2022-11-30,Kolkata,Delhivery,Delivered
965,1118,2025-04-21,2025-04-27,Indore,IndiaPost,Delivered
966,1119,2024-07-29,2024-08-05,Chennai,DTDC,Delivered
967,1120,2022-02-04,2022-02-11,Indore,Delhivery,Delivered
968,1121,2024-12-19,2024-12-26,Bengaluru,Ekart,Delivered
969,1122,2025-10-18,2025-10-22,Ahmedabad,DTDC,Delivered
970,1123,2025-09-18,2025-09-22,Ahmedabad,Ekart,Delivered
971,1124,2023-10-01,2023-10-06,Lucknow,Delhivery,Delivered
972,1125,2024-03-26,2024-03-30,Bengaluru,IndiaPost,Delivered
973,1126,2024-04-03,2024-04-05,Bengaluru,IndiaPost,Delivered
974,1127,2024-01-16,2024-01-17,Mumbai,Delhivery,Delayed
975,1128,2025-03-25,2025-03-31,Hyderabad,Delhivery,Delivered
976,1129,2022-06-16,2022-06-22,Nagpur,DTDC,Delivered
977,1130,2024-01-24,2024-01-27,Chennai,BlueDart,Delivered
978,1131,2025-06-06,2025-06-13,Bengaluru,Ekart,Delivered
979,1133,2024-08-10,2024-08-13,Pune,Ekart,Delivered
980,1134,2025-11-08,2025-11-11,Kolkata,DTDC,Delivered
981,1135,2022-02-24,2022-03-01,Pune,DTDC,Delivered
982,1136,2024-02-27,2024-03-04,Mumbai,Ekart,Delivered
983,1137,2024-05-03,2024-05-10,Kolkata,BlueDart,Delivered
984,1138,2024-07-04,2024-07-09,Kochi,BlueDart,Delivered
985,1139,2024-03-03,2024-03-10,Ahmedabad,Ekart,Delivered
986,1140,2022-08-09,2022-08-15,Mumbai,IndiaPost,Delivered
987,1141,2023-06-05,2023-06-06,Bengaluru,Ekart,In Transit
988,1142,2024-05-01,2024-05-04,Lucknow,Ekart,Delayed
989,1144,2022-05-09,2022-05-11,Pune,Delhivery,Delivered
990,1145,2022-01-31,2022-02-01,Delhi,BlueDart,Delivered
991,1146,2024-01-27,2024-02-02,Mumbai,DTDC,Delivered
992,1147,2024-08-22,2024-08-25,Hyderabad,Delhivery,Delivered
993,1148,2024-10-18,2024-10-19,Delhi,Ekart,Delivered
994,1149,2024-06-09,2024-06-11,Indore,Ekart,Delivered
995,1151,2023-04-30,2023-05-05,Chandigarh,Ekart,Delivered
996,1152,2023-09-22,2023-09-29,Hyderabad,Ekart,Delivered
997,1153,2024-10-22,2024-10-28,Delhi,IndiaPost,Delivered
998,1155,2024-10-26,2024-10-29,Ahmedabad,Ekart,Delivered
999,1156,2022-03-19,2022-03-23,Indore,Delhivery,Delayed
1000,1158,2023-08-18,2023-08-24,Bengaluru,Ekart,Delivered
1001,1159,2022-11-20,2022-11-21,Lucknow,BlueDart,Delayed
1002,1160,2023-11-04,2023-11-05,Indore,BlueDart,Delivered
1003,1161,2022-05-06,2022-05-08,Ahmedabad,IndiaPost,In Transit
1004,1162,2025-02-21,2025-02-22,Kochi,DTDC,Delivered
1005,1163,2023-10-20,2023-10-21,Chandigarh,IndiaPost,Delivered
1006,1164,2022-05-27,2022-06-02,Ahmedabad,Ekart,Delivered
1007,1165,2022-10-18,2022-10-24,Ahmedabad,IndiaPost,Delivered
1008,1166,2024-10-14,2024-10-20,Nagpur,DTDC,Delivered
1009,1167,2024-11-06,2024-11-09,Kolkata,Delhivery,Delivered
1010,1168,2024-02-27,2024-03-01,Indore,Ekart,Delivered
1011,1169,2024-05-30,2024-06-02,Bengaluru,DTDC,Delivered
1012,1170,2025-11-03,2025-11-09,Surat,Ekart,Delivered
1013,1171,2024-04-27,2024-05-03,Pune,BlueDart,Delivered
1014,1172,2024-10-31,2024-11-07,Hyderabad,IndiaPost,Delivered
1015,1173,2022-04-16,2022-04-19,Chandigarh,Ekart,Delivered
1016,1174,2022-10-07,2022-10-08,Pune,DTDC,Delivered
1017,1175,2023-11-21,2023-11-28,Jaipur,Delhivery,Delivered
1018,1176,2024-06-20,2024-06-23,Indore,Delhivery,Delivered
1019,1177,2025-02-27,2025-03-05,Kolkata,BlueDart,Delivered
1020,1179,2023-04-15,2023-04-18,Pune,Ekart,Delivered
1021,1181,2023-07-20,2023-07-24,Mumbai,Delhivery,Delivered
1022,1182,2022-12-14,2022-12-21,Mumbai,DTDC,Delivered
1023,1184,2024-07-13,2024-07-18,Delhi,BlueDart,Delivered
1024,1185,2022-03-01,2022-03-06,Chennai,Ekart,Delivered
1025,1186,2025-10-10,2025-10-15,Nagpur,Delhivery,Delivered
1026,1187,2025-06-19,2025-06-26,Lucknow,IndiaPost,Delivered
1027,1188,2024-10-28,2024-11-04,Lucknow,Delhivery,Delivered
1028,1190,2023-09-11,2023-09-17,Nagpur,Delhivery,Delivered
1029,1191,2024-01-31,2024-02-01,Surat,Ekart,Delivered
1030,1192,2025-04-18,2025-04-24,Bengaluru,Ekart,Delivered
1031,1193,2025-05-28,2025-06-02,Indore,BlueDart,Delivered
1032,1194,2025-03-08,2025-03-09,Indore,Delhivery,Delivered
1033,1195,2025-05-28,2025-06-01,Delhi,IndiaPost,Delivered
1034,1196,2025-03-16,2025-03-19,Kolkata,Ekart,In Transit
1035,1197,2022-01-22,2022-01-24,Hyderabad,Ekart,Delivered
1036,1198,2024-08-13,2024-08-16,Bengaluru,IndiaPost,Delivered
1037,1199,2024-04-28,2024-05-02,Mumbai,Ekart,Delivered
1038,1200,2024-02-06,2024-02-08,Chennai,DTDC,Delivered
1039,1201,2022-01-19,2022-01-22,Ahmedabad,IndiaPost,Delayed
1040,1202,2023-10-28,2023-10-30,Lucknow,BlueDart,Delivered
1041,1203,2025-01-11,2025-01-14,Delhi,Delhivery,Delivered
1042,1204,2023-02-14,2023-02-16,Surat,BlueDart,Delivered
1043,1205,2023-04-14,2023-04-16,Delhi,Delhivery,Delivered
1044,1207,2022-04-13,2022-04-17,Mumbai,DTDC,Delivered
1045,1208,2023-04-08,2023-04-12,Surat,Ekart,Delivered
1046,1209,2023-12-04,2023-12-06,Lucknow,BlueDart,Delivered
1047,1210,2025-02-11,2025-02-13,Bengaluru,Ekart,Delivered
1048,1213,2022-06-25,2022-06-26,Hyderabad,DTDC,Delivered
1049,1214,2025-02-28,2025-03-01,Surat,Delhivery,Delivered
1050,1215,2023-06-09,2023-06-12,Kolkata,BlueDart,Delivered
1051,1216,2022-02-03,2022-02-10,Bengaluru,Ekart,In Transit
1052,1217,2023-01-20,2023-01-26,Delhi,BlueDart,Delivered
1053,1218,2024-07-31,2024-08-02,Lucknow,IndiaPost,Delivered
1054,1219,2025-01-02,2025-01-08,Ahmedabad,Delhivery,Delivered
1055,1220,2024-09-05,2024-09-07,Delhi,DTDC,Delivered
1056,1223,2022-06-06,2022-06-11,Nagpur,DTDC,Delivered
1057,1225,2022-11-26,2022-11-28,Surat,BlueDart,Delivered
1058,1226,2024-05-10,2024-05-16,Delhi,DTDC,Delivered
1059,1227,2024-11-24,2024-11-25,Chennai,Delhivery,Delivered
1060,1229,2023-10-18,2023-10-19,Pune,Delhivery,Delivered
1061,1230,2024-04-03,2024-04-09,Indore,IndiaPost,In Transit
1062,1231,2024-12-23,2024-12-24,Indore,BlueDart,Delivered
1063,1232,2025-07-15,2025-07-22,Pune,IndiaPost,Delivered
1064,1234,2025-03-04,2025-03-11,Indore,DTDC,Delivered
1065,1235,2025-01-15,2025-01-21,Chennai,DTDC,Delivered
1066,1236,2022-12-06,2022-12-11,Pune,BlueDart,Delayed
1067,1238,2022-11-26,2022-11-29,Kochi,Delhivery,Delivered
1068,1239,2024-11-10,2024-11-15,Ahmedabad,IndiaPost,Delivered
1069,1242,2023-10-18,2023-10-19,Indore,Delhivery,In Transit
1070,1243,2024-05-05,2024-05-11,Kochi,DTDC,Delivered
1071,1244,2025-05-07,2025-05-13,Pune,Ekart,Delivered
1072,1245,2023-06-16,2023-06-21,Ahmedabad,Ekart,Delivered
1073,1246,2024-06-29,2024-07-04,Indore,BlueDart,Delivered
1074,1247,2024-12-27,2025-01-01,Hyderabad,BlueDart,Delivered
1075,1248,2023-10-08,2023-10-15,Delhi,Ekart,Delivered
1076,1249,2024-05-11,2024-05-12,Jaipur,Ekart,Delivered
1077,1250,2022-05-04,2022-05-05,Indore,DTDC,Delivered
1078,1251,2023-03-01,2023-03-08,Chennai,IndiaPost,Delayed
1079,1252,2022-04-21,2022-04-22,Kochi,BlueDart,Delivered
1080,1253,2022-10-02,2022-10-08,Bengaluru,DTDC,Delivered
1081,1254,2023-07-08,2023-07-14,Chandigarh,IndiaPost,Delivered
1082,1255,2025-07-18,2025-07-24,Pune,Delhivery,Delivered
1083,1256,2024-08-21,2024-08-22,Delhi,IndiaPost,Delivered
1084,1257,2024-06-28,2024-06-30,Delhi,DTDC,In Transit
1085,1258,2026-01-01,2026-01-07,Lucknow,Delhivery,Delivered
1086,1259,2023-07-25,2023-08-01,Mumbai,Delhivery,Delivered
1087,1261,2023-09-25,2023-09-29,Kolkata,BlueDart,Delivered
1088,1262,2025-04-11,2025-04-16,Bengaluru,Delhivery,Delivered
1089,1263,2025-01-12,2025-01-13,Jaipur,Delhivery,Delivered
1090,1264,2023-03-10,2023-03-15,Lucknow,DTDC,Delivered
1091,1265,2023-08-17,2023-08-20,Surat,BlueDart,Delivered
1092,1266,2025-02-10,2025-02-11,Nagpur,IndiaPost,Delivered
1093,1267,2023-03-01,2023-03-05,Lucknow,Delhivery,Delivered
1094,1268,2025-08-28,2025-09-01,Ahmedabad,Delhivery,Delivered
1095,1269,2025-11-14,2025-11-19,Delhi,Ekart,Delivered
1096,1270,2024-01-16,2024-01-17,Hyderabad,IndiaPost,Delayed
1097,1271,2025-06-15,2025-06-21,Nagpur,Ekart,In Transit
1098,1272,2022-04-02,2022-04-05,Jaipur,DTDC,Delivered
1099,1273,2025-06-10,2025-06-15,Kolkata,Ekart,Delivered
1100,1274,2022-10-04,2022-10-10,Surat,IndiaPost,Delivered
1101,1275,2023-08-14,2023-08-16,Mumbai,Ekart,Delivered
1102,1276,2023-06-30,2023-07-02,Chandigarh,DTDC,Delivered
1103,1277,2022-02-03,2022-02-08,Indore,Delhivery,Delivered
1104,1278,2025-08-03,2025-08-09,Ahmedabad,Delhivery,Delivered
1105,1279,2023-04-26,2023-05-03,Hyderabad,DTDC,Delivered
1106,1280,2025-02-26,2025-03-05,Kolkata,DTDC,Delayed
1107,1282,2022-11-22,2022-11-24,Mumbai,Ekart,Delivered
1108,1283,2022-10-08,2022-10-09,Mumbai,BlueDart,Delivered
1109,1284,2024-01-20,2024-01-27,Hyderabad,DTDC,Delivered
1110,1285,2022-04-07,2022-04-14,Chennai,Delhivery,In Transit
1111,1286,2024-12-11,2024-12-17,Delhi,Ekart,Delivered
1112,1288,2022-04-29,2022-05-04,Ahmedabad,Delhivery,In Transit
1113,1289,2022-09-14,2022-09-17,Jaipur,DTDC,Delivered
1114,1290,2025-03-20,2025-03-24,Chennai,Delhivery,Delivered
1115,1291,2022-01-23,2022-01-27,Pune,IndiaPost,Delivered
1116,1293,2024-02-14,2024-02-15,Bengaluru,IndiaPost,Delivered
1117,1294,2022-08-03,2022-08-10,Hyderabad,IndiaPost,Delivered
1118,1296,2022-01-10,2022-01-16,Chennai,DTDC,Delivered
1119,1297,2025-05-31,2025-06-05,Hyderabad,Ekart,Delayed
1120,1298,2025-09-28,2025-09-29,Pune,IndiaPost,Delivered
1121,1299,2022-11-05,2022-11-12,Kolkata,BlueDart,Delivered
1122,1302,2023-09-18,2023-09-19,Kolkata,Delhivery,Delivered
1123,1306,2023-03-18,2023-03-24,Nagpur,DTDC,Delivered
1124,1307,2024-07-18,2024-07-22,Surat,Delhivery,In Transit
1125,1308,2024-11-04,2024-11-06,Ahmedabad,BlueDart,Delivered
1126,1310,2022-10-22,2022-10-28,Jaipur,Ekart,In Transit
1127,1312,2025-12-18,2025-12-22,Lucknow,Ekart,In Transit
1128,1313,2025-03-06,2025-03-13,Kochi,IndiaPost,Delivered
1129,1314,2024-07-01,2024-07-04,Bengaluru,DTDC,Delivered
1130,1315,2025-05-30,2025-05-31,Jaipur,Delhivery,Delivered
1131,1316,2023-11-08,2023-11-12,Jaipur,Ekart,Delivered
1132,1317,2024-02-08,2024-02-11,Hyderabad,IndiaPost,Delivered
1133,1318,2024-08-03,2024-08-04,Indore,DTDC,In Transit
1134,1319,2023-10-24,2023-10-26,Jaipur,IndiaPost,Delivered
1135,1320,2025-07-26,2025-07-29,Chennai,IndiaPost,Delivered
1136,1321,2022-04-08,2022-04-14,Jaipur,DTDC,Delivered
1137,1322,2023-12-23,2023-12-30,Mumbai,Delhivery,Delivered
1138,1323,2024-08-19,2024-08-21,Indore,IndiaPost,Delivered
1139,1324,2025-11-28,2025-12-05,Pune,DTDC,Delivered
1140,1325,2025-01-27,2025-01-28,Jaipur,DTDC,Delivered
1141,1326,2024-06-17,2024-06-23,Surat,IndiaPost,Delivered
1142,1328,2023-11-20,2023-11-23,Lucknow,Ekart,Delivered
1143,1329,2025-09-01,2025-09-07,Chennai,IndiaPost,Delivered
1144,1330,2022-05-15,2022-05-18,Kolkata,IndiaPost,Delivered
1145,1331,2022-10-05,2022-10-10,Chennai,Ekart,Delivered
1146,1332,2023-04-26,2023-05-02,Surat,Delhivery,Delivered
1147,1333,2025-12-09,2025-12-10,Delhi,Delhivery,Delivered
1148,1334,2023-04-05,2023-04-07,Mumbai,DTDC,Delivered
1149,1335,2023-10-09,2023-10-15,Surat,Delhivery,Delivered
1150,1336,2024-01-16,2024-01-23,Nagpur,Delhivery,Delivered
1151,1337,2022-07-11,2022-07-14,Bengaluru,DTDC,Delivered
1152,1339,2025-08-20,2025-08-25,Lucknow,DTDC,Delivered
1153,1340,2024-01-15,2024-01-21,Mumbai,DTDC,Delivered
1154,1341,2023-05-31,2023-06-04,Chennai,Delhivery,In Transit
1155,1342,2023-07-24,2023-07-27,Chandigarh,IndiaPost,Delivered
1156,1343,2025-10-15,2025-10-19,Chennai,BlueDart,Delayed
1157,1344,2022-01-06,2022-01-13,Surat,Ekart,Delivered
1158,1346,2025-02-09,2025-02-11,Kochi,IndiaPost,Delivered
1159,1347,2022-01-18,2022-01-25,Hyderabad,Delhivery,Delivered
1160,1348,2025-05-30,2025-06-03,Delhi,BlueDart,Delayed
1161,1349,2023-01-30,2023-02-05,Jaipur,Ekart,Delivered
1162,1350,2022-08-19,2022-08-23,Surat,Ekart,Delivered
1163,1351,2025-07-25,2025-07-28,Bengaluru,Ekart,Delivered
1164,1352,2023-06-14,2023-06-20,Surat,BlueDart,Delivered
1165,1353,2024-07-25,2024-07-29,Nagpur,Delhivery,Delayed
1166,1354,2022-01-11,2022-01-15,Pune,DTDC,Delayed
1167,1355,2023-12-27,2024-01-03,Chandigarh,Ekart,Delivered
1168,1357,2024-03-22,2024-03-24,Chennai,Ekart,Delivered
1169,1358,2022-09-24,2022-10-01,Hyderabad,Ekart,Delayed
1170,1359,2025-02-07,2025-02-09,Chennai,BlueDart,Delivered
1171,1360,2024-01-16,2024-01-20,Hyderabad,Ekart,Delivered
1172,1361,2023-10-25,2023-10-30,Chennai,BlueDart,Delayed
1173,1362,2023-07-28,2023-08-04,Hyderabad,Ekart,Delayed
1174,1363,2024-11-12,2024-11-15,Mumbai,Delhivery,Delivered
1175,1365,2022-06-20,2022-06-22,Chennai,DTDC,Delayed
1176,1366,2025-05-28,2025-05-30,Jaipur,DTDC,Delivered
1177,1369,2025-03-17,2025-03-23,Lucknow,DTDC,Delivered
1178,1370,2025-08-09,2025-08-14,Chennai,DTDC,Delivered
1179,1371,2024-05-26,2024-05-29,Lucknow,BlueDart,Delivered
1180,1372,2025-09-19,2025-09-25,Jaipur,Delhivery,In Transit
1181,1373,2024-08-18,2024-08-24,Indore,IndiaPost,In Transit
1182,1374,2025-06-26,2025-06-29,Mumbai,BlueDart,Delayed
1183,1375,2022-09-30,2022-10-06,Surat,BlueDart,Delivered
1184,1376,2024-10-06,2024-10-10,Kolkata,Delhivery,Delivered
1185,1377,2022-08-09,2022-08-13,Indore,DTDC,Delivered
1186,1378,2025-12-29,2025-12-30,Delhi,BlueDart,Delivered
1187,1380,2024-10-28,2024-11-02,Kolkata,BlueDart,Delayed
1188,1381,2023-05-16,2023-05-23,Bengaluru,IndiaPost,Delivered
1189,1382,2024-04-16,2024-04-23,Chennai,Delhivery,Delivered
1190,1384,2025-07-31,2025-08-06,Chennai,DTDC,Delivered
1191,1385,2024-10-11,2024-10-14,Ahmedabad,Ekart,Delivered
1192,1387,2022-03-05,2022-03-10,Mumbai,IndiaPost,Delivered
1193,1388,2024-09-29,2024-10-06,Jaipur,BlueDart,Delivered
1194,1389,2025-07-20,2025-07-22,Chandigarh,IndiaPost,Delivered
1195,1390,2024-09-19,2024-09-23,Pune,Ekart,Delivered
1196,1392,2022-05-13,2022-05-14,Ahmedabad,Ekart,Delivered
1197,1393,2024-10-16,2024-10-20,Pune,DTDC,Delivered
1198,1394,2024-12-27,2025-01-03,Chennai,BlueDart,Delayed
1199,1395,2022-07-08,2022-07-12,Hyderabad,Ekart,Delivered
1200,1396,2024-11-11,2024-11-13,Surat,Ekart,Delivered
1201,1397,2022-07-04,2022-07-05,Kolkata,Ekart,Delivered
1202,1398,2024-10-22,2024-10-29,Jaipur,Delhivery,Delivered
1203,1399,2025-03-19,2025-03-20,Ahmedabad,Ekart,Delivered
1204,1400,2022-07-11,2022-07-15,Pune,BlueDart,Delivered
1205,1401,2023-09-03,2023-09-06,Kolkata,IndiaPost,Delayed
1206,1402,2025-06-04,2025-06-05,Jaipur,BlueDart,Delivered
1207,1403,2024-06-23,2024-06-26,Mumbai,BlueDart,Delivered
1208,1404,2024-04-03,2024-04-05,Chennai,BlueDart,Delivered
1209,1405,2025-12-30,2026-01-05,Mumbai,Delhivery,Delayed
1210,1406,2023-02-05,2023-02-12,Lucknow,IndiaPost,In Transit
1211,1407,2024-06-23,2024-06-24,Surat,Ekart,Delivered
1212,1408,2024-08-29,2024-09-03,Surat,IndiaPost,Delivered
1213,1409,2025-11-27,2025-11-29,Pune,IndiaPost,Delayed
1214,1410,2023-06-22,2023-06-25,Pune,Delhivery,Delivered
1215,1411,2023-08-14,2023-08-19,Ahmedabad,Delhivery,Delivered
1216,1412,2025-07-04,2025-07-06,Nagpur,DTDC,Delivered
1217,1413,2024-01-18,2024-01-21,Ahmedabad,Delhivery,Delivered
1218,1415,2025-01-25,2025-02-01,Nagpur,IndiaPost,In Transit
1219,1416,2025-05-10,2025-05-11,Hyderabad,BlueDart,Delivered
1220,1417,2023-07-22,2023-07-27,Nagpur,BlueDart,Delivered
1221,1418,2023-12-26,2023-12-31,Ahmedabad,Delhivery,Delivered
1222,1419,2022-02-22,2022-02-27,Jaipur,Ekart,Delivered
1223,1420,2025-10-27,2025-10-31,Nagpur,DTDC,In Transit
1224,1421,2024-12-25,2024-12-29,Nagpur,DTDC,Delayed
1225,1422,2023-03-27,2023-03-29,Nagpur,BlueDart,Delivered
1226,1423,2023-02-11,2023-02-14,Delhi,Ekart,Delivered
1227,1424,2022-06-03,2022-06-05,Surat,IndiaPost,Delivered
1228,1425,2023-08-14,2023-08-20,Mumbai,IndiaPost,Delivered
1229,1426,2025-07-23,2025-07-24,Kochi,Ekart,Delivered
1230,1427,2024-05-25,2024-05-29,Hyderabad,DTDC,Delivered
1231,1429,2023-04-21,2023-04-28,Kolkata,BlueDart,Delivered
1232,1431,2023-06-22,2023-06-23,Delhi,Delhivery,Delivered
1233,1432,2025-08-05,2025-08-09,Surat,DTDC,Delivered
1234,1433,2024-02-27,2024-02-28,Surat,BlueDart,Delayed
1235,1434,2024-11-29,2024-12-01,Kochi,IndiaPost,Delivered
1236,1435,2022-09-17,2022-09-24,Hyderabad,DTDC,Delivered
1237,1436,2025-04-23,2025-04-25,Chennai,DTDC,Delivered
1238,1437,2024-01-17,2024-01-21,Kolkata,Ekart,Delivered
1239,1438,2023-01-14,2023-01-20,Nagpur,DTDC,Delivered
1240,1439,2022-04-24,2022-04-28,Mumbai,Delhivery,In Transit
1241,1440,2024-10-30,2024-11-04,Ahmedabad,DTDC,Delivered
1242,1441,2024-10-29,2024-10-30,Pune,BlueDart,Delivered
1243,1442,2025-04-05,2025-04-11,Bengaluru,Ekart,Delivered
1244,1443,2024-10-27,2024-11-03,Hyderabad,IndiaPost,In Transit
1245,1444,2025-08-11,2025-08-17,Hyderabad,Ekart,Delivered
1246,1446,2022-10-30,2022-11-02,Mumbai,IndiaPost,Delivered
1247,1447,2023-12-21,2023-12-28,Chennai,BlueDart,Delivered
1248,1448,2024-06-26,2024-07-02,Ahmedabad,Ekart,Delivered
1249,1450,2023-02-06,2023-02-13,Hyderabad,IndiaPost,Delivered
1250,1451,2024-07-18,2024-07-25,Chennai,Ekart,Delivered
1251,1453,2023-01-13,2023-01-18,Pune,Delhivery,Delivered
1252,1454,2023-04-02,2023-04-08,Bengaluru,Ekart,Delivered
1253,1455,2025-03-06,2025-03-10,Nagpur,IndiaPost,Delivered
1254,1456,2024-05-21,2024-05-22,Ahmedabad,Ekart,In Transit
1255,1457,2024-01-01,2024-01-08,Lucknow,BlueDart,Delivered
1256,1458,2025-10-02,2025-10-03,Lucknow,DTDC,Delivered
1257,1459,2025-06-15,2025-06-22,Lucknow,DTDC,Delivered
1258,1461,2022-11-11,2022-11-16,Chandigarh,Ekart,Delivered
1259,1462,2025-10-27,2025-10-31,Nagpur,Ekart,In Transit
1260,1463,2023-04-19,2023-04-21,Nagpur,Delhivery,Delivered
1261,1464,2022-03-29,2022-03-31,Surat,BlueDart,Delivered
1262,1465,2025-10-30,2025-11-06,Jaipur,BlueDart,Delivered
1263,1466,2024-11-02,2024-11-04,Surat,IndiaPost,Delivered
1264,1467,2024-11-12,2024-11-17,Nagpur,BlueDart,Delivered
1265,1468,2023-08-31,2023-09-03,Chandigarh,BlueDart,In Transit
1266,1469,2025-12-10,2025-12-14,Chandigarh,Delhivery,Delivered
1267,1470,2025-02-02,2025-02-06,Pune,DTDC,Delayed
1268,1471,2024-06-16,2024-06-21,Pune,DTDC,Delivered
1269,1472,2024-03-26,2024-03-31,Ahmedabad,Ekart,Delivered
1270,1473,2023-10-30,2023-10-31,Nagpur,IndiaPost,Delivered
1271,1474,2024-10-22,2024-10-28,Jaipur,BlueDart,Delivered
1272,1476,2023-11-22,2023-11-26,Lucknow,IndiaPost,Delayed
1273,1477,2022-06-30,2022-07-04,Delhi,Delhivery,Delivered
1274,1478,2024-05-31,2024-06-01,Delhi,BlueDart,Delivered
1275,1479,2024-04-28,2024-05-01,Kolkata,DTDC,Delivered
1276,1481,2025-05-21,2025-05-26,Kolkata,IndiaPost,Delivered
1277,1482,2025-10-06,2025-10-10,Kolkata,Ekart,Delivered
1278,1483,2024-06-14,2024-06-17,Indore,DTDC,Delivered
1279,1485,2024-12-28,2025-01-01,Lucknow,IndiaPost,Delivered
1280,1487,2024-08-24,2024-08-28,Ahmedabad,BlueDart,Delivered
1281,1488,2025-06-20,2025-06-22,Indore,Ekart,Delivered
1282,1489,2022-11-15,2022-11-16,Ahmedabad,Delhivery,Delivered
1283,1490,2024-11-04,2024-11-09,Jaipur,Ekart,In Transit
1284,1491,2024-07-26,2024-07-27,Hyderabad,IndiaPost,Delayed
1285,1492,2022-05-30,2022-06-06,Chandigarh,Delhivery,Delivered
1286,1493,2025-05-21,2025-05-27,Nagpur,IndiaPost,Delivered
1287,1494,2023-02-28,2023-03-07,Bengaluru,IndiaPost,In Transit
1288,1497,2025-11-21,2025-11-25,Mumbai,Ekart,Delivered
1289,1498,2023-05-20,2023-05-25,Kochi,BlueDart,Delivered
1290,1499,2023-04-28,2023-04-30,Chennai,Delhivery,Delivered
1291,1500,2022-10-23,2022-10-25,Kochi,DTDC,Delivered
1292,1501,2022-07-23,2022-07-26,Kochi,Delhivery,Delayed
1293,1503,2023-12-28,2023-12-31,Jaipur,DTDC,Delivered
1294,1504,2022-12-02,2022-12-08,Delhi,Ekart,Delivered
1295,1505,2025-11-07,2025-11-13,Mumbai,DTDC,Delivered
1296,1506,2022-11-14,2022-11-16,Kochi,Ekart,Delivered
1297,1508,2024-08-03,2024-08-09,Ahmedabad,DTDC,Delivered
1298,1509,2025-10-23,2025-10-27,Ahmedabad,IndiaPost,Delivered
1299,1510,2023-10-01,2023-10-02,Lucknow,BlueDart,Delivered
1300,1511,2022-12-22,2022-12-23,Indore,Ekart,Delivered
1301,1513,2023-01-21,2023-01-25,Ahmedabad,Delhivery,Delivered
1302,1514,2024-10-22,2024-10-24,Indore,DTDC,Delivered
1303,1516,2023-03-06,2023-03-09,Nagpur,BlueDart,Delivered
1304,1517,2022-04-22,2022-04-25,Delhi,BlueDart,Delivered
1305,1518,2022-08-29,2022-08-30,Ahmedabad,DTDC,Delivered
1306,1519,2024-09-01,2024-09-06,Lucknow,BlueDart,Delivered
1307,1520,2025-09-25,2025-09-29,Kochi,Delhivery,Delivered
1308,1521,2023-11-14,2023-11-15,Bengaluru,BlueDart,Delivered
1309,1522,2024-06-04,2024-06-11,Chandigarh,IndiaPost,Delivered
1310,1523,2024-12-15,2024-12-19,Surat,DTDC,In Transit
1311,1524,2024-01-21,2024-01-23,Kolkata,IndiaPost,Delivered
1312,1525,2023-01-28,2023-02-03,Chandigarh,BlueDart,Delivered
1313,1526,2025-10-19,2025-10-25,Chandigarh,BlueDart,Delayed
1314,1527,2025-12-12,2025-12-17,Mumbai,BlueDart,Delayed
1315,1528,2022-05-17,2022-05-19,Mumbai,Ekart,Delivered
1316,1529,2024-01-18,2024-01-24,Lucknow,Delhivery,Delivered
1317,1530,2023-10-15,2023-10-16,Pune,BlueDart,Delivered
1318,1531,2022-01-16,2022-01-20,Chandigarh,DTDC,Delivered
1319,1532,2025-08-26,2025-08-31,Chennai,Delhivery,Delivered
1320,1533,2022-07-06,2022-07-09,Pune,Delhivery,Delivered
1321,1534,2022-05-12,2022-05-17,Indore,Ekart,Delivered
1322,1535,2022-11-02,2022-11-08,Kolkata,Ekart,In Transit
1323,1536,2025-11-13,2025-11-18,Pune,Delhivery,Delivered
1324,1537,2023-08-21,2023-08-25,Nagpur,Ekart,Delivered
1325,1538,2024-05-23,2024-05-24,Indore,Delhivery,Delivered
1326,1539,2022-04-25,2022-04-30,Kolkata,Ekart,Delivered
1327,1540,2025-11-12,2025-11-14,Chennai,IndiaPost,Delivered
1328,1541,2024-06-06,2024-06-10,Lucknow,Ekart,In Transit
1329,1542,2025-08-31,2025-09-04,Surat,DTDC,Delivered
1330,1543,2025-11-04,2025-11-06,Lucknow,Ekart,Delivered
1331,1544,2022-01-29,2022-01-30,Chandigarh,IndiaPost,Delivered
1332,1545,2023-08-06,2023-08-11,Hyderabad,Delhivery,Delivered
1333,1546,2025-09-02,2025-09-03,Bengaluru,DTDC,In Transit
1334,1547,2024-01-08,2024-01-11,Lucknow,Delhivery,Delivered
1335,1549,2022-02-07,2022-02-08,Pune,Delhivery,Delivered
1336,1550,2025-03-15,2025-03-22,Chennai,BlueDart,Delivered
1337,1551,2023-02-25,2023-03-02,Surat,Ekart,Delivered
1338,1552,2025-07-28,2025-07-31,Kochi,Delhivery,Delayed
1339,1553,2022-08-31,2022-09-01,Kochi,Ekart,Delivered
1340,1554,2025-11-16,2025-11-18,Pune,DTDC,Delivered
1341,1555,2022-12-26,2022-12-27,Chennai,IndiaPost,Delivered
1342,1556,2023-09-27,2023-10-03,Kolkata,Delhivery,Delivered
1343,1557,2024-09-12,2024-09-15,Indore,Ekart,Delivered
1344,1558,2023-12-03,2023-12-06,Indore,BlueDart,Delivered
1345,1559,2025-05-28,2025-05-31,Jaipur,DTDC,Delivered
1346,1561,2025-07-29,2025-08-05,Chennai,DTDC,Delivered
1347,1562,2024-02-05,2024-02-11,Chennai,IndiaPost,In Transit
1348,1563,2023-03-10,2023-03-13,Ahmedabad,Delhivery,Delivered
1349,1564,2024-08-30,2024-09-01,Surat,DTDC,Delivered
1350,1565,2025-06-20,2025-06-22,Mumbai,DTDC,Delivered
1351,1566,2022-10-17,2022-10-24,Chennai,BlueDart,Delivered
1352,1567,2025-07-04,2025-07-05,Surat,BlueDart,Delivered
1353,1570,2023-06-30,2023-07-03,Kochi,Delhivery,Delivered
1354,1571,2024-09-28,2024-10-03,Ahmedabad,Ekart,Delivered
1355,1572,2022-09-25,2022-10-02,Pune,BlueDart,Delayed
1356,1573,2024-11-12,2024-11-19,Surat,BlueDart,Delivered
1357,1575,2022-03-11,2022-03-18,Delhi,Delhivery,Delivered
1358,1576,2024-06-01,2024-06-04,Surat,DTDC,Delivered
1359,1577,2025-05-05,2025-05-06,Jaipur,Delhivery,Delivered
1360,1578,2024-08-13,2024-08-16,Chandigarh,DTDC,Delivered
1361,1579,2022-01-30,2022-02-06,Chennai,DTDC,Delivered
1362,1580,2024-09-06,2024-09-11,Ahmedabad,Delhivery,Delivered
1363,1583,2025-12-08,2025-12-10,Chennai,Ekart,Delivered
1364,1585,2023-01-17,2023-01-21,Hyderabad,Ekart,Delivered
1365,1586,2024-03-18,2024-03-22,Kochi,IndiaPost,Delivered
1366,1587,2023-04-05,2023-04-10,Kolkata,BlueDart,Delivered
1367,1588,2023-07-12,2023-07-19,Bengaluru,BlueDart,Delivered
1368,1589,2023-08-25,2023-09-01,Lucknow,DTDC,Delivered
1369,1590,2025-01-03,2025-01-09,Chennai,BlueDart,In Transit
1370,1591,2023-08-02,2023-08-05,Jaipur,IndiaPost,Delivered
1371,1592,2025-05-18,2025-05-22,Chandigarh,IndiaPost,Delivered
1372,1593,2025-02-16,2025-02-22,Kochi,BlueDart,Delivered
1373,1594,2023-11-25,2023-11-29,Hyderabad,DTDC,Delivered
1374,1595,2023-07-17,2023-07-23,Nagpur,DTDC,Delivered
1375,1596,2024-08-25,2024-08-29,Indore,Ekart,Delivered
1376,1597,2023-08-23,2023-08-26,Surat,BlueDart,Delivered
1377,1598,2025-10-31,2025-11-01,Kochi,IndiaPost,Delivered
1378,1599,2022-06-30,2022-07-03,Chennai,BlueDart,Delayed
1379,1600,2025-03-30,2025-04-04,Indore,BlueDart,Delivered
1380,1601,2025-09-15,2025-09-16,Pune,BlueDart,Delivered
1381,1602,2022-11-14,2022-11-17,Mumbai,BlueDart,Delivered
1382,1603,2025-08-01,2025-08-02,Chennai,Delhivery,Delivered
1383,1604,2022-11-01,2022-11-08,Mumbai,Ekart,Delivered
1384,1607,2023-06-03,2023-06-05,Kolkata,BlueDart,Delivered
1385,1608,2025-04-01,2025-04-08,Bengaluru,Delhivery,Delivered
1386,1609,2023-03-13,2023-03-16,Ahmedabad,Delhivery,In Transit
1387,1610,2022-08-18,2022-08-25,Pune,DTDC,Delivered
1388,1611,2024-01-19,2024-01-23,Delhi,IndiaPost,Delivered
1389,1612,2023-08-03,2023-08-05,Chennai,Ekart,Delivered
1390,1613,2024-03-09,2024-03-10,Kolkata,Delhivery,Delivered
1391,1614,2023-11-21,2023-11-24,Delhi,IndiaPost,Delivered
1392,1615,2025-12-22,2025-12-27,Kolkata,DTDC,Delivered
1393,1616,2022-11-26,2022-12-01,Ahmedabad,IndiaPost,Delivered
1394,1617,2025-04-07,2025-04-08,Chennai,DTDC,Delivered
1395,1618,2025-07-28,2025-07-31,Ahmedabad,Delhivery,Delivered
1396,1619,2025-11-19,2025-11-26,Hyderabad,DTDC,Delivered
1397,1620,2023-12-30,2024-01-03,Kochi,DTDC,Delivered
1398,1621,2024-05-10,2024-05-15,Chennai,BlueDart,Delivered
1399,1622,2025-11-07,2025-11-12,Chennai,Delhivery,Delivered
1400,1623,2022-05-07,2022-05-12,Kochi,Delhivery,Delivered
1401,1624,2023-09-24,2023-09-25,Kolkata,Delhivery,In Transit
1402,1626,2025-08-02,2025-08-09,Kochi,BlueDart,Delivered
1403,1627,2025-02-09,2025-02-12,Nagpur,BlueDart,Delivered
1404,1629,2023-08-13,2023-08-17,Pune,DTDC,Delivered
1405,1630,2023-05-14,2023-05-21,Delhi,BlueDart,Delivered
1406,1631,2024-04-01,2024-04-08,Lucknow,Ekart,Delivered
1407,1632,2023-07-25,2023-07-28,Kochi,IndiaPost,In Transit
1408,1633,2023-05-09,2023-05-16,Kochi,Ekart,Delivered
1409,1634,2024-12-14,2024-12-21,Pune,IndiaPost,Delivered
1410,1635,2022-04-17,2022-04-20,Lucknow,DTDC,Delivered
1411,1636,2024-02-22,2024-02-23,Mumbai,Ekart,Delivered
1412,1637,2022-06-04,2022-06-05,Bengaluru,BlueDart,Delivered
1413,1639,2022-04-28,2022-05-04,Ahmedabad,Ekart,Delivered
1414,1640,2022-03-05,2022-03-07,Pune,Ekart,Delivered
1415,1641,2024-11-14,2024-11-15,Ahmedabad,Delhivery,Delivered
1416,1642,2025-12-01,2025-12-04,Mumbai,DTDC,Delivered
1417,1643,2024-07-13,2024-07-17,Chennai,BlueDart,Delivered
1418,1644,2025-12-06,2025-12-07,Indore,BlueDart,In Transit
1419,1645,2022-11-25,2022-11-30,Chandigarh,IndiaPost,Delivered
1420,1646,2024-04-07,2024-04-13,Bengaluru,DTDC,Delivered
1421,1648,2023-09-13,2023-09-14,Jaipur,DTDC,Delivered
1422,1649,2025-06-07,2025-06-14,Surat,Delhivery,In Transit
1423,1650,2025-12-11,2025-12-12,Nagpur,DTDC,In Transit
1424,1651,2023-11-03,2023-11-05,Indore,IndiaPost,Delivered
1425,1652,2022-04-29,2022-05-04,Chandigarh,DTDC,Delivered
1426,1653,2023-06-13,2023-06-14,Surat,Ekart,Delivered
1427,1654,2022-04-25,2022-04-30,Hyderabad,IndiaPost,Delivered
1428,1655,2022-04-08,2022-04-09,Surat,Delhivery,Delivered
1429,1657,2024-06-16,2024-06-21,Nagpur,Ekart,Delivered
1430,1658,2023-08-24,2023-08-30,Indore,Delhivery,Delivered
1431,1659,2022-01-13,2022-01-14,Bengaluru,DTDC,Delivered
1432,1661,2022-06-21,2022-06-27,Pune,IndiaPost,Delivered
1433,1662,2022-08-17,2022-08-18,Kochi,DTDC,Delivered
1434,1663,2024-06-15,2024-06-20,Jaipur,BlueDart,Delivered
1435,1666,2024-08-09,2024-08-11,Ahmedabad,Delhivery,Delivered
1436,1667,2023-08-10,2023-08-12,Chennai,IndiaPost,Delivered
1437,1668,2025-10-06,2025-10-07,Surat,BlueDart,Delayed
1438,1669,2024-05-01,2024-05-02,Delhi,Delhivery,Delivered
1439,1670,2025-08-24,2025-08-29,Pune,IndiaPost,Delivered
1440,1671,2023-10-15,2023-10-21,Bengaluru,Delhivery,Delivered
1441,1673,2025-06-23,2025-06-30,Chandigarh,BlueDart,Delivered
1442,1674,2025-06-13,2025-06-19,Kolkata,Ekart,Delivered
1443,1675,2025-08-23,2025-08-30,Mumbai,DTDC,In Transit
1444,1676,2022-01-12,2022-01-14,Bengaluru,BlueDart,Delivered
1445,1677,2025-03-01,2025-03-07,Hyderabad,DTDC,Delivered
1446,1678,2025-10-31,2025-11-06,Pune,Delhivery,Delivered
1447,1679,2023-10-07,2023-10-10,Bengaluru,IndiaPost,Delivered
1448,1680,2022-02-20,2022-02-23,Chandigarh,DTDC,Delivered
1449,1681,2024-10-02,2024-10-09,Indore,DTDC,Delivered
1450,1682,2023-01-06,2023-01-10,Kochi,BlueDart,Delivered
1451,1683,2022-01-07,2022-01-14,Chennai,DTDC,Delivered
1452,1684,2024-01-09,2024-01-11,Chennai,BlueDart,Delivered
1453,1685,2024-08-16,2024-08-22,Hyderabad,Ekart,Delivered
1454,1686,2023-12-10,2023-12-17,Bengaluru,IndiaPost,Delivered
1455,1687,2022-07-09,2022-07-15,Lucknow,Delhivery,In Transit
1456,1688,2023-06-13,2023-06-17,Hyderabad,DTDC,Delivered
1457,1690,2025-03-09,2025-03-10,Kochi,Delhivery,Delivered
1458,1691,2022-06-17,2022-06-24,Chennai,IndiaPost,Delivered
1459,1693,2023-03-31,2023-04-04,Nagpur,BlueDart,Delivered
1460,1694,2025-11-21,2025-11-28,Kolkata,Delhivery,Delivered
1461,1695,2024-02-05,2024-02-07,Indore,Delhivery,Delivered
1462,1696,2023-08-25,2023-08-29,Kochi,IndiaPost,Delivered
1463,1697,2023-05-07,2023-05-12,Indore,Ekart,Delivered
1464,1698,2023-05-06,2023-05-11,Delhi,IndiaPost,Delivered
1465,1699,2023-09-28,2023-10-02,Mumbai,Ekart,Delivered
1466,1700,2022-03-30,2022-04-04,Chandigarh,IndiaPost,Delivered
1467,1701,2023-02-21,2023-02-28,Bengaluru,Ekart,Delivered
1468,1702,2022-10-31,2022-11-07,Indore,IndiaPost,Delivered
1469,1705,2025-11-06,2025-11-12,Kolkata,Ekart,Delivered
1470,1706,2024-03-28,2024-03-31,Bengaluru,Ekart,Delayed
1471,1707,2025-01-21,2025-01-26,Jaipur,IndiaPost,Delivered
1472,1708,2025-10-21,2025-10-24,Mumbai,BlueDart,Delivered
1473,1709,2022-01-19,2022-01-26,Kochi,Ekart,Delivered
1474,1710,2025-01-23,2025-01-27,Chandigarh,Delhivery,In Transit
1475,1711,2025-03-22,2025-03-26,Ahmedabad,BlueDart,Delivered
1476,1712,2022-05-24,2022-05-25,Nagpur,BlueDart,Delivered
1477,1713,2025-02-13,2025-02-14,Indore,Delhivery,Delivered
1478,1714,2024-10-13,2024-10-20,Surat,BlueDart,Delivered
1479,1715,2025-07-28,2025-08-04,Surat,DTDC,Delivered
1480,1716,2022-12-09,2022-12-12,Hyderabad,IndiaPost,Delivered
1481,1717,2025-01-20,2025-01-24,Nagpur,IndiaPost,Delivered
1482,1718,2024-12-18,2024-12-19,Ahmedabad,BlueDart,Delivered
1483,1719,2024-03-02,2024-03-06,Lucknow,DTDC,Delivered
1484,1720,2023-12-06,2023-12-09,Delhi,Ekart,Delivered
1485,1721,2024-07-19,2024-07-23,Lucknow,Ekart,Delivered
1486,1722,2025-06-17,2025-06-21,Delhi,BlueDart,Delivered
1487,1724,2023-03-25,2023-03-28,Nagpur,Delhivery,Delivered
1488,1725,2025-08-18,2025-08-19,Mumbai,DTDC,Delivered
1489,1726,2023-04-11,2023-04-14,Chennai,Delhivery,Delivered
1490,1727,2023-09-19,2023-09-26,Nagpur,DTDC,Delayed
1491,1728,2024-05-27,2024-05-31,Mumbai,BlueDart,Delivered
1492,1730,2023-11-28,2023-11-29,Ahmedabad,BlueDart,Delivered
1493,1731,2022-01-11,2022-01-13,Indore,IndiaPost,Delivered
1494,1732,2024-11-03,2024-11-08,Kochi,IndiaPost,Delivered
1495,1734,2023-06-03,2023-06-06,Delhi,Ekart,Delivered
1496,1735,2023-06-11,2023-06-17,Hyderabad,Ekart,Delivered
1497,1736,2024-06-01,2024-06-06,Jaipur,IndiaPost,Delivered
1498,1737,2024-04-23,2024-04-25,Bengaluru,DTDC,Delivered
1499,1738,2024-10-19,2024-10-24,Pune,DTDC,Delivered
1500,1739,2022-05-24,2022-05-31,Kolkata,DTDC,Delivered
1501,1740,2022-12-05,2022-12-07,Kochi,Ekart,Delayed
1502,1741,2023-04-21,2023-04-22,Surat,Delhivery,Delivered
1503,1742,2025-12-11,2025-12-16,Mumbai,Ekart,Delivered
1504,1743,2025-08-12,2025-08-13,Kolkata,Delhivery,Delivered
1505,1744,2022-09-24,2022-10-01,Chennai,DTDC,Delivered
1506,1745,2024-11-11,2024-11-14,Nagpur,Ekart,Delivered
1507,1746,2023-08-23,2023-08-30,Chandigarh,Delhivery,Delivered
1508,1747,2025-05-24,2025-05-26,Kochi,DTDC,Delivered
1509,1748,2024-12-20,2024-12-21,Bengaluru,DTDC,Delivered
1510,1749,2022-10-29,2022-11-02,Kochi,IndiaPost,Delayed
1511,1752,2022-09-11,2022-09-18,Surat,Delhivery,Delivered
1512,1753,2022-07-15,2022-07-18,Lucknow,DTDC,Delivered
1513,1754,2024-08-10,2024-08-11,Hyderabad,Ekart,Delivered
1514,1755,2024-06-28,2024-07-05,Kolkata,Ekart,Delivered
1515,1756,2022-01-09,2022-01-15,Nagpur,Ekart,In Transit
1516,1757,2025-08-05,2025-08-12,Indore,DTDC,Delivered
1517,1759,2024-01-14,2024-01-20,Chandigarh,BlueDart,Delivered
1518,1760,2024-01-14,2024-01-16,Jaipur,BlueDart,Delivered
1519,1761,2024-09-15,2024-09-17,Nagpur,IndiaPost,Delivered
1520,1762,2023-02-25,2023-02-26,Bengaluru,IndiaPost,Delivered
1521,1763,2024-08-10,2024-08-15,Bengaluru,BlueDart,Delivered
1522,1765,2022-01-13,2022-01-19,Surat,IndiaPost,Delivered
1523,1766,2025-08-25,2025-09-01,Kolkata,Ekart,Delayed
1524,1767,2023-03-03,2023-03-07,Chandigarh,BlueDart,Delivered
1525,1768,2024-11-23,2024-11-27,Surat,BlueDart,Delivered
1526,1770,2023-09-28,2023-10-02,Chennai,Ekart,Delayed
1527,1771,2025-03-22,2025-03-25,Indore,Delhivery,In Transit
1528,1772,2022-10-17,2022-10-24,Nagpur,Ekart,Delayed
1529,1773,2022-01-13,2022-01-20,Jaipur,BlueDart,Delivered
1530,1774,2022-03-06,2022-03-08,Indore,IndiaPost,Delivered
1531,1776,2024-04-17,2024-04-18,Indore,DTDC,Delayed
1532,1777,2023-07-10,2023-07-12,Chennai,BlueDart,Delivered
1533,1778,2024-02-01,2024-02-07,Chandigarh,Delhivery,Delivered
1534,1779,2024-03-20,2024-03-22,Lucknow,Delhivery,Delivered
1535,1781,2024-05-22,2024-05-23,Mumbai,IndiaPost,In Transit
1536,1782,2023-11-16,2023-11-19,Indore,Ekart,Delivered
1537,1783,2024-12-17,2024-12-21,Hyderabad,DTDC,Delivered
1538,1784,2024-02-13,2024-02-15,Jaipur,Ekart,Delivered
1539,1785,2022-04-22,2022-04-29,Pune,IndiaPost,Delivered
1540,1786,2025-09-07,2025-09-10,Indore,IndiaPost,In Transit
1541,1787,2025-03-26,2025-03-31,Chennai,DTDC,Delivered
1542,1788,2022-05-24,2022-05-30,Surat,Delhivery,Delayed
1543,1789,2024-11-26,2024-12-03,Lucknow,BlueDart,Delivered
1544,1791,2026-01-01,2026-01-06,Chennai,Ekart,Delivered
1545,1792,2022-02-02,2022-02-07,Pune,Delhivery,Delivered
1546,1793,2023-11-02,2023-11-05,Ahmedabad,BlueDart,Delivered
1547,1794,2023-08-27,2023-09-03,Chennai,IndiaPost,In Transit
1548,1795,2022-12-12,2022-12-13,Pune,BlueDart,Delivered
1549,1796,2023-04-03,2023-04-07,Lucknow,Ekart,Delivered
1550,1798,2023-12-14,2023-12-21,Ahmedabad,DTDC,Delivered
1551,1799,2022-07-12,2022-07-17,Jaipur,IndiaPost,In Transit
1552,1800,2025-10-22,2025-10-25,Chennai,IndiaPost,Delivered
1553,1801,2025-08-03,2025-08-06,Chandigarh,BlueDart,Delivered
1554,1802,2025-02-15,2025-02-18,Chennai,Delhivery,Delivered
1555,1803,2025-07-01,2025-07-02,Ahmedabad,IndiaPost,Delivered
1556,1804,2022-03-11,2022-03-13,Nagpur,BlueDart,Delivered
1557,1805,2024-04-28,2024-05-02,Delhi,IndiaPost,Delivered
1558,1806,2023-09-16,2023-09-21,Delhi,Ekart,Delivered
1559,1808,2023-03-11,2023-03-17,Surat,BlueDart,Delivered
1560,1809,2025-09-11,2025-09-14,Kolkata,Delhivery,Delivered
1561,1811,2022-07-24,2022-07-31,Nagpur,IndiaPost,Delivered
1562,1812,2022-08-29,2022-09-01,Chandigarh,IndiaPost,Delivered
1563,1813,2022-10-29,2022-11-05,Lucknow,IndiaPost,Delivered
1564,1814,2024-09-17,2024-09-18,Kochi,DTDC,In Transit
1565,1815,2022-02-08,2022-02-14,Jaipur,Delhivery,Delivered
1566,1816,2024-11-29,2024-11-30,Nagpur,BlueDart,Delivered
1567,1818,2025-07-14,2025-07-20,Bengaluru,DTDC,Delivered
1568,1819,2022-10-02,2022-10-05,Chandigarh,Delhivery,Delayed
1569,1820,2024-01-29,2024-02-02,Ahmedabad,BlueDart,Delivered
1570,1821,2024-02-18,2024-02-25,Chennai,Ekart,In Transit
1571,1822,2024-08-27,2024-08-31,Delhi,Ekart,Delivered
1572,1823,2022-06-05,2022-06-10,Chandigarh,DTDC,Delayed
1573,1824,2023-11-10,2023-11-17,Chandigarh,IndiaPost,Delivered
1574,1825,2024-02-26,2024-03-04,Kolkata,IndiaPost,Delivered
1575,1826,2025-11-09,2025-11-11,Mumbai,DTDC,Delivered
1576,1828,2024-12-19,2024-12-20,Kochi,Ekart,Delivered
1577,1829,2024-02-13,2024-02-18,Mumbai,IndiaPost,Delivered
1578,1830,2022-08-06,2022-08-09,Lucknow,Ekart,In Transit
1579,1831,2023-11-15,2023-11-17,Kochi,IndiaPost,Delivered
1580,1833,2022-07-23,2022-07-28,Kolkata,Ekart,Delivered
1581,1834,2024-11-05,2024-11-06,Mumbai,DTDC,Delivered
1582,1835,2024-09-27,2024-10-01,Delhi,BlueDart,Delivered
1583,1836,2022-05-30,2022-06-05,Jaipur,IndiaPost,Delivered
1584,1837,2023-05-08,2023-05-10,Bengaluru,BlueDart,Delivered
1585,1838,2022-03-10,2022-03-13,Nagpur,Ekart,Delivered
1586,1839,2022-09-11,2022-09-16,Ahmedabad,Ekart,Delivered
1587,1840,2022-02-06,2022-02-09,Ahmedabad,Delhivery,Delivered
1588,1841,2025-02-05,2025-02-12,Ahmedabad,BlueDart,Delivered
1589,1842,2024-07-19,2024-07-26,Jaipur,Delhivery,Delivered
1590,1843,2023-10-27,2023-10-28,Lucknow,Delhivery,Delivered
1591,1844,2023-03-18,2023-03-22,Delhi,BlueDart,Delivered
1592,1845,2025-05-08,2025-05-13,Surat,Ekart,Delivered
1593,1846,2025-12-15,2025-12-16,Delhi,BlueDart,Delivered
1594,1847,2023-02-26,2023-02-27,Nagpur,DTDC,Delivered
1595,1848,2022-05-20,2022-05-26,Lucknow,BlueDart,Delivered
1596,1849,2023-05-17,2023-05-18,Chennai,Delhivery,Delivered
1597,1850,2025-04-17,2025-04-19,Hyderabad,DTDC,In Transit
1598,1851,2024-02-26,2024-03-02,Chandigarh,DTDC,Delivered
1599,1852,2025-12-10,2025-12-11,Delhi,IndiaPost,Delivered
1600,1853,2024-09-27,2024-09-28,Ahmedabad,IndiaPost,Delivered
1601,1854,2023-07-05,2023-07-10,Mumbai,DTDC,Delivered
1602,1858,2023-12-18,2023-12-20,Kochi,BlueDart,Delivered
1603,1859,2023-12-29,2023-12-31,Ahmedabad,Ekart,In Transit
1604,1860,2025-10-12,2025-10-18,Chennai,DTDC,Delivered
1605,1861,2022-12-05,2022-12-06,Kolkata,Delhivery,Delivered
1606,1862,2022-06-14,2022-06-20,Chandigarh,IndiaPost,Delivered
1607,1863,2022-10-22,2022-10-28,Bengaluru,DTDC,Delivered
1608,1864,2022-04-13,2022-04-14,Chennai,BlueDart,Delivered
1609,1865,2023-06-05,2023-06-08,Chandigarh,BlueDart,Delivered
1610,1867,2024-10-06,2024-10-12,Delhi,DTDC,Delivered
1611,1868,2022-07-13,2022-07-16,Nagpur,DTDC,Delivered
1612,1869,2023-06-29,2023-06-30,Mumbai,DTDC,Delivered
1613,1870,2025-02-01,2025-02-08,Kochi,BlueDart,Delivered
1614,1871,2025-07-16,2025-07-19,Bengaluru,IndiaPost,Delivered
1615,1872,2025-09-15,2025-09-22,Pune,DTDC,Delivered
1616,1873,2024-09-10,2024-09-14,Surat,IndiaPost,Delivered
1617,1874,2023-06-21,2023-06-24,Indore,DTDC,Delivered
1618,1877,2025-10-31,2025-11-05,Nagpur,Ekart,Delivered
1619,1878,2024-04-20,2024-04-21,Surat,IndiaPost,Delivered
1620,1879,2023-11-26,2023-11-27,Jaipur,BlueDart,Delivered
1621,1880,2025-01-13,2025-01-18,Hyderabad,BlueDart,Delivered
1622,1881,2025-04-30,2025-05-05,Mumbai,DTDC,Delivered
1623,1882,2024-07-29,2024-08-03,Lucknow,IndiaPost,Delivered
1624,1883,2023-09-28,2023-10-03,Indore,Delhivery,Delivered
1625,1884,2025-11-19,2025-11-26,Chandigarh,Ekart,Delivered
1626,1885,2025-05-13,2025-05-14,Nagpur,Ekart,Delivered
1627,1886,2022-12-11,2022-12-14,Nagpur,BlueDart,Delivered
1628,1887,2023-06-29,2023-07-04,Delhi,Delhivery,Delivered
1629,1888,2024-06-28,2024-07-01,Mumbai,IndiaPost,Delivered
1630,1889,2025-10-27,2025-11-03,Kochi,IndiaPost,Delivered
1631,1890,2025-09-17,2025-09-22,Jaipur,DTDC,Delivered
1632,1891,2022-06-05,2022-06-06,Indore,DTDC,Delivered
1633,1892,2025-02-25,2025-02-28,Bengaluru,DTDC,Delivered
1634,1894,2023-12-16,2023-12-22,Kochi,Delhivery,Delayed
1635,1895,2025-01-24,2025-01-25,Mumbai,Ekart,Delayed
1636,1896,2024-01-22,2024-01-24,Chennai,Ekart,Delivered
1637,1897,2025-10-22,2025-10-24,Bengaluru,IndiaPost,Delayed
1638,1898,2025-11-20,2025-11-24,Bengaluru,IndiaPost,Delivered
1639,1899,2023-02-18,2023-02-22,Chennai,Delhivery,Delivered
1640,1900,2022-10-03,2022-10-06,Kochi,DTDC,In Transit
1641,1901,2023-11-28,2023-11-29,Surat,BlueDart,Delivered
1642,1902,2024-04-03,2024-04-06,Jaipur,Delhivery,Delivered
1643,1903,2022-07-17,2022-07-24,Hyderabad,BlueDart,Delivered
1644,1904,2025-04-04,2025-04-07,Ahmedabad,Ekart,Delivered
1645,1905,2024-04-16,2024-04-19,Bengaluru,IndiaPost,Delivered
1646,1906,2024-10-06,2024-10-10,Kochi,BlueDart,Delivered
1647,1907,2025-11-26,2025-12-02,Surat,Delhivery,Delivered
1648,1908,2024-11-13,2024-11-19,Kochi,BlueDart,Delivered
1649,1910,2023-01-14,2023-01-21,Hyderabad,IndiaPost,In Transit
1650,1912,2024-04-30,2024-05-05,Lucknow,DTDC,Delivered
1651,1913,2024-10-03,2024-10-10,Nagpur,Delhivery,Delivered
1652,1914,2025-01-28,2025-01-31,Kolkata,Delhivery,Delivered
1653,1916,2025-12-11,2025-12-14,Hyderabad,IndiaPost,Delivered
1654,1917,2023-08-22,2023-08-25,Kolkata,DTDC,Delivered
1655,1918,2022-06-25,2022-06-30,Mumbai,BlueDart,In Transit
1656,1919,2025-02-27,2025-03-01,Bengaluru,IndiaPost,Delivered
1657,1921,2024-10-13,2024-10-14,Kochi,BlueDart,Delivered
1658,1924,2023-03-16,2023-03-20,Nagpur,DTDC,Delivered
1659,1926,2022-01-08,2022-01-14,Kolkata,Ekart,Delayed
1660,1928,2024-01-06,2024-01-10,Bengaluru,IndiaPost,Delivered
1661,1930,2022-01-07,2022-01-11,Nagpur,IndiaPost,In Transit
1662,1931,2025-07-07,2025-07-11,Mumbai,Ekart,In Transit
1663,1932,2024-02-16,2024-02-20,Bengaluru,Ekart,Delivered
1664,1933,2025-05-15,2025-05-16,Chennai,DTDC,Delivered
1665,1934,2024-07-27,2024-07-30,Lucknow,IndiaPost,Delivered
1666,1936,2024-03-31,2024-04-04,Ahmedabad,Ekart,Delivered
1667,1937,2023-08-16,2023-08-18,Kochi,IndiaPost,Delivered
1668,1938,2022-08-06,2022-08-11,Jaipur,Delhivery,Delivered
1669,1940,2026-01-02,2026-01-07,Pune,IndiaPost,Delivered
1670,1941,2023-01-15,2023-01-21,Mumbai,Delhivery,Delivered
1671,1942,2023-12-17,2023-12-23,Jaipur,DTDC,Delivered
1672,1943,2025-05-28,2025-06-01,Chennai,Delhivery,Delivered
1673,1944,2023-03-25,2023-03-29,Kolkata,BlueDart,Delivered
1674,1945,2022-09-01,2022-09-03,Lucknow,Delhivery,In Transit
1675,1947,2023-07-28,2023-08-04,Pune,Delhivery,Delivered
1676,1948,2024-05-24,2024-05-25,Lucknow,DTDC,In Transit
1677,1950,2023-06-18,2023-06-21,Jaipur,Ekart,Delivered
1678,1951,2023-12-07,2023-12-12,Mumbai,Ekart,Delivered
1679,1952,2024-08-02,2024-08-08,Ahmedabad,BlueDart,In Transit
1680,1953,2025-06-05,2025-06-06,Indore,DTDC,Delivered
1681,1955,2025-09-01,2025-09-08,Delhi,IndiaPost,Delivered
1682,1956,2025-06-09,2025-06-13,Chandigarh,BlueDart,Delivered
1683,1957,2023-01-07,2023-01-11,Mumbai,BlueDart,Delivered
1684,1958,2025-02-24,2025-03-03,Chennai,Ekart,Delivered
1685,1959,2024-04-20,2024-04-21,Kolkata,Delhivery,Delivered
1686,1960,2023-06-04,2023-06-09,Surat,Ekart,Delivered
1687,1961,2024-03-19,2024-03-25,Kochi,DTDC,Delivered
1688,1962,2022-08-01,2022-08-04,Pune,Delhivery,Delivered
1689,1963,2022-03-07,2022-03-11,Bengaluru,Delhivery,Delayed
1690,1964,2024-11-07,2024-11-08,Mumbai,BlueDart,Delivered
1691,1965,2022-02-25,2022-03-04,Pune,Ekart,Delivered
1692,1966,2022-12-15,2022-12-22,Jaipur,IndiaPost,Delivered
1693,1967,2022-09-11,2022-09-16,Delhi,BlueDart,Delivered
1694,1968,2022-07-10,2022-07-17,Pune,IndiaPost,Delivered
1695,1969,2025-06-16,2025-06-20,Surat,DTDC,Delivered
1696,1971,2023-05-19,2023-05-21,Chennai,Delhivery,Delivered
1697,1972,2024-05-26,2024-05-31,Ahmedabad,BlueDart,Delivered
1698,1973,2025-10-17,2025-10-24,Jaipur,DTDC,Delivered
1699,1975,2022-09-14,2022-09-21,Delhi,Delhivery,Delayed
1700,1976,2023-06-13,2023-06-14,Chennai,Ekart,Delayed
1701,1977,2024-02-08,2024-02-15,Hyderabad,Ekart,Delivered
1702,1978,2022-02-19,2022-02-21,Chandigarh,Delhivery,Delivered
1703,1979,2024-06-19,2024-06-20,Mumbai,Ekart,Delivered
1704,1980,2024-02-17,2024-02-18,Ahmedabad,Ekart,Delivered
1705,1981,2022-02-04,2022-02-07,Lucknow,DTDC,Delivered
1706,1982,2023-03-08,2023-03-11,Bengaluru,Ekart,Delivered
1707,1984,2025-06-30,2025-07-02,Kochi,DTDC,Delivered
1708,1985,2025-05-28,2025-06-02,Ahmedabad,BlueDart,Delivered
1709,1987,2024-11-09,2024-11-13,Chandigarh,Delhivery,Delivered
1710,1988,2023-01-04,2023-01-11,Bengaluru,IndiaPost,Delivered
1711,1990,2024-02-14,2024-02-15,Lucknow,BlueDart,Delivered
1712,1991,2024-12-02,2024-12-04,Surat,Delhivery,Delivered
1713,1992,2022-09-17,2022-09-20,Mumbai,BlueDart,Delivered
1714,1993,2025-04-06,2025-04-09,Jaipur,BlueDart,Delivered
1715,1994,2022-11-03,2022-11-07,Chennai,BlueDart,Delivered
1716,1996,2025-10-28,2025-11-01,Chennai,Ekart,Delivered
1717,1997,2024-06-08,2024-06-11,Bengaluru,Delhivery,Delivered
1718,1998,2022-10-05,2022-10-06,Ahmedabad,DTDC,Delivered
1719,1999,2023-01-03,2023-01-04,Nagpur,Ekart,Delivered
1720,2000,2022-05-24,2022-05-25,Mumbai,IndiaPost,Delayed
1721,2001,2025-09-22,2025-09-25,Surat,IndiaPost,Delivered
1722,2002,2023-06-03,2023-06-06,Kolkata,DTDC,Delivered
1723,2003,2024-10-03,2024-10-06,Ahmedabad,BlueDart,Delivered
1724,2004,2022-11-27,2022-11-28,Lucknow,Delhivery,In Transit
1725,2005,2022-04-06,2022-04-10,Surat,Ekart,Delivered
1726,2006,2023-07-11,2023-07-14,Bengaluru,Ekart,Delivered
1727,2007,2022-02-15,2022-02-22,Jaipur,DTDC,Delivered
1728,2009,2022-11-29,2022-12-02,Kochi,BlueDart,Delivered
1729,2010,2022-02-25,2022-02-26,Ahmedabad,Ekart,In Transit
1730,2011,2024-07-03,2024-07-04,Surat,DTDC,Delivered
1731,2012,2022-07-03,2022-07-05,Bengaluru,DTDC,Delivered
1732,2013,2025-07-24,2025-07-26,Hyderabad,IndiaPost,Delivered
1733,2014,2022-12-27,2022-12-31,Surat,BlueDart,Delivered
1734,2016,2024-08-10,2024-08-13,Lucknow,BlueDart,Delivered
1735,2017,2022-08-06,2022-08-07,Bengaluru,IndiaPost,Delivered
1736,2018,2023-11-16,2023-11-18,Kochi,Ekart,Delivered
1737,2019,2023-09-22,2023-09-28,Lucknow,Delhivery,Delivered
1738,2021,2023-10-15,2023-10-22,Chennai,Delhivery,Delivered
1739,2022,2023-03-30,2023-04-06,Bengaluru,Ekart,Delivered
1740,2023,2022-03-05,2022-03-07,Chandigarh,IndiaPost,Delivered
1741,2024,2025-10-23,2025-10-29,Ahmedabad,Ekart,Delivered
1742,2025,2024-10-05,2024-10-10,Indore,IndiaPost,Delivered
1743,2027,2024-06-08,2024-06-13,Hyderabad,IndiaPost,Delivered
1744,2029,2025-03-08,2025-03-11,Mumbai,DTDC,Delivered
1745,2030,2023-05-25,2023-05-31,Jaipur,IndiaPost,Delivered
1746,2031,2025-01-06,2025-01-13,Kolkata,BlueDart,Delivered
1747,2032,2024-12-17,2024-12-18,Pune,IndiaPost,Delivered
1748,2034,2022-10-14,2022-10-15,Hyderabad,Delhivery,Delivered
1749,2035,2025-02-22,2025-02-24,Ahmedabad,BlueDart,Delivered
1750,2036,2023-06-03,2023-06-07,Hyderabad,Delhivery,Delivered
1751,2037,2022-08-25,2022-09-01,Delhi,DTDC,Delivered
1752,2038,2025-02-07,2025-02-14,Jaipur,IndiaPost,Delivered
1753,2039,2022-01-16,2022-01-22,Ahmedabad,Ekart,Delivered
1754,2040,2022-03-31,2022-04-02,Indore,DTDC,Delivered
1755,2041,2023-01-03,2023-01-05,Chennai,IndiaPost,Delivered
1756,2042,2022-09-19,2022-09-22,Jaipur,Ekart,Delivered
1757,2043,2024-01-18,2024-01-24,Hyderabad,BlueDart,In Transit
1758,2044,2024-04-15,2024-04-22,Delhi,Ekart,Delivered
1759,2047,2022-06-01,2022-06-03,Surat,IndiaPost,Delivered
1760,2048,2024-07-13,2024-07-14,Mumbai,Delhivery,Delivered
1761,2049,2023-01-30,2023-01-31,Jaipur,Ekart,Delivered
1762,2051,2024-05-12,2024-05-15,Kochi,Ekart,Delivered
1763,2052,2024-12-12,2024-12-13,Pune,Delhivery,Delivered
1764,2053,2025-10-04,2025-10-05,Indore,DTDC,In Transit
1765,2054,2022-01-01,2022-01-06,Nagpur,Ekart,Delivered
1766,2055,2022-11-14,2022-11-20,Chandigarh,IndiaPost,Delivered
1767,2056,2025-08-19,2025-08-26,Delhi,DTDC,Delivered
1768,2057,2025-02-24,2025-02-26,Pune,Ekart,Delivered
1769,2059,2025-01-08,2025-01-13,Delhi,IndiaPost,In Transit
1770,2060,2025-06-04,2025-06-06,Indore,IndiaPost,Delivered
1771,2061,2024-11-23,2024-11-25,Jaipur,Delhivery,Delivered
1772,2062,2024-06-09,2024-06-10,Bengaluru,IndiaPost,Delivered
1773,2063,2022-06-26,2022-06-30,Hyderabad,Delhivery,Delivered
1774,2064,2025-09-10,2025-09-14,Nagpur,Ekart,Delivered
1775,2066,2022-12-24,2022-12-27,Chennai,BlueDart,Delivered
1776,2067,2022-02-16,2022-02-17,Lucknow,Delhivery,Delivered
1777,2068,2023-03-08,2023-03-09,Jaipur,DTDC,Delayed
1778,2069,2024-02-07,2024-02-10,Chandigarh,BlueDart,Delayed
1779,2070,2022-08-03,2022-08-09,Bengaluru,BlueDart,Delivered
1780,2071,2024-09-19,2024-09-21,Kochi,Ekart,Delivered
1781,2072,2025-08-25,2025-08-27,Pune,BlueDart,Delivered
1782,2073,2024-09-19,2024-09-20,Kolkata,DTDC,Delivered
1783,2075,2023-05-28,2023-06-01,Surat,Delhivery,Delivered
1784,2076,2025-10-20,2025-10-21,Indore,IndiaPost,Delivered
1785,2077,2023-12-07,2023-12-11,Jaipur,DTDC,Delivered
1786,2078,2024-10-25,2024-10-28,Delhi,DTDC,In Transit
1787,2079,2025-02-15,2025-02-21,Chandigarh,Ekart,Delivered
1788,2080,2022-08-19,2022-08-21,Lucknow,Delhivery,Delivered
1789,2081,2023-06-27,2023-06-30,Bengaluru,Ekart,Delivered
1790,2082,2022-09-02,2022-09-03,Pune,DTDC,Delivered
1791,2083,2022-08-05,2022-08-08,Pune,BlueDart,In Transit
1792,2084,2025-08-13,2025-08-18,Pune,Delhivery,Delivered
1793,2085,2025-08-19,2025-08-20,Chennai,Delhivery,Delivered
1794,2086,2022-06-30,2022-07-07,Kochi,IndiaPost,Delivered
1795,2087,2022-04-17,2022-04-22,Jaipur,IndiaPost,Delayed
1796,2088,2022-11-16,2022-11-21,Kolkata,BlueDart,Delivered
1797,2089,2024-08-21,2024-08-25,Ahmedabad,DTDC,Delivered
1798,2090,2024-12-15,2024-12-22,Jaipur,Delhivery,Delivered
1799,2091,2023-01-24,2023-01-28,Lucknow,Delhivery,Delivered
1800,2092,2022-02-27,2022-03-04,Bengaluru,BlueDart,In Transit
1801,2093,2023-10-17,2023-10-23,Ahmedabad,Ekart,Delivered
1802,2094,2025-03-21,2025-03-28,Mumbai,DTDC,Delivered
1803,2096,2023-05-11,2023-05-15,Ahmedabad,Ekart,Delivered
1804,2097,2025-04-09,2025-04-13,Surat,BlueDart,Delivered
1805,2098,2023-08-16,2023-08-17,Delhi,BlueDart,Delivered
1806,2099,2025-12-03,2025-12-08,Delhi,DTDC,Delivered
1807,2101,2024-12-11,2024-12-12,Nagpur,DTDC,Delivered
1808,2102,2023-04-22,2023-04-25,Chennai,Ekart,Delayed
1809,2103,2025-08-25,2025-08-26,Ahmedabad,Delhivery,Delivered
1810,2104,2025-04-29,2025-05-01,Delhi,Delhivery,In Transit
1811,2105,2022-07-02,2022-07-03,Nagpur,IndiaPost,Delivered
1812,2106,2022-04-02,2022-04-03,Jaipur,Ekart,Delivered
1813,2107,2023-05-20,2023-05-27,Indore,DTDC,Delivered
1814,2108,2024-01-10,2024-01-16,Nagpur,BlueDart,Delayed
1815,2110,2022-03-15,2022-03-16,Kolkata,Ekart,In Transit
1816,2111,2024-11-08,2024-11-15,Kochi,IndiaPost,Delivered
1817,2114,2025-10-13,2025-10-18,Chennai,DTDC,Delivered
1818,2115,2023-10-08,2023-10-14,Indore,DTDC,Delivered
1819,2116,2025-06-08,2025-06-15,Hyderabad,IndiaPost,Delivered
1820,2117,2022-05-07,2022-05-09,Kolkata,BlueDart,Delivered
1821,2118,2025-02-28,2025-03-03,Lucknow,IndiaPost,Delivered
1822,2119,2022-04-13,2022-04-17,Hyderabad,DTDC,In Transit
1823,2120,2025-02-09,2025-02-14,Chennai,BlueDart,Delivered
1824,2121,2025-05-02,2025-05-03,Kochi,BlueDart,Delivered
1825,2122,2025-12-11,2025-12-18,Chandigarh,Delhivery,Delivered
1826,2123,2025-01-21,2025-01-28,Indore,Ekart,Delivered
1827,2124,2023-04-18,2023-04-20,Hyderabad,Ekart,Delayed
1828,2126,2024-02-09,2024-02-11,Kochi,Delhivery,Delivered
1829,2127,2024-07-21,2024-07-23,Indore,Delhivery,Delivered
1830,2128,2024-08-10,2024-08-12,Surat,DTDC,Delivered
1831,2129,2022-09-09,2022-09-10,Ahmedabad,IndiaPost,Delivered
1832,2130,2024-08-23,2024-08-25,Chennai,BlueDart,Delivered
1833,2131,2022-05-12,2022-05-13,Mumbai,BlueDart,Delivered
1834,2132,2022-06-21,2022-06-27,Lucknow,DTDC,Delivered
1835,2133,2024-09-21,2024-09-28,Pune,DTDC,Delivered
1836,2134,2022-07-16,2022-07-22,Chennai,Delhivery,Delivered
1837,2135,2022-11-15,2022-11-18,Nagpur,DTDC,Delivered
1838,2136,2023-07-29,2023-07-30,Lucknow,IndiaPost,Delivered
1839,2137,2024-12-05,2024-12-11,Chandigarh,Ekart,Delivered
1840,2138,2025-08-02,2025-08-04,Surat,BlueDart,Delivered
1841,2139,2025-12-03,2025-12-08,Hyderabad,BlueDart,Delivered
1842,2140,2022-01-13,2022-01-17,Indore,Ekart,Delivered
1843,2141,2024-10-29,2024-10-30,Kolkata,DTDC,In Transit
1844,2142,2023-12-20,2023-12-26,Surat,Ekart,Delivered
1845,2144,2022-12-20,2022-12-26,Lucknow,BlueDart,Delivered
1846,2145,2024-01-24,2024-01-26,Indore,Delhivery,Delivered
1847,2146,2022-02-25,2022-02-27,Delhi,BlueDart,Delayed
1848,2147,2023-05-24,2023-05-25,Chandigarh,Delhivery,Delivered
1849,2148,2024-06-01,2024-06-06,Lucknow,IndiaPost,Delivered
1850,2149,2023-08-30,2023-08-31,Hyderabad,Delhivery,Delivered
1851,2150,2025-12-28,2025-12-31,Lucknow,Ekart,Delivered
1852,2151,2023-05-24,2023-05-28,Lucknow,DTDC,Delivered
1853,2152,2025-01-29,2025-01-30,Nagpur,IndiaPost,Delivered
1854,2153,2025-07-09,2025-07-10,Delhi,Delhivery,In Transit
1855,2154,2022-05-22,2022-05-27,Delhi,DTDC,Delivered
1856,2155,2022-01-19,2022-01-22,Kochi,BlueDart,Delivered
1857,2156,2025-04-15,2025-04-21,Kochi,Delhivery,Delivered
1858,2157,2022-05-08,2022-05-12,Lucknow,DTDC,Delivered
1859,2158,2025-03-14,2025-03-21,Ahmedabad,Ekart,Delivered
1860,2159,2023-03-01,2023-03-06,Indore,DTDC,Delivered
1861,2161,2025-08-19,2025-08-22,Pune,Delhivery,Delivered
1862,2162,2024-04-07,2024-04-09,Mumbai,BlueDart,Delivered
1863,2164,2022-07-17,2022-07-23,Chennai,BlueDart,Delivered
1864,2165,2022-08-06,2022-08-13,Hyderabad,Ekart,Delivered
1865,2166,2022-10-27,2022-11-03,Kolkata,DTDC,Delivered
1866,2167,2023-09-08,2023-09-12,Jaipur,Delhivery,Delivered
1867,2168,2023-04-19,2023-04-22,Mumbai,DTDC,In Transit
1868,2169,2022-06-02,2022-06-07,Jaipur,Ekart,Delayed
1869,2170,2022-08-17,2022-08-22,Hyderabad,BlueDart,In Transit
1870,2171,2022-06-09,2022-06-15,Pune,DTDC,Delivered
1871,2172,2022-11-02,2022-11-04,Hyderabad,DTDC,Delivered
1872,2173,2024-03-18,2024-03-19,Kolkata,DTDC,In Transit
1873,2174,2025-08-05,2025-08-12,Lucknow,Delhivery,Delivered
1874,2175,2024-05-23,2024-05-28,Indore,DTDC,Delivered
1875,2176,2024-10-09,2024-10-11,Delhi,BlueDart,Delivered
1876,2177,2025-11-25,2025-11-28,Pune,Ekart,Delayed
1877,2178,2022-06-23,2022-06-24,Lucknow,Delhivery,In Transit
1878,2179,2025-08-12,2025-08-15,Nagpur,Delhivery,Delayed
1879,2180,2022-02-25,2022-03-01,Delhi,Ekart,Delivered
1880,2181,2024-12-20,2024-12-25,Kochi,DTDC,Delivered
1881,2182,2023-12-13,2023-12-18,Delhi,Ekart,Delivered
1882,2183,2024-12-15,2024-12-18,Hyderabad,IndiaPost,Delivered
1883,2185,2025-04-25,2025-04-30,Nagpur,Delhivery,Delayed
1884,2186,2023-08-13,2023-08-18,Kolkata,DTDC,In Transit
1885,2187,2024-02-03,2024-02-10,Chandigarh,IndiaPost,Delivered
1886,2188,2024-10-30,2024-11-03,Indore,Delhivery,Delivered
1887,2189,2022-07-12,2022-07-13,Chandigarh,IndiaPost,Delivered
1888,2190,2025-11-21,2025-11-25,Surat,IndiaPost,Delivered
1889,2191,2025-09-25,2025-10-02,Chennai,Ekart,In Transit
1890,2192,2025-02-19,2025-02-25,Chennai,IndiaPost,Delivered
1891,2193,2025-02-13,2025-02-20,Kochi,DTDC,Delivered
1892,2194,2023-10-11,2023-10-14,Jaipur,IndiaPost,Delivered
1893,2198,2025-05-10,2025-05-17,Mumbai,Delhivery,Delivered
1894,2199,2024-03-31,2024-04-03,Chandigarh,Ekart,Delivered
1895,2200,2025-05-14,2025-05-19,Chandigarh,Ekart,Delivered
1896,2201,2024-03-29,2024-04-04,Delhi,Ekart,Delivered
1897,2202,2024-06-30,2024-07-01,Delhi,BlueDart,Delivered
1898,2206,2025-02-14,2025-02-16,Indore,BlueDart,Delivered
1899,2207,2025-10-05,2025-10-09,Jaipur,IndiaPost,Delivered
1900,2208,2023-09-21,2023-09-22,Ahmedabad,Ekart,Delivered
1901,2209,2022-11-21,2022-11-23,Indore,IndiaPost,Delivered
1902,2210,2024-05-25,2024-05-28,Ahmedabad,Delhivery,Delivered
1903,2211,2024-05-26,2024-05-30,Lucknow,IndiaPost,Delayed
1904,2212,2022-09-24,2022-09-28,Surat,IndiaPost,Delivered
1905,2213,2025-12-11,2025-12-12,Delhi,DTDC,Delivered
1906,2214,2023-06-06,2023-06-12,Surat,BlueDart,Delivered
1907,2215,2023-01-13,2023-01-18,Nagpur,Delhivery,Delivered
1908,2216,2025-05-17,2025-05-22,Mumbai,IndiaPost,Delayed
1909,2217,2023-04-09,2023-04-11,Indore,Ekart,Delivered
1910,2218,2023-03-05,2023-03-07,Delhi,Ekart,Delivered
1911,2219,2023-09-25,2023-09-27,Mumbai,Delhivery,Delivered
1912,2220,2022-04-25,2022-04-29,Indore,BlueDart,Delivered
1913,2221,2023-10-16,2023-10-23,Nagpur,IndiaPost,Delivered
1914,2222,2024-03-08,2024-03-14,Pune,Delhivery,Delivered
1915,2223,2022-07-12,2022-07-14,Lucknow,Delhivery,In Transit
1916,2224,2024-11-07,2024-11-13,Jaipur,IndiaPost,In Transit
1917,2225,2022-11-28,2022-11-30,Surat,Ekart,Delivered
1918,2226,2024-03-11,2024-03-17,Surat,Delhivery,Delivered
1919,2227,2022-02-22,2022-03-01,Chennai,IndiaPost,Delivered
1920,2228,2023-02-19,2023-02-24,Kochi,Ekart,Delayed
1921,2229,2023-06-19,2023-06-22,Jaipur,Ekart,Delivered
1922,2230,2023-01-31,2023-02-02,Pune,Delhivery,Delivered
1923,2231,2024-01-02,2024-01-03,Kochi,BlueDart,In Transit
1924,2232,2024-01-30,2024-02-03,Pune,Ekart,Delayed
1925,2234,2022-12-14,2022-12-19,Bengaluru,Delhivery,Delivered
1926,2235,2025-12-24,2025-12-29,Surat,Delhivery,Delivered
1927,2236,2024-08-17,2024-08-23,Lucknow,Delhivery,Delivered
1928,2237,2024-11-29,2024-12-06,Kolkata,BlueDart,Delivered
1929,2238,2025-08-27,2025-08-29,Chennai,IndiaPost,Delivered
1930,2239,2022-12-28,2023-01-01,Hyderabad,DTDC,In Transit
1931,2240,2022-01-17,2022-01-18,Hyderabad,Delhivery,Delivered
1932,2241,2023-02-13,2023-02-18,Nagpur,IndiaPost,Delayed
1933,2242,2024-08-11,2024-08-18,Lucknow,BlueDart,Delivered
1934,2243,2023-12-02,2023-12-05,Chandigarh,IndiaPost,Delivered
1935,2244,2024-08-30,2024-09-03,Pune,DTDC,In Transit
1936,2245,2022-02-13,2022-02-18,Ahmedabad,Ekart,Delivered
1937,2246,2022-09-05,2022-09-08,Chennai,DTDC,Delivered
1938,2247,2025-03-28,2025-03-31,Hyderabad,Ekart,Delivered
1939,2248,2023-01-07,2023-01-12,Ahmedabad,BlueDart,Delivered
1940,2249,2022-07-31,2022-08-02,Jaipur,BlueDart,Delivered
1941,2250,2023-10-10,2023-10-11,Kolkata,DTDC,Delivered
1942,2251,2023-05-31,2023-06-06,Surat,Ekart,Delivered
1943,2252,2022-05-16,2022-05-17,Ahmedabad,Delhivery,Delivered
1944,2253,2022-02-25,2022-02-26,Delhi,BlueDart,Delivered
1945,2254,2023-09-04,2023-09-06,Bengaluru,IndiaPost,Delivered
1946,2255,2023-10-24,2023-10-29,Chennai,Ekart,Delivered
1947,2256,2025-05-07,2025-05-08,Kolkata,Ekart,Delivered
1948,2257,2024-07-08,2024-07-13,Mumbai,Ekart,Delivered
1949,2258,2022-09-16,2022-09-20,Jaipur,DTDC,Delivered
1950,2259,2023-02-02,2023-02-04,Indore,IndiaPost,In Transit
1951,2260,2025-07-19,2025-07-21,Surat,Ekart,In Transit
1952,2262,2022-10-16,2022-10-17,Nagpur,BlueDart,In Transit
1953,2263,2025-07-16,2025-07-19,Chennai,Delhivery,Delivered
1954,2264,2025-04-01,2025-04-08,Lucknow,Delhivery,Delivered
1955,2265,2022-02-08,2022-02-14,Chennai,Ekart,Delivered
1956,2266,2022-03-27,2022-03-29,Hyderabad,BlueDart,Delivered
1957,2268,2025-12-07,2025-12-11,Kochi,DTDC,Delayed
1958,2269,2024-01-03,2024-01-05,Nagpur,BlueDart,Delivered
1959,2270,2023-12-08,2023-12-09,Nagpur,Ekart,Delivered
1960,2272,2025-08-11,2025-08-15,Pune,BlueDart,Delivered
1961,2274,2022-08-10,2022-08-13,Ahmedabad,Delhivery,In Transit
1962,2275,2023-08-22,2023-08-23,Mumbai,IndiaPost,Delivered
1963,2276,2022-01-09,2022-01-13,Delhi,BlueDart,Delayed
1964,2277,2024-01-07,2024-01-08,Chennai,BlueDart,Delivered
1965,2279,2025-12-06,2025-12-11,Jaipur,BlueDart,Delivered
1966,2280,2023-08-04,2023-08-11,Bengaluru,DTDC,Delivered
1967,2282,2025-10-21,2025-10-28,Mumbai,IndiaPost,Delivered
1968,2283,2022-03-30,2022-03-31,Indore,DTDC,Delivered
1969,2284,2023-11-02,2023-11-07,Hyderabad,DTDC,Delayed
1970,2285,2023-03-01,2023-03-06,Pune,DTDC,Delayed
1971,2286,2025-08-08,2025-08-14,Lucknow,Delhivery,Delivered
1972,2288,2025-09-02,2025-09-06,Kochi,IndiaPost,Delivered
1973,2289,2024-01-03,2024-01-09,Delhi,BlueDart,Delivered
1974,2290,2025-04-10,2025-04-13,Chennai,DTDC,Delivered
1975,2291,2023-07-13,2023-07-15,Hyderabad,BlueDart,Delivered
1976,2293,2024-10-15,2024-10-21,Jaipur,BlueDart,Delayed
1977,2294,2024-04-12,2024-04-14,Surat,DTDC,Delivered
1978,2295,2022-09-11,2022-09-18,Chandigarh,DTDC,Delivered
1979,2296,2023-03-03,2023-03-10,Nagpur,IndiaPost,Delivered
1980,2297,2023-01-30,2023-02-04,Jaipur,DTDC,Delivered
1981,2298,2024-10-31,2024-11-04,Kochi,BlueDart,Delivered
1982,2299,2025-06-10,2025-06-14,Chandigarh,BlueDart,Delivered
1983,2300,2025-01-19,2025-01-20,Jaipur,DTDC,Delivered
1984,2301,2024-08-14,2024-08-21,Nagpur,Delhivery,Delivered
1985,2302,2024-01-02,2024-01-06,Ahmedabad,BlueDart,Delivered
1986,2303,2024-12-12,2024-12-13,Indore,Ekart,Delivered
1987,2304,2023-10-06,2023-10-11,Hyderabad,DTDC,Delayed
1988,2305,2025-07-05,2025-07-06,Kolkata,Delhivery,Delivered
1989,2306,2022-10-12,2022-10-18,Lucknow,BlueDart,Delivered
1990,2307,2025-08-09,2025-08-16,Lucknow,DTDC,Delivered
1991,2308,2022-09-30,2022-10-06,Chennai,Delhivery,Delivered
1992,2309,2023-01-12,2023-01-13,Chennai,BlueDart,Delivered
1993,2310,2024-06-10,2024-06-13,Indore,Ekart,In Transit
1994,2311,2024-04-07,2024-04-09,Jaipur,BlueDart,Delivered
1995,2313,2024-09-19,2024-09-23,Hyderabad,Ekart,In Transit
1996,2314,2025-02-05,2025-02-12,Delhi,IndiaPost,Delivered
1997,2316,2022-05-21,2022-05-23,Nagpur,DTDC,Delayed
1998,2317,2025-04-08,2025-04-09,Pune,IndiaPost,Delivered
1999,2318,2023-09-13,2023-09-14,Lucknow,Ekart,Delivered
2000,2320,2022-05-17,2022-05-22,Bengaluru,Delhivery,Delivered
2001,2322,2024-04-11,2024-04-14,Mumbai,BlueDart,Delivered
2002,2324,2024-07-03,2024-07-06,Kolkata,Ekart,Delivered
2003,2325,2022-09-14,2022-09-21,Chandigarh,Delhivery,Delivered
2004,2326,2022-09-06,2022-09-13,Indore,DTDC,In Transit
2005,2327,2023-12-05,2023-12-09,Jaipur,IndiaPost,Delivered
2006,2328,2024-06-26,2024-07-01,Ahmedabad,Delhivery,Delivered
2007,2329,2022-05-26,2022-06-01,Hyderabad,Ekart,Delivered
2008,2330,2025-04-19,2025-04-20,Nagpur,Ekart,Delivered
2009,2331,2025-11-16,2025-11-23,Jaipur,BlueDart,Delivered
2010,2332,2023-11-01,2023-11-08,Kochi,BlueDart,Delayed
2011,2333,2023-07-07,2023-07-10,Surat,IndiaPost,Delivered
2012,2334,2022-05-30,2022-05-31,Bengaluru,IndiaPost,Delivered
2013,2335,2025-11-09,2025-11-16,Chennai,BlueDart,Delivered
2014,2336,2025-03-20,2025-03-23,Pune,Delhivery,Delivered
2015,2337,2025-07-12,2025-07-13,Nagpur,Ekart,Delivered
2016,2338,2023-06-26,2023-06-27,Kolkata,IndiaPost,Delivered
2017,2340,2022-07-17,2022-07-24,Lucknow,DTDC,In Transit
2018,2342,2023-03-12,2023-03-14,Mumbai,Ekart,Delivered
2019,2344,2025-11-18,2025-11-23,Mumbai,IndiaPost,Delivered
2020,2345,2022-08-03,2022-08-09,Ahmedabad,IndiaPost,Delivered
2021,2346,2023-03-08,2023-03-13,Jaipur,Delhivery,Delivered
2022,2347,2023-01-20,2023-01-22,Lucknow,DTDC,Delivered
2023,2348,2023-07-25,2023-07-28,Kochi,Delhivery,In Transit
2024,2349,2025-07-18,2025-07-22,Hyderabad,Delhivery,Delivered
2025,2350,2022-04-26,2022-04-28,Ahmedabad,BlueDart,Delivered
2026,2351,2022-03-14,2022-03-16,Surat,IndiaPost,Delivered
2027,2352,2025-08-23,2025-08-26,Hyderabad,IndiaPost,Delivered
2028,2353,2024-09-30,2024-10-07,Bengaluru,Delhivery,Delivered
2029,2354,2024-07-14,2024-07-15,Ahmedabad,IndiaPost,Delayed
2030,2355,2024-03-24,2024-03-30,Lucknow,Delhivery,Delivered
2031,2356,2024-04-09,2024-04-10,Chandigarh,BlueDart,Delivered
2032,2358,2023-01-03,2023-01-10,Ahmedabad,DTDC,In Transit
2033,2359,2024-09-07,2024-09-09,Pune,BlueDart,Delivered
2034,2360,2023-06-14,2023-06-16,Surat,DTDC,In Transit
2035,2361,2023-08-03,2023-08-06,Pune,Delhivery,Delivered
2036,2362,2023-12-22,2023-12-27,Bengaluru,Ekart,Delayed
2037,2363,2025-01-16,2025-01-22,Delhi,BlueDart,Delivered
2038,2364,2024-01-18,2024-01-20,Indore,Delhivery,Delivered
2039,2365,2022-03-16,2022-03-20,Surat,BlueDart,Delivered
2040,2366,2022-12-27,2023-01-01,Indore,Ekart,Delivered
2041,2367,2022-11-20,2022-11-22,Pune,Delhivery,Delivered
2042,2368,2023-09-28,2023-09-30,Mumbai,IndiaPost,Delivered
2043,2369,2025-09-30,2025-10-02,Surat,Delhivery,Delivered
2044,2370,2024-03-19,2024-03-24,Pune,DTDC,Delivered
2045,2371,2024-09-20,2024-09-24,Pune,DTDC,Delivered
2046,2372,2023-01-04,2023-01-08,Pune,IndiaPost,Delivered
2047,2374,2022-08-08,2022-08-11,Lucknow,IndiaPost,Delivered
2048,2375,2024-08-10,2024-08-16,Chandigarh,Delhivery,Delivered
2049,2376,2022-01-08,2022-01-14,Chandigarh,BlueDart,Delivered
2050,2377,2023-06-24,2023-07-01,Lucknow,Ekart,Delivered
2051,2378,2025-04-05,2025-04-08,Chennai,Ekart,Delivered
2052,2379,2025-06-22,2025-06-27,Chennai,Delhivery,Delayed
2053,2380,2023-02-09,2023-02-10,Surat,DTDC,Delivered
2054,2381,2025-11-06,2025-11-12,Indore,Delhivery,Delivered
2055,2382,2022-09-03,2022-09-07,Chennai,IndiaPost,Delivered
2056,2383,2023-09-10,2023-09-12,Chandigarh,DTDC,Delivered
2057,2384,2022-03-07,2022-03-13,Mumbai,Ekart,Delivered
2058,2385,2024-11-03,2024-11-10,Chandigarh,BlueDart,Delivered
2059,2386,2023-10-24,2023-10-29,Kolkata,BlueDart,Delivered
2060,2387,2023-12-15,2023-12-20,Indore,Ekart,Delivered
2061,2388,2025-08-01,2025-08-07,Indore,Delhivery,Delivered
2062,2389,2025-11-13,2025-11-20,Jaipur,Ekart,Delivered
2063,2390,2023-06-08,2023-06-13,Kochi,DTDC,Delivered
2064,2391,2022-07-24,2022-07-31,Kochi,IndiaPost,In Transit
2065,2392,2023-02-07,2023-02-14,Ahmedabad,Ekart,Delivered
2066,2393,2023-08-19,2023-08-24,Jaipur,DTDC,In Transit
2067,2394,2025-10-28,2025-11-03,Indore,Delhivery,Delivered
2068,2395,2022-01-09,2022-01-14,Kolkata,Delhivery,Delivered
2069,2396,2025-05-04,2025-05-06,Surat,IndiaPost,Delivered
2070,2397,2025-06-11,2025-06-14,Jaipur,IndiaPost,Delivered
2071,2398,2025-07-20,2025-07-21,Hyderabad,BlueDart,Delivered
2072,2399,2022-02-01,2022-02-05,Ahmedabad,Delhivery,Delayed
2073,2400,2022-07-31,2022-08-01,Delhi,Delhivery,Delivered
2074,2402,2023-06-14,2023-06-21,Surat,IndiaPost,Delivered
2075,2403,2024-11-10,2024-11-16,Indore,IndiaPost,Delivered
2076,2404,2025-06-23,2025-06-25,Surat,Ekart,Delivered
2077,2407,2022-06-09,2022-06-16,Surat,BlueDart,Delivered
2078,2408,2024-01-29,2024-02-01,Bengaluru,DTDC,In Transit
2079,2409,2025-09-10,2025-09-13,Mumbai,BlueDart,Delivered
2080,2411,2025-06-17,2025-06-20,Nagpur,Ekart,Delivered
2081,2412,2024-04-03,2024-04-08,Kochi,Delhivery,Delivered
2082,2413,2025-07-29,2025-08-03,Pune,Ekart,Delivered
2083,2414,2023-04-21,2023-04-24,Chandigarh,Ekart,Delivered
2084,2415,2023-08-05,2023-08-07,Hyderabad,DTDC,Delivered
2085,2416,2022-09-02,2022-09-04,Indore,IndiaPost,Delivered
2086,2417,2025-12-04,2025-12-09,Chennai,IndiaPost,Delivered
2087,2418,2024-06-22,2024-06-23,Bengaluru,Delhivery,Delivered
2088,2420,2023-10-06,2023-10-09,Chandigarh,Ekart,Delivered
2089,2421,2024-04-29,2024-05-04,Jaipur,Ekart,Delivered
2090,2423,2025-09-17,2025-09-24,Bengaluru,IndiaPost,Delayed
2091,2424,2023-08-21,2023-08-23,Ahmedabad,IndiaPost,Delivered
2092,2425,2025-07-06,2025-07-13,Surat,Delhivery,Delayed
2093,2426,2023-03-29,2023-04-03,Jaipur,Ekart,Delivered
2094,2427,2022-05-05,2022-05-11,Nagpur,DTDC,Delivered
2095,2428,2024-01-04,2024-01-05,Lucknow,Ekart,Delivered
2096,2429,2023-12-17,2023-12-21,Chennai,Ekart,Delivered
2097,2430,2024-10-25,2024-10-29,Chennai,Delhivery,Delivered
2098,2433,2024-02-26,2024-03-03,Nagpur,DTDC,In Transit
2099,2434,2025-10-03,2025-10-09,Delhi,Delhivery,Delivered
2100,2435,2023-01-11,2023-01-18,Bengaluru,Ekart,Delivered
2101,2436,2025-10-25,2025-10-31,Jaipur,DTDC,Delivered
2102,2437,2024-01-21,2024-01-25,Bengaluru,BlueDart,Delivered
2103,2439,2023-03-06,2023-03-07,Chandigarh,DTDC,Delivered
2104,2440,2024-11-07,2024-11-12,Lucknow,IndiaPost,Delayed
2105,2441,2024-07-06,2024-07-09,Mumbai,Delhivery,Delivered
2106,2442,2024-08-14,2024-08-16,Bengaluru,IndiaPost,Delivered
2107,2443,2024-05-05,2024-05-07,Bengaluru,BlueDart,Delivered
2108,2444,2025-02-24,2025-03-03,Mumbai,DTDC,Delivered
2109,2445,2023-11-01,2023-11-05,Hyderabad,Ekart,In Transit
2110,2446,2023-03-04,2023-03-07,Chandigarh,Ekart,Delayed
2111,2447,2024-05-06,2024-05-09,Chennai,IndiaPost,Delivered
2112,2448,2024-10-15,2024-10-22,Ahmedabad,Ekart,Delivered
2113,2449,2025-04-07,2025-04-13,Nagpur,DTDC,Delivered
2114,2450,2022-12-08,2022-12-09,Delhi,Ekart,Delivered
2115,2451,2025-01-22,2025-01-24,Chennai,DTDC,Delivered
2116,2453,2025-07-13,2025-07-17,Hyderabad,Ekart,Delivered
2117,2454,2023-01-14,2023-01-17,Ahmedabad,DTDC,In Transit
2118,2455,2023-05-14,2023-05-20,Chennai,Ekart,Delivered
2119,2456,2025-01-25,2025-01-27,Kolkata,BlueDart,Delivered
2120,2458,2025-08-15,2025-08-18,Delhi,Ekart,Delivered
2121,2460,2022-06-14,2022-06-18,Jaipur,BlueDart,Delivered
2122,2462,2024-10-02,2024-10-08,Hyderabad,Delhivery,Delivered
2123,2463,2022-02-06,2022-02-11,Mumbai,Delhivery,Delivered
2124,2465,2025-12-17,2025-12-22,Nagpur,Delhivery,Delivered
2125,2466,2024-01-29,2024-02-04,Chandigarh,IndiaPost,In Transit
2126,2467,2025-10-30,2025-11-02,Pune,IndiaPost,Delivered
2127,2468,2024-01-20,2024-01-27,Pune,IndiaPost,Delayed
2128,2469,2024-02-19,2024-02-22,Lucknow,DTDC,In Transit
2129,2470,2022-05-09,2022-05-16,Indore,BlueDart,Delivered
2130,2471,2024-02-08,2024-02-11,Bengaluru,BlueDart,Delivered
2131,2472,2024-10-16,2024-10-23,Kochi,IndiaPost,Delivered
2132,2473,2022-10-09,2022-10-11,Pune,DTDC,Delivered
2133,2475,2024-11-15,2024-11-19,Chandigarh,BlueDart,Delivered
2134,2478,2022-12-07,2022-12-13,Chennai,DTDC,Delivered
2135,2479,2022-07-22,2022-07-25,Kolkata,Delhivery,Delivered
2136,2480,2025-06-17,2025-06-18,Mumbai,Ekart,Delivered
2137,2481,2022-04-14,2022-04-18,Delhi,BlueDart,In Transit
2138,2482,2023-10-14,2023-10-17,Delhi,BlueDart,Delivered
2139,2483,2022-03-13,2022-03-19,Hyderabad,Ekart,Delayed
2140,2484,2025-07-18,2025-07-19,Lucknow,Delhivery,Delivered
2141,2485,2025-09-02,2025-09-05,Chennai,Ekart,In Transit
2142,2488,2025-07-10,2025-07-13,Surat,BlueDart,Delivered
2143,2489,2025-07-22,2025-07-27,Surat,Ekart,Delivered
2144,2490,2023-08-06,2023-08-09,Kochi,Ekart,Delivered
2145,2491,2025-11-28,2025-12-05,Indore,Delhivery,Delivered
2146,2492,2023-10-31,2023-11-05,Surat,IndiaPost,Delivered
2147,2493,2025-05-01,2025-05-03,Pune,Delhivery,Delivered
2148,2494,2022-10-30,2022-11-04,Surat,Delhivery,Delivered
2149,2495,2024-02-28,2024-03-05,Nagpur,Ekart,Delivered
2150,2498,2022-06-19,2022-06-25,Kolkata,Delhivery,Delivered
2151,2499,2024-12-15,2024-12-16,Indore,BlueDart,Delivered
2152,2500,2022-11-07,2022-11-08,Pune,DTDC,Delivered
2153,2501,2023-02-21,2023-02-25,Kolkata,Ekart,Delayed
2154,2502,2024-07-23,2024-07-30,Pune,DTDC,Delivered
2155,2503,2024-09-06,2024-09-11,Chennai,IndiaPost,Delivered
2156,2505,2023-01-05,2023-01-09,Jaipur,BlueDart,Delivered
2157,2506,2024-12-16,2024-12-21,Chandigarh,Ekart,Delivered
2158,2507,2023-06-08,2023-06-10,Hyderabad,IndiaPost,Delivered
2159,2508,2023-01-22,2023-01-25,Mumbai,Ekart,Delivered
2160,2509,2022-04-14,2022-04-15,Indore,DTDC,Delayed
2161,2510,2024-08-01,2024-08-07,Bengaluru,DTDC,Delivered
2162,2512,2024-09-23,2024-09-29,Delhi,Delhivery,Delivered
2163,2513,2024-10-29,2024-10-30,Surat,Ekart,In Transit
2164,2516,2024-02-02,2024-02-05,Jaipur,IndiaPost,Delivered
2165,2517,2025-09-26,2025-09-27,Chandigarh,IndiaPost,In Transit
2166,2518,2022-07-08,2022-07-09,Pune,DTDC,Delivered
2167,2519,2024-07-12,2024-07-14,Kolkata,BlueDart,Delivered
2168,2520,2022-12-29,2022-12-31,Delhi,Ekart,Delivered
2169,2521,2024-08-30,2024-09-04,Indore,Ekart,Delivered
2170,2522,2022-03-07,2022-03-08,Pune,Delhivery,Delivered
2171,2524,2025-12-14,2025-12-19,Ahmedabad,IndiaPost,Delivered
2172,2525,2024-01-30,2024-02-02,Jaipur,DTDC,Delivered
2173,2526,2024-05-20,2024-05-22,Pune,Ekart,Delivered
2174,2527,2024-01-01,2024-01-07,Chandigarh,Delhivery,Delayed
2175,2528,2022-04-01,2022-04-02,Lucknow,DTDC,Delivered
2176,2529,2023-07-13,2023-07-17,Kolkata,DTDC,Delivered
2177,2530,2025-06-29,2025-07-01,Kolkata,DTDC,Delivered
2178,2531,2025-08-04,2025-08-08,Kochi,DTDC,Delivered
2179,2533,2025-02-24,2025-03-02,Chennai,Ekart,Delivered
2180,2534,2022-11-30,2022-12-02,Delhi,DTDC,Delivered
2181,2536,2025-08-06,2025-08-13,Hyderabad,BlueDart,In Transit
2182,2538,2025-05-06,2025-05-10,Nagpur,BlueDart,Delivered
2183,2539,2025-08-15,2025-08-16,Bengaluru,BlueDart,Delivered
2184,2540,2022-01-20,2022-01-23,Kochi,BlueDart,Delivered
2185,2541,2024-03-02,2024-03-05,Jaipur,DTDC,Delivered
2186,2542,2024-01-23,2024-01-28,Pune,IndiaPost,Delivered
2187,2544,2022-11-12,2022-11-16,Kochi,Ekart,Delivered
2188,2545,2022-03-13,2022-03-15,Lucknow,Ekart,In Transit
2189,2546,2023-06-27,2023-07-01,Pune,Ekart,Delivered
2190,2547,2024-07-05,2024-07-07,Delhi,Delhivery,Delivered
2191,2548,2025-06-01,2025-06-08,Kochi,BlueDart,Delivered
2192,2549,2025-10-16,2025-10-23,Surat,IndiaPost,Delivered
2193,2550,2023-05-17,2023-05-19,Delhi,Delhivery,Delayed
2194,2551,2022-10-15,2022-10-19,Delhi,Ekart,Delivered
2195,2552,2022-06-06,2022-06-08,Mumbai,BlueDart,Delayed
2196,2554,2022-11-09,2022-11-14,Ahmedabad,DTDC,Delivered
2197,2555,2025-07-16,2025-07-18,Mumbai,Ekart,Delivered
2198,2556,2022-11-18,2022-11-21,Bengaluru,BlueDart,Delayed
2199,2557,2023-11-02,2023-11-03,Hyderabad,Ekart,Delivered
2200,2558,2025-06-19,2025-06-21,Mumbai,IndiaPost,Delayed
2201,2559,2024-10-17,2024-10-19,Chennai,Ekart,Delivered
2202,2560,2024-07-10,2024-07-13,Jaipur,BlueDart,Delivered
2203,2561,2022-05-08,2022-05-13,Kochi,BlueDart,Delivered
2204,2562,2024-02-15,2024-02-22,Chandigarh,Delhivery,Delivered
2205,2563,2025-07-30,2025-08-06,Indore,IndiaPost,Delivered
2206,2564,2025-05-04,2025-05-05,Lucknow,BlueDart,Delivered
2207,2565,2025-07-21,2025-07-22,Kochi,Delhivery,Delivered
2208,2566,2023-03-10,2023-03-13,Mumbai,DTDC,Delivered
2209,2567,2024-12-31,2025-01-01,Ahmedabad,BlueDart,Delivered
2210,2568,2024-05-27,2024-06-03,Jaipur,DTDC,Delivered
2211,2569,2022-02-27,2022-03-04,Chandigarh,BlueDart,Delivered
2212,2570,2024-01-06,2024-01-13,Mumbai,Ekart,Delivered
2213,2571,2023-05-17,2023-05-22,Mumbai,IndiaPost,Delivered
2214,2574,2022-05-31,2022-06-07,Chennai,DTDC,Delayed
2215,2575,2022-06-13,2022-06-17,Pune,Delhivery,Delivered
2216,2576,2025-01-29,2025-02-01,Chandigarh,Ekart,Delivered
2217,2577,2025-03-27,2025-04-03,Mumbai,Delhivery,In Transit
2218,2578,2024-01-28,2024-02-03,Nagpur,BlueDart,Delivered
2219,2579,2022-07-09,2022-07-13,Surat,Delhivery,Delivered
2220,2580,2024-07-31,2024-08-03,Mumbai,Ekart,Delivered
2221,2581,2023-08-18,2023-08-19,Indore,DTDC,Delivered
2222,2582,2023-02-10,2023-02-14,Chandigarh,Ekart,Delivered
2223,2584,2023-06-13,2023-06-14,Hyderabad,DTDC,Delivered
2224,2585,2022-05-10,2022-05-14,Kolkata,BlueDart,Delivered
2225,2586,2023-09-30,2023-10-07,Kolkata,DTDC,In Transit
2226,2587,2025-04-12,2025-04-16,Pune,DTDC,Delivered
2227,2588,2023-11-16,2023-11-20,Indore,Delhivery,Delayed
2228,2589,2023-12-09,2023-12-14,Mumbai,Delhivery,Delivered
2229,2590,2023-09-09,2023-09-13,Kochi,IndiaPost,Delivered
2230,2591,2024-02-02,2024-02-06,Surat,Delhivery,Delivered
2231,2592,2024-02-28,2024-03-03,Bengaluru,Delhivery,Delivered
2232,2593,2025-05-04,2025-05-11,Jaipur,Delhivery,Delivered
2233,2594,2023-10-01,2023-10-07,Kolkata,Ekart,Delivered
2234,2595,2024-07-02,2024-07-04,Bengaluru,BlueDart,Delivered
2235,2596,2023-08-26,2023-08-28,Hyderabad,Ekart,Delayed
2236,2597,2025-02-06,2025-02-08,Kochi,IndiaPost,Delivered
2237,2598,2023-12-19,2023-12-25,Pune,Ekart,Delayed
2238,2599,2023-02-13,2023-02-17,Bengaluru,DTDC,Delivered
2239,2600,2024-12-28,2024-12-29,Chennai,BlueDart,Delivered
2240,2601,2024-06-21,2024-06-26,Ahmedabad,Delhivery,Delayed
2241,2602,2022-03-17,2022-03-19,Lucknow,DTDC,In Transit
2242,2604,2025-03-18,2025-03-25,Delhi,Ekart,Delivered
2243,2605,2023-10-04,2023-10-11,Indore,Ekart,Delivered
2244,2606,2025-11-22,2025-11-25,Nagpur,DTDC,Delivered
2245,2607,2022-12-20,2022-12-23,Ahmedabad,Delhivery,Delivered
2246,2608,2024-06-21,2024-06-24,Ahmedabad,BlueDart,Delivered
2247,2609,2023-02-14,2023-02-18,Jaipur,Delhivery,Delivered
2248,2610,2024-09-28,2024-10-05,Mumbai,Delhivery,Delivered
2249,2611,2024-01-22,2024-01-26,Delhi,Ekart,Delivered
2250,2612,2022-04-30,2022-05-03,Delhi,IndiaPost,Delivered
2251,2613,2025-10-12,2025-10-16,Nagpur,BlueDart,Delivered
2252,2615,2022-08-10,2022-08-13,Jaipur,Ekart,Delivered
2253,2616,2023-03-07,2023-03-09,Pune,DTDC,Delivered
2254,2618,2025-04-06,2025-04-07,Indore,Ekart,Delivered
2255,2620,2024-08-12,2024-08-14,Kochi,Delhivery,Delivered
2256,2621,2024-06-19,2024-06-26,Pune,BlueDart,Delivered
2257,2622,2024-11-13,2024-11-19,Kolkata,IndiaPost,Delivered
2258,2624,2024-09-28,2024-10-03,Jaipur,Ekart,Delivered
2259,2625,2024-06-14,2024-06-21,Jaipur,BlueDart,Delayed
2260,2626,2025-11-21,2025-11-26,Pune,DTDC,Delivered
2261,2627,2023-02-19,2023-02-24,Jaipur,IndiaPost,Delivered
2262,2628,2023-11-01,2023-11-03,Lucknow,DTDC,Delivered
2263,2630,2022-12-30,2023-01-06,Mumbai,IndiaPost,Delivered
2264,2631,2022-05-16,2022-05-17,Surat,IndiaPost,Delivered
2265,2632,2025-11-22,2025-11-24,Jaipur,Delhivery,Delivered
2266,2633,2024-10-06,2024-10-07,Ahmedabad,Delhivery,Delivered
2267,2634,2024-11-30,2024-12-07,Indore,BlueDart,Delayed
2268,2636,2024-10-20,2024-10-23,Surat,DTDC,Delivered
2269,2637,2025-10-24,2025-10-28,Nagpur,Delhivery,Delivered
2270,2638,2022-09-07,2022-09-13,Pune,Delhivery,Delivered
2271,2639,2024-11-14,2024-11-21,Mumbai,DTDC,Delivered
2272,2640,2022-06-14,2022-06-21,Nagpur,BlueDart,Delivered
2273,2641,2022-07-19,2022-07-26,Pune,IndiaPost,Delayed
2274,2642,2023-12-31,2024-01-04,Chandigarh,BlueDart,Delivered
2275,2643,2025-08-20,2025-08-23,Kochi,Delhivery,In Transit
2276,2644,2022-07-17,2022-07-19,Kochi,Ekart,Delivered
2277,2645,2024-12-03,2024-12-05,Pune,IndiaPost,Delayed
2278,2646,2024-03-02,2024-03-03,Kochi,IndiaPost,In Transit
2279,2647,2022-07-12,2022-07-15,Nagpur,BlueDart,Delivered
2280,2648,2022-07-16,2022-07-19,Surat,Delhivery,Delayed
2281,2649,2024-09-03,2024-09-06,Pune,IndiaPost,Delivered
2282,2650,2025-01-12,2025-01-19,Delhi,Delhivery,Delivered
2283,2652,2023-02-08,2023-02-13,Mumbai,IndiaPost,Delivered
2284,2653,2023-04-11,2023-04-15,Hyderabad,Ekart,In Transit
2285,2654,2025-11-03,2025-11-07,Nagpur,DTDC,Delivered
2286,2655,2022-05-18,2022-05-19,Delhi,Delhivery,Delivered
2287,2656,2024-07-14,2024-07-21,Indore,Ekart,Delivered
2288,2657,2023-05-26,2023-06-02,Bengaluru,Delhivery,Delivered
2289,2659,2022-03-13,2022-03-18,Jaipur,IndiaPost,In Transit
2290,2660,2025-12-23,2025-12-30,Kochi,DTDC,Delivered
2291,2662,2024-09-14,2024-09-19,Jaipur,BlueDart,Delivered
2292,2663,2025-11-12,2025-11-16,Mumbai,DTDC,Delivered
2293,2664,2022-12-31,2023-01-05,Kolkata,Ekart,Delivered
2294,2665,2022-01-04,2022-01-07,Chandigarh,IndiaPost,Delivered
2295,2667,2025-03-03,2025-03-09,Nagpur,IndiaPost,Delivered
2296,2669,2024-08-24,2024-08-28,Bengaluru,IndiaPost,Delivered
2297,2670,2023-11-03,2023-11-08,Indore,Delhivery,Delivered
2298,2671,2023-04-02,2023-04-08,Hyderabad,IndiaPost,Delivered
2299,2672,2022-12-03,2022-12-09,Lucknow,DTDC,Delivered
2300,2673,2025-08-18,2025-08-22,Bengaluru,DTDC,Delivered
2301,2674,2024-06-16,2024-06-18,Lucknow,BlueDart,Delivered
2302,2675,2024-09-13,2024-09-18,Nagpur,Delhivery,Delivered
2303,2676,2024-12-18,2024-12-24,Kolkata,IndiaPost,Delivered
2304,2677,2025-05-20,2025-05-25,Nagpur,Ekart,Delivered
2305,2678,2024-12-15,2024-12-20,Kochi,Ekart,Delivered
2306,2679,2022-09-09,2022-09-15,Ahmedabad,Ekart,Delivered
2307,2680,2023-01-06,2023-01-09,Surat,DTDC,Delivered
2308,2681,2025-12-26,2025-12-31,Kochi,Ekart,Delivered
2309,2683,2023-08-16,2023-08-19,Bengaluru,BlueDart,Delivered
2310,2684,2022-11-14,2022-11-20,Kochi,Delhivery,Delivered
2311,2685,2025-01-09,2025-01-15,Ahmedabad,IndiaPost,Delayed
2312,2686,2022-04-05,2022-04-10,Chandigarh,Delhivery,Delivered
2313,2687,2024-09-23,2024-09-26,Surat,DTDC,Delivered
2314,2688,2025-12-24,2025-12-31,Ahmedabad,Ekart,Delivered
2315,2689,2023-12-21,2023-12-24,Pune,Delhivery,Delivered
2316,2690,2022-06-16,2022-06-17,Jaipur,Delhivery,Delivered
2317,2691,2023-01-10,2023-01-12,Lucknow,DTDC,Delivered
2318,2692,2025-09-14,2025-09-19,Surat,Delhivery,Delivered
2319,2693,2024-11-07,2024-11-12,Pune,DTDC,Delivered
2320,2695,2022-02-05,2022-02-08,Indore,Ekart,Delivered
2321,2696,2023-04-03,2023-04-10,Delhi,Delhivery,Delivered
2322,2698,2022-11-05,2022-11-10,Jaipur,Delhivery,Delivered
2323,2699,2022-06-23,2022-06-27,Pune,IndiaPost,Delayed
2324,2700,2025-11-20,2025-11-26,Delhi,Ekart,Delivered
2325,2701,2025-05-02,2025-05-09,Nagpur,IndiaPost,Delivered
2326,2702,2023-12-02,2023-12-06,Surat,DTDC,In Transit
2327,2703,2022-06-16,2022-06-22,Chandigarh,Delhivery,Delivered
2328,2704,2023-06-15,2023-06-18,Mumbai,Ekart,Delivered
2329,2705,2023-09-15,2023-09-16,Kochi,BlueDart,Delivered
2330,2707,2022-01-30,2022-02-01,Chandigarh,Ekart,Delivered
2331,2708,2022-08-19,2022-08-22,Jaipur,DTDC,Delivered
2332,2709,2023-01-28,2023-02-04,Jaipur,Delhivery,Delivered
2333,2711,2025-08-08,2025-08-12,Jaipur,Delhivery,Delivered
2334,2713,2023-07-12,2023-07-16,Jaipur,Delhivery,Delivered
2335,2714,2024-07-26,2024-08-02,Pune,BlueDart,Delivered
2336,2715,2024-02-02,2024-02-08,Kolkata,Ekart,Delivered
2337,2716,2024-02-09,2024-02-10,Indore,DTDC,Delayed
2338,2717,2024-01-10,2024-01-14,Bengaluru,DTDC,Delivered
2339,2718,2025-12-03,2025-12-09,Surat,DTDC,Delivered
2340,2719,2023-01-27,2023-01-30,Kochi,IndiaPost,Delivered
2341,2720,2023-07-13,2023-07-17,Indore,Delhivery,Delivered
2342,2721,2022-06-16,2022-06-18,Surat,Ekart,Delivered
2343,2722,2025-10-13,2025-10-14,Kolkata,BlueDart,Delivered
2344,2723,2023-03-27,2023-04-03,Nagpur,BlueDart,In Transit
2345,2724,2022-01-29,2022-02-02,Surat,DTDC,Delivered
2346,2725,2023-06-27,2023-06-29,Kolkata,DTDC,Delivered
2347,2726,2024-04-28,2024-05-01,Ahmedabad,IndiaPost,In Transit
2348,2728,2023-10-07,2023-10-09,Kolkata,Delhivery,Delivered
2349,2729,2022-04-13,2022-04-17,Ahmedabad,IndiaPost,Delivered
2350,2730,2022-08-24,2022-08-29,Surat,Ekart,Delivered
2351,2731,2023-12-01,2023-12-07,Hyderabad,IndiaPost,Delivered
2352,2732,2024-01-16,2024-01-17,Kolkata,IndiaPost,Delivered
2353,2733,2024-03-29,2024-04-05,Kolkata,BlueDart,Delivered
2354,2734,2025-05-14,2025-05-15,Nagpur,Ekart,Delivered
2355,2735,2023-04-25,2023-04-30,Ahmedabad,Ekart,Delayed
2356,2737,2023-04-26,2023-04-30,Bengaluru,Ekart,Delivered
2357,2738,2023-02-16,2023-02-23,Kochi,DTDC,Delivered
2358,2739,2022-01-10,2022-01-16,Mumbai,Ekart,Delivered
2359,2740,2023-01-28,2023-02-04,Chennai,BlueDart,Delivered
2360,2741,2022-08-15,2022-08-17,Pune,IndiaPost,Delivered
2361,2742,2023-07-14,2023-07-18,Mumbai,DTDC,Delivered
2362,2744,2025-07-13,2025-07-16,Kolkata,IndiaPost,Delivered
2363,2745,2025-03-16,2025-03-18,Chennai,BlueDart,Delayed
2364,2746,2023-10-05,2023-10-08,Bengaluru,IndiaPost,Delivered
2365,2748,2022-04-09,2022-04-14,Chennai,Ekart,Delayed
2366,2749,2023-01-04,2023-01-08,Chennai,Delhivery,Delivered
2367,2750,2022-08-14,2022-08-15,Kochi,DTDC,Delivered
2368,2751,2023-07-04,2023-07-07,Bengaluru,BlueDart,Delivered
2369,2752,2025-08-10,2025-08-17,Surat,IndiaPost,Delivered
2370,2754,2022-06-10,2022-06-17,Kolkata,Delhivery,In Transit
2371,2755,2023-02-06,2023-02-13,Kolkata,Ekart,Delivered
2372,2756,2022-01-16,2022-01-20,Jaipur,BlueDart,Delivered
2373,2757,2023-04-18,2023-04-23,Jaipur,Ekart,Delivered
2374,2758,2022-10-13,2022-10-20,Kolkata,Delhivery,Delayed
2375,2759,2022-04-03,2022-04-10,Pune,Delhivery,Delivered
2376,2760,2025-09-08,2025-09-09,Chennai,DTDC,Delivered
2377,2764,2024-03-04,2024-03-06,Surat,BlueDart,Delivered
2378,2765,2024-06-10,2024-06-17,Chennai,DTDC,Delivered
2379,2766,2022-03-25,2022-03-29,Lucknow,BlueDart,Delivered
2380,2767,2024-01-09,2024-01-13,Kochi,Ekart,In Transit
2381,2771,2022-05-01,2022-05-04,Chandigarh,BlueDart,Delivered
2382,2772,2023-04-06,2023-04-11,Delhi,Delhivery,Delivered
2383,2773,2024-11-14,2024-11-15,Delhi,IndiaPost,Delivered
2384,2774,2025-06-21,2025-06-27,Chandigarh,IndiaPost,Delivered
2385,2775,2023-05-25,2023-06-01,Indore,Ekart,In Transit
2386,2776,2024-02-19,2024-02-22,Kochi,IndiaPost,Delivered
2387,2777,2022-08-06,2022-08-09,Bengaluru,Delhivery,Delivered
2388,2778,2022-07-31,2022-08-04,Jaipur,BlueDart,Delivered
2389,2780,2022-12-04,2022-12-09,Kochi,Ekart,Delivered
2390,2781,2025-08-17,2025-08-18,Hyderabad,Ekart,Delivered
2391,2783,2023-09-04,2023-09-10,Hyderabad,IndiaPost,Delivered
2392,2784,2025-06-04,2025-06-10,Indore,BlueDart,Delivered
2393,2785,2022-06-27,2022-07-03,Nagpur,Ekart,Delivered
2394,2786,2022-10-11,2022-10-12,Lucknow,IndiaPost,Delivered
2395,2788,2024-09-15,2024-09-21,Indore,DTDC,Delivered
2396,2790,2023-11-22,2023-11-27,Chandigarh,Ekart,Delivered
2397,2791,2024-08-29,2024-08-30,Pune,IndiaPost,Delivered
2398,2792,2024-06-07,2024-06-10,Pune,IndiaPost,In Transit
2399,2793,2023-12-29,2023-12-31,Pune,BlueDart,Delayed
2400,2794,2022-06-11,2022-06-14,Chennai,Delhivery,Delivered
2401,2795,2022-04-24,2022-05-01,Hyderabad,Delhivery,Delivered
2402,2796,2025-06-03,2025-06-06,Surat,Ekart,Delivered
2403,2798,2025-01-27,2025-02-01,Kolkata,DTDC,Delivered
2404,2799,2025-02-04,2025-02-07,Lucknow,IndiaPost,Delivered
2405,2800,2023-08-21,2023-08-28,Pune,DTDC,Delivered
2406,2801,2025-07-12,2025-07-17,Jaipur,BlueDart,Delivered
2407,2802,2024-07-17,2024-07-21,Chennai,DTDC,Delivered
2408,2803,2023-12-01,2023-12-02,Hyderabad,IndiaPost,Delivered
2409,2804,2024-07-18,2024-07-23,Lucknow,Delhivery,Delivered
2410,2806,2022-11-25,2022-11-30,Bengaluru,Ekart,In Transit
2411,2808,2025-08-23,2025-08-28,Lucknow,DTDC,Delivered
2412,2809,2023-02-24,2023-03-01,Ahmedabad,Ekart,Delivered
2413,2810,2024-09-09,2024-09-16,Pune,BlueDart,Delivered
2414,2811,2022-08-24,2022-08-30,Chandigarh,IndiaPost,Delivered
2415,2813,2025-06-04,2025-06-09,Indore,BlueDart,Delivered
2416,2814,2023-03-01,2023-03-05,Mumbai,BlueDart,Delivered
2417,2815,2025-12-16,2025-12-23,Surat,BlueDart,Delivered
2418,2816,2025-08-03,2025-08-07,Kolkata,IndiaPost,Delivered
2419,2817,2023-01-20,2023-01-24,Pune,Delhivery,In Transit
2420,2818,2025-01-31,2025-02-05,Ahmedabad,Ekart,Delivered
2421,2819,2023-07-30,2023-08-01,Lucknow,IndiaPost,Delivered
2422,2820,2023-11-18,2023-11-20,Surat,Delhivery,Delivered
2423,2822,2025-07-12,2025-07-17,Hyderabad,Delhivery,Delivered
2424,2823,2022-06-02,2022-06-09,Ahmedabad,Delhivery,Delivered
2425,2824,2023-09-19,2023-09-22,Ahmedabad,Delhivery,Delivered
2426,2825,2022-07-04,2022-07-10,Bengaluru,IndiaPost,Delivered
2427,2826,2025-02-02,2025-02-05,Delhi,Delhivery,Delivered
2428,2827,2023-09-02,2023-09-03,Bengaluru,Ekart,Delayed
2429,2828,2022-09-11,2022-09-13,Chennai,Delhivery,Delivered
2430,2829,2023-01-14,2023-01-19,Mumbai,BlueDart,In Transit
2431,2830,2023-09-23,2023-09-24,Jaipur,Delhivery,Delayed
2432,2832,2025-05-13,2025-05-18,Indore,Ekart,Delivered
2433,2833,2022-05-27,2022-05-28,Hyderabad,Delhivery,Delivered
2434,2834,2023-04-26,2023-04-29,Pune,Delhivery,In Transit
2435,2835,2025-11-10,2025-11-15,Hyderabad,Delhivery,Delivered
2436,2836,2024-02-03,2024-02-08,Hyderabad,Ekart,Delivered
2437,2837,2022-09-05,2022-09-07,Lucknow,IndiaPost,Delivered
2438,2838,2022-11-21,2022-11-25,Kochi,BlueDart,Delivered
2439,2839,2023-08-26,2023-08-30,Delhi,BlueDart,Delivered
2440,2840,2024-04-17,2024-04-21,Nagpur,BlueDart,Delivered
2441,2841,2023-07-09,2023-07-14,Mumbai,IndiaPost,Delivered
2442,2842,2023-09-27,2023-09-28,Chandigarh,BlueDart,Delivered
2443,2843,2022-04-15,2022-04-21,Chennai,Ekart,Delivered
2444,2846,2023-06-26,2023-06-30,Bengaluru,DTDC,Delayed
2445,2847,2024-12-15,2024-12-19,Chandigarh,DTDC,In Transit
2446,2849,2022-03-21,2022-03-27,Chennai,BlueDart,Delivered
2447,2850,2024-01-10,2024-01-16,Pune,BlueDart,In Transit
2448,2851,2022-09-02,2022-09-05,Bengaluru,Ekart,Delivered
2449,2852,2023-07-18,2023-07-24,Indore,IndiaPost,In Transit
2450,2853,2022-05-03,2022-05-04,Ahmedabad,BlueDart,Delivered
2451,2854,2022-04-20,2022-04-24,Kochi,IndiaPost,Delivered
2452,2855,2023-11-23,2023-11-26,Kolkata,IndiaPost,Delivered
2453,2856,2025-11-21,2025-11-22,Ahmedabad,DTDC,Delivered
2454,2857,2022-04-11,2022-04-18,Chandigarh,BlueDart,Delivered
2455,2858,2023-07-19,2023-07-20,Jaipur,IndiaPost,Delayed
2456,2859,2024-12-26,2024-12-29,Kolkata,Delhivery,Delivered
2457,2860,2025-08-20,2025-08-23,Mumbai,DTDC,In Transit
2458,2861,2022-08-23,2022-08-26,Ahmedabad,IndiaPost,Delivered
2459,2862,2023-09-11,2023-09-17,Nagpur,BlueDart,Delivered
2460,2864,2022-02-03,2022-02-06,Delhi,Ekart,Delayed
2461,2865,2025-06-01,2025-06-03,Surat,IndiaPost,Delivered
2462,2866,2025-09-28,2025-09-30,Hyderabad,Delhivery,Delivered
2463,2867,2024-03-12,2024-03-13,Ahmedabad,IndiaPost,Delivered
2464,2868,2023-10-01,2023-10-06,Chandigarh,BlueDart,In Transit
2465,2870,2023-07-30,2023-08-05,Indore,BlueDart,Delivered
2466,2871,2023-02-06,2023-02-12,Pune,Ekart,Delivered
2467,2872,2024-06-18,2024-06-25,Kochi,Delhivery,Delivered
2468,2873,2024-01-15,2024-01-21,Delhi,Delhivery,Delayed
2469,2874,2022-04-15,2022-04-19,Jaipur,Delhivery,Delayed
2470,2875,2024-02-26,2024-03-02,Mumbai,Ekart,In Transit
2471,2876,2022-09-03,2022-09-05,Indore,DTDC,Delivered
2472,2877,2025-11-21,2025-11-26,Surat,BlueDart,Delivered
2473,2878,2023-01-18,2023-01-23,Lucknow,DTDC,Delayed
2474,2880,2025-10-02,2025-10-04,Pune,Ekart,Delivered
2475,2882,2023-03-21,2023-03-23,Lucknow,Ekart,Delivered
2476,2883,2023-09-26,2023-09-27,Ahmedabad,DTDC,Delayed
2477,2884,2023-12-23,2023-12-27,Surat,IndiaPost,Delivered
2478,2885,2024-08-02,2024-08-07,Mumbai,Delhivery,Delivered
2479,2886,2025-03-25,2025-03-31,Surat,IndiaPost,Delivered
2480,2887,2022-10-02,2022-10-04,Hyderabad,DTDC,Delivered
2481,2888,2022-05-18,2022-05-21,Indore,BlueDart,Delivered
2482,2889,2023-07-12,2023-07-17,Mumbai,Ekart,Delivered
2483,2890,2022-10-11,2022-10-18,Hyderabad,Ekart,Delivered
2484,2891,2022-03-22,2022-03-24,Hyderabad,BlueDart,Delayed
2485,2892,2024-12-31,2025-01-02,Surat,DTDC,Delivered
2486,2893,2024-01-24,2024-01-26,Bengaluru,Delhivery,In Transit
2487,2894,2024-08-03,2024-08-05,Delhi,Delhivery,Delivered
2488,2895,2025-07-02,2025-07-07,Surat,Delhivery,Delayed
2489,2896,2023-10-01,2023-10-02,Mumbai,Ekart,Delivered
2490,2897,2023-03-20,2023-03-25,Mumbai,BlueDart,Delivered
2491,2898,2024-03-24,2024-03-28,Nagpur,IndiaPost,Delivered
2492,2899,2025-05-03,2025-05-09,Kochi,Ekart,Delivered
2493,2900,2025-09-25,2025-09-30,Kolkata,Delhivery,Delivered
2494,2903,2024-09-16,2024-09-18,Mumbai,Delhivery,Delivered
2495,2904,2025-04-24,2025-04-30,Mumbai,DTDC,Delivered
2496,2905,2023-07-17,2023-07-24,Jaipur,IndiaPost,Delivered
2497,2906,2024-07-08,2024-07-15,Pune,IndiaPost,Delivered
2498,2907,2023-01-02,2023-01-03,Lucknow,IndiaPost,In Transit
2499,2908,2022-03-02,2022-03-08,Jaipur,BlueDart,Delivered
2500,2909,2022-10-16,2022-10-19,Chandigarh,Delhivery,Delivered
2501,2910,2025-01-23,2025-01-26,Bengaluru,IndiaPost,Delivered
2502,2911,2023-08-05,2023-08-07,Bengaluru,Ekart,Delivered
2503,2912,2025-07-23,2025-07-28,Hyderabad,Ekart,Delivered
2504,2913,2024-01-21,2024-01-28,Ahmedabad,DTDC,Delivered
2505,2915,2022-08-09,2022-08-12,Ahmedabad,Delhivery,Delivered
2506,2916,2024-09-06,2024-09-07,Kolkata,DTDC,Delivered
2507,2917,2022-02-09,2022-02-14,Pune,IndiaPost,Delivered
2508,2918,2024-10-16,2024-10-21,Indore,Ekart,Delivered
2509,2919,2025-11-07,2025-11-12,Jaipur,BlueDart,Delivered
2510,2920,2022-12-27,2022-12-28,Nagpur,IndiaPost,Delivered
2511,2921,2023-04-23,2023-04-28,Jaipur,BlueDart,Delivered
2512,2922,2022-09-14,2022-09-16,Kolkata,IndiaPost,Delivered
2513,2924,2022-01-29,2022-02-04,Lucknow,DTDC,In Transit
2514,2925,2022-12-04,2022-12-08,Surat,BlueDart,Delivered
2515,2927,2023-01-06,2023-01-13,Ahmedabad,BlueDart,Delivered
2516,2928,2024-11-29,2024-12-06,Ahmedabad,DTDC,Delivered
2517,2929,2023-11-14,2023-11-20,Delhi,Ekart,Delivered
2518,2930,2025-05-26,2025-05-30,Pune,Delhivery,Delivered
2519,2931,2024-05-03,2024-05-07,Chandigarh,Ekart,Delivered
2520,2932,2024-12-09,2024-12-12,Lucknow,IndiaPost,Delivered
2521,2934,2024-08-12,2024-08-18,Pune,DTDC,Delivered
2522,2936,2022-04-22,2022-04-25,Chennai,BlueDart,Delayed
2523,2937,2025-02-07,2025-02-12,Delhi,DTDC,Delivered
2524,2938,2022-10-20,2022-10-26,Pune,BlueDart,Delivered
2525,2939,2025-04-16,2025-04-18,Jaipur,DTDC,Delivered
2526,2940,2025-09-07,2025-09-13,Indore,Ekart,Delivered
2527,2941,2023-04-17,2023-04-19,Hyderabad,Delhivery,Delivered
2528,2942,2024-02-01,2024-02-02,Jaipur,IndiaPost,Delivered
2529,2943,2023-08-12,2023-08-15,Bengaluru,Delhivery,In Transit
2530,2944,2022-05-09,2022-05-11,Pune,Ekart,Delayed
2531,2945,2024-09-14,2024-09-19,Hyderabad,Delhivery,Delivered
2532,2946,2024-05-16,2024-05-18,Jaipur,BlueDart,Delivered
2533,2947,2023-07-10,2023-07-13,Chennai,BlueDart,Delivered
2534,2949,2022-08-18,2022-08-22,Indore,BlueDart,Delivered
2535,2950,2025-08-21,2025-08-22,Chandigarh,Delhivery,Delivered
2536,2951,2025-11-22,2025-11-24,Mumbai,Ekart,Delivered
2537,2952,2025-05-17,2025-05-19,Ahmedabad,Ekart,Delivered
2538,2953,2025-03-18,2025-03-25,Lucknow,IndiaPost,Delivered
2539,2954,2024-02-16,2024-02-20,Jaipur,Ekart,Delivered
2540,2955,2022-08-16,2022-08-17,Chandigarh,IndiaPost,Delivered
2541,2956,2024-11-25,2024-11-28,Kolkata,IndiaPost,In Transit
2542,2958,2025-09-17,2025-09-22,Bengaluru,BlueDart,Delivered
2543,2959,2022-12-21,2022-12-22,Lucknow,DTDC,Delivered
2544,2960,2023-04-29,2023-05-06,Jaipur,DTDC,Delivered
2545,2961,2024-05-19,2024-05-26,Jaipur,DTDC,Delivered
2546,2962,2024-08-21,2024-08-23,Chennai,BlueDart,Delayed
2547,2963,2022-09-08,2022-09-10,Bengaluru,Ekart,Delivered
2548,2964,2024-12-25,2024-12-28,Indore,Ekart,Delivered
2549,2965,2023-12-15,2023-12-16,Kolkata,BlueDart,Delivered
2550,2966,2024-08-08,2024-08-15,Jaipur,Delhivery,Delayed
2551,2967,2024-06-04,2024-06-11,Surat,DTDC,Delivered
2552,2968,2022-12-06,2022-12-12,Delhi,BlueDart,Delivered
2553,2969,2024-06-28,2024-07-01,Surat,IndiaPost,Delivered
2554,2970,2024-08-31,2024-09-04,Kochi,BlueDart,Delivered
2555,2971,2025-01-16,2025-01-19,Nagpur,BlueDart,Delivered
2556,2972,2022-10-18,2022-10-24,Indore,BlueDart,Delayed
2557,2973,2022-06-12,2022-06-14,Indore,BlueDart,Delivered
2558,2974,2023-07-04,2023-07-05,Kolkata,DTDC,Delivered
2559,2975,2023-08-10,2023-08-11,Ahmedabad,DTDC,Delivered
2560,2976,2023-12-15,2023-12-20,Hyderabad,Delhivery,Delivered
2561,2977,2023-11-06,2023-11-11,Hyderabad,DTDC,Delivered
2562,2978,2022-02-03,2022-02-08,Pune,Ekart,Delivered
2563,2979,2025-06-17,2025-06-19,Mumbai,DTDC,Delivered
2564,2980,2024-07-10,2024-07-11,Chandigarh,IndiaPost,Delivered
2565,2981,2024-01-12,2024-01-19,Surat,BlueDart,Delivered
2566,2982,2025-07-09,2025-07-12,Nagpur,IndiaPost,Delivered
2567,2983,2025-11-24,2025-11-26,Pune,Ekart,Delivered
2568,2984,2024-01-07,2024-01-14,Pune,BlueDart,Delivered
2569,2985,2022-06-28,2022-07-01,Kolkata,DTDC,Delivered
2570,2986,2025-02-25,2025-03-03,Hyderabad,Ekart,Delayed
2571,2987,2024-02-14,2024-02-19,Bengaluru,Delhivery,Delivered
2572,2990,2022-12-15,2022-12-16,Nagpur,DTDC,Delivered
2573,2992,2023-05-21,2023-05-26,Kolkata,BlueDart,Delivered
2574,2994,2023-01-22,2023-01-25,Chennai,Delhivery,Delivered
2575,2995,2023-03-25,2023-03-26,Chandigarh,DTDC,Delivered
2576,2996,2024-08-29,2024-09-01,Ahmedabad,BlueDart,Delivered
2577,2997,2022-07-04,2022-07-06,Pune,DTDC,Delivered
2578,2998,2022-02-09,2022-02-14,Indore,IndiaPost,Delivered
2579,2999,2022-11-05,2022-11-09,Hyderabad,Delhivery,Delivered
2580,3000,2023-09-30,2023-10-04,Kolkata,BlueDart,Delivered
2581,3001,2024-06-27,2024-06-28,Surat,Ekart,Delivered
2582,3002,2025-05-22,2025-05-29,Nagpur,DTDC,Delivered
2583,3003,2024-05-16,2024-05-21,Ahmedabad,Ekart,Delivered
2584,3005,2024-07-17,2024-07-18,Bengaluru,BlueDart,Delivered
2585,3006,2024-02-13,2024-02-14,Ahmedabad,BlueDart,Delivered
2586,3007,2025-09-23,2025-09-25,Delhi,Ekart,Delivered
2587,3008,2024-11-04,2024-11-07,Hyderabad,Ekart,Delivered
2588,3009,2022-09-30,2022-10-01,Indore,BlueDart,Delivered
2589,3010,2022-07-11,2022-07-17,Lucknow,DTDC,Delivered
2590,3011,2024-01-26,2024-01-29,Hyderabad,Ekart,Delivered
2591,3012,2024-06-17,2024-06-23,Surat,IndiaPost,Delivered
2592,3014,2024-10-17,2024-10-18,Indore,DTDC,Delayed
2593,3015,2023-01-22,2023-01-24,Chennai,Ekart,Delivered
2594,3016,2024-07-19,2024-07-23,Indore,DTDC,Delivered
2595,3017,2022-11-21,2022-11-24,Lucknow,Delhivery,Delivered
2596,3019,2024-03-14,2024-03-21,Pune,DTDC,Delivered
2597,3020,2024-10-07,2024-10-08,Lucknow,DTDC,Delivered
2598,3021,2024-03-27,2024-04-03,Ahmedabad,Delhivery,Delivered
2599,3022,2023-07-05,2023-07-10,Lucknow,IndiaPost,Delayed
2600,3023,2022-04-04,2022-04-09,Kolkata,DTDC,Delivered
2601,3024,2023-10-04,2023-10-10,Hyderabad,Delhivery,Delivered
2602,3025,2024-08-30,2024-09-06,Chandigarh,Delhivery,Delivered
2603,3026,2023-09-09,2023-09-16,Chennai,Ekart,Delivered
2604,3027,2025-04-19,2025-04-25,Ahmedabad,Ekart,Delivered
2605,3028,2025-11-15,2025-11-21,Chennai,IndiaPost,Delivered
2606,3029,2024-07-04,2024-07-08,Chandigarh,Ekart,Delivered
2607,3030,2025-03-08,2025-03-09,Delhi,Ekart,Delivered
2608,3031,2024-05-26,2024-06-01,Chennai,Ekart,Delayed
2609,3032,2023-07-17,2023-07-23,Kolkata,IndiaPost,In Transit
2610,3033,2023-10-10,2023-10-13,Chandigarh,DTDC,Delivered
2611,3034,2022-06-07,2022-06-11,Jaipur,IndiaPost,In Transit
2612,3035,2024-04-09,2024-04-14,Chandigarh,Delhivery,Delivered
2613,3036,2025-06-21,2025-06-26,Surat,DTDC,Delivered
2614,3037,2024-08-25,2024-08-26,Jaipur,BlueDart,Delivered
2615,3038,2022-02-05,2022-02-08,Lucknow,DTDC,Delivered
2616,3039,2025-10-16,2025-10-21,Delhi,BlueDart,Delivered
2617,3040,2025-11-25,2025-12-02,Pune,Ekart,In Transit
2618,3041,2024-12-27,2025-01-03,Lucknow,Ekart,Delivered
2619,3042,2024-10-08,2024-10-12,Chennai,Ekart,Delivered
2620,3043,2024-08-25,2024-08-29,Nagpur,IndiaPost,Delivered
2621,3044,2023-02-27,2023-03-05,Surat,Ekart,Delivered
2622,3045,2023-07-13,2023-07-17,Chandigarh,Delhivery,Delivered
2623,3048,2023-06-01,2023-06-02,Delhi,DTDC,Delivered
2624,3049,2024-12-03,2024-12-09,Bengaluru,Delhivery,In Transit
2625,3050,2023-08-05,2023-08-08,Chennai,BlueDart,Delivered
2626,3051,2023-12-06,2023-12-10,Jaipur,Delhivery,Delivered
2627,3052,2025-03-31,2025-04-02,Surat,BlueDart,Delivered
2628,3054,2024-10-08,2024-10-09,Pune,DTDC,Delivered
2629,3055,2025-12-18,2025-12-24,Hyderabad,DTDC,Delivered
2630,3056,2022-09-24,2022-09-25,Jaipur,Delhivery,Delivered
2631,3057,2022-01-13,2022-01-15,Mumbai,Delhivery,Delivered
2632,3058,2024-10-27,2024-11-01,Ahmedabad,IndiaPost,Delayed
2633,3059,2022-09-23,2022-09-30,Ahmedabad,IndiaPost,Delivered
2634,3060,2022-10-24,2022-10-26,Ahmedabad,BlueDart,Delivered
2635,3061,2025-04-06,2025-04-12,Mumbai,Ekart,Delivered
2636,3064,2023-03-10,2023-03-13,Jaipur,Delhivery,Delivered
2637,3065,2025-08-23,2025-08-24,Bengaluru,BlueDart,Delivered
2638,3066,2022-04-12,2022-04-16,Nagpur,IndiaPost,Delivered
2639,3067,2025-04-14,2025-04-15,Kochi,Ekart,Delivered
2640,3068,2024-02-25,2024-02-26,Hyderabad,Delhivery,Delivered
2641,3069,2025-03-31,2025-04-04,Bengaluru,DTDC,Delivered
2642,3070,2025-11-30,2025-12-02,Mumbai,BlueDart,Delivered
2643,3072,2025-09-07,2025-09-12,Chennai,Ekart,In Transit
2644,3074,2022-04-04,2022-04-09,Lucknow,Ekart,Delivered
2645,3075,2023-02-18,2023-02-21,Mumbai,IndiaPost,Delivered
2646,3076,2024-06-07,2024-06-12,Jaipur,IndiaPost,Delivered
2647,3077,2024-02-10,2024-02-12,Bengaluru,BlueDart,Delivered
2648,3081,2022-01-04,2022-01-05,Chennai,DTDC,Delivered
2649,3082,2024-04-19,2024-04-23,Indore,DTDC,Delivered
2650,3083,2025-03-12,2025-03-16,Surat,Delhivery,Delayed
2651,3084,2023-10-30,2023-11-06,Delhi,BlueDart,Delivered
2652,3085,2023-02-25,2023-03-04,Lucknow,BlueDart,Delivered
2653,3086,2025-12-07,2025-12-08,Kolkata,DTDC,Delivered
2654,3087,2024-03-09,2024-03-13,Bengaluru,BlueDart,Delayed
2655,3089,2024-07-05,2024-07-12,Chennai,IndiaPost,Delivered
2656,3091,2024-10-20,2024-10-25,Pune,Delhivery,Delivered
2657,3092,2024-01-17,2024-01-21,Chandigarh,Ekart,Delayed
2658,3094,2025-10-07,2025-10-12,Ahmedabad,IndiaPost,Delivered
2659,3095,2024-10-01,2024-10-02,Bengaluru,Ekart,Delivered
2660,3096,2022-08-23,2022-08-26,Hyderabad,Ekart,Delivered
2661,3097,2022-07-22,2022-07-23,Chandigarh,BlueDart,Delivered
2662,3098,2023-06-06,2023-06-08,Kochi,BlueDart,In Transit
2663,3100,2025-05-05,2025-05-10,Indore,DTDC,Delivered
2664,3101,2025-09-13,2025-09-16,Kochi,Ekart,Delivered
2665,3102,2025-03-16,2025-03-22,Indore,BlueDart,Delivered
2666,3104,2025-12-09,2025-12-11,Indore,BlueDart,Delivered
2667,3105,2025-02-16,2025-02-20,Hyderabad,Delhivery,Delivered
2668,3107,2024-11-15,2024-11-20,Chennai,Delhivery,Delivered
2669,3108,2024-05-11,2024-05-12,Bengaluru,DTDC,Delivered
2670,3109,2024-11-02,2024-11-04,Indore,Ekart,Delivered
2671,3110,2025-02-04,2025-02-11,Lucknow,BlueDart,Delivered
2672,3111,2022-12-09,2022-12-12,Kochi,BlueDart,Delivered
2673,3112,2023-03-28,2023-03-29,Ahmedabad,Ekart,Delivered
2674,3113,2023-10-28,2023-10-30,Surat,BlueDart,Delayed
2675,3115,2022-05-11,2022-05-12,Chandigarh,IndiaPost,Delivered
2676,3116,2024-06-08,2024-06-09,Pune,Delhivery,In Transit
2677,3117,2022-07-01,2022-07-08,Chandigarh,BlueDart,Delivered
2678,3118,2023-09-15,2023-09-19,Delhi,Ekart,Delivered
2679,3119,2022-09-11,2022-09-14,Lucknow,Delhivery,Delivered
2680,3120,2023-07-06,2023-07-12,Indore,Delhivery,Delivered
2681,3121,2022-04-09,2022-04-16,Ahmedabad,BlueDart,Delivered
2682,3122,2024-04-05,2024-04-09,Lucknow,IndiaPost,Delivered
2683,3123,2022-06-24,2022-07-01,Bengaluru,BlueDart,Delayed
2684,3124,2022-01-19,2022-01-26,Nagpur,BlueDart,Delayed
2685,3125,2025-07-25,2025-07-26,Ahmedabad,BlueDart,Delivered
2686,3126,2025-10-26,2025-10-27,Ahmedabad,Ekart,In Transit
2687,3127,2025-04-13,2025-04-20,Ahmedabad,DTDC,Delivered
2688,3128,2023-03-10,2023-03-15,Lucknow,Delhivery,Delivered
2689,3129,2023-09-23,2023-09-30,Ahmedabad,IndiaPost,Delivered
2690,3130,2024-01-01,2024-01-08,Kochi,IndiaPost,Delivered
2691,3131,2025-03-06,2025-03-10,Bengaluru,IndiaPost,Delivered
2692,3132,2023-12-03,2023-12-07,Chandigarh,BlueDart,Delivered
2693,3133,2024-04-11,2024-04-12,Surat,BlueDart,Delivered
2694,3134,2023-07-12,2023-07-15,Chandigarh,DTDC,Delivered
2695,3135,2025-09-25,2025-09-30,Bengaluru,BlueDart,Delivered
2696,3138,2023-03-10,2023-03-15,Chandigarh,Delhivery,Delivered
2697,3139,2023-03-03,2023-03-10,Jaipur,BlueDart,Delivered
2698,3140,2025-09-29,2025-10-02,Pune,DTDC,Delivered
2699,3142,2025-09-14,2025-09-16,Lucknow,Delhivery,In Transit
2700,3143,2023-10-19,2023-10-26,Ahmedabad,Delhivery,Delivered
2701,3144,2024-11-11,2024-11-12,Delhi,Delhivery,Delivered
2702,3145,2023-11-16,2023-11-17,Bengaluru,Ekart,Delivered
2703,3146,2024-11-03,2024-11-04,Bengaluru,Delhivery,Delayed
2704,3147,2022-06-21,2022-06-24,Jaipur,BlueDart,Delivered
2705,3148,2023-10-22,2023-10-27,Jaipur,Delhivery,Delivered
2706,3150,2026-01-01,2026-01-04,Bengaluru,BlueDart,Delivered
2707,3151,2022-03-25,2022-03-26,Jaipur,IndiaPost,Delivered
2708,3152,2024-12-24,2024-12-29,Delhi,Ekart,Delivered
2709,3154,2023-03-22,2023-03-23,Chandigarh,BlueDart,Delivered
2710,3155,2025-11-05,2025-11-09,Nagpur,Ekart,Delivered
2711,3156,2023-11-05,2023-11-07,Lucknow,Delhivery,Delivered
2712,3157,2023-01-13,2023-01-18,Bengaluru,Delhivery,Delivered
2713,3158,2022-02-10,2022-02-17,Ahmedabad,Delhivery,In Transit
2714,3159,2023-12-24,2023-12-29,Delhi,IndiaPost,Delivered
2715,3160,2024-12-06,2024-12-13,Surat,Delhivery,In Transit
2716,3162,2025-02-19,2025-02-23,Jaipur,Delhivery,Delivered
2717,3164,2024-05-20,2024-05-26,Hyderabad,BlueDart,Delivered
2718,3165,2025-09-13,2025-09-17,Chennai,BlueDart,Delayed
2719,3169,2023-06-18,2023-06-25,Surat,DTDC,Delivered
2720,3170,2025-11-30,2025-12-03,Kolkata,DTDC,Delivered
2721,3171,2022-05-10,2022-05-11,Mumbai,BlueDart,Delivered
2722,3172,2022-01-26,2022-01-31,Indore,DTDC,Delayed
2723,3173,2025-03-26,2025-03-29,Ahmedabad,IndiaPost,Delivered
2724,3174,2024-07-01,2024-07-07,Ahmedabad,Ekart,Delivered
2725,3175,2025-12-17,2025-12-20,Ahmedabad,IndiaPost,Delivered
2726,3176,2022-10-13,2022-10-18,Pune,Delhivery,Delivered
2727,3177,2025-01-27,2025-01-31,Nagpur,DTDC,Delivered
2728,3178,2023-10-27,2023-10-30,Nagpur,IndiaPost,Delivered
2729,3179,2025-11-23,2025-11-28,Delhi,DTDC,Delivered
2730,3180,2022-06-18,2022-06-24,Bengaluru,BlueDart,Delivered
2731,3181,2025-03-11,2025-03-12,Ahmedabad,DTDC,Delivered
2732,3182,2023-01-17,2023-01-22,Nagpur,Ekart,Delivered
2733,3183,2024-09-05,2024-09-08,Chandigarh,Delhivery,Delivered
2734,3184,2025-08-13,2025-08-17,Jaipur,BlueDart,In Transit
2735,3185,2023-09-28,2023-10-01,Bengaluru,IndiaPost,Delivered
2736,3186,2024-04-11,2024-04-14,Surat,IndiaPost,Delivered
2737,3187,2023-04-30,2023-05-01,Chennai,IndiaPost,Delivered
2738,3188,2023-05-09,2023-05-12,Mumbai,Delhivery,Delivered
2739,3190,2024-11-26,2024-12-01,Jaipur,IndiaPost,Delivered
2740,3191,2025-10-23,2025-10-30,Ahmedabad,Ekart,Delivered
2741,3192,2025-05-27,2025-05-29,Kochi,Ekart,Delivered
2742,3195,2023-07-06,2023-07-10,Kochi,Delhivery,Delivered
2743,3196,2022-12-15,2022-12-20,Hyderabad,BlueDart,Delivered
2744,3197,2023-10-18,2023-10-20,Surat,DTDC,In Transit
2745,3198,2023-09-18,2023-09-21,Kochi,IndiaPost,Delivered
2746,3199,2024-12-13,2024-12-14,Bengaluru,DTDC,Delivered
2747,3200,2025-11-05,2025-11-06,Kochi,Ekart,Delivered
2748,3202,2022-08-16,2022-08-18,Surat,DTDC,Delivered
2749,3203,2024-01-02,2024-01-06,Hyderabad,Ekart,Delayed
2750,3205,2022-03-08,2022-03-11,Lucknow,Ekart,Delivered
2751,3206,2023-07-07,2023-07-10,Lucknow,BlueDart,Delayed
2752,3207,2025-09-13,2025-09-15,Chandigarh,IndiaPost,Delivered
2753,3208,2024-09-23,2024-09-25,Delhi,IndiaPost,Delivered
2754,3211,2025-05-26,2025-05-29,Indore,Delhivery,Delivered
2755,3212,2022-10-02,2022-10-05,Delhi,Delhivery,In Transit
2756,3213,2025-11-21,2025-11-22,Hyderabad,Ekart,Delayed
2757,3214,2023-09-16,2023-09-19,Indore,BlueDart,In Transit
2758,3215,2022-03-29,2022-03-30,Chennai,DTDC,In Transit
2759,3216,2025-03-25,2025-03-30,Chennai,IndiaPost,In Transit
2760,3218,2025-06-18,2025-06-22,Chandigarh,BlueDart,Delivered
2761,3219,2024-01-27,2024-01-30,Kolkata,DTDC,Delivered
2762,3221,2022-08-11,2022-08-12,Mumbai,BlueDart,In Transit
2763,3222,2025-04-10,2025-04-14,Indore,Delhivery,Delivered
2764,3223,2022-03-22,2022-03-24,Lucknow,DTDC,Delivered
2765,3224,2023-02-09,2023-02-13,Ahmedabad,DTDC,Delivered
2766,3225,2025-08-24,2025-08-27,Indore,IndiaPost,Delivered
2767,3226,2022-08-05,2022-08-06,Nagpur,Ekart,Delivered
2768,3227,2024-07-29,2024-07-31,Surat,Delhivery,Delivered
2769,3229,2023-01-04,2023-01-07,Nagpur,DTDC,Delivered
2770,3230,2025-09-27,2025-10-04,Jaipur,Delhivery,Delivered
2771,3231,2024-03-03,2024-03-10,Delhi,IndiaPost,Delivered
2772,3232,2023-07-18,2023-07-22,Kochi,Delhivery,Delivered
2773,3233,2024-06-20,2024-06-25,Chennai,Ekart,Delivered
2774,3234,2023-08-19,2023-08-26,Kochi,IndiaPost,Delayed
2775,3235,2025-01-20,2025-01-26,Hyderabad,DTDC,Delivered
2776,3236,2025-01-13,2025-01-18,Surat,IndiaPost,Delivered
2777,3237,2023-01-11,2023-01-16,Delhi,DTDC,Delivered
2778,3238,2025-10-12,2025-10-13,Lucknow,Ekart,Delivered
2779,3239,2025-09-15,2025-09-21,Nagpur,BlueDart,Delivered
2780,3240,2025-05-13,2025-05-19,Surat,IndiaPost,In Transit
2781,3241,2022-06-06,2022-06-13,Kochi,Delhivery,Delivered
2782,3242,2025-03-30,2025-04-01,Lucknow,IndiaPost,Delivered
2783,3243,2024-08-27,2024-08-31,Delhi,DTDC,Delivered
2784,3244,2025-05-25,2025-05-28,Kochi,DTDC,Delayed
2785,3245,2022-06-20,2022-06-27,Pune,DTDC,Delivered
2786,3246,2022-12-16,2022-12-19,Indore,BlueDart,Delivered
2787,3247,2022-09-26,2022-10-03,Kolkata,DTDC,In Transit
2788,3248,2025-11-30,2025-12-01,Mumbai,Ekart,Delivered
2789,3250,2024-11-17,2024-11-18,Kochi,DTDC,Delivered
2790,3253,2025-07-03,2025-07-10,Kochi,Ekart,Delivered
2791,3254,2024-11-16,2024-11-23,Mumbai,BlueDart,Delivered
2792,3255,2023-08-18,2023-08-20,Surat,Ekart,Delayed
2793,3257,2025-09-10,2025-09-16,Delhi,BlueDart,Delivered
2794,3258,2022-08-31,2022-09-03,Bengaluru,IndiaPost,Delivered
2795,3259,2023-08-10,2023-08-14,Jaipur,Delhivery,Delivered
2796,3260,2024-05-28,2024-05-31,Nagpur,Delhivery,Delivered
2797,3261,2023-01-07,2023-01-12,Chennai,Delhivery,Delivered
2798,3262,2025-06-19,2025-06-21,Surat,BlueDart,Delivered
2799,3263,2023-08-09,2023-08-10,Mumbai,Ekart,Delivered
2800,3264,2025-09-25,2025-09-29,Surat,BlueDart,In Transit
2801,3265,2023-01-05,2023-01-11,Chandigarh,DTDC,In Transit
2802,3266,2022-10-04,2022-10-06,Delhi,Ekart,Delayed
2803,3267,2024-04-11,2024-04-13,Kochi,Ekart,Delivered
2804,3268,2022-01-14,2022-01-16,Lucknow,Ekart,Delivered
2805,3269,2025-10-12,2025-10-14,Nagpur,Delhivery,Delayed
2806,3273,2025-12-17,2025-12-22,Mumbai,DTDC,Delivered
2807,3274,2023-10-25,2023-10-31,Indore,BlueDart,Delivered
2808,3275,2024-12-04,2024-12-09,Nagpur,BlueDart,Delayed
2809,3276,2024-02-04,2024-02-06,Ahmedabad,BlueDart,Delayed
2810,3277,2023-10-22,2023-10-28,Mumbai,Ekart,Delivered
2811,3278,2024-03-11,2024-03-14,Delhi,DTDC,Delivered
2812,3279,2024-03-28,2024-04-03,Kochi,DTDC,Delivered
2813,3280,2023-02-17,2023-02-19,Nagpur,Delhivery,Delayed
2814,3282,2023-05-27,2023-05-31,Hyderabad,BlueDart,Delivered
2815,3283,2025-07-16,2025-07-22,Surat,IndiaPost,Delivered
2816,3284,2022-07-01,2022-07-07,Surat,DTDC,Delivered
2817,3285,2024-05-07,2024-05-08,Indore,IndiaPost,Delivered
2818,3286,2023-06-11,2023-06-15,Jaipur,Ekart,Delivered
2819,3287,2025-06-01,2025-06-07,Chennai,IndiaPost,Delayed
2820,3288,2022-10-02,2022-10-05,Jaipur,Delhivery,Delayed
2821,3289,2024-03-18,2024-03-24,Indore,DTDC,Delivered
2822,3290,2025-10-02,2025-10-07,Mumbai,BlueDart,Delivered
2823,3292,2025-10-31,2025-11-05,Bengaluru,Ekart,Delivered
2824,3293,2022-05-27,2022-05-28,Ahmedabad,IndiaPost,Delivered
2825,3294,2024-02-19,2024-02-24,Bengaluru,BlueDart,Delivered
2826,3295,2024-07-19,2024-07-25,Delhi,DTDC,Delivered
2827,3296,2024-01-08,2024-01-12,Pune,Ekart,Delivered
2828,3297,2025-04-22,2025-04-25,Delhi,BlueDart,Delivered
2829,3298,2025-03-20,2025-03-21,Chennai,DTDC,Delivered
2830,3299,2024-01-10,2024-01-17,Surat,BlueDart,Delivered
2831,3300,2025-01-21,2025-01-23,Kolkata,Delhivery,Delivered
2832,3301,2022-10-17,2022-10-22,Hyderabad,Ekart,Delivered
2833,3303,2024-06-07,2024-06-11,Kolkata,Ekart,Delivered
2834,3304,2023-07-02,2023-07-09,Surat,BlueDart,Delivered
2835,3305,2025-12-01,2025-12-05,Bengaluru,Ekart,Delayed
2836,3306,2022-10-20,2022-10-23,Chennai,Delhivery,Delivered
2837,3308,2024-08-11,2024-08-14,Mumbai,IndiaPost,Delivered
2838,3309,2024-03-12,2024-03-18,Pune,Ekart,Delivered
2839,3310,2023-09-21,2023-09-26,Surat,Ekart,Delivered
2840,3311,2023-03-03,2023-03-10,Jaipur,BlueDart,Delivered
2841,3312,2024-05-19,2024-05-20,Lucknow,Delhivery,Delivered
2842,3313,2023-08-30,2023-09-03,Pune,IndiaPost,Delivered
2843,3314,2022-09-05,2022-09-10,Pune,Delhivery,Delivered
2844,3315,2022-02-11,2022-02-15,Mumbai,Ekart,Delivered
2845,3316,2022-12-01,2022-12-02,Surat,Delhivery,Delivered
2846,3317,2024-01-23,2024-01-24,Surat,Ekart,Delivered
2847,3320,2024-03-01,2024-03-06,Lucknow,DTDC,Delivered
2848,3321,2025-11-12,2025-11-19,Nagpur,Ekart,Delivered
2849,3322,2025-06-29,2025-07-06,Hyderabad,Delhivery,Delivered
2850,3323,2025-12-28,2025-12-30,Mumbai,Delhivery,Delivered
2851,3324,2024-08-16,2024-08-20,Jaipur,IndiaPost,Delivered
2852,3325,2025-01-03,2025-01-05,Surat,BlueDart,Delivered
2853,3327,2023-07-06,2023-07-07,Jaipur,IndiaPost,Delivered
2854,3328,2024-08-15,2024-08-17,Kochi,IndiaPost,Delivered
2855,3329,2022-07-25,2022-08-01,Ahmedabad,Ekart,Delivered
2856,3330,2023-09-05,2023-09-11,Kochi,IndiaPost,In Transit
2857,3331,2022-08-04,2022-08-09,Kochi,IndiaPost,Delivered
2858,3333,2023-12-31,2024-01-07,Kolkata,Ekart,Delayed
2859,3334,2022-07-17,2022-07-18,Nagpur,Ekart,Delivered
2860,3336,2022-09-28,2022-10-03,Indore,Delhivery,Delivered
2861,3337,2023-05-21,2023-05-23,Kochi,Delhivery,Delivered
2862,3338,2023-05-07,2023-05-12,Surat,BlueDart,In Transit
2863,3339,2025-07-28,2025-08-03,Jaipur,Delhivery,Delivered
2864,3340,2022-10-09,2022-10-13,Mumbai,BlueDart,In Transit
2865,3341,2025-01-05,2025-01-08,Indore,Ekart,Delivered
2866,3342,2023-01-24,2023-01-29,Ahmedabad,Ekart,Delivered
2867,3343,2023-06-09,2023-06-14,Surat,Delhivery,Delayed
2868,3344,2024-04-24,2024-05-01,Chennai,IndiaPost,Delivered
2869,3345,2025-01-29,2025-02-01,Delhi,Delhivery,Delivered
2870,3346,2025-06-15,2025-06-21,Ahmedabad,Delhivery,Delivered
2871,3347,2024-12-27,2024-12-28,Delhi,Ekart,In Transit
2872,3348,2022-12-30,2023-01-06,Mumbai,Ekart,Delivered
2873,3349,2025-02-08,2025-02-11,Bengaluru,DTDC,Delivered
2874,3350,2023-08-05,2023-08-06,Kolkata,DTDC,Delivered
2875,3351,2025-02-16,2025-02-21,Nagpur,Ekart,Delivered
2876,3352,2022-02-10,2022-02-11,Kochi,IndiaPost,Delivered
2877,3353,2023-03-10,2023-03-13,Mumbai,IndiaPost,Delivered
2878,3355,2024-03-21,2024-03-23,Indore,Ekart,Delivered
2879,3356,2022-01-22,2022-01-23,Surat,Ekart,Delivered
2880,3357,2025-10-30,2025-11-03,Nagpur,Delhivery,Delivered
2881,3358,2023-04-11,2023-04-14,Jaipur,Ekart,Delivered
2882,3359,2022-09-16,2022-09-20,Kochi,IndiaPost,Delivered
2883,3361,2025-07-01,2025-07-04,Surat,DTDC,Delivered
2884,3362,2025-12-24,2025-12-27,Pune,DTDC,Delivered
2885,3363,2023-10-02,2023-10-09,Nagpur,BlueDart,Delayed
2886,3364,2024-11-16,2024-11-23,Ahmedabad,Delhivery,In Transit
2887,3365,2024-11-11,2024-11-18,Pune,IndiaPost,Delivered
2888,3366,2023-06-16,2023-06-20,Mumbai,Delhivery,Delivered
2889,3367,2023-12-26,2024-01-01,Pune,IndiaPost,Delivered
2890,3368,2024-01-21,2024-01-27,Ahmedabad,IndiaPost,Delivered
2891,3369,2023-11-10,2023-11-14,Delhi,Ekart,Delivered
2892,3371,2025-10-05,2025-10-12,Nagpur,Delhivery,Delayed
2893,3372,2022-07-21,2022-07-22,Ahmedabad,IndiaPost,Delivered
2894,3373,2022-12-04,2022-12-10,Surat,BlueDart,In Transit
2895,3374,2025-09-10,2025-09-17,Hyderabad,BlueDart,Delivered
2896,3375,2024-05-15,2024-05-19,Delhi,Ekart,Delivered
2897,3377,2025-01-28,2025-02-02,Nagpur,BlueDart,Delivered
2898,3378,2023-04-13,2023-04-20,Jaipur,IndiaPost,Delivered
2899,3380,2024-09-14,2024-09-15,Indore,BlueDart,Delivered
2900,3381,2022-03-01,2022-03-07,Kolkata,Delhivery,Delivered
2901,3382,2025-03-05,2025-03-07,Jaipur,DTDC,Delivered
2902,3384,2022-09-05,2022-09-07,Hyderabad,Delhivery,Delayed
2903,3385,2024-06-11,2024-06-16,Ahmedabad,Delhivery,Delivered
2904,3386,2022-02-09,2022-02-11,Kolkata,Delhivery,Delivered
2905,3389,2023-05-03,2023-05-10,Chennai,IndiaPost,Delivered
2906,3390,2022-10-28,2022-11-01,Kolkata,Delhivery,Delivered
2907,3391,2022-07-02,2022-07-09,Pune,DTDC,Delivered
2908,3392,2022-08-01,2022-08-03,Mumbai,DTDC,In Transit
2909,3393,2024-10-07,2024-10-10,Nagpur,Delhivery,Delivered
2910,3394,2024-11-17,2024-11-20,Chandigarh,IndiaPost,In Transit
2911,3395,2025-05-21,2025-05-22,Lucknow,Delhivery,Delivered
2912,3397,2023-03-05,2023-03-09,Surat,BlueDart,Delivered
2913,3398,2025-08-09,2025-08-10,Hyderabad,IndiaPost,Delayed
2914,3400,2023-05-30,2023-06-04,Kolkata,BlueDart,In Transit
2915,3401,2023-03-07,2023-03-12,Chennai,Delhivery,Delivered
2916,3402,2025-06-22,2025-06-27,Nagpur,BlueDart,Delivered
2917,3404,2022-12-25,2022-12-28,Bengaluru,DTDC,Delivered
2918,3405,2023-03-23,2023-03-28,Hyderabad,IndiaPost,Delivered
2919,3407,2023-08-09,2023-08-11,Chandigarh,IndiaPost,Delivered
2920,3408,2025-05-23,2025-05-24,Chandigarh,Delhivery,Delivered
2921,3409,2022-11-01,2022-11-05,Lucknow,IndiaPost,In Transit
2922,3410,2025-02-26,2025-02-27,Mumbai,DTDC,Delivered
2923,3411,2025-05-27,2025-05-30,Chandigarh,Delhivery,Delivered
2924,3412,2023-08-15,2023-08-17,Bengaluru,BlueDart,Delivered
2925,3414,2022-10-19,2022-10-24,Kochi,IndiaPost,Delivered
2926,3415,2023-07-03,2023-07-04,Hyderabad,BlueDart,Delivered
2927,3416,2022-11-08,2022-11-11,Ahmedabad,Delhivery,Delivered
2928,3418,2025-04-11,2025-04-18,Surat,Delhivery,Delivered
2929,3419,2022-07-12,2022-07-19,Kolkata,BlueDart,Delivered
2930,3420,2022-12-27,2022-12-29,Bengaluru,Ekart,Delivered
2931,3421,2022-11-20,2022-11-24,Bengaluru,IndiaPost,Delivered
2932,3422,2024-05-27,2024-05-30,Ahmedabad,IndiaPost,Delivered
2933,3423,2025-04-17,2025-04-18,Indore,Delhivery,Delivered
2934,3424,2022-04-09,2022-04-11,Hyderabad,DTDC,Delivered
2935,3425,2023-03-12,2023-03-16,Bengaluru,DTDC,Delivered
2936,3426,2022-09-02,2022-09-07,Bengaluru,Ekart,Delivered
2937,3428,2022-01-30,2022-02-04,Chandigarh,IndiaPost,Delivered
2938,3429,2024-12-09,2024-12-13,Chennai,DTDC,Delayed
2939,3430,2024-12-05,2024-12-09,Nagpur,BlueDart,Delayed
2940,3431,2025-08-29,2025-09-03,Lucknow,DTDC,Delivered
2941,3432,2023-02-13,2023-02-15,Kolkata,DTDC,Delivered
2942,3433,2024-08-27,2024-09-01,Lucknow,IndiaPost,Delivered
2943,3434,2023-07-29,2023-08-05,Kolkata,IndiaPost,Delivered
2944,3435,2023-08-10,2023-08-11,Indore,IndiaPost,Delivered
2945,3436,2022-04-01,2022-04-07,Kochi,IndiaPost,Delivered
2946,3437,2024-05-31,2024-06-07,Chandigarh,IndiaPost,Delivered
2947,3439,2023-03-14,2023-03-18,Chandigarh,Delhivery,Delivered
2948,3440,2023-12-26,2023-12-30,Pune,BlueDart,Delivered
2949,3441,2024-02-08,2024-02-09,Chandigarh,BlueDart,Delivered
2950,3442,2023-03-13,2023-03-20,Hyderabad,Ekart,In Transit
2951,3443,2025-11-02,2025-11-03,Kolkata,Ekart,Delivered
2952,3444,2024-11-04,2024-11-10,Kochi,DTDC,Delivered
2953,3445,2025-11-08,2025-11-09,Nagpur,Delhivery,Delivered
2954,3446,2023-05-11,2023-05-15,Surat,IndiaPost,Delivered
2955,3447,2023-10-20,2023-10-23,Kochi,Delhivery,Delivered
2956,3448,2024-02-11,2024-02-17,Jaipur,DTDC,Delivered
2957,3449,2025-12-22,2025-12-24,Jaipur,Delhivery,Delivered
2958,3450,2024-10-02,2024-10-04,Indore,Ekart,Delivered
2959,3451,2025-07-26,2025-07-28,Kochi,BlueDart,Delivered
2960,3452,2023-08-09,2023-08-14,Jaipur,BlueDart,Delivered
2961,3454,2023-06-01,2023-06-02,Pune,DTDC,In Transit
2962,3455,2022-08-18,2022-08-22,Kochi,Delhivery,Delivered
2963,3456,2023-06-25,2023-07-02,Mumbai,IndiaPost,Delivered
2964,3457,2024-10-03,2024-10-04,Pune,IndiaPost,Delivered
2965,3458,2023-03-17,2023-03-22,Chennai,Delhivery,Delivered
2966,3459,2025-07-24,2025-07-26,Mumbai,BlueDart,Delivered
2967,3460,2025-04-07,2025-04-12,Hyderabad,IndiaPost,Delivered
2968,3461,2023-12-16,2023-12-22,Jaipur,DTDC,Delivered
2969,3462,2023-03-17,2023-03-23,Mumbai,BlueDart,Delayed
2970,3463,2024-09-13,2024-09-17,Pune,Delhivery,Delivered
2971,3464,2022-03-01,2022-03-02,Lucknow,Delhivery,Delivered
2972,3465,2023-04-28,2023-05-02,Jaipur,BlueDart,Delivered
2973,3466,2023-10-31,2023-11-03,Kochi,IndiaPost,Delivered
2974,3467,2025-03-31,2025-04-02,Jaipur,Ekart,Delivered
2975,3468,2022-05-16,2022-05-17,Indore,DTDC,Delivered
2976,3469,2022-05-27,2022-06-03,Pune,DTDC,Delivered
2977,3470,2023-01-24,2023-01-29,Ahmedabad,DTDC,Delayed
2978,3471,2023-06-29,2023-07-01,Kolkata,Ekart,Delivered
2979,3472,2024-05-28,2024-06-04,Delhi,DTDC,Delivered
2980,3473,2023-01-06,2023-01-10,Chandigarh,DTDC,Delayed
2981,3474,2024-09-01,2024-09-03,Hyderabad,Delhivery,Delayed
2982,3475,2022-04-21,2022-04-24,Chennai,DTDC,Delivered
2983,3476,2022-02-14,2022-02-15,Indore,Delhivery,Delivered
2984,3477,2022-04-13,2022-04-18,Hyderabad,IndiaPost,Delivered
2985,3478,2024-03-22,2024-03-27,Lucknow,BlueDart,Delivered
2986,3481,2023-11-21,2023-11-22,Ahmedabad,DTDC,In Transit
2987,3482,2024-04-27,2024-05-03,Lucknow,DTDC,Delivered
2988,3483,2024-06-19,2024-06-23,Jaipur,IndiaPost,Delivered
2989,3484,2024-07-08,2024-07-14,Lucknow,Delhivery,Delivered
2990,3485,2023-07-30,2023-08-02,Nagpur,BlueDart,Delivered
2991,3487,2023-07-14,2023-07-20,Indore,IndiaPost,Delivered
2992,3488,2022-12-23,2022-12-29,Delhi,Delhivery,Delivered
2993,3489,2024-01-20,2024-01-22,Nagpur,BlueDart,Delayed
2994,3490,2024-02-27,2024-03-05,Chennai,Ekart,Delivered
2995,3491,2022-04-11,2022-04-16,Chennai,IndiaPost,Delivered
2996,3492,2023-08-28,2023-09-03,Nagpur,BlueDart,Delivered
2997,3493,2025-08-26,2025-09-02,Kolkata,Delhivery,Delivered
2998,3495,2024-02-08,2024-02-11,Hyderabad,BlueDart,Delivered
2999,3496,2024-07-17,2024-07-24,Indore,Delhivery,Delivered
3000,3498,2025-08-15,2025-08-22,Chandigarh,Delhivery,Delivered
3001,3500,2023-06-20,2023-06-26,Mumbai,Ekart,Delivered
3002,3501,2025-11-29,2025-12-04,Nagpur,IndiaPost,Delivered
3003,3502,2024-04-06,2024-04-12,Pune,DTDC,Delivered
3004,3504,2023-09-01,2023-09-06,Pune,IndiaPost,Delivered
3005,3505,2024-07-26,2024-07-27,Mumbai,IndiaPost,Delivered
3006,3506,2023-11-03,2023-11-08,Jaipur,IndiaPost,Delayed
3007,3507,2024-08-24,2024-08-25,Jaipur,IndiaPost,Delivered
3008,3508,2022-04-07,2022-04-14,Chandigarh,Delhivery,Delivered
3009,3509,2025-12-05,2025-12-11,Pune,Ekart,Delivered
3010,3510,2023-10-18,2023-10-23,Chandigarh,DTDC,Delivered
3011,3511,2025-09-02,2025-09-04,Bengaluru,DTDC,Delivered
3012,3513,2023-12-16,2023-12-17,Indore,Ekart,Delivered
3013,3516,2024-04-10,2024-04-14,Nagpur,Delhivery,Delivered
3014,3519,2022-05-02,2022-05-08,Chennai,DTDC,Delivered
3015,3520,2025-06-14,2025-06-18,Kolkata,BlueDart,Delivered
3016,3522,2025-07-01,2025-07-02,Surat,DTDC,Delivered
3017,3523,2025-08-07,2025-08-11,Nagpur,Ekart,Delivered
3018,3525,2025-08-31,2025-09-02,Pune,Delhivery,Delayed
3019,3526,2022-10-17,2022-10-23,Mumbai,BlueDart,Delivered
3020,3527,2025-11-29,2025-12-01,Delhi,IndiaPost,Delivered
3021,3528,2023-04-16,2023-04-23,Indore,Delhivery,Delivered
3022,3529,2023-11-14,2023-11-18,Mumbai,Delhivery,Delivered
3023,3530,2025-04-07,2025-04-08,Surat,IndiaPost,Delivered
3024,3531,2023-11-04,2023-11-09,Bengaluru,DTDC,Delivered
3025,3532,2023-07-12,2023-07-17,Kochi,DTDC,Delivered
3026,3533,2023-02-04,2023-02-06,Kolkata,IndiaPost,Delivered
3027,3535,2024-08-10,2024-08-15,Mumbai,Ekart,Delivered
3028,3536,2022-02-03,2022-02-07,Nagpur,IndiaPost,Delivered
3029,3537,2023-01-21,2023-01-26,Bengaluru,Ekart,Delayed
3030,3538,2024-06-24,2024-06-28,Pune,Delhivery,Delivered
3031,3539,2022-03-23,2022-03-24,Indore,Ekart,Delivered
3032,3540,2022-04-25,2022-04-26,Nagpur,DTDC,Delivered
3033,3541,2023-11-10,2023-11-15,Surat,Ekart,Delivered
3034,3542,2025-02-08,2025-02-10,Hyderabad,BlueDart,Delivered
3035,3545,2024-01-03,2024-01-08,Kochi,DTDC,Delivered
3036,3547,2023-07-28,2023-08-02,Jaipur,Delhivery,In Transit
3037,3549,2025-06-20,2025-06-24,Surat,IndiaPost,Delivered
3038,3550,2024-10-27,2024-11-03,Bengaluru,DTDC,Delivered
3039,3551,2024-08-12,2024-08-19,Mumbai,Delhivery,Delivered
3040,3552,2025-01-13,2025-01-19,Indore,DTDC,Delivered
3041,3553,2022-08-02,2022-08-03,Mumbai,BlueDart,In Transit
3042,3555,2022-09-21,2022-09-27,Pune,Ekart,Delivered
3043,3556,2023-09-05,2023-09-08,Lucknow,DTDC,Delayed
3044,3557,2023-05-21,2023-05-22,Hyderabad,Ekart,Delivered
3045,3558,2025-12-16,2025-12-17,Bengaluru,DTDC,Delivered
3046,3559,2022-03-25,2022-03-30,Nagpur,DTDC,Delivered
3047,3560,2022-06-06,2022-06-13,Delhi,BlueDart,Delivered
3048,3561,2024-01-17,2024-01-18,Ahmedabad,DTDC,In Transit
3049,3563,2025-03-11,2025-03-14,Kolkata,IndiaPost,Delivered
3050,3564,2024-12-13,2024-12-15,Ahmedabad,Delhivery,Delivered
3051,3565,2025-01-09,2025-01-11,Hyderabad,BlueDart,In Transit
3052,3566,2024-11-27,2024-11-29,Delhi,BlueDart,Delivered
3053,3567,2025-03-16,2025-03-21,Surat,DTDC,Delivered
3054,3568,2022-12-07,2022-12-09,Bengaluru,Delhivery,Delivered
3055,3569,2024-11-24,2024-11-25,Surat,BlueDart,Delivered
3056,3570,2024-01-22,2024-01-25,Ahmedabad,BlueDart,Delivered
3057,3571,2023-04-02,2023-04-08,Delhi,Ekart,Delivered
3058,3573,2023-08-16,2023-08-21,Ahmedabad,BlueDart,Delivered
3059,3574,2022-02-25,2022-03-04,Bengaluru,BlueDart,Delivered
3060,3575,2022-01-23,2022-01-27,Bengaluru,Delhivery,Delivered
3061,3576,2024-02-17,2024-02-18,Ahmedabad,Ekart,In Transit
3062,3577,2023-06-12,2023-06-14,Hyderabad,IndiaPost,Delivered
3063,3578,2022-08-08,2022-08-15,Chandigarh,Delhivery,Delivered
3064,3581,2022-01-22,2022-01-24,Bengaluru,BlueDart,Delivered
3065,3582,2022-11-25,2022-11-30,Chennai,DTDC,Delivered
3066,3583,2025-01-02,2025-01-08,Mumbai,IndiaPost,Delivered
3067,3584,2022-02-24,2022-02-27,Delhi,IndiaPost,Delivered
3068,3585,2022-02-03,2022-02-07,Mumbai,IndiaPost,Delivered
3069,3586,2024-02-02,2024-02-09,Kochi,IndiaPost,In Transit
3070,3587,2023-11-09,2023-11-12,Kochi,BlueDart,Delivered
3071,3588,2025-03-04,2025-03-08,Delhi,Delhivery,In Transit
3072,3589,2022-03-22,2022-03-29,Chandigarh,DTDC,Delivered
3073,3590,2024-03-30,2024-04-04,Bengaluru,BlueDart,Delivered
3074,3591,2025-08-06,2025-08-08,Lucknow,Ekart,Delivered
3075,3592,2024-11-15,2024-11-16,Kochi,Delhivery,Delivered
3076,3593,2025-01-17,2025-01-24,Mumbai,Delhivery,Delivered
3077,3594,2024-12-10,2024-12-15,Mumbai,IndiaPost,In Transit
3078,3595,2024-06-08,2024-06-15,Kolkata,BlueDart,In Transit
3079,3596,2023-01-23,2023-01-29,Jaipur,Delhivery,Delivered
3080,3597,2023-09-20,2023-09-27,Ahmedabad,DTDC,Delivered
3081,3599,2024-04-19,2024-04-21,Hyderabad,BlueDart,Delivered
3082,3600,2022-02-27,2022-03-06,Chennai,Ekart,Delayed
3083,3601,2024-08-24,2024-08-29,Jaipur,Ekart,Delivered
3084,3602,2024-10-17,2024-10-24,Chandigarh,DTDC,Delivered
3085,3603,2024-03-21,2024-03-27,Kolkata,IndiaPost,In Transit
3086,3605,2023-09-16,2023-09-23,Chandigarh,DTDC,Delayed
3087,3606,2022-08-08,2022-08-13,Chandigarh,BlueDart,In Transit
3088,3607,2024-07-19,2024-07-24,Ahmedabad,Ekart,Delivered
3089,3609,2025-07-08,2025-07-10,Hyderabad,IndiaPost,Delivered
3090,3610,2024-12-09,2024-12-16,Kochi,DTDC,Delivered
3091,3611,2024-09-15,2024-09-22,Delhi,DTDC,Delivered
3092,3612,2023-08-03,2023-08-05,Chandigarh,DTDC,In Transit
3093,3613,2024-02-24,2024-02-25,Surat,BlueDart,In Transit
3094,3614,2025-11-28,2025-12-02,Lucknow,Ekart,In Transit
3095,3615,2023-02-02,2023-02-06,Chennai,DTDC,Delivered
3096,3616,2024-07-10,2024-07-17,Ahmedabad,Delhivery,Delivered
3097,3617,2022-02-02,2022-02-04,Chandigarh,Ekart,Delivered
3098,3618,2023-06-08,2023-06-15,Pune,DTDC,Delivered
3099,3619,2022-03-30,2022-04-04,Chennai,IndiaPost,Delivered
3100,3620,2022-03-06,2022-03-07,Chandigarh,IndiaPost,Delivered
3101,3621,2025-06-22,2025-06-24,Chandigarh,Ekart,Delivered
3102,3622,2024-02-28,2024-03-03,Indore,BlueDart,In Transit
3103,3623,2022-08-25,2022-08-31,Hyderabad,Ekart,Delivered
3104,3624,2023-08-10,2023-08-16,Indore,IndiaPost,Delivered
3105,3625,2024-10-21,2024-10-25,Jaipur,Ekart,Delivered
3106,3626,2022-02-28,2022-03-05,Delhi,Ekart,Delivered
3107,3627,2022-10-28,2022-10-29,Bengaluru,BlueDart,Delivered
3108,3629,2023-04-08,2023-04-10,Delhi,IndiaPost,Delivered
3109,3630,2022-07-27,2022-07-30,Chennai,BlueDart,Delivered
3110,3631,2025-01-26,2025-01-30,Chennai,DTDC,Delivered
3111,3632,2025-11-17,2025-11-22,Kochi,Delhivery,Delayed
3112,3633,2024-08-15,2024-08-22,Lucknow,Delhivery,In Transit
3113,3637,2022-02-08,2022-02-15,Jaipur,IndiaPost,Delivered
3114,3639,2023-04-11,2023-04-18,Kochi,DTDC,Delivered
3115,3640,2023-01-18,2023-01-23,Bengaluru,Delhivery,Delivered
3116,3641,2025-12-04,2025-12-08,Bengaluru,Ekart,Delivered
3117,3642,2023-06-24,2023-06-25,Chandigarh,Ekart,Delivered
3118,3643,2024-02-28,2024-03-05,Lucknow,BlueDart,Delivered
3119,3644,2025-04-21,2025-04-23,Mumbai,IndiaPost,Delivered
3120,3645,2023-07-29,2023-08-04,Kochi,Delhivery,Delivered
3121,3646,2024-04-27,2024-05-01,Lucknow,Delhivery,Delivered
3122,3647,2024-06-25,2024-06-28,Surat,Ekart,Delayed
3123,3648,2024-08-10,2024-08-16,Lucknow,IndiaPost,Delivered
3124,3649,2024-09-09,2024-09-11,Hyderabad,IndiaPost,Delayed
3125,3650,2025-01-08,2025-01-10,Pune,Delhivery,In Transit
3126,3651,2024-02-24,2024-02-25,Chennai,Delhivery,Delivered
3127,3652,2022-10-26,2022-10-28,Chennai,Ekart,Delivered
3128,3653,2023-02-28,2023-03-02,Nagpur,BlueDart,Delivered
3129,3654,2022-09-09,2022-09-16,Kolkata,IndiaPost,In Transit
3130,3655,2025-10-20,2025-10-24,Bengaluru,Delhivery,Delivered
3131,3657,2022-10-18,2022-10-24,Lucknow,BlueDart,In Transit
3132,3658,2022-01-17,2022-01-22,Bengaluru,DTDC,Delivered
3133,3660,2022-09-09,2022-09-11,Chandigarh,IndiaPost,In Transit
3134,3661,2022-12-18,2022-12-22,Kochi,Delhivery,Delivered
3135,3662,2023-11-10,2023-11-12,Chennai,IndiaPost,Delivered
3136,3663,2022-07-17,2022-07-19,Kolkata,Delhivery,Delivered
3137,3665,2025-01-27,2025-02-01,Indore,Delhivery,Delivered
3138,3666,2022-08-20,2022-08-27,Nagpur,DTDC,Delivered
3139,3667,2025-04-06,2025-04-13,Pune,DTDC,Delayed
3140,3668,2023-07-25,2023-08-01,Chennai,DTDC,Delivered
3141,3669,2022-02-23,2022-02-25,Jaipur,Delhivery,Delivered
3142,3670,2023-10-19,2023-10-24,Kolkata,BlueDart,Delivered
3143,3671,2025-08-25,2025-08-27,Indore,DTDC,Delayed
3144,3672,2024-09-10,2024-09-13,Lucknow,Delhivery,Delivered
3145,3673,2023-11-07,2023-11-13,Kochi,Ekart,Delivered
3146,3674,2025-05-09,2025-05-15,Kolkata,DTDC,Delivered
3147,3675,2023-02-04,2023-02-05,Bengaluru,Ekart,Delivered
3148,3676,2025-10-24,2025-10-26,Chandigarh,Delhivery,Delivered
3149,3677,2023-10-12,2023-10-14,Surat,IndiaPost,Delivered
3150,3678,2023-06-19,2023-06-22,Mumbai,DTDC,Delivered
3151,3679,2025-04-26,2025-04-29,Surat,Ekart,Delivered
3152,3680,2023-04-23,2023-04-28,Delhi,Delhivery,Delivered
3153,3681,2022-12-03,2022-12-06,Surat,BlueDart,Delivered
3154,3682,2022-04-10,2022-04-17,Chennai,Delhivery,Delivered
3155,3683,2024-06-03,2024-06-09,Nagpur,BlueDart,Delivered
3156,3684,2024-01-12,2024-01-14,Ahmedabad,Ekart,Delivered
3157,3685,2024-12-21,2024-12-26,Bengaluru,DTDC,Delivered
3158,3686,2023-12-29,2024-01-04,Mumbai,BlueDart,Delivered
3159,3687,2022-07-10,2022-07-14,Lucknow,BlueDart,Delivered
3160,3688,2023-05-23,2023-05-24,Pune,IndiaPost,Delivered
3161,3689,2023-06-30,2023-07-07,Delhi,IndiaPost,Delivered
3162,3691,2024-11-03,2024-11-08,Indore,IndiaPost,Delivered
3163,3692,2023-04-02,2023-04-04,Jaipur,DTDC,Delivered
3164,3693,2022-11-09,2022-11-10,Delhi,DTDC,Delivered
3165,3694,2022-09-15,2022-09-19,Mumbai,Delhivery,Delivered
3166,3696,2024-10-11,2024-10-15,Nagpur,Ekart,Delivered
3167,3697,2023-06-19,2023-06-23,Delhi,BlueDart,Delayed
3168,3698,2023-10-22,2023-10-27,Pune,BlueDart,Delivered
3169,3699,2022-03-16,2022-03-18,Indore,BlueDart,Delivered
3170,3700,2025-05-27,2025-05-30,Kolkata,Delhivery,Delivered
3171,3701,2023-09-01,2023-09-06,Ahmedabad,Delhivery,Delivered
3172,3702,2025-02-04,2025-02-09,Lucknow,IndiaPost,Delivered
3173,3703,2024-08-15,2024-08-18,Pune,Delhivery,Delivered
3174,3704,2025-12-01,2025-12-04,Pune,Delhivery,Delivered
3175,3705,2022-02-22,2022-02-24,Ahmedabad,DTDC,Delivered
3176,3706,2022-10-07,2022-10-10,Indore,DTDC,In Transit
3177,3707,2024-11-26,2024-12-01,Delhi,Ekart,Delivered
3178,3708,2024-08-06,2024-08-07,Ahmedabad,Ekart,Delivered
3179,3709,2023-10-10,2023-10-12,Bengaluru,IndiaPost,Delivered
3180,3711,2023-05-22,2023-05-23,Chandigarh,IndiaPost,In Transit
3181,3712,2022-08-04,2022-08-07,Nagpur,Ekart,Delivered
3182,3713,2023-08-13,2023-08-20,Surat,BlueDart,Delivered
3183,3714,2022-03-08,2022-03-11,Kolkata,Ekart,Delivered
3184,3716,2023-11-12,2023-11-18,Surat,IndiaPost,Delivered
3185,3717,2025-05-21,2025-05-26,Hyderabad,BlueDart,Delivered
3186,3718,2024-04-23,2024-04-28,Delhi,DTDC,Delivered
3187,3719,2023-12-30,2024-01-02,Kochi,Ekart,Delivered
3188,3720,2022-09-12,2022-09-14,Indore,IndiaPost,Delivered
3189,3721,2025-03-25,2025-03-27,Surat,BlueDart,Delivered
3190,3723,2023-09-22,2023-09-29,Pune,IndiaPost,Delivered
3191,3724,2024-02-10,2024-02-12,Chandigarh,IndiaPost,In Transit
3192,3725,2025-03-25,2025-03-29,Kochi,DTDC,Delivered
3193,3726,2023-04-01,2023-04-05,Chennai,Ekart,Delivered
3194,3728,2025-01-29,2025-01-31,Nagpur,DTDC,Delivered
3195,3729,2022-01-25,2022-01-26,Kochi,DTDC,Delivered
3196,3731,2022-04-03,2022-04-09,Chandigarh,DTDC,Delivered
3197,3733,2023-04-22,2023-04-24,Chennai,Ekart,Delivered
3198,3734,2025-01-02,2025-01-09,Lucknow,DTDC,Delayed
3199,3735,2023-12-27,2024-01-03,Delhi,IndiaPost,Delivered
3200,3736,2025-10-18,2025-10-22,Indore,Delhivery,Delivered
3201,3738,2022-07-31,2022-08-02,Hyderabad,DTDC,Delivered
3202,3739,2022-07-04,2022-07-10,Chennai,Ekart,Delivered
3203,3740,2023-12-08,2023-12-15,Hyderabad,Delhivery,Delivered
3204,3742,2022-05-28,2022-06-03,Bengaluru,Delhivery,Delayed
3205,3743,2022-09-30,2022-10-02,Indore,IndiaPost,Delivered
3206,3744,2024-10-23,2024-10-30,Mumbai,BlueDart,Delivered
3207,3745,2025-07-16,2025-07-17,Kolkata,IndiaPost,Delivered
3208,3747,2025-04-21,2025-04-25,Kochi,Ekart,Delivered
3209,3748,2025-05-03,2025-05-07,Chennai,Ekart,Delivered
3210,3749,2023-03-11,2023-03-13,Hyderabad,DTDC,Delivered
3211,3750,2024-10-14,2024-10-19,Nagpur,IndiaPost,Delivered
3212,3751,2024-03-09,2024-03-10,Surat,IndiaPost,Delivered
3213,3752,2022-01-31,2022-02-04,Delhi,DTDC,Delivered
3214,3754,2022-05-28,2022-05-31,Bengaluru,Delhivery,Delivered
3215,3755,2024-08-20,2024-08-25,Mumbai,BlueDart,Delivered
3216,3756,2024-09-13,2024-09-19,Pune,IndiaPost,Delivered
3217,3757,2024-01-05,2024-01-12,Kolkata,Delhivery,Delivered
3218,3758,2024-11-05,2024-11-06,Ahmedabad,DTDC,Delivered
3219,3759,2023-12-26,2023-12-30,Kochi,BlueDart,Delivered
3220,3760,2023-03-22,2023-03-25,Bengaluru,BlueDart,Delivered
3221,3761,2022-11-24,2022-11-28,Chandigarh,DTDC,Delivered
3222,3762,2024-02-27,2024-03-03,Chennai,DTDC,Delivered
3223,3763,2023-10-28,2023-11-03,Kolkata,Ekart,Delivered
3224,3764,2022-11-25,2022-12-01,Surat,Delhivery,Delivered
3225,3765,2025-01-16,2025-01-18,Indore,Ekart,In Transit
3226,3767,2024-05-16,2024-05-23,Bengaluru,BlueDart,Delayed
3227,3768,2024-10-06,2024-10-08,Chennai,Delhivery,In Transit
3228,3769,2025-06-07,2025-06-13,Kochi,DTDC,Delivered
3229,3770,2025-02-15,2025-02-18,Hyderabad,Ekart,Delivered
3230,3771,2024-09-30,2024-10-03,Delhi,IndiaPost,Delayed
3231,3772,2024-04-06,2024-04-07,Jaipur,DTDC,Delayed
3232,3773,2023-01-29,2023-02-03,Nagpur,Ekart,Delivered
3233,3774,2025-07-26,2025-07-31,Ahmedabad,Ekart,Delivered
3234,3775,2022-05-17,2022-05-22,Lucknow,Ekart,Delivered
3235,3776,2024-12-01,2024-12-03,Bengaluru,BlueDart,In Transit
3236,3777,2024-08-11,2024-08-16,Ahmedabad,Delhivery,Delivered
3237,3778,2024-06-26,2024-06-29,Bengaluru,BlueDart,Delivered
3238,3779,2023-02-14,2023-02-18,Kochi,DTDC,Delivered
3239,3780,2025-04-07,2025-04-13,Kolkata,Delhivery,Delivered
3240,3781,2023-10-25,2023-10-30,Kolkata,Ekart,Delivered
3241,3783,2022-04-16,2022-04-21,Surat,DTDC,Delivered
3242,3786,2025-09-30,2025-10-07,Jaipur,BlueDart,Delivered
3243,3787,2023-03-16,2023-03-18,Lucknow,Delhivery,Delivered
3244,3788,2025-09-27,2025-10-01,Nagpur,IndiaPost,Delivered
3245,3789,2025-11-18,2025-11-22,Nagpur,Delhivery,In Transit
3246,3790,2023-09-13,2023-09-17,Kochi,IndiaPost,Delayed
3247,3791,2025-01-30,2025-01-31,Kolkata,DTDC,Delivered
3248,3792,2025-02-03,2025-02-05,Chennai,IndiaPost,Delivered
3249,3793,2023-06-07,2023-06-10,Kochi,Delhivery,Delivered
3250,3795,2022-11-18,2022-11-22,Chandigarh,Delhivery,In Transit
3251,3796,2024-07-24,2024-07-30,Mumbai,Delhivery,Delivered
3252,3797,2025-08-23,2025-08-24,Kolkata,BlueDart,Delivered
3253,3798,2023-01-05,2023-01-08,Kochi,IndiaPost,Delivered
3254,3800,2023-09-03,2023-09-06,Ahmedabad,DTDC,Delivered
3255,3801,2025-12-22,2025-12-29,Chennai,BlueDart,Delivered
3256,3802,2023-03-04,2023-03-07,Hyderabad,DTDC,Delivered
3257,3803,2022-02-05,2022-02-12,Chandigarh,DTDC,Delivered
3258,3804,2025-10-24,2025-10-25,Surat,Ekart,Delivered
3259,3805,2022-07-07,2022-07-09,Ahmedabad,Delhivery,Delivered
3260,3806,2025-09-21,2025-09-22,Mumbai,Ekart,Delivered
3261,3807,2023-08-21,2023-08-24,Kolkata,DTDC,Delivered
3262,3808,2025-09-28,2025-10-04,Nagpur,Ekart,Delivered
3263,3809,2022-02-28,2022-03-07,Lucknow,Delhivery,Delivered
3264,3810,2025-11-23,2025-11-24,Ahmedabad,IndiaPost,Delivered
3265,3811,2022-07-06,2022-07-13,Nagpur,Delhivery,Delivered
3266,3812,2025-05-10,2025-05-17,Pune,IndiaPost,Delivered
3267,3813,2024-05-15,2024-05-17,Ahmedabad,DTDC,Delivered
3268,3815,2023-12-27,2024-01-02,Ahmedabad,DTDC,Delivered
3269,3818,2025-05-04,2025-05-05,Lucknow,DTDC,Delivered
3270,3819,2025-03-28,2025-03-30,Jaipur,BlueDart,Delayed
3271,3821,2023-07-14,2023-07-17,Mumbai,Delhivery,Delivered
3272,3822,2022-11-03,2022-11-05,Lucknow,Ekart,Delivered
3273,3824,2024-06-07,2024-06-08,Kolkata,Delhivery,Delivered
3274,3825,2022-06-27,2022-07-02,Ahmedabad,Delhivery,Delivered
3275,3826,2023-12-29,2024-01-04,Kochi,BlueDart,Delivered
3276,3827,2022-05-27,2022-06-02,Lucknow,Ekart,Delivered
3277,3829,2024-02-08,2024-02-12,Nagpur,IndiaPost,Delivered
3278,3830,2024-08-02,2024-08-07,Kochi,Ekart,Delivered
3279,3831,2023-01-15,2023-01-16,Kolkata,BlueDart,Delivered
3280,3832,2025-05-25,2025-05-26,Ahmedabad,Ekart,Delivered
3281,3833,2022-08-20,2022-08-22,Indore,Delhivery,Delivered
3282,3834,2024-07-16,2024-07-20,Pune,DTDC,Delivered
3283,3835,2022-08-14,2022-08-17,Kochi,DTDC,Delivered
3284,3836,2022-01-08,2022-01-12,Pune,Ekart,Delivered
3285,3837,2024-02-11,2024-02-16,Kolkata,Ekart,Delivered
3286,3838,2023-11-24,2023-12-01,Jaipur,Ekart,Delivered
3287,3840,2022-07-20,2022-07-24,Kolkata,BlueDart,Delivered
3288,3841,2023-09-25,2023-10-02,Mumbai,DTDC,Delivered
3289,3842,2025-12-28,2025-12-30,Kolkata,IndiaPost,Delivered
3290,3843,2024-11-16,2024-11-20,Bengaluru,Ekart,In Transit
3291,3844,2022-01-29,2022-01-31,Chandigarh,Delhivery,Delivered
3292,3845,2022-02-10,2022-02-11,Kolkata,Ekart,Delivered
3293,3847,2023-04-03,2023-04-10,Kochi,BlueDart,Delivered
3294,3848,2025-06-25,2025-07-02,Lucknow,Ekart,Delivered
3295,3849,2023-06-12,2023-06-13,Kochi,IndiaPost,In Transit
3296,3850,2024-10-31,2024-11-01,Lucknow,BlueDart,Delayed
3297,3851,2025-07-18,2025-07-21,Chandigarh,DTDC,Delivered
3298,3852,2024-10-13,2024-10-20,Kolkata,BlueDart,Delivered
3299,3853,2023-04-11,2023-04-16,Lucknow,IndiaPost,Delivered
3300,3855,2024-08-26,2024-08-29,Ahmedabad,DTDC,Delivered
3301,3856,2025-11-10,2025-11-15,Surat,BlueDart,Delivered
3302,3858,2023-04-17,2023-04-20,Chennai,Ekart,Delivered
3303,3859,2023-09-14,2023-09-16,Ahmedabad,IndiaPost,Delivered
3304,3860,2025-11-11,2025-11-17,Nagpur,Delhivery,Delivered
3305,3861,2023-03-26,2023-04-02,Chennai,Delhivery,In Transit
3306,3862,2022-11-03,2022-11-08,Kochi,BlueDart,Delivered
3307,3864,2024-01-04,2024-01-10,Kochi,BlueDart,Delivered
3308,3865,2023-10-17,2023-10-20,Hyderabad,IndiaPost,Delivered
3309,3866,2025-11-11,2025-11-18,Jaipur,Ekart,Delivered
3310,3867,2022-02-28,2022-03-03,Delhi,DTDC,In Transit
3311,3868,2025-05-31,2025-06-05,Pune,DTDC,Delayed
3312,3869,2022-09-03,2022-09-05,Lucknow,Ekart,Delivered
3313,3870,2022-04-16,2022-04-17,Pune,Ekart,Delivered
3314,3871,2024-03-01,2024-03-08,Lucknow,IndiaPost,Delivered
3315,3872,2023-04-09,2023-04-15,Ahmedabad,DTDC,Delayed
3316,3874,2022-01-22,2022-01-25,Ahmedabad,IndiaPost,Delivered
3317,3876,2024-09-04,2024-09-07,Surat,Ekart,Delivered
3318,3877,2025-10-25,2025-10-26,Chandigarh,IndiaPost,Delivered
3319,3878,2023-11-17,2023-11-23,Pune,Delhivery,Delivered
3320,3880,2023-11-02,2023-11-08,Kochi,DTDC,In Transit
3321,3881,2024-02-25,2024-03-01,Kolkata,BlueDart,Delivered
3322,3882,2022-05-04,2022-05-10,Hyderabad,Delhivery,Delivered
3323,3883,2025-12-01,2025-12-07,Chandigarh,Ekart,Delivered
3324,3885,2022-11-15,2022-11-18,Indore,Delhivery,Delivered
3325,3886,2022-10-01,2022-10-06,Lucknow,Delhivery,In Transit
3326,3888,2025-07-13,2025-07-19,Hyderabad,Delhivery,Delayed
3327,3889,2024-02-07,2024-02-13,Indore,IndiaPost,Delivered
3328,3890,2023-06-03,2023-06-10,Ahmedabad,DTDC,Delayed
3329,3891,2025-08-28,2025-08-31,Kolkata,IndiaPost,Delivered
3330,3892,2022-12-12,2022-12-14,Surat,Delhivery,Delayed
3331,3893,2025-10-16,2025-10-18,Ahmedabad,Ekart,Delivered
3332,3894,2022-05-19,2022-05-20,Lucknow,BlueDart,Delivered
3333,3895,2024-12-17,2024-12-22,Chandigarh,BlueDart,Delivered
3334,3896,2025-12-01,2025-12-05,Nagpur,Ekart,Delayed
3335,3897,2023-12-18,2023-12-20,Lucknow,Ekart,Delivered
3336,3898,2025-03-09,2025-03-15,Pune,Ekart,Delivered
3337,3899,2024-04-13,2024-04-15,Bengaluru,DTDC,Delivered
3338,3900,2025-01-15,2025-01-17,Bengaluru,DTDC,Delivered
3339,3901,2022-11-26,2022-11-27,Pune,DTDC,Delivered
3340,3902,2023-04-22,2023-04-26,Mumbai,IndiaPost,Delivered
3341,3903,2022-10-22,2022-10-29,Chandigarh,IndiaPost,Delivered
3342,3904,2024-07-15,2024-07-21,Chennai,DTDC,Delivered
3343,3905,2023-02-01,2023-02-04,Indore,Ekart,Delayed
3344,3906,2025-11-23,2025-11-26,Chandigarh,IndiaPost,Delivered
3345,3907,2022-10-03,2022-10-04,Chennai,Ekart,Delivered
3346,3908,2022-07-19,2022-07-20,Hyderabad,Ekart,Delayed
3347,3909,2024-06-18,2024-06-22,Jaipur,BlueDart,Delivered
3348,3910,2024-03-14,2024-03-21,Chandigarh,BlueDart,Delivered
3349,3911,2024-08-19,2024-08-20,Nagpur,DTDC,Delivered
3350,3913,2023-06-29,2023-07-05,Hyderabad,DTDC,Delivered
3351,3916,2022-09-19,2022-09-23,Surat,Ekart,Delivered
3352,3917,2023-12-18,2023-12-22,Ahmedabad,DTDC,Delivered
3353,3918,2025-08-23,2025-08-24,Lucknow,BlueDart,Delivered
3354,3919,2024-06-23,2024-06-25,Ahmedabad,DTDC,Delivered
3355,3920,2025-11-23,2025-11-30,Lucknow,BlueDart,In Transit
3356,3921,2025-07-10,2025-07-16,Kolkata,BlueDart,Delivered
3357,3922,2022-11-05,2022-11-10,Ahmedabad,Delhivery,Delivered
3358,3923,2025-05-11,2025-05-15,Mumbai,BlueDart,Delivered
3359,3924,2022-07-02,2022-07-08,Pune,IndiaPost,Delivered
3360,3926,2025-04-13,2025-04-18,Bengaluru,Ekart,Delivered
3361,3927,2023-05-10,2023-05-15,Hyderabad,Ekart,In Transit
3362,3928,2024-08-05,2024-08-06,Lucknow,BlueDart,Delivered
3363,3930,2025-08-11,2025-08-13,Chennai,BlueDart,Delivered
3364,3931,2025-11-21,2025-11-27,Jaipur,Ekart,Delivered
3365,3932,2022-02-27,2022-03-05,Hyderabad,BlueDart,Delayed
3366,3933,2022-05-20,2022-05-25,Delhi,DTDC,Delayed
3367,3934,2023-01-31,2023-02-01,Kochi,DTDC,Delivered
3368,3935,2025-12-31,2026-01-02,Mumbai,IndiaPost,Delivered
3369,3936,2024-03-05,2024-03-10,Lucknow,IndiaPost,Delivered
3370,3937,2024-07-21,2024-07-28,Indore,BlueDart,Delivered
3371,3939,2024-06-12,2024-06-17,Pune,DTDC,Delivered
3372,3941,2023-10-18,2023-10-22,Chennai,DTDC,Delivered
3373,3942,2022-09-15,2022-09-22,Surat,DTDC,Delivered
3374,3943,2023-12-23,2023-12-25,Chennai,Delhivery,Delivered
3375,3944,2023-12-16,2023-12-21,Kolkata,IndiaPost,Delivered
3376,3945,2022-10-15,2022-10-16,Lucknow,Delhivery,Delivered
3377,3946,2024-01-30,2024-02-06,Chennai,Ekart,Delivered
3378,3947,2025-01-29,2025-01-31,Kolkata,Delhivery,Delivered
3379,3950,2023-10-14,2023-10-20,Surat,DTDC,Delivered
3380,3951,2024-07-14,2024-07-21,Delhi,Ekart,Delivered
3381,3952,2023-08-05,2023-08-08,Chandigarh,IndiaPost,Delivered
3382,3953,2025-07-23,2025-07-24,Hyderabad,Delhivery,Delivered
3383,3955,2022-11-10,2022-11-13,Lucknow,DTDC,Delivered
3384,3957,2022-08-11,2022-08-17,Kochi,Ekart,Delivered
3385,3958,2023-06-03,2023-06-10,Chennai,DTDC,Delivered
3386,3959,2024-08-29,2024-09-03,Ahmedabad,Delhivery,Delivered
3387,3960,2025-12-31,2026-01-05,Lucknow,IndiaPost,Delivered
3388,3961,2022-12-10,2022-12-11,Lucknow,BlueDart,Delivered
3389,3962,2024-02-12,2024-02-13,Chandigarh,DTDC,Delivered
3390,3963,2025-05-05,2025-05-12,Pune,BlueDart,Delivered
3391,3964,2024-11-18,2024-11-25,Nagpur,DTDC,Delayed
3392,3965,2022-09-25,2022-09-27,Ahmedabad,BlueDart,Delivered
3393,3966,2022-04-07,2022-04-10,Mumbai,DTDC,Delivered
3394,3967,2023-03-17,2023-03-20,Kolkata,Delhivery,Delivered
3395,3968,2023-11-24,2023-11-30,Mumbai,Delhivery,Delivered
3396,3969,2022-07-04,2022-07-08,Bengaluru,BlueDart,In Transit
3397,3971,2023-03-03,2023-03-04,Kolkata,BlueDart,Delivered
3398,3972,2025-12-18,2025-12-22,Jaipur,BlueDart,Delivered
3399,3973,2024-11-28,2024-12-02,Surat,Ekart,Delivered
3400,3977,2023-03-27,2023-03-31,Mumbai,BlueDart,Delivered
3401,3979,2023-08-10,2023-08-13,Pune,Ekart,Delivered
3402,3980,2025-05-04,2025-05-10,Ahmedabad,Delhivery,Delivered
3403,3981,2023-05-25,2023-05-30,Pune,DTDC,Delivered
3404,3982,2022-11-26,2022-11-27,Bengaluru,BlueDart,Delayed
3405,3983,2025-12-07,2025-12-10,Ahmedabad,Delhivery,Delivered
3406,3984,2024-04-28,2024-05-04,Ahmedabad,IndiaPost,Delivered
3407,3985,2023-05-13,2023-05-17,Nagpur,Delhivery,Delivered
3408,3988,2025-01-07,2025-01-09,Chandigarh,BlueDart,Delivered
3409,3989,2024-10-21,2024-10-26,Ahmedabad,DTDC,Delivered
3410,3990,2024-11-06,2024-11-08,Chandigarh,DTDC,Delivered
3411,3991,2024-02-17,2024-02-21,Nagpur,Delhivery,Delivered
3412,3992,2025-08-14,2025-08-16,Surat,Ekart,Delivered
3413,3993,2024-12-04,2024-12-10,Nagpur,IndiaPost,Delayed
3414,3994,2022-02-28,2022-03-04,Delhi,IndiaPost,Delivered
3415,3995,2022-07-12,2022-07-13,Surat,Delhivery,Delivered
3416,3996,2025-05-30,2025-06-03,Kolkata,BlueDart,Delivered
3417,3997,2024-10-03,2024-10-07,Chandigarh,IndiaPost,Delivered
3418,3998,2022-10-10,2022-10-17,Indore,DTDC,Delivered
3419,3999,2023-07-06,2023-07-10,Hyderabad,DTDC,Delivered
3420,4001,2022-12-26,2022-12-29,Mumbai,IndiaPost,Delayed
3421,4003,2022-01-05,2022-01-11,Lucknow,Ekart,Delayed
3422,4004,2023-04-07,2023-04-13,Nagpur,BlueDart,Delivered
3423,4005,2022-11-21,2022-11-28,Pune,Ekart,Delivered
3424,4006,2022-07-24,2022-07-26,Lucknow,DTDC,Delivered
3425,4007,2025-11-15,2025-11-16,Mumbai,BlueDart,Delayed
3426,4008,2022-01-02,2022-01-09,Surat,Delhivery,Delivered
3427,4009,2022-07-03,2022-07-09,Indore,DTDC,Delayed
3428,4011,2022-06-28,2022-06-30,Chandigarh,Delhivery,Delivered
3429,4012,2022-08-24,2022-08-29,Chandigarh,BlueDart,In Transit
3430,4013,2023-09-10,2023-09-16,Bengaluru,Delhivery,Delivered
3431,4014,2025-07-18,2025-07-22,Kochi,BlueDart,Delivered
3432,4015,2025-07-31,2025-08-02,Kochi,DTDC,Delivered
3433,4016,2022-10-20,2022-10-23,Chennai,IndiaPost,Delivered
3434,4017,2023-10-20,2023-10-23,Indore,BlueDart,Delayed
3435,4018,2022-03-31,2022-04-02,Indore,Ekart,Delivered
3436,4019,2025-03-23,2025-03-25,Mumbai,IndiaPost,Delivered
3437,4020,2024-12-02,2024-12-07,Kolkata,Ekart,Delivered
3438,4021,2025-08-31,2025-09-06,Bengaluru,Ekart,Delivered
3439,4022,2022-02-07,2022-02-11,Surat,Ekart,Delivered
3440,4023,2022-05-15,2022-05-18,Delhi,Delhivery,Delivered
3441,4024,2022-12-16,2022-12-22,Bengaluru,IndiaPost,Delivered
3442,4025,2023-03-03,2023-03-10,Jaipur,BlueDart,Delivered
3443,4026,2022-04-16,2022-04-21,Surat,Ekart,Delivered
3444,4027,2025-08-09,2025-08-13,Surat,DTDC,Delivered
3445,4028,2024-01-04,2024-01-05,Jaipur,BlueDart,Delivered
3446,4029,2023-05-16,2023-05-23,Indore,DTDC,Delayed
3447,4030,2022-10-15,2022-10-19,Pune,IndiaPost,In Transit
3448,4031,2022-07-20,2022-07-23,Chennai,DTDC,In Transit
3449,4032,2024-11-18,2024-11-23,Surat,Ekart,Delivered
3450,4033,2023-09-01,2023-09-05,Chennai,BlueDart,Delivered
3451,4034,2023-10-20,2023-10-27,Lucknow,Ekart,Delayed
3452,4035,2022-05-18,2022-05-21,Chandigarh,DTDC,Delivered
3453,4036,2023-11-21,2023-11-28,Ahmedabad,Delhivery,Delivered
3454,4037,2024-06-07,2024-06-14,Chandigarh,IndiaPost,Delivered
3455,4038,2025-10-26,2025-10-28,Jaipur,Delhivery,Delivered
3456,4039,2025-09-28,2025-10-03,Hyderabad,Delhivery,Delivered
3457,4040,2024-06-28,2024-07-01,Nagpur,IndiaPost,Delivered
3458,4041,2024-02-26,2024-02-29,Kolkata,IndiaPost,In Transit
3459,4042,2025-09-06,2025-09-11,Hyderabad,Ekart,Delivered
3460,4043,2023-10-10,2023-10-15,Kolkata,Delhivery,Delivered
3461,4044,2024-07-06,2024-07-13,Lucknow,IndiaPost,Delivered
3462,4045,2025-05-13,2025-05-19,Mumbai,Delhivery,Delivered
3463,4047,2024-10-21,2024-10-25,Surat,Delhivery,Delivered
3464,4048,2022-04-20,2022-04-26,Nagpur,BlueDart,Delivered
3465,4049,2025-10-10,2025-10-16,Indore,Delhivery,Delivered
3466,4050,2023-10-01,2023-10-04,Chandigarh,DTDC,Delivered
3467,4051,2024-01-30,2024-02-01,Delhi,Delhivery,Delayed
3468,4052,2022-12-14,2022-12-18,Delhi,Delhivery,Delivered
3469,4053,2025-06-29,2025-07-05,Chandigarh,DTDC,Delivered
3470,4054,2024-05-07,2024-05-08,Kochi,Ekart,Delivered
3471,4055,2022-04-02,2022-04-03,Mumbai,Ekart,Delivered
3472,4056,2025-12-02,2025-12-09,Indore,Delhivery,Delivered
3473,4057,2024-03-21,2024-03-25,Nagpur,BlueDart,Delivered
3474,4058,2022-06-30,2022-07-07,Indore,IndiaPost,Delivered
3475,4060,2022-02-05,2022-02-12,Bengaluru,Ekart,Delivered
3476,4061,2024-12-29,2024-12-30,Hyderabad,DTDC,Delayed
3477,4063,2022-05-12,2022-05-14,Pune,Ekart,Delivered
3478,4064,2023-06-14,2023-06-16,Bengaluru,Ekart,Delivered
3479,4065,2023-11-04,2023-11-07,Pune,DTDC,Delivered
3480,4067,2022-04-22,2022-04-24,Ahmedabad,IndiaPost,Delivered
3481,4069,2023-06-23,2023-06-30,Nagpur,Delhivery,Delivered
3482,4070,2023-12-04,2023-12-05,Mumbai,Ekart,Delayed
3483,4071,2023-07-23,2023-07-24,Indore,BlueDart,Delivered
3484,4072,2023-04-13,2023-04-20,Nagpur,Ekart,Delivered
3485,4073,2023-02-05,2023-02-09,Lucknow,IndiaPost,Delayed
3486,4074,2025-02-22,2025-02-26,Surat,DTDC,In Transit
3487,4075,2025-07-20,2025-07-26,Nagpur,Ekart,Delivered
3488,4076,2023-10-22,2023-10-23,Nagpur,Ekart,Delivered
3489,4077,2024-07-04,2024-07-05,Chennai,DTDC,Delivered
3490,4079,2022-03-11,2022-03-16,Surat,IndiaPost,Delivered
3491,4081,2025-04-17,2025-04-22,Chandigarh,Ekart,Delayed
3492,4082,2024-01-14,2024-01-17,Chandigarh,DTDC,Delivered
3493,4083,2025-11-29,2025-12-03,Pune,Delhivery,Delivered
3494,4084,2023-04-12,2023-04-13,Pune,DTDC,Delivered
3495,4085,2022-03-30,2022-04-06,Lucknow,BlueDart,Delivered
3496,4086,2025-06-05,2025-06-06,Chandigarh,BlueDart,Delivered
3497,4087,2025-02-17,2025-02-21,Hyderabad,BlueDart,Delivered
3498,4088,2023-05-20,2023-05-21,Bengaluru,DTDC,Delivered
3499,4089,2023-06-26,2023-07-03,Nagpur,BlueDart,Delivered
3500,4090,2024-09-27,2024-09-28,Ahmedabad,Delhivery,Delivered
3501,4092,2023-12-15,2023-12-22,Delhi,IndiaPost,Delivered
3502,4093,2023-06-07,2023-06-10,Bengaluru,BlueDart,Delivered
3503,4094,2023-07-31,2023-08-06,Delhi,DTDC,Delivered
3504,4095,2024-05-23,2024-05-24,Chennai,IndiaPost,Delayed
3505,4097,2024-07-15,2024-07-22,Kochi,DTDC,Delayed
3506,4098,2024-04-23,2024-04-26,Kochi,BlueDart,Delayed
3507,4099,2023-06-02,2023-06-04,Indore,DTDC,Delivered
3508,4100,2025-09-25,2025-09-29,Hyderabad,Delhivery,In Transit
3509,4103,2024-12-04,2024-12-10,Nagpur,DTDC,Delivered
3510,4104,2023-06-19,2023-06-26,Bengaluru,DTDC,Delivered
3511,4105,2023-01-03,2023-01-06,Bengaluru,Delhivery,In Transit
3512,4106,2025-10-31,2025-11-02,Delhi,Delhivery,Delivered
3513,4107,2022-10-27,2022-10-30,Delhi,Ekart,In Transit
3514,4108,2024-01-04,2024-01-08,Nagpur,Delhivery,Delivered
3515,4109,2025-05-02,2025-05-09,Ahmedabad,DTDC,Delivered
3516,4110,2025-04-20,2025-04-23,Bengaluru,BlueDart,Delivered
3517,4111,2024-05-09,2024-05-11,Ahmedabad,Delhivery,Delivered
3518,4113,2024-07-03,2024-07-05,Lucknow,IndiaPost,Delivered
3519,4114,2023-02-21,2023-02-22,Nagpur,Delhivery,Delivered
3520,4116,2022-04-04,2022-04-10,Indore,DTDC,Delivered
3521,4117,2025-08-05,2025-08-09,Chandigarh,DTDC,Delivered
3522,4118,2022-01-03,2022-01-06,Kochi,DTDC,Delivered
3523,4119,2023-11-27,2023-12-03,Jaipur,Ekart,Delivered
3524,4120,2025-08-16,2025-08-23,Indore,DTDC,Delivered
3525,4121,2023-01-21,2023-01-25,Bengaluru,DTDC,In Transit
3526,4122,2025-07-27,2025-07-30,Chennai,DTDC,Delivered
3527,4123,2024-12-03,2024-12-09,Mumbai,Delhivery,Delivered
3528,4124,2022-09-20,2022-09-24,Delhi,Ekart,Delivered
3529,4125,2023-07-22,2023-07-23,Kochi,Ekart,Delivered
3530,4127,2024-02-04,2024-02-08,Bengaluru,Ekart,Delivered
3531,4128,2022-11-11,2022-11-12,Pune,IndiaPost,In Transit
3532,4129,2025-08-11,2025-08-15,Hyderabad,DTDC,Delivered
3533,4130,2024-02-09,2024-02-11,Surat,IndiaPost,Delivered
3534,4131,2024-09-01,2024-09-02,Chennai,DTDC,Delivered
3535,4132,2025-01-24,2025-01-27,Lucknow,IndiaPost,Delivered
3536,4133,2025-07-15,2025-07-20,Chandigarh,IndiaPost,Delivered
3537,4134,2025-08-20,2025-08-25,Kolkata,BlueDart,Delivered
3538,4135,2022-12-29,2023-01-05,Surat,Delhivery,Delayed
3539,4136,2022-05-26,2022-06-01,Chandigarh,IndiaPost,In Transit
3540,4137,2022-03-22,2022-03-24,Mumbai,IndiaPost,Delayed
3541,4138,2023-09-12,2023-09-15,Kochi,IndiaPost,Delivered
3542,4139,2022-10-10,2022-10-12,Lucknow,Ekart,Delivered
3543,4140,2024-03-19,2024-03-24,Chennai,Delhivery,Delivered
3544,4141,2022-09-22,2022-09-24,Mumbai,BlueDart,Delivered
3545,4142,2022-10-17,2022-10-22,Chandigarh,BlueDart,Delayed
3546,4143,2022-10-29,2022-10-31,Lucknow,Delhivery,Delivered
3547,4144,2024-03-13,2024-03-14,Mumbai,BlueDart,Delivered
3548,4145,2025-10-11,2025-10-18,Nagpur,Delhivery,Delivered
3549,4147,2022-11-02,2022-11-09,Jaipur,DTDC,Delivered
3550,4148,2024-12-21,2024-12-28,Kolkata,BlueDart,Delivered
3551,4149,2023-09-02,2023-09-03,Ahmedabad,IndiaPost,Delivered
3552,4150,2025-06-24,2025-06-30,Ahmedabad,DTDC,Delivered
3553,4151,2025-11-15,2025-11-19,Nagpur,Ekart,Delivered
3554,4152,2023-07-22,2023-07-29,Delhi,IndiaPost,In Transit
3555,4153,2023-03-18,2023-03-21,Kochi,Ekart,Delivered
3556,4154,2023-06-08,2023-06-12,Lucknow,BlueDart,Delivered
3557,4155,2025-04-28,2025-04-29,Jaipur,DTDC,Delivered
3558,4156,2022-04-17,2022-04-21,Surat,Ekart,Delivered
3559,4157,2024-08-25,2024-08-27,Mumbai,Ekart,Delivered
3560,4158,2025-06-01,2025-06-02,Pune,BlueDart,Delivered
3561,4159,2025-05-13,2025-05-16,Bengaluru,Ekart,Delivered
3562,4160,2025-06-01,2025-06-04,Surat,DTDC,Delivered
3563,4161,2025-07-22,2025-07-23,Indore,Delhivery,In Transit
3564,4163,2022-06-04,2022-06-08,Jaipur,Ekart,Delayed
3565,4165,2022-01-04,2022-01-08,Pune,IndiaPost,Delivered
3566,4166,2025-02-04,2025-02-08,Kolkata,DTDC,Delivered
3567,4167,2025-11-07,2025-11-08,Nagpur,Ekart,Delivered
3568,4168,2022-07-13,2022-07-19,Bengaluru,Ekart,Delivered
3569,4169,2022-01-16,2022-01-22,Mumbai,BlueDart,Delivered
3570,4171,2024-11-13,2024-11-20,Indore,DTDC,Delivered
3571,4172,2022-11-13,2022-11-14,Delhi,IndiaPost,In Transit
3572,4174,2023-11-03,2023-11-06,Nagpur,Ekart,Delivered
3573,4175,2022-02-05,2022-02-09,Hyderabad,BlueDart,Delivered
3574,4176,2022-10-19,2022-10-21,Chennai,BlueDart,Delivered
3575,4177,2024-05-01,2024-05-02,Mumbai,DTDC,Delivered
3576,4178,2025-05-29,2025-05-31,Ahmedabad,Ekart,Delivered
3577,4179,2023-10-26,2023-10-28,Hyderabad,Ekart,Delivered
3578,4180,2023-11-12,2023-11-16,Jaipur,IndiaPost,Delivered
3579,4181,2023-05-08,2023-05-10,Kolkata,IndiaPost,Delivered
3580,4182,2024-10-11,2024-10-18,Chandigarh,BlueDart,Delivered
3581,4183,2025-05-05,2025-05-11,Chandigarh,Ekart,Delivered
3582,4184,2023-12-27,2023-12-29,Jaipur,BlueDart,Delivered
3583,4185,2023-01-31,2023-02-03,Ahmedabad,IndiaPost,Delivered
3584,4186,2022-06-01,2022-06-06,Kochi,Delhivery,Delivered
3585,4187,2024-08-25,2024-08-27,Hyderabad,BlueDart,Delivered
3586,4188,2025-02-24,2025-02-28,Indore,IndiaPost,Delivered
3587,4189,2022-01-22,2022-01-27,Jaipur,DTDC,Delivered
3588,4190,2024-12-04,2024-12-06,Kochi,Delhivery,Delivered
3589,4191,2024-12-10,2024-12-17,Pune,Delhivery,Delivered
3590,4192,2025-05-20,2025-05-21,Indore,Delhivery,Delivered
3591,4193,2022-08-09,2022-08-14,Bengaluru,DTDC,Delivered
3592,4195,2025-05-25,2025-05-30,Chandigarh,Ekart,In Transit
3593,4196,2025-10-11,2025-10-17,Bengaluru,Ekart,Delivered
3594,4197,2025-08-05,2025-08-06,Lucknow,DTDC,In Transit
3595,4198,2022-10-17,2022-10-20,Chennai,BlueDart,In Transit
3596,4199,2022-01-13,2022-01-15,Surat,DTDC,Delayed
3597,4200,2024-03-21,2024-03-26,Kolkata,Delhivery,Delivered
3598,4201,2023-01-10,2023-01-17,Surat,Delhivery,In Transit
3599,4202,2023-02-10,2023-02-12,Pune,BlueDart,Delivered
3600,4203,2022-12-23,2022-12-26,Kochi,Delhivery,Delivered
3601,4204,2023-04-15,2023-04-18,Pune,DTDC,Delivered
3602,4205,2022-09-12,2022-09-19,Lucknow,Ekart,Delayed
3603,4206,2023-08-25,2023-09-01,Ahmedabad,IndiaPost,Delivered
3604,4207,2022-04-19,2022-04-22,Jaipur,IndiaPost,Delivered
3605,4209,2023-10-17,2023-10-23,Hyderabad,Delhivery,Delayed
3606,4210,2024-05-22,2024-05-29,Mumbai,Delhivery,Delivered
3607,4211,2025-05-13,2025-05-20,Bengaluru,DTDC,In Transit
3608,4212,2025-04-08,2025-04-15,Kochi,BlueDart,Delivered
3609,4214,2025-04-25,2025-04-29,Chandigarh,DTDC,Delivered
3610,4216,2025-11-11,2025-11-15,Jaipur,IndiaPost,Delivered
3611,4217,2022-05-01,2022-05-07,Jaipur,Ekart,Delayed
3612,4218,2023-11-19,2023-11-26,Lucknow,IndiaPost,Delivered
3613,4219,2023-02-05,2023-02-08,Nagpur,IndiaPost,Delayed
3614,4220,2025-11-05,2025-11-12,Hyderabad,Delhivery,Delivered
3615,4221,2024-03-18,2024-03-21,Mumbai,Delhivery,In Transit
3616,4224,2023-01-05,2023-01-10,Nagpur,BlueDart,In Transit
3617,4225,2024-05-06,2024-05-13,Nagpur,BlueDart,Delivered
3618,4226,2024-06-26,2024-06-30,Chandigarh,Ekart,Delivered
3619,4227,2022-06-13,2022-06-17,Hyderabad,Ekart,Delivered
3620,4228,2023-09-09,2023-09-14,Kolkata,DTDC,Delivered
3621,4229,2025-06-28,2025-07-02,Kochi,Delhivery,Delivered
3622,4230,2022-04-10,2022-04-16,Nagpur,BlueDart,Delivered
3623,4231,2022-06-24,2022-06-30,Mumbai,Ekart,In Transit
3624,4232,2022-10-16,2022-10-20,Ahmedabad,IndiaPost,Delivered
3625,4233,2024-07-15,2024-07-19,Delhi,DTDC,Delivered
3626,4234,2025-01-19,2025-01-21,Kochi,Ekart,Delivered
3627,4235,2023-07-11,2023-07-12,Kolkata,DTDC,Delivered
3628,4236,2023-07-12,2023-07-18,Surat,Delhivery,Delivered
3629,4237,2023-10-22,2023-10-27,Indore,DTDC,Delivered
3630,4238,2024-02-20,2024-02-26,Delhi,BlueDart,Delayed
3631,4239,2024-09-13,2024-09-17,Delhi,Delhivery,Delivered
3632,4240,2025-02-03,2025-02-07,Jaipur,Ekart,Delivered
3633,4242,2022-05-19,2022-05-24,Chandigarh,IndiaPost,Delayed
3634,4243,2024-05-17,2024-05-21,Pune,IndiaPost,Delivered
3635,4244,2024-10-19,2024-10-22,Ahmedabad,Delhivery,In Transit
3636,4245,2025-02-23,2025-02-24,Nagpur,Delhivery,Delivered
3637,4246,2024-03-11,2024-03-18,Nagpur,DTDC,Delivered
3638,4247,2023-09-28,2023-09-30,Delhi,DTDC,Delivered
3639,4248,2022-08-25,2022-08-27,Ahmedabad,Delhivery,Delivered
3640,4251,2022-10-23,2022-10-28,Delhi,Delhivery,Delivered
3641,4252,2024-09-25,2024-09-29,Nagpur,Ekart,Delivered
3642,4253,2023-07-26,2023-07-29,Indore,Delhivery,Delivered
3643,4254,2023-09-19,2023-09-23,Chennai,DTDC,Delivered
3644,4255,2023-03-22,2023-03-25,Jaipur,IndiaPost,Delivered
3645,4257,2023-03-26,2023-03-31,Chandigarh,Ekart,Delivered
3646,4258,2025-09-14,2025-09-20,Bengaluru,Ekart,Delivered
3647,4259,2025-05-18,2025-05-21,Delhi,DTDC,Delivered
3648,4260,2024-10-02,2024-10-05,Pune,BlueDart,Delayed
3649,4261,2023-04-18,2023-04-22,Jaipur,DTDC,Delivered
3650,4262,2023-07-16,2023-07-18,Ahmedabad,Ekart,Delivered
3651,4263,2022-10-30,2022-11-03,Chennai,DTDC,Delivered
3652,4264,2023-12-24,2023-12-29,Chennai,Delhivery,Delivered
3653,4265,2023-03-18,2023-03-24,Kochi,IndiaPost,Delivered
3654,4266,2025-06-16,2025-06-21,Pune,Ekart,Delivered
3655,4268,2025-07-18,2025-07-21,Delhi,Ekart,Delivered
3656,4269,2023-05-14,2023-05-18,Mumbai,Ekart,Delivered
3657,4270,2025-09-18,2025-09-22,Nagpur,BlueDart,Delivered
3658,4272,2025-06-30,2025-07-01,Lucknow,Delhivery,Delivered
3659,4273,2025-03-26,2025-04-02,Ahmedabad,BlueDart,Delivered
3660,4274,2024-12-12,2024-12-17,Chandigarh,DTDC,Delivered
3661,4275,2024-06-26,2024-06-28,Indore,IndiaPost,Delivered
3662,4276,2024-03-23,2024-03-25,Indore,Delhivery,Delivered
3663,4277,2022-12-18,2022-12-24,Delhi,BlueDart,Delivered
3664,4278,2025-10-29,2025-11-02,Delhi,Ekart,Delayed
3665,4279,2025-12-09,2025-12-10,Pune,DTDC,In Transit
3666,4280,2025-02-24,2025-02-27,Bengaluru,Ekart,Delivered
3667,4281,2022-11-26,2022-11-29,Lucknow,Delhivery,Delivered
3668,4282,2025-09-15,2025-09-17,Chandigarh,Ekart,Delivered
3669,4283,2025-05-16,2025-05-21,Indore,Ekart,Delivered
3670,4284,2024-10-28,2024-10-30,Jaipur,DTDC,In Transit
3671,4285,2024-10-06,2024-10-07,Nagpur,Ekart,Delivered
3672,4286,2022-07-14,2022-07-20,Hyderabad,BlueDart,Delivered
3673,4287,2025-05-12,2025-05-13,Delhi,IndiaPost,Delivered
3674,4288,2025-10-12,2025-10-19,Bengaluru,IndiaPost,Delivered
3675,4289,2025-12-24,2025-12-28,Pune,IndiaPost,Delivered
3676,4290,2024-08-28,2024-09-03,Indore,DTDC,Delivered
3677,4291,2023-12-10,2023-12-11,Mumbai,BlueDart,Delivered
3678,4292,2024-02-02,2024-02-08,Chandigarh,IndiaPost,Delivered
3679,4293,2025-09-27,2025-09-30,Mumbai,BlueDart,Delivered
3680,4294,2025-12-28,2025-12-30,Kochi,IndiaPost,Delivered
3681,4295,2025-09-10,2025-09-14,Lucknow,DTDC,Delivered
3682,4296,2022-03-09,2022-03-15,Mumbai,BlueDart,Delivered
3683,4297,2024-12-02,2024-12-09,Lucknow,Ekart,Delivered
3684,4299,2022-10-23,2022-10-26,Chennai,IndiaPost,Delivered
3685,4300,2023-01-30,2023-02-01,Chennai,BlueDart,Delivered
3686,4301,2024-04-09,2024-04-12,Pune,IndiaPost,Delivered
3687,4302,2025-01-15,2025-01-18,Chandigarh,IndiaPost,Delivered
3688,4303,2023-02-14,2023-02-20,Chennai,BlueDart,Delivered
3689,4304,2025-02-11,2025-02-16,Chennai,Delhivery,Delivered
3690,4305,2024-05-18,2024-05-19,Mumbai,IndiaPost,Delivered
3691,4306,2022-11-19,2022-11-24,Kochi,BlueDart,Delivered
3692,4307,2023-09-03,2023-09-10,Pune,Ekart,Delivered
3693,4308,2024-02-18,2024-02-20,Jaipur,DTDC,Delivered
3694,4309,2022-04-08,2022-04-12,Pune,BlueDart,Delivered
3695,4311,2024-05-11,2024-05-14,Indore,BlueDart,Delivered
3696,4312,2024-08-31,2024-09-02,Chandigarh,Delhivery,Delivered
3697,4313,2022-04-13,2022-04-16,Delhi,Delhivery,Delivered
3698,4314,2025-03-03,2025-03-06,Bengaluru,BlueDart,In Transit
3699,4315,2023-02-05,2023-02-11,Lucknow,Delhivery,Delivered
3700,4316,2024-01-29,2024-01-30,Kochi,DTDC,Delivered
3701,4317,2022-09-11,2022-09-17,Pune,BlueDart,Delivered
3702,4318,2024-03-08,2024-03-12,Surat,Ekart,Delivered
3703,4319,2022-10-01,2022-10-03,Hyderabad,IndiaPost,Delivered
3704,4320,2023-07-15,2023-07-21,Lucknow,Delhivery,Delivered
3705,4321,2024-12-19,2024-12-22,Mumbai,Delhivery,Delivered
3706,4322,2023-12-01,2023-12-05,Surat,Delhivery,Delivered
3707,4323,2023-09-03,2023-09-06,Nagpur,DTDC,Delivered
3708,4324,2024-08-21,2024-08-23,Ahmedabad,Ekart,Delivered
3709,4325,2024-02-28,2024-03-03,Lucknow,DTDC,Delivered
3710,4326,2023-01-22,2023-01-23,Nagpur,BlueDart,Delivered
3711,4328,2022-11-10,2022-11-13,Chandigarh,Ekart,Delivered
3712,4329,2025-07-21,2025-07-24,Surat,DTDC,Delayed
3713,4330,2024-05-01,2024-05-04,Lucknow,Ekart,Delivered
3714,4333,2023-07-25,2023-07-29,Indore,Delhivery,Delivered
3715,4334,2024-10-31,2024-11-03,Delhi,DTDC,Delivered
3716,4335,2024-09-25,2024-09-29,Surat,Delhivery,Delivered
3717,4336,2022-10-13,2022-10-20,Nagpur,Ekart,Delivered
3718,4338,2025-10-12,2025-10-14,Hyderabad,IndiaPost,Delivered
3719,4339,2024-07-03,2024-07-04,Jaipur,IndiaPost,Delayed
3720,4340,2023-11-30,2023-12-07,Bengaluru,DTDC,Delivered
3721,4341,2023-12-13,2023-12-16,Pune,Delhivery,Delivered
3722,4342,2025-07-15,2025-07-18,Delhi,BlueDart,Delivered
3723,4343,2025-09-19,2025-09-26,Indore,DTDC,Delivered
3724,4344,2025-05-29,2025-06-03,Kochi,BlueDart,Delivered
3725,4345,2025-08-23,2025-08-28,Delhi,DTDC,Delivered
3726,4346,2024-10-26,2024-11-01,Delhi,Ekart,Delivered
3727,4347,2023-03-08,2023-03-09,Kolkata,Ekart,Delivered
3728,4348,2023-11-23,2023-11-29,Chennai,BlueDart,Delivered
3729,4350,2024-01-13,2024-01-15,Mumbai,IndiaPost,In Transit
3730,4351,2025-12-27,2025-12-29,Mumbai,BlueDart,Delivered
3731,4352,2023-09-28,2023-10-03,Nagpur,BlueDart,Delivered
3732,4353,2024-07-28,2024-07-30,Delhi,IndiaPost,Delivered
3733,4354,2024-12-17,2024-12-19,Chandigarh,BlueDart,Delivered
3734,4356,2025-03-15,2025-03-17,Bengaluru,DTDC,Delivered
3735,4357,2024-08-09,2024-08-13,Indore,Delhivery,Delivered
3736,4358,2023-12-20,2023-12-26,Ahmedabad,IndiaPost,Delivered
3737,4359,2022-02-17,2022-02-24,Bengaluru,IndiaPost,Delivered
3738,4361,2022-12-20,2022-12-25,Chennai,IndiaPost,Delivered
3739,4363,2024-08-06,2024-08-12,Nagpur,DTDC,Delivered
3740,4364,2024-04-04,2024-04-06,Surat,Delhivery,Delivered
3741,4365,2023-01-26,2023-01-27,Delhi,Ekart,Delivered
3742,4366,2024-02-29,2024-03-06,Jaipur,Delhivery,Delivered
3743,4369,2024-11-30,2024-12-07,Chandigarh,IndiaPost,Delivered
3744,4370,2023-12-03,2023-12-10,Delhi,Delhivery,In Transit
3745,4371,2023-10-31,2023-11-01,Surat,BlueDart,Delivered
3746,4372,2023-01-30,2023-02-02,Kolkata,DTDC,In Transit
3747,4373,2024-09-08,2024-09-15,Pune,IndiaPost,Delayed
3748,4374,2025-01-12,2025-01-17,Kochi,IndiaPost,Delivered
3749,4375,2023-09-15,2023-09-21,Hyderabad,BlueDart,Delivered
3750,4376,2022-05-07,2022-05-14,Chennai,BlueDart,Delivered
3751,4377,2023-12-20,2023-12-22,Kolkata,BlueDart,Delivered
3752,4378,2024-07-13,2024-07-16,Kolkata,Delhivery,Delivered
3753,4380,2022-11-02,2022-11-03,Jaipur,BlueDart,Delivered
3754,4381,2025-04-11,2025-04-18,Jaipur,Delhivery,Delivered
3755,4382,2023-10-04,2023-10-05,Nagpur,Ekart,Delivered
3756,4383,2022-09-27,2022-09-29,Delhi,DTDC,Delivered
3757,4384,2025-07-03,2025-07-04,Kolkata,BlueDart,Delivered
3758,4385,2025-12-27,2025-12-30,Nagpur,DTDC,Delivered
3759,4387,2024-03-10,2024-03-15,Delhi,Ekart,Delivered
3760,4388,2025-02-09,2025-02-14,Hyderabad,BlueDart,Delivered
3761,4389,2022-04-26,2022-05-02,Ahmedabad,Delhivery,Delivered
3762,4390,2024-03-05,2024-03-08,Mumbai,Delhivery,Delivered
3763,4391,2025-06-08,2025-06-12,Nagpur,Delhivery,Delivered
3764,4392,2023-04-06,2023-04-10,Jaipur,DTDC,Delivered
3765,4393,2023-02-22,2023-02-25,Kolkata,BlueDart,Delivered
3766,4394,2024-06-02,2024-06-04,Surat,IndiaPost,Delivered
3767,4397,2024-01-08,2024-01-14,Pune,Delhivery,Delivered
3768,4398,2024-03-26,2024-03-30,Kolkata,IndiaPost,Delayed
3769,4399,2022-07-15,2022-07-22,Pune,DTDC,Delivered
3770,4400,2023-04-17,2023-04-23,Mumbai,Delhivery,Delivered
3771,4401,2025-04-22,2025-04-28,Ahmedabad,BlueDart,Delivered
3772,4402,2024-06-06,2024-06-11,Mumbai,IndiaPost,In Transit
3773,4403,2022-11-29,2022-12-02,Delhi,Delhivery,Delivered
3774,4404,2024-07-30,2024-08-04,Surat,DTDC,Delivered
3775,4406,2025-08-25,2025-08-28,Nagpur,BlueDart,Delivered
3776,4407,2024-09-03,2024-09-04,Mumbai,Delhivery,Delivered
3777,4409,2025-11-08,2025-11-09,Kochi,BlueDart,Delivered
3778,4410,2025-04-01,2025-04-08,Chennai,Ekart,Delivered
3779,4411,2024-03-12,2024-03-17,Nagpur,BlueDart,Delivered
3780,4412,2025-12-11,2025-12-13,Chandigarh,DTDC,Delivered
3781,4413,2022-06-30,2022-07-01,Lucknow,Delhivery,Delivered
3782,4414,2025-12-04,2025-12-05,Mumbai,Delhivery,Delivered
3783,4415,2024-02-28,2024-03-04,Pune,BlueDart,Delivered
3784,4416,2023-02-21,2023-02-23,Chennai,Ekart,Delivered
3785,4417,2022-01-30,2022-02-05,Nagpur,Ekart,Delivered
3786,4418,2023-02-23,2023-03-01,Kolkata,Ekart,Delivered
3787,4419,2025-07-17,2025-07-22,Mumbai,Ekart,Delivered
3788,4420,2023-07-18,2023-07-21,Bengaluru,IndiaPost,Delivered
3789,4421,2022-10-24,2022-10-28,Chennai,IndiaPost,Delivered
3790,4422,2023-09-18,2023-09-20,Mumbai,Ekart,Delivered
3791,4423,2024-10-12,2024-10-18,Ahmedabad,BlueDart,Delivered
3792,4424,2024-01-29,2024-01-31,Kolkata,DTDC,Delivered
3793,4425,2023-01-11,2023-01-17,Delhi,Ekart,Delivered
3794,4426,2023-07-20,2023-07-27,Lucknow,Delhivery,Delivered
3795,4427,2022-04-16,2022-04-18,Jaipur,BlueDart,Delivered
3796,4428,2022-11-20,2022-11-25,Ahmedabad,BlueDart,Delivered
3797,4430,2022-08-29,2022-09-03,Hyderabad,Ekart,Delivered
3798,4431,2024-01-14,2024-01-17,Surat,Ekart,Delivered
3799,4432,2024-09-21,2024-09-26,Jaipur,DTDC,Delivered
3800,4434,2023-04-21,2023-04-26,Indore,BlueDart,Delivered
3801,4435,2022-06-20,2022-06-22,Lucknow,Ekart,Delivered
3802,4436,2023-11-18,2023-11-23,Kochi,Ekart,Delivered
3803,4437,2022-04-05,2022-04-11,Hyderabad,Ekart,Delivered
3804,4438,2025-12-23,2025-12-26,Surat,BlueDart,Delivered
3805,4439,2022-09-27,2022-09-28,Kochi,DTDC,Delivered
3806,4440,2023-11-20,2023-11-25,Indore,Ekart,Delivered
3807,4442,2025-12-22,2025-12-27,Hyderabad,DTDC,Delivered
3808,4443,2022-08-14,2022-08-18,Bengaluru,IndiaPost,Delivered
3809,4444,2022-09-19,2022-09-25,Kolkata,Ekart,Delivered
3810,4446,2025-02-28,2025-03-05,Bengaluru,Delhivery,Delivered
3811,4448,2026-01-02,2026-01-04,Pune,Ekart,In Transit
3812,4449,2025-07-30,2025-08-06,Jaipur,Ekart,Delivered
3813,4450,2022-01-15,2022-01-18,Delhi,Delhivery,Delivered
3814,4452,2025-11-15,2025-11-16,Ahmedabad,IndiaPost,Delivered
3815,4453,2023-08-01,2023-08-08,Hyderabad,Delhivery,Delayed
3816,4455,2025-06-21,2025-06-27,Mumbai,IndiaPost,Delayed
3817,4456,2023-05-26,2023-06-02,Delhi,Ekart,Delivered
3818,4457,2024-09-18,2024-09-21,Nagpur,DTDC,Delivered
3819,4458,2023-08-25,2023-08-31,Pune,Delhivery,Delivered
3820,4459,2025-09-07,2025-09-11,Kolkata,DTDC,Delivered
3821,4460,2023-02-20,2023-02-25,Surat,Ekart,Delivered
3822,4461,2022-04-15,2022-04-21,Surat,IndiaPost,Delivered
3823,4463,2025-07-05,2025-07-11,Chennai,Delhivery,Delivered
3824,4465,2024-05-08,2024-05-13,Ahmedabad,Delhivery,Delivered
3825,4466,2022-05-05,2022-05-09,Lucknow,DTDC,Delayed
3826,4467,2022-10-17,2022-10-20,Lucknow,Delhivery,Delivered
3827,4468,2025-10-28,2025-10-30,Kochi,DTDC,Delivered
3828,4469,2023-12-23,2023-12-29,Kochi,Ekart,Delivered
3829,4470,2022-11-20,2022-11-27,Ahmedabad,IndiaPost,Delayed
3830,4471,2025-04-03,2025-04-08,Lucknow,BlueDart,Delivered
3831,4472,2024-10-13,2024-10-15,Chandigarh,Delhivery,Delivered
3832,4473,2023-05-10,2023-05-13,Chandigarh,DTDC,Delivered
3833,4474,2024-08-26,2024-08-31,Kochi,IndiaPost,Delayed
3834,4475,2025-05-30,2025-06-03,Kochi,IndiaPost,Delivered
3835,4476,2024-01-17,2024-01-24,Kochi,Ekart,Delivered
3836,4478,2024-01-16,2024-01-18,Nagpur,BlueDart,Delivered
3837,4479,2023-09-14,2023-09-16,Chandigarh,Delhivery,Delivered
3838,4480,2025-10-04,2025-10-11,Indore,IndiaPost,Delivered
3839,4481,2022-12-05,2022-12-10,Indore,Ekart,In Transit
3840,4482,2025-11-12,2025-11-18,Pune,IndiaPost,In Transit
3841,4483,2024-08-20,2024-08-23,Kochi,DTDC,Delivered
3842,4484,2024-08-12,2024-08-14,Kochi,Ekart,In Transit
3843,4485,2023-05-27,2023-05-31,Indore,IndiaPost,Delivered
3844,4486,2025-04-11,2025-04-17,Surat,DTDC,Delivered
3845,4487,2025-07-21,2025-07-24,Indore,IndiaPost,Delivered
3846,4489,2024-08-26,2024-08-31,Indore,Ekart,Delivered
3847,4490,2025-01-28,2025-01-31,Pune,BlueDart,Delivered
3848,4491,2025-10-10,2025-10-15,Ahmedabad,DTDC,Delivered
3849,4492,2023-12-31,2024-01-06,Bengaluru,DTDC,Delivered
3850,4493,2023-07-05,2023-07-09,Chandigarh,IndiaPost,Delivered
3851,4494,2023-03-10,2023-03-11,Kochi,BlueDart,Delivered
3852,4495,2023-03-02,2023-03-09,Surat,BlueDart,Delivered
3853,4496,2025-03-22,2025-03-26,Mumbai,IndiaPost,Delivered
3854,4497,2023-05-26,2023-06-02,Mumbai,Delhivery,Delivered
3855,4498,2022-01-20,2022-01-22,Kolkata,DTDC,Delivered
3856,4499,2022-04-19,2022-04-21,Kolkata,Ekart,Delivered
3857,4500,2023-05-24,2023-05-28,Indore,BlueDart,Delivered
3858,4501,2023-07-21,2023-07-28,Mumbai,BlueDart,In Transit
3859,4502,2025-02-27,2025-03-03,Ahmedabad,BlueDart,Delayed
3860,4503,2024-08-17,2024-08-20,Chandigarh,DTDC,Delivered
3861,4504,2025-06-23,2025-06-29,Hyderabad,Delhivery,Delivered
3862,4505,2023-01-17,2023-01-21,Indore,BlueDart,Delivered
3863,4506,2022-03-18,2022-03-20,Chandigarh,DTDC,Delivered
3864,4507,2025-06-17,2025-06-22,Ahmedabad,IndiaPost,Delivered
3865,4508,2024-03-22,2024-03-26,Jaipur,Delhivery,Delivered
3866,4509,2022-03-24,2022-03-31,Bengaluru,BlueDart,Delivered
3867,4510,2022-03-09,2022-03-12,Hyderabad,Ekart,Delivered
3868,4512,2022-04-12,2022-04-13,Chandigarh,BlueDart,Delivered
3869,4513,2023-09-26,2023-09-28,Nagpur,Ekart,Delivered
3870,4515,2024-12-11,2024-12-16,Pune,DTDC,Delivered
3871,4516,2022-05-14,2022-05-21,Pune,Delhivery,Delivered
3872,4517,2022-10-11,2022-10-18,Nagpur,Ekart,Delivered
3873,4518,2024-08-13,2024-08-19,Indore,IndiaPost,Delivered
3874,4519,2023-03-07,2023-03-11,Surat,IndiaPost,Delivered
3875,4520,2023-07-11,2023-07-16,Delhi,Delhivery,Delivered
3876,4521,2023-10-11,2023-10-12,Kolkata,Delhivery,Delivered
3877,4522,2022-01-28,2022-01-30,Jaipur,DTDC,Delivered
3878,4523,2025-03-03,2025-03-10,Surat,DTDC,Delivered
3879,4524,2024-03-07,2024-03-09,Chandigarh,Delhivery,Delivered
3880,4528,2022-10-16,2022-10-19,Chennai,IndiaPost,In Transit
3881,4529,2023-02-05,2023-02-11,Chennai,BlueDart,Delivered
3882,4530,2022-12-14,2022-12-19,Pune,DTDC,Delivered
3883,4531,2025-02-07,2025-02-10,Pune,Ekart,Delivered
3884,4535,2022-02-15,2022-02-18,Kolkata,DTDC,Delayed
3885,4536,2022-02-01,2022-02-06,Nagpur,Delhivery,Delayed
3886,4538,2022-06-26,2022-07-02,Surat,BlueDart,Delivered
3887,4539,2024-08-31,2024-09-05,Bengaluru,Ekart,Delivered
3888,4540,2023-06-08,2023-06-13,Nagpur,BlueDart,Delivered
3889,4541,2022-02-17,2022-02-18,Bengaluru,Delhivery,Delivered
3890,4542,2022-02-20,2022-02-22,Chandigarh,BlueDart,Delivered
3891,4543,2025-05-06,2025-05-12,Hyderabad,Ekart,Delivered
3892,4544,2024-11-29,2024-12-05,Lucknow,BlueDart,Delayed
3893,4545,2025-12-29,2026-01-03,Kolkata,Delhivery,Delivered
3894,4546,2025-12-22,2025-12-27,Chennai,IndiaPost,Delivered
3895,4548,2022-07-31,2022-08-02,Mumbai,BlueDart,Delivered
3896,4549,2025-12-11,2025-12-18,Nagpur,IndiaPost,Delivered
3897,4550,2025-03-16,2025-03-23,Lucknow,DTDC,In Transit
3898,4551,2023-04-23,2023-04-25,Indore,Ekart,Delivered
3899,4553,2023-11-17,2023-11-23,Pune,DTDC,Delivered
3900,4554,2023-06-21,2023-06-26,Pune,Delhivery,Delayed
3901,4555,2025-06-09,2025-06-13,Kolkata,Delhivery,Delivered
3902,4556,2024-03-06,2024-03-11,Lucknow,DTDC,Delivered
3903,4558,2024-07-11,2024-07-17,Hyderabad,IndiaPost,Delayed
3904,4559,2024-06-30,2024-07-05,Mumbai,Ekart,Delivered
3905,4560,2024-08-31,2024-09-05,Kolkata,BlueDart,In Transit
3906,4561,2022-12-29,2023-01-01,Bengaluru,BlueDart,Delayed
3907,4562,2023-08-16,2023-08-22,Ahmedabad,DTDC,Delivered
3908,4563,2023-07-20,2023-07-22,Kolkata,DTDC,Delivered
3909,4564,2025-05-02,2025-05-03,Ahmedabad,IndiaPost,Delivered
3910,4565,2025-07-12,2025-07-13,Indore,DTDC,Delivered
3911,4566,2022-11-18,2022-11-19,Kochi,Delhivery,Delivered
3912,4567,2023-03-30,2023-04-06,Ahmedabad,IndiaPost,Delivered
3913,4568,2025-03-16,2025-03-21,Delhi,Delhivery,Delivered
3914,4569,2024-03-01,2024-03-02,Jaipur,IndiaPost,Delivered
3915,4570,2022-01-26,2022-02-02,Delhi,IndiaPost,In Transit
3916,4572,2024-01-17,2024-01-19,Nagpur,DTDC,Delivered
3917,4573,2023-10-19,2023-10-24,Jaipur,Delhivery,Delivered
3918,4574,2023-07-25,2023-07-27,Surat,BlueDart,Delivered
3919,4575,2025-09-02,2025-09-09,Lucknow,BlueDart,Delivered
3920,4576,2025-02-08,2025-02-10,Bengaluru,DTDC,Delivered
3921,4577,2022-03-17,2022-03-22,Surat,Delhivery,Delivered
3922,4579,2024-10-21,2024-10-25,Jaipur,DTDC,Delivered
3923,4580,2024-12-21,2024-12-28,Surat,Ekart,Delivered
3924,4581,2023-04-24,2023-04-25,Kolkata,Ekart,Delivered
3925,4582,2023-01-25,2023-01-26,Pune,Delhivery,In Transit
3926,4583,2025-03-06,2025-03-11,Nagpur,DTDC,In Transit
3927,4585,2025-07-14,2025-07-17,Kolkata,BlueDart,Delayed
3928,4586,2023-11-17,2023-11-19,Nagpur,BlueDart,Delivered
3929,4587,2023-01-12,2023-01-17,Pune,BlueDart,Delivered
3930,4588,2023-07-26,2023-07-31,Ahmedabad,IndiaPost,Delayed
3931,4589,2025-06-02,2025-06-03,Kolkata,Ekart,Delivered
3932,4591,2022-01-24,2022-01-26,Kochi,DTDC,Delivered
3933,4592,2025-04-02,2025-04-03,Jaipur,Delhivery,In Transit
3934,4593,2023-01-08,2023-01-10,Hyderabad,DTDC,Delivered
3935,4594,2022-08-28,2022-08-30,Ahmedabad,IndiaPost,Delivered
3936,4595,2025-06-15,2025-06-17,Kolkata,IndiaPost,In Transit
3937,4596,2023-06-04,2023-06-10,Bengaluru,Delhivery,Delivered
3938,4597,2023-02-15,2023-02-18,Chandigarh,IndiaPost,Delivered
3939,4598,2022-04-15,2022-04-16,Pune,Ekart,Delivered
3940,4599,2022-02-26,2022-03-03,Ahmedabad,Delhivery,Delayed
3941,4600,2023-05-28,2023-06-02,Mumbai,Delhivery,Delivered
3942,4601,2022-06-11,2022-06-18,Lucknow,Ekart,Delivered
3943,4602,2022-10-13,2022-10-17,Delhi,DTDC,Delivered
3944,4605,2023-01-20,2023-01-26,Delhi,Ekart,Delivered
3945,4606,2025-12-13,2025-12-19,Indore,BlueDart,Delayed
3946,4607,2023-09-29,2023-10-04,Chandigarh,DTDC,Delivered
3947,4608,2025-01-28,2025-02-04,Bengaluru,Delhivery,Delivered
3948,4609,2022-08-16,2022-08-19,Surat,Delhivery,Delivered
3949,4611,2022-11-25,2022-11-27,Jaipur,Ekart,Delivered
3950,4612,2023-11-21,2023-11-27,Surat,IndiaPost,Delivered
3951,4613,2022-10-25,2022-10-26,Chennai,Delhivery,Delivered
3952,4614,2022-10-04,2022-10-06,Pune,Ekart,Delivered
3953,4615,2025-12-10,2025-12-16,Pune,DTDC,Delivered
3954,4616,2023-03-14,2023-03-15,Jaipur,DTDC,Delivered
3955,4617,2024-07-06,2024-07-08,Bengaluru,DTDC,Delivered
3956,4618,2023-03-29,2023-04-05,Kolkata,Ekart,Delivered
3957,4619,2024-05-28,2024-06-01,Kolkata,Delhivery,Delivered
3958,4620,2024-12-21,2024-12-23,Pune,BlueDart,Delivered
3959,4621,2023-11-19,2023-11-24,Chandigarh,Delhivery,Delivered
3960,4622,2022-02-26,2022-03-02,Kochi,IndiaPost,Delivered
3961,4623,2025-02-02,2025-02-03,Bengaluru,DTDC,Delivered
3962,4624,2023-09-01,2023-09-02,Mumbai,IndiaPost,Delivered
3963,4625,2022-12-18,2022-12-24,Delhi,Delhivery,Delayed
3964,4626,2024-01-14,2024-01-20,Chennai,DTDC,Delivered
3965,4627,2024-08-24,2024-08-28,Bengaluru,BlueDart,Delivered
3966,4628,2025-10-22,2025-10-26,Chandigarh,BlueDart,Delivered
3967,4629,2024-08-30,2024-09-05,Ahmedabad,BlueDart,Delayed
3968,4630,2022-05-08,2022-05-10,Chennai,Ekart,Delivered
3969,4631,2025-08-10,2025-08-12,Kolkata,Ekart,Delivered
3970,4632,2024-09-20,2024-09-25,Delhi,Delhivery,Delivered
3971,4633,2025-12-31,2026-01-01,Chandigarh,Ekart,Delayed
3972,4634,2023-08-28,2023-09-04,Chennai,DTDC,Delayed
3973,4636,2023-10-20,2023-10-23,Pune,IndiaPost,Delivered
3974,4637,2022-03-12,2022-03-17,Jaipur,Delhivery,Delivered
3975,4638,2024-10-02,2024-10-05,Mumbai,BlueDart,Delivered
3976,4641,2023-12-16,2023-12-18,Chandigarh,IndiaPost,Delivered
3977,4642,2022-02-17,2022-02-24,Nagpur,Ekart,Delivered
3978,4643,2023-01-10,2023-01-13,Chennai,BlueDart,Delivered
3979,4644,2022-10-27,2022-10-30,Chennai,DTDC,Delivered
3980,4645,2024-08-05,2024-08-07,Bengaluru,IndiaPost,Delivered
3981,4646,2023-11-29,2023-11-30,Bengaluru,Delhivery,Delivered
3982,4647,2023-02-22,2023-02-25,Lucknow,Delhivery,Delivered
3983,4648,2023-06-07,2023-06-13,Ahmedabad,Delhivery,Delivered
3984,4649,2023-05-31,2023-06-06,Mumbai,DTDC,Delivered
3985,4651,2023-11-27,2023-11-28,Hyderabad,IndiaPost,Delivered
3986,4652,2022-03-18,2022-03-23,Kochi,Delhivery,Delivered
3987,4653,2022-11-13,2022-11-18,Kochi,BlueDart,Delivered
3988,4654,2024-03-19,2024-03-21,Nagpur,Ekart,Delayed
3989,4655,2024-06-24,2024-06-27,Surat,IndiaPost,Delayed
3990,4656,2023-01-08,2023-01-09,Bengaluru,Ekart,Delivered
3991,4657,2022-06-26,2022-06-28,Kochi,DTDC,Delivered
3992,4658,2023-06-14,2023-06-20,Bengaluru,Ekart,Delivered
3993,4660,2024-03-02,2024-03-03,Nagpur,Ekart,Delivered
3994,4661,2022-06-18,2022-06-19,Chandigarh,IndiaPost,Delivered
3995,4663,2024-08-09,2024-08-14,Kochi,Ekart,Delivered
3996,4664,2024-09-05,2024-09-06,Bengaluru,DTDC,Delayed
3997,4665,2022-05-09,2022-05-13,Jaipur,IndiaPost,Delivered
3998,4666,2023-08-17,2023-08-20,Jaipur,IndiaPost,Delivered
3999,4667,2024-06-19,2024-06-25,Ahmedabad,IndiaPost,Delayed
4000,4668,2023-01-26,2023-01-28,Surat,IndiaPost,Delivered
4001,4669,2024-09-11,2024-09-14,Hyderabad,DTDC,In Transit
4002,4670,2025-06-01,2025-06-05,Surat,Ekart,Delayed
4003,4671,2023-10-03,2023-10-10,Bengaluru,BlueDart,Delivered
4004,4672,2022-04-01,2022-04-05,Lucknow,BlueDart,Delayed
4005,4675,2024-04-17,2024-04-18,Hyderabad,BlueDart,Delivered
4006,4676,2023-06-20,2023-06-26,Delhi,Ekart,Delivered
4007,4677,2025-09-19,2025-09-20,Ahmedabad,IndiaPost,Delivered
4008,4678,2025-01-11,2025-01-14,Delhi,DTDC,Delivered
4009,4679,2023-07-03,2023-07-08,Hyderabad,BlueDart,Delivered
4010,4680,2023-01-03,2023-01-07,Mumbai,DTDC,Delivered
4011,4681,2025-03-11,2025-03-17,Chandigarh,Ekart,Delivered
4012,4684,2024-02-08,2024-02-09,Bengaluru,DTDC,Delivered
4013,4685,2024-12-30,2025-01-02,Pune,Delhivery,Delivered
4014,4686,2022-02-15,2022-02-22,Lucknow,IndiaPost,Delivered
4015,4688,2024-03-26,2024-04-02,Indore,IndiaPost,Delivered
4016,4689,2024-04-06,2024-04-12,Delhi,BlueDart,Delivered
4017,4690,2023-10-31,2023-11-04,Hyderabad,BlueDart,Delivered
4018,4691,2024-10-01,2024-10-06,Hyderabad,Delhivery,Delivered
4019,4692,2022-12-15,2022-12-21,Nagpur,BlueDart,Delivered
4020,4693,2025-05-02,2025-05-05,Bengaluru,IndiaPost,Delayed
4021,4694,2023-07-28,2023-08-03,Jaipur,Delhivery,Delayed
4022,4696,2023-06-14,2023-06-19,Jaipur,IndiaPost,Delivered
4023,4697,2022-09-29,2022-09-30,Nagpur,Ekart,Delivered
4024,4698,2022-02-27,2022-02-28,Surat,DTDC,Delivered
4025,4699,2025-10-22,2025-10-27,Ahmedabad,Ekart,Delivered
4026,4700,2022-11-26,2022-11-29,Ahmedabad,Ekart,Delivered
4027,4702,2022-02-13,2022-02-16,Delhi,Ekart,Delayed
4028,4704,2023-08-22,2023-08-26,Hyderabad,Ekart,Delivered
4029,4705,2023-04-07,2023-04-14,Hyderabad,Ekart,Delayed
4030,4707,2023-05-22,2023-05-27,Kolkata,Ekart,In Transit
4031,4708,2024-02-22,2024-02-23,Hyderabad,DTDC,Delivered
4032,4709,2024-09-21,2024-09-23,Lucknow,Ekart,Delivered
4033,4710,2024-10-13,2024-10-20,Hyderabad,Ekart,Delivered
4034,4711,2025-12-21,2025-12-28,Delhi,DTDC,Delivered
4035,4712,2023-02-13,2023-02-20,Indore,Ekart,Delivered
4036,4713,2024-04-22,2024-04-26,Chennai,Ekart,Delivered
4037,4715,2023-07-06,2023-07-13,Kolkata,Ekart,Delivered
4038,4717,2024-07-24,2024-07-29,Chennai,Delhivery,Delivered
4039,4718,2022-11-20,2022-11-23,Lucknow,IndiaPost,Delivered
4040,4719,2025-04-19,2025-04-20,Nagpur,IndiaPost,Delivered
4041,4721,2024-03-22,2024-03-29,Kochi,BlueDart,Delivered
4042,4722,2023-09-15,2023-09-18,Indore,IndiaPost,Delivered
4043,4723,2025-10-22,2025-10-23,Kolkata,Ekart,Delivered
4044,4724,2022-11-09,2022-11-12,Mumbai,DTDC,Delivered
4045,4728,2025-09-19,2025-09-23,Chennai,DTDC,Delivered
4046,4729,2022-10-14,2022-10-21,Lucknow,BlueDart,Delivered
4047,4730,2025-05-01,2025-05-07,Bengaluru,Delhivery,Delivered
4048,4731,2023-06-09,2023-06-11,Bengaluru,DTDC,Delivered
4049,4732,2025-08-07,2025-08-14,Chandigarh,IndiaPost,In Transit
4050,4733,2025-12-03,2025-12-08,Lucknow,IndiaPost,Delivered
4051,4734,2024-06-05,2024-06-10,Mumbai,Ekart,Delivered
4052,4735,2024-05-21,2024-05-22,Hyderabad,Delhivery,Delivered
4053,4736,2023-08-14,2023-08-19,Indore,IndiaPost,Delivered
4054,4738,2024-05-17,2024-05-18,Delhi,Delhivery,Delivered
4055,4739,2023-10-10,2023-10-11,Pune,BlueDart,Delayed
4056,4740,2024-10-20,2024-10-26,Ahmedabad,DTDC,Delivered
4057,4742,2024-06-19,2024-06-23,Jaipur,Delhivery,Delayed
4058,4743,2025-07-11,2025-07-17,Kochi,BlueDart,In Transit
4059,4744,2023-11-07,2023-11-08,Delhi,BlueDart,Delivered
4060,4745,2024-05-16,2024-05-17,Pune,IndiaPost,Delivered
4061,4746,2023-08-08,2023-08-13,Chandigarh,DTDC,Delayed
4062,4748,2023-02-20,2023-02-22,Kolkata,BlueDart,Delivered
4063,4749,2022-05-20,2022-05-21,Pune,Ekart,Delivered
4064,4750,2024-03-15,2024-03-22,Jaipur,DTDC,Delivered
4065,4752,2023-05-22,2023-05-24,Chennai,IndiaPost,Delivered
4066,4753,2025-04-18,2025-04-24,Chennai,DTDC,Delivered
4067,4754,2023-11-22,2023-11-28,Pune,Delhivery,In Transit
4068,4755,2023-12-08,2023-12-09,Delhi,Delhivery,Delivered
4069,4756,2023-10-06,2023-10-07,Chennai,BlueDart,In Transit
4070,4758,2022-02-22,2022-02-26,Mumbai,Delhivery,In Transit
4071,4759,2022-04-10,2022-04-13,Hyderabad,IndiaPost,In Transit
4072,4761,2025-01-25,2025-01-26,Ahmedabad,Delhivery,Delivered
4073,4762,2022-01-24,2022-01-26,Ahmedabad,DTDC,Delivered
4074,4763,2023-03-23,2023-03-27,Kochi,BlueDart,Delivered
4075,4764,2025-01-22,2025-01-25,Indore,Delhivery,Delivered
4076,4765,2025-11-21,2025-11-26,Kolkata,DTDC,Delivered
4077,4766,2022-08-09,2022-08-11,Hyderabad,IndiaPost,Delivered
4078,4767,2025-07-19,2025-07-21,Delhi,DTDC,Delivered
4079,4769,2023-02-22,2023-03-01,Indore,IndiaPost,Delivered
4080,4770,2024-06-26,2024-06-28,Mumbai,BlueDart,In Transit
4081,4771,2025-01-19,2025-01-25,Surat,DTDC,Delivered
4082,4772,2023-04-22,2023-04-26,Lucknow,Ekart,Delivered
4083,4773,2024-07-15,2024-07-19,Mumbai,IndiaPost,Delivered
4084,4774,2024-11-10,2024-11-13,Mumbai,DTDC,Delivered
4085,4775,2024-08-24,2024-08-31,Nagpur,BlueDart,Delivered
4086,4776,2022-05-06,2022-05-07,Lucknow,BlueDart,Delivered
4087,4777,2025-09-30,2025-10-04,Delhi,BlueDart,Delivered
4088,4778,2022-09-26,2022-09-27,Pune,DTDC,Delivered
4089,4779,2025-08-30,2025-09-03,Mumbai,Ekart,Delivered
4090,4781,2022-12-30,2023-01-04,Chandigarh,DTDC,Delivered
4091,4782,2022-07-28,2022-07-30,Ahmedabad,DTDC,Delivered
4092,4783,2023-09-02,2023-09-09,Surat,BlueDart,Delivered
4093,4785,2022-04-08,2022-04-14,Delhi,Delhivery,Delivered
4094,4786,2023-12-12,2023-12-15,Nagpur,Delhivery,Delivered
4095,4787,2025-07-07,2025-07-11,Chandigarh,Delhivery,Delivered
4096,4788,2023-01-16,2023-01-19,Indore,Ekart,Delivered
4097,4789,2023-01-26,2023-01-27,Mumbai,DTDC,Delivered
4098,4790,2022-01-13,2022-01-18,Hyderabad,DTDC,Delivered
4099,4792,2023-07-17,2023-07-24,Chennai,BlueDart,Delayed
4100,4793,2022-03-03,2022-03-08,Delhi,Delhivery,Delayed
4101,4794,2022-05-26,2022-06-02,Surat,BlueDart,In Transit
4102,4795,2023-10-12,2023-10-14,Kochi,DTDC,Delivered
4103,4796,2024-07-31,2024-08-04,Mumbai,Ekart,Delivered
4104,4797,2023-09-17,2023-09-22,Mumbai,DTDC,Delayed
4105,4798,2023-07-11,2023-07-17,Ahmedabad,BlueDart,Delivered
4106,4799,2024-01-17,2024-01-19,Hyderabad,Delhivery,Delivered
4107,4800,2024-10-29,2024-10-31,Indore,Ekart,In Transit
4108,4801,2022-04-30,2022-05-03,Indore,DTDC,Delayed
4109,4802,2024-05-10,2024-05-14,Kolkata,Delhivery,Delivered
4110,4803,2023-02-14,2023-02-15,Nagpur,IndiaPost,Delayed
4111,4804,2025-05-15,2025-05-22,Chennai,Ekart,In Transit
4112,4805,2024-06-09,2024-06-16,Lucknow,IndiaPost,Delivered
4113,4806,2023-05-13,2023-05-20,Lucknow,Delhivery,In Transit
4114,4808,2022-08-19,2022-08-20,Bengaluru,Delhivery,Delivered
4115,4809,2025-12-24,2025-12-29,Surat,Delhivery,Delivered
4116,4810,2023-07-03,2023-07-10,Indore,Delhivery,Delivered
4117,4812,2022-12-17,2022-12-24,Hyderabad,DTDC,Delivered
4118,4813,2025-06-15,2025-06-22,Nagpur,BlueDart,Delivered
4119,4814,2024-08-07,2024-08-08,Nagpur,Delhivery,Delivered
4120,4815,2025-02-04,2025-02-06,Ahmedabad,DTDC,Delivered
4121,4816,2025-07-25,2025-08-01,Ahmedabad,Delhivery,Delivered
4122,4817,2024-07-06,2024-07-07,Pune,Ekart,Delivered
4123,4818,2025-06-08,2025-06-12,Kochi,Ekart,Delivered
4124,4819,2025-03-18,2025-03-19,Ahmedabad,BlueDart,Delivered
4125,4820,2024-03-29,2024-03-31,Delhi,DTDC,Delivered
4126,4821,2022-07-31,2022-08-06,Chandigarh,BlueDart,Delayed
4127,4822,2024-09-10,2024-09-13,Kochi,IndiaPost,Delivered
4128,4823,2022-03-12,2022-03-15,Pune,IndiaPost,Delivered
4129,4824,2025-05-22,2025-05-26,Mumbai,DTDC,Delivered
4130,4825,2024-02-25,2024-02-28,Chandigarh,DTDC,Delivered
4131,4826,2024-09-13,2024-09-15,Lucknow,DTDC,Delivered
4132,4827,2025-06-11,2025-06-12,Nagpur,Ekart,Delivered
4133,4828,2022-04-20,2022-04-24,Jaipur,BlueDart,Delivered
4134,4829,2022-04-29,2022-05-03,Delhi,BlueDart,Delivered
4135,4830,2022-09-26,2022-09-29,Surat,Delhivery,Delivered
4136,4831,2023-03-09,2023-03-16,Chandigarh,IndiaPost,Delivered
4137,4832,2025-11-20,2025-11-23,Delhi,Delhivery,Delivered
4138,4833,2024-05-15,2024-05-20,Surat,Delhivery,Delivered
4139,4834,2023-04-18,2023-04-25,Lucknow,BlueDart,Delivered
4140,4835,2025-02-14,2025-02-18,Bengaluru,Ekart,Delivered
4141,4836,2025-07-31,2025-08-03,Pune,Ekart,Delivered
4142,4837,2023-03-25,2023-03-28,Jaipur,BlueDart,Delivered
4143,4838,2023-02-12,2023-02-14,Chandigarh,IndiaPost,Delivered
4144,4839,2023-03-30,2023-04-03,Chennai,Delhivery,Delivered
4145,4840,2022-12-13,2022-12-17,Pune,DTDC,Delivered
4146,4842,2022-09-25,2022-09-30,Pune,Ekart,Delivered
4147,4844,2024-04-25,2024-04-28,Jaipur,BlueDart,Delivered
4148,4845,2025-05-26,2025-06-01,Jaipur,Delhivery,Delivered
4149,4847,2023-04-17,2023-04-20,Delhi,DTDC,In Transit
4150,4848,2023-11-10,2023-11-12,Chennai,DTDC,Delivered
4151,4849,2023-11-25,2023-12-01,Nagpur,Ekart,In Transit
4152,4850,2022-02-10,2022-02-14,Indore,DTDC,Delayed
4153,4851,2025-08-01,2025-08-03,Chandigarh,IndiaPost,Delayed
4154,4852,2023-05-18,2023-05-25,Delhi,Delhivery,Delivered
4155,4853,2025-04-17,2025-04-19,Ahmedabad,BlueDart,Delivered
4156,4854,2024-03-01,2024-03-05,Hyderabad,BlueDart,Delivered
4157,4855,2023-09-27,2023-09-28,Delhi,Delhivery,Delivered
4158,4856,2024-08-24,2024-08-26,Pune,Delhivery,Delivered
4159,4857,2025-04-16,2025-04-19,Kolkata,Ekart,Delivered
4160,4858,2022-01-17,2022-01-20,Indore,Delhivery,Delivered
4161,4859,2025-02-11,2025-02-12,Kolkata,Delhivery,In Transit
4162,4860,2022-03-07,2022-03-08,Indore,DTDC,Delivered
4163,4861,2023-07-27,2023-08-01,Bengaluru,IndiaPost,Delivered
4164,4863,2022-10-27,2022-11-01,Nagpur,BlueDart,Delivered
4165,4864,2024-01-17,2024-01-19,Mumbai,Delhivery,Delivered
4166,4865,2023-04-16,2023-04-22,Hyderabad,IndiaPost,Delivered
4167,4866,2023-01-18,2023-01-23,Surat,BlueDart,Delivered
4168,4867,2022-07-21,2022-07-27,Indore,IndiaPost,Delivered
4169,4868,2023-08-20,2023-08-23,Hyderabad,Delhivery,Delivered
4170,4871,2024-11-09,2024-11-12,Bengaluru,IndiaPost,Delivered
4171,4873,2023-06-22,2023-06-23,Indore,IndiaPost,Delivered
4172,4874,2025-02-13,2025-02-15,Nagpur,Ekart,Delivered
4173,4877,2022-06-15,2022-06-22,Lucknow,DTDC,Delayed
4174,4878,2024-06-07,2024-06-14,Delhi,BlueDart,Delivered
4175,4879,2025-12-23,2025-12-27,Indore,DTDC,Delivered
4176,4880,2025-09-08,2025-09-10,Nagpur,DTDC,Delivered
4177,4881,2025-01-08,2025-01-14,Chandigarh,Ekart,Delivered
4178,4882,2022-08-12,2022-08-19,Jaipur,Ekart,Delivered
4179,4883,2022-12-13,2022-12-15,Indore,Ekart,Delivered
4180,4884,2022-10-31,2022-11-02,Kochi,IndiaPost,Delivered
4181,4885,2022-09-19,2022-09-22,Chennai,Ekart,Delivered
4182,4886,2025-04-28,2025-04-30,Hyderabad,Ekart,Delivered
4183,4887,2023-12-25,2023-12-27,Lucknow,Ekart,In Transit
4184,4888,2023-04-20,2023-04-21,Lucknow,Delhivery,Delivered
4185,4889,2022-11-10,2022-11-16,Lucknow,IndiaPost,In Transit
4186,4890,2025-06-26,2025-06-28,Delhi,BlueDart,Delivered
4187,4892,2022-12-16,2022-12-19,Mumbai,IndiaPost,Delivered
4188,4893,2022-09-11,2022-09-13,Indore,IndiaPost,Delivered
4189,4894,2025-09-23,2025-09-30,Kolkata,Delhivery,Delivered
4190,4896,2024-08-22,2024-08-23,Hyderabad,DTDC,Delivered
4191,4897,2023-05-14,2023-05-19,Surat,BlueDart,Delivered
4192,4898,2023-09-28,2023-10-04,Chandigarh,IndiaPost,Delivered
4193,4899,2023-05-07,2023-05-09,Kolkata,Ekart,Delivered
4194,4900,2025-06-16,2025-06-17,Kolkata,Delhivery,Delivered
4195,4901,2022-03-03,2022-03-09,Hyderabad,DTDC,Delivered
4196,4902,2023-12-08,2023-12-14,Indore,Delhivery,Delivered
4197,4904,2025-08-22,2025-08-28,Kochi,DTDC,Delivered
4198,4905,2024-02-27,2024-02-29,Lucknow,IndiaPost,In Transit
4199,4907,2022-02-27,2022-02-28,Kolkata,DTDC,Delivered
4200,4908,2022-05-04,2022-05-09,Lucknow,DTDC,Delivered
4201,4909,2022-10-10,2022-10-14,Kolkata,Delhivery,Delivered
4202,4910,2025-08-06,2025-08-12,Pune,BlueDart,Delivered
4203,4912,2025-10-23,2025-10-27,Mumbai,Delhivery,Delivered
4204,4913,2024-06-23,2024-06-28,Bengaluru,DTDC,Delivered
4205,4914,2025-07-09,2025-07-13,Lucknow,Ekart,Delivered
4206,4915,2023-11-18,2023-11-21,Surat,IndiaPost,Delivered
4207,4916,2023-05-12,2023-05-19,Indore,DTDC,Delivered
4208,4917,2024-01-05,2024-01-11,Ahmedabad,IndiaPost,Delivered
4209,4918,2022-04-25,2022-04-28,Chandigarh,BlueDart,Delivered
4210,4919,2023-12-26,2024-01-02,Pune,IndiaPost,Delivered
4211,4921,2022-05-23,2022-05-26,Mumbai,Ekart,Delivered
4212,4922,2024-01-08,2024-01-11,Jaipur,IndiaPost,Delivered
4213,4923,2025-10-13,2025-10-15,Chennai,BlueDart,Delivered
4214,4925,2025-03-20,2025-03-26,Surat,Delhivery,In Transit
4215,4926,2024-11-09,2024-11-14,Bengaluru,BlueDart,Delivered
4216,4927,2024-01-13,2024-01-14,Kolkata,IndiaPost,Delivered
4217,4928,2025-04-08,2025-04-13,Kolkata,DTDC,Delivered
4218,4929,2022-11-26,2022-11-28,Pune,Ekart,Delivered
4219,4930,2025-08-03,2025-08-04,Chennai,Delhivery,Delivered
4220,4931,2022-02-08,2022-02-15,Kolkata,Ekart,Delivered
4221,4932,2024-03-28,2024-04-02,Kolkata,Ekart,Delivered
4222,4934,2025-03-16,2025-03-20,Kochi,IndiaPost,Delayed
4223,4935,2024-08-25,2024-08-30,Hyderabad,DTDC,Delivered
4224,4936,2025-05-15,2025-05-19,Indore,Delhivery,In Transit
4225,4937,2023-12-09,2023-12-16,Delhi,BlueDart,Delivered
4226,4938,2022-07-10,2022-07-13,Kolkata,Delhivery,Delivered
4227,4940,2022-08-13,2022-08-16,Kolkata,Ekart,Delivered
4228,4941,2025-07-13,2025-07-18,Jaipur,Ekart,Delivered
4229,4942,2022-01-03,2022-01-05,Surat,IndiaPost,Delayed
4230,4944,2023-08-16,2023-08-18,Indore,BlueDart,Delivered
4231,4945,2022-12-22,2022-12-27,Delhi,Ekart,In Transit
4232,4946,2022-03-02,2022-03-04,Delhi,Ekart,Delivered
4233,4947,2023-09-07,2023-09-08,Chennai,BlueDart,Delivered
4234,4948,2024-07-13,2024-07-17,Kolkata,BlueDart,Delayed
4235,4949,2025-05-15,2025-05-17,Nagpur,IndiaPost,Delivered
4236,4950,2025-08-08,2025-08-11,Hyderabad,DTDC,Delivered
4237,4951,2024-02-19,2024-02-23,Mumbai,Ekart,Delivered
4238,4952,2022-05-26,2022-05-31,Bengaluru,DTDC,Delivered
4239,4955,2022-10-13,2022-10-16,Indore,Ekart,Delivered
4240,4956,2022-07-27,2022-08-01,Bengaluru,DTDC,Delivered
4241,4957,2022-09-26,2022-10-02,Mumbai,DTDC,Delivered
4242,4958,2023-01-26,2023-01-29,Pune,IndiaPost,Delivered
4243,4959,2023-11-21,2023-11-26,Nagpur,DTDC,In Transit
4244,4960,2024-07-06,2024-07-08,Nagpur,IndiaPost,Delivered
4245,4961,2022-01-18,2022-01-25,Jaipur,Ekart,Delayed
4246,4962,2023-05-13,2023-05-19,Chennai,Ekart,Delivered
4247,4963,2024-10-04,2024-10-11,Pune,IndiaPost,Delivered
4248,4964,2024-09-22,2024-09-23,Jaipur,IndiaPost,Delivered
4249,4965,2024-01-01,2024-01-05,Delhi,Delhivery,Delayed
4250,4966,2025-03-23,2025-03-30,Lucknow,DTDC,Delivered
4251,4968,2022-04-29,2022-05-01,Surat,Delhivery,In Transit
4252,4969,2022-01-28,2022-02-03,Ahmedabad,Ekart,Delivered
4253,4970,2024-08-09,2024-08-11,Delhi,IndiaPost,Delivered
4254,4971,2022-03-02,2022-03-04,Lucknow,Ekart,Delivered
4255,4973,2025-09-28,2025-10-04,Ahmedabad,DTDC,Delivered
4256,4974,2023-03-16,2023-03-19,Chandigarh,BlueDart,In Transit
4257,4975,2025-07-01,2025-07-03,Surat,IndiaPost,Delivered
4258,4976,2024-11-14,2024-11-18,Mumbai,Delhivery,Delivered
4259,4977,2024-06-03,2024-06-07,Delhi,DTDC,Delivered
4260,4978,2023-04-23,2023-04-26,Jaipur,Ekart,Delivered
4261,4979,2024-08-28,2024-08-31,Bengaluru,IndiaPost,Delivered
4262,4980,2022-12-25,2022-12-27,Chennai,DTDC,Delivered
4263,4981,2025-12-22,2025-12-25,Ahmedabad,BlueDart,Delivered
4264,4982,2023-08-04,2023-08-11,Kolkata,BlueDart,Delivered
4265,4983,2025-06-01,2025-06-06,Pune,IndiaPost,In Transit
4266,4984,2022-05-20,2022-05-23,Ahmedabad,BlueDart,Delayed
4267,4986,2024-03-23,2024-03-27,Indore,DTDC,Delivered
4268,4987,2023-06-13,2023-06-14,Jaipur,DTDC,Delivered
4269,4988,2024-09-13,2024-09-14,Chennai,Ekart,Delivered
4270,4989,2025-11-07,2025-11-11,Hyderabad,Delhivery,Delivered
4271,4990,2022-03-14,2022-03-17,Kolkata,Ekart,In Transit
4272,4991,2024-06-03,2024-06-04,Nagpur,Delhivery,Delivered
4273,4992,2023-03-11,2023-03-13,Chennai,DTDC,Delivered
4274,4993,2025-04-17,2025-04-24,Hyderabad,Delhivery,Delivered
4275,4995,2022-06-20,2022-06-26,Delhi,BlueDart,Delivered
4276,4996,2025-12-02,2025-12-04,Indore,Delhivery,Delivered
4277,4997,2023-05-05,2023-05-08,Chennai,Ekart,Delivered
4278,4998,2022-02-24,2022-03-02,Indore,BlueDart,Delivered
4279,4999,2025-01-03,2025-01-06,Nagpur,Ekart,Delivered
4280,5000,2025-07-31,2025-08-07,Nagpur,IndiaPost,Delayed
4281,5001,2025-02-07,2025-02-13,Chandigarh,IndiaPost,Delayed
4282,5002,2025-02-01,2025-02-04,Hyderabad,Ekart,Delivered
4283,5003,2023-12-24,2023-12-29,Nagpur,IndiaPost,Delivered
4284,5004,2025-06-07,2025-06-14,Delhi,DTDC,Delivered
4285,5005,2024-10-02,2024-10-03,Jaipur,Ekart,Delivered
4286,5006,2023-04-17,2023-04-19,Delhi,BlueDart,Delivered
4287,5007,2022-01-09,2022-01-16,Pune,IndiaPost,Delivered
4288,5008,2022-06-15,2022-06-22,Pune,Delhivery,Delivered
4289,5009,2025-04-07,2025-04-11,Pune,Ekart,Delivered
4290,5010,2025-02-01,2025-02-02,Lucknow,DTDC,Delivered
4291,5011,2025-06-17,2025-06-18,Mumbai,BlueDart,Delivered
4292,5012,2023-10-11,2023-10-18,Pune,Ekart,Delivered
4293,5013,2023-05-02,2023-05-08,Jaipur,DTDC,Delivered
4294,5014,2025-01-10,2025-01-12,Chennai,IndiaPost,Delivered
4295,5016,2025-02-09,2025-02-14,Nagpur,BlueDart,Delivered
4296,5017,2024-12-01,2024-12-04,Chennai,Delhivery,Delivered
4297,5018,2022-12-28,2022-12-29,Surat,DTDC,Delivered
4298,5020,2023-12-13,2023-12-14,Chandigarh,Ekart,Delivered
4299,5021,2025-12-23,2025-12-26,Nagpur,IndiaPost,Delivered
4300,5022,2023-08-04,2023-08-10,Nagpur,DTDC,Delayed
4301,5023,2025-10-28,2025-11-01,Jaipur,Delhivery,Delivered
4302,5024,2025-04-09,2025-04-16,Indore,Delhivery,Delivered
4303,5025,2025-06-02,2025-06-04,Surat,DTDC,Delivered
4304,5026,2023-07-05,2023-07-10,Kolkata,IndiaPost,In Transit
4305,5027,2023-03-06,2023-03-12,Hyderabad,DTDC,Delivered
4306,5028,2026-01-01,2026-01-07,Pune,IndiaPost,Delivered
4307,5029,2024-12-09,2024-12-11,Hyderabad,Ekart,Delivered
4308,5030,2022-06-01,2022-06-08,Pune,DTDC,Delivered
4309,5031,2024-12-18,2024-12-22,Kochi,Ekart,Delivered
4310,5032,2024-07-10,2024-07-13,Kochi,Delhivery,Delivered
4311,5033,2022-12-06,2022-12-11,Hyderabad,Delhivery,Delivered
4312,5034,2025-11-07,2025-11-13,Chandigarh,DTDC,Delayed
4313,5035,2022-10-08,2022-10-13,Chennai,Ekart,Delivered
4314,5036,2025-04-29,2025-05-04,Delhi,BlueDart,Delivered
4315,5037,2023-11-08,2023-11-12,Nagpur,Ekart,Delivered
4316,5038,2023-11-26,2023-11-30,Chandigarh,BlueDart,Delivered
4317,5039,2025-04-23,2025-04-27,Bengaluru,IndiaPost,Delivered
4318,5042,2023-04-20,2023-04-24,Mumbai,BlueDart,Delivered
4319,5043,2022-05-05,2022-05-12,Ahmedabad,Delhivery,Delivered
4320,5044,2023-02-17,2023-02-20,Chennai,BlueDart,Delivered
4321,5045,2022-09-20,2022-09-26,Kolkata,DTDC,Delayed
4322,5046,2023-05-04,2023-05-09,Chennai,DTDC,Delivered
4323,5047,2024-02-24,2024-02-26,Jaipur,IndiaPost,Delivered
4324,5048,2024-09-19,2024-09-22,Mumbai,Ekart,Delivered
4325,5049,2022-09-06,2022-09-11,Indore,BlueDart,Delivered
4326,5051,2024-02-12,2024-02-16,Chandigarh,DTDC,In Transit
4327,5052,2023-12-20,2023-12-24,Lucknow,Ekart,Delivered
4328,5054,2022-01-14,2022-01-21,Ahmedabad,Delhivery,Delivered
4329,5055,2022-03-06,2022-03-13,Surat,Ekart,Delivered
4330,5057,2022-07-22,2022-07-28,Lucknow,IndiaPost,Delivered
4331,5058,2025-11-29,2025-12-03,Indore,Ekart,Delivered
4332,5059,2022-01-21,2022-01-23,Pune,Delhivery,Delivered
4333,5060,2025-01-28,2025-01-29,Jaipur,Delhivery,Delivered
4334,5061,2023-02-19,2023-02-22,Surat,DTDC,Delivered
4335,5063,2022-09-02,2022-09-09,Mumbai,Delhivery,Delivered
4336,5064,2023-05-20,2023-05-23,Delhi,Delhivery,Delivered
4337,5065,2025-10-07,2025-10-10,Jaipur,Ekart,Delivered
4338,5066,2023-04-16,2023-04-18,Chennai,BlueDart,Delivered
4339,5067,2025-05-13,2025-05-20,Nagpur,IndiaPost,Delivered
4340,5068,2025-06-16,2025-06-17,Delhi,Ekart,Delayed
4341,5069,2023-10-11,2023-10-17,Mumbai,Delhivery,Delivered
4342,5071,2023-02-14,2023-02-21,Lucknow,IndiaPost,Delivered
4343,5072,2024-03-27,2024-04-03,Mumbai,BlueDart,Delivered
4344,5073,2023-07-16,2023-07-17,Kolkata,DTDC,Delayed
4345,5074,2025-09-08,2025-09-14,Hyderabad,IndiaPost,Delivered
4346,5075,2023-05-16,2023-05-20,Delhi,DTDC,Delayed
4347,5076,2023-06-04,2023-06-11,Hyderabad,Delhivery,Delivered
4348,5077,2024-05-10,2024-05-14,Indore,IndiaPost,Delivered
4349,5078,2025-06-09,2025-06-12,Lucknow,DTDC,Delivered
4350,5079,2025-04-13,2025-04-17,Kolkata,Delhivery,Delivered
4351,5080,2024-04-02,2024-04-03,Mumbai,Ekart,Delivered
4352,5081,2024-05-30,2024-06-02,Kolkata,DTDC,Delivered
4353,5082,2025-10-14,2025-10-18,Bengaluru,BlueDart,Delivered
4354,5083,2025-11-10,2025-11-15,Ahmedabad,BlueDart,Delivered
4355,5084,2024-02-22,2024-02-26,Indore,IndiaPost,Delivered
4356,5085,2025-07-27,2025-07-30,Chandigarh,BlueDart,Delivered
4357,5086,2023-02-06,2023-02-13,Chandigarh,Ekart,Delivered
4358,5087,2022-01-26,2022-01-29,Indore,Ekart,Delivered
4359,5088,2023-02-19,2023-02-24,Chandigarh,Delhivery,Delivered
4360,5089,2025-08-24,2025-08-27,Kochi,IndiaPost,Delivered
4361,5090,2024-03-14,2024-03-18,Chennai,Ekart,Delivered
4362,5092,2023-11-03,2023-11-04,Kolkata,Delhivery,In Transit
4363,5093,2023-07-15,2023-07-18,Mumbai,IndiaPost,Delivered
4364,5095,2025-04-09,2025-04-12,Ahmedabad,DTDC,Delivered
4365,5096,2024-10-21,2024-10-22,Kolkata,Delhivery,In Transit
4366,5097,2024-01-10,2024-01-13,Mumbai,IndiaPost,Delivered
4367,5098,2023-01-05,2023-01-11,Lucknow,IndiaPost,Delivered
4368,5099,2024-11-27,2024-12-03,Kolkata,DTDC,Delivered
4369,5100,2022-11-04,2022-11-06,Bengaluru,DTDC,Delivered
4370,5101,2023-01-14,2023-01-20,Lucknow,BlueDart,Delivered
4371,5102,2024-12-04,2024-12-06,Lucknow,DTDC,In Transit
4372,5103,2024-05-08,2024-05-12,Delhi,DTDC,Delivered
4373,5104,2022-10-02,2022-10-04,Surat,IndiaPost,Delivered
4374,5105,2022-11-12,2022-11-13,Nagpur,Ekart,Delivered
4375,5106,2024-09-23,2024-09-27,Pune,DTDC,Delivered
4376,5107,2024-09-07,2024-09-14,Nagpur,Ekart,In Transit
4377,5108,2024-01-11,2024-01-15,Chennai,DTDC,In Transit
4378,5109,2023-06-19,2023-06-24,Chandigarh,BlueDart,Delivered
4379,5111,2023-04-04,2023-04-08,Jaipur,Delhivery,Delivered
4380,5112,2025-05-09,2025-05-11,Surat,Delhivery,Delivered
4381,5113,2024-05-05,2024-05-12,Surat,BlueDart,Delivered
4382,5115,2022-06-25,2022-06-29,Chandigarh,DTDC,Delivered
4383,5116,2022-11-25,2022-11-29,Kolkata,BlueDart,Delivered
4384,5117,2024-05-31,2024-06-01,Lucknow,BlueDart,Delivered
4385,5119,2025-12-06,2025-12-13,Chandigarh,BlueDart,Delivered
4386,5121,2023-02-16,2023-02-17,Chennai,Delhivery,Delivered
4387,5122,2025-06-18,2025-06-21,Lucknow,Delhivery,Delivered
4388,5123,2025-12-14,2025-12-15,Kochi,Ekart,Delivered
4389,5124,2024-12-16,2024-12-18,Jaipur,Ekart,Delivered
4390,5125,2025-04-07,2025-04-08,Ahmedabad,Delhivery,Delivered
4391,5127,2022-04-21,2022-04-25,Jaipur,BlueDart,Delivered
4392,5129,2024-11-20,2024-11-23,Jaipur,IndiaPost,Delivered
4393,5130,2025-05-03,2025-05-08,Bengaluru,IndiaPost,Delivered
4394,5132,2022-04-10,2022-04-11,Delhi,DTDC,Delivered
4395,5133,2024-09-12,2024-09-19,Pune,Ekart,Delivered
4396,5134,2024-09-12,2024-09-15,Ahmedabad,Delhivery,Delayed
4397,5135,2022-11-07,2022-11-12,Indore,DTDC,Delivered
4398,5136,2022-01-29,2022-02-05,Delhi,DTDC,Delivered
4399,5137,2023-02-12,2023-02-17,Bengaluru,Delhivery,Delivered
4400,5138,2022-10-29,2022-10-30,Kochi,BlueDart,Delivered
4401,5139,2023-08-27,2023-08-28,Indore,DTDC,Delivered
4402,5140,2023-06-27,2023-07-01,Mumbai,Delhivery,Delivered
4403,5141,2022-02-22,2022-02-28,Chandigarh,Ekart,Delivered
4404,5142,2023-01-07,2023-01-11,Bengaluru,BlueDart,Delayed
4405,5143,2023-06-15,2023-06-20,Mumbai,Ekart,Delivered
4406,5144,2025-10-31,2025-11-06,Pune,Ekart,Delivered
4407,5145,2025-09-12,2025-09-19,Jaipur,DTDC,Delivered
4408,5146,2025-05-05,2025-05-09,Hyderabad,BlueDart,Delivered
4409,5147,2023-05-24,2023-05-29,Chandigarh,BlueDart,Delivered
4410,5148,2022-02-12,2022-02-13,Delhi,Ekart,Delivered
4411,5149,2025-01-19,2025-01-21,Hyderabad,DTDC,Delivered
4412,5151,2022-07-15,2022-07-18,Pune,Delhivery,Delivered
4413,5152,2022-01-26,2022-01-30,Nagpur,BlueDart,Delayed
4414,5153,2023-07-24,2023-07-30,Chandigarh,Ekart,Delivered
4415,5154,2023-12-28,2024-01-04,Kochi,Delhivery,Delayed
4416,5155,2023-12-08,2023-12-11,Nagpur,BlueDart,Delivered
4417,5156,2022-03-13,2022-03-20,Chennai,Ekart,Delivered
4418,5157,2024-03-29,2024-04-01,Lucknow,BlueDart,Delivered
4419,5158,2022-11-22,2022-11-25,Nagpur,Delhivery,Delivered
4420,5159,2022-04-10,2022-04-17,Hyderabad,DTDC,Delivered
4421,5160,2024-11-27,2024-12-03,Chandigarh,BlueDart,Delivered
4422,5161,2023-05-25,2023-05-27,Nagpur,BlueDart,Delivered
4423,5162,2022-08-03,2022-08-07,Indore,Delhivery,Delivered
4424,5163,2023-01-02,2023-01-07,Indore,BlueDart,Delivered
4425,5164,2025-11-04,2025-11-06,Pune,IndiaPost,In Transit
4426,5165,2023-03-20,2023-03-23,Mumbai,DTDC,Delivered
4427,5166,2023-05-31,2023-06-02,Pune,IndiaPost,Delivered
4428,5167,2023-03-11,2023-03-15,Lucknow,IndiaPost,Delivered
4429,5168,2023-01-08,2023-01-15,Surat,DTDC,Delivered
4430,5169,2023-07-01,2023-07-03,Chennai,Delhivery,Delivered
4431,5170,2023-10-11,2023-10-12,Pune,IndiaPost,Delivered
4432,5171,2022-03-30,2022-04-03,Ahmedabad,Ekart,Delivered
4433,5172,2024-11-28,2024-12-01,Surat,IndiaPost,Delivered
4434,5174,2023-06-06,2023-06-10,Jaipur,DTDC,Delivered
4435,5176,2023-08-05,2023-08-10,Hyderabad,Delhivery,Delivered
4436,5177,2024-07-03,2024-07-09,Chennai,Delhivery,Delivered
4437,5178,2023-01-23,2023-01-26,Kochi,IndiaPost,Delivered
4438,5179,2022-06-25,2022-06-28,Mumbai,IndiaPost,Delivered
4439,5180,2022-09-05,2022-09-11,Kolkata,DTDC,In Transit
4440,5181,2022-12-25,2023-01-01,Surat,Delhivery,Delivered
4441,5182,2022-06-02,2022-06-04,Lucknow,BlueDart,In Transit
4442,5183,2024-12-31,2025-01-05,Nagpur,Ekart,Delivered
4443,5184,2024-05-30,2024-06-01,Surat,IndiaPost,Delivered
4444,5185,2022-07-30,2022-08-06,Ahmedabad,BlueDart,Delivered
4445,5187,2022-03-20,2022-03-23,Nagpur,Ekart,Delivered
4446,5188,2025-08-31,2025-09-01,Indore,BlueDart,Delivered
4447,5190,2025-12-20,2025-12-27,Delhi,BlueDart,Delivered
4448,5191,2024-11-11,2024-11-17,Kochi,BlueDart,Delivered
4449,5192,2022-06-22,2022-06-29,Hyderabad,BlueDart,Delivered
4450,5193,2025-02-08,2025-02-15,Ahmedabad,Ekart,In Transit
4451,5194,2024-02-15,2024-02-21,Indore,BlueDart,Delivered
4452,5195,2025-02-16,2025-02-20,Lucknow,Delhivery,Delivered
4453,5196,2025-09-06,2025-09-10,Hyderabad,BlueDart,Delivered
4454,5198,2025-06-12,2025-06-16,Ahmedabad,BlueDart,Delivered
4455,5199,2022-01-20,2022-01-22,Bengaluru,IndiaPost,Delivered
4456,5200,2025-05-02,2025-05-03,Indore,DTDC,Delivered
4457,5201,2023-12-05,2023-12-08,Surat,IndiaPost,Delivered
4458,5202,2023-11-02,2023-11-08,Nagpur,BlueDart,Delivered
4459,5203,2023-03-05,2023-03-08,Kochi,DTDC,Delivered
4460,5204,2024-03-13,2024-03-17,Pune,Ekart,Delivered
4461,5205,2024-01-24,2024-01-29,Jaipur,DTDC,Delivered
4462,5206,2023-09-13,2023-09-20,Lucknow,IndiaPost,Delayed
4463,5207,2022-10-22,2022-10-28,Bengaluru,IndiaPost,Delivered
4464,5208,2025-04-26,2025-04-29,Kolkata,DTDC,Delivered
4465,5209,2022-03-28,2022-04-02,Hyderabad,BlueDart,Delivered
4466,5210,2022-06-27,2022-06-30,Surat,IndiaPost,Delivered
4467,5211,2024-05-29,2024-06-01,Jaipur,BlueDart,In Transit
4468,5212,2024-12-11,2024-12-12,Delhi,Ekart,Delivered
4469,5213,2023-11-13,2023-11-15,Chennai,IndiaPost,Delivered
4470,5214,2025-06-30,2025-07-07,Surat,IndiaPost,Delivered
4471,5216,2024-02-09,2024-02-12,Chandigarh,DTDC,Delivered
4472,5217,2022-12-10,2022-12-15,Lucknow,Delhivery,Delivered
4473,5218,2023-04-16,2023-04-20,Surat,BlueDart,Delivered
4474,5220,2023-08-30,2023-09-05,Hyderabad,DTDC,In Transit
4475,5221,2022-08-08,2022-08-12,Lucknow,DTDC,Delayed
4476,5222,2025-06-07,2025-06-11,Hyderabad,BlueDart,Delivered
4477,5224,2022-09-23,2022-09-30,Delhi,DTDC,Delivered
4478,5225,2024-09-03,2024-09-10,Bengaluru,Ekart,In Transit
4479,5226,2024-03-12,2024-03-14,Bengaluru,DTDC,Delivered
4480,5227,2024-10-06,2024-10-10,Jaipur,IndiaPost,Delivered
4481,5229,2022-07-14,2022-07-15,Pune,Delhivery,Delivered
4482,5230,2024-08-17,2024-08-22,Delhi,Delhivery,Delivered
4483,5231,2023-08-26,2023-08-30,Kochi,BlueDart,Delivered
4484,5232,2023-01-11,2023-01-14,Delhi,BlueDart,Delivered
4485,5233,2023-11-10,2023-11-16,Bengaluru,DTDC,Delivered
4486,5234,2024-08-03,2024-08-06,Kolkata,Delhivery,Delivered
4487,5235,2022-03-31,2022-04-05,Indore,IndiaPost,Delivered
4488,5236,2025-07-11,2025-07-15,Ahmedabad,Ekart,Delivered
4489,5237,2025-06-15,2025-06-21,Chandigarh,IndiaPost,Delivered
4490,5238,2022-03-20,2022-03-22,Indore,Delhivery,Delivered
4491,5239,2023-01-23,2023-01-26,Mumbai,DTDC,Delivered
4492,5240,2022-12-05,2022-12-06,Ahmedabad,Delhivery,Delivered
4493,5241,2024-04-14,2024-04-20,Kolkata,DTDC,Delivered
4494,5242,2024-02-06,2024-02-08,Mumbai,DTDC,Delivered
4495,5243,2025-11-26,2025-11-27,Lucknow,Ekart,Delivered
4496,5244,2022-08-02,2022-08-07,Jaipur,Ekart,Delayed
4497,5245,2023-12-29,2024-01-05,Kolkata,Delhivery,Delivered
4498,5246,2022-07-31,2022-08-01,Jaipur,BlueDart,Delivered
4499,5248,2022-07-22,2022-07-24,Bengaluru,Ekart,Delivered
4500,5249,2023-09-22,2023-09-28,Pune,DTDC,Delivered
4501,5250,2025-05-28,2025-05-29,Hyderabad,Ekart,Delivered
4502,5251,2025-03-12,2025-03-13,Delhi,BlueDart,Delivered
4503,5252,2022-05-31,2022-06-01,Chandigarh,Delhivery,Delivered
4504,5253,2023-11-20,2023-11-24,Lucknow,Ekart,Delivered
4505,5254,2023-04-02,2023-04-09,Bengaluru,Delhivery,Delivered
4506,5256,2022-07-03,2022-07-04,Kochi,Ekart,In Transit
4507,5257,2024-02-27,2024-03-01,Chandigarh,IndiaPost,Delivered
4508,5258,2023-11-15,2023-11-21,Jaipur,IndiaPost,Delivered
4509,5259,2024-02-07,2024-02-14,Delhi,Delhivery,Delivered
4510,5260,2022-11-21,2022-11-22,Delhi,Delhivery,Delayed
4511,5261,2025-01-07,2025-01-12,Mumbai,Delhivery,Delivered
4512,5262,2024-10-19,2024-10-24,Chennai,Delhivery,Delivered
4513,5263,2023-11-15,2023-11-19,Indore,Delhivery,Delivered
4514,5264,2022-11-24,2022-11-28,Chandigarh,Ekart,Delivered
4515,5265,2022-04-19,2022-04-21,Kolkata,IndiaPost,Delivered
4516,5266,2024-11-07,2024-11-09,Kochi,BlueDart,Delivered
4517,5267,2024-06-24,2024-06-29,Chandigarh,IndiaPost,Delivered
4518,5269,2024-06-20,2024-06-22,Chandigarh,IndiaPost,Delivered
4519,5271,2022-03-30,2022-03-31,Mumbai,BlueDart,Delivered
4520,5273,2022-09-12,2022-09-14,Bengaluru,BlueDart,Delivered
4521,5275,2023-11-20,2023-11-23,Ahmedabad,BlueDart,Delivered
4522,5276,2023-02-16,2023-02-22,Delhi,Delhivery,Delivered
4523,5277,2022-08-06,2022-08-13,Delhi,Delhivery,Delayed
4524,5278,2024-01-27,2024-02-01,Chennai,IndiaPost,Delivered
4525,5279,2024-10-07,2024-10-14,Delhi,Delhivery,Delivered
4526,5280,2023-11-05,2023-11-07,Bengaluru,DTDC,Delivered
4527,5281,2023-09-08,2023-09-13,Ahmedabad,Ekart,In Transit
4528,5282,2023-07-16,2023-07-20,Jaipur,Delhivery,Delivered
4529,5283,2023-09-03,2023-09-05,Indore,DTDC,Delivered
4530,5284,2023-09-24,2023-09-27,Indore,IndiaPost,Delivered
4531,5285,2023-01-31,2023-02-03,Nagpur,Ekart,Delivered
4532,5288,2024-12-18,2024-12-24,Hyderabad,BlueDart,Delivered
4533,5289,2023-09-04,2023-09-08,Kolkata,Ekart,Delivered
4534,5292,2022-11-04,2022-11-07,Chandigarh,Ekart,Delivered
4535,5293,2022-03-12,2022-03-15,Bengaluru,IndiaPost,Delivered
4536,5294,2022-12-09,2022-12-10,Nagpur,Delhivery,Delivered
4537,5295,2022-09-09,2022-09-15,Mumbai,Delhivery,Delivered
4538,5296,2024-09-10,2024-09-15,Chandigarh,Delhivery,Delivered
4539,5297,2023-10-30,2023-10-31,Chennai,BlueDart,Delivered
4540,5299,2024-12-31,2025-01-04,Jaipur,DTDC,In Transit
4541,5300,2024-07-21,2024-07-25,Jaipur,Delhivery,Delivered
4542,5301,2023-04-13,2023-04-14,Kolkata,IndiaPost,Delivered
4543,5302,2022-06-09,2022-06-14,Chennai,BlueDart,Delivered
4544,5303,2024-07-06,2024-07-12,Lucknow,BlueDart,Delivered
4545,5304,2025-03-22,2025-03-29,Chennai,IndiaPost,Delivered
4546,5305,2025-07-03,2025-07-10,Lucknow,IndiaPost,In Transit
4547,5306,2025-04-06,2025-04-09,Pune,DTDC,Delivered
4548,5307,2025-04-03,2025-04-05,Mumbai,Delhivery,In Transit
4549,5310,2022-12-15,2022-12-16,Ahmedabad,BlueDart,Delivered
4550,5311,2024-10-27,2024-10-30,Indore,BlueDart,Delivered
4551,5312,2025-02-21,2025-02-23,Mumbai,BlueDart,Delivered
4552,5313,2022-05-22,2022-05-28,Kochi,BlueDart,Delivered
4553,5314,2025-10-14,2025-10-18,Hyderabad,IndiaPost,Delivered
4554,5315,2024-02-10,2024-02-16,Mumbai,IndiaPost,Delivered
4555,5316,2024-02-04,2024-02-09,Surat,Ekart,Delivered
4556,5317,2025-11-20,2025-11-22,Bengaluru,Ekart,Delivered
4557,5319,2025-09-13,2025-09-19,Bengaluru,Ekart,Delivered
4558,5321,2022-05-27,2022-05-31,Mumbai,BlueDart,Delivered
4559,5322,2025-02-16,2025-02-18,Mumbai,BlueDart,Delivered
4560,5324,2022-10-02,2022-10-04,Chennai,IndiaPost,Delivered
4561,5325,2024-08-08,2024-08-15,Surat,DTDC,Delivered
4562,5326,2023-06-28,2023-06-30,Kolkata,DTDC,Delivered
4563,5327,2023-11-09,2023-11-13,Bengaluru,IndiaPost,Delivered
4564,5328,2025-07-17,2025-07-23,Indore,IndiaPost,Delivered
4565,5329,2025-08-30,2025-09-01,Nagpur,DTDC,Delivered
4566,5330,2025-01-19,2025-01-24,Ahmedabad,Ekart,Delivered
4567,5331,2022-10-20,2022-10-25,Indore,Delhivery,Delivered
4568,5332,2024-06-28,2024-06-29,Hyderabad,IndiaPost,Delayed
4569,5333,2024-07-12,2024-07-17,Delhi,Delhivery,In Transit
4570,5334,2022-01-10,2022-01-12,Nagpur,DTDC,Delivered
4571,5336,2022-08-29,2022-09-05,Bengaluru,BlueDart,Delivered
4572,5337,2022-07-27,2022-07-31,Delhi,BlueDart,Delivered
4573,5338,2023-07-31,2023-08-03,Chennai,BlueDart,Delivered
4574,5339,2025-09-07,2025-09-09,Delhi,Ekart,Delivered
4575,5341,2025-11-18,2025-11-22,Pune,Ekart,Delayed
4576,5343,2025-12-08,2025-12-15,Chandigarh,BlueDart,Delivered
4577,5344,2025-05-26,2025-05-30,Surat,DTDC,Delivered
4578,5345,2022-12-02,2022-12-06,Indore,Delhivery,In Transit
4579,5346,2025-03-31,2025-04-07,Indore,Delhivery,Delayed
4580,5347,2024-12-02,2024-12-08,Hyderabad,BlueDart,Delivered
4581,5348,2022-03-01,2022-03-04,Nagpur,DTDC,In Transit
4582,5349,2025-01-16,2025-01-19,Bengaluru,Ekart,Delivered
4583,5350,2024-10-08,2024-10-12,Kochi,BlueDart,Delivered
4584,5351,2024-06-11,2024-06-17,Lucknow,Delhivery,Delayed
4585,5353,2022-10-31,2022-11-01,Ahmedabad,Ekart,Delivered
4586,5355,2023-10-18,2023-10-22,Hyderabad,DTDC,Delivered
4587,5356,2022-05-25,2022-05-30,Bengaluru,DTDC,Delivered
4588,5357,2024-04-21,2024-04-28,Indore,IndiaPost,Delivered
4589,5358,2024-02-23,2024-02-28,Mumbai,BlueDart,Delivered
4590,5359,2025-03-02,2025-03-04,Ahmedabad,DTDC,Delivered
4591,5361,2024-03-13,2024-03-15,Ahmedabad,IndiaPost,Delivered
4592,5362,2025-02-08,2025-02-10,Delhi,BlueDart,Delivered
4593,5363,2024-03-26,2024-03-27,Pune,Ekart,Delivered
4594,5364,2023-09-29,2023-10-04,Indore,Ekart,Delivered
4595,5365,2025-06-25,2025-07-01,Delhi,DTDC,Delivered
4596,5366,2023-06-29,2023-07-02,Delhi,BlueDart,Delivered
4597,5367,2023-06-17,2023-06-19,Surat,Ekart,Delivered
4598,5368,2023-06-24,2023-06-25,Bengaluru,IndiaPost,Delivered
4599,5369,2025-10-25,2025-10-27,Delhi,IndiaPost,Delivered
4600,5370,2024-09-14,2024-09-16,Lucknow,Ekart,Delivered
4601,5371,2025-11-24,2025-11-30,Indore,Delhivery,Delivered
4602,5373,2023-03-17,2023-03-22,Ahmedabad,IndiaPost,In Transit
4603,5375,2022-02-21,2022-02-26,Delhi,DTDC,In Transit
4604,5376,2024-10-01,2024-10-05,Jaipur,BlueDart,Delayed
4605,5377,2023-11-07,2023-11-08,Pune,IndiaPost,Delivered
4606,5378,2024-12-14,2024-12-17,Mumbai,DTDC,In Transit
4607,5379,2023-01-22,2023-01-28,Jaipur,IndiaPost,Delivered
4608,5380,2022-04-15,2022-04-17,Pune,DTDC,Delivered
4609,5382,2023-10-13,2023-10-18,Chandigarh,BlueDart,Delivered
4610,5384,2025-07-28,2025-07-29,Surat,IndiaPost,Delivered
4611,5386,2024-05-29,2024-06-04,Pune,BlueDart,Delivered
4612,5387,2025-05-24,2025-05-26,Mumbai,BlueDart,Delayed
4613,5388,2025-12-12,2025-12-14,Pune,Ekart,Delivered
4614,5389,2023-02-25,2023-03-03,Kolkata,DTDC,Delivered
4615,5390,2025-03-27,2025-04-02,Bengaluru,BlueDart,Delivered
4616,5391,2025-11-02,2025-11-04,Lucknow,DTDC,Delivered
4617,5392,2025-11-23,2025-11-26,Jaipur,DTDC,Delayed
4618,5393,2023-03-29,2023-03-30,Ahmedabad,BlueDart,Delivered
4619,5396,2022-10-14,2022-10-19,Nagpur,Delhivery,Delivered
4620,5397,2025-01-07,2025-01-12,Surat,IndiaPost,Delivered
4621,5398,2023-08-06,2023-08-12,Mumbai,DTDC,Delivered
4622,5399,2024-05-10,2024-05-17,Hyderabad,Delhivery,Delivered
4623,5400,2024-02-04,2024-02-10,Hyderabad,Delhivery,Delivered
4624,5401,2022-05-07,2022-05-08,Lucknow,Delhivery,In Transit
4625,5402,2024-04-02,2024-04-03,Lucknow,BlueDart,Delivered
4626,5404,2025-11-28,2025-11-29,Surat,Ekart,Delivered
4627,5405,2022-03-18,2022-03-25,Mumbai,BlueDart,Delivered
4628,5406,2025-08-05,2025-08-12,Hyderabad,Ekart,Delivered
4629,5407,2025-08-23,2025-08-29,Mumbai,IndiaPost,Delivered
4630,5408,2023-05-17,2023-05-23,Kochi,IndiaPost,Delivered
4631,5409,2025-09-28,2025-09-29,Chandigarh,Ekart,Delivered
4632,5410,2022-04-08,2022-04-10,Ahmedabad,Ekart,Delivered
4633,5411,2025-03-13,2025-03-15,Delhi,BlueDart,Delivered
4634,5412,2024-09-26,2024-10-03,Chandigarh,Delhivery,Delayed
4635,5413,2023-08-29,2023-08-30,Kochi,BlueDart,Delivered
4636,5414,2024-03-31,2024-04-06,Chandigarh,Delhivery,In Transit
4637,5415,2023-04-01,2023-04-02,Ahmedabad,Ekart,Delivered
4638,5417,2022-12-10,2022-12-14,Chennai,DTDC,Delayed
4639,5418,2022-12-19,2022-12-22,Surat,Delhivery,Delivered
4640,5419,2025-03-21,2025-03-23,Surat,IndiaPost,Delivered
4641,5420,2025-05-07,2025-05-10,Kolkata,IndiaPost,Delivered
4642,5421,2022-04-18,2022-04-21,Lucknow,Delhivery,In Transit
4643,5422,2022-09-04,2022-09-07,Indore,DTDC,Delivered
4644,5423,2024-09-18,2024-09-24,Ahmedabad,BlueDart,Delivered
4645,5424,2025-11-15,2025-11-21,Surat,Delhivery,Delivered
4646,5425,2025-04-14,2025-04-18,Delhi,DTDC,Delivered
4647,5426,2025-07-27,2025-07-28,Lucknow,IndiaPost,Delivered
4648,5427,2023-11-12,2023-11-14,Nagpur,Ekart,Delivered
4649,5428,2023-01-19,2023-01-24,Kolkata,Ekart,Delivered
4650,5429,2025-08-20,2025-08-25,Chennai,IndiaPost,Delivered
4651,5430,2024-12-25,2024-12-29,Pune,Delhivery,Delivered
4652,5431,2024-06-13,2024-06-19,Lucknow,Delhivery,Delivered
4653,5432,2025-07-26,2025-08-01,Kolkata,BlueDart,Delivered
4654,5433,2022-05-02,2022-05-06,Pune,IndiaPost,Delivered
4655,5434,2025-06-06,2025-06-09,Ahmedabad,DTDC,Delivered
4656,5435,2025-12-08,2025-12-13,Pune,BlueDart,Delivered
4657,5436,2022-12-18,2022-12-19,Lucknow,BlueDart,Delayed
4658,5438,2023-01-28,2023-02-01,Nagpur,Delhivery,Delivered
4659,5439,2022-01-20,2022-01-25,Hyderabad,Ekart,Delivered
4660,5440,2022-04-12,2022-04-13,Mumbai,BlueDart,Delivered
4661,5441,2025-01-18,2025-01-22,Lucknow,Delhivery,Delayed
4662,5442,2022-06-11,2022-06-14,Mumbai,BlueDart,In Transit
4663,5444,2025-12-25,2025-12-26,Mumbai,Ekart,Delivered
4664,5445,2023-06-07,2023-06-09,Nagpur,Delhivery,In Transit
4665,5446,2022-04-29,2022-05-05,Pune,Ekart,Delivered
4666,5447,2022-02-18,2022-02-22,Lucknow,Ekart,Delivered
4667,5448,2024-06-08,2024-06-10,Bengaluru,IndiaPost,Delivered
4668,5449,2023-06-08,2023-06-12,Mumbai,IndiaPost,Delivered
4669,5450,2023-12-15,2023-12-16,Delhi,IndiaPost,Delivered
4670,5451,2023-08-06,2023-08-13,Lucknow,Ekart,Delivered
4671,5452,2025-01-15,2025-01-16,Hyderabad,IndiaPost,Delivered
4672,5453,2023-10-30,2023-11-06,Mumbai,Ekart,Delivered
4673,5454,2024-10-10,2024-10-13,Ahmedabad,BlueDart,Delivered
4674,5455,2025-02-13,2025-02-15,Chandigarh,Delhivery,Delivered
4675,5457,2023-04-15,2023-04-17,Lucknow,IndiaPost,Delivered
4676,5458,2025-07-20,2025-07-26,Surat,Delhivery,Delivered
4677,5459,2024-03-12,2024-03-13,Kolkata,IndiaPost,In Transit
4678,5460,2023-09-06,2023-09-10,Ahmedabad,IndiaPost,Delivered
4679,5461,2024-04-28,2024-04-30,Bengaluru,Ekart,Delivered
4680,5462,2022-05-01,2022-05-08,Hyderabad,Delhivery,Delivered
4681,5463,2025-02-14,2025-02-21,Lucknow,Ekart,Delivered
4682,5464,2023-09-13,2023-09-18,Nagpur,DTDC,Delivered
4683,5465,2023-01-16,2023-01-19,Ahmedabad,BlueDart,Delivered
4684,5466,2024-05-25,2024-05-28,Nagpur,DTDC,Delivered
4685,5467,2025-03-14,2025-03-21,Bengaluru,Delhivery,Delivered
4686,5468,2022-11-23,2022-11-26,Hyderabad,BlueDart,Delivered
4687,5469,2024-12-22,2024-12-24,Kochi,DTDC,Delivered
4688,5470,2022-02-06,2022-02-11,Surat,Ekart,In Transit
4689,5471,2025-07-09,2025-07-10,Hyderabad,Delhivery,Delivered
4690,5472,2025-08-02,2025-08-09,Kochi,IndiaPost,Delivered
4691,5474,2024-05-29,2024-06-03,Hyderabad,DTDC,Delivered
4692,5475,2025-03-10,2025-03-16,Pune,DTDC,Delayed
4693,5477,2023-07-27,2023-08-01,Delhi,BlueDart,Delayed
4694,5478,2023-05-25,2023-05-28,Delhi,DTDC,Delivered
4695,5479,2022-11-22,2022-11-26,Chennai,DTDC,Delivered
4696,5481,2025-01-16,2025-01-17,Kochi,Delhivery,Delivered
4697,5482,2022-08-16,2022-08-19,Pune,BlueDart,Delivered
4698,5483,2022-01-15,2022-01-20,Hyderabad,Delhivery,In Transit
4699,5484,2023-10-02,2023-10-09,Chennai,Ekart,Delivered
4700,5485,2022-08-25,2022-08-27,Bengaluru,Delhivery,Delivered
4701,5486,2023-07-30,2023-08-03,Bengaluru,Ekart,Delivered
4702,5487,2024-07-14,2024-07-21,Indore,BlueDart,Delivered
4703,5488,2023-10-26,2023-10-31,Jaipur,IndiaPost,In Transit
4704,5489,2024-02-11,2024-02-13,Kochi,IndiaPost,Delivered
4705,5490,2024-03-14,2024-03-17,Surat,Delhivery,Delayed
4706,5492,2024-07-10,2024-07-16,Pune,DTDC,Delivered
4707,5493,2022-12-21,2022-12-26,Surat,BlueDart,Delivered
4708,5494,2024-01-03,2024-01-08,Lucknow,Ekart,Delivered
4709,5495,2023-10-17,2023-10-23,Delhi,IndiaPost,Delayed
4710,5496,2022-10-19,2022-10-20,Surat,DTDC,Delivered
4711,5497,2025-05-16,2025-05-19,Ahmedabad,Ekart,Delivered
4712,5498,2022-02-01,2022-02-07,Kolkata,Ekart,Delivered
4713,5499,2025-08-15,2025-08-17,Surat,BlueDart,Delivered
4714,5500,2022-05-19,2022-05-23,Chandigarh,DTDC,Delivered
4715,5501,2024-05-10,2024-05-16,Pune,Delhivery,Delivered
4716,5502,2022-03-19,2022-03-23,Chandigarh,Delhivery,Delivered
4717,5503,2022-02-11,2022-02-12,Kolkata,Ekart,Delivered
4718,5504,2022-09-25,2022-10-02,Mumbai,Delhivery,Delivered
4719,5505,2023-01-07,2023-01-13,Delhi,IndiaPost,Delivered
4720,5507,2023-09-02,2023-09-05,Pune,BlueDart,Delayed
4721,5508,2025-05-03,2025-05-06,Jaipur,BlueDart,Delivered
4722,5509,2022-06-27,2022-07-04,Chandigarh,DTDC,Delivered
4723,5510,2023-08-11,2023-08-16,Chennai,IndiaPost,Delivered
4724,5511,2025-04-04,2025-04-07,Chennai,BlueDart,Delivered
4725,5512,2025-03-26,2025-04-02,Kochi,Ekart,Delivered
4726,5513,2025-12-05,2025-12-07,Kolkata,Ekart,Delivered
4727,5514,2025-11-19,2025-11-20,Mumbai,BlueDart,Delivered
4728,5515,2024-09-25,2024-09-27,Chandigarh,DTDC,Delivered
4729,5516,2025-12-28,2026-01-04,Nagpur,IndiaPost,Delivered
4730,5517,2022-04-29,2022-05-05,Surat,Delhivery,Delivered
4731,5518,2022-07-07,2022-07-12,Hyderabad,DTDC,Delivered
4732,5519,2025-04-23,2025-04-28,Lucknow,DTDC,Delivered
4733,5521,2022-07-09,2022-07-10,Pune,Ekart,Delivered
4734,5522,2023-08-20,2023-08-21,Delhi,DTDC,Delivered
4735,5523,2022-06-25,2022-06-28,Pune,Ekart,Delivered
4736,5524,2023-06-21,2023-06-23,Jaipur,Ekart,Delivered
4737,5525,2025-02-19,2025-02-26,Chandigarh,BlueDart,Delivered
4738,5526,2025-10-07,2025-10-11,Nagpur,DTDC,Delayed
4739,5527,2022-07-25,2022-07-28,Mumbai,IndiaPost,Delivered
4740,5528,2025-12-27,2026-01-02,Jaipur,BlueDart,Delivered
4741,5529,2023-09-26,2023-10-01,Bengaluru,BlueDart,Delivered
4742,5530,2024-08-25,2024-08-31,Indore,Ekart,Delivered
4743,5531,2025-07-15,2025-07-18,Kolkata,Delhivery,Delivered
4744,5532,2025-03-26,2025-04-01,Indore,Ekart,Delivered
4745,5533,2022-03-06,2022-03-07,Pune,Ekart,In Transit
4746,5534,2023-04-03,2023-04-05,Kochi,Ekart,Delivered
4747,5535,2025-05-11,2025-05-16,Kochi,DTDC,Delivered
4748,5537,2024-06-30,2024-07-02,Mumbai,Ekart,Delivered
4749,5538,2023-03-24,2023-03-31,Kolkata,Ekart,Delivered
4750,5539,2025-03-26,2025-03-30,Pune,Delhivery,Delivered
4751,5540,2024-07-22,2024-07-26,Chennai,BlueDart,Delivered
4752,5541,2025-03-15,2025-03-22,Jaipur,Ekart,Delivered
4753,5542,2025-02-26,2025-03-04,Pune,BlueDart,Delayed
4754,5543,2025-08-01,2025-08-03,Surat,Ekart,Delivered
4755,5544,2025-01-06,2025-01-10,Jaipur,IndiaPost,Delivered
4756,5545,2022-07-21,2022-07-26,Lucknow,Ekart,Delivered
4757,5546,2024-07-15,2024-07-19,Hyderabad,Ekart,Delayed
4758,5547,2024-04-14,2024-04-21,Kolkata,Ekart,Delivered
4759,5548,2022-08-24,2022-08-28,Kochi,DTDC,Delivered
4760,5551,2025-07-17,2025-07-21,Delhi,IndiaPost,Delivered
4761,5552,2025-04-12,2025-04-14,Ahmedabad,BlueDart,Delivered
4762,5553,2025-06-25,2025-07-01,Jaipur,DTDC,Delivered
4763,5554,2022-12-28,2023-01-02,Nagpur,IndiaPost,Delivered
4764,5555,2024-09-10,2024-09-11,Chandigarh,Ekart,Delivered
4765,5556,2025-06-21,2025-06-23,Lucknow,DTDC,Delayed
4766,5557,2022-09-01,2022-09-05,Delhi,Ekart,Delivered
4767,5558,2022-02-27,2022-03-04,Jaipur,BlueDart,Delivered
4768,5559,2025-02-13,2025-02-16,Pune,Ekart,Delayed
4769,5560,2022-11-03,2022-11-04,Lucknow,DTDC,Delivered
4770,5561,2022-03-04,2022-03-11,Jaipur,BlueDart,Delivered
4771,5562,2024-02-10,2024-02-12,Pune,Ekart,Delivered
4772,5563,2022-12-21,2022-12-26,Pune,IndiaPost,Delivered
4773,5564,2024-03-04,2024-03-07,Ahmedabad,IndiaPost,Delivered
4774,5565,2022-11-12,2022-11-18,Indore,Ekart,Delivered
4775,5566,2023-03-09,2023-03-15,Jaipur,BlueDart,Delivered
4776,5567,2023-11-28,2023-12-01,Delhi,Ekart,In Transit
4777,5568,2023-10-14,2023-10-19,Kolkata,DTDC,Delayed
4778,5569,2023-12-20,2023-12-23,Kochi,BlueDart,In Transit
4779,5571,2022-08-17,2022-08-22,Hyderabad,Ekart,Delivered
4780,5572,2025-11-02,2025-11-09,Pune,Ekart,Delivered
4781,5573,2022-10-08,2022-10-13,Kochi,BlueDart,Delivered
4782,5574,2024-11-20,2024-11-26,Surat,IndiaPost,Delayed
4783,5575,2025-09-16,2025-09-19,Indore,Ekart,Delivered
4784,5576,2022-06-11,2022-06-17,Lucknow,BlueDart,Delivered
4785,5578,2025-10-05,2025-10-07,Lucknow,DTDC,Delivered
4786,5580,2024-07-21,2024-07-26,Kolkata,IndiaPost,Delayed
4787,5582,2022-05-21,2022-05-22,Delhi,BlueDart,Delivered
4788,5583,2025-06-19,2025-06-21,Lucknow,IndiaPost,Delivered
4789,5584,2023-12-26,2024-01-01,Bengaluru,IndiaPost,Delivered
4790,5585,2023-11-20,2023-11-27,Delhi,Ekart,Delivered
4791,5586,2025-08-29,2025-08-31,Chennai,IndiaPost,Delivered
4792,5587,2022-03-26,2022-03-30,Chennai,Ekart,Delivered
4793,5588,2022-01-23,2022-01-28,Bengaluru,DTDC,Delivered
4794,5589,2023-05-11,2023-05-15,Jaipur,BlueDart,Delivered
4795,5590,2024-09-17,2024-09-22,Ahmedabad,IndiaPost,Delivered
4796,5591,2023-10-12,2023-10-17,Kochi,Ekart,Delivered
4797,5592,2025-09-19,2025-09-20,Kolkata,BlueDart,In Transit
4798,5594,2023-11-27,2023-12-02,Kochi,IndiaPost,Delivered
4799,5595,2024-05-26,2024-06-02,Lucknow,IndiaPost,Delivered
4800,5596,2023-09-23,2023-09-25,Jaipur,BlueDart,Delivered
4801,5597,2025-11-29,2025-12-02,Chennai,Delhivery,Delivered
4802,5598,2022-11-24,2022-11-25,Jaipur,Ekart,Delayed
4803,5599,2023-11-18,2023-11-22,Chennai,DTDC,Delivered
4804,5600,2025-12-31,2026-01-02,Jaipur,BlueDart,Delivered
4805,5601,2024-09-16,2024-09-17,Hyderabad,BlueDart,Delivered
4806,5602,2024-07-29,2024-08-02,Lucknow,Ekart,Delivered
4807,5603,2023-06-06,2023-06-09,Delhi,Ekart,Delivered
4808,5604,2022-07-21,2022-07-22,Delhi,Delhivery,In Transit
4809,5605,2025-04-20,2025-04-23,Bengaluru,IndiaPost,Delivered
4810,5606,2022-08-05,2022-08-12,Mumbai,DTDC,Delivered
4811,5607,2024-12-30,2025-01-06,Bengaluru,DTDC,Delayed
4812,5608,2024-10-23,2024-10-26,Nagpur,Ekart,Delivered
4813,5609,2025-09-16,2025-09-20,Delhi,DTDC,Delivered
4814,5611,2024-04-23,2024-04-30,Surat,Ekart,Delivered
4815,5612,2022-01-27,2022-01-30,Mumbai,Delhivery,Delivered
4816,5613,2023-07-11,2023-07-12,Mumbai,BlueDart,Delivered
4817,5614,2022-07-14,2022-07-17,Kochi,Delhivery,Delivered
4818,5615,2025-07-29,2025-07-31,Chennai,DTDC,Delayed
4819,5616,2023-01-07,2023-01-12,Hyderabad,BlueDart,Delayed
4820,5617,2023-08-18,2023-08-21,Indore,BlueDart,Delivered
4821,5618,2024-02-07,2024-02-09,Hyderabad,DTDC,Delivered
4822,5619,2022-11-25,2022-11-27,Bengaluru,Ekart,Delivered
4823,5620,2025-12-11,2025-12-13,Nagpur,Ekart,Delivered
4824,5621,2024-02-19,2024-02-20,Kolkata,DTDC,Delivered
4825,5622,2024-04-09,2024-04-15,Indore,IndiaPost,Delivered
4826,5624,2023-05-05,2023-05-08,Kochi,BlueDart,Delivered
4827,5625,2025-07-17,2025-07-18,Lucknow,DTDC,Delivered
4828,5626,2023-04-25,2023-04-29,Ahmedabad,DTDC,Delivered
4829,5627,2022-06-05,2022-06-08,Indore,IndiaPost,Delivered
4830,5628,2024-05-02,2024-05-09,Chennai,DTDC,Delivered
4831,5630,2024-02-20,2024-02-21,Surat,IndiaPost,Delayed
4832,5631,2023-08-08,2023-08-11,Jaipur,DTDC,Delivered
4833,5632,2022-06-16,2022-06-21,Kochi,IndiaPost,Delivered
4834,5634,2022-05-21,2022-05-23,Chandigarh,Delhivery,Delivered
4835,5635,2022-08-04,2022-08-06,Jaipur,DTDC,Delivered
4836,5636,2025-01-20,2025-01-23,Jaipur,Delhivery,Delivered
4837,5637,2023-10-12,2023-10-13,Kochi,Delhivery,Delivered
4838,5638,2023-01-01,2023-01-05,Delhi,BlueDart,Delivered
4839,5639,2025-01-17,2025-01-24,Indore,Ekart,Delivered
4840,5640,2025-06-03,2025-06-04,Kochi,Delhivery,Delivered
4841,5641,2022-07-01,2022-07-08,Delhi,DTDC,Delivered
4842,5642,2024-04-25,2024-04-26,Nagpur,IndiaPost,Delayed
4843,5644,2023-12-11,2023-12-16,Bengaluru,Ekart,Delivered
4844,5645,2025-12-18,2025-12-24,Kochi,IndiaPost,Delivered
4845,5646,2025-09-11,2025-09-17,Chennai,IndiaPost,Delivered
4846,5647,2023-12-03,2023-12-06,Indore,IndiaPost,Delivered
4847,5648,2025-02-02,2025-02-04,Jaipur,BlueDart,Delivered
4848,5649,2025-02-01,2025-02-02,Pune,IndiaPost,Delivered
4849,5650,2024-03-03,2024-03-09,Mumbai,Ekart,Delivered
4850,5651,2025-03-24,2025-03-27,Bengaluru,BlueDart,Delivered
4851,5652,2024-06-02,2024-06-03,Kochi,BlueDart,Delivered
4852,5653,2022-12-30,2022-12-31,Surat,Delhivery,Delayed
4853,5655,2022-11-17,2022-11-20,Jaipur,Ekart,Delayed
4854,5656,2025-04-14,2025-04-16,Chennai,IndiaPost,Delivered
4855,5657,2025-12-26,2025-12-27,Delhi,DTDC,Delivered
4856,5658,2025-08-14,2025-08-19,Surat,IndiaPost,In Transit
4857,5660,2023-10-13,2023-10-19,Mumbai,Ekart,Delivered
4858,5661,2022-10-11,2022-10-13,Surat,Ekart,In Transit
4859,5662,2025-05-28,2025-05-31,Kochi,Ekart,Delivered
4860,5663,2022-03-15,2022-03-18,Ahmedabad,DTDC,Delivered
4861,5665,2022-04-10,2022-04-11,Surat,Ekart,Delivered
4862,5666,2022-11-01,2022-11-02,Hyderabad,Ekart,Delivered
4863,5667,2022-12-18,2022-12-25,Lucknow,DTDC,In Transit
4864,5668,2022-09-15,2022-09-21,Pune,Ekart,Delayed
4865,5669,2023-07-16,2023-07-23,Nagpur,BlueDart,Delivered
4866,5670,2022-12-13,2022-12-15,Indore,BlueDart,Delivered
4867,5671,2023-06-29,2023-07-05,Mumbai,DTDC,Delayed
4868,5672,2025-05-23,2025-05-29,Hyderabad,Ekart,Delivered
4869,5673,2025-07-18,2025-07-25,Kolkata,BlueDart,Delivered
4870,5674,2025-03-02,2025-03-04,Kolkata,Delhivery,Delivered
4871,5675,2024-03-30,2024-04-01,Hyderabad,Ekart,Delivered
4872,5676,2024-05-24,2024-05-30,Ahmedabad,BlueDart,Delivered
4873,5678,2024-09-11,2024-09-13,Kochi,BlueDart,Delayed
4874,5679,2022-12-08,2022-12-14,Hyderabad,IndiaPost,Delivered
4875,5680,2022-03-24,2022-03-26,Mumbai,Ekart,Delivered
4876,5682,2025-01-21,2025-01-26,Kolkata,Ekart,Delivered
4877,5683,2022-01-14,2022-01-15,Pune,BlueDart,Delayed
4878,5684,2025-02-09,2025-02-10,Lucknow,Delhivery,Delayed
4879,5685,2022-10-25,2022-10-30,Kochi,Delhivery,Delivered
4880,5686,2024-10-22,2024-10-25,Nagpur,IndiaPost,Delivered
4881,5687,2025-07-31,2025-08-03,Kolkata,Ekart,Delivered
4882,5688,2023-07-13,2023-07-17,Ahmedabad,IndiaPost,Delivered
4883,5689,2023-04-17,2023-04-18,Ahmedabad,IndiaPost,Delivered
4884,5690,2023-12-03,2023-12-08,Kochi,BlueDart,Delivered
4885,5691,2025-03-25,2025-03-27,Surat,Ekart,Delivered
4886,5692,2025-07-06,2025-07-08,Nagpur,Ekart,Delivered
4887,5693,2022-06-18,2022-06-22,Jaipur,BlueDart,Delivered
4888,5694,2022-01-04,2022-01-11,Kochi,DTDC,Delivered
4889,5695,2022-09-16,2022-09-20,Nagpur,DTDC,Delivered
4890,5696,2024-02-29,2024-03-07,Kolkata,Ekart,Delivered
4891,5697,2025-12-06,2025-12-11,Indore,DTDC,Delivered
4892,5698,2023-07-21,2023-07-26,Chandigarh,IndiaPost,Delivered
4893,5699,2022-07-02,2022-07-09,Delhi,DTDC,Delivered
4894,5701,2022-03-26,2022-03-29,Kochi,IndiaPost,Delivered
4895,5702,2023-01-10,2023-01-17,Bengaluru,Delhivery,Delivered
4896,5704,2025-10-03,2025-10-07,Pune,Delhivery,Delivered
4897,5705,2025-03-03,2025-03-10,Hyderabad,Delhivery,Delivered
4898,5706,2025-04-02,2025-04-07,Chandigarh,Ekart,Delivered
4899,5707,2024-02-23,2024-02-26,Hyderabad,BlueDart,Delivered
4900,5708,2025-08-06,2025-08-10,Chennai,Ekart,Delayed
4901,5709,2024-06-01,2024-06-07,Delhi,Ekart,Delivered
4902,5710,2022-08-21,2022-08-22,Lucknow,IndiaPost,Delivered
4903,5711,2024-07-13,2024-07-18,Hyderabad,DTDC,Delivered
4904,5713,2025-10-18,2025-10-22,Bengaluru,DTDC,Delivered
4905,5714,2023-09-21,2023-09-23,Delhi,BlueDart,Delivered
4906,5715,2022-08-14,2022-08-21,Surat,Ekart,Delivered
4907,5716,2025-07-19,2025-07-25,Delhi,IndiaPost,Delivered
4908,5717,2022-02-05,2022-02-07,Ahmedabad,Delhivery,Delivered
4909,5718,2022-02-15,2022-02-18,Chennai,Delhivery,In Transit
4910,5719,2025-09-28,2025-09-30,Nagpur,BlueDart,Delayed
4911,5720,2025-06-24,2025-06-27,Pune,Delhivery,Delivered
4912,5721,2022-09-09,2022-09-14,Surat,Delhivery,In Transit
4913,5722,2022-01-04,2022-01-09,Nagpur,DTDC,In Transit
4914,5723,2025-04-26,2025-05-03,Hyderabad,Delhivery,Delayed
4915,5724,2022-06-20,2022-06-22,Kochi,BlueDart,Delivered
4916,5725,2022-08-25,2022-08-31,Mumbai,IndiaPost,Delivered
4917,5726,2025-05-03,2025-05-10,Kolkata,IndiaPost,Delivered
4918,5727,2023-12-03,2023-12-09,Chandigarh,BlueDart,Delivered
4919,5728,2022-02-28,2022-03-04,Surat,DTDC,Delivered
4920,5729,2023-07-03,2023-07-06,Ahmedabad,DTDC,Delivered
4921,5731,2024-08-07,2024-08-08,Kolkata,Ekart,Delivered
4922,5732,2023-11-29,2023-12-04,Delhi,DTDC,Delivered
4923,5734,2022-05-25,2022-05-30,Chandigarh,Ekart,Delivered
4924,5736,2024-09-16,2024-09-20,Chennai,Ekart,In Transit
4925,5737,2025-02-17,2025-02-18,Delhi,DTDC,Delivered
4926,5741,2025-04-07,2025-04-08,Lucknow,IndiaPost,Delivered
4927,5742,2025-05-23,2025-05-25,Jaipur,DTDC,Delivered
4928,5743,2022-04-22,2022-04-29,Kochi,Ekart,Delayed
4929,5744,2023-10-26,2023-10-31,Ahmedabad,Ekart,In Transit
4930,5745,2022-05-18,2022-05-20,Hyderabad,Delhivery,Delivered
4931,5746,2022-12-12,2022-12-17,Ahmedabad,DTDC,Delivered
4932,5748,2023-01-11,2023-01-13,Lucknow,IndiaPost,Delivered
4933,5749,2024-04-10,2024-04-12,Hyderabad,IndiaPost,Delivered
4934,5750,2022-09-03,2022-09-07,Bengaluru,Ekart,Delivered
4935,5751,2023-02-28,2023-03-03,Indore,Delhivery,Delivered
4936,5752,2024-09-23,2024-09-26,Mumbai,Delhivery,Delivered
4937,5753,2025-09-13,2025-09-15,Bengaluru,IndiaPost,In Transit
4938,5754,2025-06-25,2025-06-30,Nagpur,BlueDart,Delivered
4939,5756,2025-05-10,2025-05-17,Indore,DTDC,Delivered
4940,5757,2023-03-07,2023-03-13,Surat,Ekart,Delivered
4941,5758,2024-08-12,2024-08-15,Mumbai,BlueDart,Delivered
4942,5759,2024-06-07,2024-06-12,Hyderabad,BlueDart,Delivered
4943,5760,2023-03-30,2023-03-31,Kochi,IndiaPost,In Transit
4944,5762,2023-11-09,2023-11-10,Mumbai,DTDC,Delivered
4945,5763,2025-10-07,2025-10-10,Kochi,BlueDart,Delayed
4946,5764,2023-07-25,2023-07-27,Surat,DTDC,Delayed
4947,5765,2025-01-13,2025-01-17,Delhi,Ekart,Delivered
4948,5766,2023-01-26,2023-02-01,Pune,DTDC,Delivered
4949,5767,2024-05-20,2024-05-25,Pune,BlueDart,Delivered
4950,5768,2025-09-18,2025-09-25,Lucknow,Ekart,Delivered
4951,5769,2022-09-16,2022-09-19,Kochi,Delhivery,Delivered
4952,5770,2022-09-04,2022-09-07,Indore,Delhivery,Delivered
4953,5771,2025-04-22,2025-04-23,Delhi,Delhivery,Delivered
4954,5774,2025-04-29,2025-04-30,Hyderabad,BlueDart,Delivered
4955,5775,2024-02-05,2024-02-10,Surat,Ekart,Delivered
4956,5776,2024-07-01,2024-07-05,Nagpur,Ekart,Delivered
4957,5779,2025-11-21,2025-11-26,Mumbai,Ekart,Delivered
4958,5780,2022-11-28,2022-12-01,Ahmedabad,Delhivery,Delivered
4959,5781,2022-01-29,2022-01-31,Jaipur,Delhivery,Delivered
4960,5782,2022-11-29,2022-12-06,Delhi,Ekart,In Transit
4961,5784,2024-11-27,2024-11-30,Mumbai,IndiaPost,Delivered
4962,5785,2024-04-11,2024-04-18,Surat,IndiaPost,Delivered
4963,5786,2024-08-24,2024-08-25,Chennai,Delhivery,Delivered
4964,5787,2025-05-22,2025-05-27,Pune,DTDC,Delayed
4965,5788,2025-06-11,2025-06-12,Delhi,Ekart,Delivered
4966,5789,2025-08-20,2025-08-25,Hyderabad,BlueDart,Delivered
4967,5790,2023-06-09,2023-06-11,Jaipur,IndiaPost,Delivered
4968,5791,2024-07-10,2024-07-14,Mumbai,Ekart,Delivered
4969,5792,2024-02-24,2024-02-29,Kochi,DTDC,Delivered
4970,5793,2023-03-30,2023-03-31,Ahmedabad,IndiaPost,Delivered
4971,5794,2024-10-12,2024-10-14,Indore,DTDC,Delivered
4972,5796,2024-12-07,2024-12-12,Lucknow,IndiaPost,Delivered
4973,5797,2024-01-15,2024-01-22,Nagpur,Ekart,Delivered
4974,5798,2022-09-29,2022-10-06,Surat,DTDC,Delivered
4975,5799,2024-07-01,2024-07-06,Pune,Delhivery,Delivered
4976,5800,2024-09-16,2024-09-18,Chandigarh,Ekart,Delivered
4977,5801,2024-12-29,2025-01-05,Indore,BlueDart,Delivered
4978,5802,2025-05-01,2025-05-04,Ahmedabad,Ekart,In Transit
4979,5803,2023-12-09,2023-12-11,Kochi,BlueDart,Delivered
4980,5804,2023-09-04,2023-09-07,Jaipur,Delhivery,Delivered
4981,5805,2022-08-03,2022-08-05,Kolkata,Ekart,Delayed
4982,5806,2024-07-13,2024-07-14,Lucknow,Delhivery,Delivered
4983,5807,2025-12-29,2026-01-03,Ahmedabad,Delhivery,Delivered
4984,5808,2023-01-11,2023-01-16,Jaipur,Delhivery,Delivered
4985,5810,2024-10-07,2024-10-11,Hyderabad,DTDC,In Transit
4986,5811,2025-05-07,2025-05-10,Jaipur,Ekart,Delivered
4987,5814,2022-09-14,2022-09-16,Hyderabad,DTDC,In Transit
4988,5815,2024-06-29,2024-07-01,Delhi,IndiaPost,Delivered
4989,5816,2022-03-21,2022-03-26,Bengaluru,BlueDart,Delivered
4990,5818,2022-03-02,2022-03-03,Pune,DTDC,Delivered
4991,5819,2023-01-11,2023-01-17,Ahmedabad,Ekart,Delivered
4992,5820,2023-08-06,2023-08-08,Indore,BlueDart,Delivered
4993,5822,2025-08-17,2025-08-23,Delhi,BlueDart,Delivered
4994,5823,2025-08-09,2025-08-12,Lucknow,Delhivery,Delivered
4995,5824,2025-01-08,2025-01-14,Kolkata,DTDC,Delivered
4996,5825,2023-11-09,2023-11-12,Kolkata,BlueDart,Delivered
4997,5826,2025-08-07,2025-08-10,Chennai,DTDC,Delayed
4998,5827,2023-07-21,2023-07-28,Chandigarh,Ekart,Delivered
4999,5828,2022-07-23,2022-07-30,Indore,IndiaPost,Delayed
5000,5830,2022-12-07,2022-12-10,Mumbai,BlueDart,Delivered
5001,5831,2022-08-31,2022-09-04,Ahmedabad,Ekart,In Transit
5002,5833,2024-10-17,2024-10-20,Hyderabad,DTDC,Delivered
5003,5835,2024-04-13,2024-04-19,Surat,BlueDart,Delivered
5004,5837,2023-12-24,2023-12-25,Mumbai,IndiaPost,Delivered
5005,5838,2022-05-11,2022-05-15,Mumbai,DTDC,Delivered
5006,5839,2022-04-08,2022-04-09,Bengaluru,IndiaPost,Delivered
5007,5840,2024-05-02,2024-05-06,Kolkata,IndiaPost,Delivered
5008,5841,2022-11-26,2022-11-29,Chandigarh,IndiaPost,Delivered
5009,5842,2025-09-15,2025-09-20,Delhi,DTDC,In Transit
5010,5843,2022-12-19,2022-12-24,Mumbai,BlueDart,Delivered
5011,5844,2025-11-06,2025-11-11,Kochi,BlueDart,Delivered
5012,5845,2025-04-08,2025-04-13,Chennai,Ekart,Delivered
5013,5846,2025-05-09,2025-05-10,Ahmedabad,Delhivery,Delivered
5014,5848,2023-03-02,2023-03-08,Bengaluru,DTDC,Delayed
5015,5849,2025-03-10,2025-03-14,Surat,IndiaPost,Delivered
5016,5851,2023-07-22,2023-07-25,Delhi,BlueDart,Delivered
5017,5852,2023-06-19,2023-06-26,Lucknow,BlueDart,Delivered
5018,5853,2025-05-02,2025-05-08,Delhi,Delhivery,Delivered
5019,5854,2024-02-12,2024-02-16,Pune,DTDC,Delivered
5020,5855,2022-05-15,2022-05-22,Surat,IndiaPost,Delivered
5021,5856,2022-11-25,2022-11-26,Nagpur,Delhivery,Delivered
5022,5857,2023-01-04,2023-01-09,Bengaluru,Ekart,Delivered
5023,5858,2023-09-08,2023-09-10,Mumbai,Delhivery,In Transit
5024,5859,2022-06-19,2022-06-21,Chennai,Ekart,Delivered
5025,5860,2023-09-25,2023-10-02,Surat,Delhivery,Delivered
5026,5861,2024-10-01,2024-10-07,Indore,Delhivery,Delivered
5027,5862,2023-08-08,2023-08-10,Jaipur,BlueDart,Delivered
5028,5863,2024-05-19,2024-05-26,Kolkata,BlueDart,Delivered
5029,5865,2025-07-18,2025-07-24,Hyderabad,BlueDart,Delivered
5030,5866,2022-03-19,2022-03-21,Mumbai,Delhivery,Delivered
5031,5867,2025-12-27,2025-12-30,Kochi,Delhivery,Delayed
5032,5868,2024-08-18,2024-08-19,Ahmedabad,Ekart,In Transit
5033,5869,2022-08-21,2022-08-24,Bengaluru,IndiaPost,Delayed
5034,5870,2024-10-25,2024-10-30,Jaipur,IndiaPost,Delivered
5035,5872,2022-07-14,2022-07-16,Ahmedabad,Delhivery,Delivered
5036,5873,2022-09-29,2022-10-06,Kolkata,IndiaPost,Delayed
5037,5874,2023-06-19,2023-06-20,Mumbai,BlueDart,In Transit
5038,5875,2025-08-17,2025-08-22,Mumbai,IndiaPost,Delivered
5039,5876,2022-03-28,2022-03-29,Nagpur,BlueDart,Delivered
5040,5877,2025-03-26,2025-04-01,Jaipur,IndiaPost,Delayed
5041,5879,2022-04-19,2022-04-22,Surat,DTDC,Delivered
5042,5880,2024-06-02,2024-06-06,Surat,DTDC,Delayed
5043,5881,2024-12-06,2024-12-13,Hyderabad,DTDC,Delivered
5044,5882,2023-10-14,2023-10-16,Ahmedabad,Delhivery,Delivered
5045,5883,2022-03-20,2022-03-27,Hyderabad,Delhivery,Delivered
5046,5884,2022-08-19,2022-08-24,Ahmedabad,Delhivery,Delivered
5047,5885,2022-09-10,2022-09-17,Lucknow,Delhivery,Delivered
5048,5886,2024-05-07,2024-05-13,Surat,DTDC,Delivered
5049,5887,2022-10-23,2022-10-26,Delhi,IndiaPost,Delivered
5050,5888,2022-03-03,2022-03-08,Ahmedabad,Ekart,Delivered
5051,5890,2024-03-03,2024-03-05,Nagpur,DTDC,Delivered
5052,5891,2023-10-08,2023-10-11,Mumbai,DTDC,Delivered
5053,5892,2024-06-20,2024-06-26,Chennai,IndiaPost,Delivered
5054,5893,2022-07-26,2022-07-31,Surat,IndiaPost,Delivered
5055,5894,2022-09-26,2022-09-28,Kolkata,Ekart,Delivered
5056,5895,2025-10-28,2025-10-31,Hyderabad,Ekart,Delivered
5057,5896,2023-04-08,2023-04-09,Pune,IndiaPost,Delayed
5058,5897,2023-06-13,2023-06-20,Chandigarh,BlueDart,Delivered
5059,5898,2023-07-31,2023-08-03,Chandigarh,Delhivery,Delivered
5060,5899,2024-01-04,2024-01-05,Mumbai,Delhivery,Delivered
5061,5901,2023-01-10,2023-01-15,Kolkata,IndiaPost,Delayed
5062,5902,2025-08-03,2025-08-09,Lucknow,IndiaPost,Delivered
5063,5903,2022-07-02,2022-07-08,Mumbai,Ekart,Delivered
5064,5904,2023-09-22,2023-09-28,Kolkata,BlueDart,Delivered
5065,5905,2025-11-01,2025-11-02,Lucknow,BlueDart,In Transit
5066,5906,2023-04-29,2023-04-30,Kolkata,BlueDart,Delivered
5067,5907,2024-05-18,2024-05-23,Hyderabad,DTDC,Delivered
5068,5908,2025-08-02,2025-08-07,Hyderabad,Ekart,Delayed
5069,5909,2024-12-16,2024-12-21,Lucknow,Ekart,Delivered
5070,5911,2023-07-11,2023-07-12,Lucknow,Delhivery,Delivered
5071,5912,2022-07-24,2022-07-27,Chennai,BlueDart,Delivered
5072,5913,2022-05-29,2022-05-31,Indore,DTDC,In Transit
5073,5914,2024-12-14,2024-12-19,Jaipur,IndiaPost,In Transit
5074,5915,2025-09-01,2025-09-05,Pune,Ekart,Delivered
5075,5917,2025-01-18,2025-01-23,Kolkata,IndiaPost,Delivered
5076,5918,2024-05-27,2024-06-01,Ahmedabad,Ekart,Delivered
5077,5919,2024-10-01,2024-10-03,Chennai,Delhivery,Delivered
5078,5921,2023-04-15,2023-04-17,Jaipur,IndiaPost,Delivered
5079,5922,2024-08-17,2024-08-19,Kolkata,IndiaPost,Delivered
5080,5923,2024-10-24,2024-10-29,Chandigarh,IndiaPost,Delivered
5081,5925,2023-07-31,2023-08-01,Indore,Ekart,Delivered
5082,5926,2022-02-11,2022-02-17,Kolkata,Ekart,Delivered
5083,5927,2023-01-04,2023-01-09,Jaipur,Delhivery,Delivered
5084,5929,2025-05-29,2025-06-02,Chennai,BlueDart,Delivered
5085,5930,2024-12-24,2024-12-25,Kolkata,Delhivery,Delivered
5086,5931,2022-01-05,2022-01-10,Bengaluru,BlueDart,Delivered
5087,5932,2023-01-21,2023-01-22,Surat,BlueDart,Delivered
5088,5934,2025-01-29,2025-02-02,Mumbai,Delhivery,Delivered
5089,5935,2023-02-05,2023-02-09,Indore,Ekart,Delivered
5090,5936,2023-05-20,2023-05-24,Ahmedabad,IndiaPost,Delivered
5091,5937,2022-05-04,2022-05-08,Surat,IndiaPost,Delivered
5092,5938,2025-03-22,2025-03-27,Bengaluru,DTDC,Delivered
5093,5939,2025-04-19,2025-04-22,Indore,IndiaPost,Delivered
5094,5940,2022-08-19,2022-08-24,Chennai,Delhivery,Delivered
5095,5941,2024-08-01,2024-08-06,Kolkata,Ekart,In Transit
5096,5942,2025-01-26,2025-02-02,Mumbai,DTDC,Delivered
5097,5943,2023-12-01,2023-12-07,Jaipur,BlueDart,In Transit
5098,5944,2025-06-10,2025-06-16,Chennai,Ekart,Delivered
5099,5945,2024-01-30,2024-02-05,Indore,DTDC,Delivered
5100,5946,2025-06-25,2025-06-30,Chennai,BlueDart,Delivered
5101,5947,2024-04-18,2024-04-24,Jaipur,IndiaPost,Delivered
5102,5948,2023-10-14,2023-10-18,Kochi,IndiaPost,Delayed
5103,5950,2023-10-22,2023-10-28,Kochi,BlueDart,Delivered
5104,5953,2024-06-16,2024-06-21,Lucknow,IndiaPost,Delivered
5105,5954,2024-12-11,2024-12-14,Delhi,Ekart,Delivered
5106,5955,2025-01-31,2025-02-07,Mumbai,IndiaPost,Delivered
5107,5956,2022-12-24,2022-12-31,Chennai,Delhivery,Delivered
5108,5957,2022-04-14,2022-04-19,Delhi,Delhivery,Delivered
5109,5958,2022-09-26,2022-10-03,Chandigarh,Ekart,Delivered
5110,5959,2025-11-07,2025-11-13,Ahmedabad,Delhivery,Delivered
5111,5960,2025-05-19,2025-05-20,Mumbai,DTDC,Delivered
5112,5961,2022-01-03,2022-01-09,Kolkata,Delhivery,Delayed
5113,5962,2025-03-18,2025-03-19,Kochi,IndiaPost,Delivered
5114,5963,2025-08-08,2025-08-11,Delhi,IndiaPost,Delivered
5115,5964,2025-12-10,2025-12-15,Kolkata,DTDC,Delivered
5116,5965,2023-11-30,2023-12-07,Kochi,Ekart,Delivered
5117,5967,2022-04-04,2022-04-05,Jaipur,IndiaPost,Delivered
5118,5970,2023-04-18,2023-04-21,Nagpur,IndiaPost,Delayed
5119,5971,2022-08-11,2022-08-17,Lucknow,Delhivery,Delivered
5120,5972,2025-01-18,2025-01-25,Surat,Delhivery,Delivered
5121,5974,2023-06-12,2023-06-16,Nagpur,Ekart,Delivered
5122,5975,2024-07-05,2024-07-12,Chandigarh,BlueDart,Delivered
5123,5976,2023-10-19,2023-10-24,Chandigarh,Delhivery,Delivered
5124,5978,2022-05-17,2022-05-21,Mumbai,Ekart,Delayed
5125,5979,2023-03-31,2023-04-04,Chennai,IndiaPost,Delivered
5126,5981,2022-02-06,2022-02-07,Nagpur,BlueDart,Delivered
5127,5982,2023-11-04,2023-11-10,Lucknow,Delhivery,Delivered
5128,5983,2025-05-15,2025-05-22,Nagpur,DTDC,In Transit
5129,5984,2022-12-06,2022-12-09,Delhi,Ekart,Delivered
5130,5985,2024-11-06,2024-11-11,Chennai,BlueDart,Delivered
5131,5986,2023-07-21,2023-07-23,Chandigarh,Ekart,Delivered
5132,5987,2025-06-04,2025-06-07,Indore,Ekart,Delivered
5133,5988,2023-12-15,2023-12-17,Chandigarh,BlueDart,Delivered
5134,5989,2025-09-05,2025-09-11,Delhi,Delhivery,Delayed
5135,5990,2024-04-26,2024-05-01,Pune,DTDC,Delivered
5136,5991,2025-10-08,2025-10-15,Kochi,IndiaPost,Delivered
5137,5992,2022-09-20,2022-09-23,Chennai,Delhivery,Delivered
5138,5993,2024-01-12,2024-01-14,Ahmedabad,Ekart,Delivered
5139,5994,2024-07-01,2024-07-05,Nagpur,BlueDart,Delivered
5140,5995,2022-07-19,2022-07-25,Chennai,DTDC,In Transit
5141,5996,2023-01-07,2023-01-14,Hyderabad,IndiaPost,Delivered
5142,5997,2022-09-27,2022-10-01,Chandigarh,Delhivery,Delivered
5143,5998,2024-02-06,2024-02-13,Bengaluru,IndiaPost,Delivered
5144,5999,2025-05-09,2025-05-10,Kochi,BlueDart,Delivered
5145,6000,2025-02-09,2025-02-16,Indore,Ekart,Delivered
5146,6001,2023-05-26,2023-05-31,Kochi,IndiaPost,Delayed
5147,6002,2023-02-03,2023-02-04,Hyderabad,Ekart,Delivered
5148,6003,2023-07-31,2023-08-07,Mumbai,Delhivery,Delivered
5149,6004,2025-03-04,2025-03-05,Pune,IndiaPost,Delivered
5150,6005,2022-09-27,2022-10-02,Nagpur,Ekart,Delivered
5151,6006,2024-11-24,2024-11-28,Surat,Delhivery,Delivered
5152,6007,2022-03-05,2022-03-07,Pune,Delhivery,Delivered
5153,6008,2022-08-04,2022-08-06,Kochi,Delhivery,In Transit
5154,6009,2022-07-14,2022-07-18,Jaipur,IndiaPost,Delivered
5155,6010,2023-12-24,2023-12-25,Indore,Ekart,Delivered
5156,6011,2024-05-31,2024-06-01,Kolkata,BlueDart,Delivered
5157,6012,2023-04-11,2023-04-18,Kolkata,BlueDart,Delivered
5158,6013,2023-05-31,2023-06-07,Chennai,Ekart,Delivered
5159,6014,2023-08-05,2023-08-09,Nagpur,DTDC,Delivered
5160,6015,2022-06-07,2022-06-11,Kochi,Ekart,Delivered
5161,6016,2025-04-08,2025-04-09,Kochi,BlueDart,Delivered
5162,6017,2023-10-12,2023-10-17,Hyderabad,Delhivery,Delivered
5163,6018,2022-03-01,2022-03-08,Jaipur,Delhivery,Delivered
5164,6019,2025-09-09,2025-09-13,Jaipur,Delhivery,Delivered
5165,6020,2024-04-22,2024-04-27,Ahmedabad,DTDC,Delivered
5166,6021,2022-06-14,2022-06-20,Mumbai,Ekart,Delivered
5167,6022,2023-07-24,2023-07-25,Kochi,DTDC,In Transit
5168,6023,2022-08-24,2022-08-28,Kochi,Ekart,Delayed
5169,6024,2025-07-31,2025-08-03,Ahmedabad,Delhivery,Delivered
5170,6025,2023-02-25,2023-02-27,Jaipur,Ekart,Delivered
5171,6026,2022-10-17,2022-10-23,Pune,Ekart,Delivered
5172,6027,2024-12-25,2024-12-27,Jaipur,DTDC,Delivered
5173,6028,2025-02-05,2025-02-12,Kochi,DTDC,Delivered
5174,6029,2022-05-10,2022-05-12,Hyderabad,IndiaPost,Delivered
5175,6030,2023-11-25,2023-12-02,Ahmedabad,Delhivery,Delivered
5176,6032,2022-03-10,2022-03-13,Hyderabad,IndiaPost,Delivered
5177,6033,2025-01-21,2025-01-28,Mumbai,Delhivery,Delivered
5178,6034,2022-05-11,2022-05-15,Pune,Delhivery,Delivered
5179,6035,2023-01-09,2023-01-13,Nagpur,BlueDart,Delivered
5180,6036,2022-10-17,2022-10-19,Bengaluru,Ekart,Delivered
5181,6039,2022-09-12,2022-09-16,Kolkata,BlueDart,Delivered
5182,6040,2024-07-25,2024-08-01,Surat,Ekart,Delivered
5183,6041,2023-08-29,2023-09-02,Pune,DTDC,Delivered
5184,6042,2023-01-14,2023-01-20,Bengaluru,BlueDart,Delivered
5185,6043,2025-05-28,2025-06-04,Delhi,BlueDart,Delayed
5186,6044,2022-03-09,2022-03-14,Pune,Delhivery,Delivered
5187,6045,2023-06-04,2023-06-05,Jaipur,Delhivery,In Transit
5188,6046,2024-10-31,2024-11-03,Lucknow,IndiaPost,In Transit
5189,6047,2024-05-12,2024-05-14,Hyderabad,DTDC,Delivered
5190,6048,2024-09-28,2024-09-30,Chennai,Delhivery,Delivered
5191,6049,2022-04-10,2022-04-16,Chandigarh,Ekart,Delivered
5192,6050,2022-04-18,2022-04-20,Jaipur,IndiaPost,Delivered
5193,6051,2022-02-10,2022-02-15,Delhi,BlueDart,Delivered
5194,6052,2025-02-23,2025-03-02,Jaipur,BlueDart,Delivered
5195,6053,2023-11-11,2023-11-15,Kochi,Delhivery,Delivered
5196,6055,2025-05-03,2025-05-06,Delhi,Delhivery,Delivered
5197,6056,2025-03-31,2025-04-01,Kolkata,BlueDart,Delayed
5198,6058,2022-04-25,2022-04-30,Mumbai,DTDC,Delivered
5199,6059,2023-12-31,2024-01-03,Chandigarh,Delhivery,Delivered
5200,6060,2025-08-01,2025-08-06,Surat,IndiaPost,Delivered
5201,6061,2025-06-16,2025-06-19,Jaipur,DTDC,Delivered
5202,6062,2024-10-28,2024-10-29,Bengaluru,IndiaPost,Delivered
5203,6063,2025-12-13,2025-12-14,Nagpur,Ekart,Delivered
5204,6064,2023-09-24,2023-09-30,Hyderabad,BlueDart,In Transit
5205,6065,2024-03-05,2024-03-09,Kolkata,Ekart,Delivered
5206,6066,2022-09-17,2022-09-23,Chennai,Ekart,Delivered
5207,6068,2023-02-28,2023-03-07,Mumbai,Delhivery,Delivered
5208,6069,2022-06-09,2022-06-16,Ahmedabad,BlueDart,Delivered
5209,6071,2024-12-31,2025-01-05,Lucknow,Ekart,Delivered
5210,6072,2025-01-03,2025-01-05,Delhi,Delhivery,Delivered
5211,6073,2022-08-06,2022-08-11,Indore,Delhivery,Delivered
5212,6074,2023-12-01,2023-12-03,Surat,Delhivery,Delivered
5213,6075,2022-06-20,2022-06-24,Indore,DTDC,Delivered
5214,6077,2025-07-11,2025-07-15,Kolkata,Ekart,Delivered
5215,6078,2025-06-08,2025-06-14,Indore,IndiaPost,Delivered
5216,6079,2024-10-07,2024-10-13,Hyderabad,IndiaPost,Delivered
5217,6080,2023-02-20,2023-02-22,Nagpur,DTDC,Delivered
5218,6081,2023-02-20,2023-02-22,Bengaluru,BlueDart,Delayed
5219,6082,2023-11-17,2023-11-19,Ahmedabad,Delhivery,Delivered
5220,6083,2022-04-03,2022-04-04,Pune,Delhivery,Delivered
5221,6084,2024-09-25,2024-09-29,Kochi,IndiaPost,Delayed
5222,6085,2025-10-27,2025-10-31,Jaipur,IndiaPost,Delivered
5223,6086,2022-04-13,2022-04-20,Kolkata,Ekart,Delivered
5224,6087,2022-04-10,2022-04-12,Chennai,IndiaPost,Delivered
5225,6088,2025-05-29,2025-06-04,Ahmedabad,Delhivery,Delivered
5226,6089,2025-05-20,2025-05-25,Chandigarh,Delhivery,Delivered
5227,6090,2023-05-27,2023-05-31,Surat,Delhivery,Delivered
5228,6091,2023-02-24,2023-02-25,Bengaluru,BlueDart,Delivered
5229,6092,2024-05-27,2024-05-31,Pune,Delhivery,Delivered
5230,6093,2024-01-11,2024-01-12,Indore,Delhivery,Delivered
5231,6094,2024-09-01,2024-09-06,Chandigarh,Delhivery,Delayed
5232,6095,2025-08-22,2025-08-28,Hyderabad,Ekart,Delivered
5233,6096,2024-02-10,2024-02-13,Delhi,BlueDart,Delivered
5234,6099,2025-01-03,2025-01-07,Jaipur,IndiaPost,Delivered
5235,6100,2023-11-19,2023-11-26,Chennai,DTDC,Delivered
5236,6101,2025-03-25,2025-03-31,Kochi,BlueDart,Delivered
5237,6102,2024-08-05,2024-08-10,Nagpur,Delhivery,Delivered
5238,6103,2024-08-11,2024-08-18,Nagpur,BlueDart,Delivered
5239,6104,2023-07-31,2023-08-04,Hyderabad,BlueDart,Delivered
5240,6105,2022-02-26,2022-03-03,Kochi,Ekart,Delivered
5241,6106,2023-05-15,2023-05-20,Pune,Ekart,Delivered
5242,6107,2025-07-16,2025-07-17,Hyderabad,Ekart,Delivered
5243,6108,2025-02-22,2025-02-23,Jaipur,BlueDart,Delivered
5244,6110,2024-03-04,2024-03-08,Chandigarh,Delhivery,Delivered
5245,6112,2023-09-16,2023-09-18,Surat,DTDC,In Transit
5246,6114,2025-11-08,2025-11-15,Nagpur,Delhivery,Delivered
5247,6115,2025-09-05,2025-09-12,Nagpur,BlueDart,Delivered
5248,6116,2022-10-03,2022-10-08,Ahmedabad,Delhivery,Delivered
5249,6117,2022-10-11,2022-10-12,Bengaluru,DTDC,In Transit
5250,6118,2022-10-13,2022-10-16,Ahmedabad,Delhivery,Delivered
5251,6119,2024-09-05,2024-09-08,Kolkata,Ekart,Delivered
5252,6120,2022-10-10,2022-10-11,Indore,Ekart,Delivered
5253,6121,2024-11-18,2024-11-19,Nagpur,IndiaPost,Delivered
5254,6122,2022-02-02,2022-02-07,Ahmedabad,IndiaPost,Delivered
5255,6123,2024-11-23,2024-11-29,Chandigarh,DTDC,Delivered
5256,6124,2022-12-17,2022-12-22,Mumbai,BlueDart,Delivered
5257,6125,2024-05-12,2024-05-18,Kolkata,BlueDart,Delayed
5258,6126,2022-03-10,2022-03-13,Hyderabad,IndiaPost,Delivered
5259,6127,2025-11-25,2025-11-27,Indore,Delhivery,Delivered
5260,6128,2023-12-10,2023-12-11,Lucknow,IndiaPost,Delivered
5261,6129,2022-03-12,2022-03-13,Ahmedabad,Ekart,Delivered
5262,6131,2025-08-12,2025-08-18,Nagpur,DTDC,Delivered
5263,6132,2023-08-30,2023-09-06,Indore,IndiaPost,Delayed
5264,6133,2023-12-04,2023-12-09,Lucknow,DTDC,In Transit
5265,6134,2024-02-13,2024-02-17,Lucknow,BlueDart,Delivered
5266,6135,2025-01-01,2025-01-04,Kolkata,Ekart,Delivered
5267,6137,2025-02-02,2025-02-07,Pune,IndiaPost,Delivered
5268,6139,2023-07-26,2023-07-31,Delhi,DTDC,Delivered
5269,6140,2025-10-16,2025-10-18,Surat,BlueDart,Delivered
5270,6141,2023-09-15,2023-09-22,Nagpur,BlueDart,Delivered
5271,6144,2023-06-05,2023-06-12,Kolkata,DTDC,Delivered
5272,6145,2025-08-30,2025-09-05,Ahmedabad,Delhivery,Delivered
5273,6148,2023-04-05,2023-04-06,Lucknow,IndiaPost,Delivered
5274,6149,2023-03-09,2023-03-10,Lucknow,BlueDart,Delivered
5275,6150,2022-10-21,2022-10-23,Mumbai,BlueDart,Delivered
5276,6151,2023-12-31,2024-01-05,Kochi,Ekart,Delivered
5277,6152,2025-02-18,2025-02-23,Surat,IndiaPost,Delivered
5278,6153,2023-03-17,2023-03-23,Pune,IndiaPost,Delivered
5279,6154,2024-04-13,2024-04-14,Pune,IndiaPost,Delivered
5280,6156,2024-06-01,2024-06-08,Ahmedabad,BlueDart,Delivered
5281,6157,2024-07-17,2024-07-18,Mumbai,Ekart,Delivered
5282,6158,2024-01-14,2024-01-20,Delhi,Ekart,Delivered
5283,6160,2023-02-10,2023-02-16,Surat,BlueDart,Delivered
5284,6161,2023-02-13,2023-02-20,Lucknow,BlueDart,Delivered
5285,6162,2025-10-20,2025-10-21,Jaipur,Ekart,Delayed
5286,6163,2024-08-13,2024-08-19,Kochi,IndiaPost,Delivered
5287,6164,2022-08-18,2022-08-21,Jaipur,Ekart,In Transit
5288,6165,2024-08-20,2024-08-25,Nagpur,Ekart,Delayed
5289,6166,2023-06-30,2023-07-02,Kolkata,Delhivery,Delivered
5290,6168,2022-11-28,2022-12-04,Kochi,Ekart,Delivered
5291,6169,2024-09-17,2024-09-22,Mumbai,Delhivery,Delivered
5292,6170,2022-05-05,2022-05-12,Jaipur,DTDC,Delivered
5293,6172,2024-10-07,2024-10-11,Kolkata,BlueDart,Delivered
5294,6173,2023-09-20,2023-09-27,Bengaluru,IndiaPost,Delivered
5295,6174,2025-11-21,2025-11-24,Bengaluru,Ekart,Delivered
5296,6176,2025-03-10,2025-03-14,Nagpur,Ekart,Delivered
5297,6177,2023-07-08,2023-07-12,Kochi,DTDC,Delayed
5298,6179,2024-10-01,2024-10-04,Surat,BlueDart,Delivered
5299,6180,2024-06-13,2024-06-20,Kolkata,Delhivery,In Transit
5300,6181,2025-09-12,2025-09-16,Kochi,Delhivery,In Transit
5301,6182,2024-07-20,2024-07-22,Kochi,DTDC,Delivered
5302,6185,2025-12-28,2026-01-03,Mumbai,Ekart,Delayed
5303,6188,2022-02-20,2022-02-21,Surat,Delhivery,Delivered
5304,6189,2022-06-08,2022-06-14,Ahmedabad,DTDC,Delivered
5305,6191,2022-02-15,2022-02-20,Chandigarh,Ekart,Delivered
5306,6192,2025-07-26,2025-07-30,Ahmedabad,DTDC,In Transit
5307,6193,2025-07-30,2025-08-04,Delhi,BlueDart,Delayed
5308,6194,2025-12-27,2026-01-03,Surat,IndiaPost,Delivered
5309,6195,2022-09-22,2022-09-28,Mumbai,Delhivery,Delivered
5310,6196,2022-05-01,2022-05-02,Pune,Delhivery,Delivered
5311,6197,2025-02-03,2025-02-08,Kochi,Ekart,Delivered
5312,6198,2025-03-02,2025-03-05,Lucknow,DTDC,Delivered
5313,6199,2024-09-20,2024-09-26,Pune,Ekart,Delivered
5314,6200,2022-07-01,2022-07-04,Kochi,Ekart,Delivered
5315,6201,2023-05-23,2023-05-28,Jaipur,Ekart,Delivered
5316,6202,2025-07-28,2025-08-04,Delhi,DTDC,Delivered
5317,6203,2022-02-24,2022-02-27,Kochi,BlueDart,Delivered
5318,6204,2023-04-26,2023-04-29,Hyderabad,BlueDart,Delivered
5319,6205,2024-03-14,2024-03-18,Nagpur,Ekart,Delivered
5320,6206,2024-09-29,2024-10-03,Kolkata,DTDC,In Transit
5321,6207,2023-01-03,2023-01-08,Chennai,DTDC,Delivered
5322,6209,2022-10-14,2022-10-19,Pune,DTDC,Delivered
5323,6210,2023-01-02,2023-01-07,Bengaluru,Delhivery,Delivered
5324,6212,2022-09-22,2022-09-29,Chennai,DTDC,In Transit
5325,6213,2023-10-02,2023-10-08,Mumbai,DTDC,Delivered
5326,6214,2022-06-17,2022-06-23,Chennai,Delhivery,Delivered
5327,6215,2022-01-22,2022-01-29,Kochi,DTDC,Delivered
5328,6216,2025-08-28,2025-09-04,Jaipur,Ekart,Delivered
5329,6217,2025-04-29,2025-05-03,Mumbai,DTDC,Delivered
5330,6218,2025-08-15,2025-08-19,Hyderabad,Delhivery,Delivered
5331,6219,2023-02-03,2023-02-10,Delhi,Delhivery,Delivered
5332,6220,2023-08-11,2023-08-18,Kolkata,BlueDart,Delivered
5333,6221,2022-06-12,2022-06-17,Indore,IndiaPost,Delivered
5334,6222,2025-11-24,2025-11-27,Pune,Ekart,Delivered
5335,6223,2024-04-24,2024-04-26,Hyderabad,DTDC,Delivered
5336,6224,2023-11-29,2023-12-04,Nagpur,DTDC,Delivered
5337,6225,2023-10-06,2023-10-13,Chandigarh,DTDC,Delivered
5338,6226,2022-05-19,2022-05-20,Chandigarh,Delhivery,Delivered
5339,6227,2022-03-21,2022-03-22,Pune,Delhivery,Delivered
5340,6228,2022-02-20,2022-02-21,Chandigarh,BlueDart,Delivered
5341,6229,2025-05-09,2025-05-10,Chandigarh,BlueDart,In Transit
5342,6230,2023-12-16,2023-12-19,Surat,Ekart,Delivered
5343,6231,2022-06-11,2022-06-12,Chennai,IndiaPost,Delivered
5344,6232,2022-03-08,2022-03-15,Kolkata,BlueDart,Delivered
5345,6233,2025-03-07,2025-03-09,Indore,BlueDart,Delivered
5346,6234,2025-07-31,2025-08-06,Kochi,Delhivery,Delivered
5347,6235,2023-08-18,2023-08-24,Pune,Delhivery,Delivered
5348,6236,2024-09-05,2024-09-12,Jaipur,Delhivery,Delivered
5349,6237,2023-09-27,2023-09-28,Mumbai,IndiaPost,Delivered
5350,6238,2023-06-11,2023-06-16,Bengaluru,BlueDart,Delivered
5351,6239,2025-08-21,2025-08-22,Chennai,DTDC,Delivered
5352,6240,2023-09-13,2023-09-19,Kolkata,IndiaPost,Delivered
5353,6242,2022-03-16,2022-03-21,Delhi,IndiaPost,Delivered
5354,6243,2022-09-28,2022-09-30,Kolkata,Delhivery,Delivered
5355,6245,2022-09-12,2022-09-18,Kolkata,IndiaPost,Delivered
5356,6246,2022-12-07,2022-12-13,Hyderabad,DTDC,Delivered
5357,6247,2025-06-19,2025-06-22,Pune,Ekart,Delivered
5358,6249,2024-11-17,2024-11-20,Chandigarh,IndiaPost,Delivered
5359,6250,2022-08-10,2022-08-11,Nagpur,Delhivery,Delivered
5360,6251,2024-09-16,2024-09-22,Kolkata,BlueDart,Delivered
5361,6252,2023-10-27,2023-10-28,Pune,BlueDart,Delivered
5362,6255,2023-02-09,2023-02-15,Lucknow,Delhivery,Delivered
5363,6256,2022-04-29,2022-04-30,Chandigarh,IndiaPost,Delivered
5364,6257,2025-05-24,2025-05-25,Hyderabad,Delhivery,Delivered
5365,6258,2022-12-01,2022-12-04,Kolkata,Delhivery,Delivered
5366,6259,2024-06-29,2024-07-06,Jaipur,IndiaPost,Delivered
5367,6262,2022-10-30,2022-11-05,Chennai,DTDC,Delivered
5368,6263,2023-09-28,2023-10-04,Jaipur,Delhivery,Delivered
5369,6264,2025-09-16,2025-09-23,Chandigarh,Delhivery,Delivered
5370,6265,2022-11-06,2022-11-08,Lucknow,BlueDart,In Transit
5371,6266,2025-08-21,2025-08-25,Pune,Delhivery,Delivered
5372,6267,2023-08-27,2023-09-02,Jaipur,Ekart,Delivered
5373,6268,2024-07-02,2024-07-05,Surat,Ekart,Delivered
5374,6269,2024-06-09,2024-06-13,Indore,Delhivery,Delivered
5375,6270,2023-04-21,2023-04-26,Bengaluru,DTDC,In Transit
5376,6272,2024-09-03,2024-09-08,Nagpur,Delhivery,Delivered
5377,6273,2024-10-13,2024-10-17,Surat,Delhivery,Delivered
5378,6274,2024-10-20,2024-10-22,Ahmedabad,IndiaPost,Delivered
5379,6275,2025-06-05,2025-06-12,Chandigarh,Delhivery,Delivered
5380,6276,2025-08-16,2025-08-19,Nagpur,Delhivery,Delivered
5381,6278,2024-09-18,2024-09-19,Indore,Delhivery,Delivered
5382,6280,2024-11-19,2024-11-25,Surat,DTDC,Delivered
5383,6281,2022-03-18,2022-03-20,Mumbai,Delhivery,Delivered
5384,6282,2025-12-03,2025-12-06,Nagpur,DTDC,Delivered
5385,6283,2024-12-01,2024-12-03,Ahmedabad,DTDC,Delivered
5386,6284,2022-10-15,2022-10-18,Kolkata,Ekart,In Transit
5387,6285,2022-04-30,2022-05-06,Mumbai,BlueDart,Delivered
5388,6286,2025-04-04,2025-04-09,Lucknow,BlueDart,Delivered
5389,6288,2022-08-04,2022-08-10,Chandigarh,IndiaPost,Delivered
5390,6289,2025-01-15,2025-01-22,Indore,DTDC,Delivered
5391,6290,2025-06-11,2025-06-16,Delhi,DTDC,Delayed
5392,6291,2024-12-30,2025-01-05,Kolkata,IndiaPost,Delivered
5393,6292,2024-02-05,2024-02-09,Jaipur,Delhivery,Delayed
5394,6293,2024-01-18,2024-01-24,Bengaluru,Ekart,In Transit
5395,6294,2025-07-27,2025-08-03,Chennai,Delhivery,Delayed
5396,6295,2024-06-12,2024-06-14,Hyderabad,IndiaPost,Delivered
5397,6296,2022-05-01,2022-05-03,Kolkata,Delhivery,Delivered
5398,6297,2022-12-31,2023-01-03,Kolkata,BlueDart,Delivered
5399,6298,2023-02-13,2023-02-19,Chennai,Delhivery,Delivered
5400,6299,2025-07-16,2025-07-17,Hyderabad,IndiaPost,Delivered
5401,6300,2024-06-25,2024-06-26,Mumbai,BlueDart,Delivered
5402,6301,2025-12-11,2025-12-16,Delhi,DTDC,Delivered
5403,6303,2025-07-06,2025-07-10,Nagpur,Ekart,Delivered
5404,6304,2023-10-21,2023-10-28,Hyderabad,BlueDart,Delivered
5405,6305,2024-06-03,2024-06-04,Lucknow,Ekart,Delivered
5406,6306,2025-05-07,2025-05-09,Jaipur,BlueDart,Delivered
5407,6308,2024-01-26,2024-01-27,Pune,Ekart,Delivered
5408,6309,2025-05-15,2025-05-19,Indore,Delhivery,Delivered
5409,6310,2025-04-17,2025-04-22,Kochi,DTDC,Delivered
5410,6311,2022-05-08,2022-05-15,Pune,DTDC,In Transit
5411,6312,2024-09-09,2024-09-16,Ahmedabad,Ekart,Delivered
5412,6313,2024-10-12,2024-10-17,Ahmedabad,IndiaPost,Delivered
5413,6314,2023-04-11,2023-04-17,Pune,IndiaPost,Delivered
5414,6315,2025-10-03,2025-10-10,Delhi,Ekart,Delivered
5415,6316,2025-02-16,2025-02-19,Kolkata,Delhivery,In Transit
5416,6317,2024-02-29,2024-03-06,Hyderabad,Ekart,Delivered
5417,6318,2023-07-02,2023-07-08,Lucknow,Ekart,Delivered
5418,6319,2023-01-22,2023-01-23,Pune,Ekart,Delivered
5419,6320,2023-10-25,2023-10-30,Nagpur,IndiaPost,Delivered
5420,6321,2022-10-10,2022-10-11,Kolkata,Ekart,Delivered
5421,6322,2024-09-23,2024-09-26,Kolkata,Ekart,Delivered
5422,6323,2023-08-26,2023-09-01,Kochi,DTDC,Delivered
5423,6324,2023-01-04,2023-01-07,Delhi,DTDC,Delivered
5424,6325,2023-04-13,2023-04-16,Indore,IndiaPost,Delivered
5425,6326,2025-05-20,2025-05-23,Delhi,BlueDart,Delivered
5426,6327,2023-05-17,2023-05-22,Indore,IndiaPost,Delayed
5427,6328,2022-03-09,2022-03-10,Surat,Delhivery,In Transit
5428,6329,2025-11-13,2025-11-16,Jaipur,DTDC,In Transit
5429,6330,2025-01-17,2025-01-21,Surat,DTDC,Delivered
5430,6331,2023-08-01,2023-08-03,Ahmedabad,BlueDart,Delayed
5431,6333,2025-08-27,2025-08-31,Chennai,Delhivery,In Transit
5432,6334,2022-05-12,2022-05-16,Chennai,DTDC,Delivered
5433,6337,2024-09-16,2024-09-20,Lucknow,IndiaPost,Delivered
5434,6339,2025-07-08,2025-07-13,Kolkata,Ekart,Delayed
5435,6340,2022-05-20,2022-05-22,Bengaluru,DTDC,Delivered
5436,6341,2023-07-14,2023-07-15,Kochi,IndiaPost,Delivered
5437,6342,2023-04-07,2023-04-12,Pune,BlueDart,Delivered
5438,6343,2024-10-13,2024-10-19,Mumbai,DTDC,Delayed
5439,6345,2022-12-18,2022-12-19,Kolkata,IndiaPost,Delivered
5440,6346,2024-07-01,2024-07-08,Ahmedabad,DTDC,Delivered
5441,6347,2024-06-13,2024-06-20,Bengaluru,IndiaPost,Delayed
5442,6348,2024-04-15,2024-04-17,Indore,Ekart,Delivered
5443,6349,2024-12-25,2024-12-27,Lucknow,Delhivery,Delivered
5444,6350,2022-08-16,2022-08-20,Indore,BlueDart,Delivered
5445,6352,2025-04-22,2025-04-24,Kochi,Ekart,Delivered
5446,6353,2025-09-15,2025-09-21,Lucknow,Ekart,Delivered
5447,6354,2022-05-28,2022-06-02,Ahmedabad,DTDC,In Transit
5448,6356,2023-11-04,2023-11-05,Nagpur,IndiaPost,Delivered
5449,6357,2023-02-02,2023-02-03,Ahmedabad,BlueDart,Delivered
5450,6358,2022-06-08,2022-06-09,Indore,Delhivery,Delivered
5451,6359,2022-03-09,2022-03-14,Indore,Delhivery,Delivered
5452,6360,2023-02-13,2023-02-17,Pune,Delhivery,Delivered
5453,6362,2022-06-21,2022-06-27,Kolkata,BlueDart,Delivered
5454,6363,2025-04-03,2025-04-08,Pune,Delhivery,Delivered
5455,6364,2022-03-06,2022-03-08,Surat,Delhivery,Delivered
5456,6365,2022-05-26,2022-05-28,Surat,BlueDart,Delivered
5457,6367,2024-12-20,2024-12-24,Jaipur,Delhivery,Delivered
5458,6368,2025-04-24,2025-04-25,Lucknow,BlueDart,Delivered
5459,6369,2025-08-16,2025-08-20,Lucknow,DTDC,Delivered
5460,6370,2023-08-20,2023-08-25,Lucknow,Delhivery,Delivered
5461,6372,2022-11-16,2022-11-17,Kolkata,Delhivery,In Transit
5462,6373,2024-03-06,2024-03-13,Indore,DTDC,Delivered
5463,6374,2023-04-09,2023-04-15,Delhi,IndiaPost,Delivered
5464,6375,2023-02-24,2023-02-28,Hyderabad,DTDC,Delivered
5465,6376,2024-01-30,2024-02-04,Surat,Ekart,In Transit
5466,6377,2024-07-25,2024-07-29,Jaipur,IndiaPost,Delivered
5467,6378,2022-04-07,2022-04-08,Kochi,Delhivery,In Transit
5468,6379,2024-06-02,2024-06-07,Indore,Delhivery,Delivered
5469,6381,2024-08-28,2024-09-02,Lucknow,DTDC,Delivered
5470,6382,2024-11-10,2024-11-12,Lucknow,DTDC,Delivered
5471,6383,2025-09-30,2025-10-03,Lucknow,BlueDart,Delivered
5472,6384,2023-02-08,2023-02-13,Ahmedabad,DTDC,Delivered
5473,6385,2023-06-10,2023-06-11,Hyderabad,Delhivery,Delivered
5474,6386,2025-03-30,2025-04-03,Pune,Delhivery,Delivered
5475,6387,2022-04-17,2022-04-19,Bengaluru,Delhivery,Delivered
5476,6389,2023-11-12,2023-11-16,Jaipur,Ekart,Delivered
5477,6390,2022-05-29,2022-06-03,Jaipur,IndiaPost,Delivered
5478,6391,2023-09-06,2023-09-11,Hyderabad,Ekart,Delivered
5479,6392,2022-02-06,2022-02-08,Chandigarh,BlueDart,Delivered
5480,6393,2022-02-15,2022-02-22,Chandigarh,BlueDart,Delivered
5481,6394,2022-12-14,2022-12-18,Delhi,DTDC,Delivered
5482,6395,2024-06-26,2024-06-27,Pune,Ekart,Delivered
5483,6396,2025-05-26,2025-05-31,Nagpur,BlueDart,Delivered
5484,6397,2025-05-25,2025-06-01,Ahmedabad,Ekart,Delivered
5485,6398,2025-05-29,2025-06-05,Chennai,DTDC,In Transit
5486,6401,2024-02-18,2024-02-20,Delhi,IndiaPost,Delivered
5487,6402,2024-11-29,2024-12-04,Pune,Delhivery,Delivered
5488,6403,2023-11-18,2023-11-25,Bengaluru,DTDC,Delayed
5489,6404,2024-09-10,2024-09-15,Indore,IndiaPost,Delivered
5490,6405,2024-03-03,2024-03-07,Pune,DTDC,Delivered
5491,6406,2022-06-20,2022-06-26,Chennai,BlueDart,In Transit
5492,6407,2022-04-19,2022-04-22,Lucknow,Ekart,Delayed
5493,6408,2025-04-02,2025-04-03,Delhi,Delhivery,Delivered
5494,6409,2025-10-26,2025-10-29,Jaipur,BlueDart,Delivered
5495,6410,2025-08-03,2025-08-10,Kochi,Ekart,Delivered
5496,6411,2023-10-29,2023-11-04,Chandigarh,IndiaPost,Delivered
5497,6412,2025-06-10,2025-06-16,Nagpur,Ekart,In Transit
5498,6414,2023-09-14,2023-09-19,Pune,Delhivery,Delivered
5499,6415,2022-06-21,2022-06-27,Delhi,Ekart,Delivered
5500,6416,2022-12-11,2022-12-13,Chandigarh,DTDC,Delivered
5501,6417,2025-09-03,2025-09-07,Kochi,DTDC,Delayed
5502,6418,2024-12-06,2024-12-11,Surat,Ekart,Delivered
5503,6419,2023-05-10,2023-05-14,Lucknow,DTDC,In Transit
5504,6420,2023-02-24,2023-02-26,Delhi,DTDC,Delivered
5505,6421,2022-08-20,2022-08-24,Ahmedabad,Ekart,Delivered
5506,6422,2025-03-25,2025-03-31,Chandigarh,DTDC,Delivered
5507,6423,2024-02-18,2024-02-24,Kochi,BlueDart,Delivered
5508,6424,2024-01-08,2024-01-15,Kolkata,IndiaPost,In Transit
5509,6425,2025-01-10,2025-01-11,Kolkata,Ekart,In Transit
5510,6426,2023-10-03,2023-10-07,Chennai,BlueDart,In Transit
5511,6427,2022-05-19,2022-05-23,Bengaluru,Ekart,Delivered
5512,6428,2025-09-17,2025-09-24,Delhi,IndiaPost,Delivered
5513,6429,2023-07-18,2023-07-20,Hyderabad,DTDC,Delivered
5514,6430,2025-11-27,2025-11-28,Jaipur,IndiaPost,Delayed
5515,6431,2024-04-02,2024-04-04,Chandigarh,IndiaPost,Delivered
5516,6433,2023-07-24,2023-07-28,Surat,IndiaPost,Delivered
5517,6434,2023-11-09,2023-11-14,Jaipur,IndiaPost,Delivered
5518,6435,2023-05-20,2023-05-26,Bengaluru,DTDC,Delivered
5519,6436,2024-10-18,2024-10-19,Surat,BlueDart,Delivered
5520,6437,2024-10-28,2024-10-30,Surat,Ekart,Delivered
5521,6438,2022-07-30,2022-08-05,Chandigarh,BlueDart,Delivered
5522,6439,2023-11-18,2023-11-24,Pune,BlueDart,Delivered
5523,6441,2023-08-22,2023-08-24,Surat,Ekart,Delivered
5524,6442,2023-04-18,2023-04-22,Jaipur,Ekart,Delivered
5525,6443,2025-08-06,2025-08-09,Lucknow,BlueDart,Delivered
5526,6444,2022-12-13,2022-12-17,Kochi,Ekart,In Transit
5527,6446,2022-11-09,2022-11-15,Kochi,Delhivery,Delivered
5528,6447,2024-02-10,2024-02-15,Indore,DTDC,Delivered
5529,6448,2022-05-17,2022-05-24,Chennai,BlueDart,Delivered
5530,6449,2024-03-22,2024-03-28,Jaipur,BlueDart,Delayed
5531,6450,2022-08-24,2022-08-28,Ahmedabad,DTDC,Delivered
5532,6451,2024-06-05,2024-06-12,Kolkata,DTDC,Delivered
5533,6452,2025-01-09,2025-01-12,Chennai,DTDC,Delivered
5534,6453,2022-01-13,2022-01-18,Delhi,BlueDart,Delivered
5535,6454,2024-06-16,2024-06-20,Chandigarh,DTDC,Delivered
5536,6455,2022-04-17,2022-04-21,Pune,Delhivery,Delayed
5537,6456,2022-03-06,2022-03-07,Nagpur,IndiaPost,Delivered
5538,6457,2023-04-01,2023-04-02,Chandigarh,Ekart,Delivered
5539,6458,2022-07-14,2022-07-17,Mumbai,DTDC,Delayed
5540,6460,2024-08-16,2024-08-17,Jaipur,DTDC,Delivered
5541,6461,2023-06-06,2023-06-07,Surat,BlueDart,Delivered
5542,6462,2024-04-04,2024-04-08,Surat,IndiaPost,Delivered
5543,6463,2023-07-07,2023-07-11,Bengaluru,Delhivery,Delivered
5544,6464,2025-02-24,2025-03-02,Indore,BlueDart,Delivered
5545,6465,2024-03-15,2024-03-20,Lucknow,DTDC,Delivered
5546,6466,2025-10-06,2025-10-13,Lucknow,BlueDart,Delivered
5547,6467,2024-10-15,2024-10-16,Chandigarh,IndiaPost,Delivered
5548,6468,2023-09-23,2023-09-26,Surat,BlueDart,Delivered
5549,6469,2022-10-20,2022-10-23,Mumbai,IndiaPost,Delivered
5550,6470,2025-11-07,2025-11-12,Bengaluru,Ekart,Delivered
5551,6472,2022-05-11,2022-05-17,Jaipur,Ekart,Delivered
5552,6473,2025-08-07,2025-08-14,Indore,IndiaPost,Delivered
5553,6474,2024-03-27,2024-03-31,Kolkata,Ekart,Delayed
5554,6475,2025-09-15,2025-09-16,Chandigarh,DTDC,Delivered
5555,6477,2023-11-12,2023-11-18,Surat,DTDC,Delivered
5556,6478,2022-05-01,2022-05-03,Surat,Ekart,Delivered
5557,6479,2022-01-31,2022-02-05,Delhi,Ekart,Delivered
5558,6482,2024-02-10,2024-02-11,Mumbai,BlueDart,Delivered
5559,6483,2022-06-03,2022-06-06,Hyderabad,Ekart,Delivered
5560,6485,2024-07-09,2024-07-13,Bengaluru,DTDC,In Transit
5561,6486,2024-02-17,2024-02-24,Jaipur,Delhivery,Delivered
5562,6487,2025-10-13,2025-10-17,Surat,DTDC,Delivered
5563,6488,2023-12-02,2023-12-06,Mumbai,IndiaPost,Delivered
5564,6489,2023-08-08,2023-08-09,Bengaluru,BlueDart,Delivered
5565,6490,2022-02-01,2022-02-07,Chandigarh,Delhivery,Delivered
5566,6491,2024-01-07,2024-01-09,Bengaluru,Ekart,Delivered
5567,6492,2023-05-27,2023-06-01,Lucknow,DTDC,In Transit
5568,6493,2024-05-20,2024-05-24,Jaipur,DTDC,Delivered
5569,6494,2025-10-01,2025-10-02,Chennai,Delhivery,Delivered
5570,6495,2025-11-28,2025-12-01,Surat,Ekart,Delivered
5571,6496,2022-04-16,2022-04-20,Mumbai,Ekart,Delayed
5572,6498,2025-02-18,2025-02-25,Chandigarh,IndiaPost,Delivered
5573,6499,2024-08-03,2024-08-10,Chennai,IndiaPost,In Transit
5574,6500,2024-09-28,2024-10-05,Mumbai,IndiaPost,Delivered
5575,6501,2024-10-12,2024-10-18,Lucknow,IndiaPost,Delayed
5576,6503,2023-01-06,2023-01-13,Kolkata,Ekart,Delivered
5577,6504,2023-06-22,2023-06-28,Lucknow,DTDC,Delivered
5578,6506,2024-08-12,2024-08-14,Jaipur,Ekart,Delivered
5579,6507,2025-07-28,2025-08-04,Surat,BlueDart,Delivered
5580,6508,2025-08-21,2025-08-28,Indore,DTDC,Delivered
5581,6509,2023-06-02,2023-06-03,Kochi,Ekart,Delivered
5582,6511,2025-11-07,2025-11-10,Delhi,BlueDart,In Transit
5583,6512,2025-04-26,2025-04-27,Pune,Delhivery,Delivered
5584,6513,2022-10-09,2022-10-11,Pune,IndiaPost,Delivered
5585,6515,2025-12-17,2025-12-24,Bengaluru,DTDC,Delivered
5586,6517,2025-10-13,2025-10-19,Kolkata,DTDC,Delivered
5587,6518,2022-08-21,2022-08-25,Chennai,Delhivery,Delivered
5588,6519,2025-12-11,2025-12-13,Delhi,IndiaPost,In Transit
5589,6520,2024-03-02,2024-03-03,Jaipur,Ekart,Delivered
5590,6521,2022-10-20,2022-10-21,Jaipur,Ekart,Delivered
5591,6522,2025-10-29,2025-11-05,Lucknow,BlueDart,Delivered
5592,6523,2023-05-16,2023-05-21,Nagpur,DTDC,Delivered
5593,6524,2023-08-12,2023-08-17,Hyderabad,Ekart,Delivered
5594,6525,2024-05-17,2024-05-23,Bengaluru,Delhivery,Delivered
5595,6527,2024-03-10,2024-03-15,Nagpur,BlueDart,Delivered
5596,6528,2025-08-30,2025-09-03,Bengaluru,DTDC,Delayed
5597,6529,2025-05-07,2025-05-14,Ahmedabad,DTDC,In Transit
5598,6531,2025-10-13,2025-10-18,Bengaluru,IndiaPost,Delivered
5599,6532,2025-08-22,2025-08-26,Ahmedabad,Delhivery,Delivered
5600,6533,2024-11-14,2024-11-21,Ahmedabad,Delhivery,Delivered
5601,6534,2022-08-12,2022-08-13,Kochi,DTDC,In Transit
5602,6535,2023-08-22,2023-08-27,Kochi,BlueDart,Delivered
5603,6537,2023-11-09,2023-11-10,Mumbai,Ekart,Delivered
5604,6538,2024-02-18,2024-02-21,Kochi,Delhivery,In Transit
5605,6540,2025-06-27,2025-07-01,Bengaluru,IndiaPost,Delivered
5606,6541,2024-11-03,2024-11-04,Chennai,DTDC,Delivered
5607,6542,2025-09-01,2025-09-05,Surat,BlueDart,Delivered
5608,6543,2024-01-19,2024-01-24,Nagpur,Ekart,Delivered
5609,6544,2023-10-25,2023-10-28,Kochi,DTDC,Delivered
5610,6545,2023-08-05,2023-08-09,Kolkata,Delhivery,Delivered
5611,6547,2023-05-03,2023-05-09,Bengaluru,IndiaPost,Delivered
5612,6548,2022-08-07,2022-08-09,Indore,Delhivery,Delivered
5613,6549,2024-10-01,2024-10-06,Lucknow,Ekart,Delayed
5614,6550,2023-07-12,2023-07-19,Nagpur,Delhivery,Delivered
5615,6551,2024-03-30,2024-04-02,Mumbai,Ekart,Delivered
5616,6552,2025-12-21,2025-12-28,Chandigarh,IndiaPost,Delivered
5617,6553,2023-05-04,2023-05-07,Delhi,DTDC,Delivered
5618,6556,2024-04-21,2024-04-27,Jaipur,Ekart,Delivered
5619,6557,2022-06-16,2022-06-18,Pune,BlueDart,Delivered
5620,6558,2025-04-23,2025-04-28,Mumbai,IndiaPost,Delivered
5621,6559,2023-05-10,2023-05-11,Ahmedabad,BlueDart,Delivered
5622,6561,2025-04-05,2025-04-10,Kolkata,Delhivery,Delivered
5623,6562,2025-06-01,2025-06-07,Nagpur,BlueDart,Delivered
5624,6563,2022-03-24,2022-03-28,Mumbai,Delhivery,Delivered
5625,6564,2023-03-29,2023-03-31,Surat,Ekart,Delivered
5626,6566,2022-07-03,2022-07-06,Mumbai,BlueDart,Delivered
5627,6567,2022-11-02,2022-11-03,Chandigarh,DTDC,Delivered
5628,6568,2022-10-06,2022-10-09,Lucknow,BlueDart,Delivered
5629,6569,2024-03-14,2024-03-21,Indore,Ekart,Delivered
5630,6570,2024-05-10,2024-05-11,Indore,DTDC,Delivered
5631,6571,2024-07-05,2024-07-06,Chennai,Ekart,Delivered
5632,6572,2022-04-15,2022-04-17,Nagpur,BlueDart,Delivered
5633,6573,2025-12-13,2025-12-20,Mumbai,DTDC,Delivered
5634,6574,2025-04-01,2025-04-02,Kochi,IndiaPost,Delivered
5635,6575,2022-06-20,2022-06-25,Jaipur,DTDC,Delivered
5636,6576,2022-09-05,2022-09-10,Kochi,DTDC,Delivered
5637,6577,2025-08-12,2025-08-13,Indore,IndiaPost,Delivered
5638,6579,2023-08-08,2023-08-12,Kochi,BlueDart,Delivered
5639,6580,2023-09-18,2023-09-24,Kolkata,IndiaPost,Delivered
5640,6581,2024-07-31,2024-08-03,Nagpur,Delhivery,Delivered
5641,6582,2023-10-13,2023-10-16,Nagpur,BlueDart,Delivered
5642,6583,2023-12-29,2024-01-01,Lucknow,BlueDart,Delivered
5643,6584,2025-01-25,2025-01-31,Mumbai,IndiaPost,Delivered
5644,6585,2024-02-14,2024-02-19,Chandigarh,DTDC,Delivered
5645,6586,2024-04-08,2024-04-10,Nagpur,Ekart,In Transit
5646,6587,2025-04-27,2025-05-04,Delhi,BlueDart,Delivered
5647,6588,2024-08-11,2024-08-13,Jaipur,IndiaPost,Delivered
5648,6589,2023-06-16,2023-06-23,Lucknow,DTDC,Delivered
5649,6590,2023-12-28,2024-01-01,Delhi,BlueDart,Delivered
5650,6591,2024-07-06,2024-07-10,Hyderabad,Delhivery,Delivered
5651,6592,2024-03-14,2024-03-21,Jaipur,IndiaPost,In Transit
5652,6593,2023-01-12,2023-01-19,Hyderabad,IndiaPost,Delivered
5653,6594,2024-12-30,2025-01-06,Indore,IndiaPost,Delivered
5654,6595,2025-09-05,2025-09-10,Chandigarh,Ekart,Delivered
5655,6596,2025-05-29,2025-06-01,Indore,DTDC,Delivered
5656,6598,2022-10-03,2022-10-09,Ahmedabad,BlueDart,Delivered
5657,6599,2024-12-19,2024-12-22,Bengaluru,BlueDart,Delivered
5658,6600,2025-10-09,2025-10-11,Hyderabad,Delhivery,Delivered
5659,6602,2025-03-16,2025-03-20,Indore,Ekart,Delivered
5660,6604,2023-05-06,2023-05-09,Chennai,Delhivery,Delivered
5661,6605,2022-03-21,2022-03-24,Indore,IndiaPost,Delivered
5662,6606,2022-11-13,2022-11-14,Nagpur,BlueDart,Delivered
5663,6607,2025-11-27,2025-12-03,Delhi,BlueDart,Delivered
5664,6609,2024-11-05,2024-11-11,Lucknow,IndiaPost,Delivered
5665,6610,2023-05-31,2023-06-05,Indore,Ekart,Delivered
5666,6611,2023-07-27,2023-07-31,Surat,IndiaPost,In Transit
5667,6612,2025-01-29,2025-02-01,Indore,Delhivery,Delivered
5668,6613,2025-10-28,2025-11-04,Pune,IndiaPost,Delayed
5669,6614,2023-10-03,2023-10-10,Delhi,Delhivery,Delivered
5670,6617,2024-02-17,2024-02-19,Jaipur,BlueDart,Delivered
5671,6618,2025-01-15,2025-01-17,Surat,BlueDart,Delivered
5672,6619,2025-02-14,2025-02-21,Surat,Delhivery,Delayed
5673,6620,2023-04-06,2023-04-09,Hyderabad,BlueDart,Delivered
5674,6621,2022-10-11,2022-10-12,Nagpur,Delhivery,Delivered
5675,6623,2023-10-06,2023-10-13,Mumbai,Delhivery,In Transit
5676,6624,2023-09-30,2023-10-07,Bengaluru,Ekart,Delivered
5677,6625,2025-09-22,2025-09-24,Indore,Delhivery,Delivered
5678,6627,2023-02-17,2023-02-20,Delhi,IndiaPost,Delivered
5679,6629,2024-07-22,2024-07-27,Bengaluru,IndiaPost,Delivered
5680,6630,2024-08-02,2024-08-05,Hyderabad,DTDC,Delivered
5681,6631,2023-03-28,2023-04-04,Ahmedabad,Delhivery,Delivered
5682,6632,2024-02-05,2024-02-10,Jaipur,Ekart,In Transit
5683,6633,2023-10-09,2023-10-15,Nagpur,DTDC,Delivered
5684,6634,2024-03-07,2024-03-12,Jaipur,DTDC,Delivered
5685,6635,2024-04-26,2024-05-03,Surat,IndiaPost,Delivered
5686,6636,2022-04-11,2022-04-12,Pune,DTDC,Delayed
5687,6637,2025-11-17,2025-11-22,Kochi,DTDC,Delivered
5688,6638,2025-01-19,2025-01-23,Hyderabad,IndiaPost,Delivered
5689,6639,2022-11-05,2022-11-07,Indore,DTDC,Delivered
5690,6642,2025-10-19,2025-10-22,Lucknow,IndiaPost,Delivered
5691,6644,2025-05-29,2025-05-31,Nagpur,BlueDart,Delivered
5692,6645,2024-09-16,2024-09-21,Surat,IndiaPost,Delivered
5693,6648,2022-04-30,2022-05-01,Jaipur,Ekart,Delivered
5694,6649,2023-04-16,2023-04-22,Bengaluru,Ekart,Delivered
5695,6651,2022-12-31,2023-01-02,Hyderabad,Delhivery,Delivered
5696,6653,2024-01-12,2024-01-19,Surat,Ekart,Delivered
5697,6654,2022-04-21,2022-04-27,Ahmedabad,IndiaPost,Delivered
5698,6655,2024-08-05,2024-08-09,Kochi,Delhivery,Delivered
5699,6656,2025-01-02,2025-01-06,Kolkata,Delhivery,Delivered
5700,6657,2024-07-30,2024-08-01,Indore,IndiaPost,Delivered
5701,6658,2024-08-20,2024-08-21,Surat,Delhivery,Delivered
5702,6660,2025-01-01,2025-01-08,Surat,Ekart,Delivered
5703,6661,2023-01-04,2023-01-10,Nagpur,BlueDart,Delivered
5704,6662,2025-01-25,2025-01-29,Indore,DTDC,Delivered
5705,6663,2025-05-29,2025-05-30,Jaipur,DTDC,Delivered
5706,6666,2022-04-08,2022-04-12,Delhi,Delhivery,Delivered
5707,6667,2024-06-28,2024-07-05,Chennai,Delhivery,In Transit
5708,6668,2025-07-22,2025-07-28,Kolkata,Delhivery,Delivered
5709,6670,2025-05-11,2025-05-15,Pune,IndiaPost,Delivered
5710,6671,2022-10-22,2022-10-28,Mumbai,BlueDart,Delivered
5711,6672,2023-03-27,2023-04-01,Jaipur,DTDC,Delayed
5712,6673,2025-01-13,2025-01-18,Pune,BlueDart,Delivered
5713,6674,2024-03-18,2024-03-23,Jaipur,DTDC,Delivered
5714,6676,2025-07-09,2025-07-16,Hyderabad,DTDC,Delivered
5715,6677,2022-11-28,2022-11-29,Mumbai,BlueDart,Delivered
5716,6678,2023-04-04,2023-04-05,Jaipur,Ekart,Delivered
5717,6679,2023-09-14,2023-09-19,Bengaluru,Ekart,Delayed
5718,6681,2024-11-18,2024-11-20,Nagpur,Ekart,Delivered
5719,6682,2023-05-25,2023-05-27,Chandigarh,BlueDart,Delivered
5720,6683,2025-02-08,2025-02-14,Pune,DTDC,Delivered
5721,6684,2022-07-18,2022-07-20,Ahmedabad,Ekart,Delivered
5722,6685,2023-04-03,2023-04-08,Bengaluru,BlueDart,Delivered
5723,6686,2024-04-07,2024-04-13,Ahmedabad,IndiaPost,Delayed
5724,6687,2025-03-31,2025-04-01,Jaipur,IndiaPost,Delayed
5725,6689,2022-10-21,2022-10-27,Delhi,Ekart,Delivered
5726,6690,2025-08-07,2025-08-14,Delhi,IndiaPost,Delivered
5727,6691,2023-09-17,2023-09-21,Jaipur,Ekart,Delayed
5728,6692,2023-11-29,2023-12-05,Delhi,Delhivery,Delivered
5729,6693,2023-04-24,2023-04-29,Ahmedabad,Ekart,Delivered
5730,6694,2022-10-04,2022-10-09,Indore,Delhivery,Delivered
5731,6695,2023-01-11,2023-01-17,Bengaluru,Delhivery,Delivered
5732,6696,2025-06-07,2025-06-14,Jaipur,Delhivery,Delivered
5733,6697,2023-07-13,2023-07-17,Surat,BlueDart,Delayed
5734,6698,2022-03-30,2022-04-06,Chennai,Delhivery,Delayed
5735,6699,2023-04-28,2023-05-04,Mumbai,BlueDart,Delayed
5736,6700,2022-08-17,2022-08-19,Chennai,DTDC,Delivered
5737,6701,2024-02-02,2024-02-06,Pune,IndiaPost,In Transit
5738,6702,2022-12-04,2022-12-07,Kochi,Ekart,Delivered
5739,6703,2024-07-17,2024-07-24,Kochi,DTDC,Delivered
5740,6704,2025-10-14,2025-10-20,Ahmedabad,Delhivery,Delayed
5741,6705,2022-07-24,2022-07-25,Hyderabad,BlueDart,Delivered
5742,6706,2024-10-07,2024-10-08,Hyderabad,DTDC,Delivered
5743,6707,2022-07-14,2022-07-17,Surat,BlueDart,Delivered
5744,6708,2024-08-29,2024-09-02,Ahmedabad,DTDC,Delivered
5745,6709,2024-09-15,2024-09-22,Jaipur,Ekart,Delivered
5746,6710,2024-01-28,2024-02-03,Ahmedabad,Ekart,In Transit
5747,6711,2024-05-29,2024-06-05,Hyderabad,IndiaPost,Delayed
5748,6712,2022-11-01,2022-11-06,Surat,DTDC,Delivered
5749,6713,2024-02-08,2024-02-13,Chennai,BlueDart,Delivered
5750,6714,2024-03-19,2024-03-22,Bengaluru,IndiaPost,Delivered
5751,6715,2025-06-29,2025-07-04,Surat,DTDC,Delivered
5752,6716,2023-02-16,2023-02-17,Hyderabad,DTDC,Delivered
5753,6717,2024-08-20,2024-08-26,Jaipur,BlueDart,Delivered
5754,6718,2025-07-24,2025-07-31,Ahmedabad,Delhivery,Delivered
5755,6719,2023-11-24,2023-11-29,Chennai,Delhivery,Delivered
5756,6720,2025-05-08,2025-05-15,Bengaluru,IndiaPost,Delivered
5757,6721,2024-02-09,2024-02-16,Hyderabad,IndiaPost,Delivered
5758,6722,2025-03-31,2025-04-02,Jaipur,IndiaPost,Delivered
5759,6723,2023-04-26,2023-05-02,Mumbai,IndiaPost,Delivered
5760,6724,2022-03-06,2022-03-12,Chandigarh,DTDC,Delivered
5761,6726,2024-03-30,2024-04-02,Kolkata,IndiaPost,In Transit
5762,6727,2025-09-19,2025-09-25,Lucknow,Ekart,Delayed
5763,6728,2022-09-11,2022-09-18,Surat,Delhivery,Delivered
5764,6729,2025-12-18,2025-12-19,Kochi,BlueDart,Delivered
5765,6730,2024-04-04,2024-04-11,Ahmedabad,IndiaPost,Delivered
5766,6732,2022-08-21,2022-08-26,Hyderabad,Ekart,Delayed
5767,6733,2022-08-10,2022-08-11,Pune,BlueDart,Delivered
5768,6734,2024-11-14,2024-11-15,Chandigarh,Ekart,Delivered
5769,6735,2022-03-22,2022-03-23,Chandigarh,IndiaPost,Delivered
5770,6736,2024-12-24,2024-12-28,Bengaluru,Delhivery,In Transit
5771,6737,2022-01-08,2022-01-13,Pune,DTDC,Delivered
5772,6738,2024-03-09,2024-03-15,Pune,Ekart,Delivered
5773,6739,2022-05-12,2022-05-16,Ahmedabad,DTDC,Delivered
5774,6740,2025-07-07,2025-07-10,Surat,IndiaPost,Delivered
5775,6741,2025-02-04,2025-02-08,Indore,BlueDart,Delivered
5776,6742,2023-12-09,2023-12-14,Chandigarh,Ekart,Delivered
5777,6743,2024-01-28,2024-02-02,Jaipur,Ekart,Delivered
5778,6745,2024-11-29,2024-12-06,Chennai,IndiaPost,Delivered
5779,6746,2023-10-04,2023-10-08,Nagpur,DTDC,Delivered
5780,6747,2023-08-05,2023-08-12,Indore,IndiaPost,Delivered
5781,6748,2025-05-21,2025-05-24,Indore,Ekart,Delivered
5782,6749,2023-06-16,2023-06-18,Bengaluru,IndiaPost,Delivered
5783,6750,2025-08-30,2025-09-05,Jaipur,Ekart,Delivered
5784,6751,2023-02-15,2023-02-19,Kochi,Delhivery,Delivered
5785,6752,2022-10-31,2022-11-04,Chennai,DTDC,Delivered
5786,6753,2025-12-16,2025-12-23,Mumbai,IndiaPost,Delivered
5787,6754,2023-09-26,2023-09-30,Mumbai,DTDC,Delivered
5788,6755,2025-11-10,2025-11-14,Chandigarh,Delhivery,Delivered
5789,6756,2023-08-27,2023-09-02,Lucknow,IndiaPost,Delivered
5790,6757,2022-10-02,2022-10-04,Chennai,Ekart,Delivered
5791,6758,2022-07-22,2022-07-23,Pune,IndiaPost,Delivered
5792,6759,2023-01-25,2023-01-28,Hyderabad,DTDC,Delivered
5793,6760,2023-12-19,2023-12-24,Indore,Ekart,In Transit
5794,6761,2025-07-20,2025-07-25,Nagpur,DTDC,Delivered
5795,6762,2025-03-28,2025-04-04,Kochi,IndiaPost,Delivered
5796,6764,2023-07-30,2023-08-02,Chennai,IndiaPost,Delivered
5797,6765,2022-04-09,2022-04-13,Bengaluru,Delhivery,Delivered
5798,6766,2022-03-25,2022-03-31,Lucknow,IndiaPost,Delivered
5799,6767,2022-05-28,2022-06-04,Indore,Delhivery,Delivered
5800,6768,2023-05-28,2023-06-03,Pune,IndiaPost,In Transit
5801,6769,2022-07-06,2022-07-13,Chandigarh,IndiaPost,In Transit
5802,6770,2023-07-02,2023-07-09,Chandigarh,Delhivery,Delivered
5803,6771,2023-10-26,2023-10-29,Delhi,Delhivery,Delivered
5804,6772,2025-09-10,2025-09-17,Kochi,DTDC,Delivered
5805,6773,2022-09-11,2022-09-13,Chandigarh,BlueDart,Delivered
5806,6774,2022-11-04,2022-11-09,Delhi,BlueDart,Delivered
5807,6775,2025-11-13,2025-11-18,Hyderabad,IndiaPost,Delivered
5808,6777,2025-02-11,2025-02-18,Delhi,DTDC,Delivered
5809,6778,2025-11-06,2025-11-12,Indore,BlueDart,Delivered
5810,6779,2025-09-28,2025-09-29,Jaipur,DTDC,Delivered
5811,6780,2022-05-13,2022-05-17,Ahmedabad,DTDC,Delivered
5812,6781,2022-01-07,2022-01-08,Indore,DTDC,Delivered
5813,6782,2024-08-18,2024-08-24,Indore,DTDC,Delivered
5814,6783,2022-04-30,2022-05-05,Lucknow,IndiaPost,Delivered
5815,6784,2022-05-09,2022-05-11,Nagpur,BlueDart,Delivered
5816,6785,2023-08-23,2023-08-29,Delhi,BlueDart,Delivered
5817,6786,2023-04-08,2023-04-10,Hyderabad,IndiaPost,Delivered
5818,6787,2025-07-26,2025-07-29,Ahmedabad,IndiaPost,Delivered
5819,6789,2023-05-29,2023-06-02,Chandigarh,IndiaPost,Delivered
5820,6790,2022-06-24,2022-06-26,Jaipur,BlueDart,Delivered
5821,6791,2023-10-09,2023-10-14,Lucknow,DTDC,Delivered
5822,6792,2023-08-05,2023-08-09,Pune,BlueDart,Delivered
5823,6793,2022-05-20,2022-05-25,Indore,DTDC,Delivered
5824,6794,2022-02-12,2022-02-14,Surat,BlueDart,Delivered
5825,6795,2023-01-05,2023-01-10,Indore,DTDC,Delayed
5826,6797,2022-11-01,2022-11-03,Bengaluru,Ekart,Delivered
5827,6798,2023-06-12,2023-06-15,Jaipur,BlueDart,Delivered
5828,6799,2022-09-03,2022-09-04,Bengaluru,IndiaPost,Delivered
5829,6800,2023-01-16,2023-01-23,Hyderabad,DTDC,Delayed
5830,6801,2022-01-05,2022-01-09,Kolkata,Ekart,Delivered
5831,6802,2025-08-12,2025-08-14,Ahmedabad,DTDC,Delayed
5832,6803,2025-01-29,2025-02-02,Kolkata,IndiaPost,Delivered
5833,6804,2023-04-21,2023-04-26,Pune,DTDC,Delivered
5834,6805,2024-04-29,2024-04-30,Chandigarh,BlueDart,Delayed
5835,6806,2022-04-18,2022-04-24,Delhi,Delhivery,Delivered
5836,6807,2022-08-15,2022-08-18,Lucknow,Ekart,Delivered
5837,6808,2022-04-01,2022-04-07,Hyderabad,Ekart,Delivered
5838,6809,2023-06-02,2023-06-04,Delhi,Ekart,Delivered
5839,6810,2023-12-28,2024-01-02,Surat,Delhivery,Delivered
5840,6811,2024-03-13,2024-03-16,Pune,Ekart,Delivered
5841,6812,2023-07-15,2023-07-18,Kolkata,Delhivery,Delivered
5842,6813,2024-09-28,2024-10-02,Lucknow,BlueDart,In Transit
5843,6816,2025-05-22,2025-05-26,Chennai,IndiaPost,Delivered
5844,6817,2025-10-31,2025-11-04,Mumbai,BlueDart,Delivered
5845,6818,2022-02-19,2022-02-23,Indore,BlueDart,Delivered
5846,6819,2023-07-17,2023-07-22,Chennai,Delhivery,Delivered
5847,6820,2024-05-31,2024-06-05,Delhi,Delhivery,Delivered
5848,6821,2024-08-12,2024-08-15,Jaipur,BlueDart,Delivered
5849,6822,2023-06-26,2023-06-27,Delhi,DTDC,In Transit
5850,6823,2023-03-26,2023-03-29,Indore,Ekart,Delivered
5851,6824,2022-06-27,2022-06-28,Surat,DTDC,Delivered
5852,6825,2024-01-25,2024-02-01,Surat,BlueDart,Delivered
5853,6826,2025-01-16,2025-01-19,Delhi,DTDC,Delivered
5854,6827,2024-03-28,2024-04-02,Ahmedabad,Ekart,In Transit
5855,6828,2024-05-08,2024-05-15,Kolkata,DTDC,Delayed
5856,6829,2025-03-11,2025-03-13,Indore,DTDC,Delivered
5857,6830,2022-04-03,2022-04-06,Ahmedabad,DTDC,In Transit
5858,6832,2022-04-20,2022-04-27,Chennai,IndiaPost,Delivered
5859,6833,2025-09-17,2025-09-18,Nagpur,Delhivery,Delivered
5860,6834,2023-03-04,2023-03-09,Mumbai,Delhivery,Delivered
5861,6835,2024-10-29,2024-11-04,Chandigarh,IndiaPost,In Transit
5862,6836,2023-02-16,2023-02-21,Jaipur,Ekart,Delivered
5863,6837,2024-08-06,2024-08-13,Indore,Delhivery,Delivered
5864,6839,2022-12-08,2022-12-14,Jaipur,IndiaPost,Delivered
5865,6840,2024-08-05,2024-08-08,Ahmedabad,BlueDart,In Transit
5866,6841,2024-02-21,2024-02-24,Indore,BlueDart,Delivered
5867,6843,2025-06-09,2025-06-13,Surat,DTDC,Delivered
5868,6844,2023-09-30,2023-10-03,Pune,BlueDart,Delivered
5869,6845,2022-05-07,2022-05-08,Kochi,IndiaPost,Delivered
5870,6847,2025-09-13,2025-09-17,Mumbai,BlueDart,Delivered
5871,6848,2022-02-15,2022-02-19,Bengaluru,Delhivery,Delivered
5872,6850,2024-04-12,2024-04-18,Bengaluru,DTDC,Delivered
5873,6851,2022-05-12,2022-05-19,Nagpur,DTDC,Delivered
5874,6853,2023-02-23,2023-02-25,Kolkata,BlueDart,Delivered
5875,6854,2025-04-08,2025-04-13,Kolkata,IndiaPost,Delivered
5876,6855,2025-10-04,2025-10-08,Hyderabad,Ekart,Delivered
5877,6856,2025-07-20,2025-07-27,Kochi,BlueDart,Delivered
5878,6857,2022-06-03,2022-06-10,Bengaluru,IndiaPost,Delivered
5879,6858,2024-08-28,2024-09-04,Hyderabad,Ekart,Delivered
5880,6859,2022-05-31,2022-06-06,Chandigarh,IndiaPost,Delivered
5881,6860,2024-12-11,2024-12-12,Kochi,Delhivery,Delivered
5882,6861,2022-04-12,2022-04-15,Jaipur,BlueDart,Delivered
5883,6863,2024-10-07,2024-10-11,Chandigarh,Ekart,Delivered
5884,6864,2024-07-14,2024-07-18,Bengaluru,BlueDart,Delivered
5885,6865,2022-02-04,2022-02-07,Indore,DTDC,Delivered
5886,6866,2022-08-21,2022-08-27,Surat,Delhivery,Delivered
5887,6867,2024-11-24,2024-11-27,Kolkata,Delhivery,Delivered
5888,6868,2022-07-23,2022-07-28,Bengaluru,Delhivery,Delivered
5889,6869,2025-01-02,2025-01-03,Delhi,BlueDart,Delivered
5890,6871,2025-10-28,2025-11-02,Bengaluru,BlueDart,In Transit
5891,6872,2023-12-27,2023-12-31,Bengaluru,DTDC,Delivered
5892,6873,2025-07-13,2025-07-16,Kolkata,BlueDart,Delivered
5893,6874,2025-10-03,2025-10-06,Hyderabad,BlueDart,Delayed
5894,6875,2023-05-18,2023-05-21,Pune,BlueDart,Delayed
5895,6876,2023-07-18,2023-07-22,Surat,DTDC,Delivered
5896,6877,2022-05-19,2022-05-21,Kolkata,BlueDart,Delivered
5897,6878,2023-02-14,2023-02-15,Hyderabad,IndiaPost,Delivered
5898,6879,2023-07-25,2023-07-30,Bengaluru,DTDC,Delivered
5899,6880,2025-06-07,2025-06-13,Surat,IndiaPost,Delivered
5900,6882,2022-07-02,2022-07-09,Chennai,IndiaPost,Delivered
5901,6883,2024-01-04,2024-01-08,Jaipur,DTDC,Delivered
5902,6884,2022-07-10,2022-07-15,Indore,IndiaPost,Delivered
5903,6885,2022-11-12,2022-11-13,Bengaluru,DTDC,Delivered
5904,6886,2022-07-22,2022-07-27,Jaipur,BlueDart,Delivered
5905,6888,2025-02-11,2025-02-13,Chandigarh,IndiaPost,Delivered
5906,6889,2023-12-04,2023-12-10,Hyderabad,IndiaPost,Delivered
5907,6890,2025-07-18,2025-07-24,Chennai,IndiaPost,In Transit
5908,6891,2025-02-16,2025-02-22,Kolkata,DTDC,Delivered
5909,6892,2022-09-04,2022-09-05,Chandigarh,Delhivery,Delivered
5910,6894,2025-11-07,2025-11-12,Chandigarh,DTDC,Delivered
5911,6896,2024-12-26,2024-12-28,Chandigarh,Delhivery,Delivered
5912,6897,2025-10-25,2025-10-28,Surat,Ekart,Delivered
5913,6898,2022-10-19,2022-10-26,Hyderabad,IndiaPost,Delivered
5914,6899,2022-12-14,2022-12-20,Nagpur,DTDC,Delivered
5915,6900,2022-11-30,2022-12-01,Bengaluru,BlueDart,Delivered
5916,6901,2024-06-21,2024-06-26,Bengaluru,Ekart,In Transit
5917,6902,2024-08-12,2024-08-17,Kochi,BlueDart,Delivered
5918,6905,2025-06-09,2025-06-12,Indore,IndiaPost,Delayed
5919,6907,2022-01-03,2022-01-10,Delhi,Delhivery,Delivered
5920,6908,2022-07-31,2022-08-02,Pune,Ekart,Delivered
5921,6909,2024-08-30,2024-09-05,Bengaluru,DTDC,Delivered
5922,6910,2025-09-29,2025-10-06,Chandigarh,Delhivery,Delivered
5923,6911,2024-09-15,2024-09-18,Bengaluru,IndiaPost,Delivered
5924,6912,2024-12-25,2024-12-29,Hyderabad,IndiaPost,Delivered
5925,6913,2024-01-22,2024-01-25,Hyderabad,BlueDart,Delivered
5926,6914,2024-02-04,2024-02-08,Chandigarh,DTDC,Delivered
5927,6915,2024-02-05,2024-02-11,Indore,IndiaPost,Delivered
5928,6916,2022-02-16,2022-02-18,Ahmedabad,DTDC,Delivered
5929,6917,2023-07-24,2023-07-27,Chennai,BlueDart,Delivered
5930,6918,2023-08-30,2023-09-03,Ahmedabad,IndiaPost,Delivered
5931,6919,2025-08-17,2025-08-23,Ahmedabad,BlueDart,Delivered
5932,6920,2025-05-22,2025-05-26,Kolkata,IndiaPost,Delivered
5933,6921,2025-03-14,2025-03-16,Kochi,BlueDart,Delivered
5934,6922,2024-04-28,2024-05-05,Hyderabad,Delhivery,Delivered
5935,6924,2022-02-13,2022-02-17,Hyderabad,Ekart,Delivered
5936,6925,2023-08-06,2023-08-13,Mumbai,Ekart,Delivered
5937,6926,2025-04-20,2025-04-27,Kolkata,DTDC,Delivered
5938,6927,2024-11-22,2024-11-28,Nagpur,IndiaPost,Delivered
5939,6928,2025-03-08,2025-03-10,Delhi,Ekart,Delayed
5940,6929,2023-02-24,2023-02-27,Mumbai,Ekart,Delayed
5941,6930,2022-01-02,2022-01-09,Surat,BlueDart,Delivered
5942,6931,2025-10-20,2025-10-27,Chandigarh,IndiaPost,Delivered
5943,6932,2025-05-02,2025-05-04,Jaipur,IndiaPost,Delivered
5944,6933,2022-01-13,2022-01-18,Kolkata,Delhivery,Delayed
5945,6934,2025-11-26,2025-12-02,Hyderabad,IndiaPost,In Transit
5946,6935,2023-06-23,2023-06-28,Jaipur,DTDC,Delayed
5947,6936,2022-10-01,2022-10-06,Kochi,Delhivery,Delivered
5948,6938,2025-08-14,2025-08-17,Chennai,DTDC,In Transit
5949,6939,2024-06-26,2024-06-29,Ahmedabad,Delhivery,Delivered
5950,6940,2025-12-23,2025-12-29,Hyderabad,IndiaPost,Delayed
5951,6942,2022-07-09,2022-07-15,Surat,IndiaPost,Delivered
5952,6943,2023-05-02,2023-05-08,Pune,BlueDart,Delivered
5953,6944,2023-01-24,2023-01-30,Mumbai,IndiaPost,In Transit
5954,6945,2022-11-19,2022-11-21,Pune,Delhivery,Delivered
5955,6946,2022-10-08,2022-10-15,Lucknow,Delhivery,Delivered
5956,6947,2024-06-19,2024-06-21,Hyderabad,BlueDart,Delayed
5957,6948,2023-01-13,2023-01-14,Pune,IndiaPost,Delivered
5958,6949,2025-02-03,2025-02-07,Chennai,IndiaPost,Delivered
5959,6951,2023-01-27,2023-01-31,Surat,IndiaPost,Delivered
5960,6952,2024-08-16,2024-08-17,Bengaluru,Ekart,Delivered
5961,6953,2024-09-15,2024-09-19,Ahmedabad,Delhivery,Delayed
5962,6955,2024-03-31,2024-04-05,Kolkata,BlueDart,Delivered
5963,6956,2024-12-11,2024-12-18,Mumbai,DTDC,Delivered
5964,6957,2024-01-03,2024-01-05,Bengaluru,Ekart,Delivered
5965,6958,2025-11-23,2025-11-27,Mumbai,BlueDart,Delivered
5966,6959,2024-12-23,2024-12-28,Chennai,DTDC,Delayed
5967,6961,2025-04-15,2025-04-17,Mumbai,DTDC,Delivered
5968,6962,2022-10-03,2022-10-07,Chennai,Delhivery,Delivered
5969,6963,2023-06-11,2023-06-18,Jaipur,IndiaPost,In Transit
5970,6964,2024-02-12,2024-02-16,Lucknow,Delhivery,Delivered
5971,6965,2025-03-24,2025-03-30,Surat,DTDC,Delivered
5972,6966,2023-01-10,2023-01-14,Chandigarh,Delhivery,Delivered
5973,6968,2024-11-01,2024-11-07,Surat,DTDC,Delivered
5974,6970,2025-09-27,2025-10-02,Nagpur,DTDC,Delivered
5975,6971,2025-10-25,2025-11-01,Indore,Ekart,Delivered
5976,6972,2025-03-23,2025-03-29,Jaipur,DTDC,Delivered
5977,6974,2025-10-18,2025-10-25,Ahmedabad,Ekart,Delivered
5978,6975,2025-05-02,2025-05-06,Nagpur,IndiaPost,Delivered
5979,6976,2024-06-09,2024-06-16,Kochi,BlueDart,Delivered
5980,6977,2024-11-25,2024-12-01,Nagpur,BlueDart,Delivered
5981,6978,2024-01-24,2024-01-27,Lucknow,DTDC,Delivered
5982,6979,2024-04-04,2024-04-09,Delhi,BlueDart,Delayed
5983,6982,2023-06-25,2023-07-02,Jaipur,Delhivery,Delivered
5984,6983,2025-06-06,2025-06-12,Kochi,Delhivery,Delivered
5985,6985,2024-05-18,2024-05-23,Hyderabad,DTDC,Delivered
5986,6986,2025-09-14,2025-09-16,Pune,DTDC,Delivered
5987,6987,2022-08-19,2022-08-26,Kochi,IndiaPost,Delivered
5988,6988,2024-01-15,2024-01-16,Bengaluru,BlueDart,Delivered
5989,6989,2024-04-02,2024-04-03,Hyderabad,DTDC,Delivered
5990,6990,2025-02-14,2025-02-18,Chennai,IndiaPost,Delivered
5991,6991,2024-04-10,2024-04-15,Bengaluru,Ekart,Delivered
5992,6993,2024-03-29,2024-03-31,Nagpur,BlueDart,Delivered
5993,6994,2025-04-13,2025-04-14,Chennai,IndiaPost,Delivered
5994,6995,2023-08-24,2023-08-25,Surat,IndiaPost,Delivered
5995,6996,2023-11-26,2023-12-01,Kolkata,Delhivery,Delivered
5996,6997,2022-08-12,2022-08-16,Jaipur,IndiaPost,Delivered
5997,6998,2023-05-10,2023-05-17,Chandigarh,IndiaPost,Delivered
5998,6999,2022-07-01,2022-07-07,Delhi,IndiaPost,Delivered
5999,7000,2022-10-03,2022-10-07,Delhi,Ekart,Delivered
6000,7002,2025-02-16,2025-02-22,Hyderabad,Delhivery,Delivered
6001,7003,2023-06-25,2023-06-29,Nagpur,DTDC,Delivered
6002,7004,2022-03-08,2022-03-12,Surat,Ekart,Delivered
6003,7005,2023-06-25,2023-06-26,Ahmedabad,Delhivery,Delivered
6004,7006,2022-05-07,2022-05-14,Kochi,BlueDart,Delivered
6005,7007,2024-05-23,2024-05-24,Kochi,Ekart,Delivered
6006,7008,2024-11-17,2024-11-20,Jaipur,Ekart,Delivered
6007,7009,2025-09-09,2025-09-13,Kochi,BlueDart,Delivered
6008,7010,2025-10-29,2025-11-04,Kochi,Ekart,Delivered
6009,7011,2022-04-20,2022-04-25,Kolkata,Ekart,Delivered
6010,7012,2022-03-14,2022-03-17,Surat,BlueDart,Delivered
6011,7013,2022-03-09,2022-03-16,Delhi,IndiaPost,In Transit
6012,7014,2023-02-25,2023-02-27,Hyderabad,Delhivery,Delivered
6013,7015,2023-08-06,2023-08-07,Chennai,DTDC,Delivered
6014,7016,2024-05-15,2024-05-16,Kochi,BlueDart,Delivered
6015,7017,2025-03-03,2025-03-08,Surat,Ekart,Delivered
6016,7018,2024-02-06,2024-02-08,Indore,IndiaPost,Delivered
6017,7020,2022-10-14,2022-10-20,Nagpur,Delhivery,Delivered
6018,7022,2022-01-09,2022-01-16,Bengaluru,Delhivery,Delivered
6019,7023,2024-12-08,2024-12-13,Pune,IndiaPost,Delivered
6020,7025,2025-02-02,2025-02-05,Chandigarh,Ekart,Delivered
6021,7026,2025-05-27,2025-05-31,Bengaluru,Ekart,Delivered
6022,7027,2023-10-23,2023-10-26,Lucknow,Delhivery,Delayed
6023,7028,2022-12-20,2022-12-21,Pune,IndiaPost,Delivered
6024,7029,2025-04-20,2025-04-23,Delhi,Ekart,Delivered
6025,7030,2024-08-14,2024-08-15,Surat,BlueDart,Delivered
6026,7031,2023-01-07,2023-01-14,Jaipur,IndiaPost,Delivered
6027,7032,2023-08-21,2023-08-25,Surat,IndiaPost,Delivered
6028,7033,2024-10-27,2024-10-30,Jaipur,Delhivery,Delivered
6029,7034,2025-12-17,2025-12-22,Ahmedabad,Ekart,Delayed
6030,7035,2022-04-07,2022-04-14,Kolkata,BlueDart,Delivered
6031,7036,2024-10-09,2024-10-11,Pune,IndiaPost,Delivered
6032,7037,2025-05-23,2025-05-30,Kolkata,IndiaPost,Delivered
6033,7038,2024-11-05,2024-11-07,Ahmedabad,Delhivery,Delivered
6034,7039,2025-02-23,2025-02-27,Surat,Delhivery,Delivered
6035,7040,2025-03-07,2025-03-14,Surat,IndiaPost,Delivered
6036,7041,2023-11-12,2023-11-15,Surat,Ekart,Delivered
6037,7042,2024-08-24,2024-08-29,Chandigarh,Delhivery,Delivered
6038,7043,2025-06-10,2025-06-11,Surat,DTDC,Delivered
6039,7044,2023-02-15,2023-02-18,Nagpur,Ekart,In Transit
6040,7045,2024-01-13,2024-01-20,Mumbai,Delhivery,Delivered
6041,7046,2024-07-22,2024-07-29,Kochi,IndiaPost,Delivered
6042,7047,2023-05-11,2023-05-15,Nagpur,Ekart,Delivered
6043,7048,2022-02-09,2022-02-15,Ahmedabad,IndiaPost,Delivered
6044,7049,2023-09-24,2023-09-26,Indore,DTDC,Delivered
6045,7051,2023-04-07,2023-04-09,Mumbai,Delhivery,Delivered
6046,7052,2022-07-15,2022-07-21,Indore,BlueDart,Delivered
6047,7053,2023-08-02,2023-08-04,Kochi,DTDC,Delivered
6048,7054,2023-09-08,2023-09-09,Chandigarh,Delhivery,Delivered
6049,7056,2023-02-22,2023-03-01,Kochi,Delhivery,Delivered
6050,7057,2024-04-30,2024-05-03,Bengaluru,BlueDart,Delivered
6051,7058,2022-06-10,2022-06-14,Ahmedabad,Ekart,Delivered
6052,7059,2023-03-17,2023-03-24,Lucknow,BlueDart,Delivered
6053,7060,2023-05-05,2023-05-11,Lucknow,BlueDart,Delivered
6054,7061,2023-07-18,2023-07-25,Bengaluru,Delhivery,Delivered
6055,7062,2024-07-18,2024-07-24,Surat,Ekart,Delivered
6056,7063,2022-05-06,2022-05-10,Nagpur,IndiaPost,Delivered
6057,7066,2024-11-22,2024-11-23,Hyderabad,DTDC,Delivered
6058,7067,2025-11-20,2025-11-26,Jaipur,IndiaPost,Delayed
6059,7068,2024-09-04,2024-09-05,Indore,Ekart,Delivered
6060,7069,2025-06-03,2025-06-05,Mumbai,Delhivery,Delivered
6061,7071,2023-10-11,2023-10-14,Mumbai,IndiaPost,Delivered
6062,7072,2023-07-04,2023-07-07,Chandigarh,BlueDart,Delayed
6063,7073,2025-02-24,2025-02-25,Mumbai,IndiaPost,Delivered
6064,7074,2024-04-28,2024-05-05,Bengaluru,IndiaPost,Delivered
6065,7075,2022-03-06,2022-03-07,Nagpur,IndiaPost,Delivered
6066,7076,2025-01-18,2025-01-20,Jaipur,BlueDart,Delivered
6067,7077,2024-01-20,2024-01-27,Delhi,IndiaPost,Delivered
6068,7078,2023-03-22,2023-03-27,Surat,BlueDart,Delayed
6069,7079,2022-12-10,2022-12-16,Pune,Ekart,Delayed
6070,7080,2024-03-06,2024-03-12,Chandigarh,IndiaPost,Delivered
6071,7082,2024-02-19,2024-02-24,Chandigarh,Delhivery,Delivered
6072,7083,2024-01-04,2024-01-11,Indore,Ekart,Delivered
6073,7084,2025-11-14,2025-11-21,Lucknow,BlueDart,Delivered
6074,7085,2022-12-04,2022-12-05,Jaipur,BlueDart,Delivered
6075,7086,2022-05-04,2022-05-11,Surat,DTDC,Delivered
6076,7087,2025-07-10,2025-07-17,Nagpur,IndiaPost,Delivered
6077,7088,2023-06-02,2023-06-08,Pune,Delhivery,Delivered
6078,7089,2025-01-04,2025-01-06,Kochi,DTDC,Delivered
6079,7090,2024-09-13,2024-09-20,Hyderabad,Ekart,Delivered
6080,7091,2022-12-14,2022-12-21,Jaipur,BlueDart,Delivered
6081,7092,2023-12-18,2023-12-22,Delhi,Ekart,Delivered
6082,7093,2022-04-11,2022-04-12,Chennai,DTDC,Delivered
6083,7095,2023-10-21,2023-10-28,Chandigarh,BlueDart,Delivered
6084,7096,2024-09-11,2024-09-18,Bengaluru,Delhivery,Delivered
6085,7097,2025-10-22,2025-10-27,Kolkata,Ekart,Delivered
6086,7098,2024-03-27,2024-03-31,Kolkata,IndiaPost,Delivered
6087,7099,2026-01-01,2026-01-08,Bengaluru,Delhivery,Delivered
6088,7101,2024-06-08,2024-06-15,Nagpur,IndiaPost,Delivered
6089,7103,2023-08-21,2023-08-23,Mumbai,IndiaPost,Delivered
6090,7104,2024-02-23,2024-02-28,Kolkata,Delhivery,Delivered
6091,7105,2024-10-07,2024-10-13,Ahmedabad,IndiaPost,Delayed
6092,7106,2024-05-22,2024-05-28,Mumbai,DTDC,Delivered
6093,7107,2023-01-27,2023-02-02,Ahmedabad,BlueDart,Delivered
6094,7108,2024-05-29,2024-06-01,Hyderabad,Ekart,Delivered
6095,7110,2022-09-15,2022-09-20,Surat,Ekart,Delivered
6096,7111,2023-04-11,2023-04-18,Nagpur,Ekart,Delivered
6097,7112,2024-03-01,2024-03-08,Mumbai,IndiaPost,Delivered
6098,7113,2024-12-06,2024-12-07,Kochi,Ekart,Delivered
6099,7114,2025-11-06,2025-11-09,Lucknow,IndiaPost,Delivered
6100,7115,2024-10-12,2024-10-17,Lucknow,Delhivery,Delivered
6101,7116,2022-02-14,2022-02-21,Pune,BlueDart,In Transit
6102,7117,2025-06-05,2025-06-10,Nagpur,IndiaPost,Delivered
6103,7118,2025-01-21,2025-01-26,Surat,Delhivery,Delivered
6104,7119,2024-10-07,2024-10-10,Indore,BlueDart,Delivered
6105,7120,2025-02-21,2025-02-23,Surat,Ekart,Delivered
6106,7121,2025-01-01,2025-01-07,Jaipur,BlueDart,In Transit
6107,7123,2025-08-30,2025-08-31,Chennai,BlueDart,Delayed
6108,7126,2022-02-08,2022-02-14,Chandigarh,DTDC,Delivered
6109,7128,2022-06-21,2022-06-23,Jaipur,IndiaPost,Delayed
6110,7131,2023-07-24,2023-07-25,Kochi,Ekart,Delivered
6111,7132,2022-03-03,2022-03-04,Jaipur,Delhivery,Delivered
6112,7133,2023-07-16,2023-07-23,Bengaluru,BlueDart,Delivered
6113,7134,2023-12-07,2023-12-12,Ahmedabad,IndiaPost,Delivered
6114,7135,2024-07-08,2024-07-09,Hyderabad,Delhivery,Delivered
6115,7136,2024-01-08,2024-01-14,Chennai,IndiaPost,Delivered
6116,7137,2022-03-16,2022-03-23,Delhi,DTDC,Delayed
6117,7138,2022-12-31,2023-01-03,Jaipur,IndiaPost,Delivered
6118,7139,2022-07-20,2022-07-25,Lucknow,DTDC,In Transit
6119,7140,2024-12-14,2024-12-17,Ahmedabad,DTDC,Delivered
6120,7142,2022-03-02,2022-03-08,Lucknow,IndiaPost,In Transit
6121,7144,2023-05-15,2023-05-18,Mumbai,Delhivery,Delivered
6122,7146,2024-08-08,2024-08-13,Lucknow,Ekart,Delivered
6123,7147,2023-10-28,2023-11-04,Chennai,Delhivery,Delivered
6124,7148,2024-10-24,2024-10-31,Bengaluru,IndiaPost,Delivered
6125,7149,2024-03-29,2024-03-30,Ahmedabad,BlueDart,Delayed
6126,7151,2022-03-03,2022-03-08,Jaipur,Delhivery,Delivered
6127,7152,2023-07-01,2023-07-08,Chandigarh,Ekart,Delivered
6128,7153,2025-09-18,2025-09-22,Mumbai,Ekart,Delayed
6129,7154,2023-11-05,2023-11-07,Nagpur,IndiaPost,Delivered
6130,7155,2023-06-17,2023-06-21,Kolkata,Delhivery,In Transit
6131,7156,2024-06-17,2024-06-22,Lucknow,Delhivery,Delivered
6132,7157,2023-05-20,2023-05-22,Bengaluru,BlueDart,Delivered
6133,7158,2025-04-05,2025-04-12,Chennai,DTDC,Delivered
6134,7160,2023-04-07,2023-04-08,Nagpur,IndiaPost,Delivered
6135,7161,2025-12-25,2025-12-31,Hyderabad,BlueDart,Delivered
6136,7162,2024-04-03,2024-04-08,Jaipur,BlueDart,Delivered
6137,7163,2024-11-08,2024-11-14,Chennai,IndiaPost,Delivered
6138,7164,2023-01-30,2023-02-03,Kochi,Ekart,Delayed
6139,7165,2022-07-25,2022-07-28,Delhi,Delhivery,Delivered
6140,7166,2023-12-15,2023-12-22,Delhi,IndiaPost,In Transit
6141,7167,2023-05-06,2023-05-08,Bengaluru,IndiaPost,Delivered
6142,7168,2022-07-15,2022-07-19,Kolkata,IndiaPost,Delivered
6143,7169,2022-06-11,2022-06-18,Indore,DTDC,Delivered
6144,7170,2023-01-15,2023-01-21,Indore,DTDC,Delivered
6145,7171,2025-06-18,2025-06-22,Lucknow,Ekart,Delivered
6146,7172,2024-02-12,2024-02-16,Mumbai,IndiaPost,Delivered
6147,7173,2022-02-06,2022-02-11,Jaipur,Delhivery,In Transit
6148,7174,2023-09-15,2023-09-21,Lucknow,BlueDart,Delivered
6149,7175,2025-01-22,2025-01-29,Chandigarh,DTDC,Delayed
6150,7176,2023-12-15,2023-12-20,Indore,Delhivery,Delivered
6151,7177,2025-08-24,2025-08-26,Indore,DTDC,Delivered
6152,7178,2024-12-09,2024-12-13,Chennai,DTDC,Delivered
6153,7179,2025-10-05,2025-10-10,Pune,DTDC,In Transit
6154,7181,2025-01-01,2025-01-02,Ahmedabad,DTDC,Delivered
6155,7182,2022-03-05,2022-03-12,Lucknow,DTDC,In Transit
6156,7183,2024-07-12,2024-07-14,Chennai,IndiaPost,Delivered
6157,7186,2024-02-12,2024-02-19,Nagpur,BlueDart,Delivered
6158,7187,2024-05-10,2024-05-17,Ahmedabad,Delhivery,Delivered
6159,7188,2025-05-07,2025-05-09,Indore,DTDC,Delayed
6160,7191,2023-06-21,2023-06-28,Kolkata,Delhivery,Delivered
6161,7192,2023-12-06,2023-12-10,Kolkata,Ekart,Delayed
6162,7193,2022-01-23,2022-01-29,Nagpur,DTDC,Delivered
6163,7194,2024-07-28,2024-07-30,Chennai,IndiaPost,Delivered
6164,7195,2024-10-01,2024-10-06,Bengaluru,BlueDart,Delivered
6165,7197,2022-12-25,2022-12-31,Kolkata,Ekart,In Transit
6166,7198,2022-09-06,2022-09-07,Chandigarh,DTDC,Delivered
6167,7199,2022-07-16,2022-07-20,Bengaluru,IndiaPost,Delivered
6168,7200,2025-11-17,2025-11-18,Kolkata,Ekart,Delivered
6169,7202,2024-12-06,2024-12-12,Kolkata,DTDC,Delivered
6170,7205,2023-09-17,2023-09-23,Indore,Delhivery,Delivered
6171,7206,2024-10-08,2024-10-12,Kochi,DTDC,Delivered
6172,7207,2025-07-31,2025-08-01,Lucknow,DTDC,Delivered
6173,7208,2022-01-08,2022-01-13,Kolkata,Ekart,Delivered
6174,7209,2025-02-16,2025-02-22,Delhi,Delhivery,Delivered
6175,7210,2025-11-01,2025-11-04,Surat,BlueDart,In Transit
6176,7211,2022-04-17,2022-04-20,Chandigarh,Ekart,Delivered
6177,7213,2022-07-17,2022-07-22,Kochi,Ekart,Delivered
6178,7214,2023-09-20,2023-09-25,Delhi,Ekart,Delivered
6179,7215,2023-09-16,2023-09-19,Chandigarh,DTDC,Delivered
6180,7216,2022-12-19,2022-12-24,Chandigarh,Delhivery,Delayed
6181,7217,2023-07-15,2023-07-22,Nagpur,Delhivery,Delivered
6182,7218,2022-08-07,2022-08-13,Nagpur,IndiaPost,Delivered
6183,7219,2022-03-01,2022-03-02,Bengaluru,DTDC,Delivered
6184,7220,2022-05-20,2022-05-26,Mumbai,BlueDart,Delivered
6185,7221,2023-09-21,2023-09-26,Lucknow,Ekart,Delivered
6186,7222,2023-07-23,2023-07-27,Bengaluru,Ekart,Delivered
6187,7223,2025-02-18,2025-02-19,Kolkata,DTDC,Delivered
6188,7224,2025-06-07,2025-06-09,Lucknow,Ekart,Delivered
6189,7225,2022-08-25,2022-08-31,Chandigarh,BlueDart,Delivered
6190,7226,2024-03-28,2024-04-03,Indore,Ekart,Delivered
6191,7228,2025-08-24,2025-08-28,Jaipur,Ekart,Delivered
6192,7229,2022-06-10,2022-06-14,Bengaluru,BlueDart,Delivered
6193,7231,2024-10-23,2024-10-29,Indore,DTDC,In Transit
6194,7232,2024-01-14,2024-01-21,Delhi,DTDC,Delivered
6195,7233,2024-11-27,2024-11-28,Kolkata,Delhivery,Delivered
6196,7234,2023-05-30,2023-06-02,Kochi,Delhivery,Delivered
6197,7235,2022-07-17,2022-07-18,Bengaluru,IndiaPost,Delivered
6198,7236,2025-01-29,2025-02-02,Ahmedabad,Ekart,Delivered
6199,7237,2024-02-23,2024-02-25,Ahmedabad,Ekart,Delivered
6200,7238,2023-08-24,2023-08-27,Kolkata,BlueDart,Delivered
6201,7240,2025-03-16,2025-03-23,Pune,Ekart,Delivered
6202,7241,2023-11-20,2023-11-26,Lucknow,Ekart,Delivered
6203,7242,2025-04-08,2025-04-14,Nagpur,DTDC,Delivered
6204,7243,2023-07-18,2023-07-23,Mumbai,IndiaPost,Delivered
6205,7244,2023-03-10,2023-03-12,Pune,DTDC,Delayed
6206,7245,2025-08-11,2025-08-18,Hyderabad,IndiaPost,Delivered
6207,7246,2023-07-22,2023-07-26,Indore,Ekart,Delivered
6208,7248,2025-11-19,2025-11-22,Chandigarh,Ekart,Delivered
6209,7249,2022-11-09,2022-11-16,Chandigarh,Ekart,Delivered
6210,7250,2024-02-25,2024-02-29,Jaipur,Delhivery,Delivered
6211,7251,2025-11-14,2025-11-18,Jaipur,Ekart,Delivered
6212,7252,2023-09-18,2023-09-25,Surat,IndiaPost,Delivered
6213,7253,2023-04-12,2023-04-15,Surat,Ekart,Delivered
6214,7254,2025-08-27,2025-08-30,Jaipur,Delhivery,Delivered
6215,7255,2025-07-24,2025-07-31,Pune,Ekart,Delivered
6216,7256,2023-07-23,2023-07-28,Surat,BlueDart,Delayed
6217,7258,2024-12-19,2024-12-20,Delhi,BlueDart,Delivered
6218,7259,2024-02-26,2024-03-01,Pune,Delhivery,In Transit
6219,7260,2023-06-16,2023-06-19,Hyderabad,Ekart,Delivered
6220,7261,2024-02-27,2024-03-05,Mumbai,IndiaPost,Delivered
6221,7262,2023-10-17,2023-10-22,Chennai,BlueDart,Delivered
6222,7263,2025-04-25,2025-04-29,Lucknow,Ekart,Delivered
6223,7264,2023-12-17,2023-12-22,Kolkata,Ekart,Delivered
6224,7265,2022-01-13,2022-01-16,Chandigarh,BlueDart,Delivered
6225,7266,2022-10-22,2022-10-27,Hyderabad,Delhivery,Delivered
6226,7267,2023-12-06,2023-12-08,Kochi,Ekart,Delivered
6227,7269,2023-09-29,2023-10-06,Surat,Ekart,Delivered
6228,7271,2022-09-16,2022-09-21,Pune,IndiaPost,Delivered
6229,7272,2024-09-11,2024-09-13,Kochi,IndiaPost,Delivered
6230,7273,2022-07-19,2022-07-25,Pune,IndiaPost,Delivered
6231,7274,2023-12-08,2023-12-09,Mumbai,IndiaPost,Delivered
6232,7275,2023-06-02,2023-06-08,Ahmedabad,Ekart,Delivered
6233,7276,2025-01-21,2025-01-28,Lucknow,Delhivery,Delayed
6234,7277,2025-04-16,2025-04-21,Chennai,BlueDart,Delivered
6235,7278,2025-09-11,2025-09-13,Jaipur,Ekart,Delivered
6236,7279,2022-11-01,2022-11-07,Chennai,Ekart,Delivered
6237,7280,2025-01-17,2025-01-23,Jaipur,IndiaPost,Delivered
6238,7281,2022-09-26,2022-10-03,Nagpur,DTDC,Delivered
6239,7283,2022-12-19,2022-12-22,Pune,Delhivery,Delivered
6240,7284,2022-01-29,2022-02-01,Jaipur,Ekart,In Transit
6241,7288,2022-01-24,2022-01-29,Lucknow,BlueDart,In Transit
6242,7289,2022-06-20,2022-06-23,Delhi,Ekart,Delivered
6243,7290,2025-08-01,2025-08-05,Hyderabad,Ekart,Delivered
6244,7291,2025-06-04,2025-06-07,Indore,Delhivery,Delivered
6245,7292,2025-05-23,2025-05-24,Pune,Ekart,Delivered
6246,7293,2023-02-02,2023-02-04,Lucknow,BlueDart,Delivered
6247,7294,2023-04-14,2023-04-17,Lucknow,Delhivery,Delayed
6248,7295,2024-06-28,2024-07-02,Jaipur,IndiaPost,Delivered
6249,7296,2025-03-11,2025-03-14,Chennai,IndiaPost,Delivered
6250,7297,2023-08-04,2023-08-07,Kochi,DTDC,Delivered
6251,7298,2022-12-25,2022-12-30,Surat,DTDC,Delivered
6252,7299,2022-10-31,2022-11-06,Pune,IndiaPost,Delivered
6253,7300,2024-06-01,2024-06-06,Bengaluru,Delhivery,Delivered
6254,7303,2024-06-27,2024-07-02,Kochi,Delhivery,Delivered
6255,7304,2022-09-01,2022-09-02,Pune,IndiaPost,In Transit
6256,7305,2024-03-30,2024-04-04,Lucknow,IndiaPost,Delayed
6257,7306,2022-04-07,2022-04-08,Hyderabad,Delhivery,Delivered
6258,7307,2022-01-08,2022-01-11,Indore,BlueDart,Delivered
6259,7308,2025-11-15,2025-11-17,Lucknow,DTDC,Delivered
6260,7309,2023-12-15,2023-12-19,Chennai,DTDC,Delivered
6261,7310,2022-09-15,2022-09-18,Hyderabad,Delhivery,Delivered
6262,7311,2023-03-28,2023-04-02,Pune,Ekart,Delivered
6263,7312,2024-01-29,2024-02-01,Pune,Ekart,Delivered
6264,7313,2022-09-29,2022-10-02,Indore,Delhivery,In Transit
6265,7315,2023-11-12,2023-11-13,Nagpur,BlueDart,Delivered
6266,7316,2022-09-19,2022-09-20,Surat,BlueDart,Delivered
6267,7317,2025-12-20,2025-12-23,Indore,Delhivery,Delayed
6268,7318,2024-01-10,2024-01-16,Bengaluru,BlueDart,Delivered
6269,7319,2022-06-24,2022-06-28,Jaipur,Delhivery,In Transit
6270,7320,2025-05-22,2025-05-26,Ahmedabad,DTDC,Delivered
6271,7321,2025-09-26,2025-09-30,Kolkata,Delhivery,Delivered
6272,7322,2024-09-22,2024-09-28,Kochi,BlueDart,Delivered
6273,7323,2022-11-28,2022-12-04,Kolkata,DTDC,Delivered
6274,7324,2024-12-27,2025-01-01,Ahmedabad,Ekart,Delayed
6275,7325,2023-03-18,2023-03-24,Kochi,Ekart,Delivered
6276,7327,2023-08-06,2023-08-11,Chennai,DTDC,Delayed
6277,7328,2023-01-26,2023-01-28,Mumbai,BlueDart,Delivered
6278,7329,2025-09-13,2025-09-18,Kochi,IndiaPost,Delivered
6279,7330,2024-01-10,2024-01-11,Kolkata,Ekart,Delivered
6280,7332,2025-12-03,2025-12-06,Nagpur,Delhivery,Delivered
6281,7333,2023-10-06,2023-10-13,Bengaluru,Delhivery,Delivered
6282,7335,2024-09-15,2024-09-21,Chandigarh,BlueDart,Delivered
6283,7337,2024-05-17,2024-05-23,Indore,DTDC,Delivered
6284,7338,2022-10-21,2022-10-26,Kochi,BlueDart,Delivered
6285,7339,2024-04-09,2024-04-16,Kochi,Delhivery,Delivered
6286,7340,2024-11-05,2024-11-10,Mumbai,Ekart,Delivered
6287,7341,2022-03-27,2022-04-01,Indore,IndiaPost,Delivered
6288,7344,2024-01-29,2024-02-04,Nagpur,IndiaPost,Delivered
6289,7345,2022-11-06,2022-11-13,Bengaluru,BlueDart,Delivered
6290,7346,2024-03-17,2024-03-20,Pune,BlueDart,Delivered
6291,7347,2023-07-30,2023-08-06,Delhi,Ekart,Delivered
6292,7348,2023-04-02,2023-04-07,Hyderabad,IndiaPost,Delivered
6293,7349,2024-01-31,2024-02-06,Hyderabad,Ekart,Delivered
6294,7352,2022-09-08,2022-09-10,Nagpur,BlueDart,Delivered
6295,7353,2024-05-27,2024-05-28,Chandigarh,Ekart,Delivered
6296,7355,2025-06-09,2025-06-10,Chennai,DTDC,Delivered
6297,7357,2022-10-23,2022-10-30,Jaipur,IndiaPost,Delivered
6298,7358,2023-04-21,2023-04-23,Delhi,DTDC,In Transit
6299,7359,2022-04-19,2022-04-26,Pune,Delhivery,Delivered
6300,7360,2024-08-09,2024-08-14,Lucknow,Ekart,Delayed
6301,7361,2023-02-24,2023-02-27,Surat,Delhivery,Delivered
6302,7362,2024-02-26,2024-02-27,Chennai,Ekart,Delivered
6303,7363,2024-08-22,2024-08-27,Jaipur,IndiaPost,Delivered
6304,7364,2022-06-11,2022-06-16,Bengaluru,Ekart,Delivered
6305,7365,2024-04-11,2024-04-15,Indore,DTDC,Delivered
6306,7367,2023-03-24,2023-03-28,Kochi,DTDC,Delivered
6307,7368,2025-06-26,2025-06-30,Hyderabad,Delhivery,Delivered
6308,7369,2023-03-25,2023-03-26,Nagpur,Delhivery,Delivered
6309,7370,2022-12-04,2022-12-08,Kochi,DTDC,Delivered
6310,7371,2023-05-03,2023-05-07,Indore,BlueDart,Delivered
6311,7372,2023-09-04,2023-09-05,Nagpur,BlueDart,Delivered
6312,7373,2023-03-26,2023-03-27,Bengaluru,Ekart,Delivered
6313,7374,2025-12-25,2025-12-27,Ahmedabad,IndiaPost,Delivered
6314,7375,2022-12-05,2022-12-06,Bengaluru,Delhivery,Delivered
6315,7376,2025-06-13,2025-06-20,Jaipur,Delhivery,Delivered
6316,7377,2023-03-15,2023-03-17,Indore,IndiaPost,Delivered
6317,7380,2025-03-28,2025-04-02,Hyderabad,IndiaPost,Delivered
6318,7381,2022-07-20,2022-07-22,Kolkata,Ekart,Delivered
6319,7382,2023-01-21,2023-01-25,Pune,BlueDart,Delivered
6320,7383,2025-02-22,2025-02-25,Hyderabad,BlueDart,Delivered
6321,7384,2024-10-13,2024-10-19,Jaipur,IndiaPost,Delivered
6322,7385,2025-04-11,2025-04-14,Chandigarh,Delhivery,Delivered
6323,7386,2025-07-25,2025-07-30,Chennai,IndiaPost,Delivered
6324,7387,2023-03-04,2023-03-11,Nagpur,Delhivery,Delivered
6325,7388,2022-07-16,2022-07-23,Chennai,Ekart,Delivered
6326,7389,2022-07-19,2022-07-25,Chennai,Ekart,Delivered
6327,7390,2024-03-03,2024-03-05,Nagpur,Delhivery,Delivered
6328,7391,2025-05-11,2025-05-17,Bengaluru,Ekart,Delivered
6329,7392,2024-10-10,2024-10-15,Pune,BlueDart,Delivered
6330,7393,2022-03-29,2022-04-05,Hyderabad,BlueDart,Delivered
6331,7394,2024-11-27,2024-12-04,Hyderabad,Delhivery,In Transit
6332,7395,2022-03-26,2022-03-31,Delhi,Delhivery,Delivered
6333,7396,2022-04-20,2022-04-26,Pune,BlueDart,Delayed
6334,7397,2025-08-12,2025-08-19,Surat,Ekart,Delivered
6335,7398,2023-06-23,2023-06-26,Chennai,BlueDart,Delayed
6336,7399,2025-11-12,2025-11-15,Pune,Ekart,Delivered
6337,7400,2022-05-02,2022-05-05,Jaipur,Delhivery,Delivered
6338,7401,2025-06-15,2025-06-21,Kolkata,BlueDart,Delivered
6339,7402,2023-05-05,2023-05-12,Delhi,Ekart,Delivered
6340,7403,2022-03-25,2022-03-27,Mumbai,IndiaPost,Delivered
6341,7405,2022-11-20,2022-11-25,Indore,BlueDart,Delivered
6342,7406,2023-10-18,2023-10-25,Mumbai,DTDC,Delivered
6343,7407,2022-12-13,2022-12-17,Ahmedabad,Ekart,Delivered
6344,7408,2023-03-27,2023-04-01,Kochi,BlueDart,Delivered
6345,7409,2025-11-21,2025-11-24,Kolkata,BlueDart,Delivered
6346,7410,2022-02-07,2022-02-12,Ahmedabad,IndiaPost,Delivered
6347,7413,2022-12-09,2022-12-15,Indore,Ekart,In Transit
6348,7414,2024-04-16,2024-04-22,Hyderabad,Delhivery,Delivered
6349,7415,2022-12-04,2022-12-08,Nagpur,BlueDart,Delivered
6350,7416,2025-10-19,2025-10-22,Chennai,Delhivery,Delivered
6351,7417,2025-03-10,2025-03-17,Nagpur,Delhivery,Delivered
6352,7418,2025-06-12,2025-06-13,Mumbai,BlueDart,Delivered
6353,7420,2023-08-09,2023-08-15,Ahmedabad,Ekart,Delivered
6354,7421,2025-11-26,2025-11-28,Chandigarh,Delhivery,Delivered
6355,7422,2022-02-27,2022-03-04,Surat,Delhivery,Delayed
6356,7424,2023-07-11,2023-07-12,Surat,IndiaPost,Delivered
6357,7425,2023-04-24,2023-04-29,Ahmedabad,BlueDart,Delayed
6358,7426,2025-04-26,2025-04-30,Hyderabad,IndiaPost,Delivered
6359,7427,2024-06-09,2024-06-11,Indore,DTDC,Delivered
6360,7428,2022-01-04,2022-01-07,Kochi,DTDC,Delivered
6361,7429,2024-04-07,2024-04-10,Kolkata,Delhivery,Delivered
6362,7430,2023-09-18,2023-09-23,Surat,Ekart,Delivered
6363,7431,2023-10-07,2023-10-10,Nagpur,BlueDart,Delivered
6364,7432,2025-06-15,2025-06-17,Ahmedabad,Delhivery,Delayed
6365,7434,2023-07-19,2023-07-25,Jaipur,Ekart,Delivered
6366,7435,2024-10-23,2024-10-24,Indore,DTDC,Delivered
6367,7436,2022-04-24,2022-04-27,Nagpur,IndiaPost,Delivered
6368,7438,2023-12-29,2024-01-04,Mumbai,DTDC,Delivered
6369,7439,2022-10-01,2022-10-07,Bengaluru,Delhivery,Delayed
6370,7440,2022-12-12,2022-12-15,Nagpur,Ekart,Delivered
6371,7441,2024-11-30,2024-12-07,Delhi,Delhivery,Delivered
6372,7442,2022-08-31,2022-09-02,Chennai,DTDC,Delivered
6373,7444,2022-06-26,2022-06-28,Chennai,BlueDart,Delivered
6374,7445,2025-03-21,2025-03-27,Pune,Delhivery,Delivered
6375,7446,2023-01-17,2023-01-23,Chandigarh,DTDC,Delivered
6376,7447,2025-04-16,2025-04-21,Chandigarh,DTDC,Delivered
6377,7448,2022-07-29,2022-08-02,Lucknow,DTDC,Delivered
6378,7449,2024-05-01,2024-05-08,Chennai,DTDC,Delivered
6379,7450,2025-06-15,2025-06-19,Lucknow,BlueDart,Delivered
6380,7451,2023-01-11,2023-01-12,Bengaluru,DTDC,Delivered
6381,7452,2022-11-12,2022-11-18,Chandigarh,BlueDart,Delivered
6382,7453,2024-03-27,2024-04-02,Chandigarh,Ekart,Delivered
6383,7454,2023-02-18,2023-02-25,Chennai,BlueDart,Delivered
6384,7455,2025-03-14,2025-03-21,Chennai,Ekart,Delivered
6385,7456,2022-09-28,2022-10-03,Kolkata,BlueDart,In Transit
6386,7457,2025-12-20,2025-12-26,Surat,IndiaPost,Delivered
6387,7458,2025-07-29,2025-07-31,Bengaluru,Delhivery,Delivered
6388,7459,2025-05-28,2025-06-03,Jaipur,DTDC,Delivered
6389,7462,2022-09-07,2022-09-11,Chandigarh,DTDC,Delivered
6390,7463,2024-10-11,2024-10-16,Chandigarh,Delhivery,Delivered
6391,7464,2024-09-01,2024-09-04,Chennai,Ekart,Delayed
6392,7465,2023-04-05,2023-04-08,Kochi,DTDC,Delivered
6393,7466,2022-05-08,2022-05-12,Ahmedabad,Ekart,Delivered
6394,7467,2024-10-24,2024-10-28,Kolkata,Ekart,Delivered
6395,7468,2023-12-11,2023-12-15,Chandigarh,IndiaPost,Delivered
6396,7469,2025-05-17,2025-05-22,Lucknow,BlueDart,In Transit
6397,7471,2024-11-03,2024-11-08,Surat,BlueDart,Delivered
6398,7473,2022-05-28,2022-05-29,Nagpur,Delhivery,Delivered
6399,7474,2024-09-18,2024-09-21,Kochi,BlueDart,Delivered
6400,7475,2023-02-18,2023-02-23,Kochi,IndiaPost,Delivered
6401,7476,2024-09-08,2024-09-13,Chandigarh,IndiaPost,Delivered
6402,7477,2025-01-22,2025-01-28,Delhi,Ekart,Delivered
6403,7478,2024-06-28,2024-07-03,Jaipur,Delhivery,Delivered
6404,7479,2024-06-23,2024-06-24,Kolkata,Delhivery,Delivered
6405,7480,2023-03-08,2023-03-13,Bengaluru,Ekart,Delivered
6406,7481,2023-08-25,2023-08-27,Pune,Ekart,Delivered
6407,7482,2023-09-09,2023-09-14,Kochi,DTDC,Delivered
6408,7483,2022-03-08,2022-03-14,Ahmedabad,Ekart,Delivered
6409,7484,2022-08-18,2022-08-22,Ahmedabad,BlueDart,Delivered
6410,7485,2025-07-20,2025-07-22,Lucknow,Delhivery,Delivered
6411,7486,2022-03-01,2022-03-08,Chennai,IndiaPost,Delivered
6412,7490,2025-11-27,2025-11-30,Delhi,IndiaPost,Delivered
6413,7491,2025-06-12,2025-06-19,Ahmedabad,BlueDart,Delivered
6414,7492,2024-10-15,2024-10-20,Lucknow,IndiaPost,Delivered
6415,7493,2022-11-11,2022-11-13,Chennai,IndiaPost,Delivered
6416,7496,2025-08-18,2025-08-24,Kochi,DTDC,Delivered
6417,7497,2024-12-26,2024-12-27,Delhi,Delhivery,Delivered
6418,7498,2023-06-11,2023-06-13,Delhi,Ekart,Delivered
6419,7499,2022-09-21,2022-09-28,Chandigarh,IndiaPost,Delivered
6420,7500,2022-01-27,2022-01-29,Chennai,DTDC,Delivered
6421,7501,2025-02-10,2025-02-17,Kolkata,DTDC,Delivered
6422,7502,2023-09-18,2023-09-25,Chandigarh,Ekart,Delivered
6423,7504,2025-12-10,2025-12-17,Lucknow,DTDC,Delivered
6424,7505,2024-03-31,2024-04-02,Delhi,Delhivery,Delayed
6425,7507,2024-11-25,2024-11-26,Kolkata,BlueDart,Delivered
6426,7508,2023-03-17,2023-03-23,Mumbai,Ekart,Delivered
6427,7510,2022-06-20,2022-06-24,Mumbai,DTDC,Delivered
6428,7511,2025-11-07,2025-11-13,Kolkata,BlueDart,Delivered
6429,7512,2025-12-18,2025-12-20,Nagpur,Delhivery,Delivered
6430,7513,2022-04-03,2022-04-06,Nagpur,Delhivery,Delivered
6431,7514,2023-01-06,2023-01-10,Nagpur,DTDC,Delivered
6432,7515,2024-02-06,2024-02-08,Nagpur,Ekart,Delivered
6433,7516,2025-10-30,2025-11-03,Ahmedabad,Ekart,Delivered
6434,7517,2023-08-11,2023-08-13,Kolkata,DTDC,Delivered
6435,7518,2025-05-04,2025-05-09,Bengaluru,IndiaPost,Delivered
6436,7520,2025-08-21,2025-08-26,Jaipur,DTDC,Delivered
6437,7521,2023-10-27,2023-11-01,Ahmedabad,IndiaPost,Delivered
6438,7522,2024-06-20,2024-06-26,Indore,Ekart,Delivered
6439,7523,2024-12-07,2024-12-13,Pune,DTDC,Delivered
6440,7524,2025-06-17,2025-06-23,Lucknow,BlueDart,Delivered
6441,7525,2024-04-29,2024-05-05,Chennai,Delhivery,Delivered
6442,7526,2024-10-25,2024-10-31,Bengaluru,DTDC,Delivered
6443,7527,2025-12-01,2025-12-06,Indore,Delhivery,In Transit
6444,7528,2024-10-31,2024-11-06,Pune,Ekart,Delivered
6445,7529,2023-01-02,2023-01-03,Pune,Delhivery,Delivered
6446,7530,2022-01-13,2022-01-17,Chandigarh,IndiaPost,Delivered
6447,7531,2025-03-07,2025-03-13,Jaipur,DTDC,Delivered
6448,7532,2023-02-28,2023-03-06,Pune,BlueDart,Delivered
6449,7533,2025-03-04,2025-03-05,Chandigarh,IndiaPost,Delivered
6450,7534,2022-12-14,2022-12-18,Indore,IndiaPost,Delivered
6451,7535,2023-06-30,2023-07-02,Ahmedabad,Ekart,Delivered
6452,7536,2024-05-18,2024-05-24,Surat,DTDC,Delivered
6453,7537,2024-03-02,2024-03-06,Kolkata,BlueDart,Delivered
6454,7538,2022-01-25,2022-01-31,Surat,DTDC,Delivered
6455,7540,2022-03-28,2022-04-03,Bengaluru,Delhivery,Delivered
6456,7541,2025-09-22,2025-09-26,Mumbai,BlueDart,Delivered
6457,7542,2024-07-07,2024-07-14,Hyderabad,Ekart,Delivered
6458,7543,2022-09-01,2022-09-05,Nagpur,Delhivery,In Transit
6459,7544,2022-08-17,2022-08-21,Delhi,Ekart,Delivered
6460,7545,2025-07-18,2025-07-20,Hyderabad,BlueDart,Delivered
6461,7546,2024-02-08,2024-02-15,Chennai,DTDC,Delivered
6462,7547,2023-11-02,2023-11-03,Delhi,DTDC,Delivered
6463,7548,2025-04-09,2025-04-13,Indore,IndiaPost,Delivered
6464,7549,2023-09-11,2023-09-18,Surat,Delhivery,Delivered
6465,7550,2022-01-14,2022-01-15,Surat,IndiaPost,Delivered
6466,7552,2022-06-08,2022-06-13,Jaipur,BlueDart,Delivered
6467,7553,2024-03-15,2024-03-22,Jaipur,DTDC,Delivered
6468,7554,2022-03-01,2022-03-02,Delhi,IndiaPost,Delivered
6469,7555,2025-11-30,2025-12-04,Mumbai,Delhivery,Delayed
6470,7556,2023-12-09,2023-12-16,Nagpur,DTDC,Delivered
6471,7557,2024-01-01,2024-01-03,Kolkata,BlueDart,Delivered
6472,7559,2023-05-18,2023-05-23,Chandigarh,DTDC,Delivered
6473,7560,2025-09-09,2025-09-14,Hyderabad,IndiaPost,Delivered
6474,7561,2022-09-21,2022-09-23,Surat,Ekart,Delivered
6475,7562,2024-02-16,2024-02-22,Mumbai,DTDC,In Transit
6476,7563,2025-06-15,2025-06-17,Jaipur,Delhivery,In Transit
6477,7564,2022-10-19,2022-10-23,Delhi,DTDC,Delivered
6478,7565,2023-12-28,2024-01-02,Indore,IndiaPost,Delivered
6479,7566,2022-01-30,2022-02-05,Mumbai,Ekart,Delayed
6480,7567,2025-09-20,2025-09-24,Bengaluru,Ekart,Delivered
6481,7568,2022-10-17,2022-10-18,Chennai,Ekart,Delivered
6482,7570,2024-08-09,2024-08-10,Delhi,DTDC,Delivered
6483,7571,2023-07-26,2023-07-30,Surat,DTDC,Delivered
6484,7572,2024-06-17,2024-06-23,Hyderabad,BlueDart,Delivered
6485,7573,2024-06-29,2024-07-03,Bengaluru,BlueDart,Delivered
6486,7574,2022-06-12,2022-06-14,Indore,Ekart,Delayed
6487,7575,2025-01-24,2025-01-31,Hyderabad,DTDC,Delivered
6488,7577,2024-04-07,2024-04-14,Chennai,Delhivery,Delivered
6489,7579,2022-05-10,2022-05-16,Lucknow,IndiaPost,Delivered
6490,7580,2022-08-30,2022-09-02,Nagpur,Delhivery,Delivered
6491,7581,2022-08-01,2022-08-04,Hyderabad,IndiaPost,Delivered
6492,7582,2022-08-24,2022-08-28,Ahmedabad,Ekart,Delivered
6493,7583,2025-12-17,2025-12-19,Chandigarh,DTDC,Delivered
6494,7584,2025-11-08,2025-11-15,Chennai,IndiaPost,Delivered
6495,7585,2022-07-15,2022-07-19,Kolkata,BlueDart,Delivered
6496,7587,2024-05-24,2024-05-26,Ahmedabad,IndiaPost,Delivered
6497,7588,2023-06-18,2023-06-19,Bengaluru,IndiaPost,In Transit
6498,7589,2023-10-09,2023-10-16,Delhi,BlueDart,Delivered
6499,7590,2023-02-27,2023-03-05,Ahmedabad,BlueDart,Delivered
6500,7591,2024-07-02,2024-07-04,Surat,Delhivery,Delivered
6501,7593,2024-12-10,2024-12-13,Chandigarh,BlueDart,Delivered
6502,7594,2023-08-15,2023-08-21,Pune,BlueDart,Delivered
6503,7595,2024-05-22,2024-05-25,Delhi,BlueDart,Delivered
6504,7596,2024-02-26,2024-02-28,Kolkata,DTDC,Delivered
6505,7598,2022-06-17,2022-06-19,Chennai,Ekart,Delivered
6506,7599,2025-08-07,2025-08-14,Kolkata,Ekart,In Transit
6507,7601,2024-07-10,2024-07-16,Delhi,DTDC,Delivered
6508,7602,2023-01-01,2023-01-04,Bengaluru,Delhivery,Delivered
6509,7606,2024-02-20,2024-02-22,Kochi,DTDC,Delivered
6510,7607,2022-05-16,2022-05-23,Surat,BlueDart,Delivered
6511,7608,2025-04-04,2025-04-10,Lucknow,Ekart,Delivered
6512,7610,2025-12-03,2025-12-08,Chandigarh,Ekart,Delivered
6513,7611,2024-05-25,2024-05-31,Kochi,DTDC,Delayed
6514,7612,2023-12-10,2023-12-17,Bengaluru,Delhivery,Delivered
6515,7613,2022-03-17,2022-03-21,Indore,IndiaPost,Delayed
6516,7614,2024-07-07,2024-07-09,Lucknow,BlueDart,Delivered
6517,7615,2022-04-08,2022-04-15,Nagpur,BlueDart,Delivered
6518,7616,2024-12-12,2024-12-15,Ahmedabad,IndiaPost,Delivered
6519,7617,2024-07-03,2024-07-04,Chandigarh,BlueDart,Delivered
6520,7618,2024-10-22,2024-10-24,Jaipur,Ekart,Delivered
6521,7619,2023-11-29,2023-12-04,Pune,BlueDart,Delivered
6522,7620,2024-03-11,2024-03-16,Delhi,Delhivery,Delivered
6523,7621,2023-11-06,2023-11-12,Jaipur,Delhivery,Delivered
6524,7622,2024-08-17,2024-08-21,Chennai,IndiaPost,In Transit
6525,7623,2024-01-17,2024-01-20,Lucknow,IndiaPost,Delivered
6526,7624,2024-11-23,2024-11-29,Indore,BlueDart,Delivered
6527,7626,2022-11-14,2022-11-15,Kolkata,Delhivery,Delivered
6528,7627,2023-04-05,2023-04-10,Delhi,Ekart,Delivered
6529,7628,2022-03-07,2022-03-08,Surat,IndiaPost,In Transit
6530,7629,2023-02-28,2023-03-01,Kochi,IndiaPost,Delivered
6531,7630,2025-06-18,2025-06-23,Indore,Delhivery,Delivered
6532,7631,2024-05-06,2024-05-13,Mumbai,BlueDart,Delivered
6533,7632,2023-01-21,2023-01-28,Indore,IndiaPost,In Transit
6534,7633,2022-01-12,2022-01-15,Delhi,IndiaPost,Delivered
6535,7634,2023-09-05,2023-09-10,Kochi,BlueDart,Delivered
6536,7635,2025-10-11,2025-10-17,Chennai,Ekart,Delivered
6537,7636,2025-10-08,2025-10-13,Lucknow,Delhivery,Delivered
6538,7637,2023-12-07,2023-12-14,Bengaluru,Delhivery,In Transit
6539,7638,2022-05-29,2022-06-03,Kolkata,Delhivery,Delivered
6540,7639,2025-09-14,2025-09-15,Kochi,BlueDart,Delivered
6541,7640,2025-05-15,2025-05-17,Jaipur,Delhivery,Delivered
6542,7642,2024-04-23,2024-04-30,Chennai,DTDC,Delivered
6543,7644,2022-09-27,2022-10-01,Jaipur,Delhivery,Delivered
6544,7645,2023-05-26,2023-05-27,Nagpur,Delhivery,Delivered
6545,7646,2025-12-06,2025-12-11,Chandigarh,DTDC,Delivered
6546,7647,2022-09-25,2022-09-28,Chandigarh,Delhivery,Delayed
6547,7648,2023-12-24,2023-12-31,Lucknow,Ekart,Delivered
6548,7650,2022-12-21,2022-12-28,Kochi,Delhivery,Delivered
6549,7651,2024-12-16,2024-12-23,Chennai,BlueDart,Delivered
6550,7652,2023-05-14,2023-05-17,Indore,Ekart,Delivered
6551,7654,2023-01-05,2023-01-12,Chandigarh,DTDC,Delivered
6552,7655,2025-08-28,2025-08-31,Hyderabad,DTDC,Delivered
6553,7656,2022-11-09,2022-11-12,Pune,IndiaPost,Delivered
6554,7657,2022-12-10,2022-12-14,Indore,BlueDart,Delivered
6555,7658,2025-01-08,2025-01-13,Hyderabad,DTDC,In Transit
6556,7659,2022-03-17,2022-03-20,Indore,IndiaPost,Delivered
6557,7660,2022-09-17,2022-09-23,Nagpur,Delhivery,Delivered
6558,7661,2023-08-13,2023-08-19,Surat,Delhivery,Delivered
6559,7662,2025-01-13,2025-01-17,Kochi,BlueDart,Delayed
6560,7663,2024-10-19,2024-10-22,Jaipur,Delhivery,Delivered
6561,7665,2022-03-20,2022-03-22,Indore,Delhivery,Delivered
6562,7666,2023-04-13,2023-04-15,Bengaluru,BlueDart,Delivered
6563,7667,2023-11-06,2023-11-07,Nagpur,DTDC,Delivered
6564,7668,2023-10-07,2023-10-09,Bengaluru,Ekart,Delivered
6565,7669,2025-03-11,2025-03-17,Mumbai,IndiaPost,In Transit
6566,7670,2025-11-11,2025-11-15,Indore,BlueDart,Delivered
6567,7671,2025-10-08,2025-10-12,Indore,BlueDart,Delivered
6568,7672,2023-06-11,2023-06-12,Surat,Delhivery,Delivered
6569,7673,2025-09-03,2025-09-07,Nagpur,DTDC,Delivered
6570,7674,2022-10-06,2022-10-13,Bengaluru,Delhivery,Delivered
6571,7675,2023-01-23,2023-01-25,Kolkata,Delhivery,Delivered
6572,7677,2024-03-12,2024-03-13,Lucknow,Delhivery,Delivered
6573,7679,2025-01-25,2025-01-26,Kolkata,DTDC,Delivered
6574,7680,2024-06-16,2024-06-19,Ahmedabad,DTDC,Delivered
6575,7682,2023-03-06,2023-03-12,Kolkata,Delhivery,Delivered
6576,7683,2023-06-07,2023-06-11,Lucknow,Ekart,Delayed
6577,7684,2025-12-14,2025-12-19,Hyderabad,DTDC,In Transit
6578,7686,2022-08-10,2022-08-11,Lucknow,Delhivery,Delivered
6579,7687,2024-04-23,2024-04-24,Chennai,Delhivery,Delivered
6580,7689,2024-09-24,2024-09-25,Pune,Ekart,Delivered
6581,7690,2024-06-14,2024-06-21,Kolkata,DTDC,Delivered
6582,7691,2023-09-18,2023-09-22,Chennai,Ekart,Delivered
6583,7693,2024-01-16,2024-01-23,Jaipur,IndiaPost,Delivered
6584,7694,2024-01-07,2024-01-13,Chennai,DTDC,Delivered
6585,7696,2025-04-30,2025-05-03,Pune,Ekart,Delivered
6586,7697,2022-03-06,2022-03-08,Ahmedabad,DTDC,Delivered
6587,7700,2024-10-01,2024-10-04,Ahmedabad,DTDC,Delivered
6588,7701,2023-02-16,2023-02-20,Ahmedabad,Ekart,In Transit
6589,7702,2023-01-18,2023-01-21,Hyderabad,IndiaPost,Delivered
6590,7703,2022-04-08,2022-04-11,Nagpur,Ekart,Delivered
6591,7704,2024-08-01,2024-08-08,Pune,IndiaPost,Delivered
6592,7705,2024-11-24,2024-11-28,Bengaluru,Ekart,Delivered
6593,7706,2025-03-09,2025-03-10,Nagpur,IndiaPost,Delayed
6594,7707,2023-05-04,2023-05-08,Delhi,DTDC,Delivered
6595,7708,2024-08-02,2024-08-03,Indore,DTDC,Delivered
6596,7709,2023-06-16,2023-06-19,Jaipur,Delhivery,Delivered
6597,7710,2022-10-16,2022-10-18,Indore,IndiaPost,Delivered
6598,7712,2025-06-22,2025-06-24,Jaipur,Delhivery,Delivered
6599,7713,2025-03-21,2025-03-28,Kolkata,BlueDart,Delivered
6600,7714,2024-05-25,2024-06-01,Delhi,BlueDart,Delivered
6601,7715,2025-09-27,2025-09-28,Lucknow,IndiaPost,Delivered
6602,7716,2022-12-04,2022-12-08,Hyderabad,BlueDart,In Transit
6603,7717,2025-01-24,2025-01-30,Hyderabad,BlueDart,Delivered
6604,7718,2024-10-07,2024-10-11,Surat,Ekart,Delivered
6605,7719,2024-06-28,2024-07-04,Nagpur,IndiaPost,Delayed
6606,7720,2025-05-25,2025-05-31,Delhi,Ekart,Delivered
6607,7721,2023-08-13,2023-08-17,Chennai,Delhivery,In Transit
6608,7722,2025-01-15,2025-01-19,Chandigarh,DTDC,Delivered
6609,7723,2025-09-15,2025-09-19,Mumbai,Delhivery,Delivered
6610,7725,2025-08-08,2025-08-14,Delhi,DTDC,Delivered
6611,7726,2023-10-05,2023-10-09,Bengaluru,Ekart,Delivered
6612,7727,2025-03-03,2025-03-09,Pune,Ekart,Delivered
6613,7728,2025-04-22,2025-04-28,Surat,DTDC,Delivered
6614,7729,2023-05-31,2023-06-04,Delhi,IndiaPost,Delivered
6615,7730,2023-03-30,2023-04-06,Chandigarh,DTDC,Delivered
6616,7731,2023-05-24,2023-05-28,Jaipur,BlueDart,Delivered
6617,7732,2024-05-26,2024-05-28,Nagpur,DTDC,Delivered
6618,7733,2023-02-02,2023-02-04,Chennai,Ekart,Delivered
6619,7734,2024-04-23,2024-04-30,Pune,BlueDart,Delivered
6620,7735,2023-11-23,2023-11-24,Hyderabad,IndiaPost,Delivered
6621,7736,2023-06-28,2023-07-03,Delhi,DTDC,Delivered
6622,7737,2022-06-06,2022-06-09,Ahmedabad,BlueDart,Delivered
6623,7738,2022-01-10,2022-01-15,Pune,Delhivery,Delivered
6624,7739,2022-09-15,2022-09-16,Surat,Ekart,Delivered
6625,7740,2024-06-05,2024-06-09,Indore,BlueDart,Delivered
6626,7741,2023-06-17,2023-06-20,Pune,Ekart,Delivered
6627,7742,2024-03-27,2024-04-01,Jaipur,Delhivery,Delivered
6628,7744,2024-02-08,2024-02-12,Kolkata,BlueDart,Delivered
6629,7745,2023-08-07,2023-08-09,Bengaluru,DTDC,Delivered
6630,7747,2023-06-18,2023-06-23,Mumbai,Ekart,Delivered
6631,7748,2022-04-10,2022-04-12,Hyderabad,IndiaPost,In Transit
6632,7751,2024-05-24,2024-05-27,Delhi,DTDC,Delivered
6633,7752,2024-11-18,2024-11-24,Delhi,DTDC,Delivered
6634,7753,2023-05-19,2023-05-25,Jaipur,BlueDart,Delivered
6635,7754,2023-08-06,2023-08-12,Chandigarh,Ekart,In Transit
6636,7756,2023-10-25,2023-10-27,Chandigarh,IndiaPost,Delivered
6637,7757,2023-01-27,2023-02-01,Mumbai,Ekart,Delivered
6638,7759,2023-08-18,2023-08-23,Bengaluru,DTDC,Delivered
6639,7761,2025-06-14,2025-06-19,Jaipur,Ekart,Delivered
6640,7762,2023-11-13,2023-11-20,Surat,BlueDart,Delivered
6641,7763,2025-11-03,2025-11-09,Chennai,Delhivery,Delayed
6642,7765,2024-07-02,2024-07-09,Pune,IndiaPost,In Transit
6643,7766,2025-05-22,2025-05-27,Kolkata,IndiaPost,Delivered
6644,7767,2022-05-25,2022-05-30,Lucknow,BlueDart,Delivered
6645,7768,2025-05-30,2025-06-04,Mumbai,DTDC,Delivered
6646,7769,2023-02-03,2023-02-10,Pune,Ekart,Delivered
6647,7770,2023-09-24,2023-09-29,Kochi,IndiaPost,Delivered
6648,7771,2025-07-20,2025-07-23,Chennai,Ekart,Delivered
6649,7773,2022-11-11,2022-11-16,Mumbai,Ekart,Delivered
6650,7774,2025-08-22,2025-08-29,Hyderabad,IndiaPost,Delivered
6651,7775,2025-11-15,2025-11-22,Kochi,Delhivery,Delayed
6652,7776,2023-11-07,2023-11-08,Pune,IndiaPost,Delivered
6653,7777,2022-10-14,2022-10-21,Ahmedabad,Delhivery,Delivered
6654,7778,2023-03-29,2023-04-01,Kolkata,IndiaPost,Delivered
6655,7779,2022-09-25,2022-09-26,Kochi,BlueDart,Delivered
6656,7781,2023-05-02,2023-05-03,Jaipur,BlueDart,Delivered
6657,7782,2025-01-29,2025-02-04,Ahmedabad,Ekart,In Transit
6658,7783,2023-09-08,2023-09-13,Bengaluru,Ekart,Delivered
6659,7784,2025-06-23,2025-06-29,Kolkata,DTDC,Delivered
6660,7785,2025-12-02,2025-12-04,Jaipur,Ekart,In Transit
6661,7786,2022-01-05,2022-01-08,Pune,DTDC,Delivered
6662,7787,2024-06-01,2024-06-08,Nagpur,BlueDart,Delayed
6663,7788,2025-09-03,2025-09-05,Kochi,IndiaPost,Delivered
6664,7789,2023-11-08,2023-11-09,Ahmedabad,Ekart,Delivered
6665,7790,2023-12-10,2023-12-12,Hyderabad,BlueDart,Delivered
6666,7791,2025-01-16,2025-01-19,Pune,IndiaPost,Delivered
6667,7792,2022-04-15,2022-04-20,Bengaluru,DTDC,Delivered
6668,7794,2025-07-13,2025-07-18,Indore,DTDC,Delayed
6669,7795,2025-12-25,2025-12-31,Mumbai,DTDC,Delivered
6670,7796,2022-04-02,2022-04-04,Bengaluru,IndiaPost,Delayed
6671,7797,2023-04-08,2023-04-09,Bengaluru,DTDC,Delivered
6672,7798,2023-04-15,2023-04-20,Ahmedabad,IndiaPost,Delivered
6673,7799,2024-08-29,2024-09-05,Kochi,Delhivery,In Transit
6674,7800,2025-12-06,2025-12-11,Pune,Delhivery,Delivered
6675,7801,2023-04-09,2023-04-15,Chennai,DTDC,Delivered
6676,7802,2023-12-09,2023-12-11,Kochi,BlueDart,Delivered
6677,7803,2025-08-28,2025-08-30,Kolkata,Delhivery,Delivered
6678,7804,2025-10-07,2025-10-12,Indore,Delhivery,Delivered
6679,7805,2023-09-19,2023-09-21,Hyderabad,BlueDart,Delivered
6680,7806,2024-11-23,2024-11-27,Chennai,Ekart,Delivered
6681,7807,2022-12-19,2022-12-23,Surat,Ekart,Delivered
6682,7808,2025-06-21,2025-06-23,Kochi,BlueDart,Delayed
6683,7809,2025-10-19,2025-10-25,Hyderabad,Ekart,Delivered
6684,7810,2024-07-04,2024-07-05,Bengaluru,BlueDart,Delivered
6685,7811,2024-11-08,2024-11-09,Delhi,Delhivery,In Transit
6686,7812,2025-03-22,2025-03-25,Bengaluru,IndiaPost,Delivered
6687,7813,2023-07-23,2023-07-28,Chandigarh,Delhivery,Delivered
6688,7815,2024-09-29,2024-10-06,Hyderabad,Ekart,Delivered
6689,7816,2025-04-23,2025-04-24,Chandigarh,Ekart,Delivered
6690,7817,2024-10-10,2024-10-12,Indore,Ekart,Delivered
6691,7818,2023-11-23,2023-11-27,Delhi,Ekart,Delivered
6692,7819,2024-07-29,2024-08-01,Nagpur,IndiaPost,In Transit
6693,7820,2023-08-21,2023-08-25,Pune,DTDC,Delivered
6694,7821,2022-05-29,2022-06-03,Surat,BlueDart,Delayed
6695,7822,2024-04-27,2024-05-02,Lucknow,DTDC,Delivered
6696,7823,2024-11-29,2024-12-01,Bengaluru,IndiaPost,In Transit
6697,7824,2023-07-04,2023-07-09,Nagpur,IndiaPost,Delivered
6698,7825,2023-09-05,2023-09-10,Lucknow,DTDC,Delivered
6699,7826,2024-01-27,2024-01-29,Lucknow,IndiaPost,Delivered
6700,7827,2025-11-27,2025-12-01,Pune,BlueDart,Delivered
6701,7829,2025-05-03,2025-05-06,Bengaluru,Ekart,Delivered
6702,7830,2024-08-30,2024-09-02,Pune,Delhivery,In Transit
6703,7831,2025-04-03,2025-04-09,Bengaluru,Ekart,Delivered
6704,7832,2025-05-03,2025-05-10,Ahmedabad,Ekart,In Transit
6705,7833,2023-11-17,2023-11-23,Nagpur,BlueDart,Delivered
6706,7834,2022-09-06,2022-09-10,Kochi,Ekart,Delivered
6707,7835,2022-01-07,2022-01-13,Kochi,Ekart,In Transit
6708,7836,2025-09-10,2025-09-13,Mumbai,BlueDart,Delivered
6709,7837,2024-09-29,2024-10-01,Indore,Delhivery,Delivered
6710,7838,2024-09-08,2024-09-15,Surat,DTDC,Delivered
6711,7839,2023-03-29,2023-03-31,Pune,Ekart,Delivered
6712,7840,2024-08-12,2024-08-18,Surat,DTDC,Delivered
6713,7841,2025-11-08,2025-11-14,Kolkata,BlueDart,Delivered
6714,7842,2024-01-31,2024-02-03,Nagpur,Ekart,Delivered
6715,7843,2024-12-01,2024-12-04,Chandigarh,Ekart,Delivered
6716,7844,2025-02-17,2025-02-21,Surat,Ekart,In Transit
6717,7845,2023-09-15,2023-09-17,Surat,Delhivery,Delivered
6718,7846,2024-12-04,2024-12-05,Nagpur,BlueDart,Delivered
6719,7847,2023-02-13,2023-02-19,Jaipur,BlueDart,Delayed
6720,7849,2022-10-28,2022-10-30,Chandigarh,Delhivery,Delivered
6721,7850,2025-01-05,2025-01-11,Nagpur,DTDC,Delayed
6722,7851,2022-02-15,2022-02-18,Surat,DTDC,Delivered
6723,7852,2025-05-16,2025-05-19,Ahmedabad,Delhivery,Delivered
6724,7855,2022-11-26,2022-11-29,Lucknow,Delhivery,Delivered
6725,7856,2025-04-08,2025-04-12,Surat,IndiaPost,In Transit
6726,7857,2025-12-31,2026-01-06,Pune,IndiaPost,Delivered
6727,7858,2022-03-14,2022-03-19,Chennai,DTDC,Delivered
6728,7859,2023-04-01,2023-04-08,Indore,DTDC,Delivered
6729,7861,2025-04-16,2025-04-23,Chennai,Delhivery,Delivered
6730,7862,2023-01-05,2023-01-12,Chandigarh,DTDC,Delivered
6731,7863,2022-07-30,2022-08-01,Kolkata,DTDC,Delivered
6732,7864,2023-07-24,2023-07-28,Kolkata,BlueDart,Delivered
6733,7865,2024-05-12,2024-05-18,Delhi,Delhivery,Delivered
6734,7866,2022-11-21,2022-11-24,Indore,Delhivery,Delivered
6735,7867,2023-06-25,2023-07-01,Ahmedabad,IndiaPost,Delivered
6736,7868,2024-04-05,2024-04-09,Kolkata,IndiaPost,In Transit
6737,7869,2025-08-30,2025-09-03,Chandigarh,Delhivery,Delivered
6738,7870,2022-10-23,2022-10-26,Indore,Delhivery,Delivered
6739,7871,2022-03-14,2022-03-15,Mumbai,Delhivery,Delivered
6740,7872,2022-09-18,2022-09-24,Ahmedabad,Delhivery,Delayed
6741,7873,2025-12-27,2025-12-28,Chandigarh,BlueDart,Delivered
6742,7874,2025-09-25,2025-09-29,Mumbai,Ekart,Delivered
6743,7876,2022-02-27,2022-02-28,Jaipur,DTDC,Delivered
6744,7877,2025-12-28,2026-01-01,Nagpur,Ekart,In Transit
6745,7878,2023-09-08,2023-09-12,Ahmedabad,Delhivery,Delivered
6746,7879,2022-02-14,2022-02-15,Chennai,BlueDart,Delayed
6747,7880,2022-03-20,2022-03-25,Kolkata,Ekart,Delivered
6748,7881,2022-08-10,2022-08-15,Jaipur,Delhivery,Delivered
6749,7882,2023-08-19,2023-08-25,Jaipur,Delhivery,Delivered
6750,7883,2025-02-12,2025-02-19,Delhi,IndiaPost,Delivered
6751,7884,2024-04-01,2024-04-07,Kolkata,IndiaPost,Delivered
6752,7886,2025-08-11,2025-08-12,Delhi,Delhivery,Delivered
6753,7887,2023-12-03,2023-12-04,Lucknow,IndiaPost,Delivered
6754,7888,2025-09-26,2025-09-29,Delhi,DTDC,Delayed
6755,7889,2023-06-24,2023-06-29,Nagpur,Delhivery,Delivered
6756,7890,2022-11-22,2022-11-29,Mumbai,Ekart,Delivered
6757,7891,2023-03-27,2023-04-02,Chandigarh,IndiaPost,Delivered
6758,7892,2025-02-23,2025-02-26,Surat,IndiaPost,Delivered
6759,7893,2024-07-11,2024-07-15,Jaipur,BlueDart,Delivered
6760,7894,2022-08-26,2022-09-01,Indore,IndiaPost,Delivered
6761,7895,2024-03-18,2024-03-24,Bengaluru,Delhivery,Delivered
6762,7896,2025-01-10,2025-01-15,Hyderabad,Ekart,Delivered
6763,7897,2022-11-21,2022-11-22,Delhi,Ekart,Delivered
6764,7898,2024-02-02,2024-02-07,Chennai,Delhivery,Delayed
6765,7899,2023-08-02,2023-08-04,Lucknow,DTDC,Delivered
6766,7900,2025-08-01,2025-08-03,Surat,Delhivery,Delivered
6767,7901,2023-12-21,2023-12-23,Kochi,DTDC,Delivered
6768,7902,2024-06-22,2024-06-29,Pune,Delhivery,Delivered
6769,7903,2025-01-31,2025-02-04,Kochi,Delhivery,Delivered
6770,7904,2024-11-22,2024-11-23,Delhi,Ekart,In Transit
6771,7905,2022-09-28,2022-09-30,Chennai,DTDC,Delivered
6772,7907,2024-10-15,2024-10-21,Surat,Delhivery,Delivered
6773,7908,2023-03-28,2023-04-01,Kolkata,BlueDart,Delivered
6774,7909,2023-11-08,2023-11-13,Bengaluru,BlueDart,Delivered
6775,7910,2022-12-11,2022-12-13,Hyderabad,IndiaPost,Delivered
6776,7911,2022-12-03,2022-12-08,Kochi,IndiaPost,Delivered
6777,7914,2024-12-14,2024-12-16,Ahmedabad,DTDC,Delivered
6778,7915,2025-01-12,2025-01-17,Nagpur,IndiaPost,Delivered
6779,7916,2023-06-20,2023-06-24,Chennai,BlueDart,Delivered
6780,7917,2023-11-02,2023-11-07,Ahmedabad,Ekart,Delivered
6781,7919,2022-09-20,2022-09-27,Delhi,BlueDart,Delivered
6782,7920,2025-08-06,2025-08-12,Pune,Ekart,In Transit
6783,7922,2022-11-24,2022-11-26,Kochi,BlueDart,Delivered
6784,7923,2023-04-27,2023-04-29,Nagpur,DTDC,Delayed
6785,7924,2023-11-22,2023-11-29,Hyderabad,DTDC,Delivered
6786,7925,2022-02-26,2022-02-27,Indore,Ekart,Delivered
6787,7926,2022-03-16,2022-03-18,Lucknow,Ekart,Delayed
6788,7927,2025-09-12,2025-09-16,Lucknow,IndiaPost,Delivered
6789,7928,2024-01-29,2024-01-30,Jaipur,BlueDart,Delivered
6790,7929,2025-07-30,2025-08-02,Chennai,Ekart,Delivered
6791,7930,2023-05-09,2023-05-13,Indore,BlueDart,Delayed
6792,7931,2023-02-26,2023-03-01,Nagpur,Delhivery,Delivered
6793,7932,2024-04-01,2024-04-03,Chennai,Ekart,Delivered
6794,7933,2025-01-04,2025-01-09,Kochi,IndiaPost,Delivered
6795,7934,2023-04-06,2023-04-11,Pune,Delhivery,Delivered
6796,7935,2024-07-28,2024-07-31,Chennai,IndiaPost,Delivered
6797,7936,2023-02-01,2023-02-07,Surat,Ekart,Delayed
6798,7938,2022-04-02,2022-04-08,Mumbai,DTDC,In Transit
6799,7939,2024-09-15,2024-09-19,Indore,Ekart,Delayed
6800,7940,2023-08-24,2023-08-29,Chennai,IndiaPost,Delivered
6801,7941,2023-09-12,2023-09-14,Bengaluru,BlueDart,In Transit
6802,7942,2022-05-18,2022-05-19,Mumbai,BlueDart,Delivered
6803,7943,2023-12-31,2024-01-06,Delhi,Ekart,Delivered
6804,7944,2025-08-10,2025-08-13,Indore,Delhivery,Delivered
6805,7946,2023-06-26,2023-07-02,Delhi,DTDC,Delivered
6806,7949,2025-01-30,2025-01-31,Chennai,Ekart,Delivered
6807,7950,2023-01-08,2023-01-15,Jaipur,DTDC,Delivered
6808,7951,2025-09-24,2025-09-29,Kochi,Delhivery,Delivered
6809,7952,2025-10-27,2025-11-02,Hyderabad,BlueDart,In Transit
6810,7953,2023-04-17,2023-04-18,Nagpur,Delhivery,Delayed
6811,7955,2025-04-04,2025-04-09,Kolkata,IndiaPost,Delivered
6812,7957,2022-06-13,2022-06-14,Pune,DTDC,Delivered
6813,7958,2023-06-21,2023-06-25,Pune,DTDC,Delivered
6814,7959,2022-09-06,2022-09-07,Indore,Ekart,Delayed
6815,7960,2022-08-26,2022-08-27,Hyderabad,DTDC,Delivered
6816,7961,2024-04-27,2024-04-29,Delhi,Ekart,Delivered
6817,7962,2022-01-05,2022-01-11,Chandigarh,IndiaPost,Delivered
6818,7963,2025-08-01,2025-08-04,Kochi,Ekart,Delivered
6819,7965,2022-08-02,2022-08-05,Bengaluru,IndiaPost,Delivered
6820,7966,2024-11-05,2024-11-08,Hyderabad,IndiaPost,Delivered
6821,7967,2024-01-15,2024-01-22,Bengaluru,IndiaPost,Delivered
6822,7968,2023-09-23,2023-09-25,Hyderabad,BlueDart,Delivered
6823,7969,2025-02-25,2025-03-04,Chennai,DTDC,Delivered
6824,7970,2025-05-05,2025-05-07,Pune,Ekart,Delivered
6825,7971,2024-02-03,2024-02-08,Chennai,BlueDart,Delivered
6826,7972,2025-12-29,2026-01-02,Lucknow,Delhivery,Delivered
6827,7973,2025-06-08,2025-06-12,Jaipur,Ekart,Delayed
6828,7974,2022-08-14,2022-08-16,Pune,DTDC,Delivered
6829,7975,2025-03-26,2025-03-31,Kolkata,Ekart,Delivered
6830,7976,2022-09-03,2022-09-09,Chennai,DTDC,Delivered
6831,7977,2024-01-30,2024-02-01,Nagpur,IndiaPost,Delivered
6832,7979,2023-04-24,2023-04-27,Delhi,BlueDart,Delivered
6833,7981,2023-01-22,2023-01-24,Nagpur,Delhivery,Delivered
6834,7982,2022-11-13,2022-11-14,Chennai,Delhivery,Delivered
6835,7983,2025-07-27,2025-08-03,Bengaluru,Delhivery,In Transit
6836,7985,2025-05-10,2025-05-17,Kolkata,Delhivery,Delayed
6837,7986,2023-11-16,2023-11-17,Hyderabad,Delhivery,Delivered
6838,7987,2024-06-28,2024-07-01,Delhi,BlueDart,In Transit
6839,7988,2025-11-30,2025-12-07,Bengaluru,IndiaPost,Delivered
6840,7989,2024-05-18,2024-05-22,Jaipur,Ekart,Delivered
6841,7990,2024-04-22,2024-04-23,Lucknow,BlueDart,Delivered
6842,7991,2024-11-20,2024-11-25,Chennai,Delhivery,Delivered
6843,7992,2025-05-30,2025-06-04,Ahmedabad,Ekart,Delivered
6844,7994,2024-04-25,2024-04-28,Mumbai,Delhivery,Delivered
6845,7996,2024-10-31,2024-11-06,Surat,Delhivery,Delivered
6846,7997,2022-11-22,2022-11-27,Chennai,BlueDart,Delayed
6847,7998,2022-09-04,2022-09-09,Chennai,DTDC,Delivered
6848,7999,2025-01-14,2025-01-20,Delhi,DTDC,Delayed
6849,8000,2025-02-20,2025-02-25,Kochi,Ekart,Delivered
6850,8001,2024-05-16,2024-05-23,Mumbai,DTDC,Delivered
6851,8002,2023-09-07,2023-09-13,Kochi,Ekart,Delivered
6852,8004,2022-04-05,2022-04-11,Jaipur,IndiaPost,Delivered
6853,8006,2023-07-18,2023-07-20,Mumbai,Delhivery,Delivered
6854,8007,2025-01-22,2025-01-23,Pune,IndiaPost,Delivered
6855,8008,2023-11-26,2023-11-29,Mumbai,Ekart,Delayed
6856,8009,2024-01-04,2024-01-06,Nagpur,BlueDart,Delivered
6857,8010,2022-09-29,2022-10-05,Indore,BlueDart,Delivered
6858,8011,2024-01-11,2024-01-17,Chennai,Delhivery,Delivered
6859,8012,2023-03-20,2023-03-26,Chandigarh,BlueDart,Delivered
6860,8015,2025-03-26,2025-04-01,Lucknow,IndiaPost,Delivered
6861,8016,2025-04-17,2025-04-24,Lucknow,BlueDart,Delivered
6862,8017,2024-04-15,2024-04-17,Mumbai,BlueDart,Delivered
6863,8018,2023-09-28,2023-10-05,Surat,Ekart,Delivered
6864,8019,2024-04-07,2024-04-10,Kochi,DTDC,In Transit
6865,8020,2024-11-27,2024-12-01,Nagpur,IndiaPost,Delivered
6866,8021,2023-06-30,2023-07-05,Hyderabad,DTDC,Delivered
6867,8023,2023-07-08,2023-07-09,Jaipur,Ekart,In Transit
6868,8024,2022-01-27,2022-01-30,Ahmedabad,IndiaPost,Delivered
6869,8025,2024-12-17,2024-12-20,Bengaluru,BlueDart,Delivered
6870,8027,2025-06-07,2025-06-11,Mumbai,BlueDart,Delivered
6871,8028,2022-06-17,2022-06-18,Indore,BlueDart,Delivered
6872,8029,2022-05-24,2022-05-28,Pune,Ekart,In Transit
6873,8030,2023-07-22,2023-07-23,Delhi,Ekart,Delivered
6874,8031,2022-08-08,2022-08-15,Bengaluru,BlueDart,Delivered
6875,8032,2022-04-01,2022-04-06,Nagpur,Ekart,Delivered
6876,8033,2022-05-13,2022-05-15,Delhi,BlueDart,Delivered
6877,8034,2022-11-04,2022-11-10,Indore,BlueDart,Delivered
6878,8035,2026-01-02,2026-01-09,Nagpur,BlueDart,Delivered
6879,8037,2022-11-03,2022-11-07,Kochi,BlueDart,Delivered
6880,8038,2023-04-28,2023-04-29,Chandigarh,IndiaPost,Delayed
6881,8039,2024-08-01,2024-08-05,Surat,Delhivery,Delivered
6882,8040,2023-01-12,2023-01-13,Mumbai,Delhivery,Delivered
6883,8041,2023-12-26,2023-12-29,Surat,Ekart,Delivered
6884,8042,2025-04-27,2025-05-03,Nagpur,IndiaPost,Delivered
6885,8043,2025-09-05,2025-09-08,Delhi,IndiaPost,Delivered
6886,8045,2023-12-10,2023-12-14,Pune,DTDC,Delivered
6887,8046,2025-11-28,2025-12-04,Chennai,Ekart,Delivered
6888,8047,2022-03-24,2022-03-26,Mumbai,DTDC,Delivered
6889,8048,2025-06-20,2025-06-25,Delhi,IndiaPost,Delayed
6890,8050,2023-04-19,2023-04-23,Hyderabad,BlueDart,Delivered
6891,8051,2022-12-12,2022-12-15,Surat,Delhivery,Delivered
6892,8052,2025-05-06,2025-05-13,Bengaluru,IndiaPost,Delivered
6893,8053,2024-07-05,2024-07-06,Delhi,Ekart,Delayed
6894,8054,2025-08-24,2025-08-25,Pune,BlueDart,Delivered
6895,8055,2024-06-12,2024-06-13,Mumbai,DTDC,Delivered
6896,8057,2025-09-12,2025-09-18,Ahmedabad,Ekart,Delivered
6897,8059,2024-07-06,2024-07-08,Nagpur,IndiaPost,Delivered
6898,8060,2023-05-30,2023-06-06,Hyderabad,Delhivery,Delivered
6899,8062,2023-07-01,2023-07-08,Jaipur,Ekart,In Transit
6900,8063,2022-03-30,2022-04-04,Indore,BlueDart,Delivered
6901,8064,2024-03-01,2024-03-03,Bengaluru,Delhivery,Delivered
6902,8065,2024-11-13,2024-11-18,Pune,Delhivery,Delivered
6903,8066,2023-01-16,2023-01-17,Lucknow,BlueDart,In Transit
6904,8067,2024-01-19,2024-01-21,Pune,DTDC,Delivered
6905,8068,2024-03-31,2024-04-04,Nagpur,BlueDart,Delivered
6906,8070,2024-01-12,2024-01-18,Chennai,Ekart,In Transit
6907,8071,2022-04-21,2022-04-27,Chennai,BlueDart,Delivered
6908,8072,2023-01-09,2023-01-15,Bengaluru,IndiaPost,Delivered
6909,8073,2023-10-17,2023-10-20,Pune,Delhivery,Delayed
6910,8074,2023-03-01,2023-03-04,Pune,Delhivery,Delivered
6911,8075,2024-06-20,2024-06-26,Ahmedabad,BlueDart,Delivered
6912,8077,2025-01-02,2025-01-04,Lucknow,Delhivery,Delivered
6913,8078,2025-12-19,2025-12-20,Lucknow,Ekart,Delivered
6914,8079,2025-09-18,2025-09-25,Chennai,Ekart,Delivered
6915,8080,2022-07-10,2022-07-15,Lucknow,Ekart,Delayed
6916,8081,2024-10-29,2024-11-03,Kochi,DTDC,Delivered
6917,8082,2022-08-29,2022-09-02,Kolkata,IndiaPost,Delivered
6918,8083,2025-09-20,2025-09-25,Chandigarh,Delhivery,Delivered
6919,8084,2023-07-26,2023-07-28,Jaipur,Delhivery,Delivered
6920,8085,2024-01-11,2024-01-14,Lucknow,Delhivery,Delivered
6921,8086,2024-05-20,2024-05-21,Chandigarh,Delhivery,Delivered
6922,8088,2025-08-24,2025-08-27,Kolkata,DTDC,Delivered
6923,8089,2024-02-04,2024-02-08,Delhi,Ekart,Delayed
6924,8090,2025-08-04,2025-08-08,Chennai,Delhivery,Delivered
6925,8091,2022-09-01,2022-09-03,Surat,DTDC,Delivered
6926,8092,2022-01-19,2022-01-22,Nagpur,Delhivery,Delayed
6927,8094,2024-10-15,2024-10-18,Mumbai,IndiaPost,Delivered
6928,8095,2022-10-01,2022-10-02,Jaipur,DTDC,Delivered
6929,8096,2022-03-27,2022-04-01,Indore,IndiaPost,Delivered
6930,8097,2025-01-31,2025-02-02,Surat,DTDC,Delivered
6931,8098,2025-02-13,2025-02-19,Nagpur,Ekart,Delivered
6932,8099,2025-02-16,2025-02-17,Hyderabad,IndiaPost,Delivered
6933,8100,2023-11-04,2023-11-09,Hyderabad,Delhivery,Delivered
6934,8103,2023-08-01,2023-08-05,Hyderabad,Delhivery,Delivered
6935,8104,2023-06-20,2023-06-24,Chandigarh,DTDC,Delayed
6936,8105,2025-11-27,2025-11-28,Pune,Delhivery,Delivered
6937,8106,2024-05-25,2024-05-29,Bengaluru,IndiaPost,Delivered
6938,8107,2022-01-12,2022-01-16,Chandigarh,Ekart,Delayed
6939,8108,2025-03-31,2025-04-04,Kochi,IndiaPost,Delivered
6940,8109,2023-11-24,2023-11-27,Nagpur,Ekart,Delivered
6941,8110,2022-01-16,2022-01-22,Kolkata,DTDC,Delayed
6942,8112,2023-02-13,2023-02-16,Chennai,Delhivery,Delivered
6943,8113,2025-12-26,2025-12-30,Pune,IndiaPost,In Transit
6944,8114,2024-08-28,2024-08-29,Ahmedabad,Delhivery,Delivered
6945,8115,2023-10-22,2023-10-23,Kolkata,Delhivery,Delivered
6946,8116,2022-09-21,2022-09-24,Indore,Delhivery,Delivered
6947,8117,2022-07-20,2022-07-23,Pune,BlueDart,Delivered
6948,8118,2023-10-19,2023-10-22,Lucknow,Delhivery,Delivered
6949,8120,2022-06-03,2022-06-07,Surat,DTDC,Delivered
6950,8121,2025-03-24,2025-03-28,Lucknow,IndiaPost,Delivered
6951,8122,2023-11-20,2023-11-25,Jaipur,DTDC,Delivered
6952,8123,2022-10-01,2022-10-06,Lucknow,DTDC,Delivered
6953,8125,2022-05-23,2022-05-29,Nagpur,Ekart,In Transit
6954,8126,2025-08-17,2025-08-19,Mumbai,BlueDart,Delivered
6955,8128,2022-03-06,2022-03-10,Ahmedabad,DTDC,Delivered
6956,8129,2024-07-17,2024-07-23,Hyderabad,IndiaPost,Delivered
6957,8131,2025-01-22,2025-01-26,Indore,Delhivery,Delivered
6958,8132,2024-05-23,2024-05-28,Indore,BlueDart,Delivered
6959,8133,2022-06-12,2022-06-13,Bengaluru,BlueDart,Delivered
6960,8134,2025-06-29,2025-07-01,Delhi,BlueDart,Delivered
6961,8135,2025-08-01,2025-08-04,Lucknow,Delhivery,Delivered
6962,8136,2025-10-20,2025-10-23,Nagpur,BlueDart,Delivered
6963,8137,2023-11-17,2023-11-22,Chandigarh,Ekart,Delivered
6964,8138,2023-11-13,2023-11-15,Lucknow,Delhivery,Delivered
6965,8139,2025-11-30,2025-12-04,Pune,Delhivery,Delivered
6966,8140,2023-03-08,2023-03-12,Chandigarh,DTDC,Delivered
6967,8141,2022-12-14,2022-12-18,Kochi,Delhivery,Delivered
6968,8142,2024-02-01,2024-02-06,Hyderabad,Ekart,Delayed
6969,8143,2022-10-10,2022-10-17,Kochi,DTDC,Delivered
6970,8144,2023-11-14,2023-11-20,Chennai,Delhivery,Delivered
6971,8145,2025-03-13,2025-03-16,Lucknow,Delhivery,Delivered
6972,8147,2023-03-16,2023-03-22,Delhi,DTDC,Delivered
6973,8148,2022-08-06,2022-08-10,Indore,Delhivery,Delivered
6974,8149,2023-03-26,2023-03-28,Indore,Delhivery,Delivered
6975,8150,2025-11-21,2025-11-25,Pune,Ekart,Delivered
6976,8151,2025-12-17,2025-12-18,Chandigarh,Delhivery,Delivered
6977,8152,2023-10-18,2023-10-23,Chandigarh,Ekart,Delivered
6978,8153,2025-09-08,2025-09-11,Surat,Ekart,Delivered
6979,8155,2023-02-15,2023-02-20,Pune,Ekart,Delivered
6980,8156,2022-04-04,2022-04-05,Pune,BlueDart,Delivered
6981,8157,2025-11-10,2025-11-17,Kochi,Ekart,Delivered
6982,8158,2023-08-17,2023-08-24,Surat,Delhivery,Delivered
6983,8159,2025-03-06,2025-03-11,Pune,Ekart,Delivered
6984,8160,2025-01-22,2025-01-27,Chandigarh,DTDC,Delivered
6985,8161,2024-03-24,2024-03-26,Delhi,IndiaPost,In Transit
6986,8162,2025-11-18,2025-11-19,Jaipur,BlueDart,Delayed
6987,8163,2025-10-20,2025-10-27,Kolkata,DTDC,Delivered
6988,8164,2023-02-03,2023-02-07,Delhi,Delhivery,Delivered
6989,8165,2023-07-11,2023-07-13,Lucknow,Ekart,Delayed
6990,8167,2024-10-03,2024-10-10,Kochi,Ekart,Delivered
6991,8168,2024-07-08,2024-07-10,Pune,DTDC,Delivered
6992,8170,2022-08-20,2022-08-27,Surat,Ekart,Delivered
6993,8171,2023-05-03,2023-05-10,Chennai,Ekart,Delivered
6994,8172,2023-05-30,2023-06-02,Nagpur,IndiaPost,Delayed
6995,8174,2022-03-05,2022-03-07,Jaipur,BlueDart,Delivered
6996,8175,2025-10-11,2025-10-16,Jaipur,IndiaPost,In Transit
6997,8176,2022-08-19,2022-08-22,Surat,BlueDart,Delivered
6998,8177,2025-12-04,2025-12-08,Surat,BlueDart,Delivered
6999,8178,2022-09-07,2022-09-13,Indore,IndiaPost,Delivered
7000,8179,2025-12-02,2025-12-06,Ahmedabad,Ekart,Delivered
7001,8180,2024-11-20,2024-11-24,Chandigarh,Ekart,Delivered
7002,8181,2025-02-10,2025-02-12,Hyderabad,BlueDart,In Transit
7003,8182,2022-09-29,2022-10-03,Indore,IndiaPost,Delivered
7004,8183,2023-11-07,2023-11-11,Hyderabad,Ekart,Delivered
7005,8184,2023-02-05,2023-02-08,Indore,Delhivery,In Transit
7006,8185,2024-09-26,2024-09-28,Delhi,IndiaPost,Delayed
7007,8186,2022-02-06,2022-02-12,Surat,IndiaPost,Delivered
7008,8187,2025-01-12,2025-01-15,Kochi,DTDC,Delivered
7009,8188,2025-05-23,2025-05-29,Hyderabad,IndiaPost,Delivered
7010,8189,2025-05-31,2025-06-01,Pune,IndiaPost,Delivered
7011,8190,2022-05-15,2022-05-22,Mumbai,DTDC,Delivered
7012,8191,2025-06-19,2025-06-22,Jaipur,Delhivery,Delivered
7013,8192,2023-09-08,2023-09-15,Indore,DTDC,Delivered
7014,8193,2022-02-09,2022-02-10,Delhi,Delhivery,Delivered
7015,8195,2024-09-15,2024-09-17,Bengaluru,IndiaPost,Delivered
7016,8196,2024-10-12,2024-10-13,Jaipur,IndiaPost,Delivered
7017,8197,2023-04-06,2023-04-08,Kolkata,DTDC,Delivered
7018,8198,2023-03-08,2023-03-13,Chandigarh,BlueDart,Delivered
7019,8199,2022-04-08,2022-04-14,Chandigarh,IndiaPost,Delivered
7020,8201,2025-05-24,2025-05-31,Nagpur,Delhivery,Delivered
7021,8203,2023-10-20,2023-10-23,Delhi,Delhivery,Delivered
7022,8204,2025-02-16,2025-02-18,Bengaluru,Delhivery,Delivered
7023,8206,2022-05-06,2022-05-09,Mumbai,IndiaPost,Delivered
7024,8207,2023-09-18,2023-09-21,Pune,DTDC,Delivered
7025,8208,2022-02-17,2022-02-19,Bengaluru,IndiaPost,Delivered
7026,8211,2025-11-12,2025-11-13,Nagpur,Ekart,Delayed
7027,8212,2024-06-15,2024-06-22,Lucknow,Delhivery,Delivered
7028,8213,2024-10-13,2024-10-15,Delhi,DTDC,Delivered
7029,8214,2023-07-15,2023-07-17,Indore,DTDC,Delivered
7030,8215,2024-10-20,2024-10-23,Mumbai,DTDC,Delivered
7031,8217,2025-06-21,2025-06-25,Ahmedabad,Ekart,Delayed
7032,8218,2025-12-17,2025-12-23,Lucknow,BlueDart,Delivered
7033,8219,2025-06-05,2025-06-07,Hyderabad,BlueDart,Delivered
7034,8220,2024-01-01,2024-01-05,Lucknow,DTDC,Delivered
7035,8221,2024-08-24,2024-08-26,Mumbai,IndiaPost,Delivered
7036,8222,2023-09-02,2023-09-04,Nagpur,BlueDart,Delivered
7037,8223,2025-01-16,2025-01-22,Lucknow,Delhivery,Delivered
7038,8224,2023-12-07,2023-12-14,Ahmedabad,IndiaPost,Delivered
7039,8226,2024-05-28,2024-05-31,Kolkata,IndiaPost,Delivered
7040,8227,2025-02-24,2025-02-26,Indore,Ekart,Delivered
7041,8228,2023-05-29,2023-06-01,Jaipur,BlueDart,Delivered
7042,8229,2024-05-06,2024-05-10,Surat,Ekart,Delayed
7043,8230,2025-01-16,2025-01-21,Nagpur,IndiaPost,Delivered
7044,8232,2023-09-16,2023-09-22,Surat,BlueDart,Delivered
7045,8233,2024-06-18,2024-06-25,Chandigarh,DTDC,In Transit
7046,8234,2022-03-05,2022-03-09,Nagpur,Delhivery,Delivered
7047,8235,2023-05-31,2023-06-01,Pune,DTDC,Delivered
7048,8236,2022-08-19,2022-08-24,Chandigarh,Ekart,In Transit
7049,8237,2024-12-27,2024-12-29,Lucknow,Ekart,In Transit
7050,8238,2024-09-21,2024-09-27,Bengaluru,DTDC,In Transit
7051,8239,2025-08-29,2025-09-04,Chandigarh,BlueDart,Delivered
7052,8241,2025-04-29,2025-05-05,Mumbai,Delhivery,Delivered
7053,8242,2025-09-26,2025-09-29,Ahmedabad,DTDC,In Transit
7054,8244,2023-09-10,2023-09-11,Jaipur,IndiaPost,Delivered
7055,8245,2023-01-24,2023-01-29,Delhi,Ekart,Delayed
7056,8246,2025-06-15,2025-06-17,Chennai,DTDC,Delivered
7057,8248,2025-03-31,2025-04-04,Lucknow,Ekart,Delivered
7058,8250,2022-11-19,2022-11-22,Nagpur,Delhivery,Delivered
7059,8251,2025-05-04,2025-05-08,Indore,DTDC,In Transit
7060,8254,2022-08-03,2022-08-05,Kolkata,BlueDart,Delivered
7061,8255,2023-09-19,2023-09-20,Indore,DTDC,Delivered
7062,8256,2024-10-01,2024-10-06,Bengaluru,Ekart,Delivered
7063,8257,2023-09-03,2023-09-04,Hyderabad,IndiaPost,In Transit
7064,8258,2024-11-03,2024-11-09,Kochi,DTDC,In Transit
7065,8259,2022-11-22,2022-11-25,Lucknow,Delhivery,Delayed
7066,8260,2025-01-08,2025-01-10,Chandigarh,IndiaPost,Delivered
7067,8261,2023-07-14,2023-07-16,Chandigarh,Delhivery,Delayed
7068,8262,2025-03-04,2025-03-09,Mumbai,BlueDart,Delivered
7069,8263,2022-11-06,2022-11-12,Lucknow,Delhivery,Delivered
7070,8264,2022-10-30,2022-11-04,Hyderabad,DTDC,Delivered
7071,8265,2023-03-23,2023-03-24,Kolkata,Ekart,Delivered
7072,8266,2024-11-10,2024-11-11,Ahmedabad,Delhivery,Delivered
7073,8267,2025-10-07,2025-10-11,Kochi,DTDC,Delivered
7074,8268,2022-05-06,2022-05-08,Mumbai,BlueDart,Delivered
7075,8270,2023-04-12,2023-04-19,Jaipur,Ekart,Delivered
7076,8271,2023-06-01,2023-06-03,Indore,IndiaPost,Delivered
7077,8272,2024-08-16,2024-08-23,Kolkata,Ekart,Delayed
7078,8273,2024-06-12,2024-06-15,Indore,BlueDart,Delivered
7079,8274,2023-03-15,2023-03-21,Lucknow,BlueDart,Delivered
7080,8275,2025-09-29,2025-10-01,Pune,BlueDart,Delivered
7081,8276,2023-07-06,2023-07-13,Delhi,BlueDart,Delivered
7082,8277,2024-12-22,2024-12-23,Chennai,Ekart,Delivered
7083,8278,2023-07-03,2023-07-05,Indore,Delhivery,Delivered
7084,8279,2024-03-19,2024-03-24,Surat,DTDC,Delivered
7085,8280,2022-05-19,2022-05-20,Lucknow,DTDC,Delivered
7086,8282,2025-08-06,2025-08-09,Chandigarh,DTDC,Delivered
7087,8283,2022-12-15,2022-12-17,Chandigarh,IndiaPost,Delivered
7088,8285,2025-08-29,2025-09-05,Delhi,DTDC,Delivered
7089,8286,2022-01-21,2022-01-27,Lucknow,BlueDart,In Transit
7090,8287,2026-01-02,2026-01-08,Surat,BlueDart,Delivered
7091,8288,2025-05-11,2025-05-15,Nagpur,DTDC,Delivered
7092,8289,2025-10-06,2025-10-11,Delhi,IndiaPost,Delivered
7093,8291,2023-08-25,2023-08-30,Ahmedabad,BlueDart,Delivered
7094,8292,2023-06-24,2023-06-26,Pune,BlueDart,Delivered
7095,8293,2024-04-19,2024-04-20,Ahmedabad,DTDC,In Transit
7096,8294,2022-05-30,2022-05-31,Nagpur,Ekart,Delivered
7097,8295,2023-12-27,2024-01-03,Bengaluru,BlueDart,Delivered
7098,8296,2022-11-15,2022-11-19,Bengaluru,DTDC,Delivered
7099,8297,2024-02-22,2024-02-29,Delhi,IndiaPost,In Transit
7100,8298,2025-08-03,2025-08-07,Delhi,IndiaPost,Delivered
7101,8299,2024-02-01,2024-02-07,Pune,BlueDart,Delivered
7102,8301,2025-12-01,2025-12-08,Delhi,IndiaPost,Delivered
7103,8302,2023-12-01,2023-12-02,Bengaluru,DTDC,Delivered
7104,8303,2025-08-20,2025-08-27,Jaipur,DTDC,Delayed
7105,8304,2024-05-23,2024-05-30,Pune,BlueDart,Delivered
7106,8305,2025-03-16,2025-03-21,Bengaluru,Delhivery,Delivered
7107,8307,2022-02-14,2022-02-18,Ahmedabad,IndiaPost,Delayed
7108,8309,2023-04-14,2023-04-17,Pune,DTDC,Delivered
7109,8310,2022-01-06,2022-01-07,Kolkata,IndiaPost,Delivered
7110,8311,2025-03-28,2025-04-02,Ahmedabad,Ekart,Delivered
7111,8312,2025-09-07,2025-09-11,Chennai,Ekart,Delivered
7112,8313,2025-11-06,2025-11-10,Kolkata,BlueDart,Delivered
7113,8315,2023-12-15,2023-12-19,Hyderabad,IndiaPost,Delivered
7114,8316,2024-01-01,2024-01-05,Chandigarh,BlueDart,Delivered
7115,8317,2022-09-09,2022-09-13,Mumbai,IndiaPost,Delivered
7116,8318,2025-05-07,2025-05-14,Chandigarh,Ekart,Delivered
7117,8319,2022-04-22,2022-04-29,Lucknow,IndiaPost,Delivered
7118,8320,2023-08-21,2023-08-22,Kolkata,IndiaPost,Delivered
7119,8321,2024-07-06,2024-07-07,Kolkata,Delhivery,Delivered
7120,8322,2024-05-25,2024-05-28,Jaipur,IndiaPost,Delivered
7121,8323,2023-06-16,2023-06-18,Indore,BlueDart,Delivered
7122,8324,2022-07-04,2022-07-05,Nagpur,Delhivery,Delivered
7123,8325,2025-02-18,2025-02-22,Jaipur,Delhivery,Delivered
7124,8326,2022-05-15,2022-05-20,Chennai,Delhivery,Delivered
7125,8327,2024-11-01,2024-11-02,Jaipur,IndiaPost,Delivered
7126,8328,2025-06-24,2025-06-27,Hyderabad,IndiaPost,Delivered
7127,8330,2025-06-17,2025-06-22,Ahmedabad,BlueDart,Delayed
7128,8331,2025-08-28,2025-08-29,Chennai,Ekart,Delivered
7129,8332,2022-02-03,2022-02-06,Delhi,DTDC,In Transit
7130,8334,2025-12-15,2025-12-20,Nagpur,DTDC,Delivered
7131,8335,2023-12-08,2023-12-15,Pune,DTDC,Delivered
7132,8336,2022-11-26,2022-12-01,Chandigarh,Ekart,Delivered
7133,8337,2023-03-31,2023-04-04,Delhi,DTDC,Delivered
7134,8338,2022-12-29,2023-01-02,Delhi,Ekart,Delivered
7135,8342,2024-08-17,2024-08-21,Indore,DTDC,Delivered
7136,8343,2025-08-28,2025-09-03,Kochi,IndiaPost,Delivered
7137,8344,2024-08-07,2024-08-09,Hyderabad,IndiaPost,Delivered
7138,8345,2024-08-18,2024-08-22,Delhi,Delhivery,Delivered
7139,8346,2025-07-23,2025-07-25,Kochi,IndiaPost,Delivered
7140,8348,2024-03-21,2024-03-28,Nagpur,BlueDart,Delivered
7141,8350,2022-01-19,2022-01-25,Mumbai,IndiaPost,Delivered
7142,8351,2025-10-24,2025-10-25,Kolkata,Ekart,Delivered
7143,8352,2025-02-24,2025-03-03,Pune,BlueDart,Delivered
7144,8353,2022-03-17,2022-03-19,Kochi,DTDC,Delivered
7145,8354,2025-04-22,2025-04-27,Bengaluru,IndiaPost,Delivered
7146,8355,2025-08-30,2025-09-02,Ahmedabad,DTDC,Delivered
7147,8356,2022-12-11,2022-12-18,Indore,DTDC,Delivered
7148,8357,2025-01-11,2025-01-16,Mumbai,DTDC,Delayed
7149,8358,2023-06-10,2023-06-17,Indore,Delhivery,Delivered
7150,8359,2022-01-25,2022-01-28,Hyderabad,BlueDart,Delayed
7151,8360,2024-05-02,2024-05-06,Chennai,DTDC,Delivered
7152,8361,2022-04-30,2022-05-01,Chandigarh,Ekart,Delivered
7153,8362,2024-02-11,2024-02-16,Chennai,Delhivery,Delivered
7154,8363,2024-02-17,2024-02-20,Chandigarh,BlueDart,Delivered
7155,8364,2023-05-01,2023-05-08,Jaipur,DTDC,Delayed
7156,8365,2024-05-15,2024-05-21,Kolkata,Delhivery,Delivered
7157,8366,2025-10-31,2025-11-07,Kochi,DTDC,Delivered
7158,8368,2025-05-27,2025-05-29,Jaipur,Delhivery,Delivered
7159,8369,2023-05-14,2023-05-18,Kochi,DTDC,Delivered
7160,8371,2023-02-26,2023-02-27,Nagpur,BlueDart,Delivered
7161,8372,2025-03-14,2025-03-21,Chandigarh,BlueDart,Delivered
7162,8373,2022-03-09,2022-03-10,Kolkata,IndiaPost,Delivered
7163,8374,2024-08-07,2024-08-10,Chandigarh,Ekart,Delivered
7164,8375,2022-07-14,2022-07-15,Hyderabad,BlueDart,Delivered
7165,8376,2025-09-08,2025-09-09,Kolkata,DTDC,Delivered
7166,8378,2024-10-19,2024-10-22,Mumbai,IndiaPost,Delivered
7167,8380,2025-12-18,2025-12-21,Bengaluru,Delhivery,Delivered
7168,8384,2023-02-22,2023-02-24,Delhi,BlueDart,Delivered
7169,8385,2024-05-13,2024-05-20,Indore,IndiaPost,Delivered
7170,8386,2025-12-11,2025-12-18,Chandigarh,Ekart,Delivered
7171,8387,2023-02-18,2023-02-20,Nagpur,Delhivery,In Transit
7172,8388,2025-05-16,2025-05-18,Indore,DTDC,Delivered
7173,8389,2025-09-23,2025-09-28,Bengaluru,DTDC,Delivered
7174,8390,2022-11-16,2022-11-17,Kolkata,BlueDart,Delivered
7175,8391,2024-07-12,2024-07-19,Pune,Ekart,Delayed
7176,8394,2022-08-31,2022-09-04,Nagpur,IndiaPost,Delivered
7177,8395,2023-01-03,2023-01-10,Jaipur,Ekart,Delivered
7178,8397,2023-03-23,2023-03-29,Bengaluru,IndiaPost,Delivered
7179,8398,2024-07-05,2024-07-08,Nagpur,DTDC,In Transit
7180,8399,2022-06-18,2022-06-24,Hyderabad,IndiaPost,Delivered
7181,8400,2022-08-19,2022-08-20,Hyderabad,Delhivery,Delivered
7182,8401,2023-03-31,2023-04-06,Lucknow,BlueDart,Delivered
7183,8403,2022-08-23,2022-08-25,Indore,BlueDart,In Transit
7184,8404,2023-01-30,2023-02-06,Chandigarh,Ekart,Delivered
7185,8405,2024-12-15,2024-12-21,Jaipur,Ekart,Delivered
7186,8406,2024-08-04,2024-08-10,Nagpur,BlueDart,Delayed
7187,8407,2024-04-17,2024-04-20,Kolkata,DTDC,Delivered
7188,8408,2025-11-22,2025-11-27,Pune,IndiaPost,Delivered
7189,8409,2025-03-24,2025-03-31,Pune,IndiaPost,Delivered
7190,8410,2023-11-05,2023-11-11,Jaipur,BlueDart,Delivered
7191,8412,2022-05-24,2022-05-31,Delhi,IndiaPost,Delivered
7192,8413,2022-01-24,2022-01-31,Bengaluru,Ekart,Delivered
7193,8414,2023-04-15,2023-04-16,Mumbai,DTDC,Delivered
7194,8415,2024-09-14,2024-09-20,Lucknow,IndiaPost,Delivered
7195,8416,2022-04-02,2022-04-04,Delhi,Ekart,Delivered
7196,8417,2024-12-29,2025-01-04,Delhi,Delhivery,Delivered
7197,8418,2022-04-12,2022-04-19,Delhi,DTDC,Delivered
7198,8419,2024-01-28,2024-02-04,Nagpur,IndiaPost,Delivered
7199,8420,2023-08-02,2023-08-03,Kolkata,BlueDart,Delivered
7200,8422,2022-03-25,2022-03-26,Hyderabad,Delhivery,In Transit
7201,8423,2022-02-16,2022-02-20,Delhi,IndiaPost,Delivered
7202,8424,2025-11-29,2025-12-04,Delhi,DTDC,Delivered
7203,8426,2025-01-22,2025-01-25,Kolkata,Delhivery,Delivered
7204,8427,2023-11-15,2023-11-18,Kolkata,DTDC,Delivered
7205,8428,2022-12-28,2022-12-30,Delhi,Ekart,Delivered
7206,8429,2023-08-28,2023-08-30,Kochi,IndiaPost,Delivered
7207,8430,2025-03-05,2025-03-09,Hyderabad,DTDC,Delayed
7208,8431,2022-05-04,2022-05-07,Delhi,BlueDart,Delayed
7209,8432,2024-03-23,2024-03-29,Surat,Ekart,Delivered
7210,8434,2024-06-06,2024-06-11,Chennai,Delhivery,Delivered
7211,8435,2023-01-11,2023-01-15,Chennai,BlueDart,Delivered
7212,8436,2022-08-22,2022-08-25,Mumbai,DTDC,Delivered
7213,8437,2024-10-14,2024-10-16,Jaipur,Ekart,Delivered
7214,8438,2022-09-10,2022-09-16,Mumbai,BlueDart,Delivered
7215,8440,2025-10-28,2025-10-31,Kolkata,IndiaPost,Delivered
7216,8442,2022-01-07,2022-01-08,Indore,BlueDart,Delivered
7217,8443,2022-06-29,2022-07-01,Mumbai,IndiaPost,Delivered
7218,8446,2023-11-10,2023-11-13,Chennai,Ekart,In Transit
7219,8447,2023-08-29,2023-09-02,Kochi,IndiaPost,Delivered
7220,8448,2024-06-06,2024-06-09,Hyderabad,Delhivery,Delivered
7221,8449,2022-02-02,2022-02-09,Surat,Ekart,Delivered
7222,8450,2024-02-22,2024-02-29,Surat,Delhivery,In Transit
7223,8451,2023-01-31,2023-02-06,Jaipur,Delhivery,Delivered
7224,8452,2022-06-12,2022-06-19,Indore,Ekart,Delivered
7225,8453,2022-10-18,2022-10-20,Chennai,BlueDart,Delivered
7226,8454,2025-12-26,2026-01-01,Nagpur,Ekart,Delivered
7227,8455,2023-08-08,2023-08-12,Kochi,BlueDart,Delivered
7228,8457,2023-02-23,2023-03-02,Delhi,BlueDart,Delivered
7229,8458,2022-05-07,2022-05-11,Pune,IndiaPost,In Transit
7230,8459,2024-05-21,2024-05-27,Jaipur,Delhivery,Delivered
7231,8460,2023-11-21,2023-11-23,Chennai,Delhivery,In Transit
7232,8462,2025-03-17,2025-03-24,Bengaluru,BlueDart,Delivered
7233,8463,2022-12-24,2022-12-29,Indore,Delhivery,Delivered
7234,8464,2022-01-23,2022-01-26,Pune,IndiaPost,Delivered
7235,8465,2024-12-11,2024-12-13,Indore,IndiaPost,Delivered
7236,8466,2022-05-15,2022-05-18,Chennai,DTDC,Delivered
7237,8467,2025-06-06,2025-06-08,Hyderabad,Delhivery,Delivered
7238,8468,2025-04-15,2025-04-19,Kolkata,DTDC,Delivered
7239,8469,2025-02-10,2025-02-12,Kolkata,Delhivery,Delivered
7240,8470,2022-08-22,2022-08-25,Chennai,DTDC,Delivered
7241,8471,2023-03-28,2023-03-30,Surat,BlueDart,Delivered
7242,8472,2022-08-24,2022-08-31,Mumbai,IndiaPost,Delivered
7243,8473,2024-10-18,2024-10-22,Nagpur,BlueDart,Delivered
7244,8474,2023-10-09,2023-10-16,Bengaluru,IndiaPost,Delivered
7245,8475,2025-05-17,2025-05-20,Kolkata,IndiaPost,Delivered
7246,8476,2022-07-09,2022-07-16,Lucknow,DTDC,Delivered
7247,8477,2022-06-26,2022-06-29,Pune,DTDC,Delivered
7248,8478,2025-06-07,2025-06-11,Indore,DTDC,Delivered
7249,8479,2024-07-11,2024-07-17,Surat,Delhivery,Delivered
7250,8480,2022-06-27,2022-06-28,Surat,BlueDart,Delayed
7251,8481,2022-07-03,2022-07-06,Bengaluru,IndiaPost,In Transit
7252,8482,2024-07-16,2024-07-17,Surat,BlueDart,Delivered
7253,8483,2022-11-11,2022-11-15,Bengaluru,Delhivery,Delivered
7254,8484,2024-04-29,2024-05-01,Pune,BlueDart,Delivered
7255,8485,2024-03-05,2024-03-08,Delhi,Delhivery,Delayed
7256,8486,2024-11-03,2024-11-10,Kochi,DTDC,Delivered
7257,8487,2025-02-15,2025-02-19,Ahmedabad,BlueDart,In Transit
7258,8488,2025-02-08,2025-02-11,Nagpur,BlueDart,Delivered
7259,8489,2023-08-22,2023-08-24,Kolkata,DTDC,In Transit
7260,8490,2023-09-06,2023-09-08,Bengaluru,Ekart,Delivered
7261,8491,2025-02-18,2025-02-24,Chennai,Ekart,Delayed
7262,8492,2022-01-20,2022-01-25,Bengaluru,IndiaPost,Delivered
7263,8494,2025-01-04,2025-01-10,Nagpur,IndiaPost,Delayed
7264,8495,2023-04-19,2023-04-22,Indore,Ekart,Delivered
7265,8496,2024-07-24,2024-07-29,Kochi,IndiaPost,Delivered
7266,8497,2025-11-11,2025-11-13,Mumbai,BlueDart,In Transit
7267,8498,2023-03-25,2023-03-28,Jaipur,Ekart,Delivered
7268,8499,2022-09-13,2022-09-14,Delhi,DTDC,Delivered
7269,8500,2025-11-01,2025-11-08,Lucknow,Ekart,Delivered
7270,8501,2022-02-22,2022-02-28,Chandigarh,BlueDart,Delivered
7271,8502,2025-04-03,2025-04-06,Pune,Ekart,Delivered
7272,8504,2024-06-17,2024-06-18,Hyderabad,DTDC,Delivered
7273,8506,2025-08-25,2025-08-30,Delhi,Delhivery,Delivered
7274,8507,2022-05-27,2022-05-28,Hyderabad,Ekart,Delivered
7275,8509,2024-02-06,2024-02-09,Kolkata,DTDC,Delayed
7276,8510,2023-10-23,2023-10-28,Nagpur,IndiaPost,Delivered
7277,8511,2023-08-27,2023-09-03,Nagpur,Ekart,Delivered
7278,8512,2024-10-13,2024-10-16,Hyderabad,BlueDart,Delivered
7279,8513,2023-01-21,2023-01-25,Kolkata,Ekart,Delivered
7280,8514,2023-04-16,2023-04-17,Chandigarh,BlueDart,Delivered
7281,8516,2025-03-27,2025-03-29,Kochi,BlueDart,Delivered
7282,8517,2025-04-30,2025-05-05,Hyderabad,IndiaPost,Delayed
7283,8518,2023-05-11,2023-05-18,Hyderabad,BlueDart,Delivered
7284,8519,2025-01-14,2025-01-15,Lucknow,Ekart,Delivered
7285,8520,2025-05-14,2025-05-21,Jaipur,DTDC,In Transit
7286,8521,2022-12-12,2022-12-18,Delhi,Ekart,Delivered
7287,8522,2025-06-11,2025-06-18,Mumbai,DTDC,Delivered
7288,8523,2025-10-10,2025-10-15,Kochi,IndiaPost,Delivered
7289,8525,2024-12-18,2024-12-19,Bengaluru,BlueDart,Delivered
7290,8526,2023-03-10,2023-03-13,Kolkata,IndiaPost,Delivered
7291,8527,2023-01-11,2023-01-17,Chandigarh,Ekart,Delivered
7292,8528,2025-08-22,2025-08-29,Indore,BlueDart,Delivered
7293,8529,2024-02-21,2024-02-23,Bengaluru,BlueDart,In Transit
7294,8531,2022-06-30,2022-07-07,Kolkata,BlueDart,Delivered
7295,8533,2024-06-03,2024-06-06,Chennai,BlueDart,Delivered
7296,8534,2024-08-27,2024-08-28,Surat,Ekart,In Transit
7297,8535,2024-11-13,2024-11-20,Surat,Ekart,Delivered
7298,8536,2022-07-27,2022-07-30,Hyderabad,Ekart,Delivered
7299,8537,2025-09-30,2025-10-03,Chandigarh,Delhivery,Delivered
7300,8538,2023-08-02,2023-08-04,Indore,DTDC,Delayed
7301,8539,2024-10-03,2024-10-04,Delhi,Delhivery,Delivered
7302,8540,2023-12-10,2023-12-15,Lucknow,Delhivery,In Transit
7303,8541,2023-03-20,2023-03-22,Hyderabad,Delhivery,Delivered
7304,8542,2024-07-20,2024-07-24,Chennai,IndiaPost,Delivered
7305,8543,2024-02-05,2024-02-09,Ahmedabad,Delhivery,Delivered
7306,8545,2024-12-07,2024-12-12,Ahmedabad,DTDC,Delivered
7307,8546,2025-07-19,2025-07-22,Pune,Ekart,Delivered
7308,8547,2025-01-29,2025-02-02,Kolkata,BlueDart,Delivered
7309,8548,2022-03-01,2022-03-08,Hyderabad,DTDC,Delivered
7310,8549,2023-08-03,2023-08-07,Bengaluru,BlueDart,Delivered
7311,8550,2022-01-09,2022-01-12,Lucknow,Ekart,Delivered
7312,8551,2023-06-23,2023-06-30,Mumbai,DTDC,Delayed
7313,8552,2024-08-25,2024-08-30,Pune,DTDC,Delivered
7314,8553,2022-05-14,2022-05-19,Kolkata,IndiaPost,Delivered
7315,8554,2024-06-27,2024-06-29,Indore,IndiaPost,Delivered
7316,8555,2022-11-16,2022-11-19,Lucknow,IndiaPost,Delivered
7317,8556,2023-06-19,2023-06-20,Nagpur,Delhivery,Delivered
7318,8557,2024-03-30,2024-03-31,Chandigarh,BlueDart,Delivered
7319,8558,2022-10-27,2022-11-02,Pune,Ekart,Delivered
7320,8559,2024-06-08,2024-06-15,Kolkata,IndiaPost,In Transit
7321,8560,2025-02-14,2025-02-21,Surat,Ekart,In Transit
7322,8561,2025-01-15,2025-01-22,Bengaluru,DTDC,Delivered
7323,8562,2024-01-11,2024-01-14,Lucknow,Ekart,Delayed
7324,8563,2024-04-07,2024-04-09,Bengaluru,BlueDart,Delayed
7325,8564,2025-04-25,2025-05-02,Ahmedabad,Ekart,Delivered
7326,8565,2022-07-10,2022-07-17,Chennai,Ekart,Delivered
7327,8566,2024-07-02,2024-07-08,Nagpur,Ekart,Delivered
7328,8567,2024-06-16,2024-06-23,Lucknow,BlueDart,Delivered
7329,8568,2023-07-21,2023-07-28,Mumbai,IndiaPost,Delivered
7330,8569,2024-01-24,2024-01-25,Kochi,BlueDart,Delivered
7331,8570,2025-12-24,2025-12-26,Kolkata,Delhivery,Delivered
7332,8571,2022-08-17,2022-08-19,Indore,Delhivery,Delivered
7333,8572,2023-08-29,2023-09-01,Chandigarh,DTDC,Delivered
7334,8573,2024-05-21,2024-05-24,Jaipur,Ekart,Delivered
7335,8574,2022-05-14,2022-05-20,Kolkata,Ekart,In Transit
7336,8576,2023-02-10,2023-02-17,Kochi,Delhivery,Delivered
7337,8577,2024-09-06,2024-09-10,Chennai,IndiaPost,Delivered
7338,8578,2024-05-29,2024-05-31,Kolkata,BlueDart,Delivered
7339,8579,2022-12-17,2022-12-23,Kolkata,BlueDart,Delivered
7340,8580,2024-08-29,2024-09-03,Nagpur,Ekart,Delayed
7341,8581,2024-07-17,2024-07-18,Surat,DTDC,Delivered
7342,8582,2024-08-20,2024-08-22,Chennai,Delhivery,Delivered
7343,8583,2025-01-13,2025-01-16,Jaipur,BlueDart,Delivered
7344,8586,2023-05-09,2023-05-10,Delhi,Ekart,Delivered
7345,8587,2025-03-18,2025-03-22,Mumbai,Ekart,Delayed
7346,8589,2024-02-03,2024-02-07,Nagpur,BlueDart,Delivered
7347,8590,2024-10-22,2024-10-24,Jaipur,BlueDart,Delivered
7348,8591,2023-11-15,2023-11-21,Jaipur,Delhivery,Delivered
7349,8592,2025-06-03,2025-06-07,Lucknow,Ekart,Delivered
7350,8594,2022-09-20,2022-09-27,Delhi,BlueDart,Delivered
7351,8595,2025-03-12,2025-03-14,Kochi,BlueDart,Delivered
7352,8596,2024-04-08,2024-04-12,Indore,BlueDart,Delivered
7353,8597,2025-11-21,2025-11-25,Jaipur,DTDC,Delivered
7354,8598,2024-12-30,2025-01-03,Surat,DTDC,Delivered
7355,8599,2024-02-02,2024-02-04,Kolkata,IndiaPost,Delivered
7356,8600,2024-07-27,2024-08-02,Lucknow,DTDC,Delivered
7357,8601,2025-11-27,2025-12-04,Pune,Ekart,Delivered
7358,8602,2025-06-16,2025-06-20,Delhi,Delhivery,Delivered
7359,8603,2023-09-14,2023-09-20,Kolkata,Delhivery,Delivered
7360,8605,2025-01-23,2025-01-30,Bengaluru,BlueDart,Delivered
7361,8606,2022-06-02,2022-06-04,Kochi,Delhivery,Delivered
7362,8607,2023-01-09,2023-01-16,Ahmedabad,Delhivery,In Transit
7363,8608,2023-11-14,2023-11-21,Pune,Ekart,Delivered
7364,8609,2023-08-21,2023-08-24,Chennai,Delhivery,Delivered
7365,8610,2022-02-10,2022-02-17,Indore,BlueDart,In Transit
7366,8611,2022-09-12,2022-09-13,Ahmedabad,DTDC,Delivered
7367,8612,2024-04-10,2024-04-12,Indore,Delhivery,Delayed
7368,8613,2022-03-21,2022-03-27,Chandigarh,Ekart,Delayed
7369,8614,2024-04-16,2024-04-21,Indore,DTDC,Delivered
7370,8615,2025-10-09,2025-10-12,Jaipur,BlueDart,In Transit
7371,8616,2025-05-13,2025-05-15,Surat,IndiaPost,Delivered
7372,8617,2023-11-24,2023-11-27,Kolkata,IndiaPost,In Transit
7373,8618,2022-02-13,2022-02-15,Bengaluru,BlueDart,Delivered
7374,8620,2025-07-13,2025-07-18,Mumbai,BlueDart,Delivered
7375,8621,2023-12-19,2023-12-23,Lucknow,DTDC,Delayed
7376,8622,2024-01-04,2024-01-08,Jaipur,Ekart,Delivered
7377,8623,2022-11-26,2022-12-03,Nagpur,Ekart,Delivered
7378,8624,2025-05-25,2025-05-27,Nagpur,Ekart,Delivered
7379,8625,2023-07-09,2023-07-13,Delhi,Ekart,Delivered
7380,8626,2022-09-08,2022-09-14,Delhi,DTDC,Delivered
7381,8627,2022-03-03,2022-03-06,Bengaluru,BlueDart,Delivered
7382,8628,2024-12-30,2025-01-06,Bengaluru,DTDC,Delivered
7383,8629,2022-04-10,2022-04-13,Delhi,Ekart,Delayed
7384,8631,2025-12-14,2025-12-15,Mumbai,Ekart,Delivered
7385,8632,2022-05-21,2022-05-24,Kochi,Delhivery,Delivered
7386,8633,2022-10-25,2022-10-26,Indore,BlueDart,Delivered
7387,8634,2025-08-23,2025-08-30,Hyderabad,BlueDart,Delivered
7388,8635,2022-08-16,2022-08-23,Kochi,DTDC,Delivered
7389,8636,2022-01-12,2022-01-17,Jaipur,Delhivery,Delivered
7390,8637,2024-01-30,2024-02-02,Chennai,DTDC,Delivered
7391,8638,2022-08-25,2022-08-31,Hyderabad,Delhivery,Delayed
7392,8639,2024-01-04,2024-01-11,Kochi,BlueDart,Delivered
7393,8640,2023-08-11,2023-08-17,Lucknow,BlueDart,Delivered
7394,8641,2024-10-06,2024-10-10,Chennai,Ekart,Delivered
7395,8642,2022-11-13,2022-11-17,Nagpur,Ekart,Delivered
7396,8644,2024-07-14,2024-07-18,Kochi,IndiaPost,Delivered
7397,8645,2022-03-15,2022-03-16,Nagpur,DTDC,In Transit
7398,8646,2023-09-30,2023-10-01,Chennai,Delhivery,Delivered
7399,8647,2022-04-08,2022-04-12,Bengaluru,Ekart,Delivered
7400,8649,2022-12-21,2022-12-23,Pune,BlueDart,Delivered
7401,8650,2024-01-05,2024-01-08,Bengaluru,DTDC,Delivered
7402,8652,2023-02-28,2023-03-05,Surat,Delhivery,Delivered
7403,8653,2024-12-13,2024-12-19,Bengaluru,IndiaPost,Delivered
7404,8655,2025-12-03,2025-12-10,Pune,DTDC,Delivered
7405,8656,2023-09-27,2023-09-29,Indore,IndiaPost,In Transit
7406,8657,2024-09-19,2024-09-22,Nagpur,Ekart,Delivered
7407,8658,2023-11-09,2023-11-16,Jaipur,BlueDart,Delivered
7408,8659,2022-12-11,2022-12-15,Chandigarh,IndiaPost,In Transit
7409,8660,2022-03-05,2022-03-09,Delhi,DTDC,Delivered
7410,8661,2025-07-22,2025-07-23,Lucknow,Ekart,In Transit
7411,8663,2024-06-21,2024-06-28,Ahmedabad,Ekart,Delivered
7412,8665,2023-03-13,2023-03-15,Bengaluru,DTDC,Delivered
7413,8666,2025-10-10,2025-10-11,Hyderabad,BlueDart,Delivered
7414,8667,2025-03-31,2025-04-05,Mumbai,DTDC,In Transit
7415,8668,2025-09-07,2025-09-13,Surat,Ekart,In Transit
7416,8669,2024-06-19,2024-06-20,Indore,BlueDart,Delivered
7417,8670,2022-03-18,2022-03-25,Kolkata,Delhivery,Delivered
7418,8671,2025-09-30,2025-10-02,Pune,IndiaPost,Delivered
7419,8672,2025-09-26,2025-10-01,Kolkata,Delhivery,Delivered
7420,8673,2024-06-14,2024-06-18,Surat,Delhivery,Delivered
7421,8674,2022-08-26,2022-08-28,Jaipur,DTDC,Delivered
7422,8675,2023-07-30,2023-08-03,Pune,BlueDart,Delivered
7423,8676,2022-08-12,2022-08-13,Kolkata,BlueDart,Delivered
7424,8677,2023-03-04,2023-03-07,Kolkata,BlueDart,Delivered
7425,8678,2022-04-06,2022-04-11,Kolkata,BlueDart,Delivered
7426,8679,2024-03-15,2024-03-16,Ahmedabad,Ekart,Delivered
7427,8680,2023-01-01,2023-01-02,Jaipur,IndiaPost,Delivered
7428,8681,2023-02-28,2023-03-03,Kochi,BlueDart,Delivered
7429,8682,2025-01-18,2025-01-22,Lucknow,Ekart,Delivered
7430,8683,2023-06-29,2023-07-05,Pune,DTDC,In Transit
7431,8684,2025-01-25,2025-01-30,Ahmedabad,DTDC,Delivered
7432,8685,2023-03-30,2023-04-02,Mumbai,Delhivery,Delivered
7433,8688,2025-06-14,2025-06-17,Kolkata,IndiaPost,Delayed
7434,8689,2022-10-05,2022-10-09,Chandigarh,IndiaPost,Delivered
7435,8690,2022-08-06,2022-08-08,Lucknow,DTDC,Delivered
7436,8691,2022-04-22,2022-04-23,Hyderabad,Delhivery,In Transit
7437,8692,2023-06-03,2023-06-07,Chennai,Ekart,Delayed
7438,8693,2025-04-12,2025-04-18,Nagpur,IndiaPost,Delivered
7439,8694,2024-08-10,2024-08-11,Delhi,Ekart,Delivered
7440,8695,2023-08-14,2023-08-19,Delhi,BlueDart,Delivered
7441,8697,2022-07-06,2022-07-07,Nagpur,IndiaPost,Delivered
7442,8698,2025-03-19,2025-03-21,Jaipur,Delhivery,Delivered
7443,8699,2022-09-23,2022-09-29,Bengaluru,Ekart,In Transit
7444,8700,2024-12-18,2024-12-23,Lucknow,Delhivery,Delivered
7445,8701,2025-12-16,2025-12-21,Indore,IndiaPost,Delivered
7446,8703,2024-03-02,2024-03-09,Jaipur,Ekart,Delivered
7447,8704,2023-05-06,2023-05-10,Mumbai,Ekart,Delivered
7448,8706,2024-01-25,2024-01-26,Delhi,Ekart,Delivered
7449,8708,2025-11-02,2025-11-08,Chennai,BlueDart,Delivered
7450,8709,2023-03-21,2023-03-28,Chennai,DTDC,Delayed
7451,8712,2024-07-03,2024-07-09,Kochi,IndiaPost,Delivered
7452,8713,2022-02-17,2022-02-19,Delhi,Ekart,Delivered
7453,8714,2024-04-09,2024-04-10,Ahmedabad,BlueDart,Delivered
7454,8715,2025-03-10,2025-03-15,Mumbai,Ekart,Delivered
7455,8716,2022-02-13,2022-02-14,Pune,Ekart,Delivered
7456,8717,2023-02-16,2023-02-23,Indore,IndiaPost,Delivered
7457,8718,2024-08-05,2024-08-10,Indore,Delhivery,Delivered
7458,8719,2022-02-08,2022-02-15,Nagpur,DTDC,Delivered
7459,8721,2025-12-19,2025-12-22,Jaipur,Ekart,Delivered
7460,8722,2025-12-24,2025-12-28,Kolkata,Ekart,Delivered
7461,8723,2022-06-22,2022-06-27,Kolkata,Delhivery,Delivered
7462,8724,2023-09-10,2023-09-13,Mumbai,DTDC,Delivered
7463,8725,2025-01-23,2025-01-26,Nagpur,DTDC,Delivered
7464,8726,2023-03-24,2023-03-28,Hyderabad,DTDC,Delivered
7465,8727,2022-10-28,2022-11-01,Indore,IndiaPost,Delivered
7466,8728,2023-08-17,2023-08-24,Chennai,IndiaPost,In Transit
7467,8729,2022-05-19,2022-05-22,Hyderabad,DTDC,Delivered
7468,8730,2025-06-24,2025-06-30,Nagpur,Delhivery,Delivered
7469,8732,2023-09-09,2023-09-14,Nagpur,Ekart,Delayed
7470,8733,2024-09-18,2024-09-22,Lucknow,Ekart,In Transit
7471,8734,2023-07-21,2023-07-23,Mumbai,BlueDart,In Transit
7472,8735,2022-05-17,2022-05-22,Chandigarh,DTDC,Delivered
7473,8736,2025-12-01,2025-12-05,Chennai,DTDC,Delivered
7474,8737,2025-12-23,2025-12-27,Bengaluru,DTDC,Delivered
7475,8738,2022-04-18,2022-04-21,Nagpur,IndiaPost,Delivered
7476,8740,2024-03-18,2024-03-21,Chennai,IndiaPost,Delivered
7477,8741,2024-09-05,2024-09-11,Indore,BlueDart,Delivered
7478,8742,2024-04-17,2024-04-21,Chennai,DTDC,Delayed
7479,8743,2025-11-17,2025-11-21,Chandigarh,Delhivery,Delivered
7480,8744,2024-11-13,2024-11-15,Kochi,Delhivery,Delivered
7481,8745,2022-09-03,2022-09-07,Mumbai,Ekart,Delivered
7482,8746,2022-11-14,2022-11-15,Chennai,DTDC,Delayed
7483,8748,2025-05-04,2025-05-09,Ahmedabad,BlueDart,Delivered
7484,8749,2024-04-14,2024-04-21,Ahmedabad,IndiaPost,Delivered
7485,8751,2022-07-16,2022-07-22,Chandigarh,Delhivery,Delayed
7486,8752,2023-11-28,2023-12-05,Chandigarh,Delhivery,Delivered
7487,8753,2022-02-22,2022-02-27,Kochi,BlueDart,Delivered
7488,8754,2024-04-27,2024-05-03,Lucknow,BlueDart,Delivered
7489,8756,2024-10-06,2024-10-08,Surat,Delhivery,Delivered
7490,8758,2022-09-26,2022-10-01,Ahmedabad,Ekart,Delivered
7491,8759,2024-05-30,2024-06-06,Jaipur,Ekart,Delivered
7492,8760,2024-08-25,2024-08-28,Chandigarh,BlueDart,Delivered
7493,8761,2022-05-11,2022-05-14,Surat,Delhivery,Delivered
7494,8763,2025-10-01,2025-10-02,Nagpur,IndiaPost,Delivered
7495,8764,2025-08-27,2025-08-30,Ahmedabad,Ekart,Delivered
7496,8765,2024-02-27,2024-02-28,Jaipur,BlueDart,Delayed
7497,8766,2022-04-20,2022-04-27,Chandigarh,Ekart,Delivered
7498,8767,2022-10-26,2022-10-27,Pune,DTDC,Delivered
7499,8768,2023-08-20,2023-08-23,Lucknow,Delhivery,Delivered
7500,8769,2024-10-02,2024-10-05,Bengaluru,IndiaPost,Delivered
7501,8770,2023-12-02,2023-12-04,Lucknow,Delhivery,In Transit
7502,8771,2022-04-02,2022-04-08,Ahmedabad,DTDC,Delivered
7503,8772,2022-01-27,2022-02-01,Ahmedabad,DTDC,Delivered
7504,8773,2022-03-25,2022-03-28,Nagpur,BlueDart,In Transit
7505,8774,2023-08-07,2023-08-13,Bengaluru,IndiaPost,Delivered
7506,8775,2022-03-08,2022-03-09,Kolkata,Ekart,Delivered
7507,8776,2025-02-14,2025-02-16,Ahmedabad,Ekart,Delivered
7508,8778,2022-09-04,2022-09-09,Mumbai,DTDC,Delayed
7509,8779,2025-10-17,2025-10-23,Mumbai,IndiaPost,In Transit
7510,8780,2024-12-21,2024-12-26,Surat,Ekart,Delivered
7511,8781,2023-06-27,2023-07-01,Delhi,IndiaPost,Delivered
7512,8783,2025-05-27,2025-05-29,Delhi,Ekart,Delivered
7513,8784,2022-05-07,2022-05-12,Surat,DTDC,Delivered
7514,8785,2024-02-12,2024-02-17,Mumbai,DTDC,Delivered
7515,8786,2023-02-06,2023-02-10,Nagpur,Ekart,In Transit
7516,8788,2022-04-02,2022-04-04,Hyderabad,Ekart,Delivered
7517,8790,2025-03-03,2025-03-08,Chennai,BlueDart,Delivered
7518,8791,2025-05-19,2025-05-26,Chandigarh,DTDC,In Transit
7519,8793,2025-01-09,2025-01-16,Indore,IndiaPost,Delayed
7520,8794,2024-05-26,2024-06-02,Bengaluru,DTDC,Delivered
7521,8795,2022-05-26,2022-06-01,Surat,IndiaPost,Delivered
7522,8796,2025-03-03,2025-03-10,Mumbai,IndiaPost,Delivered
7523,8797,2024-10-29,2024-10-30,Lucknow,BlueDart,Delivered
7524,8798,2024-06-15,2024-06-22,Mumbai,Ekart,Delivered
7525,8799,2022-07-14,2022-07-18,Indore,BlueDart,Delivered
7526,8800,2022-07-19,2022-07-21,Mumbai,Ekart,Delivered
7527,8801,2024-02-20,2024-02-25,Chandigarh,DTDC,Delivered
7528,8802,2024-11-16,2024-11-19,Mumbai,Ekart,Delivered
7529,8803,2025-02-07,2025-02-08,Indore,DTDC,Delivered
7530,8804,2024-07-16,2024-07-21,Nagpur,IndiaPost,Delivered
7531,8806,2024-06-03,2024-06-06,Bengaluru,IndiaPost,In Transit
7532,8809,2024-02-10,2024-02-15,Kolkata,Ekart,Delivered
7533,8810,2025-10-11,2025-10-13,Ahmedabad,IndiaPost,Delivered
7534,8812,2024-03-24,2024-03-26,Bengaluru,Ekart,Delivered
7535,8813,2025-04-10,2025-04-15,Indore,Delhivery,Delivered
7536,8814,2023-05-21,2023-05-26,Chennai,Ekart,In Transit
7537,8816,2023-08-12,2023-08-17,Chennai,IndiaPost,Delayed
7538,8817,2025-11-21,2025-11-26,Ahmedabad,IndiaPost,Delivered
7539,8818,2022-11-29,2022-11-30,Nagpur,DTDC,Delivered
7540,8819,2022-10-02,2022-10-09,Surat,Delhivery,In Transit
7541,8820,2025-01-13,2025-01-17,Ahmedabad,DTDC,Delivered
7542,8821,2023-06-28,2023-07-04,Kolkata,Ekart,Delayed
7543,8822,2022-11-03,2022-11-05,Lucknow,BlueDart,Delivered
7544,8823,2023-11-02,2023-11-09,Chennai,BlueDart,Delivered
7545,8825,2022-07-01,2022-07-07,Mumbai,IndiaPost,Delivered
7546,8826,2022-11-11,2022-11-17,Lucknow,Delhivery,Delivered
7547,8827,2023-09-16,2023-09-21,Ahmedabad,Ekart,Delayed
7548,8828,2025-02-15,2025-02-16,Jaipur,IndiaPost,In Transit
7549,8829,2023-06-03,2023-06-04,Chennai,Delhivery,In Transit
7550,8830,2023-04-01,2023-04-07,Nagpur,DTDC,Delivered
7551,8831,2022-05-03,2022-05-05,Chandigarh,Delhivery,In Transit
7552,8832,2024-02-28,2024-03-04,Hyderabad,BlueDart,Delivered
7553,8833,2023-06-03,2023-06-10,Kolkata,BlueDart,Delivered
7554,8834,2024-04-25,2024-05-01,Kolkata,BlueDart,Delivered
7555,8835,2024-05-14,2024-05-20,Chennai,BlueDart,Delivered
7556,8836,2023-12-28,2024-01-02,Nagpur,DTDC,Delivered
7557,8837,2024-02-18,2024-02-20,Chandigarh,Ekart,Delivered
7558,8838,2023-08-01,2023-08-04,Chandigarh,Ekart,In Transit
7559,8839,2023-09-27,2023-09-30,Hyderabad,DTDC,Delivered
7560,8840,2025-08-06,2025-08-11,Mumbai,DTDC,Delivered
7561,8841,2023-04-25,2023-05-01,Chennai,Delhivery,Delivered
7562,8842,2023-10-12,2023-10-17,Chennai,BlueDart,Delivered
7563,8843,2023-04-27,2023-04-30,Bengaluru,Delhivery,Delivered
7564,8844,2022-08-16,2022-08-18,Lucknow,Delhivery,Delivered
7565,8845,2023-01-30,2023-02-02,Kochi,Delhivery,Delivered
7566,8846,2024-03-15,2024-03-21,Kochi,DTDC,Delivered
7567,8847,2023-05-21,2023-05-23,Lucknow,Delhivery,Delivered
7568,8848,2022-07-30,2022-08-04,Delhi,Ekart,Delivered
7569,8849,2025-04-15,2025-04-20,Nagpur,IndiaPost,Delivered
7570,8850,2023-01-30,2023-02-01,Hyderabad,DTDC,Delivered
7571,8851,2025-09-20,2025-09-25,Bengaluru,Ekart,Delayed
7572,8852,2022-06-27,2022-07-03,Chandigarh,Ekart,Delivered
7573,8855,2022-03-26,2022-04-02,Delhi,DTDC,Delivered
7574,8856,2024-06-09,2024-06-10,Kolkata,BlueDart,Delivered
7575,8857,2023-12-05,2023-12-10,Chennai,BlueDart,Delivered
7576,8858,2024-08-01,2024-08-06,Surat,Delhivery,Delayed
7577,8859,2023-01-12,2023-01-19,Surat,BlueDart,Delivered
7578,8860,2025-01-17,2025-01-24,Jaipur,IndiaPost,Delivered
7579,8861,2022-02-18,2022-02-19,Bengaluru,IndiaPost,Delivered
7580,8863,2022-11-25,2022-11-28,Surat,BlueDart,Delivered
7581,8865,2023-01-26,2023-01-30,Kochi,Ekart,Delivered
7582,8866,2024-05-28,2024-05-30,Surat,BlueDart,Delivered
7583,8867,2024-12-07,2024-12-13,Mumbai,DTDC,Delivered
7584,8868,2024-01-09,2024-01-12,Chandigarh,IndiaPost,Delivered
7585,8869,2022-08-18,2022-08-20,Hyderabad,BlueDart,Delivered
7586,8870,2025-06-21,2025-06-25,Nagpur,Ekart,Delivered
7587,8872,2024-10-26,2024-10-31,Nagpur,BlueDart,Delivered
7588,8873,2024-07-31,2024-08-05,Surat,Ekart,Delivered
7589,8874,2022-11-07,2022-11-11,Nagpur,BlueDart,Delivered
7590,8875,2025-06-10,2025-06-11,Ahmedabad,DTDC,Delivered
7591,8876,2024-04-10,2024-04-14,Kochi,Ekart,Delivered
7592,8877,2025-10-27,2025-10-30,Mumbai,Ekart,Delivered
7593,8878,2024-09-07,2024-09-11,Hyderabad,BlueDart,Delivered
7594,8879,2023-09-03,2023-09-09,Pune,BlueDart,In Transit
7595,8880,2024-11-27,2024-12-04,Delhi,IndiaPost,Delivered
7596,8881,2025-06-09,2025-06-16,Chandigarh,IndiaPost,Delivered
7597,8882,2022-07-30,2022-08-06,Pune,DTDC,Delivered
7598,8884,2024-10-17,2024-10-21,Kolkata,Delhivery,Delivered
7599,8886,2025-11-20,2025-11-25,Lucknow,IndiaPost,Delivered
7600,8887,2024-01-09,2024-01-13,Bengaluru,Ekart,Delivered
7601,8888,2025-10-07,2025-10-12,Mumbai,Delhivery,Delivered
7602,8889,2023-12-26,2024-01-02,Pune,IndiaPost,Delayed
7603,8890,2022-02-04,2022-02-06,Surat,Delhivery,Delivered
7604,8891,2025-09-30,2025-10-07,Lucknow,IndiaPost,In Transit
7605,8893,2024-01-09,2024-01-16,Pune,BlueDart,Delivered
7606,8894,2022-03-13,2022-03-19,Nagpur,BlueDart,Delivered
7607,8895,2022-03-24,2022-03-31,Lucknow,Ekart,Delivered
7608,8897,2024-03-23,2024-03-24,Kolkata,IndiaPost,In Transit
7609,8898,2023-04-02,2023-04-09,Kolkata,DTDC,In Transit
7610,8899,2023-11-30,2023-12-01,Bengaluru,Delhivery,Delivered
7611,8900,2022-01-28,2022-01-30,Chennai,Ekart,Delivered
7612,8902,2022-12-06,2022-12-13,Hyderabad,Ekart,Delayed
7613,8903,2024-11-01,2024-11-07,Surat,Delhivery,In Transit
7614,8904,2025-10-13,2025-10-20,Kochi,DTDC,Delivered
7615,8905,2022-06-28,2022-07-04,Jaipur,BlueDart,Delivered
7616,8906,2023-04-04,2023-04-07,Delhi,DTDC,Delivered
7617,8908,2025-05-08,2025-05-13,Kochi,Ekart,Delivered
7618,8909,2025-06-25,2025-07-02,Hyderabad,Ekart,Delayed
7619,8910,2023-10-13,2023-10-17,Mumbai,DTDC,Delivered
7620,8911,2025-11-20,2025-11-23,Nagpur,Delhivery,Delivered
7621,8912,2025-12-22,2025-12-28,Mumbai,DTDC,Delivered
7622,8913,2025-03-10,2025-03-14,Pune,BlueDart,Delivered
7623,8914,2025-01-20,2025-01-22,Kochi,IndiaPost,Delayed
7624,8915,2022-12-30,2022-12-31,Nagpur,BlueDart,In Transit
7625,8916,2025-03-24,2025-03-29,Mumbai,IndiaPost,Delivered
7626,8917,2023-06-27,2023-07-03,Kochi,DTDC,Delivered
7627,8918,2024-05-05,2024-05-06,Indore,Delhivery,Delivered
7628,8919,2025-10-25,2025-10-31,Indore,DTDC,Delivered
7629,8920,2023-07-27,2023-08-03,Mumbai,DTDC,Delayed
7630,8921,2022-04-27,2022-04-30,Mumbai,Delhivery,Delivered
7631,8922,2022-05-02,2022-05-04,Chennai,IndiaPost,Delivered
7632,8925,2023-07-22,2023-07-28,Jaipur,BlueDart,In Transit
7633,8926,2022-10-04,2022-10-06,Lucknow,DTDC,Delayed
7634,8928,2024-12-05,2024-12-09,Chennai,Delhivery,Delivered
7635,8929,2023-07-23,2023-07-30,Kochi,Ekart,Delivered
7636,8930,2024-07-01,2024-07-07,Kochi,Ekart,Delivered
7637,8932,2023-02-23,2023-03-01,Kolkata,DTDC,Delivered
7638,8935,2024-08-20,2024-08-26,Surat,IndiaPost,Delivered
7639,8936,2023-12-13,2023-12-15,Jaipur,Ekart,Delivered
7640,8937,2024-03-11,2024-03-18,Pune,Ekart,Delivered
7641,8938,2023-12-20,2023-12-24,Ahmedabad,Delhivery,Delivered
7642,8939,2022-03-26,2022-04-02,Kolkata,BlueDart,Delivered
7643,8940,2022-12-29,2023-01-01,Kochi,DTDC,Delivered
7644,8941,2022-10-26,2022-10-27,Chandigarh,BlueDart,Delivered
7645,8945,2022-09-24,2022-09-27,Chandigarh,Ekart,Delivered
7646,8946,2023-04-17,2023-04-18,Jaipur,IndiaPost,Delivered
7647,8947,2022-08-16,2022-08-22,Bengaluru,Delhivery,Delivered
7648,8948,2022-04-17,2022-04-18,Bengaluru,Delhivery,Delivered
7649,8949,2022-08-16,2022-08-19,Surat,DTDC,Delivered
7650,8950,2022-09-14,2022-09-15,Pune,DTDC,Delivered
7651,8952,2022-03-06,2022-03-09,Pune,Delhivery,Delivered
7652,8953,2026-01-01,2026-01-03,Pune,BlueDart,Delivered
7653,8954,2025-05-27,2025-06-01,Indore,Delhivery,Delivered
7654,8956,2022-07-28,2022-08-01,Nagpur,DTDC,In Transit
7655,8957,2024-07-14,2024-07-19,Indore,BlueDart,Delivered
7656,8959,2023-03-12,2023-03-16,Kolkata,Delhivery,Delivered
7657,8961,2022-05-18,2022-05-19,Chennai,IndiaPost,Delivered
7658,8962,2022-03-10,2022-03-13,Kolkata,Delhivery,Delivered
7659,8963,2023-09-21,2023-09-25,Lucknow,Ekart,Delivered
7660,8965,2022-01-13,2022-01-20,Surat,BlueDart,Delivered
7661,8966,2022-01-21,2022-01-28,Indore,DTDC,Delivered
7662,8967,2025-03-04,2025-03-10,Kochi,Ekart,Delivered
7663,8969,2025-12-11,2025-12-15,Jaipur,DTDC,Delivered
7664,8970,2024-08-03,2024-08-04,Surat,Delhivery,Delivered
7665,8972,2022-07-12,2022-07-13,Ahmedabad,BlueDart,Delivered
7666,8973,2024-11-01,2024-11-05,Jaipur,DTDC,Delivered
7667,8974,2025-10-15,2025-10-19,Jaipur,IndiaPost,Delivered
7668,8975,2025-02-02,2025-02-07,Chennai,BlueDart,Delayed
7669,8976,2025-12-19,2025-12-21,Delhi,Delhivery,Delayed
7670,8978,2025-10-15,2025-10-21,Bengaluru,Ekart,Delivered
7671,8979,2025-06-23,2025-06-27,Kochi,Delhivery,Delivered
7672,8980,2024-05-25,2024-05-30,Jaipur,DTDC,Delivered
7673,8981,2023-05-17,2023-05-19,Lucknow,IndiaPost,Delivered
7674,8983,2025-10-27,2025-10-30,Kolkata,DTDC,Delivered
7675,8984,2023-10-26,2023-11-01,Nagpur,DTDC,Delivered
7676,8986,2023-03-03,2023-03-04,Indore,DTDC,Delivered
7677,8987,2023-08-10,2023-08-15,Kochi,IndiaPost,Delivered
7678,8988,2022-02-08,2022-02-14,Ahmedabad,BlueDart,Delivered
7679,8990,2023-10-25,2023-10-27,Indore,BlueDart,Delivered
7680,8991,2022-06-03,2022-06-09,Kolkata,Ekart,Delivered
7681,8992,2022-06-27,2022-06-30,Nagpur,IndiaPost,Delivered
7682,8993,2024-09-07,2024-09-14,Pune,DTDC,Delivered
7683,8994,2024-07-25,2024-07-27,Mumbai,Delhivery,Delivered
7684,8995,2024-05-05,2024-05-12,Chandigarh,IndiaPost,In Transit
7685,8996,2025-04-09,2025-04-15,Pune,DTDC,Delayed
7686,8997,2023-02-22,2023-03-01,Mumbai,Ekart,Delivered
7687,8999,2025-02-02,2025-02-06,Kolkata,Delhivery,In Transit
7688,9001,2024-10-18,2024-10-25,Delhi,Ekart,Delivered
7689,9002,2025-04-07,2025-04-09,Lucknow,BlueDart,Delivered
7690,9004,2025-06-03,2025-06-07,Surat,Ekart,Delivered
7691,9006,2022-03-05,2022-03-06,Bengaluru,Ekart,Delivered
7692,9007,2023-02-12,2023-02-16,Pune,Delhivery,Delivered
7693,9008,2025-07-10,2025-07-11,Chandigarh,BlueDart,Delivered
7694,9009,2024-01-21,2024-01-22,Chandigarh,Ekart,In Transit
7695,9010,2024-02-19,2024-02-21,Pune,Ekart,Delivered
7696,9012,2024-12-27,2024-12-29,Indore,DTDC,Delivered
7697,9013,2023-12-09,2023-12-15,Chandigarh,Delhivery,Delivered
7698,9014,2022-10-19,2022-10-24,Pune,BlueDart,Delivered
7699,9015,2025-02-19,2025-02-22,Delhi,IndiaPost,Delivered
7700,9016,2023-08-21,2023-08-23,Chandigarh,Ekart,Delivered
7701,9017,2023-03-10,2023-03-13,Indore,Delhivery,Delivered
7702,9018,2022-03-29,2022-04-01,Bengaluru,IndiaPost,In Transit
7703,9019,2025-07-24,2025-07-27,Delhi,Ekart,Delivered
7704,9020,2022-10-21,2022-10-28,Surat,DTDC,Delivered
7705,9021,2024-10-20,2024-10-24,Kochi,BlueDart,Delivered
7706,9022,2022-07-24,2022-07-28,Lucknow,Delhivery,Delivered
7707,9024,2023-04-08,2023-04-14,Chandigarh,IndiaPost,Delivered
7708,9025,2025-11-29,2025-11-30,Surat,Ekart,Delivered
7709,9026,2024-06-27,2024-06-30,Mumbai,BlueDart,Delivered
7710,9027,2025-08-30,2025-08-31,Hyderabad,Delhivery,In Transit
7711,9028,2023-10-01,2023-10-07,Chandigarh,DTDC,Delivered
7712,9029,2025-09-17,2025-09-22,Ahmedabad,Ekart,Delivered
7713,9030,2024-08-19,2024-08-22,Pune,BlueDart,Delivered
7714,9031,2023-02-19,2023-02-21,Jaipur,BlueDart,Delayed
7715,9032,2025-12-20,2025-12-22,Indore,DTDC,Delayed
7716,9033,2022-06-28,2022-07-02,Surat,Ekart,Delivered
7717,9034,2022-11-08,2022-11-11,Chandigarh,Ekart,Delivered
7718,9035,2025-12-29,2026-01-03,Chandigarh,Ekart,Delivered
7719,9036,2024-11-03,2024-11-05,Jaipur,Ekart,Delivered
7720,9037,2023-08-03,2023-08-09,Delhi,Ekart,Delivered
7721,9039,2025-12-05,2025-12-06,Jaipur,Ekart,Delayed
7722,9040,2024-02-07,2024-02-11,Lucknow,BlueDart,Delivered
7723,9041,2022-10-30,2022-11-06,Kochi,Delhivery,Delivered
7724,9042,2022-01-04,2022-01-09,Pune,IndiaPost,Delivered
7725,9043,2022-10-12,2022-10-19,Nagpur,DTDC,Delivered
7726,9044,2025-11-23,2025-11-28,Hyderabad,BlueDart,In Transit
7727,9045,2023-07-31,2023-08-01,Kolkata,Delhivery,Delivered
7728,9046,2023-11-07,2023-11-14,Surat,DTDC,In Transit
7729,9048,2024-06-18,2024-06-20,Indore,IndiaPost,In Transit
7730,9049,2022-03-25,2022-03-31,Bengaluru,BlueDart,Delivered
7731,9050,2024-10-23,2024-10-24,Surat,IndiaPost,Delivered
7732,9051,2025-05-02,2025-05-09,Ahmedabad,Delhivery,Delivered
7733,9052,2025-06-17,2025-06-19,Chandigarh,BlueDart,Delivered
7734,9053,2023-12-13,2023-12-15,Kolkata,BlueDart,In Transit
7735,9054,2024-04-18,2024-04-20,Indore,Ekart,Delivered
7736,9055,2022-04-13,2022-04-19,Kochi,Ekart,Delivered
7737,9056,2023-07-03,2023-07-06,Nagpur,BlueDart,Delivered
7738,9057,2023-02-16,2023-02-18,Surat,IndiaPost,Delivered
7739,9058,2024-08-25,2024-08-30,Surat,Ekart,In Transit
7740,9059,2022-08-07,2022-08-08,Hyderabad,Ekart,Delivered
7741,9060,2022-04-26,2022-04-30,Hyderabad,IndiaPost,Delivered
7742,9061,2022-07-16,2022-07-21,Kolkata,IndiaPost,Delayed
7743,9062,2023-10-02,2023-10-03,Hyderabad,BlueDart,Delivered
7744,9063,2025-06-03,2025-06-09,Pune,DTDC,Delivered
7745,9064,2022-04-15,2022-04-22,Chennai,Ekart,Delivered
7746,9065,2025-03-25,2025-03-30,Mumbai,IndiaPost,Delivered
7747,9066,2023-07-27,2023-08-02,Chandigarh,IndiaPost,Delivered
7748,9067,2022-12-01,2022-12-04,Lucknow,IndiaPost,Delivered
7749,9068,2025-11-06,2025-11-08,Hyderabad,IndiaPost,Delivered
7750,9070,2022-07-08,2022-07-11,Chennai,Delhivery,In Transit
7751,9071,2025-07-31,2025-08-01,Jaipur,DTDC,Delivered
7752,9072,2023-03-26,2023-04-01,Ahmedabad,Ekart,Delivered
7753,9073,2022-02-25,2022-02-26,Kochi,Delhivery,Delayed
7754,9074,2023-07-13,2023-07-14,Pune,Ekart,Delivered
7755,9075,2023-02-16,2023-02-18,Mumbai,DTDC,Delivered
7756,9076,2022-12-13,2022-12-16,Delhi,Delhivery,Delivered
7757,9077,2025-11-25,2025-11-30,Jaipur,BlueDart,Delivered
7758,9078,2024-12-08,2024-12-09,Chandigarh,DTDC,Delivered
7759,9079,2024-03-06,2024-03-07,Jaipur,DTDC,Delivered
7760,9080,2023-12-12,2023-12-13,Bengaluru,Delhivery,Delivered
7761,9081,2022-08-05,2022-08-08,Kolkata,Delhivery,Delivered
7762,9082,2025-10-09,2025-10-10,Pune,BlueDart,Delivered
7763,9083,2022-04-02,2022-04-07,Mumbai,Delhivery,Delivered
7764,9084,2022-04-10,2022-04-15,Lucknow,Delhivery,Delivered
7765,9085,2024-02-11,2024-02-16,Mumbai,Ekart,Delivered
7766,9086,2023-05-03,2023-05-09,Bengaluru,IndiaPost,Delivered
7767,9087,2022-09-16,2022-09-21,Delhi,BlueDart,Delivered
7768,9088,2023-05-07,2023-05-13,Hyderabad,Delhivery,Delayed
7769,9089,2025-01-02,2025-01-06,Chennai,DTDC,Delivered
7770,9090,2024-07-10,2024-07-13,Delhi,Delhivery,Delivered
7771,9091,2022-12-14,2022-12-16,Kolkata,DTDC,Delivered
7772,9092,2022-04-29,2022-05-04,Pune,IndiaPost,In Transit
7773,9093,2025-08-21,2025-08-22,Delhi,IndiaPost,Delivered
7774,9094,2024-07-31,2024-08-05,Bengaluru,Delhivery,Delivered
7775,9095,2024-07-01,2024-07-03,Pune,BlueDart,Delivered
7776,9096,2025-05-16,2025-05-22,Ahmedabad,BlueDart,Delivered
7777,9097,2024-06-21,2024-06-22,Kolkata,Ekart,Delivered
7778,9099,2023-10-14,2023-10-20,Pune,DTDC,Delivered
7779,9101,2025-01-28,2025-02-02,Bengaluru,Ekart,Delivered
7780,9102,2024-10-01,2024-10-06,Chennai,Delhivery,Delivered
7781,9103,2024-04-27,2024-05-02,Indore,Ekart,Delayed
7782,9104,2022-05-15,2022-05-22,Surat,DTDC,Delivered
7783,9105,2024-06-09,2024-06-10,Kochi,IndiaPost,Delayed
7784,9106,2023-01-17,2023-01-19,Surat,Ekart,Delivered
7785,9107,2022-06-13,2022-06-19,Kochi,IndiaPost,Delivered
7786,9109,2025-11-12,2025-11-19,Hyderabad,BlueDart,Delivered
7787,9110,2024-07-02,2024-07-09,Nagpur,IndiaPost,Delivered
7788,9111,2025-10-18,2025-10-19,Jaipur,IndiaPost,Delivered
7789,9113,2022-01-22,2022-01-29,Bengaluru,BlueDart,Delivered
7790,9114,2024-06-22,2024-06-24,Pune,Ekart,Delivered
7791,9115,2022-12-28,2023-01-03,Pune,DTDC,Delivered
7792,9116,2024-04-24,2024-04-28,Delhi,BlueDart,Delivered
7793,9117,2024-12-02,2024-12-09,Nagpur,BlueDart,Delivered
7794,9119,2023-03-08,2023-03-10,Lucknow,BlueDart,Delivered
7795,9121,2023-04-17,2023-04-19,Kolkata,Delhivery,Delivered
7796,9123,2024-03-05,2024-03-08,Mumbai,IndiaPost,Delivered
7797,9124,2022-11-05,2022-11-09,Jaipur,Delhivery,Delivered
7798,9125,2023-09-12,2023-09-18,Pune,DTDC,Delivered
7799,9127,2024-09-18,2024-09-22,Kochi,DTDC,Delivered
7800,9128,2023-05-08,2023-05-11,Chandigarh,IndiaPost,Delayed
7801,9129,2024-11-10,2024-11-17,Hyderabad,IndiaPost,Delivered
7802,9130,2022-05-22,2022-05-29,Pune,Delhivery,Delivered
7803,9132,2025-03-29,2025-04-01,Surat,DTDC,Delivered
7804,9133,2024-04-01,2024-04-04,Chennai,BlueDart,Delivered
7805,9134,2024-08-10,2024-08-11,Pune,BlueDart,Delivered
7806,9135,2025-10-21,2025-10-26,Chandigarh,DTDC,Delivered
7807,9136,2025-08-26,2025-08-30,Pune,Delhivery,Delivered
7808,9137,2024-10-15,2024-10-22,Ahmedabad,BlueDart,Delivered
7809,9138,2025-02-07,2025-02-14,Kolkata,DTDC,Delivered
7810,9139,2025-06-05,2025-06-09,Ahmedabad,DTDC,Delivered
7811,9140,2025-09-13,2025-09-19,Chennai,Delhivery,In Transit
7812,9141,2025-02-15,2025-02-21,Kolkata,IndiaPost,Delayed
7813,9143,2024-01-24,2024-01-25,Bengaluru,BlueDart,Delivered
7814,9144,2023-10-08,2023-10-15,Hyderabad,IndiaPost,Delivered
7815,9145,2022-07-25,2022-07-26,Ahmedabad,BlueDart,Delivered
7816,9146,2022-01-09,2022-01-10,Kochi,DTDC,Delivered
7817,9147,2022-03-15,2022-03-21,Kolkata,DTDC,Delivered
7818,9148,2022-01-14,2022-01-19,Surat,Ekart,Delivered
7819,9149,2023-12-12,2023-12-14,Nagpur,Delhivery,Delivered
7820,9151,2024-04-30,2024-05-01,Indore,BlueDart,Delivered
7821,9152,2024-04-25,2024-04-28,Kochi,BlueDart,Delayed
7822,9154,2025-09-09,2025-09-14,Lucknow,Delhivery,Delivered
7823,9155,2025-07-10,2025-07-17,Nagpur,Ekart,Delivered
7824,9156,2025-05-05,2025-05-11,Delhi,BlueDart,In Transit
7825,9159,2025-02-16,2025-02-18,Nagpur,BlueDart,Delivered
7826,9160,2022-05-07,2022-05-12,Hyderabad,DTDC,Delivered
7827,9161,2023-08-13,2023-08-14,Delhi,IndiaPost,In Transit
7828,9162,2023-09-25,2023-09-26,Lucknow,BlueDart,Delivered
7829,9163,2024-11-25,2024-11-27,Pune,DTDC,Delayed
7830,9164,2022-09-24,2022-09-27,Chandigarh,DTDC,Delivered
7831,9165,2025-12-14,2025-12-16,Delhi,DTDC,Delivered
7832,9167,2024-08-07,2024-08-10,Chandigarh,BlueDart,Delivered
7833,9170,2022-08-25,2022-09-01,Bengaluru,Ekart,Delivered
7834,9171,2022-02-15,2022-02-19,Pune,IndiaPost,Delayed
7835,9172,2023-10-08,2023-10-14,Kochi,Delhivery,Delivered
7836,9173,2025-02-24,2025-03-03,Indore,Delhivery,Delivered
7837,9174,2023-04-30,2023-05-01,Mumbai,IndiaPost,Delivered
7838,9175,2024-11-24,2024-11-27,Kolkata,IndiaPost,Delayed
7839,9176,2023-02-18,2023-02-20,Surat,Ekart,Delivered
7840,9177,2023-04-29,2023-05-04,Bengaluru,Ekart,Delivered
7841,9178,2024-02-20,2024-02-27,Chandigarh,Ekart,Delivered
7842,9179,2023-11-03,2023-11-10,Indore,IndiaPost,Delivered
7843,9180,2023-12-09,2023-12-10,Hyderabad,Ekart,Delayed
7844,9181,2024-11-19,2024-11-20,Surat,Ekart,Delivered
7845,9182,2025-03-20,2025-03-25,Indore,IndiaPost,Delivered
7846,9183,2023-07-10,2023-07-13,Jaipur,DTDC,Delivered
7847,9184,2025-07-09,2025-07-12,Ahmedabad,Delhivery,Delivered
7848,9185,2024-12-09,2024-12-16,Hyderabad,Delhivery,Delivered
7849,9186,2025-03-19,2025-03-26,Ahmedabad,Ekart,Delivered
7850,9187,2023-06-26,2023-07-02,Delhi,BlueDart,Delivered
7851,9188,2023-08-22,2023-08-24,Nagpur,DTDC,Delivered
7852,9189,2023-12-12,2023-12-17,Surat,Delhivery,Delivered
7853,9190,2023-08-16,2023-08-17,Delhi,BlueDart,Delivered
7854,9191,2024-05-16,2024-05-18,Jaipur,Ekart,Delivered
7855,9192,2022-08-07,2022-08-12,Chennai,IndiaPost,Delivered
7856,9193,2023-06-23,2023-06-29,Chandigarh,IndiaPost,Delayed
7857,9195,2024-04-09,2024-04-15,Bengaluru,DTDC,Delivered
7858,9196,2023-06-12,2023-06-18,Ahmedabad,BlueDart,Delivered
7859,9197,2025-03-10,2025-03-13,Mumbai,Ekart,Delivered
7860,9199,2023-11-11,2023-11-18,Chandigarh,Delhivery,Delivered
7861,9201,2023-10-07,2023-10-09,Chennai,Ekart,Delivered
7862,9202,2024-08-18,2024-08-21,Chandigarh,Ekart,Delivered
7863,9203,2022-10-19,2022-10-21,Lucknow,DTDC,Delivered
7864,9204,2025-08-05,2025-08-08,Mumbai,Ekart,Delivered
7865,9205,2023-03-10,2023-03-15,Chennai,BlueDart,In Transit
7866,9207,2025-12-19,2025-12-23,Kolkata,Delhivery,Delivered
7867,9208,2022-07-25,2022-07-29,Hyderabad,DTDC,Delivered
7868,9210,2022-10-12,2022-10-16,Delhi,IndiaPost,Delivered
7869,9212,2022-09-27,2022-10-02,Chennai,BlueDart,Delivered
7870,9213,2023-07-28,2023-07-29,Surat,IndiaPost,Delivered
7871,9214,2024-07-15,2024-07-21,Indore,DTDC,Delivered
7872,9215,2022-03-01,2022-03-07,Lucknow,BlueDart,Delivered
7873,9216,2022-04-06,2022-04-12,Chennai,Ekart,Delivered
7874,9217,2023-06-12,2023-06-19,Bengaluru,BlueDart,Delivered
7875,9218,2022-11-15,2022-11-17,Chandigarh,Ekart,Delivered
7876,9219,2022-04-18,2022-04-25,Delhi,DTDC,Delivered
7877,9220,2025-09-29,2025-10-05,Chennai,Delhivery,Delivered
7878,9221,2023-06-10,2023-06-14,Bengaluru,Ekart,Delivered
7879,9223,2024-09-07,2024-09-09,Mumbai,IndiaPost,Delivered
7880,9224,2022-01-19,2022-01-23,Kochi,DTDC,Delayed
7881,9225,2024-07-08,2024-07-09,Chandigarh,DTDC,Delivered
7882,9226,2024-07-21,2024-07-27,Chennai,DTDC,Delivered
7883,9227,2023-07-04,2023-07-06,Delhi,DTDC,Delayed
7884,9228,2022-01-31,2022-02-04,Jaipur,Ekart,Delivered
7885,9229,2025-05-08,2025-05-14,Delhi,DTDC,In Transit
7886,9231,2024-01-12,2024-01-18,Chennai,BlueDart,Delayed
7887,9232,2024-05-27,2024-06-01,Pune,IndiaPost,Delivered
7888,9233,2024-08-22,2024-08-28,Kolkata,BlueDart,In Transit
7889,9234,2022-09-13,2022-09-19,Indore,BlueDart,Delivered
7890,9235,2025-10-03,2025-10-09,Lucknow,BlueDart,Delivered
7891,9236,2025-06-19,2025-06-25,Hyderabad,Delhivery,Delivered
7892,9237,2023-10-21,2023-10-26,Pune,BlueDart,Delivered
7893,9239,2022-06-16,2022-06-19,Bengaluru,IndiaPost,Delivered
7894,9240,2024-09-26,2024-09-29,Mumbai,BlueDart,Delayed
7895,9242,2024-03-28,2024-04-03,Ahmedabad,DTDC,Delivered
7896,9243,2025-07-14,2025-07-18,Chandigarh,Delhivery,In Transit
7897,9244,2022-04-16,2022-04-20,Delhi,DTDC,Delivered
7898,9245,2025-11-06,2025-11-13,Indore,Ekart,Delayed
7899,9246,2022-10-09,2022-10-12,Nagpur,BlueDart,Delivered
7900,9247,2024-04-07,2024-04-11,Surat,IndiaPost,Delayed
7901,9248,2023-04-24,2023-04-26,Chennai,BlueDart,Delivered
7902,9249,2022-03-15,2022-03-19,Bengaluru,IndiaPost,Delivered
7903,9250,2025-09-02,2025-09-05,Delhi,Delhivery,Delayed
7904,9252,2024-03-06,2024-03-11,Bengaluru,Delhivery,Delivered
7905,9253,2022-03-07,2022-03-12,Lucknow,BlueDart,In Transit
7906,9254,2025-03-13,2025-03-19,Mumbai,Delhivery,Delivered
7907,9255,2025-12-07,2025-12-10,Indore,BlueDart,Delivered
7908,9256,2024-04-27,2024-05-01,Ahmedabad,DTDC,In Transit
7909,9257,2024-07-23,2024-07-27,Indore,BlueDart,Delivered
7910,9258,2024-02-21,2024-02-22,Bengaluru,IndiaPost,Delivered
7911,9259,2024-06-08,2024-06-15,Mumbai,IndiaPost,Delivered
7912,9260,2025-06-09,2025-06-16,Pune,Delhivery,Delivered
7913,9261,2022-01-06,2022-01-13,Mumbai,DTDC,Delivered
7914,9262,2024-10-19,2024-10-21,Chandigarh,IndiaPost,Delivered
7915,9263,2025-06-21,2025-06-27,Jaipur,Delhivery,Delivered
7916,9264,2025-12-11,2025-12-15,Chandigarh,BlueDart,Delivered
7917,9267,2022-03-27,2022-04-03,Hyderabad,Ekart,Delivered
7918,9268,2024-11-19,2024-11-23,Hyderabad,BlueDart,Delivered
7919,9271,2023-02-13,2023-02-18,Chennai,IndiaPost,Delivered
7920,9274,2022-02-05,2022-02-09,Kochi,Delhivery,Delivered
7921,9275,2025-01-23,2025-01-26,Chandigarh,BlueDart,Delivered
7922,9276,2023-03-10,2023-03-17,Lucknow,Ekart,Delivered
7923,9277,2025-06-04,2025-06-10,Hyderabad,Delhivery,Delayed
7924,9278,2024-05-06,2024-05-13,Kochi,Ekart,Delivered
7925,9279,2024-01-02,2024-01-08,Pune,IndiaPost,Delivered
7926,9280,2024-01-19,2024-01-25,Surat,DTDC,Delivered
7927,9281,2024-02-28,2024-03-04,Chandigarh,Delhivery,Delivered
7928,9282,2022-08-19,2022-08-26,Pune,BlueDart,Delivered
7929,9283,2023-02-26,2023-03-01,Lucknow,BlueDart,Delivered
7930,9284,2024-10-07,2024-10-13,Surat,BlueDart,In Transit
7931,9286,2024-01-07,2024-01-10,Pune,DTDC,Delivered
7932,9287,2022-06-07,2022-06-12,Jaipur,IndiaPost,Delivered
7933,9288,2024-02-01,2024-02-07,Jaipur,Ekart,Delivered
7934,9290,2023-10-15,2023-10-16,Kochi,BlueDart,Delivered
7935,9291,2023-04-14,2023-04-15,Ahmedabad,IndiaPost,In Transit
7936,9292,2022-03-31,2022-04-03,Lucknow,BlueDart,Delivered
7937,9294,2024-06-17,2024-06-23,Mumbai,IndiaPost,Delivered
7938,9295,2023-05-15,2023-05-18,Pune,Ekart,Delayed
7939,9296,2022-01-13,2022-01-17,Surat,DTDC,Delivered
7940,9297,2024-12-17,2024-12-18,Jaipur,Ekart,Delivered
7941,9299,2024-03-19,2024-03-20,Kolkata,DTDC,Delivered
7942,9300,2023-04-01,2023-04-08,Pune,BlueDart,Delivered
7943,9301,2025-02-27,2025-03-02,Surat,DTDC,Delivered
7944,9302,2024-12-10,2024-12-17,Surat,Delhivery,Delivered
7945,9303,2024-12-31,2025-01-03,Delhi,BlueDart,Delivered
7946,9304,2023-07-04,2023-07-08,Chennai,Ekart,Delivered
7947,9305,2022-12-19,2022-12-23,Ahmedabad,BlueDart,Delivered
7948,9306,2022-12-09,2022-12-12,Lucknow,DTDC,Delayed
7949,9307,2024-01-04,2024-01-08,Lucknow,BlueDart,In Transit
7950,9308,2023-08-09,2023-08-12,Chandigarh,Ekart,Delivered
7951,9309,2024-07-08,2024-07-10,Kolkata,BlueDart,Delayed
7952,9310,2022-05-06,2022-05-07,Mumbai,IndiaPost,Delivered
7953,9311,2025-04-09,2025-04-14,Nagpur,Ekart,Delivered
7954,9312,2024-02-24,2024-02-26,Nagpur,DTDC,Delayed
7955,9314,2025-08-10,2025-08-14,Lucknow,Delhivery,Delivered
7956,9317,2025-07-21,2025-07-24,Kochi,IndiaPost,Delivered
7957,9318,2024-10-01,2024-10-04,Hyderabad,IndiaPost,Delivered
7958,9319,2022-06-26,2022-06-28,Ahmedabad,Delhivery,Delayed
7959,9321,2025-01-31,2025-02-05,Kolkata,Ekart,Delivered
7960,9322,2022-07-15,2022-07-19,Lucknow,Delhivery,Delivered
7961,9323,2024-10-19,2024-10-24,Surat,Ekart,Delivered
7962,9324,2023-01-10,2023-01-16,Jaipur,Ekart,Delivered
7963,9325,2024-10-10,2024-10-12,Nagpur,IndiaPost,Delivered
7964,9326,2023-11-22,2023-11-25,Surat,Delhivery,Delivered
7965,9327,2024-06-18,2024-06-19,Ahmedabad,Ekart,Delivered
7966,9328,2025-12-07,2025-12-10,Chennai,Ekart,Delivered
7967,9329,2024-08-23,2024-08-28,Bengaluru,DTDC,Delivered
7968,9330,2022-05-11,2022-05-13,Ahmedabad,IndiaPost,Delivered
7969,9331,2022-05-21,2022-05-24,Surat,Ekart,Delivered
7970,9332,2024-11-22,2024-11-25,Chandigarh,BlueDart,Delivered
7971,9333,2025-02-11,2025-02-18,Ahmedabad,Ekart,Delivered
7972,9335,2022-01-04,2022-01-10,Chennai,Ekart,Delivered
7973,9336,2022-10-02,2022-10-03,Lucknow,IndiaPost,Delivered
7974,9337,2023-07-16,2023-07-18,Jaipur,DTDC,Delivered
7975,9338,2022-01-15,2022-01-18,Surat,IndiaPost,In Transit
7976,9340,2022-11-12,2022-11-17,Delhi,DTDC,Delivered
7977,9341,2022-06-19,2022-06-24,Chandigarh,DTDC,Delivered
7978,9342,2023-07-31,2023-08-07,Kochi,IndiaPost,Delivered
7979,9343,2023-05-24,2023-05-30,Indore,BlueDart,Delivered
7980,9344,2022-11-02,2022-11-08,Nagpur,DTDC,Delivered
7981,9345,2023-07-17,2023-07-21,Kolkata,Delhivery,Delivered
7982,9346,2024-08-14,2024-08-20,Chennai,Ekart,Delivered
7983,9347,2025-01-21,2025-01-27,Bengaluru,Ekart,Delivered
7984,9348,2023-09-29,2023-10-04,Chandigarh,BlueDart,Delayed
7985,9349,2022-06-14,2022-06-17,Chennai,BlueDart,Delivered
7986,9350,2024-12-14,2024-12-21,Surat,DTDC,Delivered
7987,9352,2023-11-19,2023-11-21,Mumbai,BlueDart,Delayed
7988,9353,2024-04-29,2024-05-01,Hyderabad,Ekart,Delivered
7989,9355,2023-12-15,2023-12-16,Chennai,Delhivery,Delivered
7990,9356,2024-10-15,2024-10-22,Delhi,Ekart,Delivered
7991,9358,2025-06-03,2025-06-06,Ahmedabad,Ekart,Delivered
7992,9359,2025-09-10,2025-09-13,Lucknow,IndiaPost,Delivered
7993,9360,2023-01-27,2023-01-29,Bengaluru,IndiaPost,Delivered
7994,9361,2025-08-02,2025-08-07,Surat,BlueDart,Delivered
7995,9362,2023-02-01,2023-02-03,Chandigarh,IndiaPost,Delivered
7996,9363,2023-02-03,2023-02-04,Surat,IndiaPost,Delivered
7997,9364,2022-04-13,2022-04-17,Ahmedabad,Ekart,Delivered
7998,9365,2023-08-22,2023-08-27,Indore,BlueDart,Delivered
7999,9366,2023-03-02,2023-03-03,Lucknow,Delhivery,Delivered
8000,9368,2024-08-25,2024-08-30,Surat,IndiaPost,Delivered
8001,9369,2023-09-10,2023-09-17,Bengaluru,IndiaPost,In Transit
8002,9370,2024-05-07,2024-05-09,Chennai,DTDC,Delivered
8003,9371,2025-12-25,2025-12-31,Hyderabad,DTDC,In Transit
8004,9373,2023-01-25,2023-01-27,Bengaluru,DTDC,Delivered
8005,9374,2022-11-02,2022-11-09,Lucknow,Delhivery,Delivered
8006,9375,2023-08-02,2023-08-08,Surat,Ekart,Delayed
8007,9376,2023-03-27,2023-03-30,Bengaluru,Delhivery,Delivered
8008,9377,2022-08-24,2022-08-30,Kolkata,Delhivery,Delivered
8009,9378,2022-06-28,2022-07-05,Delhi,Ekart,Delivered
8010,9380,2025-07-07,2025-07-08,Hyderabad,IndiaPost,Delivered
8011,9381,2024-11-08,2024-11-14,Mumbai,Ekart,Delivered
8012,9382,2025-04-24,2025-04-29,Indore,DTDC,Delivered
8013,9383,2022-10-16,2022-10-21,Indore,Ekart,Delivered
8014,9384,2024-10-15,2024-10-21,Surat,Delhivery,Delivered
8015,9385,2023-09-26,2023-09-30,Jaipur,IndiaPost,Delayed
8016,9386,2025-01-28,2025-02-02,Nagpur,IndiaPost,Delivered
8017,9388,2023-05-27,2023-06-01,Pune,BlueDart,Delivered
8018,9389,2024-11-20,2024-11-27,Hyderabad,Delhivery,Delivered
8019,9390,2025-06-06,2025-06-08,Indore,DTDC,Delivered
8020,9391,2025-01-16,2025-01-19,Indore,DTDC,Delivered
8021,9394,2024-12-14,2024-12-18,Bengaluru,DTDC,Delivered
8022,9395,2023-04-10,2023-04-17,Hyderabad,IndiaPost,Delivered
8023,9396,2022-05-03,2022-05-09,Mumbai,BlueDart,Delivered
8024,9397,2023-04-05,2023-04-11,Bengaluru,BlueDart,Delivered
8025,9398,2022-06-03,2022-06-05,Bengaluru,IndiaPost,Delivered
8026,9399,2022-09-20,2022-09-22,Kochi,IndiaPost,Delayed
8027,9400,2025-07-21,2025-07-22,Mumbai,Delhivery,Delivered
8028,9401,2025-07-25,2025-07-31,Bengaluru,IndiaPost,In Transit
8029,9402,2023-12-07,2023-12-11,Jaipur,Delhivery,Delivered
8030,9403,2023-10-02,2023-10-03,Chandigarh,IndiaPost,Delivered
8031,9404,2025-08-24,2025-08-29,Chandigarh,DTDC,In Transit
8032,9405,2023-10-23,2023-10-25,Hyderabad,IndiaPost,Delivered
8033,9406,2024-01-20,2024-01-24,Mumbai,Delhivery,Delivered
8034,9407,2024-10-05,2024-10-08,Kochi,Delhivery,Delivered
8035,9408,2023-06-15,2023-06-21,Nagpur,Ekart,Delivered
8036,9409,2023-06-17,2023-06-18,Jaipur,Delhivery,Delivered
8037,9410,2025-12-30,2025-12-31,Nagpur,DTDC,Delivered
8038,9411,2025-08-06,2025-08-12,Jaipur,Ekart,In Transit
8039,9412,2022-05-12,2022-05-17,Kolkata,IndiaPost,Delivered
8040,9413,2024-10-30,2024-11-01,Surat,Ekart,Delivered
8041,9416,2022-04-27,2022-04-30,Nagpur,DTDC,Delivered
8042,9417,2022-01-19,2022-01-22,Lucknow,DTDC,In Transit
8043,9418,2024-04-11,2024-04-13,Bengaluru,IndiaPost,Delivered
8044,9421,2024-06-01,2024-06-07,Kolkata,Delhivery,In Transit
8045,9422,2024-03-20,2024-03-24,Jaipur,Ekart,Delivered
8046,9423,2022-10-22,2022-10-25,Nagpur,DTDC,Delivered
8047,9424,2023-12-06,2023-12-11,Delhi,BlueDart,Delivered
8048,9425,2023-02-13,2023-02-17,Lucknow,Ekart,Delivered
8049,9426,2025-02-11,2025-02-15,Delhi,Ekart,Delivered
8050,9427,2023-01-05,2023-01-10,Chennai,DTDC,Delivered
8051,9428,2025-10-01,2025-10-07,Hyderabad,IndiaPost,Delivered
8052,9429,2025-10-06,2025-10-08,Chandigarh,BlueDart,In Transit
8053,9431,2023-01-07,2023-01-09,Pune,IndiaPost,Delivered
8054,9432,2025-02-05,2025-02-06,Pune,DTDC,Delayed
8055,9433,2025-03-29,2025-04-02,Delhi,IndiaPost,Delivered
8056,9434,2023-06-11,2023-06-12,Surat,Delhivery,Delivered
8057,9435,2025-02-24,2025-03-03,Kolkata,Delhivery,Delivered
8058,9437,2023-05-26,2023-05-27,Surat,Ekart,Delivered
8059,9438,2022-02-06,2022-02-12,Jaipur,Ekart,Delivered
8060,9441,2024-03-20,2024-03-22,Lucknow,BlueDart,Delayed
8061,9442,2025-07-03,2025-07-09,Chennai,DTDC,Delivered
8062,9443,2022-05-17,2022-05-19,Chennai,DTDC,Delayed
8063,9444,2022-07-06,2022-07-08,Delhi,BlueDart,Delivered
8064,9446,2023-04-19,2023-04-20,Chennai,Ekart,Delivered
8065,9447,2022-12-22,2022-12-24,Kolkata,BlueDart,Delayed
8066,9448,2025-09-07,2025-09-10,Indore,DTDC,Delivered
8067,9449,2023-11-29,2023-12-03,Pune,DTDC,Delivered
8068,9452,2025-08-28,2025-08-29,Nagpur,IndiaPost,Delayed
8069,9453,2025-03-18,2025-03-24,Mumbai,BlueDart,Delivered
8070,9454,2023-03-01,2023-03-02,Ahmedabad,IndiaPost,Delayed
8071,9455,2024-10-08,2024-10-10,Jaipur,BlueDart,Delivered
8072,9456,2022-12-30,2023-01-02,Kolkata,IndiaPost,Delivered
8073,9457,2023-02-09,2023-02-14,Ahmedabad,IndiaPost,Delivered
8074,9459,2025-04-08,2025-04-09,Surat,Delhivery,Delivered
8075,9460,2023-06-09,2023-06-11,Surat,Ekart,Delivered
8076,9462,2024-11-08,2024-11-10,Jaipur,Ekart,Delivered
8077,9464,2024-09-15,2024-09-16,Delhi,BlueDart,Delivered
8078,9465,2024-02-09,2024-02-13,Nagpur,DTDC,Delivered
8079,9467,2024-10-05,2024-10-06,Bengaluru,IndiaPost,Delivered
8080,9468,2025-11-19,2025-11-26,Bengaluru,Delhivery,Delivered
8081,9470,2024-11-18,2024-11-20,Nagpur,Delhivery,Delivered
8082,9471,2022-09-02,2022-09-06,Hyderabad,BlueDart,Delivered
8083,9472,2025-07-17,2025-07-24,Surat,IndiaPost,Delivered
8084,9473,2024-01-01,2024-01-03,Delhi,IndiaPost,Delivered
8085,9474,2023-02-17,2023-02-19,Jaipur,Ekart,Delivered
8086,9475,2022-12-09,2022-12-11,Pune,Delhivery,Delivered
8087,9476,2025-07-05,2025-07-07,Ahmedabad,DTDC,Delivered
8088,9477,2025-10-26,2025-10-28,Nagpur,BlueDart,In Transit
8089,9478,2024-12-19,2024-12-21,Surat,IndiaPost,Delayed
8090,9479,2025-12-16,2025-12-19,Kochi,BlueDart,Delivered
8091,9481,2023-06-05,2023-06-10,Ahmedabad,Ekart,Delivered
8092,9482,2025-09-09,2025-09-16,Nagpur,DTDC,In Transit
8093,9483,2025-07-29,2025-08-02,Chennai,Delhivery,Delivered
8094,9484,2022-04-23,2022-04-24,Kolkata,IndiaPost,Delivered
8095,9485,2024-10-09,2024-10-15,Ahmedabad,IndiaPost,Delivered
8096,9486,2025-02-26,2025-03-05,Pune,Ekart,Delivered
8097,9488,2023-08-22,2023-08-26,Jaipur,IndiaPost,Delivered
8098,9489,2022-04-18,2022-04-23,Bengaluru,Ekart,Delivered
8099,9490,2024-12-04,2024-12-05,Chennai,DTDC,Delivered
8100,9491,2023-09-16,2023-09-21,Lucknow,Ekart,Delivered
8101,9493,2022-05-05,2022-05-11,Mumbai,BlueDart,Delivered
8102,9494,2024-03-08,2024-03-12,Hyderabad,Ekart,Delivered
8103,9495,2025-11-20,2025-11-27,Delhi,Delhivery,Delivered
8104,9496,2022-04-11,2022-04-12,Kolkata,IndiaPost,Delivered
8105,9497,2024-08-21,2024-08-27,Kochi,Delhivery,Delivered
8106,9498,2024-08-10,2024-08-14,Indore,BlueDart,Delivered
8107,9499,2022-08-08,2022-08-09,Kochi,BlueDart,In Transit
8108,9500,2023-07-23,2023-07-28,Ahmedabad,DTDC,Delivered
8109,9502,2024-12-18,2024-12-20,Nagpur,IndiaPost,In Transit
8110,9503,2025-05-22,2025-05-28,Bengaluru,DTDC,Delivered
8111,9505,2024-01-21,2024-01-25,Nagpur,Delhivery,Delivered
8112,9506,2025-01-22,2025-01-27,Ahmedabad,BlueDart,Delayed
8113,9507,2025-04-18,2025-04-22,Bengaluru,BlueDart,Delayed
8114,9508,2024-04-10,2024-04-12,Mumbai,IndiaPost,Delayed
8115,9510,2022-08-13,2022-08-18,Jaipur,IndiaPost,Delivered
8116,9511,2025-10-28,2025-10-30,Pune,Ekart,Delivered
8117,9512,2024-12-01,2024-12-02,Surat,IndiaPost,Delivered
8118,9513,2023-11-06,2023-11-10,Hyderabad,Delhivery,Delivered
8119,9514,2023-12-15,2023-12-20,Bengaluru,IndiaPost,Delivered
8120,9515,2024-03-27,2024-03-31,Bengaluru,DTDC,Delivered
8121,9516,2023-10-20,2023-10-23,Indore,DTDC,Delivered
8122,9517,2025-03-21,2025-03-24,Surat,BlueDart,Delivered
8123,9518,2025-05-15,2025-05-21,Indore,DTDC,Delivered
8124,9519,2023-08-23,2023-08-30,Kochi,Delhivery,Delivered
8125,9520,2022-06-13,2022-06-15,Mumbai,Delhivery,Delivered
8126,9521,2025-11-22,2025-11-24,Kochi,Delhivery,Delivered
8127,9522,2023-12-03,2023-12-06,Nagpur,Delhivery,Delivered
8128,9523,2025-10-10,2025-10-13,Chandigarh,BlueDart,Delivered
8129,9525,2024-10-19,2024-10-23,Indore,Ekart,Delivered
8130,9526,2022-06-21,2022-06-22,Surat,Delhivery,Delivered
8131,9527,2022-12-26,2023-01-02,Chennai,BlueDart,Delivered
8132,9528,2024-11-28,2024-12-01,Ahmedabad,IndiaPost,Delivered
8133,9529,2022-07-07,2022-07-08,Hyderabad,IndiaPost,In Transit
8134,9530,2025-07-05,2025-07-10,Delhi,IndiaPost,Delivered
8135,9531,2024-04-09,2024-04-14,Delhi,DTDC,Delivered
8136,9532,2023-01-22,2023-01-26,Chandigarh,IndiaPost,Delayed
8137,9533,2025-04-19,2025-04-20,Kolkata,Delhivery,Delivered
8138,9534,2022-08-01,2022-08-05,Lucknow,DTDC,Delivered
8139,9535,2025-05-17,2025-05-20,Mumbai,Delhivery,Delivered
8140,9536,2025-07-16,2025-07-18,Lucknow,Delhivery,Delivered
8141,9537,2023-06-26,2023-06-30,Pune,DTDC,In Transit
8142,9538,2022-12-19,2022-12-23,Surat,DTDC,Delivered
8143,9541,2022-04-16,2022-04-18,Hyderabad,DTDC,Delivered
8144,9542,2025-03-26,2025-03-31,Lucknow,BlueDart,Delivered
8145,9543,2024-08-24,2024-08-31,Surat,Delhivery,Delivered
8146,9545,2025-04-15,2025-04-17,Surat,Ekart,Delayed
8147,9546,2025-07-04,2025-07-08,Surat,Delhivery,In Transit
8148,9548,2022-09-25,2022-09-27,Kochi,BlueDart,Delivered
8149,9549,2022-12-14,2022-12-15,Kochi,IndiaPost,Delivered
8150,9550,2023-07-03,2023-07-05,Bengaluru,IndiaPost,Delivered
8151,9551,2023-11-27,2023-12-01,Delhi,IndiaPost,Delivered
8152,9554,2022-08-16,2022-08-18,Jaipur,DTDC,Delivered
8153,9555,2025-11-23,2025-11-30,Hyderabad,Delhivery,Delivered
8154,9556,2022-03-08,2022-03-12,Surat,DTDC,Delivered
8155,9557,2025-07-30,2025-08-02,Lucknow,IndiaPost,Delayed
8156,9558,2024-12-13,2024-12-16,Kochi,BlueDart,In Transit
8157,9561,2022-10-30,2022-11-04,Chennai,DTDC,In Transit
8158,9562,2025-09-19,2025-09-20,Kochi,Ekart,Delivered
8159,9563,2025-03-28,2025-04-02,Jaipur,BlueDart,Delivered
8160,9564,2022-10-14,2022-10-18,Kochi,Ekart,Delivered
8161,9565,2025-08-20,2025-08-21,Delhi,BlueDart,In Transit
8162,9566,2025-04-30,2025-05-04,Chennai,BlueDart,Delivered
8163,9567,2023-12-10,2023-12-17,Hyderabad,DTDC,Delivered
8164,9568,2024-05-11,2024-05-13,Pune,Ekart,Delivered
8165,9569,2025-07-24,2025-07-25,Delhi,IndiaPost,Delivered
8166,9570,2025-08-19,2025-08-25,Surat,Delhivery,Delivered
8167,9571,2023-04-03,2023-04-08,Hyderabad,IndiaPost,Delivered
8168,9572,2025-04-18,2025-04-20,Pune,Ekart,Delivered
8169,9573,2025-01-20,2025-01-26,Ahmedabad,IndiaPost,Delivered
8170,9574,2025-11-22,2025-11-26,Kolkata,IndiaPost,Delivered
8171,9575,2023-07-17,2023-07-21,Bengaluru,Ekart,Delivered
8172,9576,2025-11-21,2025-11-23,Ahmedabad,Ekart,Delivered
8173,9577,2024-12-31,2025-01-02,Ahmedabad,DTDC,In Transit
8174,9578,2022-05-21,2022-05-26,Surat,Delhivery,Delivered
8175,9579,2023-06-02,2023-06-06,Chennai,Ekart,Delivered
8176,9580,2024-04-25,2024-05-02,Bengaluru,DTDC,Delivered
8177,9581,2022-02-21,2022-02-28,Delhi,BlueDart,Delivered
8178,9582,2022-05-13,2022-05-17,Chandigarh,DTDC,Delayed
8179,9583,2025-04-25,2025-05-01,Ahmedabad,IndiaPost,Delivered
8180,9584,2022-05-01,2022-05-04,Mumbai,Delhivery,Delivered
8181,9585,2022-12-01,2022-12-02,Mumbai,Ekart,Delivered
8182,9586,2022-06-18,2022-06-23,Indore,IndiaPost,Delivered
8183,9589,2023-09-28,2023-10-01,Jaipur,DTDC,Delivered
8184,9590,2022-01-10,2022-01-13,Delhi,Delhivery,Delivered
8185,9591,2022-11-17,2022-11-19,Bengaluru,DTDC,Delivered
8186,9592,2024-10-10,2024-10-14,Mumbai,Ekart,Delivered
8187,9593,2025-07-23,2025-07-29,Chandigarh,DTDC,Delivered
8188,9594,2025-09-15,2025-09-17,Pune,DTDC,Delivered
8189,9595,2023-12-11,2023-12-15,Jaipur,Ekart,Delivered
8190,9596,2025-06-03,2025-06-07,Delhi,IndiaPost,Delivered
8191,9597,2022-03-20,2022-03-24,Jaipur,BlueDart,Delivered
8192,9598,2022-11-11,2022-11-15,Mumbai,BlueDart,Delivered
8193,9599,2025-07-05,2025-07-12,Jaipur,BlueDart,Delivered
8194,9600,2024-05-02,2024-05-07,Chandigarh,IndiaPost,Delivered
8195,9601,2022-06-27,2022-07-03,Ahmedabad,BlueDart,Delivered
8196,9602,2024-07-22,2024-07-25,Kochi,IndiaPost,Delivered
8197,9603,2023-08-09,2023-08-11,Mumbai,IndiaPost,Delivered
8198,9605,2024-10-06,2024-10-10,Pune,Delhivery,Delivered
8199,9606,2024-02-13,2024-02-18,Kochi,DTDC,Delivered
8200,9607,2022-03-23,2022-03-28,Mumbai,Delhivery,Delivered
8201,9608,2025-03-15,2025-03-20,Hyderabad,BlueDart,Delivered
8202,9609,2022-09-30,2022-10-07,Bengaluru,Delhivery,Delayed
8203,9610,2023-04-25,2023-04-30,Bengaluru,Ekart,Delivered
8204,9611,2023-06-23,2023-06-27,Kolkata,Ekart,Delivered
8205,9612,2025-03-05,2025-03-10,Lucknow,BlueDart,Delivered
8206,9613,2023-10-24,2023-10-31,Kolkata,BlueDart,Delivered
8207,9614,2024-06-19,2024-06-22,Delhi,Ekart,Delivered
8208,9615,2024-01-12,2024-01-13,Surat,BlueDart,Delivered
8209,9616,2024-02-20,2024-02-21,Ahmedabad,IndiaPost,Delivered
8210,9617,2023-10-30,2023-11-01,Kochi,BlueDart,In Transit
8211,9619,2025-09-29,2025-09-30,Ahmedabad,DTDC,Delivered
8212,9620,2025-11-26,2025-11-28,Surat,DTDC,Delivered
8213,9621,2025-01-09,2025-01-13,Bengaluru,Delhivery,Delivered
8214,9624,2025-02-17,2025-02-18,Chennai,Ekart,Delivered
8215,9625,2022-12-14,2022-12-21,Jaipur,Ekart,Delivered
8216,9626,2022-10-06,2022-10-11,Lucknow,Delhivery,Delivered
8217,9627,2022-02-14,2022-02-19,Nagpur,BlueDart,Delivered
8218,9629,2023-01-05,2023-01-11,Jaipur,Ekart,In Transit
8219,9630,2022-05-10,2022-05-15,Kolkata,Delhivery,Delivered
8220,9631,2023-01-22,2023-01-27,Jaipur,Delhivery,Delivered
8221,9633,2025-04-20,2025-04-26,Surat,DTDC,Delivered
8222,9634,2023-04-14,2023-04-21,Delhi,IndiaPost,Delivered
8223,9635,2025-12-10,2025-12-14,Indore,Ekart,In Transit
8224,9636,2025-01-14,2025-01-16,Mumbai,DTDC,Delivered
8225,9637,2023-06-01,2023-06-05,Bengaluru,Ekart,Delivered
8226,9638,2024-03-30,2024-04-03,Mumbai,Ekart,Delayed
8227,9639,2024-10-04,2024-10-11,Mumbai,DTDC,Delivered
8228,9640,2025-11-24,2025-12-01,Pune,Delhivery,Delivered
8229,9641,2025-10-07,2025-10-09,Indore,Delhivery,Delivered
8230,9642,2025-01-21,2025-01-27,Kolkata,DTDC,Delivered
8231,9643,2024-08-26,2024-09-01,Kolkata,BlueDart,Delivered
8232,9644,2022-08-03,2022-08-09,Jaipur,BlueDart,In Transit
8233,9645,2024-01-22,2024-01-25,Kochi,BlueDart,In Transit
8234,9646,2022-06-03,2022-06-10,Chennai,Ekart,Delayed
8235,9647,2025-05-22,2025-05-27,Bengaluru,Delhivery,Delivered
8236,9648,2024-05-23,2024-05-28,Bengaluru,DTDC,Delivered
8237,9649,2025-01-19,2025-01-20,Ahmedabad,IndiaPost,Delivered
8238,9650,2025-09-11,2025-09-12,Kochi,BlueDart,Delivered
8239,9652,2023-03-14,2023-03-20,Chandigarh,DTDC,Delivered
8240,9653,2023-06-02,2023-06-04,Chandigarh,Delhivery,Delivered
8241,9655,2022-03-27,2022-03-28,Hyderabad,Ekart,In Transit
8242,9656,2024-12-14,2024-12-15,Chandigarh,Ekart,Delivered
8243,9657,2023-11-18,2023-11-25,Ahmedabad,BlueDart,Delivered
8244,9658,2024-01-11,2024-01-16,Mumbai,BlueDart,In Transit
8245,9659,2023-12-20,2023-12-25,Jaipur,DTDC,Delivered
8246,9660,2023-11-29,2023-12-02,Kolkata,BlueDart,Delivered
8247,9661,2025-03-07,2025-03-11,Ahmedabad,IndiaPost,Delivered
8248,9662,2023-05-23,2023-05-29,Kochi,IndiaPost,Delivered
8249,9663,2023-06-01,2023-06-07,Jaipur,DTDC,Delivered
8250,9665,2023-01-26,2023-01-29,Hyderabad,BlueDart,Delivered
8251,9666,2024-07-23,2024-07-27,Chennai,Delhivery,Delivered
8252,9667,2022-11-06,2022-11-08,Chandigarh,Ekart,Delivered
8253,9668,2022-02-01,2022-02-08,Ahmedabad,Delhivery,Delivered
8254,9669,2024-12-26,2025-01-01,Jaipur,Ekart,Delivered
8255,9672,2024-01-29,2024-02-03,Lucknow,Ekart,Delayed
8256,9673,2023-08-09,2023-08-12,Pune,Delhivery,Delivered
8257,9674,2024-03-03,2024-03-08,Bengaluru,BlueDart,Delayed
8258,9675,2022-09-18,2022-09-25,Chennai,Ekart,Delivered
8259,9676,2023-03-21,2023-03-27,Nagpur,Delhivery,Delivered
8260,9679,2024-05-21,2024-05-26,Mumbai,DTDC,Delivered
8261,9680,2025-02-03,2025-02-10,Bengaluru,DTDC,Delayed
8262,9681,2023-05-18,2023-05-22,Kolkata,DTDC,In Transit
8263,9682,2023-09-11,2023-09-16,Chennai,Delhivery,Delivered
8264,9683,2022-09-23,2022-09-29,Hyderabad,BlueDart,Delayed
8265,9684,2025-01-25,2025-02-01,Surat,Ekart,Delayed
8266,9685,2025-08-04,2025-08-11,Surat,Delhivery,Delivered
8267,9686,2023-06-20,2023-06-27,Chandigarh,BlueDart,Delivered
8268,9687,2025-12-06,2025-12-12,Chandigarh,IndiaPost,Delivered
8269,9688,2025-02-25,2025-03-03,Surat,DTDC,Delivered
8270,9689,2024-07-14,2024-07-17,Lucknow,Ekart,Delivered
8271,9690,2022-02-20,2022-02-27,Kochi,BlueDart,Delivered
8272,9692,2024-02-23,2024-02-26,Hyderabad,BlueDart,Delivered
8273,9693,2024-06-05,2024-06-11,Indore,DTDC,Delivered
8274,9694,2025-11-23,2025-11-29,Indore,BlueDart,Delivered
8275,9695,2023-02-28,2023-03-02,Hyderabad,Ekart,Delivered
8276,9697,2022-12-19,2022-12-21,Bengaluru,DTDC,Delivered
8277,9698,2022-07-13,2022-07-18,Lucknow,BlueDart,Delivered
8278,9699,2025-02-16,2025-02-19,Chennai,Ekart,Delayed
8279,9701,2022-07-27,2022-07-30,Chandigarh,Delhivery,Delayed
8280,9702,2023-09-20,2023-09-23,Kolkata,Delhivery,Delivered
8281,9704,2022-11-01,2022-11-08,Chandigarh,Delhivery,Delivered
8282,9705,2023-02-27,2023-03-02,Delhi,BlueDart,Delayed
8283,9706,2025-02-26,2025-02-27,Indore,BlueDart,Delivered
8284,9709,2022-01-22,2022-01-26,Nagpur,BlueDart,Delivered
8285,9710,2022-09-14,2022-09-15,Hyderabad,Delhivery,Delivered
8286,9711,2023-07-01,2023-07-03,Indore,IndiaPost,Delivered
8287,9712,2022-12-05,2022-12-08,Bengaluru,IndiaPost,Delivered
8288,9713,2023-10-17,2023-10-18,Kolkata,Ekart,Delivered
8289,9714,2023-06-30,2023-07-03,Lucknow,DTDC,Delivered
8290,9716,2022-01-26,2022-02-02,Lucknow,BlueDart,Delivered
8291,9717,2022-11-27,2022-11-29,Chandigarh,Delhivery,Delivered
8292,9718,2024-01-10,2024-01-15,Nagpur,DTDC,Delivered
8293,9720,2023-12-08,2023-12-11,Surat,Delhivery,Delivered
8294,9721,2025-07-15,2025-07-18,Chennai,Delhivery,Delivered
8295,9722,2022-06-25,2022-06-26,Nagpur,Delhivery,Delivered
8296,9723,2025-11-28,2025-11-30,Ahmedabad,Delhivery,Delivered
8297,9726,2022-12-07,2022-12-12,Hyderabad,DTDC,Delivered
8298,9727,2024-01-22,2024-01-23,Delhi,Delhivery,Delivered
8299,9728,2023-05-09,2023-05-16,Kolkata,IndiaPost,Delivered
8300,9729,2024-05-31,2024-06-04,Delhi,DTDC,Delivered
8301,9730,2022-09-16,2022-09-20,Indore,Delhivery,Delivered
8302,9731,2024-10-18,2024-10-20,Bengaluru,IndiaPost,Delivered
8303,9732,2023-07-06,2023-07-12,Jaipur,Delhivery,Delivered
8304,9733,2023-08-14,2023-08-17,Jaipur,Delhivery,Delivered
8305,9734,2023-06-19,2023-06-26,Delhi,DTDC,Delivered
8306,9735,2023-11-26,2023-12-01,Lucknow,Ekart,Delivered
8307,9736,2023-11-14,2023-11-19,Surat,BlueDart,Delivered
8308,9737,2023-01-25,2023-01-31,Hyderabad,BlueDart,Delivered
8309,9738,2024-01-01,2024-01-05,Hyderabad,Ekart,Delayed
8310,9739,2023-09-22,2023-09-29,Bengaluru,BlueDart,Delivered
8311,9740,2023-08-06,2023-08-13,Surat,DTDC,Delivered
8312,9741,2025-05-13,2025-05-18,Hyderabad,Delhivery,Delivered
8313,9742,2024-04-14,2024-04-19,Jaipur,Delhivery,Delivered
8314,9743,2025-01-19,2025-01-22,Jaipur,Ekart,Delivered
8315,9744,2023-03-16,2023-03-23,Ahmedabad,DTDC,Delivered
8316,9745,2025-10-19,2025-10-20,Kochi,IndiaPost,Delivered
8317,9746,2024-11-15,2024-11-21,Pune,IndiaPost,Delivered
8318,9747,2022-03-14,2022-03-18,Pune,BlueDart,Delivered
8319,9748,2025-02-08,2025-02-15,Chandigarh,Ekart,Delivered
8320,9749,2025-07-14,2025-07-19,Jaipur,Ekart,Delivered
8321,9751,2025-08-30,2025-09-05,Delhi,BlueDart,Delivered
8322,9753,2023-04-24,2023-04-29,Bengaluru,DTDC,Delivered
8323,9754,2024-06-13,2024-06-20,Mumbai,IndiaPost,Delivered
8324,9755,2023-10-19,2023-10-21,Delhi,Ekart,In Transit
8325,9756,2025-07-09,2025-07-16,Jaipur,DTDC,Delivered
8326,9757,2023-05-16,2023-05-19,Kolkata,IndiaPost,Delayed
8327,9759,2022-12-15,2022-12-18,Bengaluru,IndiaPost,Delivered
8328,9761,2022-04-12,2022-04-13,Pune,Ekart,Delivered
8329,9762,2022-08-08,2022-08-13,Ahmedabad,BlueDart,Delayed
8330,9763,2025-03-24,2025-03-29,Jaipur,IndiaPost,Delivered
8331,9764,2024-06-08,2024-06-09,Kolkata,BlueDart,Delivered
8332,9765,2024-03-20,2024-03-21,Nagpur,Ekart,Delivered
8333,9766,2024-05-19,2024-05-26,Nagpur,Ekart,In Transit
8334,9767,2024-06-03,2024-06-10,Delhi,Ekart,Delivered
8335,9771,2022-09-07,2022-09-11,Pune,Ekart,Delivered
8336,9772,2025-02-01,2025-02-06,Chennai,Ekart,Delivered
8337,9773,2022-11-23,2022-11-30,Indore,DTDC,Delivered
8338,9774,2022-02-24,2022-03-02,Pune,Ekart,Delivered
8339,9775,2024-07-12,2024-07-19,Nagpur,BlueDart,Delivered
8340,9776,2025-11-28,2025-11-29,Delhi,Delhivery,Delivered
8341,9777,2023-08-25,2023-08-29,Delhi,Delhivery,Delivered
8342,9778,2024-02-17,2024-02-22,Mumbai,Ekart,Delivered
8343,9779,2024-02-04,2024-02-10,Kolkata,Delhivery,Delivered
8344,9780,2023-05-27,2023-06-02,Hyderabad,BlueDart,Delivered
8345,9781,2024-06-16,2024-06-17,Bengaluru,DTDC,In Transit
8346,9782,2025-06-12,2025-06-17,Kochi,BlueDart,Delayed
8347,9783,2023-10-25,2023-10-27,Hyderabad,Delhivery,Delivered
8348,9784,2025-07-29,2025-07-30,Mumbai,DTDC,Delivered
8349,9786,2025-12-25,2025-12-30,Kolkata,DTDC,Delivered
8350,9787,2022-07-28,2022-07-29,Delhi,DTDC,Delivered
8351,9789,2022-09-04,2022-09-05,Jaipur,IndiaPost,Delivered
8352,9790,2022-10-28,2022-11-02,Chandigarh,IndiaPost,Delivered
8353,9791,2024-08-08,2024-08-12,Delhi,Delhivery,Delivered
8354,9792,2023-06-24,2023-06-26,Surat,BlueDart,Delivered
8355,9793,2025-06-28,2025-07-04,Bengaluru,Ekart,Delivered
8356,9794,2023-08-31,2023-09-03,Indore,BlueDart,In Transit
8357,9796,2025-08-18,2025-08-24,Kolkata,DTDC,Delivered
8358,9797,2022-02-17,2022-02-20,Lucknow,BlueDart,Delivered
8359,9798,2023-02-16,2023-02-23,Lucknow,BlueDart,Delivered
8360,9800,2023-07-15,2023-07-20,Pune,IndiaPost,Delivered
8361,9801,2025-12-17,2025-12-21,Chennai,Delhivery,Delayed
8362,9802,2022-07-26,2022-08-01,Hyderabad,BlueDart,Delivered
8363,9803,2023-06-22,2023-06-25,Pune,DTDC,Delivered
8364,9806,2022-01-22,2022-01-26,Kochi,BlueDart,Delivered
8365,9807,2025-04-10,2025-04-13,Nagpur,Ekart,Delivered
8366,9810,2025-01-29,2025-02-04,Ahmedabad,IndiaPost,Delivered
8367,9811,2024-05-19,2024-05-20,Nagpur,IndiaPost,Delivered
8368,9812,2025-11-16,2025-11-19,Chennai,BlueDart,Delivered
8369,9813,2025-10-10,2025-10-14,Kolkata,IndiaPost,Delivered
8370,9814,2022-02-14,2022-02-19,Mumbai,BlueDart,Delivered
8371,9815,2023-11-30,2023-12-07,Kolkata,BlueDart,Delivered
8372,9816,2025-01-11,2025-01-18,Bengaluru,Ekart,Delivered
8373,9819,2025-01-08,2025-01-12,Pune,BlueDart,Delivered
8374,9821,2024-04-29,2024-04-30,Bengaluru,IndiaPost,In Transit
8375,9822,2022-05-09,2022-05-13,Kochi,DTDC,Delivered
8376,9823,2025-06-07,2025-06-14,Hyderabad,BlueDart,Delivered
8377,9824,2022-11-20,2022-11-26,Jaipur,Delhivery,Delivered
8378,9825,2025-01-31,2025-02-06,Ahmedabad,BlueDart,Delivered
8379,9826,2023-10-11,2023-10-13,Lucknow,BlueDart,Delivered
8380,9827,2022-08-15,2022-08-18,Indore,Ekart,Delivered
8381,9828,2023-10-19,2023-10-20,Indore,BlueDart,Delivered
8382,9830,2025-05-30,2025-06-04,Hyderabad,IndiaPost,Delivered
8383,9832,2022-01-19,2022-01-22,Surat,IndiaPost,Delivered
8384,9833,2025-12-03,2025-12-04,Kolkata,DTDC,In Transit
8385,9834,2025-11-04,2025-11-09,Lucknow,BlueDart,Delivered
8386,9835,2023-07-18,2023-07-24,Nagpur,Ekart,Delivered
8387,9836,2022-05-16,2022-05-20,Surat,Delhivery,Delivered
8388,9838,2025-12-08,2025-12-15,Kochi,IndiaPost,Delivered
8389,9839,2023-07-24,2023-07-30,Ahmedabad,Ekart,Delivered
8390,9840,2024-12-12,2024-12-18,Mumbai,DTDC,Delayed
8391,9841,2024-06-11,2024-06-13,Surat,Delhivery,Delivered
8392,9842,2023-02-12,2023-02-13,Indore,IndiaPost,Delivered
8393,9844,2024-10-04,2024-10-10,Jaipur,Ekart,Delivered
8394,9845,2025-08-03,2025-08-04,Kochi,Delhivery,Delivered
8395,9846,2022-11-10,2022-11-13,Chennai,BlueDart,In Transit
8396,9847,2024-11-02,2024-11-05,Surat,Delhivery,Delivered
8397,9848,2024-09-22,2024-09-26,Ahmedabad,IndiaPost,Delivered
8398,9849,2022-04-29,2022-04-30,Lucknow,Delhivery,Delayed
8399,9850,2025-12-14,2025-12-18,Bengaluru,IndiaPost,Delivered
8400,9851,2023-08-26,2023-08-28,Hyderabad,Delhivery,In Transit
8401,9853,2023-08-28,2023-08-31,Mumbai,DTDC,Delivered
8402,9854,2024-09-16,2024-09-17,Chennai,Delhivery,Delivered
8403,9855,2022-02-15,2022-02-21,Delhi,Ekart,In Transit
8404,9856,2024-05-13,2024-05-14,Jaipur,Ekart,Delivered
8405,9858,2024-10-27,2024-11-02,Mumbai,BlueDart,Delivered
8406,9859,2024-07-07,2024-07-11,Pune,IndiaPost,Delivered
8407,9860,2023-03-22,2023-03-23,Kolkata,Delhivery,Delivered
8408,9861,2025-03-26,2025-03-31,Pune,Ekart,Delivered
8409,9862,2024-11-01,2024-11-08,Lucknow,IndiaPost,Delivered
8410,9863,2023-03-28,2023-03-29,Delhi,BlueDart,Delivered
8411,9864,2024-11-23,2024-11-26,Delhi,DTDC,Delivered
8412,9865,2025-04-06,2025-04-13,Kochi,DTDC,Delivered
8413,9866,2024-03-28,2024-04-04,Nagpur,IndiaPost,Delivered
8414,9867,2022-11-06,2022-11-10,Jaipur,Delhivery,Delivered
8415,9868,2022-09-23,2022-09-29,Chennai,Ekart,Delivered
8416,9869,2022-07-21,2022-07-26,Pune,Ekart,Delivered
8417,9870,2023-03-02,2023-03-09,Pune,DTDC,Delivered
8418,9871,2024-04-25,2024-04-27,Mumbai,IndiaPost,Delivered
8419,9872,2024-07-04,2024-07-05,Surat,BlueDart,Delivered
8420,9874,2023-11-13,2023-11-15,Jaipur,DTDC,Delivered
8421,9876,2023-05-23,2023-05-24,Ahmedabad,DTDC,Delivered
8422,9877,2024-10-17,2024-10-19,Mumbai,Delhivery,Delivered
8423,9878,2024-01-15,2024-01-18,Pune,Ekart,Delivered
8424,9879,2025-12-21,2025-12-22,Chennai,Delhivery,Delivered
8425,9880,2023-09-09,2023-09-12,Chandigarh,DTDC,Delivered
8426,9881,2023-01-04,2023-01-11,Indore,IndiaPost,Delivered
8427,9882,2024-08-25,2024-08-28,Surat,DTDC,Delivered
8428,9884,2025-07-10,2025-07-13,Nagpur,BlueDart,Delivered
8429,9885,2024-07-05,2024-07-08,Chandigarh,IndiaPost,Delayed
8430,9886,2023-11-14,2023-11-17,Kochi,DTDC,Delivered
8431,9887,2022-10-22,2022-10-25,Hyderabad,BlueDart,Delivered
8432,9888,2023-11-22,2023-11-28,Pune,IndiaPost,Delivered
8433,9889,2022-10-01,2022-10-06,Kolkata,IndiaPost,Delivered
8434,9890,2024-06-15,2024-06-17,Ahmedabad,Ekart,Delivered
8435,9891,2025-09-12,2025-09-15,Hyderabad,IndiaPost,Delivered
8436,9892,2022-04-29,2022-05-03,Kochi,Delhivery,Delivered
8437,9893,2024-10-27,2024-10-31,Pune,Delhivery,Delivered
8438,9894,2024-04-23,2024-04-27,Mumbai,Ekart,Delivered
8439,9895,2022-06-01,2022-06-07,Delhi,Delhivery,Delivered
8440,9896,2022-07-09,2022-07-14,Chandigarh,IndiaPost,Delivered
8441,9897,2025-09-04,2025-09-06,Delhi,DTDC,Delivered
8442,9898,2022-02-12,2022-02-18,Nagpur,Ekart,Delivered
8443,9899,2022-07-23,2022-07-24,Kolkata,DTDC,In Transit
8444,9900,2022-04-21,2022-04-28,Indore,BlueDart,Delivered
8445,9901,2025-04-30,2025-05-05,Nagpur,IndiaPost,Delivered
8446,9902,2025-04-17,2025-04-24,Ahmedabad,IndiaPost,Delivered
8447,9903,2025-12-09,2025-12-16,Jaipur,DTDC,Delivered
8448,9904,2024-10-17,2024-10-19,Jaipur,DTDC,Delivered
8449,9905,2024-06-07,2024-06-12,Chennai,Ekart,Delivered
8450,9906,2023-08-11,2023-08-12,Kolkata,IndiaPost,Delivered
8451,9907,2023-08-30,2023-09-04,Bengaluru,IndiaPost,Delivered
8452,9908,2025-07-18,2025-07-23,Kolkata,DTDC,Delivered
8453,9910,2023-03-01,2023-03-02,Mumbai,BlueDart,Delayed
8454,9911,2022-06-15,2022-06-21,Lucknow,Ekart,Delivered
8455,9912,2022-12-23,2022-12-27,Kolkata,Delhivery,Delivered
8456,9913,2022-01-18,2022-01-19,Surat,DTDC,Delivered
8457,9914,2024-11-09,2024-11-16,Hyderabad,Delhivery,Delivered
8458,9915,2024-12-03,2024-12-04,Nagpur,BlueDart,In Transit
8459,9916,2025-10-14,2025-10-20,Mumbai,Ekart,Delivered
8460,9917,2024-10-24,2024-10-31,Surat,Delhivery,In Transit
8461,9918,2022-06-23,2022-06-27,Jaipur,IndiaPost,Delivered
8462,9919,2023-06-15,2023-06-20,Lucknow,Delhivery,Delivered
8463,9920,2025-01-23,2025-01-29,Jaipur,IndiaPost,Delayed
8464,9921,2025-03-03,2025-03-10,Mumbai,DTDC,Delivered
8465,9923,2024-07-17,2024-07-21,Hyderabad,Ekart,Delivered
8466,9925,2023-03-24,2023-03-26,Bengaluru,Ekart,In Transit
8467,9926,2023-09-08,2023-09-11,Chennai,Ekart,Delivered
8468,9929,2023-12-04,2023-12-07,Lucknow,BlueDart,Delivered
8469,9930,2024-03-11,2024-03-13,Surat,Ekart,Delivered
8470,9931,2022-08-05,2022-08-10,Indore,Ekart,Delivered
8471,9932,2024-05-30,2024-06-01,Delhi,BlueDart,Delayed
8472,9933,2024-08-29,2024-09-04,Surat,IndiaPost,Delivered
8473,9934,2025-08-07,2025-08-10,Jaipur,Ekart,Delivered
8474,9935,2023-03-24,2023-03-30,Kochi,BlueDart,Delivered
8475,9936,2023-02-07,2023-02-09,Jaipur,IndiaPost,Delivered
8476,9937,2023-12-07,2023-12-09,Nagpur,BlueDart,Delivered
8477,9938,2023-12-23,2023-12-29,Nagpur,IndiaPost,In Transit
8478,9940,2024-05-16,2024-05-20,Bengaluru,BlueDart,Delivered
8479,9942,2023-07-06,2023-07-11,Jaipur,Delhivery,Delivered
8480,9943,2024-12-24,2024-12-30,Pune,DTDC,Delivered
8481,9944,2022-10-13,2022-10-15,Nagpur,IndiaPost,Delivered
8482,9945,2025-02-05,2025-02-11,Bengaluru,Delhivery,Delivered
8483,9946,2023-04-29,2023-05-01,Lucknow,DTDC,Delivered
8484,9947,2024-04-08,2024-04-10,Delhi,BlueDart,Delivered
8485,9948,2025-11-16,2025-11-20,Indore,BlueDart,Delayed
8486,9949,2022-01-19,2022-01-24,Surat,DTDC,In Transit
8487,9951,2024-06-02,2024-06-03,Lucknow,BlueDart,Delivered
8488,9952,2024-12-31,2025-01-02,Chandigarh,IndiaPost,Delivered
8489,9953,2025-11-11,2025-11-16,Chennai,IndiaPost,Delivered
8490,9954,2023-09-12,2023-09-17,Nagpur,Ekart,Delivered
8491,9955,2023-09-15,2023-09-16,Kochi,BlueDart,Delivered
8492,9956,2022-07-05,2022-07-10,Nagpur,BlueDart,Delivered
8493,9957,2023-10-25,2023-10-31,Mumbai,Ekart,Delivered
8494,9958,2024-01-11,2024-01-15,Kolkata,DTDC,Delivered
8495,9959,2025-09-10,2025-09-16,Chennai,Delhivery,Delivered
8496,9961,2023-08-04,2023-08-11,Jaipur,IndiaPost,Delivered
8497,9962,2023-12-07,2023-12-09,Delhi,Delhivery,In Transit
8498,9963,2023-06-28,2023-07-02,Delhi,Ekart,Delivered
8499,9964,2024-08-03,2024-08-05,Lucknow,BlueDart,Delivered
8500,9965,2025-01-29,2025-02-05,Jaipur,Ekart,Delivered
8501,9966,2022-04-02,2022-04-09,Pune,DTDC,Delivered
8502,9967,2024-04-11,2024-04-12,Kochi,BlueDart,Delivered
8503,9968,2023-02-04,2023-02-05,Nagpur,Delhivery,In Transit
8504,9969,2022-08-30,2022-08-31,Bengaluru,BlueDart,Delivered
8505,9970,2024-12-22,2024-12-23,Lucknow,DTDC,Delivered
8506,9971,2024-02-04,2024-02-09,Chandigarh,Delhivery,Delivered
8507,9972,2023-10-03,2023-10-10,Lucknow,IndiaPost,Delivered
8508,9973,2024-10-27,2024-10-29,Kolkata,BlueDart,Delivered
8509,9974,2022-11-12,2022-11-17,Hyderabad,Delhivery,Delayed
8510,9975,2022-04-20,2022-04-24,Kochi,DTDC,Delivered
8511,9976,2022-09-11,2022-09-12,Lucknow,IndiaPost,Delivered
8512,9977,2025-04-07,2025-04-09,Indore,BlueDart,Delayed
8513,9978,2023-10-30,2023-11-02,Kolkata,DTDC,Delivered
8514,9980,2023-12-25,2023-12-27,Chennai,Ekart,Delivered
8515,9981,2022-08-22,2022-08-29,Surat,IndiaPost,In Transit
8516,9982,2022-11-11,2022-11-13,Ahmedabad,IndiaPost,Delivered
8517,9983,2024-06-07,2024-06-09,Nagpur,DTDC,Delivered
8518,9984,2023-08-18,2023-08-22,Chandigarh,Delhivery,Delivered
8519,9985,2025-08-04,2025-08-09,Chennai,IndiaPost,Delivered
8520,9987,2025-09-14,2025-09-15,Ahmedabad,BlueDart,Delayed
8521,9988,2025-05-22,2025-05-27,Kochi,DTDC,Delayed
8522,9989,2022-09-08,2022-09-13,Kochi,DTDC,Delivered
8523,9990,2025-05-11,2025-05-16,Hyderabad,DTDC,Delivered
8524,9991,2022-10-30,2022-10-31,Chandigarh,IndiaPost,Delivered
8525,9992,2024-11-28,2024-12-01,Indore,BlueDart,Delayed
8526,9993,2024-06-17,2024-06-18,Delhi,DTDC,Delayed
8527,9994,2023-04-07,2023-04-11,Nagpur,BlueDart,Delayed
8528,9995,2023-02-14,2023-02-18,Kolkata,IndiaPost,Delivered
8529,9997,2024-09-15,2024-09-19,Kochi,IndiaPost,Delayed
8530,9998,2023-07-08,2023-07-12,Kolkata,BlueDart,Delivered
8531,9999,2023-01-20,2023-01-23,Lucknow,IndiaPost,Delivered
8532,10000,2023-01-18,2023-01-23,Mumbai,BlueDart,Delivered
8533,10003,2024-07-19,2024-07-23,Chennai,DTDC,Delivered
8534,10004,2024-06-19,2024-06-21,Nagpur,Delhivery,Delivered
8535,10005,2023-10-17,2023-10-19,Surat,Delhivery,In Transit
8536,10006,2023-05-17,2023-05-21,Chennai,Ekart,Delivered
8537,10007,2023-07-23,2023-07-27,Jaipur,DTDC,Delivered
8538,10008,2024-02-11,2024-02-16,Surat,IndiaPost,Delivered
8539,10009,2024-09-26,2024-09-30,Hyderabad,Delhivery,Delivered
8540,10010,2022-09-14,2022-09-21,Surat,Delhivery,Delivered
8541,10011,2023-06-16,2023-06-17,Pune,IndiaPost,Delivered
8542,10012,2022-01-05,2022-01-11,Ahmedabad,Delhivery,Delivered
8543,10013,2025-12-28,2025-12-30,Nagpur,DTDC,Delivered
8544,10014,2022-03-10,2022-03-17,Kochi,Delhivery,Delivered
8545,10015,2024-10-23,2024-10-28,Surat,IndiaPost,Delivered
8546,10016,2022-09-05,2022-09-12,Chennai,DTDC,Delivered
8547,10017,2024-09-27,2024-09-30,Chennai,DTDC,Delivered
8548,10018,2025-07-20,2025-07-22,Jaipur,IndiaPost,Delivered
8549,10019,2023-12-31,2024-01-06,Delhi,DTDC,Delivered
8550,10020,2022-10-28,2022-10-31,Ahmedabad,BlueDart,Delivered
8551,10021,2022-04-28,2022-05-05,Indore,Ekart,Delivered
8552,10022,2025-01-28,2025-02-01,Delhi,Delhivery,Delivered
8553,10023,2024-11-29,2024-12-02,Surat,DTDC,Delivered
8554,10024,2022-05-11,2022-05-12,Pune,BlueDart,Delivered
8555,10025,2023-07-17,2023-07-23,Hyderabad,Ekart,In Transit
8556,10028,2025-09-28,2025-10-04,Delhi,DTDC,Delivered
8557,10029,2023-11-15,2023-11-21,Ahmedabad,IndiaPost,In Transit
8558,10030,2025-03-26,2025-03-27,Ahmedabad,Delhivery,Delayed
8559,10031,2024-04-08,2024-04-11,Kochi,Delhivery,Delivered
8560,10032,2022-07-26,2022-08-02,Kochi,Ekart,Delivered
8561,10033,2022-10-18,2022-10-20,Chandigarh,IndiaPost,Delivered
8562,10034,2024-01-05,2024-01-07,Ahmedabad,IndiaPost,Delayed
8563,10035,2024-08-24,2024-08-31,Ahmedabad,Delhivery,Delivered
8564,10036,2024-12-06,2024-12-08,Lucknow,Ekart,Delivered
8565,10037,2024-12-18,2024-12-22,Mumbai,IndiaPost,Delivered
8566,10038,2024-05-01,2024-05-02,Chennai,IndiaPost,Delivered
8567,10039,2023-04-26,2023-05-03,Chennai,IndiaPost,Delivered
8568,10040,2024-01-12,2024-01-19,Jaipur,Ekart,Delivered
8569,10041,2022-01-14,2022-01-20,Chennai,BlueDart,Delivered
8570,10042,2022-04-12,2022-04-16,Jaipur,IndiaPost,Delivered
8571,10043,2022-01-06,2022-01-10,Surat,BlueDart,Delivered
8572,10044,2022-07-01,2022-07-07,Kolkata,Ekart,Delivered
8573,10045,2022-10-18,2022-10-25,Kochi,IndiaPost,Delivered
8574,10046,2022-07-30,2022-08-02,Ahmedabad,Delhivery,Delivered
8575,10047,2022-03-02,2022-03-04,Kochi,Delhivery,Delayed
8576,10048,2025-12-10,2025-12-17,Chennai,Delhivery,Delivered
8577,10049,2025-12-05,2025-12-10,Lucknow,Ekart,Delivered
8578,10050,2022-11-26,2022-12-02,Hyderabad,DTDC,Delivered
8579,10051,2025-11-04,2025-11-10,Mumbai,Ekart,Delivered
8580,10052,2022-10-22,2022-10-28,Kolkata,Delhivery,Delayed
8581,10053,2023-11-30,2023-12-06,Nagpur,Ekart,Delivered
8582,10054,2022-04-23,2022-04-29,Pune,DTDC,Delivered
8583,10056,2025-11-21,2025-11-23,Lucknow,Ekart,Delivered
8584,10058,2022-07-13,2022-07-16,Hyderabad,Delhivery,In Transit
8585,10059,2024-11-27,2024-11-28,Indore,BlueDart,Delivered
8586,10060,2025-08-02,2025-08-04,Indore,BlueDart,In Transit
8587,10061,2022-02-18,2022-02-21,Jaipur,BlueDart,Delivered
8588,10062,2022-05-10,2022-05-13,Pune,IndiaPost,Delivered
8589,10063,2024-04-05,2024-04-12,Surat,Ekart,Delivered
8590,10064,2025-09-26,2025-10-03,Delhi,Delhivery,Delayed
8591,10065,2024-02-17,2024-02-21,Kolkata,Delhivery,Delivered
8592,10066,2024-04-02,2024-04-04,Nagpur,IndiaPost,Delayed
8593,10067,2025-09-11,2025-09-12,Kochi,Delhivery,Delivered
8594,10068,2024-05-20,2024-05-24,Lucknow,BlueDart,Delivered
8595,10069,2023-08-06,2023-08-12,Delhi,DTDC,In Transit
8596,10070,2025-03-04,2025-03-08,Chennai,IndiaPost,Delivered
8597,10071,2024-12-29,2025-01-01,Indore,IndiaPost,Delivered
8598,10073,2024-12-30,2025-01-05,Surat,Ekart,Delivered
8599,10074,2025-12-06,2025-12-10,Indore,IndiaPost,Delivered
8600,10075,2025-01-12,2025-01-14,Kochi,BlueDart,Delivered
8601,10076,2023-05-28,2023-06-02,Pune,Ekart,Delivered
8602,10077,2022-08-16,2022-08-20,Kolkata,IndiaPost,Delivered
8603,10078,2025-11-11,2025-11-18,Jaipur,BlueDart,Delivered
8604,10079,2024-12-18,2024-12-25,Bengaluru,Ekart,Delivered
8605,10080,2023-04-08,2023-04-14,Bengaluru,Ekart,Delivered
8606,10081,2023-12-10,2023-12-11,Kochi,Ekart,Delayed
8607,10082,2022-06-30,2022-07-07,Ahmedabad,Delhivery,Delivered
8608,10083,2023-07-24,2023-07-27,Chandigarh,Delhivery,Delayed
8609,10084,2024-08-11,2024-08-13,Pune,DTDC,Delivered
8610,10086,2024-01-13,2024-01-16,Indore,Ekart,Delivered
8611,10087,2023-10-11,2023-10-12,Kolkata,DTDC,Delivered
8612,10088,2024-06-19,2024-06-23,Delhi,DTDC,Delivered
8613,10089,2025-08-07,2025-08-14,Ahmedabad,Delhivery,Delivered
8614,10090,2022-05-08,2022-05-15,Kochi,Delhivery,Delivered
8615,10092,2023-03-06,2023-03-11,Hyderabad,Ekart,Delivered
8616,10093,2025-05-28,2025-06-02,Delhi,IndiaPost,Delivered
8617,10095,2025-10-17,2025-10-22,Ahmedabad,Delhivery,Delivered
8618,10096,2023-08-12,2023-08-17,Nagpur,DTDC,Delivered
8619,10097,2024-08-24,2024-08-29,Chandigarh,Delhivery,Delivered
8620,10098,2022-11-19,2022-11-24,Ahmedabad,Ekart,In Transit
8621,10099,2024-10-30,2024-11-01,Kolkata,IndiaPost,Delivered
8622,10100,2022-07-08,2022-07-11,Jaipur,DTDC,Delivered
8623,10101,2023-04-21,2023-04-24,Kochi,Ekart,Delivered
8624,10102,2023-07-09,2023-07-15,Bengaluru,DTDC,Delivered
8625,10103,2023-03-18,2023-03-25,Mumbai,Ekart,Delivered
8626,10105,2024-06-12,2024-06-17,Mumbai,Delhivery,Delivered
8627,10106,2022-12-23,2022-12-24,Mumbai,Delhivery,Delivered
8628,10107,2025-01-24,2025-01-28,Kolkata,Delhivery,Delivered
8629,10108,2025-03-30,2025-04-03,Chennai,DTDC,Delivered
8630,10109,2023-06-05,2023-06-06,Indore,DTDC,Delivered
8631,10110,2023-06-11,2023-06-17,Hyderabad,DTDC,In Transit
8632,10111,2024-05-28,2024-05-29,Chandigarh,Delhivery,In Transit
8633,10112,2023-10-26,2023-10-29,Pune,Ekart,Delivered
8634,10113,2025-07-23,2025-07-30,Surat,Delhivery,Delivered
8635,10114,2024-03-26,2024-04-01,Chennai,BlueDart,Delivered
8636,10115,2024-05-14,2024-05-18,Chandigarh,Delhivery,Delayed
8637,10116,2025-01-22,2025-01-27,Chandigarh,Ekart,Delivered
8638,10117,2025-07-11,2025-07-14,Chennai,Ekart,Delivered
8639,10118,2025-11-09,2025-11-12,Bengaluru,BlueDart,Delivered
8640,10119,2026-01-02,2026-01-07,Kochi,IndiaPost,Delivered
8641,10120,2025-01-15,2025-01-21,Hyderabad,Ekart,Delivered
8642,10121,2025-11-16,2025-11-18,Chennai,BlueDart,In Transit
8643,10122,2025-07-04,2025-07-11,Pune,Ekart,Delivered
8644,10123,2025-04-14,2025-04-18,Chandigarh,IndiaPost,Delivered
8645,10124,2024-07-17,2024-07-20,Chennai,BlueDart,Delayed
8646,10126,2024-09-12,2024-09-16,Kolkata,BlueDart,Delivered
8647,10127,2025-09-30,2025-10-03,Lucknow,DTDC,Delivered
8648,10128,2024-09-11,2024-09-18,Hyderabad,Delhivery,Delivered
8649,10129,2024-01-28,2024-02-04,Pune,Ekart,Delivered
8650,10130,2022-06-16,2022-06-23,Kolkata,Ekart,In Transit
8651,10131,2024-10-15,2024-10-16,Nagpur,Delhivery,In Transit
8652,10132,2023-07-05,2023-07-10,Lucknow,Delhivery,In Transit
8653,10133,2024-01-01,2024-01-07,Delhi,BlueDart,Delivered
8654,10134,2024-01-04,2024-01-06,Chandigarh,BlueDart,Delivered
8655,10135,2022-10-16,2022-10-20,Nagpur,IndiaPost,Delivered
8656,10136,2023-04-05,2023-04-10,Ahmedabad,Ekart,Delivered
8657,10137,2025-05-21,2025-05-28,Chennai,Ekart,Delivered
8658,10138,2023-06-09,2023-06-14,Lucknow,IndiaPost,Delayed
8659,10140,2024-06-18,2024-06-19,Jaipur,IndiaPost,Delivered
8660,10141,2025-11-19,2025-11-25,Chennai,IndiaPost,Delivered
8661,10142,2023-08-19,2023-08-24,Hyderabad,Ekart,Delivered
8662,10143,2024-07-26,2024-07-27,Lucknow,DTDC,Delivered
8663,10144,2024-10-23,2024-10-25,Kochi,BlueDart,Delivered
8664,10145,2025-11-04,2025-11-11,Hyderabad,IndiaPost,Delivered
8665,10146,2022-06-18,2022-06-20,Chandigarh,DTDC,Delivered
8666,10147,2023-10-21,2023-10-26,Pune,Ekart,Delivered
8667,10148,2022-06-04,2022-06-09,Jaipur,IndiaPost,Delivered
8668,10149,2024-02-03,2024-02-06,Hyderabad,Delhivery,Delivered
8669,10150,2022-01-21,2022-01-24,Hyderabad,DTDC,Delayed
8670,10151,2023-10-04,2023-10-08,Chandigarh,DTDC,Delayed
8671,10152,2025-04-22,2025-04-27,Jaipur,BlueDart,Delayed
8672,10153,2023-10-08,2023-10-12,Ahmedabad,DTDC,Delayed
8673,10156,2025-01-21,2025-01-23,Chennai,Ekart,Delivered
8674,10157,2025-04-03,2025-04-04,Indore,Ekart,Delivered
8675,10158,2022-06-22,2022-06-29,Chennai,DTDC,Delivered
8676,10160,2023-01-22,2023-01-28,Bengaluru,BlueDart,Delivered
8677,10161,2023-10-22,2023-10-26,Ahmedabad,Ekart,Delivered
8678,10162,2024-04-14,2024-04-21,Chandigarh,IndiaPost,Delivered
8679,10163,2022-10-28,2022-10-30,Bengaluru,Delhivery,Delivered
8680,10164,2022-07-04,2022-07-06,Hyderabad,Ekart,Delivered
8681,10166,2023-03-21,2023-03-22,Pune,BlueDart,Delivered
8682,10167,2024-06-04,2024-06-11,Hyderabad,DTDC,Delayed
8683,10169,2025-08-26,2025-08-27,Indore,Delhivery,Delivered
8684,10170,2023-03-13,2023-03-15,Hyderabad,BlueDart,Delayed
8685,10171,2023-04-03,2023-04-09,Ahmedabad,DTDC,Delivered
8686,10175,2025-11-30,2025-12-05,Jaipur,DTDC,Delivered
8687,10176,2023-02-25,2023-02-27,Hyderabad,DTDC,Delivered
8688,10177,2023-08-23,2023-08-25,Chandigarh,Ekart,Delivered
8689,10178,2023-03-30,2023-04-05,Kochi,BlueDart,Delivered
8690,10179,2024-04-02,2024-04-07,Jaipur,Ekart,Delivered
8691,10181,2025-05-24,2025-05-30,Jaipur,Delhivery,Delivered
8692,10182,2024-12-24,2024-12-29,Jaipur,IndiaPost,Delivered
8693,10183,2024-05-18,2024-05-19,Lucknow,Ekart,In Transit
8694,10184,2025-11-26,2025-12-02,Bengaluru,DTDC,Delivered
8695,10185,2024-02-07,2024-02-14,Ahmedabad,BlueDart,Delivered
8696,10186,2023-02-05,2023-02-09,Kolkata,BlueDart,Delivered
8697,10187,2022-07-14,2022-07-15,Ahmedabad,Delhivery,In Transit
8698,10188,2024-10-15,2024-10-16,Kolkata,DTDC,Delivered
8699,10189,2022-08-28,2022-09-01,Pune,Delhivery,Delivered
8700,10190,2023-05-06,2023-05-08,Jaipur,Ekart,In Transit
8701,10192,2022-09-02,2022-09-03,Delhi,DTDC,Delivered
8702,10193,2024-07-25,2024-07-28,Lucknow,Ekart,Delivered
8703,10194,2025-06-15,2025-06-19,Jaipur,IndiaPost,Delivered
8704,10195,2025-10-24,2025-10-28,Pune,Ekart,Delivered
8705,10196,2025-10-01,2025-10-08,Lucknow,Delhivery,Delivered
8706,10197,2022-02-21,2022-02-28,Kochi,Ekart,Delivered
8707,10198,2023-12-28,2024-01-03,Hyderabad,Ekart,Delivered
8708,10199,2025-04-18,2025-04-24,Chennai,IndiaPost,In Transit
8709,10200,2024-03-05,2024-03-10,Nagpur,IndiaPost,Delivered
8710,10201,2022-12-23,2022-12-28,Lucknow,DTDC,Delivered
8711,10202,2022-10-21,2022-10-22,Delhi,DTDC,Delayed
8712,10203,2023-10-14,2023-10-15,Jaipur,DTDC,Delivered
8713,10204,2022-09-17,2022-09-18,Surat,BlueDart,Delivered
8714,10205,2024-05-25,2024-05-28,Kochi,Ekart,Delayed
8715,10206,2022-03-28,2022-04-03,Surat,IndiaPost,Delivered
8716,10207,2025-01-18,2025-01-25,Pune,BlueDart,Delivered
8717,10208,2024-09-03,2024-09-05,Kochi,Ekart,In Transit
8718,10209,2024-10-17,2024-10-19,Chandigarh,DTDC,In Transit
8719,10210,2024-08-25,2024-08-26,Hyderabad,Delhivery,Delivered
8720,10212,2023-02-06,2023-02-12,Kolkata,Delhivery,Delivered
8721,10214,2023-10-27,2023-10-28,Jaipur,BlueDart,Delivered
8722,10215,2023-08-12,2023-08-17,Chennai,Ekart,Delivered
8723,10216,2024-07-12,2024-07-19,Surat,Delhivery,Delivered
8724,10217,2023-12-10,2023-12-14,Bengaluru,IndiaPost,Delivered
8725,10218,2025-03-10,2025-03-14,Ahmedabad,Ekart,Delivered
8726,10219,2023-09-17,2023-09-21,Kochi,DTDC,Delivered
8727,10220,2023-08-07,2023-08-08,Ahmedabad,IndiaPost,Delivered
8728,10221,2025-06-22,2025-06-27,Indore,Delhivery,Delivered
8729,10222,2022-03-07,2022-03-12,Mumbai,DTDC,Delivered
8730,10223,2022-11-07,2022-11-12,Mumbai,IndiaPost,Delivered
8731,10224,2023-04-08,2023-04-11,Hyderabad,IndiaPost,Delivered
8732,10225,2024-06-20,2024-06-23,Pune,Ekart,In Transit
8733,10226,2025-08-11,2025-08-16,Kochi,Ekart,Delivered
8734,10227,2024-07-07,2024-07-14,Pune,Ekart,Delivered
8735,10228,2025-01-01,2025-01-07,Kochi,Delhivery,In Transit
8736,10229,2023-10-03,2023-10-08,Lucknow,IndiaPost,Delayed
8737,10230,2022-11-27,2022-12-02,Chandigarh,BlueDart,Delivered
8738,10231,2025-11-18,2025-11-19,Kolkata,BlueDart,Delivered
8739,10233,2022-10-01,2022-10-07,Mumbai,IndiaPost,Delivered
8740,10234,2025-03-02,2025-03-07,Jaipur,DTDC,Delivered
8741,10235,2022-02-02,2022-02-06,Bengaluru,BlueDart,Delayed
8742,10236,2024-12-02,2024-12-08,Mumbai,Ekart,Delivered
8743,10239,2022-05-25,2022-05-30,Ahmedabad,Ekart,Delivered
8744,10240,2023-08-17,2023-08-24,Hyderabad,DTDC,Delivered
8745,10242,2023-11-08,2023-11-12,Mumbai,DTDC,Delivered
8746,10243,2024-01-27,2024-01-28,Kolkata,Delhivery,In Transit
8747,10246,2025-05-06,2025-05-09,Kolkata,BlueDart,Delivered
8748,10247,2023-07-30,2023-08-01,Surat,Ekart,Delivered
8749,10249,2024-01-27,2024-02-02,Kolkata,BlueDart,Delivered
8750,10250,2023-01-29,2023-02-03,Nagpur,BlueDart,Delivered
8751,10251,2023-07-14,2023-07-17,Nagpur,Ekart,In Transit
8752,10252,2025-08-07,2025-08-09,Delhi,DTDC,Delivered
8753,10253,2022-05-10,2022-05-17,Chandigarh,DTDC,Delivered
8754,10254,2025-10-28,2025-10-29,Nagpur,DTDC,Delivered
8755,10256,2025-11-15,2025-11-21,Delhi,Delhivery,Delivered
8756,10257,2022-06-27,2022-07-01,Lucknow,Ekart,Delivered
8757,10259,2022-11-09,2022-11-13,Jaipur,Delhivery,In Transit
8758,10262,2023-10-25,2023-11-01,Indore,Delhivery,Delivered
8759,10263,2023-10-29,2023-11-05,Pune,Delhivery,Delivered
8760,10264,2022-03-05,2022-03-08,Ahmedabad,Ekart,Delivered
8761,10265,2023-03-29,2023-03-30,Chandigarh,IndiaPost,Delivered
8762,10266,2025-05-26,2025-06-02,Jaipur,Delhivery,Delivered
8763,10267,2022-11-01,2022-11-07,Kochi,Ekart,Delivered
8764,10268,2024-09-14,2024-09-15,Kolkata,IndiaPost,In Transit
8765,10269,2022-11-04,2022-11-10,Nagpur,Delhivery,Delivered
8766,10270,2024-10-10,2024-10-11,Chandigarh,Delhivery,Delivered
8767,10272,2025-02-27,2025-02-28,Chandigarh,BlueDart,Delivered
8768,10273,2025-01-16,2025-01-19,Surat,IndiaPost,Delivered
8769,10274,2025-04-29,2025-05-05,Ahmedabad,BlueDart,Delivered
8770,10275,2024-05-26,2024-05-28,Kochi,IndiaPost,Delivered
8771,10276,2025-05-31,2025-06-06,Pune,Ekart,Delayed
8772,10279,2024-12-15,2024-12-21,Jaipur,Ekart,Delivered
8773,10280,2025-01-06,2025-01-11,Jaipur,Ekart,Delivered
8774,10281,2025-07-25,2025-07-31,Surat,BlueDart,Delivered
8775,10283,2023-11-10,2023-11-13,Jaipur,IndiaPost,Delivered
8776,10284,2022-10-17,2022-10-23,Pune,BlueDart,Delivered
8777,10285,2022-06-17,2022-06-22,Ahmedabad,Delhivery,Delivered
8778,10286,2024-11-03,2024-11-10,Lucknow,IndiaPost,Delivered
8779,10287,2025-07-15,2025-07-22,Ahmedabad,DTDC,Delivered
8780,10288,2023-09-24,2023-09-27,Pune,Ekart,Delayed
8781,10289,2024-05-19,2024-05-26,Kolkata,DTDC,Delivered
8782,10290,2024-04-03,2024-04-04,Pune,Delhivery,Delivered
8783,10291,2022-04-13,2022-04-20,Lucknow,BlueDart,Delivered
8784,10292,2024-09-03,2024-09-05,Hyderabad,Delhivery,Delivered
8785,10293,2025-02-15,2025-02-20,Surat,Delhivery,Delivered
8786,10294,2024-08-22,2024-08-27,Hyderabad,Delhivery,Delivered
8787,10295,2022-07-24,2022-07-27,Chennai,IndiaPost,Delayed
8788,10296,2022-03-09,2022-03-15,Indore,DTDC,Delivered
8789,10298,2023-09-25,2023-09-26,Indore,BlueDart,Delivered
8790,10299,2024-12-05,2024-12-11,Kochi,DTDC,Delayed
8791,10300,2024-03-01,2024-03-08,Mumbai,IndiaPost,Delivered
8792,10301,2023-09-03,2023-09-06,Indore,DTDC,Delivered
8793,10302,2022-06-26,2022-06-29,Mumbai,IndiaPost,Delayed
8794,10303,2025-03-20,2025-03-22,Bengaluru,Delhivery,Delivered
8795,10304,2022-12-24,2022-12-29,Jaipur,Ekart,Delivered
8796,10305,2022-01-05,2022-01-12,Chennai,DTDC,Delivered
8797,10306,2024-06-11,2024-06-14,Indore,BlueDart,Delivered
8798,10307,2023-04-14,2023-04-15,Hyderabad,IndiaPost,Delayed
8799,10308,2025-01-29,2025-01-30,Bengaluru,DTDC,Delivered
8800,10309,2025-11-26,2025-12-03,Jaipur,BlueDart,Delayed
8801,10310,2023-06-12,2023-06-18,Ahmedabad,IndiaPost,Delivered
8802,10311,2024-11-28,2024-12-01,Pune,DTDC,Delivered
8803,10312,2023-12-18,2023-12-20,Ahmedabad,DTDC,Delivered
8804,10313,2024-10-16,2024-10-23,Hyderabad,DTDC,Delivered
8805,10314,2023-06-18,2023-06-20,Jaipur,DTDC,Delivered
8806,10315,2023-07-02,2023-07-04,Nagpur,IndiaPost,In Transit
8807,10316,2023-10-31,2023-11-07,Surat,Delhivery,Delivered
8808,10317,2024-11-13,2024-11-18,Chandigarh,IndiaPost,Delivered
8809,10318,2023-02-05,2023-02-06,Lucknow,Delhivery,Delivered
8810,10320,2025-08-12,2025-08-16,Surat,Delhivery,Delivered
8811,10321,2023-06-10,2023-06-14,Kolkata,DTDC,Delivered
8812,10322,2024-02-18,2024-02-25,Nagpur,Ekart,Delivered
8813,10323,2025-03-31,2025-04-04,Nagpur,DTDC,Delivered
8814,10325,2023-03-09,2023-03-10,Kolkata,IndiaPost,Delivered
8815,10327,2023-12-04,2023-12-06,Kolkata,IndiaPost,Delivered
8816,10328,2022-02-21,2022-02-26,Indore,Ekart,Delivered
8817,10329,2023-12-17,2023-12-21,Nagpur,Ekart,Delivered
8818,10330,2024-01-30,2024-02-05,Bengaluru,DTDC,Delayed
8819,10331,2022-07-03,2022-07-07,Indore,Ekart,In Transit
8820,10332,2022-01-08,2022-01-13,Indore,BlueDart,Delayed
8821,10333,2023-07-07,2023-07-09,Lucknow,BlueDart,Delivered
8822,10335,2025-07-23,2025-07-30,Chennai,Ekart,Delivered
8823,10336,2023-07-28,2023-08-04,Indore,IndiaPost,Delivered
8824,10337,2025-08-02,2025-08-04,Kolkata,IndiaPost,Delivered
8825,10338,2024-01-14,2024-01-18,Nagpur,IndiaPost,Delivered
8826,10339,2025-04-29,2025-05-04,Kolkata,IndiaPost,In Transit
8827,10342,2023-07-28,2023-08-01,Delhi,BlueDart,Delivered
8828,10343,2022-01-28,2022-01-31,Surat,IndiaPost,Delivered
8829,10344,2024-01-25,2024-01-31,Chandigarh,Ekart,Delivered
8830,10345,2024-07-23,2024-07-24,Indore,Delhivery,In Transit
8831,10346,2023-02-22,2023-02-25,Kochi,DTDC,Delivered
8832,10347,2025-08-29,2025-09-03,Kochi,BlueDart,Delivered
8833,10348,2023-05-17,2023-05-22,Jaipur,Ekart,Delivered
8834,10350,2022-05-23,2022-05-29,Jaipur,DTDC,Delivered
8835,10351,2022-06-14,2022-06-16,Chennai,IndiaPost,In Transit
8836,10352,2022-09-25,2022-10-02,Kolkata,IndiaPost,Delivered
8837,10353,2023-10-23,2023-10-30,Nagpur,IndiaPost,Delivered
8838,10354,2025-06-06,2025-06-10,Jaipur,Delhivery,Delivered
8839,10355,2022-09-09,2022-09-15,Chennai,Ekart,Delivered
8840,10356,2025-01-22,2025-01-26,Delhi,IndiaPost,Delivered
8841,10357,2025-05-13,2025-05-17,Delhi,Delhivery,Delivered
8842,10358,2025-07-06,2025-07-12,Pune,Delhivery,Delivered
8843,10359,2025-03-10,2025-03-13,Surat,Ekart,Delivered
8844,10360,2025-02-24,2025-02-28,Surat,IndiaPost,Delivered
8845,10361,2022-07-31,2022-08-06,Hyderabad,BlueDart,Delivered
8846,10362,2025-10-07,2025-10-12,Hyderabad,Delhivery,Delivered
8847,10363,2025-08-20,2025-08-25,Indore,IndiaPost,Delivered
8848,10364,2022-07-17,2022-07-19,Chennai,BlueDart,Delivered
8849,10365,2023-02-18,2023-02-19,Ahmedabad,BlueDart,Delivered
8850,10366,2025-12-10,2025-12-16,Ahmedabad,Ekart,Delivered
8851,10367,2022-10-11,2022-10-14,Bengaluru,BlueDart,Delivered
8852,10368,2023-11-23,2023-11-27,Ahmedabad,Delhivery,Delayed
8853,10369,2025-07-12,2025-07-14,Delhi,BlueDart,Delivered
8854,10370,2025-10-10,2025-10-15,Kochi,Delhivery,Delivered
8855,10371,2023-01-23,2023-01-28,Lucknow,BlueDart,Delivered
8856,10372,2022-06-29,2022-07-01,Bengaluru,DTDC,Delivered
8857,10373,2025-02-24,2025-03-01,Kochi,Delhivery,Delivered
8858,10374,2024-07-14,2024-07-15,Hyderabad,Ekart,Delivered
8859,10375,2024-05-23,2024-05-29,Indore,IndiaPost,Delivered
8860,10376,2023-12-27,2024-01-02,Mumbai,DTDC,Delivered
8861,10378,2022-08-11,2022-08-14,Mumbai,Delhivery,Delivered
8862,10379,2025-08-13,2025-08-16,Kochi,IndiaPost,Delivered
8863,10380,2025-10-07,2025-10-12,Kolkata,Ekart,Delivered
8864,10381,2025-09-26,2025-09-28,Chandigarh,IndiaPost,Delivered
8865,10382,2022-08-07,2022-08-09,Chandigarh,BlueDart,Delivered
8866,10383,2023-08-16,2023-08-19,Kolkata,IndiaPost,Delivered
8867,10384,2024-07-11,2024-07-13,Ahmedabad,BlueDart,Delivered
8868,10385,2023-02-15,2023-02-16,Jaipur,BlueDart,Delivered
8869,10386,2023-08-20,2023-08-21,Indore,Ekart,In Transit
8870,10387,2024-08-03,2024-08-10,Nagpur,DTDC,Delivered
8871,10388,2023-07-05,2023-07-11,Hyderabad,BlueDart,Delivered
8872,10389,2024-11-21,2024-11-24,Nagpur,DTDC,Delivered
8873,10392,2023-06-03,2023-06-10,Chennai,IndiaPost,Delayed
8874,10393,2025-12-22,2025-12-27,Mumbai,Delhivery,Delivered
8875,10394,2024-08-26,2024-08-27,Indore,BlueDart,Delivered
8876,10395,2023-02-14,2023-02-19,Indore,IndiaPost,Delivered
8877,10396,2024-10-09,2024-10-16,Indore,IndiaPost,Delivered
8878,10399,2025-05-10,2025-05-13,Nagpur,DTDC,Delivered
8879,10400,2025-07-31,2025-08-06,Chennai,IndiaPost,Delayed
8880,10401,2023-09-17,2023-09-22,Nagpur,DTDC,Delayed
8881,10402,2025-08-05,2025-08-12,Kolkata,IndiaPost,Delivered
8882,10403,2025-01-12,2025-01-17,Bengaluru,IndiaPost,In Transit
8883,10405,2023-02-12,2023-02-19,Pune,BlueDart,Delivered
8884,10407,2023-01-13,2023-01-17,Kolkata,IndiaPost,Delivered
8885,10408,2024-05-01,2024-05-08,Nagpur,BlueDart,Delivered
8886,10409,2024-03-06,2024-03-09,Delhi,Delhivery,In Transit
8887,10410,2025-05-20,2025-05-27,Delhi,Ekart,Delivered
8888,10411,2025-08-14,2025-08-17,Hyderabad,IndiaPost,Delivered
8889,10412,2025-09-14,2025-09-16,Hyderabad,DTDC,In Transit
8890,10413,2024-04-15,2024-04-18,Indore,BlueDart,Delivered
8891,10415,2024-09-22,2024-09-26,Bengaluru,IndiaPost,Delivered
8892,10416,2025-01-28,2025-02-02,Chandigarh,Delhivery,Delivered
8893,10417,2023-10-16,2023-10-19,Kochi,Delhivery,Delivered
8894,10418,2022-12-11,2022-12-13,Mumbai,IndiaPost,Delivered
8895,10419,2022-08-12,2022-08-15,Nagpur,DTDC,Delivered
8896,10420,2025-06-07,2025-06-13,Jaipur,Ekart,In Transit
8897,10421,2025-07-06,2025-07-09,Kolkata,Delhivery,Delivered
8898,10422,2024-08-23,2024-08-27,Mumbai,BlueDart,Delivered
8899,10423,2023-04-09,2023-04-13,Chandigarh,Delhivery,Delivered
8900,10425,2022-09-27,2022-09-29,Delhi,DTDC,Delivered
8901,10426,2025-12-31,2026-01-06,Chennai,IndiaPost,Delayed
8902,10427,2024-06-28,2024-07-05,Chennai,IndiaPost,Delivered
8903,10428,2024-10-07,2024-10-14,Jaipur,Ekart,Delivered
8904,10429,2025-02-07,2025-02-12,Jaipur,DTDC,Delayed
8905,10430,2023-06-11,2023-06-17,Chandigarh,Ekart,Delivered
8906,10431,2023-12-02,2023-12-05,Mumbai,DTDC,Delivered
8907,10432,2022-05-17,2022-05-21,Kolkata,IndiaPost,Delivered
8908,10433,2025-10-09,2025-10-11,Lucknow,DTDC,Delivered
8909,10434,2023-02-05,2023-02-06,Bengaluru,Delhivery,Delivered
8910,10435,2022-10-27,2022-10-29,Delhi,IndiaPost,Delivered
8911,10438,2024-12-03,2024-12-10,Jaipur,IndiaPost,Delivered
8912,10439,2023-06-18,2023-06-20,Hyderabad,Delhivery,Delivered
8913,10440,2024-09-28,2024-10-01,Indore,Delhivery,Delivered
8914,10442,2022-05-01,2022-05-02,Nagpur,BlueDart,In Transit
8915,10443,2025-06-27,2025-07-03,Chandigarh,Ekart,Delivered
8916,10444,2024-05-27,2024-06-02,Lucknow,DTDC,Delivered
8917,10447,2023-06-11,2023-06-13,Mumbai,Ekart,Delivered
8918,10449,2025-08-16,2025-08-20,Kolkata,Delhivery,Delivered
8919,10450,2023-02-22,2023-02-25,Chandigarh,IndiaPost,In Transit
8920,10452,2024-02-23,2024-02-24,Nagpur,DTDC,Delivered
8921,10453,2023-06-16,2023-06-17,Nagpur,IndiaPost,Delivered
8922,10454,2022-03-05,2022-03-07,Jaipur,BlueDart,In Transit
8923,10456,2024-08-08,2024-08-13,Pune,IndiaPost,Delivered
8924,10457,2024-05-08,2024-05-10,Mumbai,BlueDart,Delivered
8925,10458,2022-01-14,2022-01-17,Ahmedabad,DTDC,Delivered
8926,10459,2025-09-11,2025-09-12,Kochi,Delhivery,Delivered
8927,10460,2025-01-27,2025-02-02,Surat,BlueDart,Delivered
8928,10461,2024-08-05,2024-08-10,Bengaluru,IndiaPost,Delivered
8929,10462,2023-10-12,2023-10-15,Jaipur,Ekart,Delivered
8930,10463,2022-11-15,2022-11-19,Pune,DTDC,Delivered
8931,10464,2025-10-27,2025-11-01,Chennai,IndiaPost,Delayed
8932,10465,2025-07-03,2025-07-10,Chennai,DTDC,In Transit
8933,10466,2025-04-28,2025-05-04,Hyderabad,DTDC,Delivered
8934,10467,2023-01-31,2023-02-03,Surat,Ekart,Delivered
8935,10469,2023-08-01,2023-08-04,Surat,DTDC,Delivered
8936,10470,2023-10-28,2023-10-31,Lucknow,DTDC,Delivered
8937,10471,2024-09-15,2024-09-20,Surat,Delhivery,Delivered
8938,10472,2023-07-07,2023-07-10,Hyderabad,Delhivery,In Transit
8939,10473,2025-11-30,2025-12-05,Mumbai,IndiaPost,Delivered
8940,10474,2025-03-13,2025-03-20,Ahmedabad,BlueDart,Delivered
8941,10475,2025-12-24,2025-12-26,Bengaluru,DTDC,Delayed
8942,10476,2025-09-23,2025-09-29,Ahmedabad,BlueDart,Delivered
8943,10477,2024-10-23,2024-10-28,Indore,BlueDart,Delivered
8944,10478,2023-06-19,2023-06-22,Jaipur,DTDC,Delivered
8945,10479,2025-08-08,2025-08-09,Chennai,Ekart,Delivered
8946,10480,2022-05-16,2022-05-23,Kochi,DTDC,In Transit
8947,10481,2025-01-24,2025-01-28,Ahmedabad,Delhivery,Delivered
8948,10482,2025-04-27,2025-05-01,Bengaluru,Delhivery,In Transit
8949,10483,2025-08-12,2025-08-13,Surat,DTDC,Delivered
8950,10484,2025-02-09,2025-02-10,Chennai,IndiaPost,Delivered
8951,10486,2024-07-09,2024-07-12,Bengaluru,Delhivery,Delivered
8952,10487,2022-12-14,2022-12-17,Chandigarh,IndiaPost,Delivered
8953,10488,2024-09-06,2024-09-10,Kolkata,Delhivery,Delivered
8954,10489,2024-06-04,2024-06-05,Chandigarh,BlueDart,Delivered
8955,10490,2022-12-03,2022-12-10,Ahmedabad,IndiaPost,Delivered
8956,10491,2024-04-05,2024-04-06,Pune,Ekart,Delivered
8957,10492,2024-12-19,2024-12-21,Delhi,DTDC,Delivered
8958,10494,2025-05-05,2025-05-08,Surat,Delhivery,Delivered
8959,10495,2023-11-30,2023-12-07,Indore,BlueDart,Delivered
8960,10496,2024-01-08,2024-01-11,Jaipur,DTDC,Delivered
8961,10497,2022-03-07,2022-03-08,Kochi,Delhivery,Delivered
8962,10498,2023-08-19,2023-08-25,Kolkata,DTDC,Delivered
8963,10499,2025-01-03,2025-01-09,Chandigarh,IndiaPost,In Transit
8964,10500,2025-08-30,2025-09-06,Ahmedabad,Ekart,Delivered
8965,10501,2024-10-27,2024-10-29,Chandigarh,DTDC,Delivered
8966,10502,2025-06-08,2025-06-13,Indore,DTDC,Delivered
8967,10503,2022-02-01,2022-02-05,Kolkata,Delhivery,Delayed
8968,10504,2022-12-06,2022-12-07,Chennai,IndiaPost,Delivered
8969,10505,2024-01-15,2024-01-18,Bengaluru,Delhivery,Delivered
8970,10507,2025-12-22,2025-12-24,Pune,Ekart,Delivered
8971,10508,2022-08-31,2022-09-01,Delhi,Delhivery,Delivered
8972,10509,2022-04-22,2022-04-28,Bengaluru,Ekart,Delivered
8973,10510,2022-03-08,2022-03-10,Indore,Delhivery,In Transit
8974,10511,2024-01-05,2024-01-09,Lucknow,Ekart,Delivered
8975,10512,2024-03-04,2024-03-05,Jaipur,IndiaPost,Delivered
8976,10513,2024-10-09,2024-10-15,Mumbai,DTDC,Delivered
8977,10514,2023-12-28,2024-01-03,Jaipur,IndiaPost,Delivered
8978,10516,2022-02-16,2022-02-23,Surat,Ekart,Delivered
8979,10517,2025-11-02,2025-11-04,Mumbai,Delhivery,Delivered
8980,10518,2025-06-06,2025-06-09,Jaipur,Ekart,Delayed
8981,10519,2023-09-24,2023-09-28,Chennai,Ekart,Delivered
8982,10521,2022-03-13,2022-03-20,Lucknow,IndiaPost,Delivered
8983,10522,2025-04-23,2025-04-28,Indore,Delhivery,Delivered
8984,10523,2023-06-03,2023-06-05,Chandigarh,BlueDart,Delivered
8985,10524,2023-07-04,2023-07-07,Ahmedabad,BlueDart,Delivered
8986,10525,2024-03-10,2024-03-12,Chennai,Ekart,Delivered
8987,10526,2022-11-19,2022-11-26,Chennai,DTDC,Delivered
8988,10528,2023-11-15,2023-11-19,Hyderabad,IndiaPost,Delivered
8989,10529,2025-11-12,2025-11-14,Indore,Delhivery,Delivered
8990,10530,2025-12-02,2025-12-09,Nagpur,BlueDart,Delivered
8991,10531,2023-01-05,2023-01-09,Delhi,DTDC,Delivered
8992,10532,2023-07-14,2023-07-20,Lucknow,BlueDart,Delivered
8993,10533,2024-04-08,2024-04-11,Nagpur,Ekart,Delayed
8994,10534,2023-01-03,2023-01-09,Chandigarh,Ekart,Delayed
8995,10535,2022-10-18,2022-10-25,Mumbai,BlueDart,Delivered
8996,10536,2025-08-30,2025-09-01,Jaipur,DTDC,Delivered
8997,10537,2022-03-10,2022-03-11,Surat,DTDC,Delivered
8998,10538,2022-07-16,2022-07-23,Nagpur,Delhivery,Delivered
8999,10539,2023-04-08,2023-04-13,Pune,Delhivery,Delivered
9000,10540,2023-03-30,2023-03-31,Pune,Delhivery,In Transit
9001,10541,2024-08-10,2024-08-13,Kolkata,DTDC,Delivered
9002,10542,2023-08-07,2023-08-13,Mumbai,DTDC,Delivered
9003,10543,2023-10-08,2023-10-11,Nagpur,BlueDart,Delivered
9004,10545,2024-04-23,2024-04-25,Kolkata,IndiaPost,Delivered
9005,10547,2023-05-22,2023-05-26,Indore,DTDC,Delivered
9006,10548,2024-11-21,2024-11-25,Mumbai,IndiaPost,Delivered
9007,10549,2024-05-22,2024-05-24,Kolkata,BlueDart,Delayed
9008,10550,2022-06-20,2022-06-26,Surat,DTDC,Delivered
9009,10551,2025-12-09,2025-12-16,Chennai,Ekart,Delivered
9010,10552,2023-06-02,2023-06-09,Indore,Delhivery,Delivered
9011,10553,2023-01-02,2023-01-04,Kolkata,Delhivery,Delivered
9012,10554,2025-02-14,2025-02-19,Ahmedabad,Delhivery,In Transit
9013,10555,2023-09-14,2023-09-17,Kochi,BlueDart,Delivered
9014,10556,2022-08-27,2022-09-03,Chandigarh,IndiaPost,Delivered
9015,10558,2022-02-07,2022-02-14,Indore,IndiaPost,Delayed
9016,10559,2023-04-24,2023-04-30,Surat,BlueDart,Delivered
9017,10560,2023-08-26,2023-09-01,Jaipur,BlueDart,Delivered
9018,10561,2024-06-12,2024-06-16,Hyderabad,DTDC,Delivered
9019,10562,2023-08-06,2023-08-08,Lucknow,DTDC,Delivered
9020,10563,2023-10-28,2023-11-04,Pune,Ekart,Delivered
9021,10564,2024-01-09,2024-01-13,Indore,Delhivery,Delivered
9022,10565,2025-08-04,2025-08-07,Delhi,BlueDart,Delayed
9023,10566,2023-05-21,2023-05-26,Jaipur,IndiaPost,Delivered
9024,10567,2022-11-27,2022-12-03,Ahmedabad,Delhivery,Delivered
9025,10568,2022-05-13,2022-05-18,Nagpur,Ekart,Delivered
9026,10569,2023-05-07,2023-05-11,Lucknow,Ekart,Delivered
9027,10570,2025-06-02,2025-06-04,Hyderabad,IndiaPost,Delivered
9028,10571,2023-07-29,2023-08-01,Surat,Ekart,Delivered
9029,10572,2022-08-12,2022-08-16,Lucknow,Ekart,Delivered
9030,10573,2023-05-11,2023-05-15,Delhi,BlueDart,Delivered
9031,10574,2025-02-18,2025-02-19,Ahmedabad,DTDC,Delayed
9032,10575,2024-06-28,2024-07-05,Delhi,Ekart,Delivered
9033,10576,2025-10-08,2025-10-12,Chennai,IndiaPost,Delivered
9034,10577,2024-09-14,2024-09-20,Surat,IndiaPost,Delivered
9035,10578,2025-10-19,2025-10-23,Chandigarh,IndiaPost,Delivered
9036,10579,2024-04-11,2024-04-12,Indore,DTDC,Delivered
9037,10581,2022-11-27,2022-11-29,Lucknow,IndiaPost,Delivered
9038,10582,2022-06-16,2022-06-20,Chennai,DTDC,Delivered
9039,10583,2024-01-14,2024-01-17,Lucknow,Delhivery,Delivered
9040,10584,2022-11-20,2022-11-26,Jaipur,Delhivery,Delivered
9041,10585,2025-01-11,2025-01-18,Nagpur,DTDC,Delivered
9042,10588,2024-11-10,2024-11-15,Chennai,DTDC,Delivered
9043,10589,2025-06-10,2025-06-16,Hyderabad,Ekart,Delivered
9044,10590,2024-07-08,2024-07-14,Ahmedabad,DTDC,Delivered
9045,10591,2025-03-19,2025-03-26,Pune,BlueDart,Delivered
9046,10592,2022-08-23,2022-08-27,Surat,DTDC,Delivered
9047,10593,2023-05-08,2023-05-09,Nagpur,IndiaPost,Delivered
9048,10595,2025-06-26,2025-06-27,Bengaluru,Ekart,Delivered
9049,10596,2022-12-07,2022-12-11,Bengaluru,Ekart,Delayed
9050,10597,2025-08-11,2025-08-15,Bengaluru,IndiaPost,Delivered
9051,10598,2022-01-25,2022-01-27,Lucknow,Ekart,Delivered
9052,10599,2023-07-13,2023-07-16,Chennai,IndiaPost,Delivered
9053,10600,2025-04-11,2025-04-15,Indore,Delhivery,Delivered
9054,10601,2023-04-10,2023-04-12,Lucknow,Delhivery,Delayed
9055,10602,2025-07-12,2025-07-18,Surat,IndiaPost,Delivered
9056,10603,2023-08-05,2023-08-09,Jaipur,Ekart,Delivered
9057,10604,2024-08-31,2024-09-07,Kochi,IndiaPost,Delivered
9058,10605,2025-06-15,2025-06-16,Ahmedabad,Ekart,Delivered
9059,10606,2024-04-23,2024-04-25,Nagpur,IndiaPost,Delivered
9060,10607,2024-09-22,2024-09-28,Chennai,IndiaPost,Delayed
9061,10609,2024-02-26,2024-03-04,Lucknow,DTDC,Delivered
9062,10610,2022-10-13,2022-10-14,Indore,BlueDart,Delivered
9063,10611,2023-02-04,2023-02-11,Mumbai,Delhivery,Delivered
9064,10612,2022-12-16,2022-12-18,Delhi,DTDC,Delivered
9065,10614,2023-03-31,2023-04-02,Kolkata,Delhivery,Delivered
9066,10615,2025-11-20,2025-11-25,Pune,BlueDart,Delivered
9067,10617,2024-09-14,2024-09-18,Chandigarh,DTDC,Delivered
9068,10618,2022-07-08,2022-07-14,Delhi,IndiaPost,Delivered
9069,10619,2025-06-27,2025-06-29,Lucknow,IndiaPost,Delivered
9070,10620,2025-12-12,2025-12-17,Nagpur,DTDC,Delivered
9071,10623,2025-07-09,2025-07-13,Indore,DTDC,Delivered
9072,10624,2023-05-12,2023-05-17,Hyderabad,IndiaPost,Delivered
9073,10625,2024-05-24,2024-05-27,Kolkata,BlueDart,Delivered
9074,10626,2025-12-06,2025-12-12,Ahmedabad,IndiaPost,Delivered
9075,10627,2022-02-08,2022-02-12,Chennai,Delhivery,In Transit
9076,10628,2024-10-13,2024-10-15,Kochi,Delhivery,Delivered
9077,10629,2022-07-24,2022-07-26,Lucknow,DTDC,Delivered
9078,10630,2025-07-26,2025-07-27,Kochi,BlueDart,Delivered
9079,10631,2024-03-23,2024-03-27,Jaipur,DTDC,Delivered
9080,10632,2023-08-03,2023-08-06,Jaipur,IndiaPost,Delivered
9081,10633,2022-11-14,2022-11-20,Mumbai,Delhivery,Delivered
9082,10635,2025-05-29,2025-06-01,Nagpur,Delhivery,Delivered
9083,10636,2024-02-26,2024-03-01,Ahmedabad,Delhivery,Delivered
9084,10637,2024-09-27,2024-09-29,Lucknow,Delhivery,Delivered
9085,10639,2022-02-11,2022-02-16,Indore,Delhivery,Delivered
9086,10640,2022-01-04,2022-01-05,Chennai,BlueDart,Delivered
9087,10641,2024-05-20,2024-05-25,Ahmedabad,Ekart,Delivered
9088,10642,2022-03-17,2022-03-18,Hyderabad,IndiaPost,Delivered
9089,10643,2025-03-11,2025-03-16,Mumbai,IndiaPost,Delivered
9090,10644,2024-02-04,2024-02-05,Kolkata,DTDC,Delivered
9091,10645,2024-02-27,2024-03-04,Ahmedabad,Ekart,Delivered
9092,10646,2023-09-23,2023-09-30,Chandigarh,Ekart,Delayed
9093,10647,2025-07-24,2025-07-31,Jaipur,Delhivery,Delivered
9094,10648,2025-11-15,2025-11-19,Surat,Ekart,Delayed
9095,10649,2025-06-13,2025-06-19,Kolkata,Delhivery,Delivered
9096,10650,2024-10-04,2024-10-09,Indore,Delhivery,Delivered
9097,10651,2022-03-20,2022-03-24,Chennai,DTDC,Delayed
9098,10652,2025-01-29,2025-02-04,Lucknow,DTDC,Delivered
9099,10653,2025-09-29,2025-09-30,Ahmedabad,DTDC,Delivered
9100,10654,2024-12-26,2025-01-01,Surat,IndiaPost,Delivered
9101,10655,2025-07-13,2025-07-20,Chandigarh,Ekart,Delivered
9102,10656,2024-06-29,2024-07-06,Mumbai,Delhivery,Delivered
9103,10657,2022-10-12,2022-10-18,Surat,IndiaPost,Delivered
9104,10658,2022-12-22,2022-12-27,Surat,BlueDart,Delayed
9105,10659,2022-12-22,2022-12-28,Jaipur,BlueDart,Delivered
9106,10660,2023-08-26,2023-08-29,Kochi,BlueDart,Delivered
9107,10661,2025-01-30,2025-02-03,Surat,Delhivery,Delivered
9108,10662,2022-04-10,2022-04-11,Hyderabad,Ekart,In Transit
9109,10664,2022-06-29,2022-07-02,Indore,IndiaPost,In Transit
9110,10665,2025-03-10,2025-03-15,Kochi,Ekart,Delivered
9111,10666,2025-08-09,2025-08-14,Chennai,IndiaPost,Delivered
9112,10667,2023-01-24,2023-01-30,Surat,DTDC,Delivered
9113,10668,2022-02-12,2022-02-17,Surat,DTDC,In Transit
9114,10671,2025-09-14,2025-09-15,Pune,DTDC,Delivered
9115,10672,2022-12-10,2022-12-16,Jaipur,DTDC,Delivered
9116,10673,2024-01-17,2024-01-23,Nagpur,DTDC,Delivered
9117,10674,2022-10-22,2022-10-29,Bengaluru,Ekart,Delivered
9118,10676,2024-10-17,2024-10-20,Indore,IndiaPost,Delivered
9119,10677,2025-03-17,2025-03-18,Surat,IndiaPost,Delivered
9120,10678,2022-11-27,2022-11-28,Kochi,IndiaPost,Delivered
9121,10679,2023-11-02,2023-11-09,Nagpur,Ekart,Delivered
9122,10680,2022-10-19,2022-10-24,Surat,Ekart,Delivered
9123,10681,2025-08-07,2025-08-10,Hyderabad,BlueDart,Delayed
9124,10682,2024-01-31,2024-02-07,Indore,IndiaPost,Delivered
9125,10683,2023-02-16,2023-02-17,Jaipur,DTDC,Delivered
9126,10684,2024-04-25,2024-04-30,Delhi,BlueDart,Delivered
9127,10685,2022-08-13,2022-08-16,Chandigarh,IndiaPost,In Transit
9128,10686,2023-05-28,2023-06-03,Kochi,Delhivery,Delivered
9129,10687,2025-06-29,2025-07-02,Kochi,BlueDart,Delivered
9130,10688,2025-01-02,2025-01-09,Lucknow,Ekart,Delivered
9131,10689,2025-09-06,2025-09-13,Surat,IndiaPost,Delivered
9132,10690,2024-03-02,2024-03-04,Lucknow,Ekart,Delivered
9133,10691,2024-05-29,2024-06-01,Hyderabad,Ekart,Delivered
9134,10692,2025-10-16,2025-10-18,Hyderabad,IndiaPost,Delivered
9135,10693,2023-08-22,2023-08-29,Surat,Delhivery,Delivered
9136,10694,2025-12-01,2025-12-03,Nagpur,IndiaPost,Delivered
9137,10695,2025-12-01,2025-12-06,Bengaluru,Ekart,Delivered
9138,10697,2023-10-09,2023-10-10,Nagpur,IndiaPost,Delivered
9139,10698,2025-05-17,2025-05-24,Chennai,Delhivery,Delayed
9140,10699,2025-07-01,2025-07-04,Surat,Ekart,Delayed
9141,10700,2024-06-20,2024-06-23,Hyderabad,BlueDart,Delivered
9142,10701,2024-11-22,2024-11-28,Jaipur,Delhivery,Delivered
9143,10702,2024-03-13,2024-03-18,Bengaluru,Ekart,Delivered
9144,10703,2022-06-02,2022-06-03,Surat,DTDC,Delivered
9145,10704,2023-03-11,2023-03-12,Chandigarh,Delhivery,Delivered
9146,10705,2024-04-24,2024-04-30,Kochi,IndiaPost,Delivered
9147,10706,2025-08-23,2025-08-30,Kolkata,BlueDart,Delivered
9148,10707,2024-11-25,2024-11-27,Indore,Delhivery,Delivered
9149,10708,2025-11-25,2025-11-26,Bengaluru,Delhivery,Delivered
9150,10709,2025-08-23,2025-08-29,Kolkata,BlueDart,Delivered
9151,10710,2024-01-31,2024-02-03,Chennai,IndiaPost,In Transit
9152,10711,2022-07-26,2022-08-02,Mumbai,BlueDart,Delayed
9153,10713,2022-01-24,2022-01-25,Delhi,Delhivery,Delivered
9154,10714,2025-01-23,2025-01-29,Nagpur,DTDC,Delayed
9155,10715,2022-03-15,2022-03-20,Pune,IndiaPost,Delivered
9156,10717,2023-08-18,2023-08-24,Bengaluru,IndiaPost,Delivered
9157,10718,2022-12-14,2022-12-20,Mumbai,BlueDart,Delivered
9158,10719,2023-02-02,2023-02-06,Nagpur,IndiaPost,Delivered
9159,10720,2023-06-02,2023-06-09,Pune,DTDC,Delivered
9160,10721,2025-04-12,2025-04-16,Bengaluru,BlueDart,Delivered
9161,10722,2024-08-17,2024-08-19,Ahmedabad,BlueDart,Delayed
9162,10723,2025-11-04,2025-11-09,Hyderabad,BlueDart,In Transit
9163,10724,2023-12-16,2023-12-17,Indore,Delhivery,Delivered
9164,10727,2025-06-30,2025-07-04,Ahmedabad,BlueDart,Delivered
9165,10728,2023-02-07,2023-02-09,Indore,DTDC,In Transit
9166,10729,2022-09-20,2022-09-24,Nagpur,IndiaPost,Delivered
9167,10731,2022-08-27,2022-09-02,Kochi,IndiaPost,Delivered
9168,10733,2024-05-19,2024-05-21,Surat,Delhivery,Delivered
9169,10734,2024-01-29,2024-01-31,Jaipur,BlueDart,Delivered
9170,10735,2023-11-12,2023-11-16,Ahmedabad,IndiaPost,Delivered
9171,10736,2023-12-24,2023-12-29,Pune,Ekart,Delivered
9172,10737,2023-08-13,2023-08-18,Chennai,Delhivery,Delivered
9173,10738,2024-03-26,2024-03-31,Bengaluru,IndiaPost,Delivered
9174,10739,2022-12-31,2023-01-04,Hyderabad,BlueDart,Delivered
9175,10742,2023-03-26,2023-03-31,Bengaluru,BlueDart,Delivered
9176,10743,2024-02-02,2024-02-09,Mumbai,Ekart,Delivered
9177,10744,2022-05-09,2022-05-10,Surat,Delhivery,Delivered
9178,10745,2024-07-20,2024-07-24,Kochi,DTDC,Delayed
9179,10746,2024-05-29,2024-06-04,Indore,Delhivery,Delivered
9180,10747,2022-12-21,2022-12-22,Nagpur,Ekart,Delivered
9181,10748,2024-10-16,2024-10-17,Bengaluru,IndiaPost,Delivered
9182,10749,2024-04-24,2024-04-28,Lucknow,Ekart,Delayed
9183,10750,2022-07-17,2022-07-24,Surat,Delhivery,Delayed
9184,10751,2025-09-08,2025-09-14,Surat,IndiaPost,Delivered
9185,10752,2024-08-25,2024-08-30,Pune,IndiaPost,Delivered
9186,10754,2022-02-14,2022-02-19,Ahmedabad,IndiaPost,In Transit
9187,10755,2022-10-26,2022-10-27,Bengaluru,Ekart,Delivered
9188,10757,2025-03-14,2025-03-16,Mumbai,Ekart,Delivered
9189,10758,2025-09-18,2025-09-23,Jaipur,Delhivery,Delivered
9190,10759,2022-03-02,2022-03-08,Bengaluru,Ekart,Delivered
9191,10761,2022-04-20,2022-04-26,Mumbai,Ekart,Delivered
9192,10762,2024-12-06,2024-12-09,Jaipur,Ekart,Delivered
9193,10763,2025-04-10,2025-04-16,Kochi,Delhivery,Delivered
9194,10764,2025-12-15,2025-12-19,Hyderabad,Delhivery,Delivered
9195,10765,2022-04-27,2022-05-01,Jaipur,BlueDart,Delivered
9196,10766,2025-09-14,2025-09-17,Lucknow,Delhivery,Delivered
9197,10767,2022-10-31,2022-11-02,Hyderabad,Delhivery,Delivered
9198,10768,2024-01-08,2024-01-15,Bengaluru,IndiaPost,Delivered
9199,10769,2022-09-17,2022-09-24,Jaipur,IndiaPost,Delivered
9200,10770,2025-12-17,2025-12-20,Indore,DTDC,In Transit
9201,10771,2023-05-30,2023-05-31,Hyderabad,DTDC,Delivered
9202,10772,2022-12-12,2022-12-15,Nagpur,Delhivery,Delivered
9203,10773,2025-11-07,2025-11-08,Kochi,BlueDart,Delivered
9204,10774,2022-02-04,2022-02-06,Delhi,Ekart,Delivered
9205,10776,2024-01-13,2024-01-14,Indore,DTDC,Delivered
9206,10777,2023-01-26,2023-01-27,Chennai,BlueDart,In Transit
9207,10778,2024-05-17,2024-05-23,Bengaluru,DTDC,Delivered
9208,10779,2025-09-04,2025-09-07,Pune,DTDC,Delayed
9209,10781,2024-10-24,2024-10-26,Kolkata,Ekart,Delivered
9210,10782,2022-08-12,2022-08-13,Mumbai,DTDC,Delayed
9211,10783,2023-12-10,2023-12-11,Kochi,Delhivery,Delayed
9212,10784,2023-05-10,2023-05-15,Kolkata,DTDC,Delivered
9213,10785,2022-11-20,2022-11-26,Lucknow,IndiaPost,Delivered
9214,10786,2025-11-04,2025-11-08,Kochi,IndiaPost,Delivered
9215,10787,2023-12-28,2023-12-29,Pune,Delhivery,Delayed
9216,10788,2023-05-02,2023-05-06,Delhi,DTDC,Delivered
9217,10789,2024-10-16,2024-10-17,Hyderabad,Ekart,Delivered
9218,10790,2024-10-13,2024-10-18,Kolkata,Ekart,In Transit
9219,10791,2024-01-18,2024-01-24,Jaipur,Delhivery,In Transit
9220,10792,2025-04-19,2025-04-24,Chandigarh,DTDC,Delivered
9221,10793,2023-11-01,2023-11-05,Bengaluru,IndiaPost,Delivered
9222,10795,2024-03-31,2024-04-06,Mumbai,IndiaPost,Delivered
9223,10797,2022-03-05,2022-03-11,Nagpur,IndiaPost,Delivered
9224,10798,2024-11-26,2024-11-30,Mumbai,Delhivery,Delivered
9225,10799,2025-05-28,2025-05-31,Chandigarh,IndiaPost,Delivered
9226,10800,2025-09-13,2025-09-20,Chennai,IndiaPost,Delayed
9227,10802,2024-08-09,2024-08-15,Kolkata,Ekart,Delayed
9228,10803,2022-06-16,2022-06-18,Mumbai,IndiaPost,Delivered
9229,10805,2022-10-10,2022-10-11,Hyderabad,Delhivery,Delivered
9230,10806,2022-02-21,2022-02-22,Kolkata,IndiaPost,In Transit
9231,10807,2023-12-07,2023-12-09,Mumbai,BlueDart,Delivered
9232,10809,2025-04-20,2025-04-22,Chennai,Ekart,Delivered
9233,10810,2022-03-26,2022-03-31,Nagpur,Ekart,Delivered
9234,10811,2024-04-22,2024-04-29,Bengaluru,DTDC,Delivered
9235,10812,2025-03-14,2025-03-21,Indore,Ekart,Delivered
9236,10813,2023-11-17,2023-11-24,Jaipur,Ekart,Delivered
9237,10814,2024-02-21,2024-02-24,Kolkata,Ekart,Delivered
9238,10815,2024-05-22,2024-05-27,Chennai,BlueDart,Delivered
9239,10816,2025-09-23,2025-09-24,Bengaluru,BlueDart,Delivered
9240,10817,2024-10-29,2024-11-03,Kolkata,IndiaPost,Delivered
9241,10818,2023-10-01,2023-10-08,Bengaluru,Ekart,Delivered
9242,10819,2023-03-16,2023-03-20,Delhi,DTDC,Delivered
9243,10820,2024-09-14,2024-09-18,Chennai,IndiaPost,Delivered
9244,10821,2024-01-07,2024-01-14,Chandigarh,IndiaPost,Delivered
9245,10822,2024-11-09,2024-11-10,Kolkata,BlueDart,Delivered
9246,10823,2025-08-19,2025-08-24,Bengaluru,Delhivery,Delivered
9247,10825,2025-01-02,2025-01-03,Pune,Delhivery,Delivered
9248,10826,2025-04-15,2025-04-17,Jaipur,Ekart,Delivered
9249,10827,2024-02-29,2024-03-03,Jaipur,IndiaPost,Delivered
9250,10828,2025-03-04,2025-03-06,Surat,DTDC,Delivered
9251,10830,2025-12-05,2025-12-12,Chandigarh,IndiaPost,Delivered
9252,10831,2023-03-24,2023-03-27,Chennai,BlueDart,Delivered
9253,10832,2023-05-19,2023-05-26,Nagpur,BlueDart,Delivered
9254,10833,2025-05-08,2025-05-11,Ahmedabad,DTDC,Delivered
9255,10834,2024-11-09,2024-11-13,Nagpur,DTDC,Delivered
9256,10835,2025-09-18,2025-09-24,Lucknow,Ekart,Delivered
9257,10836,2024-09-11,2024-09-17,Pune,BlueDart,In Transit
9258,10837,2022-05-25,2022-05-28,Kolkata,Ekart,Delivered
9259,10838,2023-08-02,2023-08-08,Lucknow,DTDC,Delivered
9260,10839,2025-02-22,2025-02-28,Hyderabad,Delhivery,Delivered
9261,10840,2025-08-29,2025-08-30,Jaipur,Ekart,Delivered
9262,10841,2022-05-07,2022-05-09,Kolkata,Delhivery,In Transit
9263,10842,2024-01-07,2024-01-12,Surat,BlueDart,Delivered
9264,10843,2025-03-24,2025-03-28,Pune,Ekart,Delivered
9265,10844,2023-08-15,2023-08-17,Delhi,Ekart,Delivered
9266,10845,2022-07-13,2022-07-20,Lucknow,IndiaPost,Delivered
9267,10846,2023-07-21,2023-07-28,Chennai,DTDC,Delivered
9268,10847,2022-08-16,2022-08-17,Kochi,Delhivery,Delivered
9269,10850,2024-01-05,2024-01-11,Nagpur,DTDC,Delivered
9270,10851,2025-01-22,2025-01-25,Kochi,Delhivery,In Transit
9271,10853,2022-06-11,2022-06-16,Pune,DTDC,Delivered
9272,10854,2024-09-17,2024-09-20,Surat,Ekart,Delivered
9273,10855,2022-03-13,2022-03-17,Indore,Delhivery,Delivered
9274,10856,2022-05-30,2022-06-06,Chandigarh,Ekart,Delivered
9275,10858,2023-04-19,2023-04-21,Ahmedabad,Delhivery,Delivered
9276,10859,2024-01-11,2024-01-18,Chandigarh,Delhivery,Delivered
9277,10861,2025-01-02,2025-01-04,Delhi,Ekart,Delivered
9278,10862,2023-04-17,2023-04-23,Kolkata,BlueDart,Delivered
9279,10863,2025-01-24,2025-01-27,Hyderabad,IndiaPost,Delivered
9280,10864,2025-10-23,2025-10-26,Chennai,DTDC,Delivered
9281,10865,2024-02-10,2024-02-16,Pune,DTDC,In Transit
9282,10866,2023-09-16,2023-09-20,Surat,BlueDart,Delivered
9283,10868,2022-08-30,2022-09-03,Nagpur,Delhivery,In Transit
9284,10871,2022-11-02,2022-11-04,Surat,Delhivery,Delivered
9285,10872,2022-08-11,2022-08-13,Chandigarh,Ekart,Delayed
9286,10873,2022-03-04,2022-03-05,Nagpur,Ekart,Delivered
9287,10874,2023-12-23,2023-12-24,Kolkata,IndiaPost,Delayed
9288,10875,2024-03-26,2024-03-27,Indore,BlueDart,Delivered
9289,10876,2023-06-16,2023-06-17,Nagpur,Ekart,Delivered
9290,10877,2023-02-10,2023-02-13,Kochi,IndiaPost,Delivered
9291,10879,2022-02-24,2022-03-02,Bengaluru,Delhivery,Delivered
9292,10880,2024-12-14,2024-12-20,Lucknow,BlueDart,Delivered
9293,10881,2022-05-18,2022-05-20,Lucknow,Delhivery,Delivered
9294,10882,2022-10-11,2022-10-17,Indore,Delhivery,Delivered
9295,10883,2024-12-09,2024-12-14,Hyderabad,DTDC,Delivered
9296,10884,2025-07-03,2025-07-06,Pune,Ekart,Delivered
9297,10885,2025-12-28,2026-01-01,Mumbai,DTDC,Delivered
9298,10886,2024-05-24,2024-05-31,Chennai,BlueDart,Delivered
9299,10887,2025-08-20,2025-08-26,Jaipur,DTDC,Delivered
9300,10888,2022-10-07,2022-10-08,Delhi,IndiaPost,Delivered
9301,10889,2022-08-09,2022-08-14,Jaipur,DTDC,In Transit
9302,10891,2025-06-03,2025-06-05,Nagpur,Ekart,Delivered
9303,10892,2025-07-05,2025-07-08,Mumbai,Delhivery,Delivered
9304,10895,2023-07-07,2023-07-13,Kolkata,BlueDart,Delivered
9305,10896,2022-09-24,2022-09-26,Nagpur,DTDC,In Transit
9306,10897,2023-07-12,2023-07-18,Kolkata,BlueDart,Delayed
9307,10898,2022-08-21,2022-08-24,Jaipur,IndiaPost,Delivered
9308,10899,2025-03-02,2025-03-03,Chennai,IndiaPost,Delivered
9309,10900,2023-08-31,2023-09-04,Nagpur,DTDC,Delivered
9310,10901,2022-08-27,2022-08-30,Lucknow,IndiaPost,Delivered
9311,10902,2024-05-07,2024-05-08,Chennai,IndiaPost,Delivered
9312,10903,2022-12-27,2023-01-02,Jaipur,Delhivery,Delivered
9313,10904,2023-06-15,2023-06-18,Pune,BlueDart,Delivered
9314,10905,2022-03-22,2022-03-24,Jaipur,BlueDart,Delayed
9315,10906,2022-01-09,2022-01-13,Nagpur,DTDC,Delivered
9316,10907,2023-10-21,2023-10-22,Lucknow,IndiaPost,Delivered
9317,10908,2025-05-08,2025-05-11,Kochi,BlueDart,In Transit
9318,10909,2022-07-13,2022-07-14,Lucknow,Ekart,Delivered
9319,10910,2023-08-24,2023-08-31,Chennai,Ekart,Delivered
9320,10912,2024-08-31,2024-09-01,Pune,Delhivery,Delivered
9321,10914,2025-04-13,2025-04-17,Kolkata,IndiaPost,Delivered
9322,10915,2025-12-29,2026-01-02,Delhi,IndiaPost,Delivered
9323,10916,2024-05-18,2024-05-21,Mumbai,DTDC,Delivered
9324,10917,2024-08-03,2024-08-08,Surat,BlueDart,Delivered
9325,10918,2023-07-31,2023-08-03,Hyderabad,Delhivery,Delayed
9326,10919,2024-09-08,2024-09-10,Indore,BlueDart,Delivered
9327,10920,2022-03-13,2022-03-17,Nagpur,BlueDart,Delivered
9328,10921,2023-05-28,2023-05-30,Lucknow,Delhivery,Delivered
9329,10922,2022-05-21,2022-05-26,Chennai,IndiaPost,Delivered
9330,10923,2024-02-23,2024-02-28,Surat,Ekart,Delayed
9331,10924,2024-07-14,2024-07-21,Chandigarh,BlueDart,Delivered
9332,10925,2022-12-28,2023-01-01,Hyderabad,Ekart,Delivered
9333,10926,2024-07-03,2024-07-10,Chennai,DTDC,Delivered
9334,10927,2025-02-07,2025-02-14,Jaipur,Ekart,Delivered
9335,10928,2023-01-07,2023-01-10,Delhi,Ekart,Delivered
9336,10929,2025-11-25,2025-11-27,Jaipur,Ekart,In Transit
9337,10930,2025-03-22,2025-03-23,Mumbai,IndiaPost,Delivered
9338,10931,2024-02-01,2024-02-07,Mumbai,DTDC,Delivered
9339,10932,2023-09-24,2023-09-29,Ahmedabad,Ekart,Delivered
9340,10933,2022-07-08,2022-07-15,Mumbai,IndiaPost,Delivered
9341,10934,2024-09-11,2024-09-15,Kolkata,BlueDart,Delivered
9342,10935,2024-04-14,2024-04-20,Chennai,Delhivery,In Transit
9343,10936,2025-05-19,2025-05-25,Delhi,Ekart,Delivered
9344,10937,2022-12-12,2022-12-19,Kochi,BlueDart,Delivered
9345,10938,2022-05-04,2022-05-10,Mumbai,Ekart,Delivered
9346,10940,2023-03-04,2023-03-10,Mumbai,BlueDart,Delivered
9347,10941,2024-10-17,2024-10-23,Chandigarh,BlueDart,Delivered
9348,10942,2025-03-13,2025-03-18,Nagpur,IndiaPost,Delivered
9349,10943,2025-02-19,2025-02-25,Indore,Delhivery,Delivered
9350,10944,2022-12-26,2022-12-31,Kolkata,BlueDart,Delayed
9351,10945,2022-05-25,2022-05-28,Surat,Ekart,Delivered
9352,10946,2025-08-05,2025-08-10,Chennai,Delhivery,Delivered
9353,10947,2025-09-03,2025-09-09,Jaipur,DTDC,Delivered
9354,10948,2022-06-09,2022-06-16,Chandigarh,IndiaPost,Delivered
9355,10949,2025-02-10,2025-02-12,Chandigarh,Delhivery,Delivered
9356,10951,2023-08-17,2023-08-19,Lucknow,DTDC,Delivered
9357,10954,2023-10-09,2023-10-12,Jaipur,IndiaPost,Delivered
9358,10955,2023-10-13,2023-10-19,Lucknow,Delhivery,Delivered
9359,10956,2025-05-31,2025-06-01,Mumbai,BlueDart,Delivered
9360,10957,2023-08-11,2023-08-13,Bengaluru,DTDC,Delivered
9361,10958,2024-09-02,2024-09-03,Lucknow,BlueDart,Delivered
9362,10961,2025-01-02,2025-01-04,Kolkata,IndiaPost,Delivered
9363,10962,2022-09-30,2022-10-01,Nagpur,BlueDart,Delivered
9364,10964,2025-10-30,2025-11-05,Indore,BlueDart,Delivered
9365,10965,2024-04-27,2024-04-30,Mumbai,IndiaPost,Delivered
9366,10966,2025-06-08,2025-06-15,Chennai,DTDC,Delivered
9367,10967,2024-09-16,2024-09-17,Chandigarh,DTDC,Delivered
9368,10969,2023-03-29,2023-03-31,Delhi,DTDC,Delivered
9369,10970,2022-11-17,2022-11-21,Kolkata,Ekart,Delivered
9370,10971,2025-03-08,2025-03-11,Chandigarh,DTDC,Delivered
9371,10973,2025-09-07,2025-09-08,Jaipur,IndiaPost,Delivered
9372,10974,2025-02-21,2025-02-23,Pune,Ekart,Delivered
9373,10975,2025-03-13,2025-03-14,Surat,IndiaPost,Delivered
9374,10976,2023-07-06,2023-07-08,Bengaluru,DTDC,Delivered
9375,10977,2023-11-23,2023-11-26,Chandigarh,IndiaPost,Delivered
9376,10978,2025-05-08,2025-05-10,Mumbai,Delhivery,Delayed
9377,10979,2024-12-28,2024-12-29,Kolkata,DTDC,Delivered
9378,10980,2024-08-09,2024-08-13,Surat,IndiaPost,Delivered
9379,10982,2025-11-24,2025-12-01,Hyderabad,Ekart,Delivered
9380,10983,2022-09-08,2022-09-14,Kochi,Ekart,Delivered
9381,10984,2025-01-08,2025-01-12,Kochi,DTDC,Delivered
9382,10985,2022-06-27,2022-06-30,Nagpur,Ekart,Delivered
9383,10986,2022-07-02,2022-07-04,Delhi,BlueDart,Delivered
9384,10987,2022-07-13,2022-07-14,Hyderabad,DTDC,In Transit
9385,10989,2023-01-13,2023-01-17,Delhi,BlueDart,Delivered
9386,10990,2025-12-01,2025-12-02,Nagpur,DTDC,Delivered
9387,10991,2025-08-19,2025-08-21,Kolkata,Delhivery,Delivered
9388,10992,2024-04-13,2024-04-20,Nagpur,IndiaPost,Delivered
9389,10994,2022-02-05,2022-02-10,Nagpur,BlueDart,Delivered
9390,10995,2023-05-31,2023-06-02,Nagpur,Ekart,Delayed
9391,10996,2022-11-01,2022-11-05,Bengaluru,Ekart,Delivered
9392,10997,2025-04-01,2025-04-04,Hyderabad,DTDC,Delivered
9393,10998,2022-05-31,2022-06-04,Ahmedabad,Ekart,Delivered
9394,10999,2025-09-11,2025-09-14,Ahmedabad,Delhivery,Delivered
9395,11000,2024-11-05,2024-11-07,Mumbai,Delhivery,Delivered
9396,11002,2022-05-04,2022-05-11,Lucknow,Ekart,Delivered
9397,11005,2023-05-27,2023-06-02,Lucknow,IndiaPost,Delivered
9398,11006,2022-01-28,2022-01-31,Bengaluru,Ekart,Delivered
9399,11007,2022-06-27,2022-06-29,Hyderabad,Delhivery,Delivered
9400,11009,2025-02-10,2025-02-14,Pune,DTDC,Delivered
9401,11011,2024-06-01,2024-06-03,Chennai,BlueDart,Delivered
9402,11012,2023-09-20,2023-09-24,Delhi,BlueDart,Delayed
9403,11013,2024-02-02,2024-02-09,Bengaluru,Ekart,Delivered
9404,11014,2025-07-09,2025-07-11,Chennai,Ekart,Delayed
9405,11015,2025-08-02,2025-08-08,Kolkata,DTDC,Delivered
9406,11016,2024-11-25,2024-11-30,Chennai,IndiaPost,Delivered
9407,11017,2023-07-20,2023-07-27,Bengaluru,Ekart,Delivered
9408,11018,2023-07-27,2023-07-28,Kochi,DTDC,Delivered
9409,11019,2022-10-26,2022-11-01,Kolkata,Delhivery,Delivered
9410,11020,2024-07-11,2024-07-15,Mumbai,BlueDart,Delivered
9411,11021,2024-04-20,2024-04-25,Mumbai,BlueDart,In Transit
9412,11022,2023-07-31,2023-08-01,Lucknow,BlueDart,Delivered
9413,11023,2023-03-23,2023-03-27,Indore,DTDC,Delivered
9414,11025,2024-03-24,2024-03-29,Lucknow,DTDC,Delivered
9415,11026,2025-07-31,2025-08-06,Pune,DTDC,Delivered
9416,11027,2025-01-19,2025-01-20,Hyderabad,Delhivery,Delivered
9417,11028,2024-04-29,2024-05-06,Surat,DTDC,In Transit
9418,11029,2024-12-14,2024-12-17,Mumbai,Ekart,Delivered
9419,11030,2025-02-08,2025-02-12,Lucknow,Ekart,In Transit
9420,11031,2023-03-11,2023-03-17,Jaipur,IndiaPost,Delayed
9421,11032,2025-05-31,2025-06-05,Delhi,Ekart,Delivered
9422,11033,2023-04-04,2023-04-09,Ahmedabad,Delhivery,In Transit
9423,11034,2025-05-09,2025-05-14,Hyderabad,DTDC,Delivered
9424,11036,2023-11-06,2023-11-12,Chandigarh,IndiaPost,Delivered
9425,11037,2024-05-23,2024-05-26,Delhi,BlueDart,Delivered
9426,11039,2023-06-29,2023-07-06,Lucknow,DTDC,Delivered
9427,11040,2025-04-11,2025-04-12,Chennai,IndiaPost,Delivered
9428,11041,2022-10-24,2022-10-29,Surat,DTDC,Delivered
9429,11042,2025-11-09,2025-11-15,Jaipur,Ekart,Delivered
9430,11043,2025-07-06,2025-07-08,Ahmedabad,IndiaPost,Delivered
9431,11044,2024-02-05,2024-02-08,Chennai,Ekart,Delivered
9432,11045,2022-05-01,2022-05-05,Kochi,DTDC,Delivered
9433,11046,2023-04-07,2023-04-11,Chennai,IndiaPost,Delayed
9434,11047,2024-10-05,2024-10-06,Pune,BlueDart,Delivered
9435,11048,2023-12-12,2023-12-13,Delhi,Ekart,Delivered
9436,11049,2024-08-13,2024-08-20,Hyderabad,BlueDart,Delivered
9437,11050,2022-06-06,2022-06-10,Lucknow,IndiaPost,Delivered
9438,11051,2022-12-07,2022-12-12,Pune,Ekart,Delivered
9439,11052,2025-03-07,2025-03-13,Nagpur,Delhivery,Delivered
9440,11053,2024-12-21,2024-12-26,Chandigarh,Delhivery,Delivered
9441,11054,2023-07-18,2023-07-20,Chandigarh,Delhivery,Delivered
9442,11055,2023-01-28,2023-01-30,Bengaluru,Delhivery,Delayed
9443,11056,2024-11-06,2024-11-13,Chandigarh,Delhivery,Delivered
9444,11058,2022-08-28,2022-08-30,Ahmedabad,DTDC,Delivered
9445,11059,2022-03-03,2022-03-06,Pune,DTDC,Delivered
9446,11060,2024-08-24,2024-08-30,Bengaluru,DTDC,Delivered
9447,11061,2023-03-31,2023-04-06,Lucknow,Ekart,In Transit
9448,11062,2022-01-26,2022-01-28,Pune,IndiaPost,Delivered
9449,11063,2025-09-23,2025-09-24,Indore,Delhivery,Delivered
9450,11065,2022-01-28,2022-01-29,Jaipur,Ekart,Delivered
9451,11066,2023-12-29,2024-01-05,Kochi,Delhivery,Delivered
9452,11068,2023-05-04,2023-05-07,Pune,Delhivery,Delivered
9453,11069,2024-11-15,2024-11-22,Indore,BlueDart,Delayed
9454,11071,2023-05-17,2023-05-24,Pune,IndiaPost,In Transit
9455,11072,2024-09-08,2024-09-11,Kolkata,Ekart,Delivered
9456,11074,2022-12-17,2022-12-23,Chandigarh,Delhivery,Delivered
9457,11075,2024-04-24,2024-04-25,Mumbai,Ekart,Delayed
9458,11076,2022-02-05,2022-02-09,Chandigarh,Delhivery,Delayed
9459,11077,2023-11-08,2023-11-09,Ahmedabad,BlueDart,Delivered
9460,11078,2022-01-13,2022-01-20,Kochi,Delhivery,Delivered
9461,11079,2022-02-04,2022-02-11,Chennai,Ekart,Delayed
9462,11080,2024-08-19,2024-08-22,Chandigarh,BlueDart,Delivered
9463,11082,2025-12-14,2025-12-21,Surat,Delhivery,In Transit
9464,11083,2025-06-26,2025-07-03,Nagpur,DTDC,Delivered
9465,11085,2023-05-18,2023-05-20,Surat,DTDC,In Transit
9466,11086,2024-11-19,2024-11-21,Hyderabad,IndiaPost,Delivered
9467,11088,2025-04-13,2025-04-19,Kolkata,DTDC,Delayed
9468,11089,2022-06-28,2022-06-30,Chennai,Ekart,Delivered
9469,11091,2024-02-21,2024-02-24,Ahmedabad,IndiaPost,Delivered
9470,11092,2022-09-22,2022-09-29,Jaipur,Ekart,Delivered
9471,11093,2023-01-25,2023-01-26,Surat,BlueDart,Delivered
9472,11095,2022-05-25,2022-06-01,Mumbai,BlueDart,Delivered
9473,11096,2025-06-02,2025-06-03,Pune,Delhivery,Delivered
9474,11097,2023-04-28,2023-05-04,Nagpur,BlueDart,Delivered
9475,11098,2023-03-10,2023-03-17,Indore,BlueDart,In Transit
9476,11099,2025-08-14,2025-08-16,Kolkata,Ekart,Delivered
9477,11100,2025-04-12,2025-04-13,Ahmedabad,Delhivery,Delivered
9478,11101,2025-10-05,2025-10-09,Lucknow,IndiaPost,Delivered
9479,11102,2022-10-06,2022-10-13,Kochi,Delhivery,Delivered
9480,11103,2024-12-15,2024-12-16,Mumbai,Ekart,Delivered
9481,11104,2022-06-19,2022-06-24,Lucknow,Ekart,Delayed
9482,11105,2024-07-02,2024-07-07,Kochi,BlueDart,Delivered
9483,11106,2025-02-07,2025-02-12,Nagpur,DTDC,Delivered
9484,11107,2025-11-12,2025-11-14,Chandigarh,BlueDart,Delivered
9485,11108,2022-09-28,2022-09-30,Chandigarh,Ekart,Delivered
9486,11109,2025-08-04,2025-08-10,Lucknow,Ekart,Delivered
9487,11110,2025-10-12,2025-10-17,Chennai,BlueDart,Delivered
9488,11112,2022-02-16,2022-02-18,Kolkata,DTDC,Delivered
9489,11113,2024-07-05,2024-07-08,Delhi,Ekart,Delivered
9490,11114,2022-11-15,2022-11-18,Indore,IndiaPost,Delivered
9491,11115,2024-08-14,2024-08-21,Chennai,IndiaPost,Delivered
9492,11116,2024-12-12,2024-12-17,Kolkata,Ekart,In Transit
9493,11117,2022-05-28,2022-06-04,Surat,Ekart,Delivered
9494,11118,2022-09-19,2022-09-22,Delhi,DTDC,Delivered
9495,11119,2024-09-06,2024-09-13,Mumbai,Delhivery,Delivered
9496,11120,2024-07-06,2024-07-11,Bengaluru,Ekart,Delivered
9497,11121,2025-09-10,2025-09-12,Hyderabad,BlueDart,Delivered
9498,11122,2023-04-12,2023-04-14,Nagpur,DTDC,Delivered
9499,11123,2022-05-30,2022-06-03,Pune,Delhivery,Delivered
9500,11124,2025-02-17,2025-02-24,Chennai,IndiaPost,Delivered
9501,11125,2023-11-13,2023-11-19,Kochi,DTDC,Delivered
9502,11126,2022-07-09,2022-07-10,Ahmedabad,IndiaPost,Delivered
9503,11127,2023-09-14,2023-09-19,Ahmedabad,DTDC,In Transit
9504,11128,2023-07-26,2023-08-02,Chandigarh,DTDC,Delivered
9505,11129,2025-10-07,2025-10-14,Chandigarh,Delhivery,Delivered
9506,11131,2022-01-03,2022-01-09,Delhi,BlueDart,In Transit
9507,11132,2025-05-15,2025-05-19,Chennai,BlueDart,Delivered
9508,11133,2023-11-11,2023-11-14,Delhi,Delhivery,Delivered
9509,11135,2024-04-23,2024-04-29,Hyderabad,DTDC,Delivered
9510,11136,2025-01-03,2025-01-04,Nagpur,Ekart,Delivered
9511,11138,2022-07-16,2022-07-17,Kolkata,DTDC,Delivered
9512,11140,2023-10-28,2023-11-02,Mumbai,DTDC,Delivered
9513,11141,2024-12-08,2024-12-14,Jaipur,Delhivery,In Transit
9514,11142,2025-04-07,2025-04-11,Bengaluru,DTDC,In Transit
9515,11143,2023-12-16,2023-12-17,Pune,BlueDart,Delivered
9516,11144,2023-08-18,2023-08-23,Jaipur,IndiaPost,Delivered
9517,11145,2025-04-06,2025-04-13,Surat,IndiaPost,Delivered
9518,11146,2024-06-11,2024-06-14,Pune,Delhivery,Delivered
9519,11147,2022-08-28,2022-09-01,Delhi,Delhivery,Delivered
9520,11148,2024-03-04,2024-03-06,Chennai,IndiaPost,Delivered
9521,11149,2025-09-13,2025-09-16,Mumbai,DTDC,Delayed
9522,11150,2025-08-13,2025-08-20,Kolkata,BlueDart,Delivered
9523,11151,2022-04-12,2022-04-14,Delhi,IndiaPost,Delivered
9524,11152,2024-07-24,2024-07-28,Delhi,Ekart,Delivered
9525,11154,2023-01-23,2023-01-29,Indore,Delhivery,Delivered
9526,11155,2023-04-07,2023-04-09,Mumbai,Delhivery,Delivered
9527,11156,2024-09-10,2024-09-12,Indore,Delhivery,Delayed
9528,11157,2023-09-22,2023-09-24,Jaipur,DTDC,Delayed
9529,11158,2022-07-06,2022-07-07,Kolkata,IndiaPost,Delivered
9530,11159,2025-07-06,2025-07-07,Mumbai,BlueDart,Delivered
9531,11160,2022-08-21,2022-08-27,Ahmedabad,Ekart,Delivered
9532,11161,2023-09-26,2023-09-28,Delhi,BlueDart,In Transit
9533,11162,2022-05-07,2022-05-09,Delhi,DTDC,Delivered
9534,11163,2023-01-21,2023-01-22,Chandigarh,DTDC,Delivered
9535,11164,2023-10-18,2023-10-24,Chennai,DTDC,Delivered
9536,11165,2025-09-18,2025-09-20,Bengaluru,Ekart,Delivered
9537,11167,2023-06-06,2023-06-07,Kolkata,IndiaPost,Delivered
9538,11168,2025-04-03,2025-04-10,Nagpur,Ekart,Delivered
9539,11169,2023-01-02,2023-01-04,Jaipur,DTDC,In Transit
9540,11170,2024-03-30,2024-04-05,Jaipur,Delhivery,Delivered
9541,11171,2024-03-29,2024-03-30,Surat,BlueDart,Delivered
9542,11172,2022-12-09,2022-12-11,Ahmedabad,Ekart,In Transit
9543,11173,2022-08-26,2022-09-02,Delhi,Ekart,Delivered
9544,11174,2023-09-01,2023-09-06,Lucknow,Ekart,Delivered
9545,11175,2023-05-04,2023-05-09,Kolkata,DTDC,Delivered
9546,11176,2023-10-22,2023-10-23,Kolkata,BlueDart,Delivered
9547,11177,2024-10-07,2024-10-08,Chennai,Ekart,Delayed
9548,11178,2022-11-26,2022-12-02,Hyderabad,BlueDart,Delivered
9549,11179,2023-07-17,2023-07-22,Jaipur,IndiaPost,Delivered
9550,11180,2023-07-22,2023-07-23,Chandigarh,Ekart,In Transit
9551,11181,2025-08-27,2025-08-28,Chandigarh,IndiaPost,Delivered
9552,11182,2024-02-29,2024-03-05,Chennai,Ekart,Delayed
9553,11183,2024-06-08,2024-06-11,Hyderabad,BlueDart,Delivered
9554,11184,2022-10-27,2022-10-31,Nagpur,Ekart,Delivered
9555,11186,2025-02-11,2025-02-15,Mumbai,Ekart,Delivered
9556,11187,2025-05-12,2025-05-15,Chandigarh,IndiaPost,Delayed
9557,11188,2024-08-26,2024-08-27,Surat,IndiaPost,Delivered
9558,11190,2025-10-06,2025-10-11,Indore,BlueDart,Delivered
9559,11191,2023-12-04,2023-12-05,Chennai,DTDC,Delivered
9560,11192,2022-06-24,2022-06-28,Chennai,IndiaPost,Delivered
9561,11193,2024-04-18,2024-04-22,Ahmedabad,DTDC,Delivered
9562,11195,2024-04-17,2024-04-20,Nagpur,BlueDart,Delivered
9563,11196,2025-05-14,2025-05-19,Lucknow,Delhivery,Delivered
9564,11197,2022-09-21,2022-09-24,Mumbai,DTDC,Delivered
9565,11198,2022-12-04,2022-12-09,Hyderabad,Ekart,Delivered
9566,11201,2022-01-03,2022-01-04,Surat,Delhivery,Delivered
9567,11203,2025-07-16,2025-07-22,Delhi,IndiaPost,Delivered
9568,11206,2025-08-14,2025-08-17,Kochi,Delhivery,Delivered
9569,11207,2022-10-16,2022-10-22,Ahmedabad,BlueDart,Delivered
9570,11208,2023-09-17,2023-09-23,Kolkata,BlueDart,In Transit
9571,11210,2024-10-17,2024-10-18,Pune,Ekart,Delivered
9572,11212,2024-11-12,2024-11-16,Kolkata,Delhivery,Delivered
9573,11213,2023-12-07,2023-12-14,Hyderabad,BlueDart,Delayed
9574,11214,2023-08-27,2023-08-30,Ahmedabad,BlueDart,Delivered
9575,11215,2024-07-19,2024-07-23,Lucknow,IndiaPost,Delivered
9576,11216,2022-01-09,2022-01-10,Pune,Delhivery,Delivered
9577,11219,2025-08-15,2025-08-18,Indore,DTDC,Delivered
9578,11220,2025-06-15,2025-06-17,Ahmedabad,IndiaPost,Delivered
9579,11221,2023-06-19,2023-06-23,Kolkata,Ekart,In Transit
9580,11222,2022-12-25,2022-12-29,Nagpur,BlueDart,In Transit
9581,11223,2023-08-06,2023-08-13,Mumbai,Ekart,Delivered
9582,11224,2025-08-14,2025-08-16,Hyderabad,Ekart,Delivered
9583,11225,2025-09-07,2025-09-08,Pune,Ekart,In Transit
9584,11226,2023-11-10,2023-11-14,Lucknow,Delhivery,In Transit
9585,11227,2025-09-30,2025-10-03,Kolkata,Delhivery,In Transit
9586,11230,2023-09-07,2023-09-12,Nagpur,DTDC,Delivered
9587,11231,2023-01-27,2023-01-29,Delhi,Ekart,Delivered
9588,11232,2023-12-09,2023-12-16,Hyderabad,Delhivery,Delivered
9589,11233,2025-11-06,2025-11-12,Lucknow,IndiaPost,Delivered
9590,11234,2022-11-08,2022-11-09,Indore,IndiaPost,Delivered
9591,11236,2023-07-28,2023-08-01,Chennai,IndiaPost,Delivered
9592,11237,2025-10-11,2025-10-17,Hyderabad,Delhivery,Delivered
9593,11238,2024-01-28,2024-02-03,Bengaluru,DTDC,Delivered
9594,11239,2025-03-11,2025-03-16,Kolkata,IndiaPost,Delivered
9595,11240,2022-01-25,2022-01-29,Pune,DTDC,Delivered
9596,11241,2024-01-15,2024-01-20,Pune,IndiaPost,Delivered
9597,11242,2023-02-17,2023-02-19,Kochi,DTDC,In Transit
9598,11243,2024-07-26,2024-07-31,Mumbai,DTDC,Delivered
9599,11244,2024-02-24,2024-02-29,Pune,DTDC,Delivered
9600,11245,2025-05-28,2025-06-01,Mumbai,Ekart,Delivered
9601,11246,2024-08-12,2024-08-14,Bengaluru,BlueDart,Delivered
9602,11247,2023-04-08,2023-04-11,Nagpur,Delhivery,Delivered
9603,11248,2023-03-12,2023-03-19,Delhi,BlueDart,In Transit
9604,11249,2024-12-07,2024-12-10,Chandigarh,Ekart,Delivered
9605,11250,2022-05-26,2022-05-29,Indore,Delhivery,Delivered
9606,11251,2024-09-16,2024-09-23,Kochi,Ekart,Delivered
9607,11252,2025-05-19,2025-05-22,Indore,DTDC,Delivered
9608,11253,2025-02-20,2025-02-26,Delhi,Ekart,Delivered
9609,11254,2023-01-15,2023-01-21,Chennai,BlueDart,Delivered
9610,11255,2025-03-30,2025-04-05,Mumbai,IndiaPost,Delivered
9611,11256,2023-02-12,2023-02-14,Chandigarh,BlueDart,Delivered
9612,11257,2024-11-10,2024-11-13,Surat,IndiaPost,Delivered
9613,11258,2022-10-06,2022-10-12,Bengaluru,IndiaPost,Delivered
9614,11259,2025-12-12,2025-12-14,Nagpur,Ekart,Delayed
9615,11260,2023-02-27,2023-03-05,Surat,Ekart,Delivered
9616,11261,2022-01-13,2022-01-16,Kolkata,BlueDart,Delivered
9617,11262,2022-08-23,2022-08-26,Pune,Ekart,Delivered
9618,11263,2024-05-25,2024-05-31,Indore,DTDC,Delivered
9619,11264,2022-02-01,2022-02-04,Kolkata,Ekart,Delivered
9620,11265,2024-01-06,2024-01-10,Pune,DTDC,Delayed
9621,11269,2024-08-11,2024-08-12,Chennai,Ekart,Delivered
9622,11270,2022-01-06,2022-01-08,Delhi,Ekart,Delivered
9623,11271,2023-09-13,2023-09-15,Kochi,DTDC,Delivered
9624,11272,2023-04-18,2023-04-23,Delhi,Ekart,Delayed
9625,11273,2025-03-25,2025-03-31,Kochi,Delhivery,Delayed
9626,11274,2023-09-05,2023-09-12,Hyderabad,DTDC,Delivered
9627,11275,2023-02-12,2023-02-19,Delhi,IndiaPost,Delivered
9628,11276,2024-08-18,2024-08-20,Hyderabad,DTDC,Delivered
9629,11277,2022-08-08,2022-08-13,Bengaluru,DTDC,Delivered
9630,11278,2022-08-09,2022-08-16,Pune,BlueDart,Delivered
9631,11279,2024-05-01,2024-05-06,Ahmedabad,BlueDart,Delivered
9632,11280,2022-03-04,2022-03-09,Indore,DTDC,Delivered
9633,11281,2024-10-17,2024-10-20,Indore,Delhivery,Delivered
9634,11282,2024-02-06,2024-02-11,Pune,BlueDart,Delivered
9635,11283,2022-06-28,2022-07-05,Ahmedabad,Delhivery,Delivered
9636,11284,2025-09-25,2025-09-27,Nagpur,Ekart,Delivered
9637,11285,2025-05-07,2025-05-14,Jaipur,Ekart,Delivered
9638,11286,2022-08-16,2022-08-23,Chennai,Delhivery,Delivered
9639,11287,2024-01-14,2024-01-20,Nagpur,BlueDart,In Transit
9640,11288,2022-10-18,2022-10-19,Chandigarh,BlueDart,Delivered
9641,11289,2025-04-20,2025-04-25,Hyderabad,BlueDart,Delayed
9642,11291,2023-01-11,2023-01-13,Hyderabad,Ekart,In Transit
9643,11292,2022-11-04,2022-11-07,Mumbai,Delhivery,Delivered
9644,11293,2022-07-13,2022-07-17,Nagpur,DTDC,Delivered
9645,11296,2024-06-14,2024-06-19,Hyderabad,IndiaPost,Delivered
9646,11297,2025-06-02,2025-06-05,Surat,DTDC,Delivered
9647,11300,2024-04-08,2024-04-11,Indore,DTDC,Delivered
9648,11301,2023-03-18,2023-03-22,Chennai,Delhivery,Delivered
9649,11302,2023-07-21,2023-07-25,Ahmedabad,BlueDart,Delivered
9650,11303,2022-02-02,2022-02-03,Hyderabad,IndiaPost,Delivered
9651,11304,2024-05-24,2024-05-28,Kochi,Ekart,Delivered
9652,11305,2024-12-28,2025-01-01,Jaipur,DTDC,Delivered
9653,11306,2022-04-03,2022-04-08,Hyderabad,IndiaPost,Delivered
9654,11307,2025-01-13,2025-01-14,Pune,BlueDart,Delivered
9655,11309,2022-11-22,2022-11-24,Lucknow,IndiaPost,Delivered
9656,11310,2023-02-19,2023-02-25,Nagpur,DTDC,Delivered
9657,11311,2024-09-30,2024-10-02,Bengaluru,BlueDart,Delivered
9658,11312,2025-05-09,2025-05-14,Indore,Delhivery,Delivered
9659,11313,2024-01-12,2024-01-16,Kolkata,Delhivery,Delayed
9660,11314,2022-05-02,2022-05-04,Kolkata,Ekart,Delivered
9661,11315,2023-02-14,2023-02-15,Lucknow,Ekart,Delivered
9662,11316,2025-03-22,2025-03-26,Jaipur,IndiaPost,Delivered
9663,11317,2022-10-29,2022-11-02,Jaipur,BlueDart,Delivered
9664,11318,2025-08-02,2025-08-08,Hyderabad,Ekart,Delivered
9665,11319,2023-02-28,2023-03-07,Kolkata,DTDC,Delivered
9666,11320,2024-01-23,2024-01-27,Lucknow,IndiaPost,In Transit
9667,11321,2025-08-27,2025-08-31,Kochi,Delhivery,Delivered
9668,11322,2022-04-08,2022-04-14,Pune,Ekart,Delivered
9669,11324,2022-03-07,2022-03-14,Kolkata,Ekart,Delivered
9670,11325,2024-09-19,2024-09-26,Jaipur,BlueDart,Delivered
9671,11327,2025-06-08,2025-06-09,Surat,BlueDart,In Transit
9672,11328,2025-11-14,2025-11-21,Chennai,DTDC,Delivered
9673,11329,2024-09-20,2024-09-25,Jaipur,DTDC,Delivered
9674,11331,2023-06-26,2023-07-03,Kochi,Ekart,Delayed
9675,11332,2023-02-14,2023-02-20,Nagpur,IndiaPost,Delivered
9676,11334,2024-03-28,2024-04-01,Chennai,Delhivery,Delivered
9677,11335,2025-05-14,2025-05-16,Jaipur,IndiaPost,Delivered
9678,11337,2025-11-28,2025-12-03,Chandigarh,IndiaPost,Delivered
9679,11338,2025-10-19,2025-10-20,Pune,BlueDart,Delivered
9680,11340,2022-11-12,2022-11-19,Pune,IndiaPost,Delivered
9681,11341,2025-07-20,2025-07-25,Kochi,Ekart,Delivered
9682,11342,2024-10-19,2024-10-23,Kochi,Delhivery,Delivered
9683,11343,2022-10-17,2022-10-20,Indore,Ekart,Delivered
9684,11345,2025-08-10,2025-08-11,Ahmedabad,Delhivery,Delivered
9685,11346,2025-07-08,2025-07-12,Chandigarh,Ekart,Delivered
9686,11347,2022-08-19,2022-08-21,Pune,Ekart,Delivered
9687,11348,2025-07-12,2025-07-17,Mumbai,DTDC,Delivered
9688,11349,2024-04-27,2024-05-01,Ahmedabad,Ekart,Delayed
9689,11350,2022-06-13,2022-06-20,Kolkata,IndiaPost,Delivered
9690,11351,2023-05-07,2023-05-10,Bengaluru,IndiaPost,Delivered
9691,11352,2024-06-23,2024-06-29,Mumbai,Ekart,Delivered
9692,11353,2025-10-05,2025-10-09,Mumbai,Ekart,Delivered
9693,11354,2025-03-09,2025-03-12,Mumbai,Delhivery,Delivered
9694,11355,2025-04-19,2025-04-24,Surat,Delhivery,Delivered
9695,11356,2023-05-16,2023-05-17,Hyderabad,BlueDart,Delivered
9696,11357,2023-02-27,2023-02-28,Indore,DTDC,Delivered
9697,11358,2025-05-30,2025-06-06,Mumbai,Ekart,Delivered
9698,11359,2024-10-08,2024-10-10,Chandigarh,Delhivery,Delivered
9699,11360,2023-03-29,2023-04-04,Nagpur,BlueDart,Delivered
9700,11361,2024-03-15,2024-03-19,Ahmedabad,Ekart,Delivered
9701,11362,2022-12-12,2022-12-15,Surat,BlueDart,Delivered
9702,11363,2025-12-08,2025-12-12,Jaipur,BlueDart,Delivered
9703,11366,2025-05-15,2025-05-21,Bengaluru,Delhivery,Delivered
9704,11367,2022-08-03,2022-08-04,Surat,BlueDart,Delivered
9705,11368,2025-05-15,2025-05-18,Chennai,Delhivery,Delivered
9706,11370,2022-04-02,2022-04-08,Jaipur,Delhivery,Delivered
9707,11371,2023-04-27,2023-05-04,Bengaluru,Ekart,Delivered
9708,11372,2023-10-07,2023-10-12,Lucknow,DTDC,Delivered
9709,11373,2022-01-12,2022-01-18,Bengaluru,DTDC,In Transit
9710,11374,2025-10-29,2025-11-03,Surat,Delhivery,Delivered
9711,11375,2024-12-02,2024-12-08,Jaipur,Ekart,Delivered
9712,11376,2023-01-22,2023-01-29,Delhi,IndiaPost,In Transit
9713,11377,2025-02-26,2025-02-28,Mumbai,IndiaPost,Delivered
9714,11378,2025-02-16,2025-02-22,Ahmedabad,IndiaPost,Delivered
9715,11379,2025-08-31,2025-09-04,Chennai,DTDC,Delivered
9716,11380,2022-06-13,2022-06-16,Surat,IndiaPost,Delivered
9717,11381,2025-08-03,2025-08-10,Kolkata,Ekart,Delivered
9718,11382,2022-06-24,2022-07-01,Indore,BlueDart,Delivered
9719,11383,2023-03-26,2023-03-27,Pune,BlueDart,Delivered
9720,11384,2024-01-04,2024-01-06,Chennai,Ekart,Delivered
9721,11386,2025-02-28,2025-03-06,Pune,DTDC,Delivered
9722,11387,2025-01-07,2025-01-09,Bengaluru,BlueDart,In Transit
9723,11389,2023-09-26,2023-10-03,Chandigarh,DTDC,Delivered
9724,11390,2025-11-30,2025-12-02,Delhi,DTDC,Delivered
9725,11391,2022-11-27,2022-12-03,Kolkata,DTDC,Delivered
9726,11393,2022-06-01,2022-06-05,Hyderabad,Ekart,Delivered
9727,11396,2022-01-13,2022-01-17,Jaipur,DTDC,Delivered
9728,11397,2022-08-26,2022-08-28,Pune,Ekart,Delivered
9729,11398,2023-07-21,2023-07-24,Chennai,Ekart,Delivered
9730,11399,2023-01-15,2023-01-19,Bengaluru,IndiaPost,Delivered
9731,11400,2024-11-20,2024-11-23,Pune,BlueDart,Delivered
9732,11401,2024-03-02,2024-03-09,Pune,IndiaPost,Delivered
9733,11402,2025-05-27,2025-06-01,Ahmedabad,BlueDart,Delivered
9734,11403,2022-02-14,2022-02-18,Nagpur,IndiaPost,Delivered
9735,11404,2023-12-18,2023-12-20,Nagpur,Delhivery,Delivered
9736,11405,2024-06-27,2024-06-28,Chennai,BlueDart,Delivered
9737,11406,2023-11-29,2023-12-03,Kolkata,Delhivery,Delivered
9738,11407,2023-03-06,2023-03-10,Hyderabad,DTDC,Delivered
9739,11408,2022-07-01,2022-07-05,Ahmedabad,DTDC,Delayed
9740,11409,2024-10-14,2024-10-16,Kochi,BlueDart,Delivered
9741,11410,2023-10-05,2023-10-09,Chennai,DTDC,Delivered
9742,11411,2024-04-11,2024-04-17,Lucknow,Ekart,Delivered
9743,11412,2022-04-16,2022-04-18,Lucknow,Ekart,Delivered
9744,11413,2025-02-17,2025-02-23,Bengaluru,BlueDart,Delivered
9745,11414,2023-04-11,2023-04-13,Chennai,DTDC,Delivered
9746,11415,2023-07-09,2023-07-12,Kolkata,BlueDart,Delivered
9747,11416,2023-09-01,2023-09-06,Chandigarh,DTDC,In Transit
9748,11417,2023-03-22,2023-03-24,Delhi,Ekart,Delivered
9749,11418,2024-03-30,2024-04-06,Pune,BlueDart,In Transit
9750,11419,2023-02-03,2023-02-07,Indore,DTDC,In Transit
9751,11420,2022-05-30,2022-06-03,Nagpur,BlueDart,Delivered
9752,11421,2023-10-14,2023-10-15,Surat,DTDC,Delivered
9753,11422,2024-09-19,2024-09-26,Mumbai,BlueDart,Delayed
9754,11423,2023-10-18,2023-10-25,Delhi,DTDC,Delivered
9755,11426,2025-08-21,2025-08-27,Chandigarh,Ekart,Delivered
9756,11427,2024-01-30,2024-02-05,Jaipur,BlueDart,Delivered
9757,11429,2022-09-05,2022-09-06,Nagpur,Ekart,Delivered
9758,11430,2022-02-08,2022-02-12,Pune,Delhivery,Delivered
9759,11431,2025-11-22,2025-11-25,Hyderabad,IndiaPost,Delivered
9760,11432,2022-07-20,2022-07-22,Lucknow,IndiaPost,Delivered
9761,11433,2024-01-19,2024-01-23,Chandigarh,DTDC,Delivered
9762,11434,2022-03-13,2022-03-18,Lucknow,BlueDart,Delivered
9763,11435,2024-02-17,2024-02-24,Delhi,IndiaPost,Delivered
9764,11436,2025-07-13,2025-07-15,Bengaluru,Delhivery,Delivered
9765,11437,2024-06-08,2024-06-09,Ahmedabad,IndiaPost,Delivered
9766,11438,2024-10-23,2024-10-30,Mumbai,IndiaPost,Delivered
9767,11439,2025-05-12,2025-05-18,Chennai,BlueDart,Delivered
9768,11440,2022-03-26,2022-03-29,Kolkata,Ekart,Delivered
9769,11441,2024-11-29,2024-12-01,Lucknow,Delhivery,Delivered
9770,11442,2024-04-22,2024-04-23,Lucknow,Ekart,Delivered
9771,11443,2024-06-20,2024-06-25,Kolkata,IndiaPost,Delivered
9772,11444,2025-09-01,2025-09-07,Indore,IndiaPost,Delivered
9773,11445,2022-07-16,2022-07-18,Bengaluru,DTDC,Delayed
9774,11446,2023-09-28,2023-09-29,Hyderabad,Delhivery,Delivered
9775,11447,2022-04-11,2022-04-18,Bengaluru,BlueDart,Delivered
9776,11448,2024-05-05,2024-05-10,Chandigarh,IndiaPost,Delivered
9777,11449,2024-09-23,2024-09-28,Ahmedabad,BlueDart,Delivered
9778,11450,2025-12-08,2025-12-11,Kolkata,IndiaPost,Delivered
9779,11451,2025-02-07,2025-02-11,Jaipur,IndiaPost,Delivered
9780,11453,2023-05-26,2023-05-31,Delhi,DTDC,Delivered
9781,11454,2023-08-28,2023-08-29,Chandigarh,IndiaPost,Delivered
9782,11455,2023-12-25,2024-01-01,Bengaluru,Ekart,Delivered
9783,11456,2022-01-12,2022-01-14,Kochi,Ekart,Delivered
9784,11457,2024-12-22,2024-12-24,Bengaluru,IndiaPost,Delivered
9785,11458,2023-02-04,2023-02-09,Chennai,Ekart,Delivered
9786,11459,2022-07-24,2022-07-31,Kochi,BlueDart,Delivered
9787,11460,2022-04-26,2022-04-28,Bengaluru,IndiaPost,Delivered
9788,11461,2024-04-22,2024-04-29,Lucknow,Ekart,Delivered
9789,11462,2025-03-04,2025-03-09,Lucknow,DTDC,Delayed
9790,11463,2025-01-30,2025-02-05,Indore,DTDC,Delivered
9791,11464,2024-10-18,2024-10-20,Surat,Ekart,Delivered
9792,11465,2023-06-04,2023-06-08,Mumbai,BlueDart,In Transit
9793,11467,2023-05-02,2023-05-09,Delhi,BlueDart,In Transit
9794,11468,2024-12-27,2025-01-03,Indore,IndiaPost,Delivered
9795,11469,2023-03-24,2023-03-31,Delhi,Ekart,Delivered
9796,11470,2024-03-07,2024-03-10,Nagpur,DTDC,Delivered
9797,11472,2025-09-19,2025-09-20,Lucknow,Ekart,Delivered
9798,11474,2023-06-27,2023-07-04,Hyderabad,IndiaPost,Delayed
9799,11475,2025-06-08,2025-06-15,Hyderabad,Ekart,In Transit
9800,11476,2023-11-14,2023-11-17,Delhi,IndiaPost,Delivered
9801,11477,2023-11-03,2023-11-06,Indore,IndiaPost,Delivered
9802,11478,2022-10-05,2022-10-07,Chennai,Delhivery,Delivered
9803,11479,2023-05-16,2023-05-19,Indore,IndiaPost,Delivered
9804,11480,2024-11-11,2024-11-16,Bengaluru,IndiaPost,Delivered
9805,11481,2022-02-10,2022-02-13,Kochi,Delhivery,Delivered
9806,11482,2025-04-30,2025-05-07,Indore,Delhivery,Delivered
9807,11483,2024-05-09,2024-05-10,Kochi,IndiaPost,Delivered
9808,11484,2022-08-07,2022-08-11,Nagpur,BlueDart,Delivered
9809,11486,2024-01-07,2024-01-11,Lucknow,DTDC,Delivered
9810,11488,2024-10-23,2024-10-24,Indore,Ekart,Delivered
9811,11489,2025-11-17,2025-11-18,Jaipur,Delhivery,Delivered
9812,11490,2022-06-23,2022-06-26,Pune,IndiaPost,Delivered
9813,11491,2023-06-07,2023-06-14,Ahmedabad,BlueDart,Delivered
9814,11493,2025-07-02,2025-07-08,Kolkata,IndiaPost,Delivered
9815,11494,2022-01-10,2022-01-11,Lucknow,DTDC,Delivered
9816,11495,2025-12-31,2026-01-06,Nagpur,DTDC,Delivered
9817,11496,2024-08-15,2024-08-20,Nagpur,Delhivery,Delivered
9818,11497,2023-01-18,2023-01-24,Indore,IndiaPost,In Transit
9819,11498,2024-01-25,2024-02-01,Indore,Ekart,Delivered
9820,11499,2022-12-07,2022-12-12,Nagpur,IndiaPost,Delivered
9821,11500,2025-08-05,2025-08-10,Jaipur,DTDC,Delivered
9822,11501,2025-05-26,2025-05-30,Pune,BlueDart,Delivered
9823,11503,2025-02-25,2025-02-28,Mumbai,DTDC,Delivered
9824,11504,2023-03-07,2023-03-11,Chandigarh,Ekart,Delayed
9825,11505,2022-07-16,2022-07-22,Ahmedabad,Delhivery,Delivered
9826,11506,2024-10-20,2024-10-23,Surat,Delhivery,Delivered
9827,11508,2022-11-09,2022-11-16,Hyderabad,Ekart,In Transit
9828,11510,2024-01-27,2024-02-03,Lucknow,Ekart,Delivered
9829,11512,2023-07-09,2023-07-12,Delhi,Ekart,Delivered
9830,11513,2023-12-18,2023-12-19,Chandigarh,Delhivery,Delivered
9831,11514,2024-11-19,2024-11-26,Lucknow,DTDC,Delivered
9832,11515,2022-10-02,2022-10-06,Jaipur,IndiaPost,Delivered
9833,11516,2022-04-09,2022-04-15,Ahmedabad,DTDC,Delivered
9834,11518,2022-11-10,2022-11-12,Kolkata,BlueDart,In Transit
9835,11519,2022-12-02,2022-12-06,Mumbai,IndiaPost,Delivered
9836,11520,2025-05-18,2025-05-20,Chennai,IndiaPost,Delayed
9837,11521,2023-10-08,2023-10-13,Pune,BlueDart,Delayed
9838,11522,2025-09-21,2025-09-22,Kolkata,IndiaPost,Delivered
9839,11523,2023-11-14,2023-11-18,Hyderabad,BlueDart,Delivered
9840,11524,2023-10-11,2023-10-18,Pune,Delhivery,Delivered
9841,11525,2024-02-02,2024-02-08,Chandigarh,Ekart,Delivered
9842,11526,2022-01-23,2022-01-29,Delhi,BlueDart,Delayed
9843,11527,2024-10-04,2024-10-08,Jaipur,IndiaPost,In Transit
9844,11528,2023-08-09,2023-08-16,Delhi,BlueDart,Delivered
9845,11529,2022-06-17,2022-06-19,Lucknow,Ekart,Delivered
9846,11530,2025-09-30,2025-10-01,Indore,DTDC,Delivered
9847,11531,2023-03-19,2023-03-26,Kolkata,Ekart,Delivered
9848,11534,2024-06-11,2024-06-12,Surat,DTDC,Delayed
9849,11535,2022-10-01,2022-10-04,Jaipur,Delhivery,Delivered
9850,11536,2025-01-17,2025-01-24,Lucknow,IndiaPost,Delivered
9851,11537,2025-10-29,2025-11-03,Indore,BlueDart,Delivered
9852,11538,2024-04-11,2024-04-15,Pune,Ekart,Delayed
9853,11540,2023-09-11,2023-09-15,Lucknow,Delhivery,Delivered
9854,11541,2025-05-03,2025-05-09,Jaipur,Delhivery,Delayed
9855,11542,2025-05-20,2025-05-23,Indore,Ekart,Delivered
9856,11543,2025-01-02,2025-01-03,Kolkata,DTDC,Delivered
9857,11545,2024-12-17,2024-12-19,Bengaluru,Ekart,Delivered
9858,11546,2024-06-08,2024-06-11,Indore,Delhivery,Delivered
9859,11547,2023-04-16,2023-04-17,Surat,DTDC,Delivered
9860,11548,2022-08-06,2022-08-10,Chennai,Delhivery,Delayed
9861,11550,2025-04-15,2025-04-18,Chandigarh,IndiaPost,Delivered
9862,11552,2022-06-22,2022-06-29,Surat,DTDC,Delivered
9863,11553,2025-10-05,2025-10-12,Kochi,DTDC,Delayed
9864,11555,2025-01-06,2025-01-13,Chandigarh,Ekart,Delayed
9865,11557,2024-05-12,2024-05-13,Ahmedabad,IndiaPost,Delivered
9866,11558,2024-06-14,2024-06-18,Chennai,Ekart,Delivered
9867,11559,2022-02-10,2022-02-14,Nagpur,BlueDart,Delivered
9868,11560,2022-05-03,2022-05-09,Hyderabad,Ekart,Delivered
9869,11563,2025-09-12,2025-09-17,Chennai,Delhivery,Delivered
9870,11564,2023-10-12,2023-10-16,Nagpur,DTDC,Delivered
9871,11565,2022-04-17,2022-04-22,Jaipur,Ekart,Delivered
9872,11566,2023-12-17,2023-12-18,Nagpur,Delhivery,Delivered
9873,11567,2023-08-29,2023-09-01,Delhi,BlueDart,Delayed
9874,11568,2024-06-06,2024-06-07,Pune,BlueDart,Delivered
9875,11569,2023-03-17,2023-03-23,Nagpur,Ekart,Delivered
9876,11570,2022-10-27,2022-10-28,Jaipur,IndiaPost,Delayed
9877,11572,2025-09-08,2025-09-14,Mumbai,Delhivery,Delivered
9878,11574,2023-11-15,2023-11-21,Nagpur,IndiaPost,Delivered
9879,11575,2024-06-12,2024-06-13,Delhi,BlueDart,Delivered
9880,11577,2024-01-12,2024-01-17,Nagpur,DTDC,Delivered
9881,11579,2022-08-19,2022-08-21,Pune,BlueDart,In Transit
9882,11580,2022-03-19,2022-03-23,Kochi,BlueDart,Delayed
9883,11581,2025-07-03,2025-07-09,Kochi,Delhivery,Delivered
9884,11582,2024-01-13,2024-01-15,Chandigarh,BlueDart,Delivered
9885,11583,2024-11-23,2024-11-25,Surat,Ekart,Delivered
9886,11584,2023-04-30,2023-05-02,Ahmedabad,DTDC,In Transit
9887,11585,2024-10-29,2024-11-05,Jaipur,DTDC,Delivered
9888,11586,2023-02-01,2023-02-08,Chandigarh,Ekart,Delivered
9889,11588,2025-11-11,2025-11-18,Lucknow,DTDC,Delivered
9890,11589,2024-02-25,2024-03-01,Pune,Ekart,Delivered
9891,11590,2025-07-08,2025-07-09,Indore,Ekart,In Transit
9892,11591,2024-05-07,2024-05-10,Bengaluru,IndiaPost,Delivered
9893,11593,2024-05-11,2024-05-17,Chennai,Delhivery,Delivered
9894,11597,2022-12-20,2022-12-27,Bengaluru,Ekart,In Transit
9895,11598,2022-12-29,2022-12-31,Jaipur,IndiaPost,Delivered
9896,11599,2025-03-07,2025-03-08,Indore,Ekart,Delivered
9897,11600,2023-10-05,2023-10-10,Mumbai,DTDC,Delivered
9898,11601,2025-03-08,2025-03-10,Lucknow,IndiaPost,Delivered
9899,11603,2022-08-26,2022-08-29,Nagpur,Delhivery,Delivered
9900,11604,2025-02-22,2025-02-26,Jaipur,Ekart,Delivered
9901,11605,2025-08-27,2025-09-02,Chandigarh,IndiaPost,Delivered
9902,11607,2023-01-20,2023-01-23,Jaipur,BlueDart,Delivered
9903,11608,2024-04-07,2024-04-12,Chandigarh,Ekart,Delivered
9904,11609,2025-10-20,2025-10-21,Pune,IndiaPost,Delivered
9905,11610,2022-06-27,2022-07-01,Indore,Delhivery,Delivered
9906,11611,2025-07-08,2025-07-13,Pune,Ekart,Delivered
9907,11612,2022-10-24,2022-10-28,Hyderabad,DTDC,In Transit
9908,11613,2025-01-09,2025-01-15,Indore,Delhivery,Delivered
9909,11614,2025-03-22,2025-03-28,Delhi,IndiaPost,Delivered
9910,11615,2023-02-05,2023-02-07,Nagpur,Ekart,Delivered
9911,11617,2022-04-20,2022-04-24,Mumbai,IndiaPost,Delivered
9912,11618,2025-03-11,2025-03-13,Delhi,BlueDart,Delivered
9913,11619,2022-09-02,2022-09-09,Chennai,Ekart,Delivered
9914,11620,2023-03-23,2023-03-25,Hyderabad,IndiaPost,Delivered
9915,11621,2025-09-15,2025-09-21,Lucknow,Delhivery,Delivered
9916,11622,2023-03-08,2023-03-10,Kochi,DTDC,Delivered
9917,11623,2024-06-17,2024-06-18,Jaipur,BlueDart,Delivered
9918,11624,2023-01-24,2023-01-27,Indore,BlueDart,Delivered
9919,11625,2023-01-30,2023-01-31,Surat,BlueDart,Delivered
9920,11626,2022-03-11,2022-03-17,Hyderabad,Delhivery,Delivered
9921,11627,2022-06-03,2022-06-04,Kochi,Ekart,Delivered
9922,11630,2024-08-05,2024-08-10,Jaipur,Delhivery,Delivered
9923,11631,2022-02-11,2022-02-15,Hyderabad,Delhivery,Delivered
9924,11632,2025-02-10,2025-02-14,Surat,BlueDart,Delayed
9925,11634,2025-03-10,2025-03-12,Pune,IndiaPost,Delayed
9926,11635,2022-03-15,2022-03-22,Kolkata,Ekart,Delayed
9927,11637,2023-07-01,2023-07-07,Kolkata,BlueDart,Delivered
9928,11638,2025-07-13,2025-07-15,Chennai,DTDC,Delivered
9929,11639,2022-11-19,2022-11-25,Surat,Ekart,Delivered
9930,11640,2022-07-22,2022-07-25,Nagpur,DTDC,Delivered
9931,11641,2024-01-27,2024-01-31,Mumbai,Delhivery,Delivered
9932,11642,2025-06-02,2025-06-07,Delhi,DTDC,Delivered
9933,11643,2025-03-10,2025-03-16,Kochi,DTDC,Delivered
9934,11644,2024-10-24,2024-10-28,Surat,DTDC,Delayed
9935,11645,2022-05-24,2022-05-25,Nagpur,IndiaPost,In Transit
9936,11646,2023-01-18,2023-01-22,Jaipur,DTDC,Delivered
9937,11647,2023-05-29,2023-05-30,Kochi,IndiaPost,In Transit
9938,11649,2023-03-11,2023-03-17,Delhi,IndiaPost,Delivered
9939,11650,2024-06-01,2024-06-04,Kochi,IndiaPost,Delivered
9940,11651,2022-08-19,2022-08-22,Hyderabad,IndiaPost,Delivered
9941,11652,2022-09-10,2022-09-11,Kochi,DTDC,Delivered
9942,11653,2022-01-25,2022-01-27,Chennai,Ekart,Delivered
9943,11654,2025-10-12,2025-10-15,Hyderabad,Ekart,In Transit
9944,11655,2023-02-03,2023-02-05,Kolkata,Delhivery,Delivered
9945,11656,2024-05-20,2024-05-21,Bengaluru,Delhivery,Delivered
9946,11657,2022-12-24,2022-12-27,Delhi,DTDC,Delivered
9947,11658,2025-04-08,2025-04-10,Bengaluru,IndiaPost,Delivered
9948,11660,2024-08-17,2024-08-20,Jaipur,Ekart,Delivered
9949,11661,2025-05-27,2025-05-28,Mumbai,Delhivery,Delivered
9950,11662,2025-07-14,2025-07-18,Kochi,IndiaPost,Delivered
9951,11663,2024-09-30,2024-10-06,Surat,Ekart,Delivered
9952,11666,2023-03-23,2023-03-25,Kolkata,DTDC,Delivered
9953,11668,2025-09-08,2025-09-15,Delhi,DTDC,Delivered
9954,11669,2024-05-05,2024-05-11,Pune,BlueDart,Delivered
9955,11670,2022-06-16,2022-06-19,Bengaluru,IndiaPost,Delivered
9956,11671,2024-01-05,2024-01-09,Pune,Delhivery,In Transit
9957,11672,2022-03-25,2022-04-01,Surat,BlueDart,Delivered
9958,11673,2022-09-02,2022-09-09,Bengaluru,IndiaPost,Delivered
9959,11675,2022-10-29,2022-11-01,Nagpur,Ekart,Delivered
9960,11676,2023-08-02,2023-08-09,Delhi,Delhivery,Delivered
9961,11678,2025-02-26,2025-03-02,Jaipur,IndiaPost,Delivered
9962,11679,2022-07-31,2022-08-04,Pune,IndiaPost,Delayed
9963,11681,2025-04-29,2025-05-03,Surat,IndiaPost,Delivered
9964,11682,2025-08-13,2025-08-15,Pune,Ekart,Delivered
9965,11683,2025-03-15,2025-03-16,Jaipur,BlueDart,Delivered
9966,11684,2023-06-02,2023-06-03,Ahmedabad,BlueDart,Delivered
9967,11685,2022-12-19,2022-12-20,Pune,Delhivery,Delivered
9968,11686,2022-04-21,2022-04-24,Jaipur,Delhivery,Delivered
9969,11687,2024-05-31,2024-06-02,Pune,IndiaPost,Delivered
9970,11688,2025-09-04,2025-09-07,Jaipur,DTDC,In Transit
9971,11689,2023-09-12,2023-09-18,Kolkata,BlueDart,Delivered
9972,11691,2023-05-10,2023-05-12,Bengaluru,Ekart,Delivered
9973,11692,2025-11-11,2025-11-14,Pune,Ekart,Delivered
9974,11694,2023-08-21,2023-08-25,Chennai,BlueDart,Delivered
9975,11695,2022-10-01,2022-10-05,Chandigarh,BlueDart,Delivered
9976,11697,2022-02-24,2022-02-26,Hyderabad,BlueDart,Delivered
9977,11698,2024-09-17,2024-09-22,Indore,BlueDart,Delivered
9978,11699,2025-05-18,2025-05-23,Jaipur,IndiaPost,Delivered
9979,11701,2022-08-24,2022-08-28,Indore,BlueDart,Delivered
9980,11702,2023-05-31,2023-06-03,Indore,BlueDart,In Transit
9981,11703,2024-10-08,2024-10-14,Indore,Delhivery,Delivered
9982,11704,2023-08-23,2023-08-25,Chandigarh,Ekart,Delivered
9983,11705,2025-10-02,2025-10-08,Nagpur,IndiaPost,Delivered
9984,11706,2024-05-01,2024-05-03,Jaipur,IndiaPost,Delivered
9985,11707,2023-07-20,2023-07-26,Jaipur,IndiaPost,Delivered
9986,11708,2022-07-17,2022-07-19,Surat,IndiaPost,Delayed
9987,11709,2023-06-08,2023-06-15,Chennai,BlueDart,Delayed
9988,11710,2023-12-22,2023-12-27,Kolkata,BlueDart,Delivered
9989,11711,2025-09-08,2025-09-09,Bengaluru,DTDC,Delivered
9990,11713,2023-05-15,2023-05-17,Pune,IndiaPost,Delivered
9991,11715,2025-12-21,2025-12-27,Chandigarh,DTDC,Delivered
9992,11716,2022-02-24,2022-03-01,Kochi,IndiaPost,In Transit
9993,11718,2023-11-01,2023-11-05,Kochi,Ekart,Delivered
9994,11719,2024-08-12,2024-08-19,Chennai,BlueDart,In Transit
9995,11720,2023-02-05,2023-02-07,Mumbai,BlueDart,Delivered
9996,11721,2022-08-21,2022-08-26,Chennai,Delhivery,Delivered
9997,11722,2025-10-20,2025-10-22,Mumbai,IndiaPost,Delivered
9998,11724,2022-11-27,2022-12-02,Indore,Delhivery,Delivered
9999,11726,2025-05-19,2025-05-25,Jaipur,IndiaPost,Delivered
10000,11727,2025-06-20,2025-06-23,Nagpur,DTDC,Delivered
10001,11728,2024-12-22,2024-12-28,Mumbai,Delhivery,Delivered
10002,11729,2023-10-05,2023-10-07,Lucknow,BlueDart,Delayed
10003,11730,2025-04-13,2025-04-16,Jaipur,Delhivery,Delivered
10004,11731,2025-11-27,2025-12-02,Ahmedabad,Ekart,Delivered
10005,11732,2022-01-05,2022-01-09,Surat,Ekart,Delivered
10006,11733,2023-09-01,2023-09-04,Lucknow,Ekart,Delivered
10007,11734,2022-06-04,2022-06-07,Ahmedabad,BlueDart,Delivered
10008,11735,2024-07-06,2024-07-07,Ahmedabad,DTDC,In Transit
10009,11736,2025-02-15,2025-02-17,Kochi,BlueDart,In Transit
10010,11737,2024-03-27,2024-03-30,Pune,Ekart,Delivered
10011,11739,2023-05-08,2023-05-14,Nagpur,DTDC,Delivered
10012,11740,2022-12-28,2023-01-03,Chandigarh,Ekart,Delivered
10013,11741,2025-01-16,2025-01-21,Mumbai,BlueDart,Delivered
10014,11742,2023-10-15,2023-10-21,Delhi,Ekart,Delivered
10015,11743,2022-02-27,2022-02-28,Delhi,BlueDart,Delivered
10016,11744,2024-09-17,2024-09-22,Nagpur,IndiaPost,Delivered
10017,11745,2023-10-08,2023-10-11,Delhi,BlueDart,Delivered
10018,11746,2023-12-08,2023-12-13,Nagpur,IndiaPost,Delivered
10019,11747,2024-11-28,2024-12-05,Chennai,DTDC,Delivered
10020,11749,2023-11-06,2023-11-07,Nagpur,DTDC,Delivered
10021,11751,2023-12-15,2023-12-20,Kolkata,IndiaPost,Delivered
10022,11752,2022-06-16,2022-06-20,Nagpur,DTDC,Delivered
10023,11753,2023-02-28,2023-03-07,Chandigarh,Ekart,Delivered
10024,11758,2022-08-08,2022-08-14,Nagpur,IndiaPost,In Transit
10025,11759,2024-12-31,2025-01-06,Kochi,Delhivery,Delivered
10026,11760,2022-02-21,2022-02-23,Chennai,Ekart,Delivered
10027,11764,2025-09-29,2025-10-03,Hyderabad,Delhivery,Delivered
10028,11765,2024-12-22,2024-12-24,Mumbai,Delhivery,Delivered
10029,11766,2022-12-06,2022-12-09,Bengaluru,IndiaPost,Delivered
10030,11767,2024-11-11,2024-11-13,Jaipur,DTDC,Delivered
10031,11768,2024-08-03,2024-08-08,Kochi,IndiaPost,In Transit
10032,11769,2024-08-14,2024-08-16,Indore,DTDC,Delayed
10033,11770,2025-03-03,2025-03-09,Ahmedabad,BlueDart,Delivered
10034,11771,2023-03-05,2023-03-12,Chennai,Delhivery,Delivered
10035,11772,2023-07-19,2023-07-25,Jaipur,Ekart,Delivered
10036,11773,2023-10-31,2023-11-04,Pune,BlueDart,Delivered
10037,11774,2023-03-03,2023-03-08,Indore,IndiaPost,Delivered
10038,11775,2022-11-06,2022-11-11,Lucknow,Ekart,Delivered
10039,11777,2025-01-24,2025-01-26,Chandigarh,BlueDart,Delivered
10040,11778,2023-04-12,2023-04-17,Surat,Delhivery,Delivered
10041,11779,2022-07-15,2022-07-17,Delhi,BlueDart,Delivered
10042,11781,2023-01-11,2023-01-15,Chandigarh,Ekart,Delayed
10043,11782,2024-05-09,2024-05-13,Bengaluru,Ekart,Delivered
10044,11783,2022-05-24,2022-05-31,Pune,Delhivery,Delivered
10045,11784,2023-06-18,2023-06-22,Hyderabad,IndiaPost,Delivered
10046,11785,2024-11-01,2024-11-02,Surat,Ekart,Delivered
10047,11787,2022-09-26,2022-09-30,Bengaluru,DTDC,Delivered
10048,11788,2025-09-22,2025-09-24,Indore,IndiaPost,Delivered
10049,11789,2023-04-02,2023-04-09,Bengaluru,IndiaPost,Delivered
10050,11790,2023-05-17,2023-05-24,Bengaluru,Delhivery,Delivered
10051,11791,2025-06-15,2025-06-19,Pune,Ekart,Delivered
10052,11794,2023-09-14,2023-09-21,Hyderabad,DTDC,Delivered
10053,11795,2022-09-01,2022-09-05,Jaipur,BlueDart,Delivered
10054,11796,2022-07-20,2022-07-24,Surat,IndiaPost,In Transit
10055,11797,2025-09-15,2025-09-20,Surat,BlueDart,Delivered
10056,11798,2024-11-04,2024-11-08,Indore,BlueDart,Delivered
10057,11800,2025-11-19,2025-11-24,Kochi,Delhivery,Delivered
10058,11802,2025-06-08,2025-06-13,Bengaluru,BlueDart,Delivered
10059,11803,2023-01-08,2023-01-15,Mumbai,Delhivery,Delivered
10060,11804,2025-04-22,2025-04-29,Pune,BlueDart,Delivered
10061,11805,2023-11-26,2023-11-30,Nagpur,Ekart,Delivered
10062,11806,2024-02-23,2024-02-25,Surat,IndiaPost,Delivered
10063,11807,2024-09-24,2024-10-01,Lucknow,Delhivery,Delivered
10064,11808,2025-07-01,2025-07-03,Ahmedabad,Delhivery,Delivered
10065,11809,2023-10-03,2023-10-06,Hyderabad,DTDC,Delivered
10066,11810,2024-02-23,2024-03-01,Nagpur,BlueDart,Delivered
10067,11811,2022-06-06,2022-06-12,Delhi,DTDC,Delivered
10068,11813,2022-12-22,2022-12-24,Jaipur,Ekart,Delivered
10069,11814,2025-07-15,2025-07-17,Kochi,IndiaPost,Delivered
10070,11816,2024-05-06,2024-05-11,Jaipur,Delhivery,Delivered
10071,11817,2025-08-26,2025-08-30,Lucknow,Delhivery,Delivered
10072,11818,2023-03-14,2023-03-20,Bengaluru,Ekart,Delivered
10073,11819,2023-08-03,2023-08-06,Surat,Ekart,Delivered
10074,11820,2024-10-21,2024-10-25,Mumbai,IndiaPost,Delivered
10075,11822,2024-02-11,2024-02-18,Ahmedabad,Ekart,Delivered
10076,11823,2025-12-10,2025-12-13,Surat,BlueDart,Delivered
10077,11824,2024-12-12,2024-12-14,Kochi,DTDC,Delivered
10078,11826,2025-11-14,2025-11-17,Chandigarh,DTDC,Delivered
10079,11827,2025-11-15,2025-11-16,Jaipur,Ekart,Delivered
10080,11828,2025-01-05,2025-01-11,Kolkata,Ekart,Delivered
10081,11829,2023-06-24,2023-06-28,Ahmedabad,BlueDart,Delivered
10082,11830,2024-12-21,2024-12-23,Surat,BlueDart,Delivered
10083,11831,2022-12-05,2022-12-06,Jaipur,DTDC,Delivered
10084,11832,2023-12-13,2023-12-18,Bengaluru,BlueDart,Delivered
10085,11833,2022-03-12,2022-03-17,Pune,IndiaPost,Delivered
10086,11834,2023-05-07,2023-05-12,Ahmedabad,IndiaPost,Delivered
10087,11835,2023-04-28,2023-05-02,Nagpur,Delhivery,Delivered
10088,11836,2024-09-02,2024-09-06,Kolkata,IndiaPost,Delivered
10089,11837,2022-05-15,2022-05-17,Kolkata,Ekart,Delivered
10090,11838,2024-11-06,2024-11-12,Chennai,Delhivery,Delayed
10091,11839,2022-05-24,2022-05-29,Delhi,Ekart,Delivered
10092,11841,2024-10-17,2024-10-21,Bengaluru,DTDC,Delivered
10093,11843,2024-10-07,2024-10-13,Delhi,BlueDart,Delivered
10094,11844,2022-02-03,2022-02-07,Surat,IndiaPost,Delivered
10095,11845,2024-02-01,2024-02-04,Delhi,IndiaPost,Delivered
10096,11846,2023-03-18,2023-03-23,Nagpur,BlueDart,Delivered
10097,11847,2022-03-07,2022-03-10,Kolkata,Ekart,In Transit
10098,11848,2022-04-22,2022-04-29,Jaipur,Ekart,Delivered
10099,11849,2022-12-29,2022-12-31,Indore,BlueDart,Delivered
10100,11850,2023-05-11,2023-05-12,Ahmedabad,Delhivery,Delayed
10101,11852,2023-01-23,2023-01-29,Lucknow,IndiaPost,Delayed
10102,11853,2022-08-22,2022-08-24,Hyderabad,DTDC,Delayed
10103,11854,2025-01-06,2025-01-08,Surat,IndiaPost,Delivered
10104,11855,2024-07-03,2024-07-10,Chennai,Ekart,Delivered
10105,11856,2022-04-26,2022-04-30,Mumbai,IndiaPost,Delivered
10106,11858,2022-03-07,2022-03-10,Kochi,Delhivery,Delivered
10107,11861,2024-04-30,2024-05-01,Pune,Ekart,Delivered
10108,11863,2025-06-11,2025-06-15,Kolkata,DTDC,Delivered
10109,11864,2023-11-06,2023-11-10,Surat,IndiaPost,Delivered
10110,11865,2023-10-03,2023-10-08,Mumbai,Delhivery,Delayed
10111,11866,2023-06-27,2023-07-01,Mumbai,Ekart,Delivered
10112,11867,2023-03-07,2023-03-11,Chennai,IndiaPost,Delivered
10113,11868,2024-10-01,2024-10-07,Lucknow,BlueDart,Delayed
10114,11869,2023-01-23,2023-01-26,Surat,BlueDart,Delivered
10115,11870,2022-11-12,2022-11-18,Chandigarh,DTDC,Delivered
10116,11871,2022-02-22,2022-02-28,Chennai,DTDC,Delayed
10117,11872,2024-01-12,2024-01-15,Lucknow,Delhivery,Delivered
10118,11873,2024-01-21,2024-01-24,Chennai,Ekart,In Transit
10119,11874,2025-07-11,2025-07-13,Lucknow,BlueDart,Delivered
10120,11876,2022-12-14,2022-12-21,Jaipur,BlueDart,In Transit
10121,11877,2025-03-29,2025-03-30,Indore,Ekart,Delivered
10122,11878,2024-03-19,2024-03-21,Indore,IndiaPost,Delivered
10123,11879,2025-11-19,2025-11-22,Bengaluru,Delhivery,Delivered
10124,11880,2023-11-07,2023-11-08,Mumbai,IndiaPost,Delivered
10125,11881,2023-01-15,2023-01-17,Pune,IndiaPost,Delivered
10126,11883,2022-01-24,2022-01-29,Pune,IndiaPost,Delivered
10127,11885,2022-06-15,2022-06-20,Lucknow,Ekart,Delayed
10128,11887,2025-11-17,2025-11-24,Chennai,Delhivery,Delivered
10129,11888,2025-06-30,2025-07-03,Chennai,BlueDart,Delivered
10130,11889,2025-08-12,2025-08-16,Nagpur,Delhivery,Delivered
10131,11890,2022-03-04,2022-03-09,Nagpur,Ekart,Delivered
10132,11891,2022-03-06,2022-03-07,Chandigarh,DTDC,In Transit
10133,11892,2025-01-19,2025-01-24,Kolkata,BlueDart,Delivered
10134,11893,2023-10-03,2023-10-06,Mumbai,Ekart,Delivered
10135,11894,2022-02-10,2022-02-17,Chandigarh,Ekart,In Transit
10136,11895,2023-05-28,2023-05-31,Bengaluru,Ekart,Delivered
10137,11896,2024-12-07,2024-12-08,Delhi,Delhivery,Delivered
10138,11898,2025-06-17,2025-06-24,Kochi,DTDC,Delivered
10139,11899,2025-02-21,2025-02-27,Indore,Delhivery,In Transit
10140,11900,2022-09-08,2022-09-14,Lucknow,IndiaPost,Delivered
10141,11901,2022-12-31,2023-01-02,Kolkata,IndiaPost,Delivered
10142,11902,2022-10-15,2022-10-20,Mumbai,IndiaPost,In Transit
10143,11903,2025-01-29,2025-01-30,Lucknow,BlueDart,Delivered
10144,11904,2022-04-15,2022-04-21,Ahmedabad,Delhivery,In Transit
10145,11906,2025-10-25,2025-10-26,Pune,IndiaPost,Delivered
10146,11907,2023-04-11,2023-04-16,Lucknow,IndiaPost,Delivered
10147,11908,2025-07-19,2025-07-23,Mumbai,BlueDart,Delivered
10148,11909,2022-09-23,2022-09-30,Pune,IndiaPost,Delivered
10149,11910,2024-05-26,2024-05-28,Hyderabad,Delhivery,Delivered
10150,11911,2024-02-21,2024-02-22,Lucknow,IndiaPost,Delivered
10151,11912,2025-04-17,2025-04-19,Chennai,IndiaPost,In Transit
10152,11913,2025-04-25,2025-04-27,Ahmedabad,IndiaPost,Delivered
10153,11914,2023-05-10,2023-05-13,Delhi,BlueDart,Delivered
10154,11916,2025-04-05,2025-04-11,Indore,Delhivery,Delayed
10155,11917,2023-09-09,2023-09-11,Indore,BlueDart,Delivered
10156,11918,2024-01-05,2024-01-11,Mumbai,DTDC,Delivered
10157,11919,2024-08-11,2024-08-17,Kolkata,DTDC,Delivered
10158,11920,2022-12-08,2022-12-13,Lucknow,IndiaPost,Delayed
10159,11921,2023-02-27,2023-03-06,Hyderabad,BlueDart,In Transit
10160,11922,2022-05-13,2022-05-16,Mumbai,Ekart,Delivered
10161,11925,2024-08-03,2024-08-08,Chennai,Delhivery,Delivered
10162,11926,2022-06-21,2022-06-22,Indore,Delhivery,Delivered
10163,11927,2022-06-02,2022-06-07,Delhi,Ekart,Delivered
10164,11928,2025-06-01,2025-06-06,Bengaluru,Delhivery,Delivered
10165,11929,2023-03-31,2023-04-01,Indore,Ekart,Delivered
10166,11931,2025-11-24,2025-11-25,Bengaluru,IndiaPost,Delivered
10167,11932,2023-07-17,2023-07-23,Nagpur,Delhivery,Delivered
10168,11933,2024-12-08,2024-12-13,Kolkata,Ekart,Delivered
10169,11934,2023-02-22,2023-02-24,Kochi,Ekart,In Transit
10170,11935,2022-10-17,2022-10-20,Kochi,DTDC,Delivered
10171,11936,2025-12-09,2025-12-13,Lucknow,Delhivery,Delivered
10172,11937,2023-01-01,2023-01-08,Nagpur,IndiaPost,Delivered
10173,11938,2022-05-24,2022-05-26,Pune,Ekart,Delivered
10174,11939,2024-07-01,2024-07-07,Surat,IndiaPost,In Transit
10175,11940,2022-12-02,2022-12-08,Ahmedabad,DTDC,Delivered
10176,11941,2024-11-03,2024-11-06,Nagpur,BlueDart,Delivered
10177,11942,2024-07-05,2024-07-08,Lucknow,IndiaPost,Delayed
10178,11943,2022-12-20,2022-12-25,Indore,Delhivery,Delivered
10179,11944,2024-02-14,2024-02-19,Pune,BlueDart,Delivered
10180,11945,2022-03-11,2022-03-12,Chandigarh,Ekart,Delivered
10181,11946,2024-11-08,2024-11-10,Hyderabad,Ekart,Delivered
10182,11947,2022-09-13,2022-09-14,Kochi,IndiaPost,Delayed
10183,11948,2024-02-21,2024-02-22,Indore,DTDC,In Transit
10184,11949,2025-10-06,2025-10-07,Hyderabad,BlueDart,In Transit
10185,11950,2024-04-20,2024-04-21,Kolkata,Ekart,Delivered
10186,11951,2025-07-06,2025-07-13,Kolkata,BlueDart,Delivered
10187,11952,2024-09-29,2024-10-03,Bengaluru,BlueDart,Delivered
10188,11955,2024-07-07,2024-07-13,Lucknow,BlueDart,Delivered
10189,11956,2022-06-05,2022-06-12,Bengaluru,IndiaPost,Delivered
10190,11957,2024-05-13,2024-05-16,Chandigarh,Delhivery,Delivered
10191,11958,2022-05-09,2022-05-12,Surat,BlueDart,Delivered
10192,11959,2022-07-14,2022-07-16,Surat,IndiaPost,Delivered
10193,11960,2023-03-22,2023-03-24,Hyderabad,IndiaPost,Delivered
10194,11961,2024-06-01,2024-06-02,Pune,Ekart,Delivered
10195,11963,2023-11-12,2023-11-18,Pune,Ekart,Delivered
10196,11964,2024-05-10,2024-05-13,Kolkata,Ekart,Delivered
10197,11965,2023-03-02,2023-03-06,Mumbai,BlueDart,Delayed
10198,11967,2025-05-04,2025-05-11,Surat,BlueDart,Delivered
10199,11968,2022-09-30,2022-10-04,Pune,BlueDart,Delivered
10200,11969,2022-11-18,2022-11-19,Ahmedabad,Delhivery,Delivered
10201,11970,2024-06-01,2024-06-08,Indore,Delhivery,Delivered
10202,11971,2025-10-31,2025-11-01,Jaipur,DTDC,Delivered
10203,11972,2022-04-29,2022-05-04,Kochi,Delhivery,Delivered
10204,11973,2025-11-17,2025-11-20,Mumbai,Delhivery,Delivered
10205,11974,2024-03-30,2024-04-02,Chennai,IndiaPost,Delivered
10206,11975,2022-10-26,2022-11-02,Indore,DTDC,In Transit
10207,11976,2024-04-24,2024-05-01,Mumbai,IndiaPost,Delivered
10208,11977,2022-11-26,2022-12-02,Chennai,BlueDart,Delayed
10209,11978,2023-12-07,2023-12-09,Ahmedabad,Ekart,Delivered
10210,11980,2023-08-15,2023-08-21,Chandigarh,Delhivery,Delivered
10211,11981,2025-01-03,2025-01-10,Bengaluru,Delhivery,In Transit
10212,11982,2025-04-20,2025-04-26,Chennai,Delhivery,Delivered
10213,11983,2022-03-25,2022-03-26,Kolkata,BlueDart,In Transit
10214,11984,2025-10-02,2025-10-03,Pune,Delhivery,Delivered
10215,11985,2023-11-11,2023-11-17,Chandigarh,BlueDart,Delivered
10216,11986,2023-12-13,2023-12-14,Chandigarh,BlueDart,Delivered
10217,11987,2022-07-27,2022-07-28,Delhi,Ekart,In Transit
10218,11988,2024-06-29,2024-07-01,Ahmedabad,Delhivery,Delivered
10219,11989,2024-08-30,2024-09-05,Pune,BlueDart,Delivered
10220,11990,2022-01-17,2022-01-22,Nagpur,Delhivery,Delivered
10221,11991,2024-08-21,2024-08-24,Hyderabad,IndiaPost,In Transit
10222,11992,2025-02-21,2025-02-27,Bengaluru,IndiaPost,In Transit
10223,11993,2024-08-05,2024-08-08,Surat,Ekart,Delivered
10224,11994,2022-03-18,2022-03-21,Kolkata,DTDC,Delivered
10225,11995,2025-01-12,2025-01-16,Pune,Delhivery,Delivered
10226,11996,2023-04-01,2023-04-02,Hyderabad,DTDC,Delayed
10227,11997,2024-03-21,2024-03-23,Chandigarh,DTDC,Delivered
10228,11998,2022-10-11,2022-10-16,Hyderabad,BlueDart,Delivered
10229,12000,2024-12-24,2024-12-31,Surat,Ekart,Delivered
10230,12001,2024-12-19,2024-12-22,Delhi,Delhivery,Delivered
10231,12002,2024-12-12,2024-12-14,Pune,IndiaPost,Delivered
10232,12003,2023-12-13,2023-12-15,Indore,BlueDart,Delivered
10233,12004,2022-05-12,2022-05-17,Chennai,IndiaPost,Delayed
10234,12006,2024-02-12,2024-02-18,Nagpur,DTDC,Delivered
10235,12007,2024-12-30,2025-01-06,Indore,Ekart,Delivered
10236,12008,2024-07-20,2024-07-27,Chandigarh,Delhivery,Delivered
10237,12010,2024-08-16,2024-08-21,Indore,DTDC,Delivered
10238,12011,2025-10-12,2025-10-15,Ahmedabad,DTDC,Delayed
10239,12012,2022-04-28,2022-05-05,Jaipur,IndiaPost,Delivered
10240,12013,2023-05-13,2023-05-16,Hyderabad,Delhivery,In Transit
10241,12014,2023-12-02,2023-12-04,Kochi,Delhivery,Delivered
10242,12015,2022-07-20,2022-07-21,Hyderabad,BlueDart,Delivered
10243,12016,2023-02-02,2023-02-05,Mumbai,IndiaPost,Delivered
10244,12017,2024-04-01,2024-04-05,Hyderabad,IndiaPost,Delivered
10245,12019,2022-06-12,2022-06-15,Bengaluru,BlueDart,Delivered
10246,12020,2023-02-03,2023-02-06,Kochi,BlueDart,Delivered
10247,12021,2022-03-02,2022-03-07,Kochi,DTDC,Delivered
10248,12022,2023-11-11,2023-11-13,Ahmedabad,Ekart,Delivered
10249,12023,2023-01-04,2023-01-11,Jaipur,IndiaPost,Delivered
10250,12024,2022-02-16,2022-02-20,Ahmedabad,BlueDart,Delayed
10251,12025,2023-02-22,2023-02-26,Delhi,IndiaPost,Delivered
10252,12026,2023-05-11,2023-05-16,Lucknow,Ekart,Delivered
10253,12027,2024-01-07,2024-01-14,Delhi,BlueDart,Delivered
10254,12028,2024-12-07,2024-12-13,Kolkata,Delhivery,Delivered
10255,12029,2023-03-29,2023-03-30,Indore,Ekart,Delivered
10256,12030,2025-07-23,2025-07-24,Pune,BlueDart,Delivered
10257,12031,2024-11-19,2024-11-24,Nagpur,BlueDart,Delivered
10258,12032,2025-07-28,2025-07-29,Pune,IndiaPost,Delivered
10259,12033,2023-04-16,2023-04-22,Jaipur,Delhivery,Delivered
10260,12034,2024-01-28,2024-02-02,Delhi,IndiaPost,Delivered
10261,12035,2025-04-08,2025-04-12,Pune,IndiaPost,Delivered
10262,12036,2023-12-29,2023-12-31,Bengaluru,BlueDart,Delivered
10263,12038,2025-09-12,2025-09-19,Kochi,IndiaPost,Delivered
10264,12039,2024-08-16,2024-08-17,Kochi,DTDC,Delivered
10265,12040,2024-04-03,2024-04-09,Chennai,BlueDart,Delivered
10266,12041,2024-01-30,2024-02-04,Hyderabad,Delhivery,In Transit
10267,12042,2023-12-15,2023-12-22,Jaipur,BlueDart,Delivered
10268,12043,2023-02-17,2023-02-19,Ahmedabad,BlueDart,Delivered
10269,12046,2025-12-05,2025-12-09,Pune,Delhivery,Delivered
10270,12047,2023-02-28,2023-03-01,Ahmedabad,BlueDart,Delivered
10271,12048,2022-01-31,2022-02-05,Kolkata,DTDC,Delivered
10272,12049,2022-04-21,2022-04-24,Kochi,Delhivery,Delivered
10273,12050,2022-09-29,2022-09-30,Chennai,DTDC,Delayed
10274,12051,2023-09-05,2023-09-09,Delhi,BlueDart,Delayed
10275,12052,2024-09-17,2024-09-24,Jaipur,Delhivery,Delivered
10276,12054,2025-09-09,2025-09-10,Chandigarh,DTDC,Delivered
10277,12055,2025-05-28,2025-06-01,Bengaluru,DTDC,Delivered
10278,12056,2023-04-21,2023-04-26,Surat,BlueDart,Delivered
10279,12058,2022-10-15,2022-10-22,Mumbai,DTDC,Delivered
10280,12060,2022-09-07,2022-09-08,Hyderabad,Ekart,Delivered
10281,12061,2024-02-22,2024-02-29,Ahmedabad,Delhivery,Delivered
10282,12062,2024-09-17,2024-09-19,Jaipur,Delhivery,Delayed
10283,12063,2023-08-18,2023-08-24,Chandigarh,IndiaPost,Delivered
10284,12064,2023-07-21,2023-07-22,Hyderabad,IndiaPost,Delivered
10285,12065,2022-03-06,2022-03-13,Pune,IndiaPost,Delivered
10286,12066,2022-05-21,2022-05-25,Hyderabad,BlueDart,Delivered
10287,12067,2023-06-29,2023-07-04,Ahmedabad,Ekart,Delivered
10288,12068,2025-05-23,2025-05-28,Ahmedabad,Ekart,Delivered
10289,12069,2023-11-04,2023-11-10,Bengaluru,BlueDart,Delivered
10290,12070,2023-07-17,2023-07-24,Ahmedabad,DTDC,Delivered
10291,12072,2022-02-15,2022-02-16,Surat,Ekart,Delivered
10292,12073,2025-06-12,2025-06-19,Chandigarh,BlueDart,Delivered
10293,12074,2025-10-06,2025-10-07,Jaipur,Ekart,Delivered
10294,12076,2025-01-02,2025-01-03,Delhi,IndiaPost,Delivered
10295,12077,2022-07-15,2022-07-20,Mumbai,Delhivery,Delivered
10296,12078,2024-08-26,2024-08-31,Chennai,Ekart,Delivered
10297,12080,2023-10-25,2023-10-26,Delhi,Ekart,Delayed
10298,12081,2025-12-18,2025-12-25,Pune,IndiaPost,Delivered
10299,12082,2025-03-29,2025-04-02,Chennai,Ekart,Delivered
10300,12083,2025-03-24,2025-03-28,Pune,Ekart,Delivered
10301,12084,2022-08-14,2022-08-21,Chandigarh,DTDC,Delivered
10302,12085,2025-06-17,2025-06-24,Kolkata,DTDC,Delivered
10303,12086,2024-06-30,2024-07-01,Chennai,IndiaPost,Delivered
10304,12087,2025-09-01,2025-09-03,Delhi,IndiaPost,Delivered
10305,12088,2024-01-25,2024-01-29,Chandigarh,IndiaPost,Delivered
10306,12089,2022-10-11,2022-10-13,Nagpur,DTDC,Delivered
10307,12090,2022-07-04,2022-07-10,Chennai,Delhivery,Delivered
10308,12091,2022-02-18,2022-02-19,Mumbai,IndiaPost,Delivered
10309,12093,2024-08-10,2024-08-15,Kochi,IndiaPost,Delivered
10310,12094,2022-01-14,2022-01-16,Lucknow,BlueDart,Delivered
10311,12095,2025-04-20,2025-04-21,Chandigarh,BlueDart,Delivered
10312,12097,2025-07-27,2025-07-28,Chennai,DTDC,Delivered
10313,12098,2022-04-26,2022-04-28,Mumbai,Ekart,Delivered
10314,12099,2024-12-28,2024-12-31,Chandigarh,DTDC,Delivered
10315,12101,2023-09-28,2023-09-29,Jaipur,IndiaPost,Delivered
10316,12103,2024-03-15,2024-03-22,Surat,Ekart,Delivered
10317,12104,2024-11-21,2024-11-27,Kolkata,IndiaPost,Delivered
10318,12105,2025-11-28,2025-12-01,Indore,Ekart,Delivered
10319,12106,2025-12-22,2025-12-28,Chandigarh,BlueDart,In Transit
10320,12107,2022-06-27,2022-06-30,Bengaluru,DTDC,Delivered
10321,12108,2024-08-26,2024-09-02,Jaipur,BlueDart,Delivered
10322,12109,2024-02-02,2024-02-03,Lucknow,Delhivery,Delivered
10323,12110,2022-05-09,2022-05-15,Surat,Delhivery,Delivered
10324,12111,2025-11-15,2025-11-21,Jaipur,BlueDart,Delivered
10325,12112,2025-04-16,2025-04-23,Chandigarh,DTDC,Delivered
10326,12113,2024-09-02,2024-09-03,Nagpur,Ekart,Delivered
10327,12114,2022-12-14,2022-12-16,Chennai,Delhivery,Delivered
10328,12115,2025-10-12,2025-10-15,Mumbai,IndiaPost,In Transit
10329,12116,2025-11-19,2025-11-23,Chandigarh,IndiaPost,Delivered
10330,12117,2022-12-19,2022-12-21,Jaipur,Delhivery,Delivered
10331,12118,2024-12-23,2024-12-26,Delhi,IndiaPost,Delivered
10332,12119,2025-10-10,2025-10-16,Bengaluru,Delhivery,Delivered
10333,12120,2022-05-09,2022-05-12,Chennai,DTDC,Delivered
10334,12121,2025-11-22,2025-11-26,Pune,Delhivery,Delayed
10335,12124,2024-02-26,2024-03-04,Delhi,Ekart,Delivered
10336,12125,2022-01-29,2022-02-05,Kochi,IndiaPost,Delivered
10337,12126,2023-12-20,2023-12-25,Ahmedabad,Ekart,Delivered
10338,12127,2023-11-05,2023-11-12,Kolkata,Delhivery,Delayed
10339,12128,2025-02-27,2025-03-04,Jaipur,IndiaPost,Delivered
10340,12129,2023-09-16,2023-09-23,Delhi,Delhivery,Delayed
10341,12130,2022-12-05,2022-12-06,Nagpur,BlueDart,Delivered
10342,12133,2023-01-17,2023-01-23,Jaipur,Ekart,In Transit
10343,12134,2023-01-30,2023-01-31,Lucknow,DTDC,In Transit
10344,12135,2023-08-19,2023-08-25,Mumbai,IndiaPost,Delivered
10345,12136,2022-07-09,2022-07-13,Chennai,DTDC,Delivered
10346,12137,2025-11-17,2025-11-23,Jaipur,IndiaPost,Delivered
10347,12138,2023-09-13,2023-09-16,Pune,BlueDart,Delayed
10348,12139,2024-04-29,2024-04-30,Surat,IndiaPost,In Transit
10349,12140,2022-12-05,2022-12-07,Indore,Delhivery,Delivered
10350,12141,2025-03-10,2025-03-12,Bengaluru,IndiaPost,Delivered
10351,12142,2024-09-10,2024-09-15,Delhi,DTDC,Delivered
10352,12143,2023-06-10,2023-06-14,Ahmedabad,DTDC,Delivered
10353,12145,2023-11-25,2023-11-28,Kolkata,IndiaPost,Delivered
10354,12147,2024-12-28,2025-01-04,Surat,BlueDart,Delivered
10355,12148,2025-08-10,2025-08-12,Nagpur,BlueDart,In Transit
10356,12150,2025-12-18,2025-12-24,Kolkata,BlueDart,Delivered
10357,12152,2022-07-05,2022-07-09,Chandigarh,BlueDart,Delivered
10358,12153,2024-12-12,2024-12-16,Bengaluru,IndiaPost,Delivered
10359,12155,2025-02-27,2025-02-28,Nagpur,BlueDart,Delivered
10360,12157,2022-01-29,2022-02-04,Chennai,DTDC,Delivered
10361,12159,2025-09-15,2025-09-19,Pune,Ekart,Delivered
10362,12160,2022-09-29,2022-10-03,Kochi,IndiaPost,Delivered
10363,12161,2023-12-31,2024-01-01,Mumbai,DTDC,Delivered
10364,12162,2023-11-06,2023-11-12,Surat,DTDC,Delivered
10365,12163,2024-11-24,2024-11-26,Chandigarh,Delhivery,Delivered
10366,12164,2024-08-24,2024-08-31,Mumbai,Ekart,Delivered
10367,12165,2023-05-14,2023-05-19,Nagpur,DTDC,Delivered
10368,12166,2024-07-30,2024-08-05,Hyderabad,BlueDart,Delivered
10369,12167,2022-02-20,2022-02-27,Surat,BlueDart,Delivered
10370,12168,2025-05-24,2025-05-28,Lucknow,Delhivery,Delivered
10371,12169,2024-01-09,2024-01-16,Indore,Delhivery,Delivered
10372,12170,2025-07-16,2025-07-19,Hyderabad,Delhivery,Delivered
10373,12171,2022-12-20,2022-12-27,Chandigarh,Delhivery,Delivered
10374,12172,2024-05-23,2024-05-26,Chandigarh,DTDC,Delivered
10375,12175,2022-06-28,2022-07-02,Kolkata,Delhivery,Delivered
10376,12176,2022-04-05,2022-04-08,Surat,BlueDart,Delayed
10377,12177,2024-01-10,2024-01-13,Mumbai,Ekart,In Transit
10378,12178,2024-04-17,2024-04-20,Hyderabad,Delhivery,Delivered
10379,12179,2023-12-12,2023-12-18,Nagpur,Ekart,Delivered
10380,12180,2024-11-26,2024-12-02,Kochi,IndiaPost,Delayed
10381,12181,2024-06-09,2024-06-12,Mumbai,DTDC,Delivered
10382,12182,2024-08-25,2024-08-26,Chandigarh,BlueDart,Delivered
10383,12183,2022-03-03,2022-03-06,Bengaluru,BlueDart,In Transit
10384,12185,2022-02-17,2022-02-23,Kochi,BlueDart,Delivered
10385,12186,2023-02-25,2023-03-03,Lucknow,IndiaPost,Delayed
10386,12187,2025-12-30,2026-01-06,Chandigarh,BlueDart,In Transit
10387,12189,2024-12-04,2024-12-08,Chennai,DTDC,Delivered
10388,12190,2023-03-27,2023-03-30,Indore,Ekart,Delivered
10389,12191,2022-04-28,2022-05-03,Indore,DTDC,Delivered
10390,12193,2024-01-05,2024-01-06,Nagpur,Ekart,Delivered
10391,12194,2024-09-10,2024-09-12,Chandigarh,Ekart,Delivered
10392,12195,2024-04-26,2024-04-29,Chandigarh,DTDC,Delayed
10393,12196,2024-10-10,2024-10-13,Chennai,BlueDart,Delivered
10394,12197,2025-05-19,2025-05-21,Nagpur,IndiaPost,Delivered
10395,12198,2022-06-20,2022-06-26,Bengaluru,Delhivery,Delivered
10396,12199,2022-06-23,2022-06-25,Chennai,BlueDart,Delivered
10397,12201,2023-02-14,2023-02-21,Surat,BlueDart,Delivered
10398,12202,2024-12-26,2024-12-29,Chennai,Ekart,Delivered
10399,12203,2024-01-02,2024-01-08,Lucknow,Delhivery,Delayed
10400,12205,2023-08-14,2023-08-18,Bengaluru,DTDC,Delivered
10401,12206,2023-08-08,2023-08-12,Pune,BlueDart,Delivered
10402,12207,2024-05-25,2024-05-28,Kolkata,IndiaPost,Delivered
10403,12208,2024-06-28,2024-07-01,Kochi,BlueDart,Delivered
10404,12209,2023-04-02,2023-04-09,Pune,Ekart,Delivered
10405,12210,2024-09-23,2024-09-24,Delhi,BlueDart,Delayed
10406,12211,2024-07-10,2024-07-16,Delhi,Delhivery,Delivered
10407,12212,2025-10-16,2025-10-23,Kochi,Ekart,In Transit
10408,12213,2025-05-17,2025-05-21,Kolkata,IndiaPost,Delivered
10409,12215,2024-03-22,2024-03-28,Kolkata,Ekart,Delivered
10410,12216,2022-06-23,2022-06-30,Delhi,IndiaPost,Delivered
10411,12217,2025-09-28,2025-10-01,Kochi,BlueDart,Delivered
10412,12218,2024-08-17,2024-08-20,Indore,IndiaPost,Delivered
10413,12219,2022-12-19,2022-12-24,Pune,BlueDart,Delivered
10414,12220,2023-08-01,2023-08-08,Mumbai,IndiaPost,Delivered
10415,12221,2024-04-27,2024-05-02,Chennai,Ekart,In Transit
10416,12222,2024-02-02,2024-02-05,Kolkata,Delhivery,In Transit
10417,12223,2023-10-04,2023-10-09,Kolkata,BlueDart,Delivered
10418,12224,2025-11-24,2025-11-26,Jaipur,Ekart,Delivered
10419,12225,2025-05-28,2025-06-01,Ahmedabad,IndiaPost,Delayed
10420,12226,2025-06-12,2025-06-19,Hyderabad,IndiaPost,In Transit
10421,12227,2025-10-28,2025-10-29,Mumbai,DTDC,Delivered
10422,12228,2024-02-18,2024-02-22,Hyderabad,BlueDart,Delivered
10423,12229,2022-09-17,2022-09-23,Surat,Delhivery,Delivered
10424,12230,2022-11-30,2022-12-04,Jaipur,Ekart,Delivered
10425,12231,2025-06-15,2025-06-20,Nagpur,BlueDart,Delivered
10426,12232,2024-02-04,2024-02-07,Nagpur,Delhivery,Delivered
10427,12234,2025-04-30,2025-05-05,Jaipur,DTDC,Delivered
10428,12236,2024-08-04,2024-08-11,Chandigarh,Ekart,Delivered
10429,12238,2023-09-10,2023-09-11,Hyderabad,BlueDart,Delivered
10430,12239,2023-01-28,2023-01-29,Surat,DTDC,Delivered
10431,12240,2023-10-18,2023-10-23,Nagpur,Ekart,Delivered
10432,12241,2022-01-31,2022-02-04,Bengaluru,Delhivery,Delivered
10433,12243,2024-07-22,2024-07-28,Lucknow,Ekart,Delayed
10434,12244,2024-09-27,2024-09-30,Chennai,Delhivery,Delivered
10435,12245,2025-12-09,2025-12-10,Jaipur,Ekart,Delivered
10436,12246,2025-01-02,2025-01-08,Delhi,BlueDart,Delivered
10437,12247,2025-03-07,2025-03-08,Kolkata,Ekart,Delivered
10438,12248,2022-06-01,2022-06-04,Kochi,Delhivery,Delayed
10439,12249,2022-10-19,2022-10-24,Bengaluru,Ekart,Delivered
10440,12250,2023-06-05,2023-06-08,Chandigarh,BlueDart,Delivered
10441,12251,2023-11-09,2023-11-14,Surat,Delhivery,Delivered
10442,12252,2025-07-08,2025-07-09,Nagpur,DTDC,Delivered
10443,12253,2023-05-22,2023-05-24,Indore,DTDC,Delivered
10444,12254,2025-05-19,2025-05-23,Mumbai,BlueDart,Delivered
10445,12255,2022-11-26,2022-11-29,Jaipur,IndiaPost,Delivered
10446,12256,2022-08-27,2022-08-28,Mumbai,IndiaPost,Delivered
10447,12257,2025-07-23,2025-07-27,Jaipur,Delhivery,Delivered
10448,12258,2024-12-11,2024-12-12,Jaipur,BlueDart,Delivered
10449,12259,2024-09-14,2024-09-20,Delhi,Delhivery,Delivered
10450,12260,2025-01-07,2025-01-13,Ahmedabad,BlueDart,Delivered
10451,12261,2022-04-04,2022-04-11,Indore,IndiaPost,Delivered
10452,12262,2024-05-29,2024-06-03,Pune,Ekart,Delivered
10453,12263,2022-05-01,2022-05-05,Indore,IndiaPost,Delivered
10454,12264,2025-11-28,2025-12-02,Indore,BlueDart,Delivered
10455,12265,2024-08-29,2024-09-02,Mumbai,BlueDart,Delivered
10456,12266,2022-10-19,2022-10-21,Surat,IndiaPost,Delivered
10457,12267,2023-11-20,2023-11-26,Bengaluru,Ekart,Delivered
10458,12269,2022-01-03,2022-01-04,Chandigarh,Delhivery,In Transit
10459,12270,2023-05-24,2023-05-27,Indore,DTDC,Delivered
10460,12271,2023-06-02,2023-06-07,Chennai,Delhivery,Delivered
10461,12272,2025-11-14,2025-11-15,Jaipur,IndiaPost,Delivered
10462,12273,2023-02-25,2023-02-28,Chandigarh,DTDC,Delivered
10463,12274,2023-11-25,2023-11-26,Indore,Delhivery,Delivered
10464,12275,2025-08-19,2025-08-23,Nagpur,Delhivery,Delivered
10465,12276,2022-02-14,2022-02-19,Chennai,Ekart,Delivered
10466,12277,2022-02-27,2022-03-04,Chennai,Ekart,Delivered
10467,12278,2022-07-12,2022-07-15,Kolkata,DTDC,Delivered
10468,12279,2024-12-05,2024-12-08,Indore,DTDC,Delivered
10469,12280,2024-06-26,2024-06-28,Delhi,DTDC,Delayed
10470,12281,2025-09-09,2025-09-15,Hyderabad,IndiaPost,Delivered
10471,12282,2024-01-07,2024-01-13,Nagpur,DTDC,Delivered
10472,12283,2022-06-26,2022-07-01,Bengaluru,Delhivery,Delivered
10473,12284,2022-11-19,2022-11-20,Delhi,BlueDart,Delivered
10474,12285,2024-02-03,2024-02-09,Hyderabad,Ekart,Delivered
10475,12286,2025-07-21,2025-07-24,Lucknow,Delhivery,Delayed
10476,12287,2025-01-02,2025-01-06,Indore,IndiaPost,Delivered
10477,12288,2025-10-11,2025-10-14,Jaipur,Ekart,Delivered
10478,12290,2025-11-17,2025-11-24,Kolkata,IndiaPost,Delivered
10479,12291,2022-10-17,2022-10-22,Nagpur,Ekart,Delivered
10480,12292,2024-06-03,2024-06-09,Bengaluru,Delhivery,Delivered
10481,12294,2024-11-07,2024-11-12,Nagpur,IndiaPost,Delayed
10482,12295,2025-02-06,2025-02-07,Kolkata,Delhivery,Delivered
10483,12297,2024-09-24,2024-09-27,Hyderabad,BlueDart,Delivered
10484,12298,2022-09-25,2022-09-30,Mumbai,BlueDart,Delivered
10485,12299,2024-08-28,2024-08-30,Chandigarh,Ekart,Delivered
10486,12300,2023-07-12,2023-07-14,Bengaluru,Ekart,In Transit
10487,12301,2022-03-07,2022-03-10,Delhi,DTDC,Delivered
10488,12302,2024-11-28,2024-12-03,Pune,BlueDart,Delivered
10489,12303,2025-07-16,2025-07-18,Hyderabad,BlueDart,Delivered
10490,12305,2022-12-06,2022-12-13,Chennai,Delhivery,Delivered
10491,12306,2022-09-19,2022-09-21,Ahmedabad,DTDC,Delivered
10492,12307,2023-09-08,2023-09-12,Kochi,IndiaPost,Delivered
10493,12308,2023-10-23,2023-10-25,Jaipur,BlueDart,In Transit
10494,12309,2025-07-14,2025-07-17,Mumbai,DTDC,Delivered
10495,12310,2023-08-30,2023-09-06,Chennai,Delhivery,Delivered
10496,12311,2023-11-13,2023-11-15,Indore,Ekart,Delivered
10497,12312,2025-07-19,2025-07-25,Hyderabad,Delhivery,In Transit
10498,12313,2024-07-31,2024-08-02,Lucknow,Delhivery,Delivered
10499,12314,2024-02-01,2024-02-03,Mumbai,BlueDart,Delivered
10500,12316,2023-01-17,2023-01-24,Surat,Delhivery,Delivered
10501,12317,2022-04-13,2022-04-19,Chennai,Ekart,Delivered
10502,12318,2024-02-10,2024-02-11,Bengaluru,BlueDart,Delivered
10503,12319,2025-10-05,2025-10-07,Lucknow,BlueDart,In Transit
10504,12320,2024-11-13,2024-11-17,Jaipur,Ekart,Delivered
10505,12321,2025-03-14,2025-03-20,Lucknow,Delhivery,In Transit
10506,12322,2022-05-12,2022-05-19,Jaipur,Delhivery,Delivered
10507,12323,2023-12-19,2023-12-23,Kolkata,Ekart,Delivered
10508,12324,2024-05-01,2024-05-06,Ahmedabad,Delhivery,Delivered
10509,12325,2023-06-24,2023-07-01,Kochi,DTDC,Delivered
10510,12326,2025-12-12,2025-12-17,Surat,BlueDart,Delivered
10511,12329,2022-11-18,2022-11-25,Lucknow,DTDC,Delivered
10512,12330,2023-02-19,2023-02-23,Jaipur,DTDC,Delayed
10513,12331,2025-11-24,2025-11-28,Chennai,DTDC,Delivered
10514,12332,2025-08-22,2025-08-25,Mumbai,Delhivery,Delivered
10515,12333,2025-01-11,2025-01-15,Bengaluru,BlueDart,Delivered
10516,12334,2023-01-18,2023-01-20,Mumbai,Ekart,Delivered
10517,12335,2023-01-08,2023-01-11,Nagpur,DTDC,Delivered
10518,12336,2022-10-23,2022-10-25,Jaipur,IndiaPost,Delivered
10519,12338,2024-02-04,2024-02-08,Bengaluru,Delhivery,Delivered
10520,12339,2025-12-03,2025-12-10,Bengaluru,DTDC,Delivered
10521,12340,2023-01-04,2023-01-10,Delhi,DTDC,Delivered
10522,12341,2022-12-30,2023-01-01,Nagpur,IndiaPost,Delivered
10523,12342,2022-04-13,2022-04-14,Hyderabad,IndiaPost,In Transit
10524,12344,2022-03-13,2022-03-18,Nagpur,IndiaPost,In Transit
10525,12345,2023-01-01,2023-01-06,Chennai,Ekart,Delivered
10526,12346,2023-05-30,2023-06-05,Nagpur,IndiaPost,Delivered
10527,12347,2024-12-22,2024-12-25,Lucknow,Ekart,Delivered
10528,12348,2025-05-31,2025-06-01,Lucknow,Delhivery,Delayed
10529,12349,2022-02-13,2022-02-17,Lucknow,Ekart,Delivered
10530,12351,2022-05-09,2022-05-13,Kolkata,Delhivery,Delayed
10531,12352,2024-11-26,2024-11-28,Hyderabad,DTDC,Delivered
10532,12353,2022-10-23,2022-10-26,Hyderabad,DTDC,Delivered
10533,12354,2025-11-25,2025-11-27,Kochi,Ekart,Delivered
10534,12355,2024-08-03,2024-08-08,Jaipur,DTDC,Delivered
10535,12356,2023-01-03,2023-01-08,Indore,Delhivery,Delivered
10536,12358,2023-11-12,2023-11-13,Lucknow,DTDC,Delayed
10537,12360,2025-11-18,2025-11-24,Pune,BlueDart,Delivered
10538,12361,2023-05-03,2023-05-08,Indore,BlueDart,Delayed
10539,12362,2023-04-21,2023-04-23,Indore,DTDC,Delivered
10540,12363,2023-01-01,2023-01-06,Hyderabad,DTDC,Delivered
10541,12364,2025-06-13,2025-06-14,Lucknow,IndiaPost,Delivered
10542,12366,2024-12-27,2025-01-02,Delhi,Ekart,Delivered
10543,12367,2025-08-11,2025-08-14,Jaipur,BlueDart,Delivered
10544,12368,2023-12-11,2023-12-16,Pune,BlueDart,Delivered
10545,12369,2023-08-09,2023-08-16,Kochi,Ekart,In Transit
10546,12370,2022-04-01,2022-04-05,Mumbai,Delhivery,Delivered
10547,12371,2023-06-10,2023-06-13,Chennai,Delhivery,Delivered
10548,12372,2023-04-21,2023-04-24,Pune,BlueDart,In Transit
10549,12373,2022-06-23,2022-06-29,Delhi,IndiaPost,Delivered
10550,12374,2022-02-19,2022-02-23,Surat,IndiaPost,Delivered
10551,12375,2024-07-25,2024-07-31,Kolkata,BlueDart,Delivered
10552,12376,2024-03-23,2024-03-28,Kochi,IndiaPost,Delivered
10553,12377,2024-09-11,2024-09-18,Bengaluru,IndiaPost,Delivered
10554,12378,2025-11-18,2025-11-20,Kochi,Ekart,Delivered
10555,12379,2025-11-08,2025-11-15,Chandigarh,Ekart,Delivered
10556,12380,2024-09-08,2024-09-14,Surat,Ekart,Delivered
10557,12381,2024-06-18,2024-06-22,Nagpur,IndiaPost,Delivered
10558,12382,2025-09-22,2025-09-25,Jaipur,BlueDart,Delivered
10559,12383,2023-03-04,2023-03-05,Surat,DTDC,Delivered
10560,12384,2025-09-26,2025-09-28,Chennai,BlueDart,Delivered
10561,12385,2022-02-17,2022-02-20,Kolkata,DTDC,Delivered
10562,12386,2023-04-22,2023-04-24,Hyderabad,Ekart,Delivered
10563,12387,2022-08-09,2022-08-11,Jaipur,Delhivery,Delivered
10564,12388,2024-05-08,2024-05-14,Chennai,BlueDart,Delivered
10565,12389,2025-05-14,2025-05-21,Kochi,IndiaPost,In Transit
10566,12390,2025-06-06,2025-06-09,Indore,Ekart,Delivered
10567,12391,2024-11-12,2024-11-19,Pune,Delhivery,Delivered
10568,12393,2023-03-12,2023-03-19,Mumbai,Delhivery,Delivered
10569,12394,2025-03-07,2025-03-14,Ahmedabad,DTDC,Delivered
10570,12395,2022-12-08,2022-12-11,Delhi,IndiaPost,Delivered
10571,12396,2024-05-21,2024-05-28,Kochi,IndiaPost,Delivered
10572,12397,2022-10-25,2022-10-26,Nagpur,BlueDart,Delivered
10573,12398,2024-12-09,2024-12-15,Ahmedabad,IndiaPost,Delivered
10574,12399,2025-11-24,2025-11-29,Bengaluru,IndiaPost,Delivered
10575,12400,2024-07-15,2024-07-16,Jaipur,Delhivery,Delivered
10576,12402,2023-11-30,2023-12-02,Jaipur,Delhivery,Delivered
10577,12403,2024-08-28,2024-09-03,Pune,BlueDart,Delivered
10578,12404,2024-09-18,2024-09-23,Ahmedabad,DTDC,Delivered
10579,12406,2022-12-25,2023-01-01,Lucknow,IndiaPost,Delivered
10580,12407,2024-01-02,2024-01-05,Hyderabad,DTDC,Delivered
10581,12408,2025-05-23,2025-05-26,Nagpur,BlueDart,Delivered
10582,12409,2025-12-13,2025-12-18,Kolkata,BlueDart,Delivered
10583,12410,2022-07-12,2022-07-17,Delhi,IndiaPost,Delivered
10584,12411,2024-01-18,2024-01-25,Bengaluru,DTDC,Delivered
10585,12412,2025-06-26,2025-07-01,Mumbai,BlueDart,Delivered
10586,12414,2025-07-25,2025-07-26,Lucknow,IndiaPost,Delayed
10587,12415,2024-06-21,2024-06-28,Mumbai,Ekart,In Transit
10588,12417,2025-11-18,2025-11-23,Jaipur,Ekart,Delivered
10589,12418,2023-01-17,2023-01-23,Nagpur,IndiaPost,Delivered
10590,12420,2024-12-11,2024-12-15,Nagpur,Ekart,Delivered
10591,12421,2024-03-18,2024-03-19,Ahmedabad,Ekart,Delivered
10592,12422,2022-01-14,2022-01-20,Surat,DTDC,Delivered
10593,12423,2024-11-10,2024-11-13,Chandigarh,Delhivery,Delivered
10594,12424,2022-12-01,2022-12-05,Hyderabad,Ekart,Delivered
10595,12425,2022-04-10,2022-04-11,Delhi,Ekart,Delivered
10596,12426,2023-12-14,2023-12-17,Surat,IndiaPost,Delivered
10597,12427,2022-06-05,2022-06-08,Nagpur,BlueDart,Delivered
10598,12428,2025-11-11,2025-11-17,Kolkata,Ekart,Delivered
10599,12429,2024-04-12,2024-04-19,Kochi,Ekart,Delayed
10600,12430,2022-01-05,2022-01-11,Kolkata,Delhivery,Delivered
10601,12431,2022-02-19,2022-02-21,Kolkata,Ekart,Delivered
10602,12432,2025-06-27,2025-07-04,Bengaluru,Delhivery,Delivered
10603,12433,2023-08-18,2023-08-25,Surat,IndiaPost,In Transit
10604,12434,2025-11-27,2025-11-29,Chennai,Ekart,Delivered
10605,12435,2022-12-18,2022-12-24,Pune,Delhivery,Delivered
10606,12436,2025-06-24,2025-06-30,Kochi,Ekart,Delivered
10607,12437,2023-10-20,2023-10-26,Pune,Delhivery,Delivered
10608,12438,2025-10-12,2025-10-17,Nagpur,IndiaPost,Delivered
10609,12440,2025-05-07,2025-05-10,Chandigarh,DTDC,Delivered
10610,12442,2025-02-14,2025-02-20,Chandigarh,DTDC,Delivered
10611,12443,2023-10-03,2023-10-07,Pune,Delhivery,Delivered
10612,12444,2024-10-12,2024-10-16,Kochi,DTDC,Delivered
10613,12445,2023-09-04,2023-09-07,Kochi,DTDC,Delivered
10614,12446,2023-12-31,2024-01-03,Pune,Ekart,Delivered
10615,12447,2024-12-02,2024-12-05,Mumbai,Ekart,In Transit
10616,12448,2023-05-21,2023-05-28,Chandigarh,IndiaPost,Delivered
10617,12450,2022-06-03,2022-06-10,Surat,DTDC,Delivered
10618,12451,2023-12-05,2023-12-08,Surat,IndiaPost,Delivered
10619,12452,2022-10-31,2022-11-06,Chandigarh,DTDC,Delivered
10620,12453,2024-07-31,2024-08-06,Nagpur,BlueDart,Delivered
10621,12454,2025-11-27,2025-12-04,Indore,DTDC,In Transit
10622,12455,2024-03-29,2024-04-05,Ahmedabad,BlueDart,Delivered
10623,12456,2025-01-15,2025-01-17,Mumbai,IndiaPost,Delivered
10624,12457,2023-01-19,2023-01-26,Indore,DTDC,Delivered
10625,12458,2023-11-23,2023-11-28,Hyderabad,Ekart,Delivered
10626,12459,2022-06-17,2022-06-22,Lucknow,Delhivery,Delivered
10627,12460,2024-03-11,2024-03-13,Jaipur,IndiaPost,Delayed
10628,12461,2022-04-26,2022-05-01,Chandigarh,Ekart,Delivered
10629,12462,2022-11-29,2022-12-02,Indore,Ekart,Delivered
10630,12463,2022-05-17,2022-05-24,Chennai,BlueDart,Delivered
10631,12464,2025-05-26,2025-05-30,Ahmedabad,Ekart,Delivered
10632,12465,2022-10-14,2022-10-15,Pune,BlueDart,Delivered
10633,12466,2024-03-26,2024-04-01,Pune,BlueDart,Delivered
10634,12467,2022-08-06,2022-08-12,Kolkata,Ekart,Delayed
10635,12468,2024-02-25,2024-02-28,Indore,BlueDart,Delivered
10636,12470,2022-09-16,2022-09-20,Chennai,Delhivery,Delayed
10637,12471,2022-06-09,2022-06-13,Lucknow,Ekart,Delivered
10638,12473,2025-10-01,2025-10-02,Chennai,Delhivery,Delayed
10639,12474,2022-01-26,2022-01-30,Bengaluru,Delhivery,Delivered
10640,12475,2023-01-08,2023-01-15,Chennai,Delhivery,Delivered
10641,12476,2023-04-13,2023-04-16,Ahmedabad,DTDC,Delivered
10642,12477,2023-10-24,2023-10-31,Delhi,BlueDart,Delivered
10643,12478,2022-01-06,2022-01-07,Pune,IndiaPost,In Transit
10644,12479,2022-08-03,2022-08-09,Lucknow,BlueDart,Delayed
10645,12480,2025-02-21,2025-02-28,Ahmedabad,Ekart,Delivered
10646,12481,2023-05-30,2023-06-04,Hyderabad,Delhivery,Delivered
10647,12482,2025-01-12,2025-01-17,Indore,DTDC,Delivered
10648,12483,2024-05-09,2024-05-14,Indore,IndiaPost,Delivered
10649,12484,2024-07-22,2024-07-23,Nagpur,Delhivery,Delivered
10650,12485,2023-06-05,2023-06-08,Lucknow,DTDC,Delivered
10651,12486,2025-03-06,2025-03-13,Kochi,Ekart,Delivered
10652,12487,2023-09-19,2023-09-24,Jaipur,DTDC,Delivered
10653,12488,2025-01-17,2025-01-20,Hyderabad,DTDC,Delivered
10654,12489,2023-10-11,2023-10-13,Ahmedabad,IndiaPost,Delayed
10655,12490,2022-02-28,2022-03-01,Hyderabad,DTDC,Delivered
10656,12491,2022-03-31,2022-04-05,Nagpur,IndiaPost,Delivered
10657,12492,2022-01-19,2022-01-26,Ahmedabad,IndiaPost,Delayed
10658,12494,2025-02-19,2025-02-26,Mumbai,IndiaPost,Delivered
10659,12495,2022-05-28,2022-05-29,Jaipur,IndiaPost,Delivered
10660,12496,2023-08-05,2023-08-11,Kochi,BlueDart,Delivered
10661,12497,2025-12-25,2025-12-27,Indore,DTDC,Delivered
10662,12498,2023-08-14,2023-08-17,Kochi,DTDC,Delivered
10663,12499,2024-01-27,2024-01-30,Lucknow,Ekart,Delayed
10664,12500,2023-02-25,2023-03-01,Delhi,IndiaPost,Delivered
10665,12501,2025-01-28,2025-01-29,Hyderabad,IndiaPost,Delivered
10666,12503,2025-10-26,2025-10-29,Hyderabad,BlueDart,Delivered
10667,12504,2024-01-23,2024-01-30,Hyderabad,IndiaPost,Delayed
10668,12506,2024-09-03,2024-09-07,Bengaluru,IndiaPost,Delivered
10669,12507,2025-08-01,2025-08-06,Jaipur,BlueDart,In Transit
10670,12508,2025-04-01,2025-04-07,Ahmedabad,Delhivery,Delivered
10671,12509,2024-04-21,2024-04-24,Bengaluru,BlueDart,Delivered
10672,12510,2025-09-05,2025-09-06,Lucknow,IndiaPost,Delivered
10673,12511,2024-02-20,2024-02-23,Delhi,BlueDart,Delayed
10674,12512,2022-01-20,2022-01-25,Nagpur,IndiaPost,Delivered
10675,12513,2022-03-19,2022-03-26,Chennai,Delhivery,Delivered
10676,12514,2025-12-29,2026-01-05,Ahmedabad,BlueDart,Delivered
10677,12515,2023-01-10,2023-01-13,Delhi,IndiaPost,Delivered
10678,12516,2024-10-04,2024-10-11,Chennai,Ekart,Delivered
10679,12517,2024-02-21,2024-02-25,Chennai,Delhivery,Delivered
10680,12518,2025-06-25,2025-07-02,Hyderabad,Ekart,Delivered
10681,12519,2024-07-24,2024-07-25,Kochi,Ekart,Delivered
10682,12520,2025-08-22,2025-08-26,Indore,IndiaPost,Delivered
10683,12523,2024-09-22,2024-09-28,Bengaluru,Ekart,Delivered
10684,12524,2023-09-12,2023-09-18,Kolkata,Ekart,Delivered
10685,12525,2024-05-16,2024-05-20,Kochi,Delhivery,Delivered
10686,12526,2022-12-30,2022-12-31,Mumbai,DTDC,Delivered
10687,12527,2023-10-10,2023-10-17,Surat,BlueDart,Delivered
10688,12528,2024-02-13,2024-02-20,Mumbai,IndiaPost,Delivered
10689,12529,2023-09-07,2023-09-11,Mumbai,DTDC,Delivered
10690,12530,2025-03-06,2025-03-09,Chandigarh,BlueDart,Delivered
10691,12531,2024-05-23,2024-05-27,Lucknow,Delhivery,Delivered
10692,12532,2025-07-31,2025-08-06,Kolkata,BlueDart,Delivered
10693,12534,2022-07-14,2022-07-18,Kochi,Delhivery,In Transit
10694,12536,2024-12-12,2024-12-19,Surat,Ekart,Delivered
10695,12537,2022-01-30,2022-02-01,Bengaluru,Ekart,Delivered
10696,12538,2023-05-12,2023-05-16,Bengaluru,DTDC,Delivered
10697,12539,2023-02-28,2023-03-06,Pune,BlueDart,Delivered
10698,12540,2024-10-21,2024-10-24,Indore,DTDC,Delivered
10699,12541,2025-09-12,2025-09-19,Hyderabad,Delhivery,Delivered
10700,12542,2023-03-13,2023-03-16,Kochi,IndiaPost,Delivered
10701,12543,2023-06-04,2023-06-06,Mumbai,IndiaPost,Delivered
10702,12544,2023-05-06,2023-05-13,Nagpur,Ekart,Delivered
10703,12545,2024-09-18,2024-09-22,Kolkata,Ekart,Delivered
10704,12546,2023-03-19,2023-03-24,Pune,Ekart,Delivered
10705,12547,2025-04-06,2025-04-10,Nagpur,Ekart,Delivered
10706,12548,2024-11-14,2024-11-18,Surat,Ekart,Delivered
10707,12549,2023-04-18,2023-04-19,Kochi,Delhivery,Delivered
10708,12550,2023-09-26,2023-09-30,Mumbai,IndiaPost,Delivered
10709,12551,2024-07-22,2024-07-27,Hyderabad,BlueDart,Delayed
10710,12552,2024-04-18,2024-04-25,Delhi,Ekart,Delayed
10711,12553,2024-06-04,2024-06-10,Kochi,DTDC,Delivered
10712,12554,2023-10-02,2023-10-06,Kolkata,Ekart,Delivered
10713,12555,2022-06-25,2022-06-30,Pune,BlueDart,Delivered
10714,12556,2022-05-17,2022-05-20,Pune,IndiaPost,Delivered
10715,12557,2024-05-28,2024-06-01,Lucknow,Ekart,In Transit
10716,12558,2023-11-08,2023-11-14,Surat,IndiaPost,Delivered
10717,12559,2025-03-30,2025-04-04,Kochi,Delhivery,In Transit
10718,12560,2025-04-21,2025-04-25,Kolkata,IndiaPost,In Transit
10719,12561,2022-08-03,2022-08-04,Kolkata,IndiaPost,Delivered
10720,12563,2025-06-15,2025-06-18,Lucknow,Delhivery,Delivered
10721,12564,2025-05-05,2025-05-09,Ahmedabad,BlueDart,Delivered
10722,12565,2023-01-31,2023-02-04,Lucknow,Delhivery,Delivered
10723,12566,2023-04-25,2023-04-27,Jaipur,IndiaPost,Delivered
10724,12567,2024-03-15,2024-03-18,Nagpur,Delhivery,Delivered
10725,12568,2023-04-01,2023-04-02,Jaipur,Ekart,Delivered
10726,12569,2025-09-03,2025-09-05,Delhi,IndiaPost,Delivered
10727,12570,2022-10-31,2022-11-05,Nagpur,BlueDart,In Transit
10728,12571,2023-06-27,2023-06-29,Chandigarh,IndiaPost,In Transit
10729,12572,2025-05-09,2025-05-10,Nagpur,Delhivery,Delivered
10730,12573,2023-04-13,2023-04-14,Jaipur,Delhivery,Delayed
10731,12574,2022-10-14,2022-10-16,Surat,DTDC,Delivered
10732,12575,2022-05-18,2022-05-21,Lucknow,IndiaPost,Delivered
10733,12576,2023-08-19,2023-08-26,Hyderabad,Ekart,Delivered
10734,12577,2024-09-02,2024-09-06,Chandigarh,Delhivery,Delivered
10735,12579,2023-10-16,2023-10-21,Ahmedabad,DTDC,Delivered
10736,12580,2025-12-16,2025-12-23,Surat,IndiaPost,Delayed
10737,12581,2023-02-17,2023-02-18,Chennai,Ekart,Delivered
10738,12583,2025-07-10,2025-07-12,Chandigarh,Delhivery,Delivered
10739,12584,2024-10-05,2024-10-07,Delhi,Delhivery,Delivered
10740,12585,2025-11-09,2025-11-11,Ahmedabad,DTDC,Delayed
10741,12586,2025-07-01,2025-07-07,Indore,BlueDart,Delivered
10742,12587,2025-10-23,2025-10-30,Delhi,DTDC,Delayed
10743,12588,2023-10-23,2023-10-25,Jaipur,BlueDart,Delayed
10744,12589,2022-12-17,2022-12-19,Delhi,Delhivery,Delivered
10745,12590,2023-12-22,2023-12-26,Bengaluru,IndiaPost,Delivered
10746,12592,2023-01-02,2023-01-07,Bengaluru,DTDC,Delivered
10747,12593,2022-02-17,2022-02-20,Jaipur,Ekart,Delivered
10748,12594,2022-04-06,2022-04-07,Delhi,IndiaPost,Delivered
10749,12595,2023-08-27,2023-08-30,Delhi,IndiaPost,Delivered
10750,12596,2025-07-19,2025-07-20,Indore,IndiaPost,Delivered
10751,12597,2022-02-12,2022-02-13,Kochi,DTDC,Delivered
10752,12598,2022-11-26,2022-12-02,Mumbai,IndiaPost,Delivered
10753,12599,2023-02-09,2023-02-14,Kochi,Delhivery,Delivered
10754,12600,2025-01-11,2025-01-15,Ahmedabad,Ekart,Delivered
10755,12601,2025-04-07,2025-04-13,Kochi,Delhivery,Delivered
10756,12602,2023-05-19,2023-05-22,Lucknow,DTDC,Delivered
10757,12604,2024-05-15,2024-05-16,Nagpur,Delhivery,Delayed
10758,12606,2024-08-23,2024-08-29,Chennai,DTDC,Delivered
10759,12608,2025-05-24,2025-05-30,Mumbai,DTDC,Delivered
10760,12610,2022-02-04,2022-02-08,Delhi,Delhivery,Delivered
10761,12611,2022-06-08,2022-06-14,Jaipur,Ekart,Delayed
10762,12613,2023-08-26,2023-08-31,Pune,Ekart,Delayed
10763,12614,2022-06-09,2022-06-10,Nagpur,Delhivery,Delivered
10764,12616,2025-07-19,2025-07-23,Nagpur,DTDC,Delivered
10765,12617,2023-10-05,2023-10-10,Jaipur,Delhivery,Delayed
10766,12618,2025-12-22,2025-12-29,Nagpur,DTDC,Delivered
10767,12619,2023-09-22,2023-09-27,Mumbai,Delhivery,Delivered
10768,12621,2022-01-26,2022-02-01,Kochi,Ekart,Delivered
10769,12622,2022-02-14,2022-02-15,Lucknow,BlueDart,Delivered
10770,12623,2023-09-27,2023-09-28,Pune,IndiaPost,Delivered
10771,12624,2023-06-17,2023-06-24,Hyderabad,DTDC,Delivered
10772,12625,2025-04-27,2025-04-29,Chennai,Delhivery,Delivered
10773,12626,2024-10-16,2024-10-21,Bengaluru,BlueDart,Delivered
10774,12627,2025-10-17,2025-10-20,Kolkata,Delhivery,Delivered
10775,12629,2024-08-21,2024-08-25,Chennai,IndiaPost,Delivered
10776,12630,2025-04-08,2025-04-14,Hyderabad,Delhivery,Delivered
10777,12632,2022-02-16,2022-02-22,Pune,BlueDart,Delayed
10778,12633,2023-10-22,2023-10-25,Surat,IndiaPost,Delivered
10779,12634,2023-05-30,2023-06-05,Delhi,BlueDart,Delivered
10780,12635,2025-03-13,2025-03-19,Nagpur,DTDC,Delivered
10781,12636,2023-03-18,2023-03-22,Chandigarh,IndiaPost,Delivered
10782,12638,2023-03-23,2023-03-26,Delhi,DTDC,Delivered
10783,12639,2023-05-16,2023-05-22,Nagpur,Ekart,In Transit
10784,12640,2023-05-08,2023-05-11,Mumbai,BlueDart,Delayed
10785,12641,2023-03-19,2023-03-24,Indore,Ekart,Delivered
10786,12643,2022-12-10,2022-12-13,Lucknow,Ekart,Delivered
10787,12644,2025-02-20,2025-02-26,Jaipur,IndiaPost,Delivered
10788,12645,2024-04-16,2024-04-17,Mumbai,BlueDart,Delivered
10789,12646,2023-09-27,2023-10-03,Lucknow,Ekart,Delivered
10790,12647,2024-01-26,2024-02-01,Chandigarh,Ekart,Delivered
10791,12649,2023-07-29,2023-07-30,Chennai,BlueDart,Delivered
10792,12651,2025-09-02,2025-09-03,Bengaluru,IndiaPost,Delivered
10793,12652,2024-12-20,2024-12-22,Kochi,Delhivery,In Transit
10794,12653,2025-12-15,2025-12-19,Bengaluru,DTDC,Delivered
10795,12655,2024-05-21,2024-05-24,Chennai,Ekart,Delayed
10796,12656,2023-09-01,2023-09-03,Delhi,Ekart,Delivered
10797,12657,2024-05-16,2024-05-22,Ahmedabad,DTDC,Delivered
10798,12658,2025-03-26,2025-03-29,Indore,DTDC,Delayed
10799,12659,2022-02-04,2022-02-10,Jaipur,Delhivery,Delivered
10800,12660,2025-04-27,2025-05-03,Nagpur,Delhivery,Delivered
10801,12661,2025-12-10,2025-12-12,Jaipur,DTDC,Delivered
10802,12662,2023-02-09,2023-02-10,Jaipur,Ekart,Delivered
10803,12663,2025-05-17,2025-05-20,Chandigarh,BlueDart,In Transit
10804,12665,2022-03-28,2022-03-30,Hyderabad,BlueDart,Delivered
10805,12666,2025-01-20,2025-01-26,Bengaluru,BlueDart,Delayed
10806,12667,2022-07-07,2022-07-14,Delhi,DTDC,Delivered
10807,12668,2025-12-03,2025-12-04,Kochi,DTDC,Delivered
10808,12669,2024-03-20,2024-03-24,Nagpur,BlueDart,Delivered
10809,12670,2022-08-20,2022-08-23,Mumbai,Delhivery,In Transit
10810,12671,2025-10-08,2025-10-12,Indore,Ekart,Delivered
10811,12672,2025-06-19,2025-06-20,Chandigarh,Ekart,In Transit
10812,12673,2025-05-25,2025-05-30,Kolkata,DTDC,Delivered
10813,12674,2022-06-06,2022-06-13,Kochi,IndiaPost,Delivered
10814,12675,2022-08-19,2022-08-23,Nagpur,DTDC,Delivered
10815,12676,2022-04-25,2022-04-27,Kochi,DTDC,Delivered
10816,12677,2023-08-04,2023-08-08,Mumbai,IndiaPost,Delivered
10817,12678,2023-05-13,2023-05-14,Mumbai,IndiaPost,Delivered
10818,12679,2022-04-16,2022-04-17,Surat,BlueDart,Delayed
10819,12680,2023-08-07,2023-08-10,Nagpur,Ekart,Delivered
10820,12681,2022-05-24,2022-05-31,Delhi,Ekart,Delivered
10821,12682,2023-02-04,2023-02-11,Indore,DTDC,Delivered
10822,12683,2023-08-21,2023-08-28,Ahmedabad,BlueDart,Delivered
10823,12684,2024-01-26,2024-01-28,Chennai,IndiaPost,Delivered
10824,12685,2022-10-20,2022-10-22,Bengaluru,BlueDart,In Transit
10825,12686,2022-05-01,2022-05-06,Kochi,Delhivery,Delivered
10826,12687,2022-01-18,2022-01-21,Surat,DTDC,Delivered
10827,12688,2024-02-09,2024-02-12,Mumbai,DTDC,Delivered
10828,12689,2024-03-02,2024-03-06,Bengaluru,Ekart,Delivered
10829,12690,2023-04-12,2023-04-14,Kolkata,Ekart,Delivered
10830,12692,2023-11-25,2023-12-02,Bengaluru,IndiaPost,Delivered
10831,12693,2025-12-04,2025-12-08,Pune,IndiaPost,Delivered
10832,12694,2025-12-09,2025-12-14,Chandigarh,Delhivery,Delivered
10833,12695,2023-03-08,2023-03-13,Surat,Ekart,Delivered
10834,12696,2022-06-21,2022-06-28,Chandigarh,BlueDart,In Transit
10835,12697,2024-09-19,2024-09-20,Delhi,Ekart,Delivered
10836,12698,2024-07-31,2024-08-05,Hyderabad,Delhivery,Delivered
10837,12699,2022-03-13,2022-03-18,Ahmedabad,DTDC,Delivered
10838,12700,2025-05-07,2025-05-12,Jaipur,BlueDart,Delivered
10839,12701,2023-08-31,2023-09-06,Surat,IndiaPost,Delivered
10840,12702,2022-09-16,2022-09-17,Mumbai,DTDC,In Transit
10841,12703,2025-01-29,2025-01-30,Jaipur,Delhivery,Delivered
10842,12704,2022-01-22,2022-01-24,Surat,IndiaPost,Delivered
10843,12706,2022-09-20,2022-09-22,Lucknow,Delhivery,Delivered
10844,12707,2023-04-11,2023-04-15,Chandigarh,IndiaPost,Delivered
10845,12708,2022-03-25,2022-03-29,Ahmedabad,DTDC,Delivered
10846,12709,2022-08-19,2022-08-21,Kochi,Delhivery,Delivered
10847,12710,2023-02-15,2023-02-20,Chennai,BlueDart,Delivered
10848,12711,2024-03-15,2024-03-22,Bengaluru,Delhivery,In Transit
10849,12712,2025-04-01,2025-04-03,Nagpur,Ekart,Delayed
10850,12713,2023-03-25,2023-03-31,Kolkata,Delhivery,Delivered
10851,12714,2022-08-01,2022-08-07,Pune,IndiaPost,Delivered
10852,12715,2024-02-21,2024-02-22,Jaipur,Ekart,Delivered
10853,12717,2024-09-11,2024-09-14,Chandigarh,IndiaPost,Delivered
10854,12718,2024-08-16,2024-08-19,Indore,BlueDart,Delivered
10855,12719,2023-07-12,2023-07-16,Hyderabad,IndiaPost,Delivered
10856,12720,2023-09-08,2023-09-12,Ahmedabad,BlueDart,Delivered
10857,12721,2022-09-22,2022-09-25,Bengaluru,DTDC,Delivered
10858,12722,2022-08-12,2022-08-16,Indore,IndiaPost,In Transit
10859,12724,2025-05-01,2025-05-05,Pune,Delhivery,Delivered
10860,12725,2022-02-18,2022-02-19,Mumbai,IndiaPost,Delivered
10861,12726,2025-11-28,2025-12-05,Kochi,BlueDart,Delayed
10862,12727,2024-02-24,2024-02-26,Indore,Ekart,Delivered
10863,12728,2023-01-17,2023-01-21,Mumbai,IndiaPost,Delivered
10864,12729,2025-12-02,2025-12-08,Surat,BlueDart,Delivered
10865,12731,2023-06-30,2023-07-04,Jaipur,BlueDart,Delivered
10866,12732,2024-01-13,2024-01-19,Bengaluru,Delhivery,Delivered
10867,12734,2025-12-17,2025-12-18,Pune,Delhivery,Delivered
10868,12736,2023-12-26,2024-01-01,Bengaluru,DTDC,Delivered
10869,12737,2025-05-02,2025-05-05,Hyderabad,Ekart,Delivered
10870,12738,2025-04-30,2025-05-06,Hyderabad,Ekart,Delivered
10871,12739,2023-12-15,2023-12-22,Lucknow,Ekart,Delivered
10872,12740,2024-12-10,2024-12-16,Bengaluru,IndiaPost,Delivered
10873,12741,2025-05-22,2025-05-28,Nagpur,IndiaPost,Delivered
10874,12742,2022-11-28,2022-12-04,Bengaluru,IndiaPost,Delivered
10875,12744,2024-01-15,2024-01-21,Kolkata,Ekart,Delivered
10876,12745,2024-05-18,2024-05-21,Kochi,DTDC,Delivered
10877,12746,2025-07-13,2025-07-19,Kochi,BlueDart,Delivered
10878,12747,2025-05-28,2025-06-02,Ahmedabad,BlueDart,Delivered
10879,12748,2025-08-13,2025-08-14,Hyderabad,IndiaPost,Delivered
10880,12749,2023-04-07,2023-04-14,Mumbai,Ekart,Delivered
10881,12750,2024-06-07,2024-06-14,Kochi,Delhivery,Delivered
10882,12751,2023-11-29,2023-12-06,Nagpur,Delhivery,Delivered
10883,12752,2025-11-20,2025-11-21,Mumbai,Delhivery,Delivered
10884,12753,2022-01-19,2022-01-21,Kolkata,IndiaPost,Delivered
10885,12754,2024-07-12,2024-07-13,Hyderabad,Ekart,Delivered
10886,12755,2025-05-17,2025-05-20,Kolkata,Delhivery,Delivered
10887,12756,2024-08-23,2024-08-26,Indore,Delhivery,Delivered
10888,12757,2023-08-06,2023-08-13,Bengaluru,IndiaPost,Delivered
10889,12758,2022-06-03,2022-06-07,Delhi,BlueDart,Delivered
10890,12759,2023-05-16,2023-05-19,Surat,DTDC,Delivered
10891,12760,2024-03-30,2024-04-04,Delhi,Delhivery,Delivered
10892,12761,2023-09-20,2023-09-23,Bengaluru,Delhivery,Delivered
10893,12762,2025-03-23,2025-03-29,Chennai,Ekart,In Transit
10894,12763,2023-10-21,2023-10-28,Chandigarh,BlueDart,Delivered
10895,12764,2024-04-19,2024-04-21,Kolkata,Ekart,Delivered
10896,12766,2023-01-24,2023-01-27,Chennai,Ekart,In Transit
10897,12767,2023-05-12,2023-05-19,Mumbai,Ekart,Delivered
10898,12768,2023-11-10,2023-11-15,Surat,Ekart,Delivered
10899,12769,2025-10-31,2025-11-06,Chennai,BlueDart,Delivered
10900,12770,2022-04-26,2022-04-28,Lucknow,Ekart,Delivered
10901,12772,2023-01-18,2023-01-21,Bengaluru,DTDC,Delivered
10902,12773,2024-05-06,2024-05-09,Indore,Delhivery,Delivered
10903,12774,2022-11-30,2022-12-06,Ahmedabad,IndiaPost,Delivered
10904,12775,2022-01-08,2022-01-11,Chennai,Delhivery,Delivered
10905,12776,2025-01-13,2025-01-16,Hyderabad,DTDC,Delivered
10906,12777,2025-04-10,2025-04-12,Chennai,Delhivery,Delivered
10907,12778,2025-08-12,2025-08-13,Surat,DTDC,Delivered
10908,12780,2024-12-28,2024-12-30,Pune,BlueDart,Delivered
10909,12781,2024-09-14,2024-09-21,Chandigarh,IndiaPost,Delivered
10910,12782,2022-01-25,2022-01-26,Kochi,DTDC,Delivered
10911,12783,2022-04-25,2022-04-27,Bengaluru,BlueDart,Delivered
10912,12784,2023-09-19,2023-09-22,Hyderabad,DTDC,Delivered
10913,12785,2025-06-16,2025-06-17,Nagpur,Ekart,Delivered
10914,12786,2022-06-25,2022-06-27,Nagpur,BlueDart,Delivered
10915,12787,2025-12-24,2025-12-25,Delhi,Delhivery,Delivered
10916,12788,2023-01-12,2023-01-14,Delhi,IndiaPost,Delivered
10917,12789,2025-09-02,2025-09-04,Hyderabad,DTDC,Delayed
10918,12791,2025-09-24,2025-09-30,Hyderabad,IndiaPost,Delayed
10919,12792,2022-08-16,2022-08-23,Kochi,Ekart,Delivered
10920,12795,2023-04-16,2023-04-17,Chennai,IndiaPost,Delivered
10921,12796,2023-12-13,2023-12-15,Nagpur,IndiaPost,In Transit
10922,12797,2024-07-25,2024-07-31,Jaipur,IndiaPost,Delivered
10923,12798,2025-10-19,2025-10-26,Pune,IndiaPost,Delivered
10924,12799,2022-10-23,2022-10-25,Delhi,DTDC,Delivered
10925,12800,2024-08-06,2024-08-11,Chennai,IndiaPost,Delivered
10926,12802,2025-06-30,2025-07-04,Jaipur,IndiaPost,Delivered
10927,12803,2023-01-02,2023-01-05,Nagpur,IndiaPost,Delayed
10928,12805,2023-01-23,2023-01-30,Hyderabad,BlueDart,Delivered
10929,12807,2022-10-19,2022-10-22,Mumbai,BlueDart,Delivered
10930,12808,2022-06-26,2022-06-29,Mumbai,DTDC,Delivered
10931,12810,2022-11-11,2022-11-17,Chandigarh,BlueDart,Delivered
10932,12811,2023-06-17,2023-06-21,Chennai,Ekart,Delivered
10933,12812,2025-11-28,2025-12-05,Ahmedabad,IndiaPost,Delivered
10934,12815,2024-03-02,2024-03-08,Mumbai,BlueDart,Delivered
10935,12816,2024-02-12,2024-02-13,Bengaluru,DTDC,Delivered
10936,12817,2024-07-14,2024-07-16,Chennai,DTDC,In Transit
10937,12818,2024-12-26,2024-12-27,Chennai,DTDC,Delivered
10938,12819,2025-07-28,2025-08-03,Nagpur,Delhivery,Delivered
10939,12820,2022-11-11,2022-11-12,Pune,DTDC,Delayed
10940,12821,2025-10-08,2025-10-09,Hyderabad,Delhivery,Delivered
10941,12822,2022-02-22,2022-02-27,Hyderabad,Delhivery,Delivered
10942,12823,2022-08-13,2022-08-16,Nagpur,Ekart,Delivered
10943,12825,2023-03-07,2023-03-10,Ahmedabad,Ekart,In Transit
10944,12826,2025-02-27,2025-03-02,Bengaluru,BlueDart,Delayed
10945,12827,2023-01-01,2023-01-02,Jaipur,BlueDart,Delivered
10946,12828,2023-11-24,2023-11-30,Surat,IndiaPost,Delivered
10947,12829,2024-03-11,2024-03-16,Chandigarh,DTDC,Delivered
10948,12830,2023-06-20,2023-06-22,Nagpur,Ekart,Delayed
10949,12831,2023-03-14,2023-03-20,Nagpur,Delhivery,Delivered
10950,12832,2022-10-22,2022-10-28,Indore,IndiaPost,Delivered
10951,12833,2022-10-18,2022-10-25,Chennai,BlueDart,Delivered
10952,12835,2024-08-12,2024-08-13,Pune,IndiaPost,Delayed
10953,12836,2024-08-18,2024-08-19,Bengaluru,Delhivery,Delivered
10954,12837,2025-08-25,2025-08-28,Jaipur,Delhivery,Delivered
10955,12839,2025-08-29,2025-09-03,Chandigarh,DTDC,Delivered
10956,12840,2023-02-11,2023-02-16,Chennai,IndiaPost,Delivered
10957,12841,2022-04-09,2022-04-13,Chandigarh,Delhivery,Delivered
10958,12842,2023-10-23,2023-10-25,Delhi,DTDC,Delivered
10959,12844,2025-04-19,2025-04-22,Bengaluru,DTDC,Delivered
10960,12845,2023-06-17,2023-06-18,Ahmedabad,Ekart,Delivered
10961,12847,2025-02-28,2025-03-02,Ahmedabad,DTDC,Delivered
10962,12848,2025-06-15,2025-06-22,Nagpur,IndiaPost,Delivered
10963,12850,2025-09-16,2025-09-23,Lucknow,BlueDart,Delivered
10964,12851,2024-10-22,2024-10-24,Hyderabad,Delhivery,Delayed
10965,12854,2025-02-15,2025-02-16,Kochi,Ekart,Delayed
10966,12855,2022-01-21,2022-01-28,Kolkata,IndiaPost,Delayed
10967,12857,2025-01-13,2025-01-16,Indore,Ekart,Delivered
10968,12858,2022-10-24,2022-10-28,Hyderabad,Ekart,Delivered
10969,12859,2023-07-15,2023-07-19,Hyderabad,IndiaPost,Delivered
10970,12860,2023-03-08,2023-03-12,Lucknow,IndiaPost,Delayed
10971,12861,2024-09-10,2024-09-17,Hyderabad,DTDC,Delivered
10972,12862,2024-09-18,2024-09-22,Kochi,Ekart,Delayed
10973,12863,2023-08-19,2023-08-20,Indore,DTDC,Delivered
10974,12864,2022-10-03,2022-10-07,Mumbai,DTDC,Delivered
10975,12865,2025-11-23,2025-11-29,Chandigarh,BlueDart,Delivered
10976,12866,2025-01-18,2025-01-19,Ahmedabad,BlueDart,Delivered
10977,12868,2023-09-03,2023-09-10,Indore,BlueDart,Delayed
10978,12869,2023-04-14,2023-04-17,Delhi,BlueDart,Delivered
10979,12871,2023-07-28,2023-07-29,Kolkata,Ekart,Delayed
10980,12872,2022-07-20,2022-07-25,Nagpur,IndiaPost,Delivered
10981,12873,2024-02-24,2024-02-28,Chennai,BlueDart,Delivered
10982,12874,2024-01-16,2024-01-17,Nagpur,DTDC,Delivered
10983,12875,2025-01-20,2025-01-23,Chennai,Delhivery,Delivered
10984,12876,2023-11-21,2023-11-26,Pune,DTDC,Delivered
10985,12877,2023-05-30,2023-06-03,Ahmedabad,IndiaPost,In Transit
10986,12878,2022-07-04,2022-07-11,Lucknow,DTDC,In Transit
10987,12879,2023-10-14,2023-10-16,Surat,DTDC,Delayed
10988,12880,2023-08-24,2023-08-27,Indore,Delhivery,Delivered
10989,12881,2022-05-09,2022-05-14,Lucknow,DTDC,Delivered
10990,12882,2022-09-11,2022-09-16,Chandigarh,IndiaPost,In Transit
10991,12883,2024-12-21,2024-12-28,Nagpur,BlueDart,Delivered
10992,12884,2022-11-17,2022-11-24,Nagpur,BlueDart,Delivered
10993,12885,2023-10-02,2023-10-09,Jaipur,IndiaPost,Delivered
10994,12886,2025-09-09,2025-09-12,Chandigarh,Delhivery,Delivered
10995,12887,2023-01-01,2023-01-03,Bengaluru,Delhivery,Delivered
10996,12888,2022-06-15,2022-06-17,Chennai,DTDC,Delivered
10997,12889,2024-10-07,2024-10-08,Jaipur,Ekart,Delivered
10998,12890,2025-11-11,2025-11-13,Surat,Delhivery,Delivered
10999,12891,2022-12-17,2022-12-24,Bengaluru,Ekart,Delivered
11000,12892,2025-12-21,2025-12-26,Chandigarh,Ekart,Delivered
11001,12893,2022-10-09,2022-10-12,Indore,BlueDart,Delivered
11002,12894,2022-06-15,2022-06-19,Surat,Delhivery,Delivered
11003,12895,2023-09-03,2023-09-06,Surat,BlueDart,Delivered
11004,12896,2024-04-23,2024-04-30,Bengaluru,BlueDart,Delivered
11005,12897,2022-10-11,2022-10-12,Chandigarh,Ekart,Delivered
11006,12898,2022-11-01,2022-11-03,Pune,Delhivery,Delivered
11007,12900,2025-02-10,2025-02-11,Indore,Ekart,Delivered
11008,12901,2022-03-21,2022-03-25,Chandigarh,Ekart,Delayed
11009,12902,2022-04-05,2022-04-07,Mumbai,Ekart,Delivered
11010,12903,2025-06-26,2025-07-01,Lucknow,BlueDart,Delayed
11011,12904,2023-03-01,2023-03-08,Lucknow,IndiaPost,In Transit
11012,12905,2022-09-19,2022-09-24,Bengaluru,BlueDart,Delivered
11013,12907,2023-09-23,2023-09-26,Kochi,DTDC,Delivered
11014,12908,2023-08-20,2023-08-23,Jaipur,BlueDart,Delivered
11015,12909,2022-01-15,2022-01-20,Hyderabad,BlueDart,Delivered
11016,12910,2025-11-18,2025-11-24,Kochi,Delhivery,Delivered
11017,12911,2024-10-16,2024-10-23,Hyderabad,Delhivery,Delivered
11018,12912,2023-03-27,2023-03-29,Indore,Delhivery,Delivered
11019,12913,2024-04-02,2024-04-08,Hyderabad,Delhivery,Delivered
11020,12914,2022-03-07,2022-03-13,Surat,IndiaPost,Delivered
11021,12915,2022-04-09,2022-04-15,Nagpur,Ekart,In Transit
11022,12916,2023-03-03,2023-03-04,Delhi,BlueDart,Delivered
11023,12917,2025-01-17,2025-01-18,Lucknow,IndiaPost,Delivered
11024,12919,2025-08-12,2025-08-18,Surat,IndiaPost,Delivered
11025,12920,2025-01-11,2025-01-17,Pune,BlueDart,Delayed
11026,12921,2024-08-05,2024-08-06,Kochi,DTDC,Delivered
11027,12922,2022-01-21,2022-01-27,Hyderabad,Ekart,Delivered
11028,12923,2024-03-18,2024-03-21,Hyderabad,Ekart,Delivered
11029,12924,2025-05-03,2025-05-08,Chennai,Ekart,Delivered
11030,12925,2023-08-20,2023-08-21,Hyderabad,IndiaPost,Delayed
11031,12926,2024-03-12,2024-03-15,Surat,Ekart,Delivered
11032,12927,2024-01-20,2024-01-22,Surat,DTDC,Delivered
11033,12928,2024-03-10,2024-03-12,Nagpur,IndiaPost,Delivered
11034,12929,2023-01-17,2023-01-20,Kochi,IndiaPost,Delayed
11035,12930,2023-02-27,2023-03-04,Chandigarh,Delhivery,Delivered
11036,12931,2023-03-11,2023-03-13,Chennai,IndiaPost,Delivered
11037,12932,2023-06-22,2023-06-24,Chennai,BlueDart,Delivered
11038,12933,2023-05-17,2023-05-24,Hyderabad,Ekart,In Transit
11039,12934,2024-09-03,2024-09-05,Hyderabad,Ekart,Delivered
11040,12936,2023-07-05,2023-07-10,Mumbai,DTDC,Delivered
11041,12937,2022-03-10,2022-03-17,Kochi,Ekart,Delayed
11042,12938,2025-09-25,2025-10-02,Kochi,BlueDart,Delivered
11043,12939,2022-01-22,2022-01-24,Ahmedabad,BlueDart,Delivered
11044,12940,2023-11-14,2023-11-15,Mumbai,Delhivery,Delivered
11045,12941,2022-05-10,2022-05-14,Kolkata,Ekart,Delivered
11046,12942,2025-08-15,2025-08-16,Chandigarh,DTDC,Delivered
11047,12943,2024-08-14,2024-08-19,Jaipur,IndiaPost,Delivered
11048,12944,2023-03-31,2023-04-07,Chandigarh,Delhivery,Delivered
11049,12945,2022-05-30,2022-06-03,Indore,BlueDart,Delivered
11050,12946,2024-11-22,2024-11-23,Indore,IndiaPost,Delivered
11051,12947,2025-06-16,2025-06-18,Hyderabad,Delhivery,Delivered
11052,12948,2025-05-02,2025-05-06,Delhi,DTDC,Delivered
11053,12949,2024-05-28,2024-06-01,Hyderabad,DTDC,Delivered
11054,12950,2025-04-27,2025-04-28,Nagpur,DTDC,Delivered
11055,12951,2024-11-11,2024-11-12,Chennai,IndiaPost,Delivered
11056,12952,2023-06-12,2023-06-19,Chandigarh,BlueDart,Delivered
11057,12953,2023-01-17,2023-01-21,Jaipur,DTDC,Delivered
11058,12954,2023-11-26,2023-12-03,Bengaluru,Delhivery,Delivered
11059,12955,2025-02-24,2025-02-28,Nagpur,Ekart,Delivered
11060,12956,2025-12-11,2025-12-18,Bengaluru,IndiaPost,Delivered
11061,12957,2024-07-01,2024-07-04,Hyderabad,IndiaPost,Delivered
11062,12958,2025-08-25,2025-08-31,Lucknow,Delhivery,Delivered
11063,12959,2023-02-24,2023-02-25,Delhi,Ekart,Delivered
11064,12962,2022-02-02,2022-02-05,Hyderabad,Delhivery,Delivered
11065,12963,2022-02-13,2022-02-15,Chennai,DTDC,Delivered
11066,12964,2023-09-28,2023-10-04,Chennai,IndiaPost,Delivered
11067,12965,2025-05-06,2025-05-08,Pune,Ekart,Delivered
11068,12966,2025-06-06,2025-06-10,Ahmedabad,BlueDart,Delivered
11069,12967,2024-01-13,2024-01-15,Mumbai,BlueDart,Delivered
11070,12968,2025-07-05,2025-07-07,Jaipur,DTDC,Delayed
11071,12969,2023-01-16,2023-01-17,Kolkata,Ekart,In Transit
11072,12970,2023-12-03,2023-12-09,Mumbai,Ekart,Delayed
11073,12972,2022-07-15,2022-07-18,Kochi,DTDC,Delivered
11074,12973,2023-03-03,2023-03-09,Nagpur,Delhivery,Delivered
11075,12974,2022-11-25,2022-11-29,Lucknow,Delhivery,Delivered
11076,12975,2024-02-22,2024-02-23,Kolkata,DTDC,Delivered
11077,12976,2025-07-25,2025-07-27,Jaipur,IndiaPost,Delivered
11078,12978,2023-10-31,2023-11-02,Delhi,Ekart,Delivered
11079,12979,2023-03-15,2023-03-18,Kochi,DTDC,Delivered
11080,12980,2022-03-14,2022-03-17,Surat,DTDC,Delivered
11081,12981,2024-05-26,2024-05-29,Delhi,Ekart,Delivered
11082,12982,2024-07-09,2024-07-12,Indore,Delhivery,Delivered
11083,12983,2024-04-08,2024-04-09,Kolkata,IndiaPost,Delivered
11084,12984,2023-06-30,2023-07-01,Kolkata,IndiaPost,Delivered
11085,12985,2024-04-13,2024-04-15,Delhi,IndiaPost,Delivered
11086,12986,2024-09-08,2024-09-10,Indore,BlueDart,Delivered
11087,12987,2024-02-02,2024-02-09,Bengaluru,Ekart,Delivered
11088,12988,2023-10-02,2023-10-07,Lucknow,Ekart,Delivered
11089,12989,2025-02-09,2025-02-11,Surat,IndiaPost,Delivered
11090,12991,2025-03-03,2025-03-07,Indore,Delhivery,Delivered
11091,12992,2025-04-17,2025-04-23,Chennai,Ekart,Delivered
11092,12993,2024-04-11,2024-04-16,Ahmedabad,Ekart,Delivered
11093,12994,2025-03-27,2025-04-01,Kolkata,IndiaPost,Delivered
11094,12995,2023-06-07,2023-06-13,Chennai,Ekart,Delivered
11095,12996,2022-02-25,2022-03-02,Surat,IndiaPost,Delivered
11096,12997,2022-07-11,2022-07-13,Chandigarh,IndiaPost,Delivered
11097,12998,2024-06-30,2024-07-01,Kolkata,Ekart,Delivered
11098,12999,2022-01-24,2022-01-27,Bengaluru,Ekart,Delivered
11099,13000,2025-07-12,2025-07-14,Pune,Delhivery,Delivered
11100,13001,2025-12-31,2026-01-02,Ahmedabad,Delhivery,Delivered
11101,13002,2022-08-13,2022-08-16,Pune,BlueDart,Delayed
11102,13003,2022-10-05,2022-10-11,Chennai,IndiaPost,Delivered
11103,13005,2022-06-05,2022-06-07,Hyderabad,Ekart,Delivered
11104,13006,2024-12-31,2025-01-03,Mumbai,Ekart,Delivered
11105,13007,2022-06-01,2022-06-04,Kochi,DTDC,Delayed
11106,13008,2024-11-21,2024-11-24,Delhi,IndiaPost,Delivered
11107,13009,2024-10-18,2024-10-20,Lucknow,DTDC,Delivered
11108,13010,2022-08-10,2022-08-12,Chennai,DTDC,Delivered
11109,13011,2024-07-02,2024-07-09,Surat,BlueDart,Delivered
11110,13012,2025-03-30,2025-04-05,Ahmedabad,BlueDart,Delivered
11111,13013,2024-03-01,2024-03-08,Indore,DTDC,Delivered
11112,13014,2023-02-14,2023-02-21,Indore,Delhivery,Delivered
11113,13015,2023-09-24,2023-09-26,Mumbai,BlueDart,Delivered
11114,13016,2023-10-07,2023-10-12,Chennai,BlueDart,Delivered
11115,13017,2025-12-04,2025-12-10,Pune,BlueDart,In Transit
11116,13018,2025-10-01,2025-10-06,Kochi,BlueDart,Delivered
11117,13019,2024-02-28,2024-03-05,Kochi,Ekart,Delivered
11118,13020,2024-08-10,2024-08-16,Kochi,Delhivery,Delayed
11119,13021,2022-06-06,2022-06-07,Bengaluru,Ekart,Delivered
11120,13022,2024-03-25,2024-03-28,Hyderabad,Delhivery,Delivered
11121,13023,2024-03-11,2024-03-14,Kochi,IndiaPost,Delivered
11122,13024,2025-02-13,2025-02-17,Ahmedabad,Ekart,Delivered
11123,13025,2025-07-28,2025-07-30,Kochi,DTDC,Delivered
11124,13026,2023-04-12,2023-04-13,Mumbai,Ekart,Delivered
11125,13027,2022-02-22,2022-02-23,Mumbai,Delhivery,Delivered
11126,13028,2025-05-25,2025-05-30,Chandigarh,Delhivery,Delivered
11127,13029,2024-03-07,2024-03-12,Surat,BlueDart,Delivered
11128,13030,2023-06-09,2023-06-13,Kochi,BlueDart,Delivered
11129,13031,2023-08-09,2023-08-14,Mumbai,Delhivery,Delivered
11130,13032,2022-11-07,2022-11-08,Bengaluru,DTDC,Delivered
11131,13033,2022-02-10,2022-02-17,Delhi,Ekart,Delivered
11132,13034,2023-05-02,2023-05-03,Lucknow,Delhivery,Delivered
11133,13035,2025-04-28,2025-04-29,Kochi,BlueDart,Delivered
11134,13036,2024-12-09,2024-12-10,Chandigarh,Delhivery,Delivered
11135,13037,2022-04-21,2022-04-23,Kochi,DTDC,Delivered
11136,13038,2024-05-17,2024-05-21,Chennai,BlueDart,Delivered
11137,13039,2024-07-10,2024-07-11,Chennai,DTDC,Delivered
11138,13040,2022-03-18,2022-03-24,Ahmedabad,BlueDart,Delivered
11139,13041,2025-07-05,2025-07-10,Kochi,Delhivery,Delivered
11140,13042,2022-11-27,2022-12-02,Kochi,DTDC,Delivered
11141,13043,2024-12-20,2024-12-23,Kochi,Delhivery,Delivered
11142,13045,2025-03-03,2025-03-09,Jaipur,DTDC,Delivered
11143,13046,2025-05-03,2025-05-04,Bengaluru,Ekart,Delivered
11144,13048,2024-01-05,2024-01-11,Chandigarh,Delhivery,In Transit
11145,13050,2025-10-08,2025-10-14,Pune,BlueDart,Delivered
11146,13051,2025-10-31,2025-11-01,Mumbai,BlueDart,Delivered
11147,13052,2024-10-28,2024-11-03,Pune,Ekart,Delayed
11148,13053,2025-11-08,2025-11-09,Ahmedabad,IndiaPost,Delivered
11149,13054,2022-04-22,2022-04-25,Chennai,Ekart,Delivered
11150,13055,2024-04-09,2024-04-16,Pune,Delhivery,Delivered
11151,13056,2022-03-03,2022-03-08,Pune,IndiaPost,Delayed
11152,13057,2024-03-03,2024-03-09,Indore,DTDC,Delivered
11153,13058,2023-07-04,2023-07-09,Indore,Delhivery,Delivered
11154,13060,2024-12-18,2024-12-23,Surat,Delhivery,Delivered
11155,13061,2025-08-01,2025-08-07,Surat,BlueDart,Delivered
11156,13062,2023-02-14,2023-02-18,Nagpur,Delhivery,Delivered
11157,13065,2024-03-20,2024-03-23,Indore,IndiaPost,Delivered
11158,13066,2024-11-26,2024-12-03,Nagpur,Delhivery,Delivered
11159,13067,2022-03-15,2022-03-18,Chennai,IndiaPost,Delivered
11160,13068,2025-10-23,2025-10-27,Chennai,Delhivery,Delivered
11161,13069,2025-07-29,2025-08-04,Indore,IndiaPost,Delivered
11162,13070,2025-12-11,2025-12-14,Kolkata,Delhivery,Delayed
11163,13071,2025-12-08,2025-12-09,Indore,IndiaPost,Delivered
11164,13072,2025-09-14,2025-09-16,Chandigarh,DTDC,Delayed
11165,13073,2023-08-29,2023-09-04,Nagpur,DTDC,Delivered
11166,13074,2024-09-19,2024-09-25,Chennai,Delhivery,Delivered
11167,13075,2024-07-11,2024-07-15,Mumbai,BlueDart,Delivered
11168,13076,2022-02-16,2022-02-21,Delhi,BlueDart,Delivered
11169,13077,2025-03-12,2025-03-14,Delhi,IndiaPost,Delivered
11170,13078,2022-07-01,2022-07-06,Kochi,IndiaPost,Delivered
11171,13079,2025-08-23,2025-08-28,Hyderabad,BlueDart,Delivered
11172,13080,2022-03-16,2022-03-18,Delhi,DTDC,Delivered
11173,13081,2025-01-09,2025-01-11,Jaipur,IndiaPost,Delivered
11174,13082,2025-08-16,2025-08-20,Mumbai,Ekart,Delivered
11175,13084,2024-10-09,2024-10-11,Kolkata,Delhivery,Delivered
11176,13085,2024-02-23,2024-02-28,Bengaluru,BlueDart,Delivered
11177,13086,2023-02-28,2023-03-05,Mumbai,BlueDart,Delivered
11178,13087,2024-06-19,2024-06-24,Nagpur,Ekart,Delivered
11179,13088,2025-05-18,2025-05-22,Chandigarh,IndiaPost,Delivered
11180,13089,2025-06-30,2025-07-06,Kolkata,DTDC,Delivered
11181,13090,2023-04-27,2023-05-03,Nagpur,DTDC,Delivered
11182,13091,2024-03-29,2024-03-30,Ahmedabad,Delhivery,In Transit
11183,13092,2022-05-29,2022-06-02,Chandigarh,Delhivery,Delivered
11184,13093,2023-07-18,2023-07-23,Surat,BlueDart,Delivered
11185,13094,2025-08-12,2025-08-14,Surat,BlueDart,Delivered
11186,13095,2022-11-08,2022-11-15,Lucknow,DTDC,Delivered
11187,13096,2023-06-29,2023-07-03,Chennai,BlueDart,Delivered
11188,13097,2023-10-10,2023-10-15,Ahmedabad,Ekart,Delayed
11189,13098,2023-05-17,2023-05-19,Delhi,Delhivery,In Transit
11190,13099,2022-02-01,2022-02-08,Kolkata,BlueDart,Delivered
11191,13101,2025-01-22,2025-01-24,Surat,BlueDart,Delivered
11192,13102,2024-07-04,2024-07-05,Indore,BlueDart,Delivered
11193,13103,2022-09-04,2022-09-05,Kochi,Delhivery,In Transit
11194,13104,2024-03-04,2024-03-07,Hyderabad,BlueDart,Delivered
11195,13105,2022-01-19,2022-01-24,Indore,DTDC,In Transit
11196,13106,2023-03-21,2023-03-24,Delhi,Ekart,Delivered
11197,13107,2022-12-06,2022-12-13,Chandigarh,BlueDart,In Transit
11198,13108,2023-12-25,2023-12-31,Chandigarh,BlueDart,Delivered
11199,13110,2022-02-09,2022-02-16,Hyderabad,Ekart,Delivered
11200,13111,2024-03-03,2024-03-10,Hyderabad,BlueDart,Delivered
11201,13112,2023-12-12,2023-12-14,Mumbai,IndiaPost,Delivered
11202,13114,2025-05-22,2025-05-26,Lucknow,IndiaPost,Delivered
11203,13115,2025-11-28,2025-12-05,Ahmedabad,IndiaPost,Delivered
11204,13116,2025-11-30,2025-12-03,Mumbai,IndiaPost,Delayed
11205,13118,2025-01-15,2025-01-20,Delhi,Delhivery,Delayed
11206,13119,2025-05-28,2025-06-04,Chandigarh,Delhivery,Delivered
11207,13120,2025-11-14,2025-11-19,Bengaluru,IndiaPost,Delivered
11208,13121,2025-04-15,2025-04-20,Chandigarh,Delhivery,Delivered
11209,13122,2023-05-17,2023-05-20,Chandigarh,BlueDart,Delayed
11210,13124,2023-08-10,2023-08-17,Mumbai,DTDC,In Transit
11211,13125,2023-10-01,2023-10-06,Jaipur,Ekart,Delivered
11212,13126,2023-01-18,2023-01-19,Bengaluru,BlueDart,Delivered
11213,13127,2025-05-14,2025-05-17,Kochi,Ekart,Delivered
11214,13128,2022-07-10,2022-07-11,Nagpur,BlueDart,Delivered
11215,13129,2025-09-29,2025-10-01,Chandigarh,BlueDart,Delivered
11216,13131,2024-07-23,2024-07-26,Kochi,IndiaPost,Delivered
11217,13132,2022-11-12,2022-11-18,Bengaluru,IndiaPost,Delivered
11218,13133,2024-07-06,2024-07-12,Lucknow,Ekart,Delivered
11219,13134,2022-03-22,2022-03-23,Chennai,BlueDart,Delayed
11220,13135,2022-12-10,2022-12-11,Indore,IndiaPost,Delivered
11221,13136,2022-12-17,2022-12-19,Indore,IndiaPost,Delivered
11222,13137,2025-10-28,2025-10-29,Nagpur,Delhivery,Delivered
11223,13139,2024-01-09,2024-01-15,Bengaluru,DTDC,Delivered
11224,13140,2025-06-15,2025-06-21,Pune,DTDC,In Transit
11225,13141,2024-08-27,2024-08-31,Pune,Ekart,Delivered
11226,13142,2024-06-17,2024-06-18,Mumbai,Delhivery,Delivered
11227,13143,2025-08-01,2025-08-03,Indore,Ekart,Delayed
11228,13145,2023-09-17,2023-09-21,Pune,Delhivery,Delivered
11229,13146,2025-03-11,2025-03-14,Lucknow,Ekart,Delivered
11230,13147,2023-10-09,2023-10-11,Hyderabad,Delhivery,Delivered
11231,13149,2025-01-24,2025-01-27,Nagpur,IndiaPost,Delivered
11232,13150,2022-11-11,2022-11-18,Jaipur,Ekart,In Transit
11233,13151,2023-02-27,2023-03-01,Surat,Delhivery,Delivered
11234,13152,2023-03-01,2023-03-05,Surat,IndiaPost,In Transit
11235,13153,2024-09-17,2024-09-21,Ahmedabad,Ekart,Delivered
11236,13154,2023-07-15,2023-07-19,Ahmedabad,Delhivery,Delivered
11237,13155,2025-06-12,2025-06-18,Chennai,Ekart,Delivered
11238,13156,2024-10-18,2024-10-20,Indore,Ekart,Delivered
11239,13158,2022-09-29,2022-10-05,Mumbai,Delhivery,Delivered
11240,13159,2024-11-04,2024-11-11,Chennai,Delhivery,Delivered
11241,13161,2023-03-19,2023-03-21,Surat,Ekart,Delivered
11242,13162,2022-03-26,2022-03-28,Chandigarh,Ekart,Delivered
11243,13163,2022-04-20,2022-04-26,Chennai,Ekart,Delivered
11244,13164,2022-09-27,2022-10-01,Pune,Ekart,Delivered
11245,13165,2024-01-11,2024-01-15,Chandigarh,Ekart,Delivered
11246,13166,2025-06-12,2025-06-19,Delhi,DTDC,Delivered
11247,13167,2024-01-19,2024-01-22,Surat,DTDC,Delivered
11248,13168,2023-05-14,2023-05-19,Chennai,Delhivery,Delivered
11249,13169,2023-02-18,2023-02-21,Chennai,IndiaPost,Delivered
11250,13170,2025-01-09,2025-01-16,Indore,IndiaPost,Delivered
11251,13172,2025-05-29,2025-05-30,Delhi,BlueDart,Delivered
11252,13173,2025-05-02,2025-05-04,Surat,BlueDart,Delivered
11253,13174,2025-08-26,2025-08-28,Mumbai,Delhivery,In Transit
11254,13175,2022-12-05,2022-12-12,Nagpur,Ekart,In Transit
11255,13176,2022-10-31,2022-11-01,Indore,DTDC,Delivered
11256,13177,2023-10-11,2023-10-15,Chandigarh,Ekart,Delivered
11257,13178,2024-04-26,2024-05-01,Surat,IndiaPost,Delivered
11258,13179,2024-01-16,2024-01-20,Chandigarh,Ekart,Delivered
11259,13180,2024-12-15,2024-12-19,Jaipur,Delhivery,Delivered
11260,13181,2023-02-28,2023-03-06,Kochi,DTDC,In Transit
11261,13182,2025-06-20,2025-06-24,Surat,Delhivery,Delivered
11262,13183,2025-11-02,2025-11-03,Kochi,Ekart,Delivered
11263,13185,2025-04-01,2025-04-06,Indore,DTDC,Delivered
11264,13187,2025-06-09,2025-06-16,Nagpur,Delhivery,Delivered
11265,13188,2024-09-07,2024-09-12,Indore,Ekart,Delivered
11266,13189,2022-09-20,2022-09-22,Lucknow,BlueDart,Delivered
11267,13190,2022-05-01,2022-05-08,Nagpur,Delhivery,Delivered
11268,13191,2024-10-19,2024-10-25,Nagpur,Delhivery,Delivered
11269,13192,2022-08-26,2022-08-27,Chandigarh,Delhivery,In Transit
11270,13194,2023-12-05,2023-12-10,Nagpur,DTDC,Delivered
11271,13195,2025-02-12,2025-02-13,Ahmedabad,IndiaPost,Delivered
